X-data:	uhfli - Oscillators - Frequency 1	Hz
Y-data:	I-meas	A
Parameter #1 (next row contains parameters values):	DC12-G1	
-3.125000000e+00	-3.126500000e+00	-3.128000000e+00	-3.129500000e+00	-3.131000000e+00	-3.132500000e+00	-3.134000000e+00	-3.135500000e+00	-3.137000000e+00	-3.138500000e+00	-3.140000000e+00	-3.141500000e+00	-3.143000000e+00	-3.144500000e+00	-3.146000000e+00	-3.147500000e+00	-3.149000000e+00	-3.150500000e+00	-3.152000000e+00	-3.153500000e+00	-3.155000000e+00	-3.156500000e+00	-3.158000000e+00	-3.159500000e+00	-3.161000000e+00	-3.162500000e+00	-3.164000000e+00	-3.165500000e+00	-3.167000000e+00	-3.168500000e+00	-3.170000000e+00	-3.171500000e+00	-3.173000000e+00	-3.174500000e+00	-3.176000000e+00	-3.177500000e+00	-3.179000000e+00	-3.180500000e+00	-3.182000000e+00	-3.183500000e+00	-3.185000000e+00	-3.186500000e+00	-3.188000000e+00	-3.189500000e+00	-3.191000000e+00	-3.192500000e+00	-3.194000000e+00	-3.195500000e+00	-3.197000000e+00	-3.198500000e+00	-3.200000000e+00	-3.201500000e+00	-3.203000000e+00	-3.204500000e+00	-3.206000000e+00	-3.207500000e+00	-3.209000000e+00	-3.210500000e+00	-3.212000000e+00	-3.213500000e+00	-3.215000000e+00	-3.216500000e+00	-3.218000000e+00	-3.219500000e+00	-3.221000000e+00	-3.222500000e+00	-3.224000000e+00	-3.225500000e+00	-3.227000000e+00	-3.228500000e+00	-3.230000000e+00	-3.231500000e+00	-3.233000000e+00	-3.234500000e+00	-3.236000000e+00	-3.237500000e+00	-3.239000000e+00	-3.240500000e+00	-3.242000000e+00	-3.243500000e+00	-3.245000000e+00	-3.246500000e+00	-3.248000000e+00	-3.249500000e+00	-3.251000000e+00	-3.252500000e+00	-3.254000000e+00	-3.255500000e+00	-3.257000000e+00	-3.258500000e+00	-3.260000000e+00	-3.261500000e+00	-3.263000000e+00	-3.264500000e+00	-3.266000000e+00	-3.267500000e+00	-3.269000000e+00	-3.270500000e+00	-3.272000000e+00	-3.273500000e+00	-3.275000000e+00	-3.276500000e+00	-3.278000000e+00	-3.279500000e+00	-3.281000000e+00	-3.282500000e+00	-3.284000000e+00	-3.285500000e+00	-3.287000000e+00	-3.288500000e+00	-3.290000000e+00	-3.291500000e+00	-3.293000000e+00	-3.294500000e+00	-3.296000000e+00	-3.297500000e+00	-3.299000000e+00	-3.300500000e+00	-3.302000000e+00	-3.303500000e+00	-3.305000000e+00	-3.306500000e+00	-3.308000000e+00	-3.309500000e+00	-3.311000000e+00	-3.312500000e+00	-3.314000000e+00	-3.315500000e+00	-3.317000000e+00	-3.318500000e+00	-3.320000000e+00	-3.321500000e+00	-3.323000000e+00	-3.324500000e+00	-3.326000000e+00	-3.327500000e+00	-3.329000000e+00	-3.330500000e+00	-3.332000000e+00	-3.333500000e+00	-3.335000000e+00	-3.336500000e+00	-3.338000000e+00	-3.339500000e+00	-3.341000000e+00	-3.342500000e+00	-3.344000000e+00	-3.345500000e+00	-3.347000000e+00	-3.348500000e+00	-3.350000000e+00	-3.351500000e+00	-3.353000000e+00	-3.354500000e+00	-3.356000000e+00	-3.357500000e+00	-3.359000000e+00	-3.360500000e+00	-3.362000000e+00	-3.363500000e+00	-3.365000000e+00	-3.366500000e+00	-3.368000000e+00	-3.369500000e+00	-3.371000000e+00	-3.372500000e+00	-3.374000000e+00	-3.375500000e+00	-3.377000000e+00	-3.378500000e+00	-3.380000000e+00	-3.381500000e+00	-3.383000000e+00	-3.384500000e+00	-3.386000000e+00	-3.387500000e+00	-3.389000000e+00	-3.390500000e+00	-3.392000000e+00	-3.393500000e+00	-3.395000000e+00	-3.396500000e+00	-3.398000000e+00	-3.399500000e+00	-3.401000000e+00	-3.402500000e+00	-3.404000000e+00	-3.405500000e+00	-3.407000000e+00	-3.408500000e+00	-3.410000000e+00	-3.411500000e+00	-3.413000000e+00	-3.414500000e+00	-3.416000000e+00	-3.417500000e+00	-3.419000000e+00	-3.420500000e+00	-3.422000000e+00	-3.423500000e+00	-3.425000000e+00
First row is x-data, the following rows are y-data
3.050000000e+08	3.049000000e+08	3.048000000e+08	3.047000000e+08	3.046000000e+08	3.045000000e+08	3.044000000e+08	3.043000000e+08	3.042000000e+08	3.041000000e+08	3.040000000e+08	3.039000000e+08	3.038000000e+08	3.037000000e+08	3.036000000e+08	3.035000000e+08	3.034000000e+08	3.033000000e+08	3.032000000e+08	3.031000000e+08	3.030000000e+08	3.029000000e+08	3.028000000e+08	3.027000000e+08	3.026000000e+08	3.025000000e+08	3.024000000e+08	3.023000000e+08	3.022000000e+08	3.021000000e+08	3.020000000e+08	3.019000000e+08	3.018000000e+08	3.017000000e+08	3.016000000e+08	3.015000000e+08	3.014000000e+08	3.013000000e+08	3.012000000e+08	3.011000000e+08	3.010000000e+08	3.009000000e+08	3.008000000e+08	3.007000000e+08	3.006000000e+08	3.005000000e+08	3.004000000e+08	3.003000000e+08	3.002000000e+08	3.001000000e+08	3.000000000e+08	2.999000000e+08	2.998000000e+08	2.997000000e+08	2.996000000e+08	2.995000000e+08	2.994000000e+08	2.993000000e+08	2.992000000e+08	2.991000000e+08	2.990000000e+08	2.989000000e+08	2.988000000e+08	2.987000000e+08	2.986000000e+08	2.985000000e+08	2.984000000e+08	2.983000000e+08	2.982000000e+08	2.981000000e+08	2.980000000e+08	2.979000000e+08	2.978000000e+08	2.977000000e+08	2.976000000e+08	2.975000000e+08	2.974000000e+08	2.973000000e+08	2.972000000e+08	2.971000000e+08	2.970000000e+08	2.969000000e+08	2.968000000e+08	2.967000000e+08	2.966000000e+08	2.965000000e+08	2.964000000e+08	2.963000000e+08	2.962000000e+08	2.961000000e+08	2.960000000e+08	2.959000000e+08	2.958000000e+08	2.957000000e+08	2.956000000e+08	2.955000000e+08	2.954000000e+08	2.953000000e+08	2.952000000e+08	2.951000000e+08	2.950000000e+08	2.949000000e+08	2.948000000e+08	2.947000000e+08	2.946000000e+08	2.945000000e+08	2.944000000e+08	2.943000000e+08	2.942000000e+08	2.941000000e+08	2.940000000e+08	2.939000000e+08	2.938000000e+08	2.937000000e+08	2.936000000e+08	2.935000000e+08	2.934000000e+08	2.933000000e+08	2.932000000e+08	2.931000000e+08	2.930000000e+08	2.929000000e+08	2.928000000e+08	2.927000000e+08	2.926000000e+08	2.925000000e+08	2.924000000e+08	2.923000000e+08	2.922000000e+08	2.921000000e+08	2.920000000e+08	2.919000000e+08	2.918000000e+08	2.917000000e+08	2.916000000e+08	2.915000000e+08	2.914000000e+08	2.913000000e+08	2.912000000e+08	2.911000000e+08	2.910000000e+08	2.909000000e+08	2.908000000e+08	2.907000000e+08	2.906000000e+08	2.905000000e+08	2.904000000e+08	2.903000000e+08	2.902000000e+08	2.901000000e+08	2.900000000e+08	2.899000000e+08	2.898000000e+08	2.897000000e+08	2.896000000e+08	2.895000000e+08	2.894000000e+08	2.893000000e+08	2.892000000e+08	2.891000000e+08	2.890000000e+08	2.889000000e+08	2.888000000e+08	2.887000000e+08	2.886000000e+08	2.885000000e+08	2.884000000e+08	2.883000000e+08	2.882000000e+08	2.881000000e+08	2.880000000e+08	2.879000000e+08	2.878000000e+08	2.877000000e+08	2.876000000e+08	2.875000000e+08	2.874000000e+08	2.873000000e+08	2.872000000e+08	2.871000000e+08	2.870000000e+08	2.869000000e+08	2.868000000e+08	2.867000000e+08	2.866000000e+08	2.865000000e+08	2.864000000e+08	2.863000000e+08	2.862000000e+08	2.861000000e+08	2.860000000e+08	2.859000000e+08	2.858000000e+08	2.857000000e+08	2.856000000e+08	2.855000000e+08	2.854000000e+08	2.853000000e+08	2.852000000e+08	2.851000000e+08	2.850000000e+08	2.849000000e+08	2.848000000e+08	2.847000000e+08	2.846000000e+08	2.845000000e+08	2.844000000e+08	2.843000000e+08	2.842000000e+08	2.841000000e+08	2.840000000e+08	2.839000000e+08	2.838000000e+08	2.837000000e+08	2.836000000e+08	2.835000000e+08	2.834000000e+08	2.833000000e+08	2.832000000e+08	2.831000000e+08	2.830000000e+08	2.829000000e+08	2.828000000e+08	2.827000000e+08	2.826000000e+08	2.825000000e+08	2.824000000e+08	2.823000000e+08	2.822000000e+08	2.821000000e+08	2.820000000e+08	2.819000000e+08	2.818000000e+08	2.817000000e+08	2.816000000e+08	2.815000000e+08	2.814000000e+08	2.813000000e+08	2.812000000e+08	2.811000000e+08	2.810000000e+08	2.809000000e+08	2.808000000e+08	2.807000000e+08	2.806000000e+08	2.805000000e+08	2.804000000e+08	2.803000000e+08	2.802000000e+08	2.801000000e+08	2.800000000e+08
3.461130666e-13	6.114438107e-13	2.407644781e-13	5.787390271e-14	-2.622411217e-14	1.250920293e-13	2.854509681e-13	4.494270258e-13	3.737689550e-13	3.956223818e-13	4.991624109e-13	4.354860466e-13	1.382040854e-13	2.443815970e-13	6.724073358e-13	3.134836397e-13	6.099366778e-13	1.764852606e-13	6.024763700e-13	2.146157226e-13	7.241773504e-14	1.843977083e-13	1.179331481e-13	3.916284797e-13	2.871088142e-13	5.246329566e-13	3.994655707e-13	7.165663293e-13	3.247117797e-13	3.808524796e-13	6.926782731e-13	4.391031655e-13	1.190182838e-12	1.115579760e-12	9.630579123e-13	6.854440353e-13	8.632103588e-13	1.063282249e-12	8.549211280e-13	6.683380770e-13	1.034948151e-12	6.152869995e-13	5.739915585e-13	6.545478112e-13	8.307316452e-13	6.019488735e-13	6.071484820e-13	8.232713374e-13	9.082736320e-13	6.255355032e-13	6.090323981e-13	6.805458534e-13	3.774614306e-13	4.211682842e-13	1.003901213e-12	6.386475592e-13	5.357857400e-13	5.339771805e-13	8.141531835e-13	6.171709157e-13	6.688655735e-13	7.654727914e-13	8.357051837e-13	8.944833662e-13	8.705953100e-13	8.558254077e-13	9.084243453e-13	1.108873019e-12	5.719569292e-13	7.820512531e-13	-6.638920350e-14	3.047422690e-13	6.329958109e-13	1.615646451e-13	2.332288137e-13	3.867302978e-13	7.960675889e-13	6.718798393e-13	5.811504397e-13	8.217642045e-13	1.057253718e-12	1.085211033e-12	7.482161198e-13	1.127184683e-12	9.540904717e-13	3.920052629e-13	1.921594426e-13	4.564351937e-13	1.689495962e-13	3.128807865e-13	-2.321738206e-13	1.850759181e-13	3.579440597e-14	-1.119046166e-13	-1.605096521e-13	1.080614277e-13	3.638972346e-13	1.116031900e-13	2.131839463e-13	9.395466394e-13	7.592181899e-13	3.059479753e-13	5.853704118e-13	2.826627722e-13	4.300603682e-13	4.048912491e-13	1.957012049e-13	1.431776239e-14	-1.853773446e-14	4.712804526e-13	3.082840312e-13	-4.973538514e-15	1.379026588e-14	-1.301409245e-13	-3.180050383e-14	2.082857645e-13	1.416704910e-14	1.343608965e-13	3.438523673e-13	2.868827443e-13	1.246398894e-13	4.320949976e-13	4.215450674e-13	5.217694041e-13	4.618608720e-13	7.745909453e-13	8.766991981e-13	-8.236481206e-14	4.564351937e-13	-1.559882534e-14	-5.342786071e-14	8.892084011e-14	-2.718867721e-13	-1.449108267e-13	2.498072754e-13	-1.694770927e-13	9.894327378e-14	2.724896253e-13	2.109232470e-13	1.647296241e-13	2.734692616e-13	5.634416284e-13	3.226017936e-13	1.327030504e-13	-4.015002001e-13	1.054993018e-15	-2.780660169e-14	1.363201693e-13	3.235814300e-13	1.469454561e-13	2.999948004e-13	-2.879377373e-13	7.354808470e-14	1.318741273e-14	2.292349115e-13	-2.119782400e-13	-3.171761153e-13	-2.181574848e-13	-6.837861891e-13	-5.342786071e-13	-7.824280363e-13	-7.112160076e-13	-5.416635582e-13	-3.935877524e-13	-5.672848172e-13	3.829843190e-11	4.495702034e-11	1.397360860e-11	2.850138995e-12	1.155217355e-13	-1.413690644e-13	-5.840139922e-14	-2.999194437e-14	-6.322422445e-14	2.631454014e-13	-1.727927851e-13	5.161930125e-14	4.348831934e-13	-8.681085407e-14	-5.706758662e-13	-4.307385780e-13	-3.577933465e-13	1.307437776e-13	1.427254840e-13	7.309594483e-14	-2.406891214e-13	-2.235078066e-13	-5.139323132e-14	-3.752760879e-13	-3.382759756e-13	3.522923114e-13	8.213874213e-15	2.535751076e-13	3.563615702e-13	-1.148435257e-13	4.831114457e-13	6.641181050e-13	2.978094577e-13	1.081292487e-12	7.768516446e-13	8.551471979e-13	3.537994443e-13	-5.229751105e-14	3.629175983e-13	1.202692041e-13	-1.317987706e-13	1.935158622e-13	9.479865835e-14	3.244857097e-13	3.358645630e-13	3.330763672e-13	5.893643140e-13	7.216905811e-13	4.322457109e-13	6.221444542e-13	4.876328443e-13	-1.086642809e-13	-1.999965336e-13	-1.585503793e-13	-1.313466308e-13	-5.342786071e-14	-3.313431644e-13	3.273492622e-13	-2.094161141e-13	-1.300655678e-13	-5.350321735e-15	-1.284830783e-13	-3.857506614e-13	8.515300790e-14	3.064754718e-13	1.477743792e-13	-2.069293449e-13	-4.129544100e-14	1.543304072e-13	2.204181842e-13	-1.006764766e-13	8.522836454e-14	2.208703240e-13	-8.500229461e-14	3.015772899e-13	1.675931766e-13	6.156637828e-14	-8.892084011e-15	4.775350540e-13	1.198170642e-13	9.253795903e-14	-1.235095398e-13	1.021082528e-13	-2.987137374e-13	-2.911027164e-13	1.262977356e-13
-1.907276664e-13	3.155936257e-13	1.674424633e-13	-5.907960902e-14	2.185342681e-13	-1.392590784e-13	2.493551355e-13	2.299884780e-13	-4.256143262e-13	4.702254595e-14	-1.039168123e-13	3.824349691e-13	1.972083378e-13	-2.183835548e-13	-1.642774843e-13	-9.080475621e-14	-9.193510587e-15	-4.999159773e-13	-6.155130695e-13	-5.504802856e-13	-4.352599767e-13	-3.878606475e-13	-2.131839463e-13	-3.590744094e-13	-1.753549110e-13	1.052732319e-13	3.415163113e-13	-4.765554177e-13	1.427254840e-13	2.247135129e-13	2.138621561e-13	-4.169483121e-13	3.134836397e-13	-3.739196683e-13	-2.547054573e-13	2.376748557e-13	1.024096794e-13	5.422664114e-13	4.333760606e-13	-3.017280032e-13	-2.457380166e-13	-3.399338218e-13	8.907155339e-14	5.516106352e-14	-8.914691004e-14	2.870334576e-13	4.395553054e-13	2.241106597e-13	1.675931766e-13	1.047457354e-14	-2.445323103e-13	-3.198889544e-13	-3.360906329e-13	-1.233588265e-13	-6.015720903e-13	-4.386510256e-13	-6.066209855e-14	-9.042797299e-13	-6.250833633e-13	-5.100891243e-13	-3.492026890e-13	-4.966756416e-13	-3.822842558e-13	-4.489748859e-13	-7.394747491e-13	-6.042849295e-13	-5.019506067e-13	-2.336055969e-13	-8.703692400e-14	-4.900442570e-13	-5.361625232e-13	-1.868844775e-13	-2.012022399e-14	-3.707546893e-13	-3.519908849e-13	-2.717360588e-13	-5.950160623e-13	-3.269724790e-13	-3.326995840e-13	-2.620150517e-13	-3.573412066e-13	-3.885388573e-13	-8.168660227e-14	-5.966739084e-13	-7.933547497e-13	-6.619327623e-13	-6.885336577e-13	-5.140830264e-13	-2.804020729e-13	-6.971243151e-13	-6.422646782e-13	-4.370685361e-15	2.733939050e-13	1.874119740e-13	-2.782920869e-13	-5.010463270e-13	8.771513380e-14	-3.857506614e-13	-7.377415463e-14	4.596755294e-15	1.519189946e-13	3.047422690e-13	1.987154706e-13	3.246364230e-13	8.105360646e-13	7.315623015e-13	2.531983244e-14	4.993131242e-13	3.133329264e-13	3.165732621e-13	2.544793873e-13	1.127335397e-13	-1.420472742e-13	-7.799412670e-14	-1.927622958e-13	-7.867233650e-14	-1.416704910e-13	6.113684541e-13	2.917055695e-13	5.510077821e-13	5.650994745e-13	4.847692919e-13	7.563546374e-13	2.596789958e-13	1.989415406e-13	-1.259963090e-13	4.366163962e-13	1.363955259e-13	6.878554479e-13	1.382040854e-13	5.720322858e-13	3.510112485e-13	4.091865778e-14	6.586170699e-14	4.278750255e-13	6.265904962e-13	2.125810932e-13	-4.310400046e-14	7.128738537e-14	3.302128147e-13	-1.291612881e-13	6.351811536e-13	2.274263521e-13	2.725649819e-13	3.248624930e-13	4.976552780e-13	2.810802827e-13	-8.967440655e-15	1.976604776e-13	2.494304922e-14	-2.633714713e-13	-9.468562338e-13	-3.404613183e-13	-6.646456015e-14	-1.351898196e-13	2.921577094e-13	8.311837851e-14	1.789720299e-13	2.652553874e-13	1.152956656e-13	-1.047457354e-14	-4.736918652e-13	2.572675832e-13	1.553854003e-13	2.469437229e-13	4.616204843e-11	5.351233551e-11	1.093756476e-11	2.091372945e-12	1.580831681e-12	7.195805951e-13	6.733116155e-13	6.684887903e-13	5.702237263e-13	2.003733168e-13	4.293821584e-13	2.343591633e-13	5.017245368e-13	4.337528438e-13	3.318706609e-13	3.238074999e-13	4.664576273e-13	6.250833633e-13	7.954647357e-13	5.962217686e-13	8.945587228e-13	7.623831689e-13	6.042849295e-13	5.614823556e-13	6.383461327e-13	3.465652065e-13	3.762557243e-13	5.761769012e-13	1.001113018e-12	5.391014323e-13	6.008938805e-13	1.506379317e-13	3.899706335e-13	-1.375258756e-13	1.194402810e-13	-2.826627722e-13	-3.654797242e-14	-3.008237235e-13	-7.136274202e-14	-2.815324226e-13	-2.351880864e-13	6.782097974e-16	-3.935877524e-13	-3.580194164e-13	-1.564403933e-13	-1.375258756e-13	2.868073877e-13	6.571099371e-14	-1.619414283e-13	1.126581830e-13	5.629141319e-14	1.454383232e-13	7.535664416e-15	-3.013512200e-13	3.255407028e-13	4.343556969e-13	1.589271625e-13	3.675143536e-13	9.879256049e-14	8.011164840e-13	7.181488188e-14	-9.653186117e-14	-2.198153310e-13	-6.458064404e-14	7.882304979e-14	5.681890969e-14	3.585469129e-13	1.158985187e-13	6.615559791e-13	3.335285070e-13	4.408363683e-13	-1.145420991e-14	-5.041359494e-14	-3.850724516e-14	1.201184908e-13	-2.629946881e-14	1.887683936e-13	3.316445909e-13	9.841577727e-14	2.985630242e-13	-2.109232470e-13	-4.183800884e-13	1.092671340e-13	8.641146386e-13	2.414426879e-13	-5.651748312e-15
5.314150546e-13	4.352599767e-13	4.674372637e-13	4.515370118e-13	4.290807318e-13	4.917774598e-13	3.812292628e-13	2.036136525e-13	3.610336822e-13	3.805510530e-13	1.062528683e-14	1.426501274e-13	3.799481998e-13	-6.744419652e-14	9.683328774e-14	3.231292901e-13	2.440048138e-13	-3.641986612e-13	-2.866566744e-13	-3.149907726e-14	1.499597219e-13	-1.221531202e-13	2.960008983e-13	6.149102163e-14	-6.774562310e-14	-2.689478630e-13	-1.149942390e-13	1.257702391e-13	1.387315819e-13	-8.741370722e-15	1.062528683e-14	4.242579066e-14	-6.593706364e-14	3.873331510e-14	-4.639708581e-13	-2.856016814e-14	-2.644264643e-13	-1.517682813e-13	-4.491255992e-13	-3.522923114e-13	-2.211717506e-13	-3.021801431e-14	-4.928324528e-14	-4.732397253e-14	-1.270513020e-13	-9.216117580e-14	1.672917500e-14	1.010532598e-13	2.195139044e-13	6.038327896e-13	1.669903235e-13	1.794995264e-13	-2.473205061e-13	3.924574028e-13	2.950212619e-13	2.421962543e-13	1.544811205e-13	2.282552752e-13	6.707494896e-13	7.251569867e-13	5.654762578e-13	6.262890696e-13	3.183064649e-13	7.684870571e-13	6.204112513e-13	1.186113579e-13	5.910221601e-13	2.583979328e-13	3.122025767e-13	3.230539335e-13	3.278014021e-13	7.143809866e-14	5.214679776e-13	7.421875883e-13	-6.571099371e-14	-1.125074697e-13	-2.215485338e-14	4.755004246e-14	-3.787424935e-13	5.712033627e-14	-2.041411490e-13	3.634450948e-13	1.895219601e-13	-1.851512747e-13	-3.781396404e-13	-5.588448731e-13	-4.186061583e-13	-4.811521729e-13	-1.194402810e-13	-2.774631638e-13	-3.968280881e-13	-4.280257388e-14	-1.509393582e-13	-2.715099889e-13	-3.866549412e-13	-3.769339341e-13	6.118959506e-14	-4.008973469e-14	-1.435544071e-13	3.767832208e-16	-4.829607324e-13	-2.577950797e-13	2.584732895e-14	-1.580228828e-13	-1.898987433e-14	3.097158075e-14	-7.151345531e-14	1.220024069e-13	-1.906523097e-13	1.622428549e-13	9.170903594e-14	-5.570363136e-13	-3.517648149e-13	-3.909502699e-13	-2.466422963e-13	-6.310365382e-13	-1.489800855e-13	-3.775367872e-13	-4.378221026e-13	-2.116014568e-13	-4.739932918e-13	4.467141866e-13	2.895955835e-13	3.449073603e-13	2.584732895e-14	-1.535014841e-13	-2.363184361e-13	-3.390295421e-13	2.852248981e-13	-4.046651791e-14	1.507886450e-13	1.923855125e-13	2.455873033e-13	3.066261851e-13	-1.969069112e-13	-2.232063800e-13	3.596019059e-13	1.568925331e-13	3.271231923e-13	-3.918545496e-14	-2.303652612e-13	9.050332963e-14	3.815306894e-13	2.978848144e-13	8.046582463e-13	1.279555818e-13	4.933599493e-13	2.270495688e-13	1.547071905e-13	-6.164173492e-14	5.214679776e-14	2.865059611e-13	5.434721177e-13	5.689426634e-13	4.705268861e-13	5.222215440e-14	-1.617907150e-13	-4.250114730e-13	-5.252358098e-14	-5.885353909e-14	1.106989103e-13	4.694718931e-13	-3.767832208e-14	2.413673312e-13	5.684151669e-13	5.080416843e-11	6.052140769e-11	7.619611717e-12	2.410432977e-12	8.692388904e-13	8.143792534e-13	5.257633063e-13	9.219131846e-13	7.112160076e-13	6.635152518e-13	8.490433097e-13	7.589167633e-13	1.057856571e-12	5.843154188e-13	8.146053233e-13	6.956925389e-13	7.870247916e-13	8.914691004e-14	4.564351937e-13	6.518349720e-14	2.902737933e-13	4.413638648e-13	6.228226640e-13	6.223705241e-13	6.259876430e-13	3.401598917e-13	4.459606201e-13	3.461884233e-13	7.769270013e-14	3.835653188e-13	1.039921689e-14	2.581718629e-13	8.605728763e-14	3.651782976e-13	1.483018757e-13	1.378273022e-13	4.111458505e-13	3.245610664e-13	6.367636431e-13	9.118153943e-15	4.355614032e-14	7.663770711e-14	2.071554148e-13	1.864323376e-13	4.085837246e-13	-1.486786589e-13	3.624654584e-14	2.883898772e-13	4.009727036e-13	1.911044496e-13	3.152168425e-13	3.183818216e-13	4.641969280e-14	5.052662991e-13	2.693246462e-13	1.693263794e-13	2.783674435e-13	-8.560514776e-14	1.314973441e-13	1.586257360e-13	3.796467733e-13	1.909537363e-13	1.436297638e-13	1.121306865e-13	3.247117797e-13	3.109968704e-13	4.001437805e-14	5.817532929e-14	3.011251501e-13	5.736901320e-13	1.911044496e-13	2.111493169e-13	1.999211770e-13	3.709807592e-13	-2.519926181e-13	-1.220777635e-13	8.763977716e-14	-5.644212647e-14	1.175563649e-14	3.669868570e-13	-1.483018757e-13	-7.588414067e-14	-3.873331510e-14	-4.506327321e-14	-2.045179322e-13	-8.763977716e-14
3.692475564e-15	-1.544811205e-14	9.773756747e-14	1.443833302e-13	5.998388875e-14	3.981845077e-13	3.195121712e-13	4.978059913e-13	1.911798062e-13	5.115962572e-13	6.279469158e-13	-1.741492046e-13	-7.912447637e-14	1.905769531e-13	2.810802827e-14	-4.898181870e-15	-1.344362532e-13	2.839438352e-13	2.328520304e-13	1.536521974e-13	2.638989678e-13	9.547686815e-14	5.455067471e-13	2.479233593e-13	4.520645083e-13	4.223739905e-13	6.902668605e-14	1.261470223e-13	-6.962953920e-14	-6.371404264e-13	-2.586993594e-13	1.899740999e-13	2.448337369e-13	1.560636101e-13	-5.207144111e-14	1.727927851e-13	5.585434465e-13	4.244839765e-13	1.086642809e-13	2.216992471e-13	5.227490405e-13	5.954682021e-13	9.321616882e-14	6.171709157e-14	3.593004793e-13	2.110739603e-13	1.290105748e-13	2.406891214e-13	5.573377402e-13	3.051190522e-13	-2.632961147e-13	-1.181592180e-13	1.914058762e-14	-2.174039184e-13	-4.068505218e-13	2.864306044e-13	6.112930974e-13	-7.663770711e-14	1.553100436e-13	4.047405358e-13	3.946427455e-13	4.944149423e-13	2.194385478e-13	-1.966808413e-14	-1.703060158e-13	-3.684186333e-13	5.606534325e-14	-2.853002548e-13	-4.023291232e-13	-3.833392488e-13	-3.932863259e-13	-3.042901291e-13	-2.323245339e-13	-6.329958109e-15	-5.946392790e-13	9.118153943e-15	-3.265203391e-13	-3.776875005e-13	-4.412131515e-13	-2.644264643e-13	-3.187586048e-13	-6.476149999e-13	-4.386510256e-13	-1.642021276e-13	-1.296887846e-13	1.246398894e-13	-2.068539882e-13	-4.339789137e-13	-2.486769257e-13	-4.274228857e-13	-5.706005096e-13	-3.112229404e-13	-3.784410670e-13	-6.449021607e-13	-1.158985187e-13	-2.296870514e-13	-3.060986886e-13	2.468683663e-13	-5.764783278e-14	-2.917055695e-13	8.560514776e-14	-9.236463874e-13	-1.837948551e-13	-2.663857371e-13	-1.210303062e-12	-2.663103805e-13	-1.372998057e-13	-2.862045345e-13	-3.791946334e-13	-6.036067197e-14	-4.459606201e-13	-6.277208458e-14	-1.019575395e-13	1.899740999e-13	-2.345098766e-13	-5.082805648e-13	-5.446778240e-13	-2.677421567e-13	-3.036119193e-13	-4.907978234e-13	-4.647244245e-13	-2.978848144e-13	-1.886930370e-13	-4.685676134e-13	6.661527344e-14	2.260699325e-13	1.074585746e-13	-7.033789166e-13	-2.271249255e-13	-5.874803979e-13	-1.974344077e-13	-6.497249859e-13	-3.409134582e-13	-1.352651763e-13	-3.825856824e-13	-3.279521154e-13	-4.449056271e-13	-1.578721695e-13	-6.676598672e-13	-6.027777966e-13	-6.681873637e-13	-6.705987764e-13	-8.048843162e-13	-4.542498510e-13	-9.219131846e-13	-3.747485914e-13	-4.146876128e-13	-6.733869722e-13	-2.117521701e-13	-6.495742726e-14	-1.993183238e-13	-4.265186059e-13	3.569644234e-13	-1.840962817e-13	-2.297624080e-13	-6.206373213e-13	1.213241971e-14	-4.828853758e-13	-1.751288410e-13	-4.342803403e-13	-4.713558092e-13	-4.942642290e-13	-6.636659651e-13	-5.205636978e-13	-7.563546374e-13	5.342665500e-11	6.568024819e-11	6.536284601e-12	1.963869503e-12	2.595282825e-13	5.920771531e-13	1.611878619e-13	-5.054170124e-13	-2.955487584e-13	-2.991658773e-13	-4.018769833e-13	1.849252048e-13	-2.274263521e-13	-2.782920869e-13	-5.415128449e-13	-2.259945758e-13	-4.571887601e-13	-2.044425756e-13	-4.310400046e-13	-4.820564527e-13	-5.949407056e-13	-8.733835058e-14	-1.235095398e-13	-4.510848719e-13	-4.479198929e-13	-3.090375977e-13	-5.076023550e-13	-8.971962053e-13	-8.436929880e-13	-7.798659104e-13	-8.047336030e-13	-6.816008464e-13	-6.320161746e-13	-4.383495991e-13	-8.731574359e-13	-1.161848740e-12	-3.803249831e-13	-3.409134582e-13	-4.937367325e-13	-2.773124505e-13	-4.710543826e-13	-1.042935955e-13	-3.916284797e-13	-3.828871090e-13	4.231275569e-13	-1.672917500e-13	-5.201869146e-13	-1.876380440e-13	-2.863552478e-13	1.639007010e-13	-8.688621071e-14	-4.391785222e-13	-2.077582679e-13	-5.467878100e-13	-4.201886478e-13	-6.279469158e-13	-3.112229404e-13	-4.421927879e-13	-3.507851786e-13	-5.137062432e-13	-3.211700174e-13	-8.507011559e-13	-7.193545251e-13	-4.033841162e-13	-2.798745764e-13	-4.065490952e-13	-7.543200080e-14	-1.088149942e-13	-2.742981847e-13	-4.798711100e-13	-4.570380468e-13	-3.150661292e-13	-4.621622986e-13	-5.628387752e-13	-1.798763096e-13	-6.126495170e-13	-5.251604531e-13	-3.551558639e-13	-3.363920595e-13	-6.033052931e-13	-3.980337944e-13	-3.813046194e-14	-3.858260181e-14	-2.434019606e-13	-4.926817395e-13	-4.947163689e-13
-9.494937164e-13	-9.054854362e-13	-7.540185814e-13	-7.695420501e-13	-7.048106928e-13	-4.717325924e-13	-6.831079793e-13	-6.277962025e-13	-8.231206241e-13	-9.662228914e-13	-6.262137129e-13	-4.794189701e-13	-7.757966516e-13	-1.110606222e-12	-3.977323679e-13	-4.858996415e-13	-1.959272748e-13	2.904245066e-13	-1.433283372e-13	-3.485998359e-13	-9.630579123e-14	-8.206338549e-14	1.773895403e-13	-6.706741330e-14	1.006764766e-13	-9.336688211e-14	4.378221026e-14	-6.350304403e-13	-4.538730678e-13	-4.628405084e-13	-3.128807865e-13	-3.561355003e-13	9.932005700e-14	-1.321755539e-13	7.912447637e-14	7.075988886e-14	-9.133225272e-14	-2.771617372e-13	-1.860555544e-13	-2.828134855e-13	-5.744436984e-13	-1.050923759e-12	-5.553784674e-13	-6.425661047e-13	-9.012654641e-14	-2.351880864e-13	-1.899740999e-13	2.143896526e-13	1.336826867e-13	2.282552752e-13	3.865042279e-13	3.208685908e-13	1.204952740e-13	4.774596974e-13	8.002875610e-14	-3.095650942e-13	-3.712068291e-13	-1.363955259e-13	-4.323964242e-13	7.384951127e-14	2.473205061e-13	-3.806264096e-13	-4.144615429e-14	3.210193041e-14	-4.515370118e-13	-5.230504671e-13	-3.282535420e-13	-1.806298760e-13	5.153640894e-13	6.026270833e-13	5.107673341e-13	-9.705935768e-14	3.821335425e-13	-1.989415406e-14	-1.187620712e-13	-4.446042005e-15	-1.717377920e-13	-2.724142686e-13	-1.628457080e-13	-1.176317215e-13	1.947969251e-13	1.062528683e-13	1.454383232e-14	-1.979619042e-13	-4.504820188e-13	-2.396341284e-13	-1.570432464e-13	-1.544057639e-13	5.420403414e-13	-1.119046166e-13	1.130349662e-15	4.735411519e-13	3.220742971e-13	-2.584732895e-14	1.816848691e-13	2.387298487e-13	1.803284495e-13	-1.733202816e-15	-7.503261059e-13	-7.769270013e-14	-5.252358098e-14	-2.402369816e-13	-6.504785524e-13	-6.418878949e-13	-2.877870240e-13	-1.013546864e-13	-1.484525890e-13	-7.075988886e-14	-2.476219327e-13	-1.650310507e-13	-4.196611513e-13	-3.628422416e-13	-4.316428577e-13	-4.213189975e-13	-1.165013719e-13	-6.085049016e-13	-4.206407877e-13	4.187568716e-13	-5.222215440e-14	2.144650093e-13	1.853773446e-14	-1.348130364e-13	2.864306044e-13	2.795731498e-14	-1.587010926e-13	-1.076846445e-13	2.825120589e-13	1.802530928e-13	-6.932811263e-15	-1.061775116e-13	4.453577670e-14	1.862816244e-13	-2.604325622e-13	-1.706827990e-13	1.680453165e-13	4.167222422e-13	2.517665481e-13	5.757247614e-14	-2.221513870e-13	-2.525954712e-13	-5.174740754e-13	-1.487540156e-13	2.119782400e-13	-3.127300733e-14	-4.266693192e-13	-1.220777635e-14	-3.044408424e-13	6.335986641e-13	-3.043654858e-13	-3.829624656e-13	-6.005924539e-13	-2.257685059e-13	-7.756459383e-13	-1.119046166e-13	2.351127298e-14	-7.405297421e-13	-6.699205666e-14	-3.849217384e-13	1.275787986e-13	-5.355596700e-13	-4.030073330e-13	-3.461884233e-13	-2.975080311e-13	3.798728432e-13	3.317953042e-13	5.871804784e-11	7.418386870e-11	7.752842264e-12	2.928283835e-12	1.433509442e-12	7.159634761e-13	3.134082831e-13	-1.384301553e-13	-2.473205061e-13	4.777611240e-14	6.814501331e-13	3.696243396e-13	2.450598068e-13	1.204199174e-13	7.793384139e-13	5.284007888e-13	2.853756114e-13	6.528899650e-13	1.526725611e-13	1.878641139e-13	3.626915283e-13	3.761050110e-13	1.279555818e-13	-2.741474714e-13	1.042935955e-13	1.167274418e-13	1.648803374e-13	3.197382412e-13	-1.431776239e-13	1.434036938e-13	1.639007010e-13	-3.588483395e-13	-3.097158075e-14	-4.669097672e-13	-5.433214044e-13	2.859031079e-13	7.535664416e-16	-2.718114155e-13	-1.263730923e-13	1.114524767e-13	-6.768533778e-13	-5.625373486e-13	-5.686412368e-13	-4.192843681e-13	-2.846220450e-13	-3.325488707e-13	-3.744471648e-13	-2.028600861e-13	-2.961516115e-13	-2.358662962e-13	1.028618193e-13	-3.359399197e-13	-4.292314451e-13	-4.504820188e-13	-6.827311961e-13	-2.808542128e-13	-2.938909122e-15	7.791877006e-14	-3.778382138e-13	-1.236602531e-13	-3.529705212e-13	-2.109232470e-13	3.623147451e-13	3.240335699e-13	-2.782920869e-13	-2.136360862e-13	7.392486792e-14	2.660089539e-14	1.476990225e-13	2.500333453e-13	1.423487008e-13	4.366917529e-13	4.745207883e-13	1.416704910e-13	3.086608145e-13	2.403876949e-13	-2.018804497e-13	-2.888420171e-13	-1.264484489e-13	-4.094880044e-13	-4.222986339e-13	-7.121202873e-13	-6.669816574e-13	-4.889139073e-13	-4.355614032e-13	-2.796485065e-13
-2.995426605e-13	-3.255407028e-13	-7.656235046e-13	-3.959991650e-13	-5.510077821e-13	-7.222180776e-13	-7.538678682e-13	-3.177036118e-13	-2.561372335e-13	-5.198101314e-13	-3.804756964e-13	-6.400039788e-13	-3.028583529e-13	-4.307385780e-13	-5.958449854e-13	-2.734692616e-13	5.681890969e-14	-8.766238415e-13	-6.351811536e-13	-9.301270588e-13	-5.076777117e-13	-3.487505492e-13	-8.247784703e-13	-8.423365684e-13	-7.439961478e-13	-5.161176558e-13	-4.750482848e-13	5.734640620e-14	1.549332604e-13	1.303669944e-14	2.083611211e-13	-3.654043675e-13	-3.631436682e-13	-1.626949947e-13	-2.173285618e-13	-3.641986612e-13	-3.828871090e-13	-3.426466610e-13	-4.780625505e-13	-5.863500482e-13	-5.180769286e-13	-6.338247340e-13	-7.016457138e-13	-8.894344710e-13	-1.686481696e-13	-6.075252652e-13	-5.457328170e-13	-1.935158622e-13	-3.480723394e-13	-3.309663811e-13	-7.219166510e-13	-5.309629147e-13	-1.037284207e-12	-1.414971707e-12	-9.639621921e-13	-7.560532108e-13	-4.632926483e-13	-9.372859400e-13	-9.742106957e-13	-6.444500208e-13	-3.880867174e-14	-5.874803979e-13	-1.128993243e-12	-7.767762880e-13	-6.607270560e-13	-9.026972404e-13	-7.144563433e-13	-7.549228612e-13	-7.995339945e-13	-1.107968739e-12	-8.807684569e-13	-6.931304130e-13	-7.929779665e-13	-9.421841219e-13	-8.316359249e-13	-8.738356457e-13	-8.760963450e-13	-1.210152349e-12	-3.868810111e-13	-9.408277023e-13	-7.554503577e-13	-4.798711100e-13	-6.681120071e-13	-2.810049261e-13	-8.589150301e-13	-1.293798224e-12	-1.447073638e-12	-4.964495717e-13	-9.354020239e-13	-7.292262455e-13	-7.588414067e-13	-7.531896584e-13	-1.146099201e-12	-8.891330444e-13	-9.666750313e-13	-1.090259928e-12	-1.189504628e-12	-1.078202865e-12	-9.405262757e-13	-9.714978565e-13	-1.178502558e-12	-7.440715044e-13	-1.069461494e-12	-1.162979089e-12	-1.292140377e-12	-1.125225411e-12	-1.024775004e-12	-7.055642592e-13	-8.272652396e-13	-4.794189701e-13	-7.487436164e-13	-9.124936041e-13	-9.082736320e-13	-7.256844832e-13	-1.174734726e-12	-6.513828321e-13	-4.691704665e-13	-4.163454590e-13	-2.846220450e-13	-6.247819367e-13	-6.403807621e-13	-1.269684097e-12	-1.056726221e-12	-1.250844936e-12	-1.248734950e-12	-1.245796041e-12	-7.554503577e-13	-3.391802554e-13	-1.378574448e-12	-1.462747820e-12	-9.068418558e-13	-9.162614363e-13	-1.282946867e-12	-1.048436990e-12	-7.930533231e-13	-8.036786099e-13	-7.397008191e-13	-8.753427785e-13	-7.386458260e-13	-4.155165359e-13	-8.955383592e-13	-9.849113391e-13	-5.079037816e-13	-9.462533807e-13	-5.785129572e-13	-4.819810960e-13	-6.095598946e-13	-1.373751623e-13	2.539518908e-14	-2.512390516e-13	-3.277260454e-13	-6.262137129e-13	-2.810049261e-13	-3.241842832e-13	-1.149414893e-12	-8.507011559e-13	-4.494270258e-13	-2.720374854e-13	-2.364691494e-13	-3.245610664e-13	-4.180033051e-13	-2.574936531e-13	-6.244805101e-13	-1.032612095e-12	-5.681137403e-13	4.370738111e-11	6.500196304e-11	1.377820882e-11	3.910105552e-12	9.133225272e-13	-2.359416529e-13	-3.727893186e-13	-3.291578217e-13	-3.232046468e-13	-5.541727611e-13	-4.170236688e-13	-1.612632185e-13	-4.950931521e-13	-3.685693466e-13	-3.742964515e-13	-3.292331783e-13	-4.614840888e-13	-4.793436135e-13	-5.066980753e-13	-8.033018267e-13	-4.325471375e-13	-5.285515021e-13	3.210193041e-14	6.804704967e-14	-3.262189126e-13	-3.192107447e-13	-2.820599191e-13	-3.937384657e-13	-3.440030806e-13	-4.801725366e-13	-1.562896800e-13	-1.394097917e-13	7.302058819e-14	8.402265824e-14	-5.223722573e-13	-1.499597219e-13	2.538765342e-13	-2.207196107e-13	-1.604342954e-13	-4.063983819e-13	-3.783657103e-13	-2.788195834e-13	-4.525920048e-13	-8.805423870e-13	-2.565893734e-13	-3.104693739e-13	-4.965249284e-13	-3.730907452e-13	8.063160925e-15	-1.533507709e-13	1.374505189e-13	-4.128036967e-13	-8.955383592e-13	-1.435544071e-13	-2.077582679e-13	-5.388000057e-14	-5.536452646e-13	-6.090323981e-13	-1.564403933e-13	-6.971996717e-13	-7.362344134e-14	-4.819810960e-13	-3.051190522e-13	2.554590237e-14	-1.024096794e-13	2.615629119e-13	-3.654797242e-14	-6.736883988e-13	-1.138638893e-13	-5.462603135e-13	-6.157391394e-13	-4.642722847e-13	-5.293804252e-13	-7.071467488e-13	-7.946358126e-13	-8.803916737e-13	-2.033122259e-13	8.741370722e-15	-4.837142988e-13	-4.041376826e-13	-6.646456015e-14	1.070064347e-13	-2.086625477e-13	-2.601311356e-13	-1.925362258e-13	-1.626949947e-13
-8.803916737e-13	-2.657828839e-13	-3.864288712e-13	-3.433248708e-13	-4.962235018e-13	-5.557552507e-13	-7.324665812e-13	-3.084347445e-13	3.300621014e-14	-4.094126477e-13	-7.617803158e-13	-1.402387148e-13	-2.643511077e-13	4.883110541e-14	-8.500229461e-14	3.993902140e-14	1.437051204e-13	-3.843188852e-15	-1.860555544e-13	2.479233593e-14	-1.630717780e-13	-1.614892884e-13	4.317935710e-14	-2.702289259e-13	-1.991676105e-13	-2.177807016e-14	-5.549263276e-13	1.157478054e-13	-2.279538486e-13	-1.674424633e-13	-3.519155282e-14	-1.763345473e-13	-3.409888148e-13	-5.953174888e-13	-6.476149999e-13	-6.776823009e-13	-8.115157009e-13	-2.483001425e-13	-4.825839492e-13	-1.793488131e-14	2.354141563e-13	-1.515422114e-13	-1.414444211e-13	7.068453222e-14	9.140760936e-14	-2.358662962e-14	3.014265766e-16	1.654831906e-13	2.426483942e-14	2.674407301e-13	-1.877134006e-13	-6.782097974e-16	-2.527461845e-13	-4.696226064e-13	8.357051837e-14	-7.170938258e-13	-2.685710798e-13	-1.086642809e-13	6.978025249e-14	-5.608041458e-13	-3.442291505e-13	-6.195823283e-13	-8.959151424e-13	-4.690197532e-13	-4.785900470e-13	-9.727789194e-13	-8.129474772e-13	-5.454313904e-13	-9.395466394e-13	-3.847710251e-13	-7.696174068e-13	-2.947951919e-13	-8.130228338e-13	-6.284744123e-13	-2.810802827e-13	-6.571099371e-13	-8.944833662e-13	-8.831045129e-13	-3.408381015e-13	-3.781396404e-13	-3.124286467e-13	-7.476132667e-13	-6.352565102e-13	-6.345029438e-14	7.912447637e-14	-2.963023248e-13	-4.596001727e-13	-7.200327349e-13	-9.329152547e-13	-9.551454647e-13	-8.067682324e-13	-7.530389451e-13	-6.736883988e-13	-5.923032231e-13	-5.268936560e-13	-8.077478687e-13	-6.269672794e-13	-4.699993896e-13	-6.063949155e-13	-6.087309715e-13	-2.800252897e-13	-4.670604805e-13	-5.654009011e-13	-3.430988008e-13	-4.516123684e-13	-6.211648178e-13	-5.162683691e-13	-2.323998906e-13	-4.739932918e-13	-6.066209855e-14	-2.606586321e-13	-1.914812328e-13	-1.325523371e-13	-2.137867995e-13	-4.583944664e-13	-5.724090690e-13	-5.017998934e-13	-2.193631911e-13	7.611021060e-14	-4.718833057e-13	-1.650310507e-14	1.736217081e-13	-7.121202873e-14	-3.225264370e-14	7.247048469e-13	6.782851541e-13	4.122008435e-13	3.568137101e-13	4.832621590e-13	7.716520362e-14	3.737689550e-14	-7.075988886e-14	-2.034629392e-13	-3.188339614e-13	-3.014265766e-15	-4.155918925e-13	-2.449090935e-14	4.649504945e-14	-1.428761973e-13	-2.464915830e-13	1.237356097e-13	-3.068522550e-13	-1.779923935e-13	-2.627686182e-13	3.232800034e-14	1.369230224e-13	4.083576547e-13	7.953893791e-13	9.653186117e-13	7.470104135e-13	3.782149970e-13	4.905717535e-14	1.416704910e-14	2.254670793e-13	-1.321755539e-13	1.695524494e-14	-9.592900801e-14	-8.997583312e-14	-1.767866872e-13	3.123532900e-13	-4.129544100e-14	2.455873033e-13	2.822106324e-13	1.563650366e-13	4.105429974e-13	5.488164109e-11	2.008827277e-11	1.844338794e-11	5.084538851e-12	1.148284544e-12	7.404543855e-13	-1.471715260e-13	4.807753897e-14	-1.582489527e-15	4.677386903e-13	1.665381836e-13	9.510008493e-14	1.308191343e-13	6.244805101e-13	3.536487310e-13	5.076777117e-13	3.511619618e-13	2.420455410e-13	-3.715082557e-14	1.195909943e-13	-5.350321735e-14	-2.893695136e-13	-1.718131487e-13	-9.050332963e-14	-2.109986036e-14	5.508570688e-14	7.183748888e-13	5.699222998e-13	1.418212043e-13	2.175546317e-13	-7.980268616e-14	1.586257360e-13	-2.299131213e-13	-3.245610664e-13	-1.199677775e-13	4.197365080e-14	-1.892205335e-13	7.452772107e-14	1.853773446e-13	-8.221409878e-14	2.192878345e-13	6.729348323e-14	3.278767587e-13	2.177053450e-13	4.070765917e-13	4.372192494e-13	5.621605654e-14	2.825874156e-13	1.385808686e-13	1.865830509e-13	2.260699325e-15	-3.969788014e-13	-1.732449249e-13	-4.531948580e-13	-2.320984640e-13	-8.191267220e-14	4.610319490e-13	4.574901867e-13	1.213241971e-14	3.537240877e-13	2.524447579e-14	1.480758058e-13	-1.782184634e-13	4.898181870e-15	3.825103257e-13	7.799412670e-14	-1.101714138e-13	-1.653324773e-13	2.984876675e-13	-3.541762275e-14	2.960762549e-13	5.124251803e-15	-5.372928728e-14	1.906523097e-14	1.242631062e-13	-1.677438899e-13	5.606534325e-14	3.326995840e-13	5.516106352e-13	1.778416802e-13	-6.273440626e-13	-3.308910245e-13	3.403859617e-13	-1.733202816e-15	4.534962845e-13	-8.168660227e-14
7.626092389e-14	-2.340577368e-13	6.932811263e-15	2.756546043e-13	1.550839737e-13	2.788195834e-13	3.891417104e-13	1.920087293e-13	1.152956656e-14	2.290088416e-13	2.564386601e-13	5.681890969e-13	4.219972073e-15	7.648699382e-14	1.584750227e-13	2.545547440e-13	7.074481754e-13	8.108374911e-13	5.025534599e-13	4.553048440e-13	3.657057941e-13	5.953174888e-15	1.403140714e-13	4.069258785e-14	2.079089812e-13	8.477622468e-14	4.935860192e-14	5.337511106e-13	5.455821037e-14	-5.877818244e-15	6.706741330e-14	-7.445236443e-14	2.213224639e-13	-1.288598615e-13	-4.661562008e-13	-1.587010926e-13	1.232834698e-13	2.846220450e-13	4.691704665e-13	3.624654584e-13	-6.940346927e-14	2.433266040e-13	9.973451854e-13	5.650994745e-13	3.078318914e-13	3.593758360e-13	4.180033051e-13	5.694701599e-13	3.957730951e-13	5.981056847e-13	7.345012106e-13	3.711314725e-13	2.440801704e-13	1.932897923e-13	1.666888969e-13	-1.100207005e-14	-2.779153037e-13	4.120501303e-13	2.465669397e-13	1.816095124e-13	-4.829607324e-13	-3.888402839e-13	-4.022537665e-13	-5.085066348e-13	-3.040640592e-13	-5.685658802e-13	-5.727104956e-14	2.895955835e-13	3.366181295e-13	6.410589718e-13	8.303548620e-13	6.121973771e-13	5.788897404e-13	3.648768710e-13	2.987137374e-13	5.601259360e-13	8.281695193e-13	3.684186333e-13	3.404613183e-13	5.075269984e-13	5.119730404e-13	5.941117825e-13	8.662246246e-13	2.142389393e-13	2.264467157e-13	2.994673039e-13	4.564351937e-13	4.730890120e-13	2.468683663e-13	-1.842469950e-13	-1.989415406e-13	3.439277239e-13	7.724056026e-13	1.735463515e-13	4.122008435e-13	3.486751925e-13	9.444448212e-13	7.034542732e-13	8.504750860e-13	5.396289288e-13	4.142354729e-13	6.299815452e-13	9.754164020e-13	2.400862683e-13	7.746663019e-14	2.599804223e-14	7.559024975e-13	5.280993623e-13	2.878623807e-13	5.234272503e-13	4.298342983e-13	7.476132667e-13	1.067577578e-12	3.804756964e-13	7.757966516e-13	7.123463572e-13	6.371404264e-13	5.687165935e-13	1.938172888e-13	5.170219356e-13	4.325471375e-14	3.995409273e-13	2.053468553e-13	-6.804704967e-14	4.770075575e-14	-2.131085897e-13	1.493568687e-13	2.611861287e-13	2.480740726e-13	6.465600069e-13	4.191336548e-13	6.082034750e-13	5.153640894e-13	5.947899923e-13	2.471697928e-13	3.339052903e-13	5.166451523e-13	6.754216016e-13	1.434036938e-13	5.782115306e-13	4.968263549e-13	4.235043402e-14	-1.225299034e-13	-4.360135431e-13	-9.419580520e-14	-1.501104352e-13	3.278767587e-13	1.169535117e-13	1.150695956e-13	5.478428030e-13	9.306545553e-14	-6.473135733e-14	1.696278060e-13	1.303669944e-13	3.590744094e-13	4.004452071e-13	6.851426087e-13	9.971944721e-13	8.466318971e-13	8.119678408e-13	1.458151064e-13	-2.004486735e-14	6.501017691e-13	4.140847596e-13	5.055496401e-11	7.084240439e-11	1.677250507e-11	1.751107554e-11	1.133394071e-11	2.176752023e-12	9.652432550e-13	3.385020456e-13	3.738443117e-13	-1.464179596e-13	4.223739905e-13	4.081315848e-13	3.427973743e-13	3.692475564e-15	3.220742971e-13	-2.501840586e-14	5.372928728e-14	2.449090935e-13	-2.079843379e-14	-8.296766522e-14	3.921559762e-13	2.374487857e-13	-1.706827990e-13	-3.127300733e-14	7.866480084e-13	6.661527344e-14	1.580228828e-13	-1.620167849e-14	-2.840945485e-14	1.707581557e-13	3.008990801e-13	-4.602030259e-13	1.238109664e-13	3.293085350e-13	3.834899621e-13	3.758035844e-13	7.360837001e-13	6.926782731e-13	5.899671671e-13	6.179244821e-13	9.323124015e-13	4.546266342e-13	5.171726489e-13	5.633662717e-13	7.519085954e-13	5.430953344e-13	4.173250953e-13	5.506309989e-13	4.887631940e-13	5.554538241e-13	2.520679747e-13	3.915531230e-13	4.042130393e-13	3.547790807e-13	1.021082528e-13	4.666836973e-13	7.465582737e-13	3.105447306e-13	2.589254293e-13	1.431022673e-13	4.160440324e-13	4.011987735e-13	7.160388328e-13	3.598279759e-13	2.409151914e-13	1.068557214e-13	1.538029107e-13	3.022554997e-13	4.616348021e-13	8.251552535e-14	8.115910576e-14	8.176195891e-13	4.724108022e-13	7.170938258e-13	5.968999784e-13	8.794120373e-13	3.781396404e-13	2.655568140e-13	5.969753350e-13	2.183835548e-13	2.933634157e-13	5.192826349e-13	6.377432795e-13	4.496530957e-13	3.857506614e-13	4.837896555e-13	1.865076943e-13
7.228209308e-13	1.119347592e-12	9.731557027e-13	3.149907726e-13	5.164944391e-13	2.501840586e-13	6.666048742e-13	8.130228338e-13	9.359295204e-13	6.320161746e-13	4.011987735e-13	6.648716714e-13	1.881655405e-13	3.788178502e-13	4.404595851e-13	5.705251529e-13	5.142337397e-13	4.723354456e-13	1.317234140e-13	8.869477017e-14	9.924470036e-14	-2.760313875e-13	2.155953589e-13	2.185342681e-14	2.351880864e-13	-1.122813998e-13	-3.978077245e-13	-9.366830869e-14	-5.184537118e-14	-3.184571782e-13	-5.231258237e-13	-3.811539061e-13	-1.344362532e-13	-1.210981272e-13	-2.384284221e-13	-3.001455137e-13	-1.541043373e-13	2.712839190e-14	-8.364587501e-15	2.999194437e-13	5.071502152e-14	4.513862985e-14	1.117539033e-13	2.298377647e-14	4.042883959e-13	1.519189946e-13	2.417441145e-13	-4.345817669e-13	-2.557604503e-13	-4.679647602e-14	-5.806982999e-13	-9.796363740e-16	-5.395535722e-14	-3.759542977e-13	-5.669080340e-13	-2.181574848e-13	-1.979619042e-13	-4.430970676e-14	-3.518401716e-13	7.249309168e-14	1.068557214e-13	-2.528968978e-13	7.912447637e-15	1.617153584e-13	4.568119769e-13	3.797974866e-14	5.072255718e-13	5.391767889e-13	8.681085407e-14	2.010515266e-13	7.987804281e-15	6.895132940e-14	3.174021852e-13	2.845466883e-13	6.618574056e-13	5.821300761e-13	7.671306375e-14	7.383443995e-13	-2.418948277e-13	3.733921718e-13	9.042797299e-14	1.799516662e-13	3.448320037e-13	2.738460449e-13	8.681085407e-14	-8.251552535e-14	5.094109145e-14	1.285584349e-13	3.969788014e-13	-1.553100436e-13	6.352565102e-14	3.201903810e-13	6.601242028e-14	2.878623807e-14	2.411412613e-13	7.350287071e-13	1.479250925e-13	3.918545496e-14	4.928324528e-14	3.290071084e-13	3.940398923e-13	-2.333041703e-13	-5.124251803e-15	5.369160896e-13	4.632172916e-13	4.580930398e-13	2.784428002e-13	5.493499359e-14	1.578721695e-13	3.907242000e-13	5.999896008e-13	6.519103286e-13	4.408363683e-13	5.737654886e-13	5.719569292e-13	4.121254869e-13	6.335986641e-13	2.361677228e-13	6.593706364e-13	7.048106928e-13	3.443045072e-13	6.158898527e-13	3.299113881e-13	4.149890394e-13	-2.250902961e-13	2.125810932e-13	3.585469129e-13	3.380499057e-13	2.421208977e-13	5.456574603e-13	6.559042307e-13	1.247906027e-13	4.027812630e-13	8.560514776e-14	4.482966761e-13	5.177001454e-14	5.681890969e-14	6.149102163e-13	1.007367619e-12	6.518349720e-14	1.399372882e-13	1.980372608e-13	1.602082255e-13	3.201903810e-13	-2.001472469e-13	1.556114702e-13	2.481494292e-13	4.366163962e-13	-1.989415406e-14	2.886913038e-13	2.763328141e-13	2.797238631e-13	-5.350321735e-14	3.047422690e-13	5.122744670e-13	2.788195834e-13	5.694701599e-13	4.134065498e-13	1.952490650e-13	1.790473865e-13	-1.980372608e-13	-5.439242575e-13	-1.929883657e-13	2.840945485e-14	6.293297102e-11	6.642507327e-11	1.630182747e-11	1.833449759e-11	1.673173713e-11	5.233745007e-12	1.446395428e-12	5.121237537e-13	3.346588567e-13	6.738391121e-13	5.839386356e-13	5.611055724e-13	2.893695136e-13	2.002226035e-13	2.787442267e-13	5.028548865e-13	4.938874458e-13	3.184571782e-13	6.773808743e-13	7.060163991e-13	5.247083133e-13	-8.259088200e-14	3.864288712e-13	-2.752778211e-13	5.048895159e-14	5.357857400e-14	2.673653735e-13	1.996951070e-14	1.284830783e-13	2.559111636e-13	1.891451768e-13	2.955487584e-13	4.889139073e-13	5.679630270e-13	3.772353607e-13	3.914024098e-13	2.688725064e-13	4.157426058e-13	2.195139044e-13	2.034629392e-13	4.782886205e-13	1.166520852e-13	-4.076794449e-14	4.666083406e-13	1.753549110e-13	1.135624627e-13	1.137131760e-13	5.822807894e-13	3.301374581e-13	9.540151150e-14	2.360923661e-13	3.956223818e-13	6.572606503e-13	5.433214044e-13	3.823596125e-13	6.879308045e-13	8.763977716e-13	6.494235594e-13	6.634398952e-13	6.217676709e-13	3.902720601e-13	1.431022673e-13	3.098665208e-13	-3.888402839e-14	3.635204514e-13	-9.751149754e-14	1.222284768e-13	2.749010379e-13	4.745961449e-13	2.752778211e-13	9.208581916e-14	4.521398649e-14	-1.048964487e-13	1.752795543e-13	2.776138771e-13	-1.220777635e-13	-6.834847625e-14	3.039887025e-13	8.281695193e-14	7.535664416e-16	1.875626873e-13	2.674407301e-13	-1.044443088e-13	-3.033104927e-13	-1.783691767e-13	1.684220997e-13	-8.070696589e-14
4.930585227e-13	-2.554590237e-14	-1.275034419e-13	-7.912447637e-15	2.719621288e-13	5.699976564e-13	1.077600011e-13	1.220777635e-13	1.181592180e-13	6.156637828e-13	2.762574575e-13	5.073762851e-13	-3.097158075e-14	-6.556028042e-14	1.327030504e-13	-4.559076972e-14	3.302881713e-13	2.527461845e-13	1.733956382e-13	2.381269955e-14	-1.341348266e-14	-3.391048987e-14	3.537240877e-13	3.495041156e-13	7.348026372e-13	8.929762333e-14	6.721812659e-14	3.039133459e-13	3.431741575e-13	5.871789713e-13	4.306632214e-13	3.687954165e-13	-2.357155829e-13	6.480671398e-15	1.084382109e-13	5.425678379e-14	-1.574953863e-14	4.144615429e-14	-1.853773446e-14	2.584732895e-14	-3.800989131e-13	-1.460411764e-13	-1.281062951e-13	-3.216221573e-13	-3.944920322e-13	-3.916284797e-13	2.398601984e-13	-1.495829387e-13	-7.198066650e-13	-4.335267738e-13	-4.596755294e-13	-2.802513596e-13	-1.273527286e-13	-1.984140441e-13	-6.425661047e-13	-7.535664416e-15	-2.499579887e-13	2.810802827e-14	7.927518965e-14	3.014265766e-15	3.333777938e-13	1.960026315e-13	5.782868873e-13	1.606603653e-13	1.977358343e-13	-1.724160018e-13	-5.531177681e-14	-2.228295968e-13	6.812240632e-14	-1.877134006e-13	-2.062511351e-13	-3.002208703e-13	-2.046686455e-13	1.917073027e-13	-9.954612693e-14	-4.250114730e-13	-4.770075575e-13	-4.834128723e-13	-2.605832755e-13	-2.724896253e-13	-3.251639195e-13	-2.864306044e-13	-1.575707429e-13	9.721007096e-15	2.859031079e-13	5.828836426e-13	4.446795572e-13	4.596755294e-14	-6.405314753e-15	-4.000684238e-13	-6.830326226e-13	-6.151362863e-13	-5.462603135e-13	-4.095633610e-13	-4.716572358e-13	-2.489029957e-13	-4.837896555e-13	-7.648699382e-14	-1.229066866e-13	-7.535664416e-15	1.706827990e-13	3.127300733e-14	-2.571168699e-13	-4.054941022e-13	-4.514616551e-13	-5.125758936e-13	-3.949441720e-13	-8.062407358e-13	-1.030125326e-13	-2.689478630e-13	-1.937419321e-13	4.619362287e-14	-2.004486735e-13	1.130349662e-13	-1.769374005e-13	8.296766522e-14	-1.313466308e-13	-2.592268559e-14	-1.582489527e-14	4.747468582e-15	-1.317234140e-13	-1.758824075e-13	4.375206760e-13	1.616400017e-13	2.968298213e-13	9.600436466e-14	1.947215685e-13	5.968246217e-14	2.339823801e-13	6.940346927e-14	3.312678077e-13	-2.959255416e-13	-2.128825197e-13	3.295346049e-13	3.886895706e-13	2.715099889e-13	4.868792779e-13	4.626144385e-13	2.492044222e-13	3.602801157e-13	4.947917255e-13	2.583225762e-13	3.525183814e-13	-2.204181842e-13	6.745173219e-13	8.500229461e-14	3.251639195e-13	4.268200325e-13	2.070047015e-13	3.202657377e-13	-2.360170095e-13	4.580176832e-13	-2.565140167e-13	9.849113391e-14	-4.921542430e-13	8.650942749e-14	3.739950250e-13	1.688742396e-13	2.041411490e-13	2.320231074e-13	-2.296116947e-13	-1.731695683e-13	3.222250104e-13	1.341348266e-14	8.576678776e-11	2.698928353e-11	1.693030189e-11	1.796683253e-11	2.269681837e-11	6.626787931e-12	1.654907262e-12	5.489731527e-13	4.283271654e-13	3.617118920e-13	7.211630846e-13	6.021749435e-13	4.595248161e-13	2.056482819e-13	3.615611787e-13	2.755038910e-13	2.082857645e-13	3.546283674e-13	7.189023853e-14	9.072939957e-14	2.401616249e-13	2.851495415e-13	4.860503548e-14	-4.981074179e-14	1.374505189e-13	7.106131544e-14	-9.969684022e-14	1.613385751e-13	-9.042797299e-15	1.063282249e-13	-2.018050931e-13	-3.904981300e-13	-2.927605626e-13	1.856787712e-13	3.202657377e-14	-6.947882591e-14	1.460411764e-13	1.499597219e-14	-5.448285373e-14	-1.921594426e-13	1.605096521e-14	1.279555818e-13	2.621657650e-13	2.188356946e-13	-5.553784674e-14	1.867337642e-13	1.837948551e-13	2.348113032e-13	1.059514417e-13	-3.654043675e-13	4.803986065e-13	4.233536269e-13	7.182241755e-13	7.377415463e-13	3.132575698e-13	6.171709157e-13	6.806965667e-13	3.105447306e-13	4.592233895e-13	4.730890120e-13	8.568804007e-13	4.644229979e-13	4.854475017e-13	5.756494047e-13	5.050402291e-13	4.813782429e-13	-3.413655980e-14	3.560601436e-13	1.973590510e-13	5.953174888e-15	-2.253163660e-14	1.624689248e-13	7.441468611e-13	3.165732621e-13	7.354808470e-14	8.537907783e-14	5.593723696e-13	-7.724056026e-14	1.271266587e-13	1.201184908e-13	1.495829387e-13	-4.159686758e-14	-3.084347445e-13	-3.925327594e-13	9.954612693e-14	-2.780660169e-14	-3.300621014e-14
3.645000878e-13	5.020259634e-13	3.313431644e-13	-1.524464911e-13	2.531229677e-13	2.731678351e-13	-4.534962845e-13	-5.458835303e-13	-3.926081161e-14	-5.152887327e-13	-4.314921444e-13	-5.326961176e-13	-1.852266313e-13	-2.616382685e-13	1.660106871e-13	1.348883930e-14	-6.736883988e-14	-2.921577094e-13	-8.063160925e-14	-1.769374005e-13	-7.739127355e-14	-5.292297119e-13	-1.097946305e-13	-4.905717535e-14	-2.791963666e-13	2.216992471e-13	3.993902140e-14	-2.379762822e-13	-1.131856795e-13	-1.972836944e-13	3.572658500e-13	-3.733921718e-13	6.812240632e-14	1.453629666e-13	1.774648970e-13	-1.120553299e-13	1.545564772e-13	4.780625505e-13	4.021030532e-13	3.319460175e-13	3.766325075e-13	2.398601984e-13	-2.952473318e-13	7.505521758e-14	3.984105777e-13	-2.167257086e-13	1.319494839e-13	-1.824384355e-13	-4.103169274e-13	1.152203089e-13	-5.048141592e-13	-1.473975960e-13	-3.223003671e-13	-1.587764492e-13	1.348883930e-13	6.646456015e-14	-4.167222422e-14	-1.227559733e-13	-2.336809535e-13	2.117521701e-14	-2.531983244e-14	2.642003944e-13	-4.453577670e-13	-2.547808139e-13	2.531983244e-13	1.656339039e-13	-8.372123166e-14	3.097158075e-13	6.390243425e-14	-1.879394705e-13	-4.238811234e-13	7.392486792e-14	-2.556850936e-13	-3.314938776e-13	-4.183047317e-13	-2.351127298e-13	8.605728763e-14	2.188356946e-13	6.684134337e-13	5.156655160e-13	5.858979083e-13	2.892941569e-13	9.502472828e-13	3.981845077e-13	4.695472497e-13	6.638166784e-13	4.151397527e-13	4.458852635e-13	9.457258842e-14	2.753531778e-13	4.991624109e-13	1.989415406e-13	4.524412915e-13	5.198854880e-13	9.796363740e-14	2.834163387e-13	2.726403386e-13	1.123567564e-13	5.719569292e-14	6.714276994e-14	3.743718082e-13	8.002122043e-13	2.669885903e-13	3.647261577e-14	1.127335397e-13	-1.886176803e-13	3.621640318e-13	4.765554177e-13	3.509358918e-13	1.088149942e-13	2.986383808e-13	4.329992773e-13	1.412937078e-13	-7.497986094e-14	2.740721148e-13	1.616400017e-13	-4.348078368e-14	-4.042130393e-13	-3.174021852e-13	1.911798062e-13	4.198118646e-13	2.583225762e-13	3.548544373e-13	3.547037240e-13	1.492061554e-13	7.736866656e-13	4.247100465e-13	7.204848748e-13	7.094828047e-13	8.628335756e-14	5.945639224e-14	7.008167907e-14	1.568925331e-13	1.580228828e-13	5.209404811e-13	6.092584680e-13	1.517682813e-13	1.961533447e-13	-1.002243367e-14	6.066209855e-13	5.742176285e-13	7.901144140e-13	4.590726762e-13	1.024096794e-12	5.575638101e-13	3.629929549e-13	7.543200080e-14	4.845432219e-13	6.072238386e-13	5.308122014e-13	4.015002001e-13	3.516894583e-13	6.684887903e-13	5.706005096e-13	5.109180474e-13	5.624619920e-13	-5.501035024e-15	-3.974309413e-13	-2.372980725e-13	3.033104927e-13	5.463356701e-14	2.412919746e-13	8.681085407e-14	1.338334000e-13	9.912337616e-12	1.800096909e-11	1.773194587e-11	1.962739154e-11	2.255823750e-11	1.793940271e-11	2.573203328e-12	1.391837218e-12	2.524447579e-13	1.187696069e-12	6.857454618e-13	7.644177983e-13	6.971996717e-13	1.312411315e-12	8.864955619e-13	6.141566499e-13	5.336003973e-13	-7.008167907e-14	6.554520909e-13	2.421208977e-13	7.204095181e-14	3.563615702e-13	2.189864079e-13	3.841681719e-13	-3.177789684e-13	1.886176803e-13	-2.042165057e-14	-4.498791656e-14	1.694017361e-13	1.080614277e-13	4.796450401e-13	5.739162019e-13	5.247083133e-13	3.223757237e-13	3.072290382e-13	5.338264672e-13	2.559111636e-13	6.996110844e-13	4.124269135e-13	1.006011200e-13	4.651012077e-13	4.397813753e-13	4.795696834e-13	2.541779607e-13	9.152817999e-13	2.057236386e-13	6.624602588e-13	6.261383563e-13	4.468648999e-13	3.571151367e-13	2.136360862e-13	3.205671642e-13	2.569661566e-13	3.232800034e-14	-1.437051204e-13	-1.006011200e-13	-1.959272748e-13	-3.340560036e-13	-4.846185786e-13	-1.846237782e-13	2.849234716e-13	6.617820490e-13	1.991676105e-13	3.018033599e-13	4.705268861e-13	2.134853729e-13	3.065508284e-13	2.605079189e-13	1.036153857e-13	3.460377100e-13	5.184537118e-13	6.626863287e-13	1.729434983e-13	-6.118959506e-14	7.465582737e-13	3.130314998e-13	7.239512804e-13	3.790439201e-13	-3.137850663e-13	3.244103531e-13	3.033858494e-13	3.126547166e-13	6.420386082e-14	-1.587764492e-13	6.715784127e-13	6.066963421e-13	7.741388054e-13
4.721847323e-13	4.922295996e-13	6.055659925e-13	2.712839190e-15	2.411412613e-13	-4.035348295e-13	6.593706364e-14	-2.736199749e-13	-3.947934587e-13	1.776156103e-13	1.416704910e-14	3.451334302e-14	-5.508570688e-14	5.279486490e-13	1.976604776e-13	2.127318065e-13	1.002243367e-14	1.331551902e-13	1.463426030e-13	-1.409169246e-13	3.312678077e-13	2.616382685e-13	-1.836441418e-13	-1.160492320e-13	-4.348831934e-13	-6.137045100e-13	-4.366917529e-13	-3.620133185e-13	1.956258482e-13	3.800235565e-13	3.212453740e-13	-3.406120316e-14	-2.054975686e-13	-1.662367570e-13	6.857454618e-15	7.068453222e-14	1.689495962e-13	-3.306649546e-13	-1.489047289e-13	-2.901984367e-13	-9.276402896e-14	-1.216256237e-13	2.253163660e-13	9.939541364e-14	3.020294298e-13	6.431689579e-13	3.668361438e-13	4.009727036e-13	1.671410367e-13	3.537240877e-13	3.617118920e-14	1.621674982e-13	8.658478414e-14	4.989363410e-13	3.339052903e-13	5.406839218e-13	2.329273871e-13	2.047440022e-13	4.354106899e-13	3.263696258e-13	5.987838945e-13	7.255337699e-13	6.020242302e-13	2.703796392e-13	1.691756661e-13	7.862712251e-13	2.550822405e-13	2.038397224e-13	2.456626600e-13	3.123532900e-13	2.734692616e-13	4.413638648e-13	1.340594700e-13	3.125040033e-13	2.034629392e-13	8.311084284e-13	5.751219082e-13	8.786584709e-14	3.244857097e-13	2.534997509e-13	6.205619646e-13	4.774596974e-13	5.417389148e-13	4.624637252e-13	5.381971526e-13	1.168555481e-12	6.703727064e-13	6.339754473e-13	5.868021881e-13	9.798624440e-13	4.618608720e-13	7.487436164e-13	6.339000907e-13	5.977289015e-13	3.818321159e-13	2.669885903e-13	3.844695985e-13	8.354791138e-13	4.969017116e-13	8.445972677e-13	4.856735716e-13	4.431724243e-13	4.133311932e-13	5.859732650e-13	6.935071962e-13	7.586906934e-13	6.589184965e-13	6.924522032e-13	7.427904415e-13	7.151345531e-13	6.124988037e-13	3.463391365e-13	7.588414067e-13	7.455032807e-13	9.240231707e-13	1.181516824e-12	7.848394489e-13	3.889909971e-13	5.171726489e-13	8.280188060e-13	1.040298473e-12	9.971191155e-13	8.731574359e-13	7.387965393e-13	7.760980782e-13	1.083251760e-12	5.407592785e-13	5.247836699e-13	1.287166839e-12	9.691618005e-13	1.274732993e-12	1.194252097e-12	1.074962529e-12	1.251673859e-12	1.129520739e-12	4.675126204e-13	1.435016575e-12	1.001339088e-12	-1.213995537e-13	4.838650121e-13	1.070817913e-13	3.248624930e-13	5.970506917e-13	6.761751680e-13	6.451282306e-13	2.852248981e-13	3.801742698e-13	2.106971771e-13	6.654745246e-13	3.844695985e-13	8.290737990e-13	5.908714468e-13	7.391733225e-13	5.992360343e-13	3.281028287e-13	8.106867778e-13	1.839455684e-13	6.760998114e-13	6.403807621e-13	7.332955043e-13	3.332270805e-13	1.095007396e-12	1.336073301e-12	1.223942614e-12	1.249036377e-12	1.893117150e-11	1.902905978e-11	2.079594702e-11	2.322333524e-11	2.314255292e-11	5.195840615e-12	2.032217980e-12	6.851426087e-13	5.857471950e-13	7.324665812e-14	8.040553932e-14	2.370720025e-13	3.157443390e-14	3.721864655e-13	2.569661566e-13	6.091077547e-13	3.373716959e-13	3.548544373e-13	7.412833086e-13	2.915548562e-13	3.756528711e-13	3.415163113e-13	6.667555875e-13	6.009692372e-13	4.610319490e-13	1.072325046e-13	3.441537939e-13	7.229716440e-13	2.426483942e-13	6.223705241e-13	3.571904933e-13	5.397796421e-13	7.195052384e-13	7.825033929e-13	8.595932399e-13	6.746680351e-13	9.275649329e-13	5.278732923e-13	7.309594483e-13	5.108426907e-13	5.064720054e-13	6.480671398e-13	4.924556696e-13	6.695437833e-13	1.033817801e-12	8.205584982e-13	7.770777146e-13	6.892872241e-13	8.952369326e-13	1.264484489e-12	1.058459424e-12	5.411360617e-13	1.212563761e-12	1.233060768e-12	7.895115608e-13	4.889892639e-13	1.081217130e-12	6.194316150e-13	8.600453798e-13	1.109174445e-12	7.249309168e-13	6.677352239e-13	6.904929304e-13	8.487418831e-13	1.054917662e-12	6.673584407e-13	5.522134884e-13	9.716485698e-13	6.971996717e-13	1.053636599e-12	8.213874213e-15	8.369862467e-13	8.461797572e-13	6.730855456e-13	8.537907783e-13	7.630613787e-13	1.077373942e-12	8.470086803e-13	1.053938025e-12	6.731609023e-13	7.709738264e-13	7.608760361e-13	4.314921444e-13	5.895150272e-13	7.691652669e-13	7.757212950e-13
8.220656311e-13	1.078956431e-12	9.249274504e-13	9.182960657e-13	5.983317546e-13	6.429428880e-13	7.476886233e-13	8.368355334e-13	5.971260483e-13	5.225229706e-13	5.496513625e-13	5.828082859e-13	6.449775173e-13	8.195035052e-13	5.781361740e-13	6.075252652e-13	5.549263276e-13	7.761734348e-14	6.947129025e-13	7.995339945e-13	8.714242330e-13	1.145420991e-12	6.928289864e-13	4.033087595e-13	8.135503303e-13	9.758685418e-13	9.460273108e-13	5.531177681e-13	9.014161774e-13	1.016636486e-12	9.840070594e-13	9.379641498e-13	9.678807376e-13	1.131404655e-12	1.521978142e-12	1.514367121e-12	1.312486671e-12	1.076545018e-12	1.000660878e-12	4.729382987e-13	5.646473347e-13	1.004504067e-12	6.907943570e-13	4.956206486e-13	6.861976017e-13	8.223670577e-13	4.625390818e-13	5.397042855e-13	4.440013474e-13	5.540974045e-13	3.946427455e-13	4.669851238e-13	2.847727583e-13	8.341226942e-13	1.079936067e-12	6.525131818e-13	1.312034531e-12	1.266971258e-12	1.242706419e-12	1.151298809e-12	1.225977244e-12	9.114386111e-13	1.018897186e-12	1.098775228e-12	9.331413246e-13	9.379641498e-13	1.173529019e-12	1.409696742e-12	1.254914195e-12	7.108392243e-13	8.263609598e-13	7.730838124e-13	8.947847927e-13	7.567314206e-13	1.308191343e-12	1.144290642e-12	8.615525127e-13	8.974976319e-13	8.549964846e-13	7.733098823e-13	7.321651546e-13	2.452858767e-13	6.134784401e-13	-8.974976319e-14	3.149907726e-14	2.723389120e-13	7.437700778e-13	7.476886233e-13	3.996916406e-13	6.164173492e-14	1.104879117e-12	1.122663285e-12	5.542481178e-13	9.536383318e-13	4.834882289e-13	5.577145234e-13	4.382742424e-13	3.933616825e-14	3.752007313e-13	6.412850418e-13	5.843907754e-13	6.907943570e-13	6.844643989e-13	1.246851034e-12	9.986262484e-13	6.850672520e-13	6.787372939e-13	2.880130940e-13	9.672025278e-13	8.070696589e-13	4.375960326e-13	4.395553054e-13	2.040657924e-13	6.059427757e-13	3.432495141e-13	3.788932068e-13	2.001472469e-13	6.515335454e-13	7.302058819e-13	1.219270502e-12	8.807684569e-13	8.163385262e-13	8.473854636e-13	1.132610362e-12	3.819828292e-13	7.346519239e-13	5.827329293e-13	5.975781882e-13	3.171761153e-13	2.290841982e-13	3.061740452e-13	3.877099342e-13	7.952386658e-13	3.184571782e-13	2.444569536e-13	1.357926728e-13	9.351759540e-14	1.606603653e-13	7.558271409e-14	3.969788014e-13	4.446042005e-13	3.467159198e-13	2.615629119e-13	3.704532627e-13	6.241037269e-13	1.449108267e-13	4.673619071e-13	5.170219356e-13	1.055746585e-13	-1.215502670e-13	5.137815999e-13	3.479216261e-13	3.994655707e-13	7.089553082e-13	8.935790864e-13	6.478410698e-13	7.736866656e-13	1.075866809e-12	4.906471101e-13	8.007397008e-13	6.204866080e-13	6.916232801e-13	6.785865806e-13	7.754952250e-13	1.333134392e-12	2.016084122e-11	2.070627261e-11	2.225078239e-11	2.582683194e-11	3.001658600e-11	1.240928002e-11	2.676592644e-12	1.586408073e-12	1.374128406e-12	1.071345410e-12	9.669011012e-13	4.565859070e-13	5.901932370e-13	7.274176861e-13	1.231327566e-13	1.080614277e-13	-1.220777635e-13	6.707494896e-13	6.781344408e-13	3.629929549e-13	4.534962845e-13	4.020276966e-13	5.196594181e-13	4.339789137e-13	6.169448457e-13	8.366848201e-13	7.253077000e-13	9.851374091e-13	5.269690126e-13	9.257563735e-13	1.960779881e-13	4.516123684e-13	3.804003397e-13	4.928324528e-13	5.033070263e-13	3.789685635e-13	3.583208430e-13	2.308174011e-13	3.767078641e-13	4.713558092e-13	5.410607051e-13	7.300551686e-13	5.606534325e-13	5.840893489e-13	7.525868052e-13	6.369897131e-13	1.155368068e-12	8.743631422e-13	9.640375487e-13	1.318590559e-12	1.085663172e-12	7.511550290e-13	8.144546101e-13	9.393959261e-13	8.289230857e-13	4.005205637e-13	9.183714223e-13	6.910957836e-13	1.022891088e-12	8.933530165e-13	1.604342954e-13	6.320915312e-13	6.763258813e-13	6.687148603e-13	4.305125081e-13	1.149339537e-12	1.210453775e-12	1.043840235e-12	6.900407906e-13	9.094793383e-13	6.930550563e-13	5.067734320e-13	6.339000907e-13	3.288563951e-13	1.114524767e-12	1.315953077e-12	9.993044582e-13	6.981039515e-13	5.038345228e-13	7.540939381e-13	7.183748888e-13	5.982563980e-13	1.365462392e-13	5.060198655e-13	1.929130090e-14	4.770075575e-13
2.878623807e-14	5.857471950e-13	2.036136525e-13	8.603468063e-13	3.465652065e-13	2.478480026e-13	7.723302460e-13	2.761821008e-13	3.909502699e-13	4.599769559e-13	2.336055969e-13	6.425661047e-13	1.891451768e-13	8.595932399e-13	6.505539090e-13	5.264415161e-13	3.223757237e-13	8.023221903e-13	3.395570386e-13	5.159669425e-13	8.770006247e-13	9.252288770e-13	5.119730404e-13	7.198066650e-13	8.175442325e-13	1.410676379e-13	1.846237782e-14	-5.222215440e-14	-4.491255992e-14	1.672163934e-13	7.003646508e-13	3.879360041e-13	3.489012624e-13	2.791210100e-13	2.900477234e-13	2.352634431e-13	2.919316395e-13	9.871720385e-14	2.320984640e-14	4.318689277e-13	6.096352512e-13	6.727841190e-13	4.077548015e-13	7.455786373e-13	5.791158104e-13	5.195087048e-13	8.533386384e-13	8.675810442e-13	5.937349993e-13	4.063983819e-13	4.898935437e-13	8.946340794e-13	6.351057970e-13	8.757949184e-13	5.865007615e-13	2.716607022e-13	8.643407085e-13	6.517596153e-13	8.026989736e-13	9.834042063e-13	1.065693662e-12	1.040524543e-12	1.072777186e-12	8.851391423e-13	6.202605381e-13	6.068470554e-13	5.035330963e-13	6.883829444e-13	6.748187484e-13	5.059445089e-13	3.375224092e-13	8.232713374e-13	1.143913858e-13	2.091900442e-13	5.403071386e-13	1.120025802e-12	5.758001180e-13	-1.044443088e-13	5.987085378e-13	1.296887846e-13	2.563633034e-13	-8.801656038e-14	4.193597247e-13	4.472416831e-13	2.842452618e-13	1.746013445e-13	3.466405631e-13	2.293102682e-13	6.721059092e-13	9.243999539e-13	1.397112183e-13	3.809278362e-13	7.182995321e-13	5.830343558e-13	6.858208185e-13	6.473135733e-14	2.835670520e-13	2.275770654e-13	6.681873637e-13	3.780642837e-13	5.006695438e-13	5.115962572e-13	3.596772626e-13	4.147629694e-13	8.158863863e-13	4.450563404e-13	1.166596208e-12	6.545478112e-13	1.018294333e-12	1.048210920e-12	8.613264427e-13	9.672778844e-13	8.442958411e-13	1.128465746e-12	1.126958613e-12	8.212367080e-13	5.960710553e-13	8.052610995e-13	9.326138281e-13	1.415574561e-12	1.364633469e-12	1.165917998e-12	1.050320906e-12	1.022062165e-12	7.178473922e-13	1.234115761e-12	1.378122308e-12	1.197567789e-12	1.502385415e-12	4.584698231e-13	7.422629450e-13	8.834059395e-13	6.247819367e-13	8.302041487e-13	8.921473102e-13	1.285810419e-12	1.389501162e-12	1.428535903e-12	1.041880962e-12	1.485505526e-12	1.139693886e-12	9.274142196e-13	9.356280939e-13	1.168329411e-12	4.862764247e-13	8.372123166e-13	6.976518116e-13	1.119347592e-12	1.327633357e-12	9.199539119e-13	1.300429608e-12	8.831045129e-13	1.524464911e-12	1.275185132e-12	1.458000351e-12	9.598929333e-13	1.124321131e-12	1.408641749e-12	1.217235873e-12	1.044970585e-12	9.060882894e-13	7.941083161e-13	8.185992255e-13	5.976535448e-13	1.643000913e-12	5.202916604e-11	2.205108728e-11	2.343847846e-11	2.637912078e-11	3.053021688e-11	3.085658651e-11	5.183256055e-12	1.965150566e-12	1.223641188e-12	6.974257417e-13	1.122663285e-12	9.790335209e-13	7.982529316e-13	9.003611844e-13	1.007292262e-12	1.312411315e-12	1.149264180e-12	1.114147984e-12	1.364708826e-12	1.399900379e-12	1.318138420e-12	1.136076767e-12	1.204575957e-12	9.234203175e-13	9.836302762e-13	1.155594138e-12	1.191539257e-12	9.976466120e-13	1.520471009e-12	1.468248855e-12	1.511202142e-12	1.644055906e-12	1.080614277e-12	1.253859202e-12	1.454533946e-12	1.354837105e-12	1.642021276e-12	1.594546590e-12	1.918354090e-12	1.707054060e-12	1.579023122e-12	1.532904855e-12	1.334189385e-12	1.322509105e-12	1.439236547e-12	1.146626698e-12	1.523033135e-12	1.517230673e-12	1.843223516e-12	1.748274144e-12	1.667341109e-12	1.901850985e-12	1.904563824e-12	2.000568189e-12	1.609015066e-12	1.731620326e-12	1.409395316e-12	1.464933162e-12	1.492061554e-12	1.409998169e-12	1.010381885e-12	1.001640514e-12	1.732524606e-12	1.402161078e-12	1.381814784e-12	1.295757496e-12	1.022740375e-12	8.016439805e-13	1.184907873e-12	1.863419097e-12	1.686481696e-12	1.182797887e-12	1.314672014e-12	1.503967904e-12	1.165013719e-12	1.476538086e-12	1.258003818e-12	9.946323462e-13	1.586634143e-12	1.421452379e-12	1.133439285e-12	1.254085272e-12	1.391987931e-12	1.388822952e-12	1.488971932e-12	1.251297076e-12
1.032310668e-12	1.661538647e-12	1.596129080e-12	1.439688687e-12	1.487992296e-12	8.476115335e-13	8.551471979e-13	9.842331293e-13	8.052610995e-13	9.004365410e-13	1.194101383e-12	8.143792534e-13	6.334479508e-13	7.427904415e-13	4.211682842e-13	7.571835605e-13	5.517613485e-13	8.888316178e-13	1.287317552e-12	1.403969637e-12	1.430570533e-12	1.068029718e-12	1.265087342e-12	9.812942202e-13	6.601995595e-13	6.733116155e-13	7.414340219e-13	1.076846445e-12	6.130263002e-13	8.017193372e-13	6.085049016e-13	5.357857400e-13	7.413586652e-13	4.586958930e-13	6.022503001e-13	5.864254048e-13	4.485227460e-13	6.731609023e-13	8.231206241e-13	3.948688154e-13	1.760331208e-13	2.392573452e-13	7.894362042e-13	4.669851238e-13	6.399286222e-13	7.457293506e-13	8.488925964e-13	1.054616235e-12	9.782045978e-13	1.126807900e-12	1.066447228e-12	8.305809319e-13	1.178050418e-12	1.062151899e-12	1.140522809e-12	1.241576069e-12	9.259070868e-13	1.118744739e-12	9.650925417e-13	1.557245052e-12	1.450992183e-12	1.205329523e-12	1.152579872e-12	1.098323089e-12	8.930515899e-13	9.638114788e-13	1.352124266e-12	7.773791411e-13	8.639639253e-13	7.387965393e-13	9.183714223e-13	1.163054446e-12	5.009709704e-13	9.427116184e-13	9.558990311e-13	4.384249557e-13	6.321668878e-13	7.487436164e-13	9.073693523e-13	9.063897159e-13	7.136274202e-13	5.218447608e-13	6.794155037e-13	8.276420228e-13	1.414745637e-12	8.455769041e-13	1.044217018e-12	4.020276966e-13	4.350339067e-13	4.385003124e-13	5.566595304e-13	9.041290166e-13	6.186780485e-13	7.559024975e-13	2.488276390e-13	2.828888422e-13	4.944902990e-13	8.561268343e-13	8.211613514e-13	1.203370251e-12	4.192090114e-13	1.011662948e-12	9.421087653e-13	1.322509105e-12	9.401494925e-13	1.182496460e-12	1.192142111e-12	9.087257719e-13	6.517596153e-13	7.030021333e-13	1.285132209e-12	1.021308598e-12	1.169082977e-12	1.207213439e-12	1.117312963e-12	8.889823311e-13	7.302812385e-13	3.403106050e-13	7.593689032e-13	8.776034779e-13	1.105858753e-12	9.436158981e-13	1.168404768e-12	1.313692378e-12	1.393721134e-12	1.039017410e-12	1.128164320e-12	1.097795592e-12	3.932109692e-13	4.053433889e-13	1.083025690e-12	8.491940230e-13	8.684099673e-13	1.048135564e-12	6.773055177e-13	9.473083737e-13	9.592147235e-13	2.090393309e-13	5.721076424e-13	6.579388601e-13	9.136239538e-13	4.572641167e-13	6.702219931e-13	5.586941598e-13	4.527427181e-13	5.137815999e-13	4.877835576e-13	3.351863532e-13	3.476955561e-13	3.648015144e-13	1.023117158e-12	7.256844832e-13	1.035174221e-12	7.618556724e-13	9.722514229e-13	6.287758389e-13	4.667590539e-13	4.909485367e-13	5.809997265e-13	6.840876157e-13	9.235710308e-13	9.351005974e-13	1.176543285e-12	6.112177408e-13	1.961608804e-12	3.777673786e-11	1.771921059e-11	1.893433648e-11	2.119383010e-11	2.538697521e-11	2.812942956e-11	5.595004759e-12	2.564160531e-12	1.661312577e-12	1.252276713e-12	1.538104464e-12	1.294777860e-12	1.196286726e-12	8.408294355e-13	8.905648207e-13	6.984053781e-13	7.195052384e-13	1.044292375e-12	1.110078725e-12	7.005907207e-13	6.060934890e-13	7.115927908e-13	5.228243972e-13	5.844661321e-13	8.293752256e-13	1.076092879e-12	8.495708062e-13	5.531931248e-13	1.063282249e-12	8.958397857e-13	1.193046390e-12	7.423383016e-13	8.800902471e-13	6.383461327e-13	1.504344687e-12	8.224424143e-13	1.141201019e-12	9.994551715e-13	9.943309197e-13	1.205630950e-12	6.241037269e-13	9.855895489e-13	1.960026315e-13	3.419684512e-13	7.313362315e-13	4.452070537e-13	7.519085954e-13	8.818988066e-13	1.071119340e-12	6.177737688e-13	3.685693466e-13	4.648751378e-13	2.462655131e-13	5.736901320e-13	2.695507162e-13	2.504854852e-13	5.387246491e-13	3.831885355e-13	3.725632487e-13	1.030125326e-12	3.718096823e-13	7.075988886e-13	1.095308823e-12	7.850655188e-13	1.080011424e-12	9.149050167e-13	6.262137129e-13	9.162614363e-13	4.463374033e-13	6.783605107e-13	4.899689003e-13	8.009657708e-13	8.352530438e-13	8.773774079e-13	8.027743302e-13	8.410555054e-13	9.586118703e-13	1.006387983e-12	1.110606222e-12	1.009025465e-12	1.358604938e-12	1.420548099e-12	1.056500151e-12	9.277910029e-13	1.138638893e-12	7.256844832e-13
7.889087077e-13	3.485244792e-13	3.501823254e-13	8.762470583e-13	6.637413217e-13	6.707494896e-13	1.323262671e-13	1.018746472e-12	4.749729281e-13	1.024398221e-12	2.842452618e-13	7.010428606e-13	8.106867778e-13	9.974205421e-13	8.968947788e-13	1.139995313e-12	4.948670822e-13	4.502559488e-13	3.519908849e-13	8.421104985e-13	9.116646810e-13	9.660721781e-13	5.309629147e-13	9.014915341e-13	6.839369024e-13	9.648664718e-13	6.340508039e-13	7.579371269e-13	7.094828047e-13	8.644914218e-13	7.532650150e-13	1.260716657e-13	5.511584954e-13	9.447462478e-13	4.700747463e-13	5.198854880e-13	1.690249528e-13	-2.177053450e-13	3.240335699e-13	1.356419595e-13	2.442308837e-13	5.674355305e-14	1.356419595e-13	1.044443088e-13	4.596755294e-14	2.743735414e-13	7.503261059e-13	9.675039543e-13	7.668292109e-13	1.179030054e-12	9.404509191e-13	9.500212129e-13	1.275712629e-12	9.558236745e-13	9.517544157e-13	6.413603984e-13	5.630648451e-13	6.617066923e-13	4.246346898e-13	5.501788590e-13	7.577864136e-13	5.079037816e-13	8.660739113e-13	1.153408795e-12	1.182873243e-12	9.519051290e-13	5.433214044e-13	9.690110872e-13	1.147003481e-12	9.682575208e-13	1.002544794e-12	7.251569867e-13	1.342780042e-12	7.530389451e-13	9.139253803e-13	1.195081020e-12	1.083176403e-12	1.122437215e-12	9.206321217e-13	1.300504965e-12	9.555976046e-13	9.892066679e-13	6.751955317e-13	9.654693249e-13	1.514442478e-12	1.264107706e-12	1.352802476e-12	1.095911676e-12	1.006161913e-12	1.130198949e-12	8.486665265e-13	1.077826081e-12	9.414305555e-13	9.469315905e-13	7.278698259e-13	8.851391423e-13	6.763258813e-13	1.438482980e-12	1.020027535e-12	1.620846059e-12	1.437654057e-12	1.721974676e-12	1.661237220e-12	1.458979988e-12	1.687009193e-12	1.687385976e-12	1.649330871e-12	1.388295455e-12	1.435393358e-12	1.660332941e-12	1.626196381e-12	1.171871173e-12	1.178653271e-12	9.362309470e-13	1.335847231e-12	9.030740236e-13	9.909398707e-13	1.108496236e-12	1.554381499e-12	1.182496460e-12	1.472544183e-12	1.232985412e-12	1.085437102e-12	1.130575732e-12	6.350304403e-13	1.031783172e-12	1.003072290e-12	9.938034232e-13	1.044669158e-12	1.265087342e-12	1.615420381e-12	1.209398782e-12	1.232683985e-12	1.065166165e-12	7.382690428e-13	9.568786675e-13	9.353266673e-13	1.025227144e-12	5.420403414e-13	4.858242849e-13	9.268113665e-13	6.162666359e-13	6.582402867e-13	8.005136309e-13	1.082422837e-12	5.124251803e-13	5.053416557e-13	3.820581859e-13	4.265939626e-13	6.045863561e-13	8.579353937e-13	8.033771834e-13	7.644177983e-13	6.316393913e-13	7.507028891e-13	7.418108051e-13	8.389455194e-13	7.529635884e-13	6.037574330e-13	5.273457958e-13	4.120501303e-13	4.852214317e-13	7.397008191e-13	7.289248189e-13	1.963869503e-12	3.104000458e-11	1.726202183e-11	1.806110369e-11	1.985308469e-11	2.206224007e-11	2.491283120e-11	1.355974991e-11	3.431364792e-12	2.354292277e-12	1.943598566e-12	1.916093391e-12	1.670204661e-12	1.339162923e-12	1.393947204e-12	1.374429833e-12	1.687009193e-12	1.420020603e-12	1.242178922e-12	9.935773532e-13	1.443833302e-12	1.431324099e-12	7.295276721e-13	6.938086228e-13	1.263580209e-12	8.947094361e-13	6.507799789e-13	1.049265913e-12	1.265916265e-12	8.271145263e-13	1.073003256e-12	1.229745076e-12	7.496478961e-13	7.228209308e-13	1.487841582e-12	1.128315033e-12	8.442204845e-13	7.910940504e-13	5.363132365e-13	5.865761181e-13	1.076469662e-12	7.578617703e-13	8.122692674e-13	1.011889018e-12	1.806298760e-12	9.591393668e-13	1.423260938e-12	1.003072290e-12	1.080086781e-12	1.326729077e-12	1.211131985e-12	8.774527646e-13	5.008956137e-13	6.429428880e-13	6.935825528e-13	9.288459959e-13	1.063432962e-12	7.365358400e-13	9.964409057e-13	9.611739962e-13	5.650241179e-13	1.272396937e-12	1.076092879e-12	7.737620222e-13	7.954647357e-13	9.543165416e-13	9.965162623e-13	1.253633132e-12	8.145299667e-13	6.221444542e-13	1.245268545e-12	1.463652099e-12	1.259435594e-12	1.238637160e-12	1.553251149e-12	1.335696518e-12	1.277219762e-12	1.582414171e-12	1.064412599e-12	8.585382469e-13	9.467055206e-13	1.107365886e-12	1.025001074e-12	7.024746368e-13	8.804670303e-13	5.606534325e-13	1.076997158e-12
8.467826104e-13	3.369195560e-13	9.802392272e-13	8.859680654e-13	1.083251760e-12	8.091796450e-13	8.253059668e-13	1.482868044e-12	1.328612993e-12	1.025453214e-12	1.056274081e-12	1.138488180e-12	1.169685831e-12	1.588367346e-12	1.704115151e-12	1.576837779e-12	1.131178585e-12	8.121185541e-13	1.071119340e-12	1.120854725e-12	1.225977244e-12	1.221003705e-12	1.059363704e-12	1.506303960e-12	1.276466195e-12	1.366442029e-12	1.038866696e-12	1.438106197e-12	1.161321243e-12	1.305252433e-12	1.541118730e-12	9.620029193e-13	7.107638677e-13	1.072927900e-12	1.149113467e-12	8.883794780e-13	1.061322976e-12	7.977254351e-13	6.978025249e-13	1.000284095e-12	1.234869328e-12	1.086868879e-12	8.406787222e-13	3.230539335e-13	5.963724819e-13	7.081263851e-13	1.037208850e-12	1.701176242e-12	9.728542761e-13	1.369380938e-12	1.206459873e-12	1.575632073e-12	5.822807894e-13	1.196738866e-12	1.142708152e-12	1.607281863e-12	1.576234926e-12	1.207891649e-12	1.051828039e-12	1.378499092e-12	2.064319910e-12	1.628683150e-12	1.550387597e-12	1.724838228e-12	1.100734501e-12	1.563575010e-12	1.035852431e-12	1.167123705e-12	1.767866872e-12	1.689269892e-12	1.403216071e-12	1.471338477e-12	1.565609639e-12	1.498692939e-12	1.916018034e-12	1.453855736e-12	1.742697753e-12	1.813909782e-12	1.638253444e-12	1.211960908e-12	1.163808012e-12	1.271869440e-12	1.377896238e-12	1.450992183e-12	1.993484665e-12	1.288146475e-12	1.077750725e-12	1.242480349e-12	1.554230786e-12	1.444360799e-12	1.275411202e-12	1.613008968e-12	1.861083041e-12	1.475859876e-12	1.602157611e-12	1.602082255e-12	1.449108267e-12	1.467419932e-12	1.887005726e-12	1.980598678e-12	2.023250539e-12	1.861083041e-12	1.548503681e-12	1.642096633e-12	1.697031626e-12	1.377444099e-12	1.439462617e-12	1.673520353e-12	1.317384853e-12	1.082272123e-12	1.686481696e-12	1.283172937e-12	8.205584982e-13	1.239164657e-12	1.220777635e-12	1.271191230e-12	1.083854613e-12	1.400126448e-12	1.059966557e-12	1.202842754e-12	1.480984128e-12	8.002875610e-13	9.499458563e-13	1.429289470e-12	1.147229551e-12	1.318289133e-12	1.566513919e-12	9.088011285e-13	1.149490250e-12	1.089657075e-12	1.241500712e-12	1.301409245e-12	1.407963539e-12	1.504570757e-12	1.131253942e-12	1.378499092e-12	8.849130723e-13	1.372696630e-12	1.588065919e-12	1.505625750e-12	1.455438225e-12	1.452650029e-12	1.046176291e-12	1.934857195e-12	1.507283596e-12	1.581359178e-12	1.627778870e-12	1.706375850e-12	1.638027374e-12	1.505776464e-12	1.528684883e-12	1.551141163e-12	1.465686729e-12	1.071496123e-12	1.437804771e-12	9.161107230e-13	1.323262671e-12	1.175563649e-12	9.493430031e-13	9.589132969e-13	1.336450084e-12	9.573308074e-13	1.115429047e-12	1.323187315e-12	2.968222857e-12	2.909180926e-11	5.690255557e-11	2.019075781e-11	2.174566680e-11	2.420319768e-11	2.680978401e-11	3.160427513e-11	5.710300424e-12	2.697767861e-12	1.802681642e-12	1.735915655e-12	1.873064747e-12	1.742547040e-12	1.789117446e-12	1.602232968e-12	1.803661278e-12	1.130575732e-12	1.872235824e-12	1.643829836e-12	2.043220050e-12	1.906899880e-12	1.476613442e-12	1.688516326e-12	1.871632971e-12	1.865227656e-12	1.808785530e-12	1.148585970e-12	1.398167176e-12	1.461391400e-12	1.356947091e-12	1.114147984e-12	1.110229438e-12	1.555813275e-12	1.547825471e-12	1.078579648e-12	9.742860523e-13	1.449786477e-12	1.265162699e-12	1.269307314e-12	1.326050867e-12	1.351219986e-12	1.376690532e-12	1.125526837e-12	1.686180270e-12	1.518888520e-12	1.423411651e-12	1.545037275e-12	5.933582161e-13	9.909398707e-13	6.882322311e-13	1.038188487e-12	1.030049969e-12	1.386336183e-12	1.414368854e-12	1.145722418e-12	7.939576028e-13	1.160190893e-12	6.964461053e-13	8.627582190e-13	1.385884043e-12	1.004277997e-12	1.051451256e-12	1.250995650e-12	1.422432015e-12	1.803887348e-12	1.716247571e-12	1.169911901e-12	1.616776800e-12	1.249488517e-12	1.077524655e-12	8.565036175e-13	1.499672575e-12	1.612933612e-12	1.283248293e-12	1.312486671e-12	1.247453887e-12	1.398091819e-12	9.865691853e-13	1.719111123e-12	1.474880239e-12	1.476990225e-12	1.529287737e-12	1.169761187e-12	1.255969188e-12	1.444134729e-12	1.074585746e-12
1.958293112e-12	1.815718341e-12	1.906146314e-12	1.627251374e-12	1.980447965e-12	1.630717780e-12	1.938172888e-12	1.740135627e-12	2.021140553e-12	2.457530879e-12	2.123474876e-12	2.393327018e-12	1.954675993e-12	2.030334064e-12	1.727927851e-12	2.389709900e-12	1.922724776e-12	1.711876885e-12	2.021818763e-12	2.116391351e-12	2.323848193e-12	2.296870514e-12	1.821219376e-12	1.811724439e-12	2.238996611e-12	1.888889642e-12	1.875400803e-12	1.482943400e-12	1.877586146e-12	1.626497807e-12	1.236527174e-12	1.161773383e-12	1.677589612e-12	1.645638395e-12	1.250317440e-12	1.397790392e-12	1.867940495e-12	1.825966845e-12	1.704341221e-12	1.825740775e-12	2.093935071e-12	2.378180333e-12	2.244346933e-12	2.163187827e-12	2.038171155e-12	1.782184634e-12	1.810820159e-12	1.622503905e-12	1.617228940e-12	1.767188662e-12	1.640514143e-12	1.689872745e-12	1.402010365e-12	2.082706931e-12	2.187151240e-12	1.635314535e-12	1.953771713e-12	1.772538984e-12	2.188733730e-12	2.114959575e-12	1.752117333e-12	1.546393695e-12	1.581434534e-12	1.746616298e-12	1.516100324e-12	1.516778534e-12	1.211508768e-12	1.767037949e-12	1.453177526e-12	1.386336183e-12	1.277445832e-12	9.185974923e-13	1.417157050e-12	1.440216183e-12	1.469680631e-12	1.460863904e-12	1.645864465e-12	9.142268069e-13	1.444586869e-12	1.539234814e-12	1.584825583e-12	1.055294445e-12	1.561314310e-12	1.306608853e-12	1.320097692e-12	1.478497358e-12	1.432529805e-12	1.047834137e-12	1.121231508e-12	1.080237494e-12	1.364181329e-12	9.456505275e-13	1.339012210e-12	1.204425244e-12	1.405552127e-12	1.479326281e-12	1.309999902e-12	7.920736867e-13	1.209549495e-12	1.671259654e-12	1.147304907e-12	1.190634978e-12	1.057630501e-12	1.319946979e-12	1.263655566e-12	1.039017410e-12	1.069160067e-12	1.186339649e-12	6.528899650e-13	6.496496293e-13	8.378151697e-13	5.124251803e-13	4.682661868e-13	6.451282306e-13	8.265870298e-13	7.938068896e-13	3.838667453e-13	3.742964515e-13	5.439996142e-13	5.879325377e-13	6.298308319e-13	8.277927361e-13	7.010428606e-13	8.146806800e-13	9.545426115e-13	1.027111060e-12	1.016184346e-12	1.039394193e-12	8.704445967e-13	8.424119250e-13	1.116936180e-12	9.647157585e-13	1.066371871e-12	6.675091539e-13	9.322370449e-13	7.943343861e-13	9.283938560e-13	1.057630501e-12	1.083176403e-12	8.738356457e-13	6.192809017e-13	1.141653159e-12	1.160944460e-12	1.161471956e-12	5.662298242e-13	1.047155927e-12	7.563546374e-13	7.229716440e-13	7.278698259e-13	2.686464364e-13	7.537171549e-13	7.919229735e-13	7.705216865e-13	6.491974894e-13	4.105429974e-13	6.938086228e-13	7.762487915e-13	6.397025523e-13	9.003611844e-13	1.231553635e-12	1.547147261e-12	1.312637385e-12	7.233484273e-13	1.726043934e-12	7.151119461e-12	4.008996076e-11	7.063833860e-11	2.098757896e-11	2.312507018e-11	2.512352838e-11	2.823281887e-11	3.209062691e-11	1.209428925e-11	4.293294088e-12	2.377502123e-12	2.051961420e-12	1.578797052e-12	1.989340049e-12	1.934932552e-12	1.999136413e-12	1.517381387e-12	1.960704524e-12	1.535165555e-12	1.470509554e-12	1.343232182e-12	1.718206843e-12	1.480984128e-12	1.185360013e-12	1.063282249e-12	9.921455770e-13	9.252288770e-13	1.133288571e-12	5.527409849e-13	5.149119495e-13	1.031481745e-12	9.887545280e-13	9.551454647e-13	4.785146904e-13	1.020931815e-12	1.275637272e-12	1.186791789e-12	1.309472406e-12	8.528111419e-13	8.054118128e-13	1.126581830e-12	1.128842529e-12	1.092897410e-12	8.359312536e-13	1.056650864e-12	1.385959399e-12	1.283399007e-12	1.084457466e-12	1.222736908e-12	9.311820519e-13	1.182797887e-12	1.144818138e-12	1.097644879e-12	1.583017024e-12	1.179708264e-12	1.488821219e-12	1.726345361e-12	1.847970985e-12	1.661915430e-12	1.502234701e-12	1.199677775e-12	1.512031065e-12	1.601404045e-12	1.344890028e-12	1.512483205e-12	1.125828264e-12	1.805545194e-12	1.467947428e-12	1.317008070e-12	1.969069112e-12	1.754302676e-12	1.675630339e-12	1.469303848e-12	1.836893558e-12	1.526650254e-12	1.205630950e-12	1.449183624e-12	1.838174621e-12	9.647911152e-13	1.153408795e-12	8.320127081e-13	1.295983566e-12	8.213120647e-13	1.372545917e-12	1.264333776e-12	1.406757833e-12	1.401859651e-12
1.911798062e-12	2.043370763e-12	1.910441643e-12	1.661840074e-12	1.417910616e-12	1.191162474e-12	1.163581942e-12	1.805997334e-12	2.121817030e-12	1.274732993e-12	1.587010926e-12	1.402387148e-12	1.560786814e-12	1.563575010e-12	1.647522311e-12	1.623860325e-12	1.660709724e-12	1.935987545e-12	2.130181617e-12	2.076000190e-12	1.934706482e-12	1.702457305e-12	2.251430457e-12	2.176525953e-12	1.596279793e-12	1.688591682e-12	2.140354764e-12	2.109684610e-12	1.818280467e-12	1.698614116e-12	1.965527350e-12	2.018050931e-12	1.747972718e-12	1.636444885e-12	1.843374229e-12	1.572994590e-12	1.796653110e-12	1.510599289e-12	1.382568350e-12	1.457246785e-12	1.503138981e-12	1.711650815e-12	1.717754704e-12	1.680001025e-12	1.282117944e-12	1.222209412e-12	1.200205271e-12	1.558601471e-12	1.903433475e-12	1.861911964e-12	1.671259654e-12	1.798763096e-12	1.786781390e-12	1.693037724e-12	1.675328913e-12	1.860781614e-12	2.118953477e-12	2.368308613e-12	2.400033760e-12	1.981578315e-12	1.750158061e-12	2.248566905e-12	2.269591409e-12	2.092352582e-12	2.000869616e-12	1.982181168e-12	2.134476946e-12	2.294383745e-12	2.136963715e-12	2.018126287e-12	2.439897425e-12	2.240654457e-12	1.684070284e-12	2.334096696e-12	1.809614453e-12	1.466591009e-12	1.646090535e-12	1.908783797e-12	2.041260777e-12	1.790473865e-12	1.775477893e-12	1.874270453e-12	1.555361135e-12	1.732675319e-12	1.053335172e-12	1.082573550e-12	1.171192963e-12	1.378122308e-12	1.377519455e-12	7.585399801e-13	1.041428822e-12	6.381954194e-13	1.262600573e-12	1.369154868e-12	1.493493331e-12	9.630579123e-13	1.561691094e-12	1.313164881e-12	1.697785193e-12	1.297038559e-12	8.118171275e-13	1.322509105e-12	9.545426115e-13	1.544208352e-12	1.634033472e-12	1.295230000e-12	1.573748157e-12	1.618434647e-12	1.917374454e-12	1.717302564e-12	1.677891039e-12	1.720618256e-12	1.640288073e-12	1.476538086e-12	1.690626312e-12	1.413313861e-12	1.832899656e-12	1.706827990e-12	1.485656240e-12	1.436825134e-12	1.433810868e-12	1.341725049e-12	1.667793248e-12	1.557018982e-12	1.530644156e-12	1.565006786e-12	1.571487457e-12	1.365311679e-12	1.474202030e-12	1.405024630e-12	1.380533721e-12	1.264861272e-12	1.426275204e-12	1.604116884e-12	1.685351347e-12	2.105163211e-12	1.469379204e-12	1.779471795e-12	1.175639006e-12	1.490554421e-12	1.529061667e-12	1.636369528e-12	1.563499653e-12	1.513688911e-12	1.241500712e-12	1.492965834e-12	1.887910006e-12	1.403592854e-12	1.616852157e-12	1.341649693e-12	1.345643595e-12	1.174508656e-12	1.500727568e-12	1.472920967e-12	1.748650928e-12	1.782561418e-12	1.441346533e-12	1.052581606e-12	9.326138281e-13	1.743978816e-12	1.762817977e-12	1.768092942e-12	1.892205335e-12	2.137265142e-12	1.191742720e-11	3.950775533e-11	8.058993702e-11	5.410320695e-11	2.188063055e-11	2.401510750e-11	2.572525118e-11	2.836695370e-11	3.282098351e-11	4.232631989e-12	2.564160531e-12	1.762667263e-12	1.521676715e-12	1.339388993e-12	1.488971932e-12	1.281138307e-12	1.700573389e-12	1.840661390e-12	1.609467206e-12	1.594848017e-12	1.588593415e-12	1.970877671e-12	1.596807290e-12	1.623106759e-12	1.102919844e-12	1.247529244e-12	1.249337803e-12	1.363729189e-12	1.379629441e-12	1.755131599e-12	1.538556604e-12	1.776608243e-12	1.751589837e-12	1.515949611e-12	1.582715597e-12	1.570131038e-12	1.843826369e-12	1.790097082e-12	1.599143346e-12	1.756789445e-12	1.788589949e-12	1.886855013e-12	1.347904294e-12	1.385431903e-12	1.337580434e-12	1.380835148e-12	1.681583514e-12	1.115202977e-12	1.222887621e-12	1.358002084e-12	1.187846782e-12	1.326201581e-12	1.411882085e-12	1.425898421e-12	1.205103453e-12	1.609090423e-12	1.600801192e-12	1.647673025e-12	1.139091033e-12	1.401407511e-12	1.887910006e-12	1.516401750e-12	1.758070508e-12	1.509318226e-12	1.863193027e-12	1.522430282e-12	1.341725049e-12	1.200280628e-12	1.596656576e-12	1.663347206e-12	1.572617807e-12	2.069142735e-12	1.890924272e-12	1.716775067e-12	1.495377247e-12	1.696202703e-12	1.702758731e-12	1.675630339e-12	1.705245501e-12	1.773066480e-12	1.902529195e-12	2.069444162e-12	2.378029620e-12	1.967863406e-12	1.722502172e-12	2.001773895e-12	1.923704412e-12
1.771483991e-12	1.790247795e-12	2.256630066e-12	1.544359065e-12	1.974042650e-12	1.804640914e-12	1.951812440e-12	1.757015515e-12	2.124680582e-12	1.887910006e-12	2.131613393e-12	1.772086844e-12	1.962437727e-12	2.531531104e-12	2.266577143e-12	2.070047015e-12	2.316840025e-12	2.378557116e-12	1.828378257e-12	2.785030855e-12	2.589781790e-12	2.453913760e-12	2.484659271e-12	2.692191469e-12	2.474862907e-12	2.317066095e-12	2.185267324e-12	2.089564386e-12	2.134778372e-12	1.981352245e-12	2.094990064e-12	1.994539658e-12	2.575087244e-12	2.355196557e-12	2.104032862e-12	2.428593928e-12	2.034855462e-12	2.265974290e-12	1.910818426e-12	1.926643321e-12	1.802229502e-12	1.887834649e-12	2.438239578e-12	1.525972044e-12	1.980221895e-12	2.098908610e-12	1.642624129e-12	2.199886513e-12	2.030032637e-12	1.857993418e-12	1.731846396e-12	1.763270117e-12	2.115939211e-12	1.708561193e-12	1.714891151e-12	1.633355262e-12	1.838249978e-12	1.699367682e-12	1.351596770e-12	1.850457754e-12	1.641041640e-12	1.957916329e-12	1.564479289e-12	1.857691992e-12	1.547524044e-12	1.506680743e-12	1.535014841e-12	1.792508495e-12	1.568774618e-12	1.449711120e-12	1.496507596e-12	1.671561081e-12	2.520679747e-12	2.729040868e-12	2.510506600e-12	2.512541230e-12	2.403801592e-12	2.471095075e-12	2.214053562e-12	2.720299497e-12	2.383530655e-12	2.117446344e-12	1.578194199e-12	1.807504467e-12	1.721597892e-12	1.471489190e-12	1.835913922e-12	2.120912750e-12	1.846539208e-12	2.023175182e-12	1.900871349e-12	1.642247346e-12	1.613159681e-12	1.801099152e-12	1.668019318e-12	2.066580609e-12	1.938323601e-12	2.184513757e-12	1.675027486e-12	2.227617758e-12	1.803058425e-12	1.806524830e-12	2.227994541e-12	1.902453838e-12	1.350767847e-12	1.505248967e-12	1.712102955e-12	1.330044769e-12	2.122193813e-12	1.484149107e-12	1.319871622e-12	1.648878731e-12	1.298621049e-12	1.668923598e-12	1.559053611e-12	2.194837618e-12	2.004034595e-12	1.684673137e-12	1.769976858e-12	1.561615737e-12	1.247378531e-12	1.385884043e-12	1.514367121e-12	1.767339375e-12	2.246230849e-12	1.823404719e-12	1.994765727e-12	1.912476272e-12	1.491684771e-12	2.248792975e-12	1.628758507e-12	2.219328527e-12	2.115411715e-12	1.907954873e-12	2.292650542e-12	1.951284944e-12	2.353990850e-12	2.251957954e-12	1.893184971e-12	2.029128357e-12	1.803284495e-12	2.192049422e-12	2.464915830e-12	1.954073140e-12	2.233797003e-12	2.448337369e-12	2.385339214e-12	2.559111636e-12	2.276524220e-12	1.869296915e-12	1.630265640e-12	1.932521139e-12	1.701477668e-12	1.780074648e-12	1.937268608e-12	1.701854452e-12	1.756789445e-12	1.860555544e-12	2.017598791e-12	1.683090647e-12	2.042843266e-12	2.312770766e-12	2.095517561e-12	2.414803662e-12	9.963580134e-12	3.895840539e-11	7.932816537e-11	5.788068481e-11	2.253585658e-11	2.428631606e-11	2.624845236e-11	2.941561676e-11	3.378577462e-11	2.290156237e-11	4.558775545e-12	3.327824763e-12	2.723841260e-12	2.240805171e-12	2.978697430e-12	2.851193988e-12	2.363561144e-12	2.138696918e-12	2.046460385e-12	2.066655966e-12	1.915716608e-12	1.406079623e-12	1.537275541e-12	1.711274032e-12	1.772991124e-12	1.533658422e-12	2.440650991e-12	1.961156664e-12	1.824007572e-12	1.635013108e-12	1.419568463e-12	1.389576518e-12	1.748123431e-12	1.575255289e-12	1.553175793e-12	2.003582455e-12	1.910592356e-12	1.703738368e-12	1.784294620e-12	1.610220772e-12	1.137207117e-12	1.758673361e-12	1.480833414e-12	1.426199847e-12	1.280912237e-12	1.731921753e-12	1.697559123e-12	2.090016526e-12	1.502234701e-12	1.558375401e-12	1.716096857e-12	1.097268096e-12	1.550915093e-12	1.567870338e-12	1.842017810e-12	1.937343965e-12	1.922649419e-12	1.817150117e-12	1.757166228e-12	1.116257970e-12	1.672239291e-12	1.870351908e-12	2.105163211e-12	1.779170369e-12	1.764023683e-12	1.839003544e-12	1.614666814e-12	1.725742508e-12	2.105992134e-12	1.728304634e-12	2.065827043e-12	1.732599962e-12	1.891301055e-12	2.140053337e-12	1.752041977e-12	1.762968690e-12	1.282344014e-12	1.417157050e-12	1.543078002e-12	1.583770590e-12	1.801099152e-12	1.952339937e-12	1.710595822e-12	1.634937752e-12	1.882408971e-12	1.988812553e-12	2.174642037e-12
2.079165169e-12	2.124831295e-12	2.234625926e-12	2.301919409e-12	1.813834425e-12	2.047666092e-12	1.828076831e-12	1.592813388e-12	1.780074648e-12	2.384359578e-12	1.624689248e-12	2.497017761e-12	2.097853617e-12	2.580362209e-12	2.395813788e-12	2.064772050e-12	2.344345200e-12	1.927999741e-12	1.957388832e-12	2.389709900e-12	2.309681143e-12	2.165523883e-12	2.255725786e-12	2.630399021e-12	2.925570996e-12	2.449543075e-12	2.472903635e-12	2.366801480e-12	2.788798687e-12	2.430251774e-12	2.299960136e-12	2.582246125e-12	2.401616249e-12	2.375392137e-12	2.282100612e-12	2.064545980e-12	2.151432191e-12	1.793714201e-12	2.329273871e-12	2.608018098e-12	2.587370377e-12	2.493928138e-12	2.701686406e-12	2.731829064e-12	2.263939660e-12	2.999043724e-12	2.578176867e-12	2.910575024e-12	2.639366462e-12	2.642531441e-12	2.525276502e-12	2.584506825e-12	2.588199300e-12	2.333117060e-12	2.228522038e-12	2.100491099e-12	2.493400642e-12	2.726101959e-12	2.620301231e-12	2.742680421e-12	3.030166018e-12	2.488803887e-12	2.598598517e-12	2.572449762e-12	2.523844726e-12	2.671769819e-12	2.565064810e-12	2.331760640e-12	2.579457930e-12	2.164468890e-12	2.122947379e-12	1.941714650e-12	2.265823577e-12	2.072157001e-12	2.007576357e-12	1.999362483e-12	1.823706145e-12	2.269139269e-12	2.437862795e-12	2.325204612e-12	2.308249367e-12	2.268234989e-12	2.717360588e-12	2.253163660e-12	2.535525006e-12	2.091975798e-12	2.436883159e-12	2.579231860e-12	2.124605225e-12	2.132819100e-12	2.337487745e-12	1.722878955e-12	1.935007909e-12	2.062511351e-12	2.153768247e-12	2.423243606e-12	2.310133283e-12	2.649238182e-12	2.147212219e-12	2.839136925e-12	2.452557341e-12	2.607942741e-12	2.713517399e-12	2.377276053e-12	2.254896863e-12	2.437184585e-12	2.661822742e-12	2.487296754e-12	2.258966122e-12	2.688574350e-12	2.499655243e-12	2.454818040e-12	2.499579887e-12	2.705228169e-12	2.495661341e-12	2.881035219e-12	2.579834713e-12	3.106125516e-12	2.901155443e-12	3.011628284e-12	2.816379219e-12	2.647354266e-12	2.512616586e-12	2.834088030e-12	2.093859715e-12	2.851118632e-12	2.795656142e-12	2.774330211e-12	3.148777376e-12	2.863024981e-12	2.672297315e-12	3.231669685e-12	3.067693627e-12	2.717511302e-12	3.045538774e-12	2.807185708e-12	3.194594216e-12	2.597016028e-12	2.562351971e-12	2.505834488e-12	2.894448702e-12	2.836198016e-12	3.068974690e-12	3.091355613e-12	2.927078129e-12	2.939888759e-12	3.164677628e-12	2.743886127e-12	2.671619105e-12	2.736576533e-12	2.572751188e-12	2.565516950e-12	2.840568702e-12	2.712311693e-12	2.991960200e-12	2.804548226e-12	2.518720474e-12	2.203428275e-12	2.749688589e-12	2.692116113e-12	2.792943302e-12	3.274999755e-12	3.438297603e-12	4.425469641e-12	1.331212797e-11	5.730993359e-11	9.701067728e-11	8.686111695e-11	7.160704826e-11	2.762099828e-11	3.006398533e-11	3.200494641e-11	3.588543680e-11	4.078987327e-11	1.077064979e-11	6.084370806e-12	4.363451123e-12	4.077397302e-12	3.811689775e-12	3.779211061e-12	3.352164959e-12	2.900627947e-12	2.669885903e-12	2.843809037e-12	2.330479577e-12	2.639592532e-12	2.585260391e-12	2.701158910e-12	2.741550071e-12	2.465970823e-12	2.345249479e-12	2.797916841e-12	2.554891664e-12	2.401842319e-12	2.758505316e-12	2.554062740e-12	2.251581171e-12	2.410206907e-12	2.211642149e-12	2.673352308e-12	2.289560919e-12	2.190768359e-12	2.504101285e-12	2.666268784e-12	2.379235326e-12	2.365746487e-12	2.478706096e-12	1.924382622e-12	2.020386987e-12	2.292650542e-12	2.336055969e-12	2.575087244e-12	2.368082543e-12	2.653156728e-12	2.310811493e-12	2.718189511e-12	2.402143746e-12	3.114942243e-12	2.708016364e-12	2.524296866e-12	2.314730039e-12	2.583075048e-12	2.673804448e-12	2.645244280e-12	2.362280081e-12	2.883371275e-12	3.023157850e-12	2.762951358e-12	3.185928202e-12	2.842000478e-12	2.937401989e-12	2.275544584e-12	2.495510628e-12	2.524749006e-12	2.486166404e-12	2.268084276e-12	2.294986598e-12	1.944427489e-12	1.885875377e-12	2.681867609e-12	2.397848417e-12	2.248868332e-12	2.009384916e-12	2.486618544e-12	2.085570484e-12	2.303049759e-12	2.240428387e-12	2.441630627e-12	2.339974514e-12	2.526708279e-12	1.999362483e-12
3.916209440e-12	3.400694638e-12	3.239280706e-12	3.616742136e-12	3.589086248e-12	3.736031704e-12	3.766701858e-12	3.525560597e-12	3.601896877e-12	3.803174474e-12	3.887197132e-12	4.083124407e-12	3.604911143e-12	4.025702644e-12	4.314620018e-12	4.157049275e-12	4.202112548e-12	4.233310199e-12	3.815306894e-12	4.088776155e-12	4.198344716e-12	3.996991763e-12	3.958409161e-12	3.793604180e-12	3.711992935e-12	3.850423090e-12	3.642890892e-12	3.779211061e-12	3.558491450e-12	3.492705100e-12	3.854040209e-12	4.023441945e-12	3.426315897e-12	3.403106050e-12	3.279219727e-12	3.164225488e-12	3.409888148e-12	3.387507225e-12	3.493609380e-12	4.140094030e-12	3.823671481e-12	3.549825436e-12	4.167900632e-12	3.848840600e-12	3.481627673e-12	4.008973469e-12	3.301826720e-12	3.487430135e-12	3.220290831e-12	3.815683677e-12	3.570096374e-12	3.451032876e-12	3.517422079e-12	4.022085525e-12	3.889457832e-12	3.619982472e-12	3.475825212e-12	3.741834166e-12	4.007390980e-12	3.970164797e-12	3.839797803e-12	3.996539623e-12	3.856451621e-12	3.925930447e-12	3.689988794e-12	3.640102696e-12	4.088700799e-12	3.904227734e-12	4.403164075e-12	4.226678814e-12	4.743474680e-12	4.516726538e-12	4.375658900e-12	4.430744607e-12	4.504518761e-12	4.731794400e-12	4.670077308e-12	4.151774310e-12	4.209572856e-12	4.531496440e-12	4.556966986e-12	4.411151879e-12	4.248456884e-12	4.476862873e-12	4.511526929e-12	4.665329840e-12	4.447549138e-12	4.273023150e-12	4.333534536e-12	4.412960439e-12	4.155542142e-12	4.145293638e-12	4.017790197e-12	3.839647090e-12	4.108293526e-12	4.199475066e-12	4.310173976e-12	3.775518586e-12	3.765948292e-12	3.974987623e-12	4.420797530e-12	4.444459516e-12	4.629610790e-12	3.975967259e-12	4.473773250e-12	4.284025220e-12	3.954339902e-12	4.344536606e-12	4.139792603e-12	4.491105279e-12	3.994957133e-12	3.899857048e-12	4.287190199e-12	4.226452744e-12	3.983879707e-12	3.777703928e-12	3.921710475e-12	3.417197743e-12	3.645603731e-12	4.000533525e-12	4.177546282e-12	4.125851624e-12	3.972124070e-12	4.060140631e-12	4.113719205e-12	4.120802729e-12	4.675729057e-12	4.237982311e-12	4.189452632e-12	4.343933752e-12	4.506251964e-12	4.488317083e-12	4.474150034e-12	4.658397029e-12	4.575730790e-12	4.234214479e-12	4.567215489e-12	4.739103994e-12	4.476335376e-12	4.577463993e-12	4.609038427e-12	4.172271317e-12	4.067827008e-12	4.148458618e-12	4.563296944e-12	4.370760718e-12	4.439712047e-12	4.194275457e-12	4.706851351e-12	4.456215152e-12	4.102189638e-12	3.929472210e-12	4.121556296e-12	4.814460639e-12	4.384400270e-12	4.688690399e-12	4.209874283e-12	4.276866339e-12	4.914082122e-12	4.973689228e-12	4.327204577e-12	4.602256329e-12	5.085292418e-12	7.288117840e-12	1.699970536e-11	6.511484729e-11	1.050060926e-10	3.920308842e-11	2.910258526e-11	3.112176654e-11	3.281940102e-11	3.530910919e-11	3.961008965e-11	4.448589060e-11	4.804845131e-11	1.112120890e-11	8.415076453e-12	6.729272967e-12	6.513828321e-12	6.005999896e-12	5.439242575e-12	5.307217735e-12	5.400358547e-12	4.856208219e-12	5.168787579e-12	4.864196024e-12	4.182971961e-12	4.189075849e-12	4.130373023e-12	3.721035732e-12	4.197289723e-12	4.272721724e-12	4.298041556e-12	3.608905045e-12	4.704289225e-12	3.956223818e-12	4.473848607e-12	4.675578343e-12	4.025476574e-12	4.450111264e-12	4.488693866e-12	4.490879209e-12	4.789366876e-12	4.664576273e-12	4.157652128e-12	4.332253473e-12	4.209271429e-12	3.431967645e-12	3.865419062e-12	3.787877075e-12	4.162625667e-12	3.949592434e-12	4.145896492e-12	4.339487710e-12	4.150342534e-12	4.148232548e-12	4.372870704e-12	3.800009495e-12	4.010103819e-12	3.955847035e-12	4.365711823e-12	4.210853919e-12	4.174230590e-12	3.734599928e-12	4.033012239e-12	4.064435959e-12	4.162173527e-12	4.066018449e-12	4.471964691e-12	4.116582757e-12	4.401656942e-12	3.801893411e-12	3.815909747e-12	4.384023487e-12	4.235721611e-12	3.640705549e-12	4.001739231e-12	3.906413076e-12	4.004452071e-12	3.867679761e-12	4.082822980e-12	4.521700076e-12	4.259534311e-12	4.424490005e-12	4.618834790e-12	4.678215826e-12	4.324567095e-12	4.215149248e-12	4.245065835e-12	4.436396355e-12	4.260815374e-12
5.572849905e-12	5.254769510e-12	5.471043079e-12	5.730872788e-12	5.708341152e-12	6.330636319e-12	5.526430213e-12	5.578953794e-12	5.596813318e-12	6.050234246e-12	5.735469543e-12	5.865309041e-12	5.986633238e-12	5.431480841e-12	5.444442184e-12	5.609473234e-12	5.086498124e-12	5.567273514e-12	5.889121741e-12	6.090776121e-12	5.417992002e-12	5.141131691e-12	5.555367164e-12	4.972558878e-12	5.970959056e-12	5.732530634e-12	5.699901207e-12	5.598923304e-12	5.148516642e-12	5.703066186e-12	5.429144785e-12	5.479483023e-12	5.795001292e-12	5.467350604e-12	4.938422318e-12	4.961255381e-12	5.521607387e-12	5.002701536e-12	5.045353396e-12	4.945430486e-12	5.509550324e-12	4.818755967e-12	5.215584055e-12	5.062308641e-12	5.196895608e-12	5.054019410e-12	5.338716812e-12	5.783848509e-12	4.919583157e-12	5.137740642e-12	5.309855217e-12	5.276698294e-12	5.208877314e-12	5.571719556e-12	5.544515807e-12	5.777141768e-12	5.856341601e-12	5.658605766e-12	5.933054664e-12	6.057393127e-12	5.831926048e-12	6.102531757e-12	5.796357712e-12	5.992360343e-12	6.040437882e-12	5.666442857e-12	5.669004983e-12	5.453409624e-12	5.983618973e-12	5.766365768e-12	6.031093659e-12	5.855437321e-12	5.774278215e-12	6.160857800e-12	5.865082971e-12	6.454673355e-12	6.333575228e-12	6.012932707e-12	6.397854446e-12	6.420913579e-12	5.907584119e-12	7.851936251e-12	7.823752866e-12	7.682760585e-12	7.520894514e-12	7.786978824e-12	7.868891496e-12	7.372743351e-12	7.201608412e-12	7.295728861e-12	7.207712300e-12	7.208465867e-12	7.489621506e-12	7.579597339e-12	7.547344696e-12	7.267093336e-12	7.127834258e-12	7.157826202e-12	7.380279016e-12	7.768365733e-12	7.591579046e-12	7.683288082e-12	7.506878178e-12	7.338456078e-12	7.546817199e-12	6.989931599e-12	7.227078958e-12	7.073125334e-12	7.074858537e-12	7.216001531e-12	7.379902232e-12	7.237930315e-12	7.698284054e-12	7.293618875e-12	7.139966677e-12	7.403112079e-12	7.357596666e-12	7.718554991e-12	7.477263017e-12	7.725412446e-12	7.503863912e-12	7.545536136e-12	7.498890373e-12	7.395199631e-12	7.743422684e-12	7.245993476e-12	7.002666872e-12	7.424664079e-12	7.399570316e-12	7.346971379e-12	7.260989448e-12	7.157826202e-12	6.936880521e-12	7.357672022e-12	7.775976754e-12	7.317733001e-12	7.112913642e-12	7.264229784e-12	7.195805951e-12	6.958583235e-12	7.432350457e-12	7.818176475e-12	7.452621394e-12	7.240793867e-12	7.155038006e-12	7.578014850e-12	7.355486680e-12	7.592935465e-12	7.251117727e-12	7.793911635e-12	7.890669566e-12	7.307785924e-12	7.691878739e-12	7.593161535e-12	7.649452948e-12	7.889162434e-12	8.292998690e-12	8.320202438e-12	8.973092403e-12	8.907908906e-12	9.502623542e-12	1.104743475e-11	1.481677409e-11	2.564680492e-11	4.977464596e-11	1.089776138e-10	1.403793303e-10	1.426917996e-10	1.319845248e-10	1.146088651e-10	3.721193981e-11	3.960345827e-11	4.230861108e-11	4.617387943e-11	5.079874275e-11	5.607069358e-11	6.368917494e-11	2.333750056e-11	1.706112102e-11	1.385431903e-11	1.233791728e-11	1.166249568e-11	1.055656157e-11	1.033207412e-11	9.920852917e-12	9.619275627e-12	9.351232043e-12	9.269244015e-12	9.515735598e-12	9.232469972e-12	9.173164293e-12	8.721325855e-12	8.582518916e-12	8.651545602e-12	8.455090831e-12	8.501209097e-12	8.619820455e-12	8.493145936e-12	8.284634102e-12	7.933924280e-12	8.112594883e-12	7.822999300e-12	8.064517344e-12	7.879592140e-12	7.753595831e-12	7.740106991e-12	8.122994100e-12	7.942514938e-12	8.289682997e-12	8.347330830e-12	8.307617879e-12	8.545292734e-12	8.165721318e-12	8.625924343e-12	8.045904253e-12	8.834586891e-12	8.400457264e-12	8.574606469e-12	7.944172784e-12	8.732855421e-12	8.679427561e-12	8.177929094e-12	8.507840482e-12	8.850637856e-12	8.670686190e-12	8.776788345e-12	8.440320929e-12	7.902575916e-12	7.925484336e-12	8.587191028e-12	8.318695305e-12	8.345823697e-12	8.426153880e-12	8.585683895e-12	8.011315554e-12	8.525624650e-12	8.134523667e-12	7.963539441e-12	8.035806463e-12	7.703182236e-12	7.617200305e-12	7.705669005e-12	8.235275500e-12	8.268507780e-12	8.335424480e-12	8.081849373e-12	8.153664255e-12	8.237310130e-12	8.130906548e-12	8.313797123e-12	7.515920975e-12
6.818419877e-12	6.925953808e-12	7.060163991e-12	7.315396945e-12	6.904477164e-12	6.806136744e-12	6.608476266e-12	6.705535624e-12	6.997768690e-12	6.831758003e-12	6.876821276e-12	7.522024863e-12	7.123614286e-12	7.521949507e-12	7.391055016e-12	6.951198284e-12	6.855570702e-12	7.170712188e-12	7.274930427e-12	7.037933781e-12	7.687658767e-12	7.703559019e-12	7.607102514e-12	7.252624860e-12	7.927142182e-12	7.481256919e-12	7.816367915e-12	7.213966902e-12	7.436645785e-12	7.197463797e-12	7.431672247e-12	7.410346317e-12	7.667312473e-12	8.039046799e-12	7.779970656e-12	7.572965955e-12	7.249535238e-12	7.549906822e-12	7.851031972e-12	7.380279016e-12	7.201156272e-12	6.864236716e-12	7.038235208e-12	7.157600132e-12	6.196275423e-12	6.722716939e-12	6.963782843e-12	7.272895798e-12	7.198443433e-12	6.816008464e-12	6.918719570e-12	7.108316887e-12	7.282089308e-12	7.365358400e-12	6.946827598e-12	6.946224745e-12	7.250514874e-12	6.625808294e-12	6.582252154e-12	6.559795874e-12	6.940045500e-12	6.692423568e-12	5.934335727e-12	6.485418866e-12	6.628370420e-12	6.400717998e-12	7.010654676e-12	6.416693607e-12	6.864462786e-12	6.896715430e-12	7.189475993e-12	7.512454569e-12	6.953157556e-12	7.870323272e-12	6.884356940e-12	7.147050202e-12	7.425040862e-12	7.883133902e-12	7.562566738e-12	7.665051774e-12	7.692180166e-12	7.451867827e-12	6.845698982e-12	7.249007741e-12	7.096335180e-12	6.959186088e-12	6.796943233e-12	6.957000745e-12	6.725580491e-12	7.098294453e-12	7.459177422e-12	6.956699319e-12	7.263174790e-12	6.687751456e-12	6.952856130e-12	6.914801025e-12	7.148180552e-12	7.218865084e-12	6.801464632e-12	6.531311062e-12	7.224968972e-12	7.021506033e-12	7.001009025e-12	7.108467600e-12	6.660623064e-12	7.362720917e-12	7.955928420e-12	7.561587101e-12	7.736414516e-12	7.538226542e-12	7.534684779e-12	7.808681538e-12	7.301003826e-12	7.478318010e-12	6.921507766e-12	6.989856242e-12	7.429034764e-12	7.182543181e-12	7.436947212e-12	7.513208136e-12	7.808907607e-12	7.123237502e-12	7.207712300e-12	6.780967625e-12	7.418710904e-12	7.565279577e-12	7.650206515e-12	7.107864747e-12	6.710885945e-12	7.255262343e-12	7.067775012e-12	7.073803544e-12	7.609061787e-12	7.144488076e-12	7.470028779e-12	7.498061450e-12	7.132807796e-12	7.488641870e-12	7.142830230e-12	7.094149838e-12	7.148783405e-12	7.252474147e-12	7.282616805e-12	6.985485557e-12	6.756326002e-12	7.092491991e-12	6.507046223e-12	7.073577474e-12	7.780724223e-12	7.078701726e-12	7.270182958e-12	7.459102065e-12	7.214795825e-12	7.531595157e-12	7.416977701e-12	8.257807137e-12	8.119000198e-12	8.257128927e-12	8.679578274e-12	9.198484126e-12	1.049507055e-11	1.242224136e-11	1.838679510e-11	3.136803205e-11	6.003528198e-11	1.179948652e-10	1.491884466e-10	1.533793310e-10	1.462719938e-10	1.337059719e-10	3.492124854e-11	3.559802656e-11	3.879917680e-11	4.186152011e-11	4.135964486e-11	4.293068018e-11	4.944202173e-11	5.284279172e-11	1.331619723e-11	1.131314227e-11	9.801337279e-12	9.473234450e-12	8.662246246e-12	8.401512257e-12	7.882380336e-12	7.961580169e-12	7.839125622e-12	7.759398292e-12	8.215381346e-12	8.225328423e-12	8.067531610e-12	7.943419217e-12	7.385930764e-12	7.337250372e-12	6.814501331e-12	6.964913193e-12	7.412004163e-12	7.264079070e-12	6.837032968e-12	6.906963934e-12	6.774336240e-12	7.013518228e-12	6.791743625e-12	6.705987764e-12	6.571250084e-12	6.793552184e-12	6.312550724e-12	6.731910449e-12	6.194843646e-12	6.172764150e-12	5.972616903e-12	6.172462723e-12	6.503504461e-12	6.149931086e-12	6.988499823e-12	6.242318332e-12	6.570270447e-12	6.929420214e-12	7.152174454e-12	7.269429392e-12	7.185331377e-12	6.750222114e-12	6.832737639e-12	7.836714209e-12	7.378169029e-12	6.837334394e-12	6.741706813e-12	7.196484160e-12	7.023917445e-12	6.798375009e-12	6.790990058e-12	7.111406509e-12	7.100479796e-12	6.772000184e-12	6.237570864e-12	6.990082312e-12	6.594233860e-12	6.846829332e-12	6.375096739e-12	6.561981217e-12	6.963330703e-12	6.735828995e-12	6.883980157e-12	6.397628376e-12	7.019169977e-12	6.564769412e-12	6.650600630e-12	6.955644326e-12	6.824975905e-12	6.630480406e-12	6.516691873e-12
5.998087448e-12	6.182560513e-12	6.485418866e-12	6.152041072e-12	5.367879833e-12	4.556514846e-12	5.348965316e-12	5.483401569e-12	5.111215103e-12	5.350397092e-12	5.324097623e-12	5.762522579e-12	5.407592785e-12	4.657492749e-12	5.188606377e-12	4.468950425e-12	5.359063106e-12	5.399228197e-12	5.277075077e-12	5.956113798e-12	4.867210289e-12	5.513996366e-12	5.018375718e-12	5.184763188e-12	4.774521617e-12	5.152058404e-12	4.885145171e-12	5.139775271e-12	5.035180249e-12	4.690272889e-12	5.208048391e-12	5.193353845e-12	5.295612812e-12	5.269916196e-12	5.031035634e-12	5.284309315e-12	5.395535722e-12	5.212494433e-12	5.933205378e-12	5.354843134e-12	5.047689452e-12	5.823561461e-12	5.550016842e-12	5.595080115e-12	4.952061871e-12	5.449566436e-12	5.439996142e-12	4.902100416e-12	5.260270545e-12	5.663654662e-12	5.062007215e-12	5.148591999e-12	5.602992563e-12	6.001779924e-12	5.438489009e-12	5.566293877e-12	5.776991054e-12	5.986557882e-12	6.976894899e-12	7.127834258e-12	6.358292207e-12	6.427846390e-12	5.906604482e-12	5.862671559e-12	5.446702883e-12	5.434042967e-12	6.428750670e-12	5.727858522e-12	5.513092087e-12	5.515277429e-12	5.761618299e-12	6.125741604e-12	5.119881117e-12	5.342786071e-12	6.389188432e-12	6.077965491e-12	5.587469094e-12	6.567105468e-12	6.128454443e-12	5.716630382e-12	6.012103784e-12	5.780984957e-12	5.762673292e-12	5.474660198e-12	6.324758501e-12	6.021749435e-12	6.479616405e-12	6.711940938e-12	6.277660598e-12	5.851518775e-12	5.345122127e-12	5.763803642e-12	5.425226239e-12	5.593572983e-12	6.022653714e-12	6.088063281e-12	7.015854284e-12	6.523850755e-12	6.770417694e-12	5.977138301e-12	6.467257915e-12	5.504124646e-12	5.660866466e-12	6.244202248e-12	5.937802133e-12	6.162440289e-12	5.906529126e-12	6.316544627e-12	6.436512404e-12	6.877499486e-12	7.270710455e-12	6.967023179e-12	6.845472912e-12	6.421139649e-12	6.658814504e-12	5.907584119e-12	6.665973386e-12	6.572229720e-12	6.422872851e-12	5.998238162e-12	6.292053717e-12	5.906981266e-12	6.014816623e-12	6.458893327e-12	6.171709157e-12	5.861089069e-12	6.516541160e-12	5.973144399e-12	5.713616117e-12	5.694174102e-12	6.247593297e-12	6.087912568e-12	7.027685277e-12	5.486415835e-12	5.668628200e-12	5.679253487e-12	5.660263613e-12	5.648357263e-12	6.985184130e-12	6.283915200e-12	5.340525371e-12	5.583625906e-12	6.545402755e-12	6.305467200e-12	6.085350442e-12	5.722357487e-12	5.323117987e-12	6.094770023e-12	6.130790499e-12	6.491522754e-12	5.847223447e-12	5.002550822e-12	5.927478273e-12	7.193168468e-12	7.551715381e-12	6.820529863e-12	9.082510250e-12	9.434425779e-12	1.017910014e-11	1.222684158e-11	1.159994966e-11	1.733707705e-11	2.676487145e-11	5.735326366e-11	9.580986916e-11	1.571952408e-10	1.780889254e-10	1.673456300e-10	1.565896748e-10	1.508687491e-10	1.185078932e-10	1.304468724e-11	1.376065072e-11	1.585089332e-11	1.634131436e-11	1.678946032e-11	1.773631655e-11	2.021735870e-11	2.219223028e-11	1.277596545e-11	9.889655266e-12	8.638282833e-12	7.525566625e-12	7.432350457e-12	6.879684828e-12	6.744871792e-12	6.421290362e-12	6.204941437e-12	5.653782941e-12	5.757021544e-12	5.756720117e-12	5.964478385e-12	5.678424564e-12	5.449717149e-12	5.364338071e-12	5.333969343e-12	5.804722299e-12	5.811278328e-12	6.068018414e-12	5.795001292e-12	5.620249235e-12	5.509625681e-12	5.229298965e-12	5.901781657e-12	5.880305014e-12	5.208575888e-12	5.054848333e-12	5.502316086e-12	4.907978234e-12	4.670981588e-12	6.073820876e-12	5.432611191e-12	5.168938293e-12	5.265018014e-12	5.582344843e-12	5.510303891e-12	4.997275857e-12	4.697281057e-12	4.935784836e-12	5.111817956e-12	5.282952895e-12	5.646850130e-12	5.052738347e-12	5.615124983e-12	4.585075014e-12	4.652368497e-12	4.939703381e-12	5.217467972e-12	4.740158987e-12	5.275191161e-12	5.487922967e-12	5.350321735e-12	5.017170011e-12	4.874444527e-12	4.790723296e-12	4.385153837e-12	5.107899411e-12	4.088776155e-12	5.055074403e-12	5.151983048e-12	5.204280559e-12	4.968112836e-12	4.965098570e-12	5.095465565e-12	5.282500755e-12	5.845716314e-12	4.636242175e-12	4.483192831e-12	4.530140020e-12	4.530818230e-12	4.156144995e-12
4.463675460e-12	4.999913340e-12	5.038119158e-12	5.267203357e-12	5.170294712e-12	5.616707472e-12	5.410380981e-12	5.331105791e-12	5.401790323e-12	5.575562745e-12	5.414450239e-12	5.633587361e-12	5.355219917e-12	4.991021256e-12	5.621228871e-12	5.714520396e-12	5.647754410e-12	5.531705178e-12	5.636375556e-12	5.938932483e-12	5.539843695e-12	5.685658802e-12	5.703141543e-12	5.347759609e-12	5.707587585e-12	5.908186972e-12	4.950253311e-12	5.189736726e-12	4.914157479e-12	4.944224780e-12	4.958768612e-12	5.352582435e-12	5.114832222e-12	4.911444640e-12	4.657718819e-12	4.793285422e-12	4.891098346e-12	4.804890345e-12	4.900065786e-12	5.301867413e-12	4.750407491e-12	5.016717872e-12	5.276020084e-12	5.271272615e-12	5.353411358e-12	5.171877202e-12	5.190641006e-12	5.618440675e-12	5.442784338e-12	5.082881005e-12	5.173535048e-12	4.686806483e-12	4.920487437e-12	4.755833169e-12	5.011442906e-12	4.954021144e-12	4.788688666e-12	5.203451636e-12	5.520175611e-12	5.211062657e-12	5.456649960e-12	5.215960839e-12	5.363132365e-12	5.154997314e-12	4.878890569e-12	5.024554962e-12	5.302319553e-12	5.218598321e-12	4.919583157e-12	5.076852474e-12	5.153791607e-12	4.881528052e-12	4.842116527e-12	5.220859021e-12	5.145803803e-12	4.753271044e-12	4.879644136e-12	5.137966712e-12	4.919432444e-12	5.330804364e-12	5.262606601e-12	4.857639996e-12	4.603612748e-12	4.947917255e-12	5.205636978e-12	5.450244645e-12	5.487546184e-12	5.009558990e-12	5.025007102e-12	5.053265844e-12	5.091848446e-12	5.113099019e-12	4.977004920e-12	5.141885257e-12	5.307669875e-12	5.607363248e-12	5.577371304e-12	5.179865006e-12	5.260421259e-12	4.862688891e-12	5.049347298e-12	4.787558317e-12	4.757717086e-12	4.865552443e-12	4.989966263e-12	5.042489844e-12	4.978059913e-12	4.784845477e-12	5.178810013e-12	4.905868248e-12	5.295763525e-12	5.724919613e-12	5.352808504e-12	5.243013874e-12	5.028850291e-12	5.115284362e-12	5.540672618e-12	5.198176671e-12	5.278958993e-12	5.505782492e-12	5.357103833e-12	5.296667805e-12	5.856190887e-12	5.731701711e-12	5.928533266e-12	5.825596090e-12	5.750088732e-12	5.566821374e-12	5.685282018e-12	5.256050573e-12	5.521607387e-12	5.660489683e-12	5.299380644e-12	5.672923529e-12	5.961916259e-12	5.340902155e-12	5.920168678e-12	5.588448731e-12	6.062366666e-12	5.569308143e-12	5.219954741e-12	5.183632838e-12	5.309779861e-12	5.082428865e-12	5.526806996e-12	5.559436423e-12	5.409476701e-12	5.649035473e-12	5.553558604e-12	5.377977624e-12	5.131109257e-12	5.077907467e-12	5.459814939e-12	5.941419252e-12	6.028908316e-12	5.886936398e-12	5.957771644e-12	6.441033803e-12	7.035371655e-12	7.862109398e-12	9.750697614e-12	1.450811327e-11	2.190482004e-11	3.609613398e-11	5.445399213e-11	8.571675095e-11	9.626517400e-11	8.756261195e-11	8.176241105e-11	6.959110731e-11	6.597315947e-11	5.131779931e-11	1.392153715e-11	1.469258634e-11	1.570063217e-11	1.643347553e-11	1.825627740e-11	1.973296620e-11	2.158086182e-11	2.413989810e-11	2.573007401e-11	2.350516909e-11	1.515399507e-11	1.211041557e-11	1.049311127e-11	9.446633555e-12	8.440019502e-12	7.773640698e-12	7.526395549e-12	7.754123327e-12	7.385553981e-12	7.121052160e-12	6.966872466e-12	6.617519063e-12	6.275173829e-12	5.855060538e-12	6.641708546e-12	6.455351565e-12	6.201625744e-12	6.342391956e-12	6.109389212e-12	5.866966888e-12	6.356860431e-12	6.162440289e-12	6.128906583e-12	5.727481739e-12	5.763803642e-12	5.983242189e-12	5.705025459e-12	5.490635807e-12	5.714595753e-12	5.674882802e-12	5.378203694e-12	5.499000394e-12	5.392672169e-12	5.226812195e-12	4.950253311e-12	5.235176783e-12	4.911519996e-12	5.266751217e-12	4.875800947e-12	4.819208107e-12	4.889365143e-12	5.147235579e-12	4.628405084e-12	4.532174650e-12	4.655759546e-12	4.647545672e-12	4.738877924e-12	5.133822097e-12	5.332160784e-12	5.174891468e-12	5.125457509e-12	5.246480280e-12	4.975874570e-12	4.880699129e-12	4.378748522e-12	4.439862760e-12	5.026363522e-12	4.884919101e-12	4.627124021e-12	5.271347972e-12	5.188380307e-12	5.397721064e-12	5.209932307e-12	5.184989258e-12	5.115736502e-12	5.473228422e-12	5.084689565e-12	4.951609731e-12	5.493273289e-12
6.618498700e-12	6.918342787e-12	6.518048293e-12	6.812014562e-12	6.705083484e-12	6.620834756e-12	6.682853274e-12	7.351568134e-12	7.299119910e-12	7.098746593e-12	6.982471291e-12	7.106885111e-12	6.820906646e-12	7.347272805e-12	7.059787208e-12	6.762731317e-12	6.654519176e-12	6.852556436e-12	6.307125046e-12	6.952856130e-12	7.062273977e-12	6.647284938e-12	7.007489697e-12	7.127984971e-12	6.560248014e-12	7.130321027e-12	6.975086340e-12	6.524905748e-12	6.505765160e-12	6.336890921e-12	6.596645273e-12	6.722264799e-12	7.306504861e-12	6.878629835e-12	7.033337026e-12	6.644195315e-12	6.961446787e-12	6.950595431e-12	7.477639800e-12	6.892495458e-12	6.617066923e-12	7.246747042e-12	7.364680190e-12	7.220899713e-12	6.907340717e-12	7.108542957e-12	7.165738650e-12	7.026178145e-12	7.033261669e-12	7.193922035e-12	7.051045837e-12	7.319616917e-12	7.215021895e-12	6.935750172e-12	6.717969470e-12	7.562642094e-12	7.424211939e-12	7.253378427e-12	7.448326065e-12	7.442448247e-12	7.077571376e-12	7.267093336e-12	6.868984185e-12	6.875163430e-12	6.657081302e-12	6.917664577e-12	6.807794590e-12	6.268994584e-12	6.067038778e-12	6.124761967e-12	6.359347200e-12	6.477506419e-12	6.635830728e-12	6.894756157e-12	7.160388328e-12	7.176665363e-12	7.450511408e-12	6.972524214e-12	7.388266820e-12	7.102665138e-12	7.729632418e-12	7.164231517e-12	7.216529028e-12	7.374777980e-12	7.187139937e-12	6.856625695e-12	7.294749224e-12	7.040269837e-12	6.795662170e-12	6.790914702e-12	7.423458373e-12	7.510269227e-12	7.037481641e-12	6.886617640e-12	7.209445503e-12	7.284425364e-12	7.550735745e-12	7.661811438e-12	8.061352365e-12	7.969869399e-12	8.407917572e-12	8.435422747e-12	8.037539666e-12	8.764279142e-12	8.638584260e-12	8.483726356e-12	8.920267396e-12	8.860358863e-12	9.023279928e-12	8.441903418e-12	8.772116233e-12	8.519520762e-12	8.639187113e-12	8.134599024e-12	8.168660227e-12	7.820286461e-12	7.272142231e-12	7.710868613e-12	7.971602602e-12	8.082150799e-12	7.848319132e-12	7.875598238e-12	8.036484673e-12	8.404601880e-12	8.203399640e-12	7.646815466e-12	8.006417372e-12	8.142059331e-12	7.522401646e-12	7.564450654e-12	7.590297983e-12	7.833021734e-12	7.372065141e-12	7.651186151e-12	7.542597227e-12	7.964519078e-12	8.071600869e-12	7.897979161e-12	8.299780788e-12	7.956154490e-12	7.630387717e-12	7.250665588e-12	7.635738039e-12	7.837769202e-12	8.384933795e-12	7.858793706e-12	8.002800253e-12	8.268357067e-12	8.115081653e-12	7.883058545e-12	7.753219047e-12	7.891197063e-12	8.197295751e-12	8.208749961e-12	9.114009328e-12	9.120640712e-12	1.010434635e-11	1.053222137e-11	1.149347072e-11	1.354204109e-11	1.792546173e-11	2.516678309e-11	3.558619557e-11	4.909847079e-11	6.496104438e-11	7.410723100e-11	7.608692540e-11	7.489161831e-11	7.228985481e-11	6.782783720e-11	6.396234278e-11	5.806530859e-11	4.533320071e-11	1.589158590e-11	1.685713058e-11	1.837601910e-11	1.936929503e-11	2.047929840e-11	2.193383235e-11	2.429671528e-11	2.688197567e-11	2.936166140e-11	3.270779783e-11	3.598897683e-11	3.148453343e-11	2.667949237e-11	2.335890184e-11	2.068984486e-11	1.813163751e-11	1.688591682e-11	1.531910148e-11	1.440532681e-11	1.382658778e-11	1.370918213e-11	1.320723152e-11	1.228652405e-11	1.255404013e-11	1.209300818e-11	1.224402290e-11	1.076514876e-11	1.112701136e-11	1.084834249e-11	1.088345869e-11	1.114758373e-11	1.041963854e-11	1.051210115e-11	1.038580341e-11	1.034149370e-11	1.040313544e-11	9.935698176e-12	1.004956206e-11	1.042536565e-11	1.036455284e-11	1.022280699e-11	1.018294333e-11	9.695385837e-12	9.781819908e-12	9.855970846e-12	1.000336844e-11	1.003893678e-11	1.011218344e-11	9.479413695e-12	9.702921502e-12	9.384765750e-12	9.512721332e-12	9.795459461e-12	1.025845068e-11	1.016885163e-11	1.051828039e-11	9.970060805e-12	9.767125363e-12	1.031097426e-11	1.039153052e-11	1.002137868e-11	1.076982087e-11	1.032936128e-11	9.880913895e-12	9.900129839e-12	1.023765225e-11	9.761775041e-12	9.581220521e-12	1.002100190e-11	9.332995736e-12	9.461177387e-12	9.850545168e-12	9.103308684e-12	9.607519990e-12	9.580014815e-12	9.745121222e-12	9.194339510e-12	9.759665055e-12
1.482755009e-11	1.447608670e-11	1.412326689e-11	1.376577497e-11	1.360805352e-11	1.381950426e-11	1.379071802e-11	1.399764737e-11	1.361958308e-11	1.407549078e-11	1.423456865e-11	1.344166604e-11	1.365530213e-11	1.358107584e-11	1.290490067e-11	1.371317603e-11	1.315448187e-11	1.378310700e-11	1.423924077e-11	1.440721073e-11	1.455438225e-11	1.455799937e-11	1.460720726e-11	1.485874774e-11	1.463682242e-11	1.425506566e-11	1.481700016e-11	1.463878169e-11	1.503252016e-11	1.542957432e-11	1.589045555e-11	1.576347961e-11	1.536898758e-11	1.527840889e-11	1.492121840e-11	1.515309079e-11	1.541337264e-11	1.589588123e-11	1.541254372e-11	1.567644268e-11	1.538669639e-11	1.584034339e-11	1.532309538e-11	1.511880352e-11	1.620996772e-11	1.526959216e-11	1.557463586e-11	1.486575591e-11	1.483463361e-11	1.457126214e-11	1.448731484e-11	1.532196503e-11	1.491383345e-11	1.534856593e-11	1.535255983e-11	1.589580588e-11	1.550952772e-11	1.580628218e-11	1.541133801e-11	1.492656872e-11	1.498926545e-11	1.495912279e-11	1.511902959e-11	1.490546886e-11	1.566792738e-11	1.582391564e-11	1.596905253e-11	1.545866198e-11	1.530500979e-11	1.563484582e-11	1.545572307e-11	1.501910668e-11	1.460781011e-11	1.519318053e-11	1.470991837e-11	1.416320591e-11	1.462740284e-11	1.461964111e-11	1.441971993e-11	1.370051612e-11	1.395605050e-11	1.391143936e-11	1.429952608e-11	1.403035215e-11	1.475912625e-11	1.404858846e-11	1.405039702e-11	1.416629554e-11	1.338318929e-11	1.331024406e-11	1.349931388e-11	1.400895086e-11	1.407925861e-11	1.391852289e-11	1.373729016e-11	1.396268188e-11	1.388807880e-11	1.439741436e-11	1.417677011e-11	1.355748921e-11	1.358748115e-11	1.412507545e-11	1.381000932e-11	1.389177128e-11	1.437782164e-11	1.427827551e-11	1.382281995e-11	1.449153481e-11	1.439515366e-11	1.399259847e-11	1.454940871e-11	1.501857918e-11	1.481451339e-11	1.404384099e-11	1.512505812e-11	1.471459048e-11	1.471443976e-11	1.489295965e-11	1.543251323e-11	1.511322713e-11	1.605488375e-11	1.538820352e-11	1.507102740e-11	1.513003166e-11	1.541638691e-11	1.498512083e-11	1.507502131e-11	1.458701168e-11	1.495286819e-11	1.529076738e-11	1.416139735e-11	1.425747707e-11	1.414451747e-11	1.366848954e-11	1.318221312e-11	1.335794481e-11	1.344942778e-11	1.354121217e-11	1.346110806e-11	1.321582218e-11	1.397285503e-11	1.324347807e-11	1.389787517e-11	1.412567830e-11	1.410879842e-11	1.389870409e-11	1.419184144e-11	1.431429598e-11	1.483372933e-11	1.467337039e-11	1.515248794e-11	1.628600258e-11	1.592624996e-11	1.696436309e-11	1.743315677e-11	2.004750483e-11	2.148078820e-11	2.481260687e-11	2.845361384e-11	3.548446410e-11	4.436758067e-11	5.584123259e-11	6.670977067e-11	7.805946091e-11	8.173761871e-11	8.802002678e-11	9.298904390e-11	9.114001792e-11	8.969158786e-11	8.639624181e-11	8.166844132e-11	7.790234231e-11	7.312495714e-11	1.875182269e-11	1.917721095e-11	2.011592866e-11	2.146104476e-11	2.281422402e-11	2.507130622e-11	2.667655346e-11	2.842648545e-11	3.113766679e-11	3.337116237e-11	3.649786025e-11	3.835155834e-11	4.202218047e-11	4.675992805e-11	5.779266825e-11	6.326597203e-11	5.815106445e-11	5.438082083e-11	4.943614391e-11	4.580312474e-11	4.474089748e-11	4.276338843e-11	3.965138509e-11	3.780100270e-11	3.799730675e-11	3.533631294e-11	3.330311532e-11	3.114279104e-11	3.052569549e-11	2.875006688e-11	2.800139862e-11	2.775204348e-11	2.793840046e-11	2.769077853e-11	2.621326081e-11	2.587272414e-11	2.537883669e-11	2.462142706e-11	2.392324775e-11	2.371142022e-11	2.386755919e-11	2.337502816e-11	2.317013345e-11	2.377916585e-11	2.342265356e-11	2.322077311e-11	2.268521344e-11	2.274384091e-11	2.207339285e-11	2.120920285e-11	2.070891009e-11	2.037583373e-11	2.059022338e-11	1.967509229e-11	1.960885380e-11	1.927396888e-11	1.850111113e-11	1.823804109e-11	1.809252741e-11	1.827202694e-11	1.774920254e-11	1.820239740e-11	1.870826655e-11	1.890328954e-11	1.883343393e-11	1.839463220e-11	1.810722195e-11	1.823766431e-11	1.737339895e-11	1.770308427e-11	1.825981916e-11	1.757573154e-11	1.707807627e-11	1.733119923e-11	1.722215817e-11	1.747189009e-11	1.683768857e-11	1.638125338e-11
2.857425983e-11	2.909889278e-11	2.999616435e-11	2.952051321e-11	3.044657101e-11	3.044687244e-11	3.007445990e-11	2.921863449e-11	2.870854537e-11	2.886302649e-11	2.875436221e-11	2.886822610e-11	2.853349188e-11	2.835504735e-11	2.801835386e-11	2.775219420e-11	2.793500942e-11	2.760148091e-11	2.707066871e-11	2.742929098e-11	2.686253366e-11	2.721640846e-11	2.692673752e-11	2.650556923e-11	2.745106905e-11	2.755596550e-11	2.808858626e-11	2.776568304e-11	2.815904472e-11	2.805663504e-11	2.785211711e-11	2.786658558e-11	2.741391822e-11	2.850824741e-11	2.859852467e-11	2.900198414e-11	2.838338145e-11	2.831887616e-11	2.827411431e-11	2.902602291e-11	3.038839568e-11	3.045734701e-11	3.116389090e-11	3.073707087e-11	3.092139322e-11	3.250245097e-11	3.180125740e-11	3.325601742e-11	3.278699766e-11	3.356641143e-11	3.303914099e-11	3.306732438e-11	3.217517707e-11	3.206862277e-11	3.339407079e-11	3.256499699e-11	3.253387470e-11	3.241157086e-11	3.349256192e-11	3.381659549e-11	3.489728513e-11	3.363234850e-11	3.353430950e-11	3.380416165e-11	3.383739393e-11	3.404123365e-11	3.342195275e-11	3.398682615e-11	3.307892930e-11	3.234013276e-11	3.204970826e-11	3.206485494e-11	3.221692465e-11	3.152861706e-11	3.089486769e-11	3.094678841e-11	3.128114584e-11	3.002630700e-11	3.050391742e-11	2.969488848e-11	2.939798331e-11	2.808029703e-11	2.786862021e-11	2.687496750e-11	2.699696991e-11	2.682628711e-11	2.619517522e-11	2.591673242e-11	2.598952693e-11	2.606179396e-11	2.527469381e-11	2.504538354e-11	2.556346047e-11	2.518486869e-11	2.502812687e-11	2.481516899e-11	2.389152260e-11	2.379747751e-11	2.434471746e-11	2.334518693e-11	2.420169055e-11	2.378896221e-11	2.351368439e-11	2.271573288e-11	2.247820874e-11	2.231626731e-11	2.263570413e-11	2.212561500e-11	2.178590725e-11	2.159148711e-11	2.173097226e-11	2.131628465e-11	2.136157399e-11	2.187919878e-11	2.270872472e-11	2.230006564e-11	2.221747475e-11	2.271543146e-11	2.352574145e-11	2.403794056e-11	2.423138107e-11	2.485156625e-11	2.495194130e-11	2.458194018e-11	2.401013396e-11	2.470009940e-11	2.395414397e-11	2.421548082e-11	2.368172971e-11	2.333599342e-11	2.307435515e-11	2.271927465e-11	2.274293663e-11	2.297390475e-11	2.316470777e-11	2.336372467e-11	2.349017312e-11	2.317450413e-11	2.329756153e-11	2.298475610e-11	2.335279795e-11	2.402362280e-11	2.432791293e-11	2.454531685e-11	2.417674750e-11	2.465563898e-11	2.500114919e-11	2.653646546e-11	2.756433008e-11	2.736079179e-11	2.864795863e-11	2.985313744e-11	3.293612846e-11	3.396979555e-11	3.529659998e-11	3.958936657e-11	4.307890670e-11	4.868702351e-11	5.467885636e-11	6.320342601e-11	7.249746237e-11	8.421255698e-11	9.610466435e-11	1.056822678e-10	1.137614043e-10	1.159571462e-10	1.158801317e-10	1.131174064e-10	1.106800711e-10	1.077983577e-10	1.053032992e-10	1.004389525e-10	9.340787613e-11	8.873003708e-11	1.986401140e-11	2.105223497e-11	2.194295050e-11	2.405044977e-11	2.619803877e-11	2.691144012e-11	2.886023829e-11	3.114128391e-11	3.366987611e-11	3.554701011e-11	3.782519218e-11	4.022680843e-11	4.334695028e-11	4.609558387e-11	4.922258318e-11	5.257015138e-11	5.728182556e-11	6.347350423e-11	7.627358380e-11	9.083648136e-11	9.769122314e-11	9.877470097e-11	9.552592532e-11	9.241241486e-11	8.852092240e-11	8.624236355e-11	8.340654231e-11	8.341174192e-11	7.880601919e-11	7.927556644e-11	7.834928257e-11	7.604585603e-11	7.801424693e-11	7.647282677e-11	6.897295676e-11	6.740342858e-11	6.632726034e-11	6.354004414e-11	6.286221113e-11	6.250178030e-11	6.220140872e-11	6.158303210e-11	5.848851150e-11	5.775303066e-11	5.612020289e-11	5.597107209e-11	5.573550722e-11	5.484313384e-11	5.522458917e-11	5.310834854e-11	5.242041773e-11	5.340985047e-11	5.082752899e-11	4.999302951e-11	4.916312679e-11	4.758870042e-11	4.691229918e-11	4.647734063e-11	4.642594740e-11	4.633913655e-11	4.574728547e-11	4.531556725e-11	4.630778818e-11	4.636332603e-11	4.618458007e-11	4.785877863e-11	4.810617450e-11	4.862771783e-11	4.787166462e-11	4.833917724e-11	4.985572970e-11	4.723550383e-11	4.808432107e-11	4.839614686e-11	5.014818884e-11	5.035783102e-11	5.048940373e-11
7.585527907e-11	7.445387156e-11	7.426532924e-11	7.517036253e-11	7.600621843e-11	7.392652576e-11	7.351620884e-11	7.595015309e-11	7.260627736e-11	7.520382088e-11	7.470774809e-11	7.358274875e-11	7.573523594e-11	7.515612013e-11	7.531595157e-11	7.491671207e-11	7.571617071e-11	7.621804596e-11	7.717756211e-11	7.526312656e-11	7.743158935e-11	7.802675613e-11	8.056077400e-11	8.148826358e-11	7.941045483e-11	7.981097539e-11	7.898604621e-11	8.072663398e-11	7.882681762e-11	7.924806126e-11	8.018851218e-11	7.847829314e-11	8.185110582e-11	7.995814692e-11	7.933148107e-11	7.823933722e-11	7.748320866e-11	7.722209788e-11	7.784077593e-11	7.463306966e-11	7.348764867e-11	7.205964026e-11	7.318901029e-11	7.223145341e-11	7.420790747e-11	7.345547138e-11	7.165015226e-11	7.336172772e-11	7.402087228e-11	7.476230631e-11	7.674516568e-11	7.505838256e-11	7.288343910e-11	7.761018460e-11	7.637199958e-11	7.831115211e-11	8.027472018e-11	8.162398090e-11	7.978784090e-11	7.971173069e-11	8.198373351e-11	7.933796174e-11	8.202804322e-11	8.527244818e-11	8.567764085e-11	8.388694092e-11	8.454676370e-11	8.806418578e-11	8.885030629e-11	8.779116865e-11	9.026158552e-11	9.272861134e-11	9.528501013e-11	9.431735546e-11	9.199267835e-11	9.331021391e-11	9.192335024e-11	8.501224169e-11	8.521269036e-11	8.567583230e-11	8.663361524e-11	8.450908537e-11	8.455550507e-11	8.384059658e-11	8.501872236e-11	8.819492955e-11	8.757700507e-11	8.631922732e-11	8.938307776e-11	8.993634624e-11	8.974358395e-11	8.378257197e-11	8.390728721e-11	8.410050165e-11	8.757662829e-11	8.326012435e-11	8.821859154e-11	9.024613741e-11	8.882581538e-11	8.909393432e-11	8.976166954e-11	9.050174714e-11	8.999941975e-11	9.252318912e-11	8.813276032e-11	8.823268323e-11	8.990899178e-11	9.107717048e-11	8.889469135e-11	8.905248816e-11	8.882671966e-11	8.828611109e-11	8.537689249e-11	8.502452482e-11	8.523921590e-11	8.307474701e-11	7.728871316e-11	8.309079797e-11	8.202133648e-11	8.586023000e-11	8.544674810e-11	8.534448913e-11	8.557538189e-11	8.590642363e-11	8.582300382e-11	8.497946155e-11	8.547794575e-11	8.209224708e-11	7.834310332e-11	7.829540257e-11	7.682526980e-11	7.554202150e-11	7.557766519e-11	7.710378795e-11	7.561873457e-11	7.400580095e-11	7.318712637e-11	7.205285816e-11	6.966962894e-11	6.972448857e-11	7.199415534e-11	7.113064355e-11	7.064723068e-11	6.984468242e-11	7.080352036e-11	7.102386319e-11	7.198835288e-11	7.388605925e-11	7.315434623e-11	7.327250545e-11	7.428371626e-11	8.050561294e-11	8.332387607e-11	8.818852424e-11	9.385556995e-11	9.748745877e-11	1.048571879e-10	1.088137131e-10	1.164809502e-10	1.266357855e-10	1.304709866e-10	1.327152581e-10	1.400510767e-10	1.428994825e-10	1.447806858e-10	1.442085781e-10	1.476339144e-10	1.472805671e-10	1.451449598e-10	1.437259188e-10	1.409539247e-10	1.373477325e-10	1.327154089e-10	1.287255006e-10	1.256855382e-10	2.364601066e-11	2.500815736e-11	2.695785981e-11	2.884697552e-11	3.102169292e-11	3.274886720e-11	3.490866398e-11	3.677223379e-11	3.947625625e-11	4.044067058e-11	4.344951067e-11	4.533749603e-11	4.795056303e-11	5.067734320e-11	5.368316902e-11	5.641002454e-11	5.979323644e-11	6.167210365e-11	6.633931740e-11	6.958372236e-11	7.376405684e-11	8.087599085e-11	8.736721217e-11	9.285227159e-11	1.017029848e-10	1.087562913e-10	1.153889571e-10	1.217184631e-10	1.293108710e-10	1.349216253e-10	1.386388932e-10	1.439204897e-10	1.436868087e-10	1.466962517e-10	1.455247573e-10	1.466441802e-10	1.325729094e-10	1.348743767e-10	1.391022612e-10	1.433244186e-10	1.488594395e-10	1.510725134e-10	1.563690305e-10	1.626627421e-10	1.607712903e-10	1.617243258e-10	1.642832114e-10	1.628003433e-10	1.636862360e-10	1.309933588e-10	1.632727541e-10	1.641148646e-10	1.643646719e-10	1.637609145e-10	1.601751439e-10	1.596585741e-10	1.607689543e-10	1.611774626e-10	1.632559496e-10	1.603949592e-10	1.599132796e-10	1.602642908e-10	1.638061285e-10	1.653901251e-10	1.637007799e-10	1.621261274e-10	1.628182782e-10	1.617186741e-10	1.665112059e-10	1.241784053e-10	1.230722452e-10	1.228516009e-10	1.261151465e-10	1.310386482e-10	1.387339180e-10	1.590047799e-10
1.982466016e-10	1.971283090e-10	2.003815307e-10	2.042506422e-10	2.009305038e-10	2.030274532e-10	2.045855272e-10	2.060828637e-10	2.039003092e-10	2.045725658e-10	2.047379736e-10	2.046688716e-10	1.998587816e-10	1.963249318e-10	1.991694191e-10	1.976267932e-10	2.005065474e-10	2.142050289e-10	2.150979297e-10	2.155247498e-10	2.124911173e-10	2.145719404e-10	2.221244847e-10	2.181647191e-10	2.234337310e-10	2.237913736e-10	2.266406083e-10	2.204559378e-10	2.256819965e-10	2.252302334e-10	2.248252668e-10	2.256245747e-10	2.250612084e-10	2.247236107e-10	2.252089828e-10	2.242207558e-10	2.217038439e-10	2.226224414e-10	2.222265176e-10	2.222178515e-10	2.210474121e-10	2.225369116e-10	2.176995425e-10	2.197371108e-10	2.196301044e-10	2.168131223e-10	2.171105550e-10	2.176599803e-10	2.139002866e-10	2.101756337e-10	2.125563762e-10	2.032639223e-10	2.028808845e-10	2.005588449e-10	1.992477146e-10	1.933513586e-10	1.942878157e-10	1.935232471e-10	1.981725260e-10	1.967519026e-10	1.988419944e-10	2.018218222e-10	2.009348745e-10	2.035825302e-10	2.030786203e-10	2.031016795e-10	2.029361963e-10	2.061244605e-10	2.068869191e-10	2.077574390e-10	2.064089319e-10	2.063967995e-10	2.099194965e-10	2.108889597e-10	2.068536114e-10	2.029545079e-10	2.075211959e-10	2.096466301e-10	2.111310053e-10	2.111469809e-10	2.169094281e-10	2.160685987e-10	2.154533117e-10	2.107022260e-10	2.112353742e-10	2.084497405e-10	2.106424681e-10	2.086356454e-10	2.123876527e-10	2.112137469e-10	2.122193059e-10	2.111605451e-10	2.073091423e-10	2.080303054e-10	2.111076447e-10	2.110577586e-10	2.083526058e-10	2.077783882e-10	2.020852691e-10	2.006975011e-10	1.981855627e-10	1.937573802e-10	1.933005683e-10	1.861329457e-10	1.835234958e-10	1.800205422e-10	1.754000496e-10	1.750675761e-10	1.726567663e-10	1.648804128e-10	1.617415825e-10	1.610626191e-10	1.611489025e-10	1.589087002e-10	1.586085546e-10	1.543129999e-10	1.561335410e-10	1.535826433e-10	1.500386203e-10	1.541127772e-10	1.532238703e-10	1.552369477e-10	1.492886710e-10	1.506942231e-10	1.522116798e-10	1.508830668e-10	1.521675208e-10	1.527426427e-10	1.555385250e-10	1.539081840e-10	1.601011437e-10	1.592598621e-10	1.642548019e-10	1.661921459e-10	1.648685818e-10	1.678744076e-10	1.717053887e-10	1.759196336e-10	1.764129182e-10	1.753498621e-10	1.769759831e-10	1.751919899e-10	1.782791255e-10	1.795033696e-10	1.838701364e-10	1.886372731e-10	1.864865944e-10	1.917874068e-10	1.958898979e-10	1.963012698e-10	1.998095738e-10	2.029028886e-10	2.020759248e-10	2.085421278e-10	2.115550371e-10	2.174373014e-10	2.213757410e-10	2.267686393e-10	2.297961678e-10	2.343140247e-10	2.361891241e-10	2.405366749e-10	2.392446099e-10	2.417747846e-10	2.420377793e-10	2.413251315e-10	2.405671944e-10	2.391701576e-10	2.367497022e-10	2.348632239e-10	2.286490890e-10	2.240512033e-10	2.187555152e-10	2.154527842e-10	2.110273899e-10	2.051125715e-10	1.978762237e-10	3.362827924e-11	3.576268083e-11	3.806271632e-11	4.006622342e-11	4.257401718e-11	4.487797122e-11	4.730551015e-11	4.938550425e-11	5.172223842e-11	5.468737166e-11	5.688311356e-11	5.909980460e-11	6.168529106e-11	6.437303649e-11	6.665732244e-11	6.946187067e-11	7.322812039e-11	7.542197837e-11	7.855809583e-11	8.156233916e-11	8.290067316e-11	8.590936254e-11	8.825370774e-11	9.110264102e-11	9.407086388e-11	9.781533553e-11	1.005693948e-10	1.031210461e-10	1.087175580e-10	1.110218135e-10	1.242930982e-10	1.167313603e-10	1.216886218e-10	1.561596144e-10	1.577038228e-10	1.644431182e-10	1.709460951e-10	1.739509413e-10	1.795435347e-10	1.826958538e-10	1.848065934e-10	1.904422154e-10	1.918177002e-10	1.956206486e-10	1.949952638e-10	1.995165871e-10	2.028879680e-10	2.122072489e-10	2.140282422e-10	2.171031700e-10	2.181502506e-10	2.162945932e-10	2.169981982e-10	2.195645441e-10	2.211149317e-10	2.255813200e-10	1.925424804e-10	1.982857871e-10	2.052047327e-10	2.175793487e-10	2.204395101e-10	2.252848670e-10	2.334355923e-10	2.374783255e-10	2.410047904e-10	2.416334909e-10	2.418702615e-10	2.425074019e-10	2.361632014e-10	2.313352519e-10	2.210479396e-10	1.689135757e-10	1.720930233e-10	1.747539417e-10
3.478987177e-10	3.439338278e-10	3.476655642e-10	3.478102490e-10	3.528793397e-10	3.491150492e-10	3.489653910e-10	3.444655443e-10	3.488184455e-10	3.536238633e-10	3.539133836e-10	3.538311695e-10	3.499626608e-10	3.603657962e-10	3.595148690e-10	3.567669136e-10	3.563113073e-10	3.655195125e-10	3.615393252e-10	3.561474820e-10	3.531281673e-10	3.620919155e-10	3.606205017e-10	3.624989921e-10	3.638640024e-10	3.654865063e-10	3.640005486e-10	3.565036929e-10	3.554555573e-10	3.531282427e-10	3.469229998e-10	3.506864613e-10	3.450935666e-10	3.390495116e-10	3.276894221e-10	3.339849422e-10	3.319830930e-10	3.359418036e-10	3.383053647e-10	3.390488334e-10	3.400847612e-10	3.519699357e-10	3.392306689e-10	3.546416302e-10	3.502237716e-10	3.568526695e-10	3.477800309e-10	3.560624797e-10	3.592282123e-10	3.627522658e-10	3.619410515e-10	3.559769499e-10	3.589941546e-10	3.692271347e-10	3.558241266e-10	3.491113568e-10	3.511247356e-10	3.460438139e-10	3.432910356e-10	3.368090078e-10	3.313244759e-10	3.195275440e-10	3.272597385e-10	3.254356556e-10	3.162839679e-10	3.102575464e-10	3.134220733e-10	3.099228875e-10	3.068868437e-10	3.053422586e-10	3.060532485e-10	2.961811513e-10	3.032526188e-10	3.037973720e-10	3.091840910e-10	3.029463694e-10	2.978252072e-10	2.983895532e-10	2.898778695e-10	2.830832623e-10	2.783992440e-10	2.825326313e-10	2.863205084e-10	2.838335131e-10	2.818513319e-10	2.792889046e-10	2.713903979e-10	2.738099490e-10	2.733099577e-10	2.636046248e-10	2.662632826e-10	2.703441463e-10	2.716832338e-10	2.737389631e-10	2.746835586e-10	2.729122253e-10	2.680674713e-10	2.648057343e-10	2.683747004e-10	2.615757979e-10	2.685526928e-10	2.721798341e-10	2.693578031e-10	2.726665627e-10	2.757697493e-10	2.746663019e-10	2.796051010e-10	2.792916174e-10	2.781138684e-10	2.771252646e-10	2.811891731e-10	2.801152655e-10	2.797289120e-10	2.799640247e-10	2.841803043e-10	2.916630684e-10	2.876889850e-10	2.909666223e-10	2.918057939e-10	2.887134586e-10	2.873852978e-10	2.890416368e-10	2.877336715e-10	2.859006965e-10	2.898720670e-10	2.950093555e-10	2.988109475e-10	3.033565356e-10	2.993777048e-10	2.898285862e-10	2.884185881e-10	2.881066116e-10	2.886730675e-10	2.926710389e-10	2.904431197e-10	2.947460594e-10	3.022717768e-10	3.084465755e-10	3.156184181e-10	3.084719707e-10	3.111420827e-10	3.171257017e-10	3.202627234e-10	3.275127861e-10	3.251723595e-10	3.330703386e-10	3.312994575e-10	3.334176574e-10	3.374273845e-10	3.112450199e-10	3.366076549e-10	3.413144309e-10	3.401284680e-10	3.485464080e-10	3.497225745e-10	3.552438805e-10	3.543957414e-10	3.495135352e-10	3.522475496e-10	3.504933976e-10	3.477981165e-10	3.474785290e-10	3.405431556e-10	3.474144759e-10	3.401629813e-10	3.422521690e-10	3.362803810e-10	3.272712681e-10	3.192336531e-10	3.172682011e-10	3.124490683e-10	3.055053304e-10	3.150134549e-10	2.993908169e-10	2.957587774e-10	2.942265507e-10	2.828446078e-10	3.679371043e-11	3.960556825e-11	4.087984911e-11	4.316202507e-11	4.592429822e-11	4.764084722e-11	5.170897565e-11	5.416062872e-11	5.524214727e-11	5.686510332e-11	5.922768483e-11	6.145778935e-11	6.421584253e-11	6.685777112e-11	6.902043145e-11	7.213077693e-11	7.436110753e-11	7.593530783e-11	7.949492963e-11	8.208825318e-11	8.534350949e-11	8.970711133e-11	9.288927170e-11	9.503625785e-11	9.898811098e-11	1.016523451e-10	1.046889918e-10	1.061140613e-10	1.069477319e-10	1.151234756e-10	1.137390234e-10	1.134336782e-10	1.173593826e-10	1.184478340e-10	1.476103278e-10	1.455741159e-10	1.383353567e-10	1.316769189e-10	1.328715478e-10	1.393467935e-10	1.431266075e-10	1.433834229e-10	1.412699705e-10	1.446124898e-10	1.492870131e-10	1.558850148e-10	1.579383326e-10	1.712090898e-10	1.487877000e-10	1.481192112e-10	1.521529016e-10	1.581797753e-10	1.692288679e-10	1.734711456e-10	1.768007789e-10	1.858936884e-10	1.867698601e-10	1.865691853e-10	2.125603701e-10	2.100457942e-10	1.945711566e-10	1.984356714e-10	1.992355068e-10	1.947205135e-10	1.968358499e-10	1.978823276e-10	2.041410737e-10	2.063240803e-10	2.117747771e-10	2.138730828e-10	2.174945724e-10	2.213102561e-10	2.244016871e-10	2.262036905e-10
4.768938443e-10	4.780917889e-10	4.748540153e-10	4.768551864e-10	4.738036191e-10	4.725172058e-10	4.729888630e-10	4.748082739e-10	4.755569421e-10	4.809311519e-10	4.796447386e-10	4.800127051e-10	4.813447092e-10	4.807628052e-10	4.769148688e-10	4.814340822e-10	4.782038442e-10	4.716879059e-10	4.700283266e-10	4.698856011e-10	4.743388020e-10	4.680053021e-10	4.736195982e-10	4.761272412e-10	4.769624942e-10	4.746836340e-10	4.740222287e-10	4.739341368e-10	4.730558551e-10	4.793519027e-10	4.748144531e-10	4.758344806e-10	4.796246938e-10	4.777945070e-10	4.803431440e-10	4.783813845e-10	4.854722940e-10	4.821110862e-10	4.892454012e-10	4.815684430e-10	4.822987996e-10	4.800776626e-10	4.883849037e-10	4.852544379e-10	4.861914225e-10	4.854631005e-10	4.835083491e-10	4.806885789e-10	4.843992907e-10	4.710964316e-10	4.754221291e-10	4.780182408e-10	4.728043146e-10	4.658978028e-10	4.735287180e-10	4.805151079e-10	4.768300173e-10	4.788512332e-10	4.856374004e-10	4.831342788e-10	4.813398863e-10	4.889599502e-10	4.912238145e-10	4.849822497e-10	4.904275962e-10	4.893634097e-10	4.879097800e-10	4.894114872e-10	4.898277573e-10	4.916937385e-10	4.843408140e-10	4.820024220e-10	4.848056891e-10	4.923457996e-10	4.953058086e-10	4.983943006e-10	4.950235979e-10	4.968042001e-10	4.884307205e-10	4.893343974e-10	4.880183689e-10	4.891720792e-10	4.851372584e-10	4.848001127e-10	4.828551577e-10	4.759837622e-10	4.731697190e-10	4.810691299e-10	4.747535649e-10	4.723120097e-10	4.712472956e-10	4.701593718e-10	4.763007876e-10	4.795236405e-10	4.834040555e-10	4.832201853e-10	4.810401176e-10	4.703032276e-10	4.712558109e-10	4.711656090e-10	4.680009314e-10	4.619664467e-10	4.579815120e-10	4.677966395e-10	4.629901667e-10	4.584726113e-10	4.541465370e-10	4.513800439e-10	4.425780111e-10	4.396583179e-10	4.490768434e-10	4.490931958e-10	4.386740848e-10	4.481177794e-10	4.436636743e-10	4.504065868e-10	4.485020229e-10	4.612611839e-10	4.577798576e-10	4.644602995e-10	4.710953013e-10	4.711046455e-10	4.790772277e-10	4.816900687e-10	4.915553084e-10	4.857248141e-10	4.847560291e-10	4.882110559e-10	4.871284823e-10	4.909036241e-10	4.957311968e-10	4.965828776e-10	4.983640826e-10	4.949064937e-10	4.921371370e-10	4.972574703e-10	4.979408043e-10	4.992408572e-10	4.988861534e-10	4.981646889e-10	4.934749435e-10	5.034104156e-10	4.979824766e-10	4.991924782e-10	4.973948455e-10	4.991107916e-10	4.964116673e-10	4.964838590e-10	4.906870491e-10	4.918476922e-10	4.873961491e-10	4.807946810e-10	4.830325473e-10	4.753384832e-10	4.689433416e-10	4.656837146e-10	4.641001701e-10	4.559165139e-10	4.539013265e-10	4.513186282e-10	4.506744043e-10	4.482785151e-10	4.379058238e-10	4.333271541e-10	4.326677835e-10	4.397962959e-10	4.299008382e-10	4.210025749e-10	4.158080154e-10	4.223544731e-10	4.203743266e-10	4.120644480e-10	4.057286121e-10	4.166989570e-10	4.160023602e-10	4.086871893e-10	4.039884011e-10	3.899851020e-10	3.787596749e-10	4.737785253e-11	4.912876416e-11	5.175969068e-11	5.458601697e-11	5.742500318e-11	5.974968030e-11	6.221761040e-11	6.591912876e-11	6.810718428e-11	7.129386604e-11	7.439192840e-11	7.849072699e-11	8.167424378e-11	8.390382081e-11	8.725884932e-11	9.014915341e-11	9.300012132e-11	9.450197924e-11	9.734367829e-11	9.963060173e-11	9.890107406e-11	1.019923543e-10	1.039192237e-10	1.070569237e-10	1.089249395e-10	1.115410961e-10	1.182467071e-10	1.233825638e-10	1.231754084e-10	1.241394460e-10	1.267167185e-10	1.293597021e-10	1.381208163e-10	1.360618467e-10	1.371325139e-10	1.372561742e-10	1.423736439e-10	1.671023788e-10	1.452585223e-10	1.488675780e-10	1.505791535e-10	1.501614516e-10	1.528528142e-10	1.564113810e-10	1.564945747e-10	1.474433375e-10	1.536486557e-10	1.598630920e-10	1.670185822e-10	1.823876451e-10	1.967819699e-10	2.013181384e-10	2.190818848e-10	2.100048756e-10	1.989247360e-10	2.011672744e-10	1.961162693e-10	2.042454426e-10	2.020805969e-10	1.932124010e-10	1.925623746e-10	1.936185733e-10	2.032651280e-10	1.941705607e-10	1.962048133e-10	2.097781274e-10	2.290097459e-10	2.217683492e-10	2.349683464e-10	2.541362132e-10	2.627974044e-10	2.738535052e-10
3.524596785e-10	3.436972080e-10	3.240464559e-10	3.175114523e-10	3.034735645e-10	2.934704975e-10	2.844978572e-10	2.821499703e-10	2.815979829e-10	2.654314959e-10	2.524804016e-10	2.450311713e-10	2.433370032e-10	2.361783481e-10	2.474455228e-10	2.509593278e-10	2.434324801e-10	2.484695442e-10	2.607209521e-10	2.644187780e-10	2.654296874e-10	2.646887055e-10	2.673596464e-10	2.657609552e-10	2.629541462e-10	2.516271383e-10	2.529047349e-10	2.418089965e-10	2.426315897e-10	2.422182585e-10	2.460681541e-10	2.553273756e-10	2.482930590e-10	2.551285095e-10	2.539146646e-10	2.575145269e-10	2.493968077e-10	2.478131125e-10	2.556984318e-10	2.493787221e-10	2.485042836e-10	2.492470741e-10	2.524099432e-10	2.504215827e-10	2.486491191e-10	2.409770592e-10	2.576801608e-10	2.600645204e-10	2.451202428e-10	2.438589987e-10	2.484312631e-10	2.501662744e-10	2.489896558e-10	2.535314761e-10	2.610031627e-10	2.577717945e-10	2.694008318e-10	2.706977950e-10	2.721447933e-10	2.762282191e-10	2.734324876e-10	2.732281957e-10	2.788867262e-10	2.870680463e-10	2.715658282e-10	2.752829454e-10	2.835484389e-10	2.845759267e-10	2.816315919e-10	2.760915975e-10	2.770745496e-10	2.807762940e-10	2.756113496e-10	2.770437287e-10	2.794071391e-10	2.783780688e-10	2.734637606e-10	2.716900159e-10	2.627550540e-10	2.725302425e-10	2.662722500e-10	2.656813785e-10	2.658341265e-10	2.675274656e-10	2.637879675e-10	2.669497816e-10	2.691652669e-10	2.692248740e-10	2.702580890e-10	2.743002947e-10	2.743018019e-10	2.751604155e-10	2.784741485e-10	2.788240294e-10	2.810009322e-10	2.787835629e-10	2.766515727e-10	2.681238381e-10	2.696531258e-10	2.701424919e-10	2.603921710e-10	2.671591977e-10	2.693478561e-10	2.688891602e-10	2.642283517e-10	2.691864421e-10	2.573984023e-10	2.670312421e-10	2.611906500e-10	2.572204099e-10	2.445809153e-10	2.516002360e-10	2.465775650e-10	2.392492820e-10	2.493668158e-10	2.462769673e-10	2.463536050e-10	2.568583966e-10	2.692122141e-10	2.811004029e-10	2.823351215e-10	2.841168540e-10	2.809692824e-10	2.955153754e-10	2.954015869e-10	2.945200648e-10	2.887739700e-10	2.898390608e-10	2.963796407e-10	2.919559043e-10	2.880214586e-10	2.835894329e-10	2.882105284e-10	2.759487213e-10	2.744203379e-10	2.717043337e-10	2.685640716e-10	2.636892503e-10	2.650030934e-10	2.595181847e-10	2.625619149e-10	2.737522258e-10	2.695893741e-10	2.795998261e-10	2.928857299e-10	2.915565141e-10	2.949147829e-10	2.979805173e-10	2.907360310e-10	2.860671593e-10	2.894642369e-10	2.895967892e-10	2.764141993e-10	2.726205951e-10	2.630890346e-10	2.640025079e-10	2.573673554e-10	2.580507648e-10	2.573393980e-10	2.621562701e-10	2.549137430e-10	2.487145287e-10	2.485280210e-10	2.475929958e-10	2.504905341e-10	2.519575019e-10	2.545207581e-10	2.569168733e-10	2.567030865e-10	2.560757425e-10	2.607746060e-10	2.569681159e-10	2.592373305e-10	2.598138088e-10	2.624744258e-10	2.679670963e-10	2.715995879e-10	2.723386859e-10	2.817797431e-10	2.820406278e-10	2.863749159e-10	2.930235572e-10	6.026037228e-11	6.441990832e-11	6.696055758e-11	7.058302682e-11	7.312020967e-11	7.703852910e-11	7.951286451e-11	8.224793391e-11	8.745017984e-11	8.846289778e-11	9.208921021e-11	9.470408576e-11	9.858216474e-11	1.020697456e-10	1.049002919e-10	1.075569903e-10	1.113838268e-10	1.127914889e-10	1.165152375e-10	1.192316184e-10	1.234789450e-10	1.252614310e-10	1.266536450e-10	1.335869838e-10	1.341037043e-10	1.363149697e-10	1.396905705e-10	1.427125227e-10	1.444971941e-10	1.461374822e-10	1.478139414e-10	1.487025470e-10	1.523666131e-10	1.537845237e-10	1.575957613e-10	1.613782127e-10	1.621454941e-10	1.702461826e-10	1.847940088e-10	1.691177169e-10	1.704032259e-10	1.753655362e-10	1.814759051e-10	1.777509508e-10	1.795213045e-10	1.799078087e-10	2.102243141e-10	2.118168261e-10	2.179015737e-10	2.069395934e-10	1.940485583e-10	1.961090350e-10	1.973289837e-10	2.023525591e-10	2.021405055e-10	1.976984574e-10	2.002547055e-10	2.005113702e-10	2.014009554e-10	2.039603684e-10	2.051767000e-10	2.115026642e-10	2.324092348e-10	2.383793649e-10	2.356133993e-10	2.378688237e-10	2.371497706e-10	2.355879288e-10	2.343209575e-10
7.539281535e-11	7.358342696e-11	7.554594005e-11	7.408537757e-11	7.301139468e-11	7.238744166e-11	7.398334467e-11	7.297635384e-11	7.250416911e-11	7.455590446e-11	7.393406143e-11	7.354401544e-11	7.487677305e-11	7.358855122e-11	7.431822960e-11	7.595957267e-11	7.180305089e-11	7.400738344e-11	7.390783732e-11	7.109891841e-11	7.157502168e-11	7.140863421e-11	6.733138762e-11	6.604738576e-11	6.546126179e-11	6.411787889e-11	6.191286813e-11	6.071545105e-11	6.100580020e-11	6.125839567e-11	6.186916127e-11	6.308715071e-11	6.356054115e-11	6.083677525e-11	6.105591237e-11	5.989903717e-11	6.089788949e-11	6.066074213e-11	6.055283141e-11	5.990438749e-11	6.158823170e-11	5.916950950e-11	5.858858513e-11	5.711219775e-11	5.942579744e-11	6.009127197e-11	6.026489368e-11	6.159644558e-11	6.249123037e-11	6.451568662e-11	6.220811546e-11	6.469774827e-11	6.430333159e-11	6.497799963e-11	6.740659356e-11	6.670411892e-11	6.977294290e-11	7.240311585e-11	7.322766825e-11	7.316602651e-11	7.436856784e-11	7.288984441e-11	7.366368179e-11	7.631570817e-11	7.698027841e-11	7.596379264e-11	7.770965537e-11	7.984141948e-11	8.270218376e-11	8.266880077e-11	8.082391940e-11	8.539422452e-11	8.327820995e-11	7.986847251e-11	8.274815131e-11	8.012317797e-11	8.174070834e-11	8.217724938e-11	7.922952353e-11	8.067576824e-11	8.068044035e-11	8.153664255e-11	7.943193147e-11	8.323367417e-11	8.550447129e-11	8.436274277e-11	8.351030841e-11	8.834571820e-11	8.961706014e-11	9.286357508e-11	9.782520725e-11	1.015060779e-10	9.839535562e-11	1.027697335e-10	1.010985492e-10	9.936459278e-11	9.724262503e-11	9.952223888e-11	9.667918341e-11	9.752619209e-11	1.011612459e-10	9.575787307e-11	9.310479170e-11	9.109713999e-11	8.982745589e-11	8.853848049e-11	8.858587982e-11	8.859009979e-11	8.722817916e-11	9.140173154e-11	8.926785745e-11	8.847736626e-11	8.755228809e-11	8.454510585e-11	8.494231072e-11	8.464653589e-11	8.231552882e-11	7.681743270e-11	7.945860773e-11	7.555588712e-11	7.294756760e-11	7.722970890e-11	7.616725558e-11	7.438017276e-11	7.547510480e-11	7.269768497e-11	7.333037935e-11	7.305834187e-11	7.321523440e-11	7.154465296e-11	7.676219628e-11	7.627953698e-11	7.512507319e-11	7.671200876e-11	7.761937811e-11	7.999612667e-11	7.891189527e-11	7.899757578e-11	8.019680141e-11	7.805531630e-11	7.925122624e-11	8.032181808e-11	7.797332827e-11	7.702134778e-11	7.859351345e-11	8.078036326e-11	7.987879637e-11	8.278402108e-11	8.710368999e-11	8.896967121e-11	9.453264940e-11	1.004219219e-10	1.043418238e-10	1.053675031e-10	1.096847606e-10	1.158471255e-10	1.204654328e-10	1.249829882e-10	1.238278462e-10	1.275601101e-10	1.277466178e-10	1.331095241e-10	1.367872298e-10	1.404779721e-10	1.453451071e-10	1.494166265e-10	1.526115975e-10	1.575317082e-10	1.608357956e-10	1.693571249e-10	1.708875430e-10	1.745883832e-10	1.769303923e-10	1.793762429e-10	1.890544474e-10	1.919909451e-10	2.013897272e-10	2.077294817e-10	2.157089968e-10	2.240626575e-10	2.383082283e-10	6.248859289e-11	6.568265961e-11	6.908124426e-11	7.313618528e-11	7.735984983e-11	8.036326424e-11	8.416651407e-11	8.840449638e-11	9.269213872e-11	9.565508661e-11	9.807350739e-11	1.035028029e-10	1.067950593e-10	1.081953365e-10	1.115202223e-10	1.144699828e-10	1.177650274e-10	1.215670716e-10	1.245144960e-10	1.288659654e-10	1.329170632e-10	1.377578987e-10	1.396930573e-10	1.442921487e-10	1.469596232e-10	1.509166759e-10	1.545216624e-10	1.573659236e-10	1.607152250e-10	1.656362399e-10	1.682438812e-10	1.721020661e-10	1.701261395e-10	1.749195756e-10	1.795316283e-10	1.843305655e-10	1.895875957e-10	1.936979238e-10	1.939573768e-10	2.036196057e-10	2.072236879e-10	2.092808489e-10	2.141509981e-10	1.998327082e-10	2.085931442e-10	2.126578816e-10	2.209255604e-10	2.276567927e-10	2.310525138e-10	2.366662823e-10	2.189052488e-10	2.203085402e-10	2.244196973e-10	2.323121001e-10	2.483826580e-10	2.075062753e-10	2.139755679e-10	2.255871978e-10	2.384140290e-10	2.482363908e-10	2.595603844e-10	2.579469233e-10	2.606011350e-10	2.621457202e-10	2.637484053e-10	2.299788323e-10	2.257752126e-10	2.297102612e-10	2.267227471e-10	2.169687338e-10
3.082523815e-11	3.076985101e-11	2.973882141e-11	2.927778946e-11	2.894637094e-11	2.864230688e-11	2.900469698e-11	2.839076640e-11	2.809205266e-11	2.808760662e-11	2.798655336e-11	2.732243526e-11	2.673834591e-11	2.610278797e-11	2.593933941e-11	2.629253600e-11	2.638032649e-11	2.601582640e-11	2.516489918e-11	2.572381941e-11	2.593979155e-11	2.655409891e-11	2.697948717e-11	2.694949522e-11	2.698521427e-11	2.847983795e-11	2.895820193e-11	2.904908204e-11	3.023723025e-11	3.035614304e-11	3.029879663e-11	3.128340654e-11	3.132048201e-11	3.223885343e-11	3.226070686e-11	3.270455749e-11	3.231436079e-11	3.120382993e-11	3.121995625e-11	3.074317476e-11	2.927884445e-11	2.896159298e-11	2.933490979e-11	2.880048047e-11	2.830305127e-11	2.796982419e-11	2.811571465e-11	2.828843208e-11	2.880771471e-11	2.859784646e-11	2.812415459e-11	2.766033445e-11	2.734752902e-11	2.794013367e-11	2.780622491e-11	2.802784880e-11	2.776666267e-11	2.637309225e-11	2.666788744e-11	2.724014580e-11	2.694934451e-11	2.657376700e-11	2.629012459e-11	2.618349494e-11	2.552653571e-11	2.642810260e-11	2.687248073e-11	2.636163804e-11	2.725604605e-11	2.774624102e-11	2.743471666e-11	2.777939795e-11	2.744240303e-11	2.726893204e-11	2.749665982e-11	2.673872269e-11	2.703276432e-11	2.600618075e-11	2.686630149e-11	2.612200391e-11	2.636276839e-11	2.566398623e-11	2.523520693e-11	2.529089549e-11	2.525909498e-11	2.515246533e-11	2.467590991e-11	2.416114868e-11	2.444833285e-11	2.446023920e-11	2.378451617e-11	2.338806486e-11	2.359936489e-11	2.305340601e-11	2.375324316e-11	2.372430621e-11	2.323192590e-11	2.227760936e-11	2.324187297e-11	2.221182301e-11	2.234851996e-11	2.230669702e-11	2.289447884e-11	2.275943974e-11	2.222350329e-11	2.119782400e-11	2.089044425e-11	2.049301331e-11	2.011713437e-11	1.968624508e-11	1.977712519e-11	2.034689678e-11	2.022866220e-11	2.083814674e-11	2.017824861e-11	1.947208149e-11	2.007719535e-11	1.967983976e-11	1.996061862e-11	1.948413856e-11	1.980108860e-11	2.004426449e-11	2.036453023e-11	2.020311630e-11	2.032526942e-11	2.084794310e-11	2.055058578e-11	2.069843552e-11	2.139842339e-11	2.129006053e-11	2.122924772e-11	2.059708083e-11	2.105035105e-11	2.139616269e-11	2.107039592e-11	2.241641629e-11	2.217746038e-11	2.236939375e-11	2.263186094e-11	2.257436382e-11	2.184837791e-11	2.227791078e-11	2.186623744e-11	2.069414019e-11	2.148839922e-11	2.158500644e-11	2.141846826e-11	2.240820242e-11	2.261837210e-11	2.309063219e-11	2.389016618e-11	2.299236713e-11	2.387939018e-11	2.387697877e-11	2.477590818e-11	2.563309001e-11	2.620949298e-11	2.716840627e-11	2.833877032e-11	2.972789469e-11	3.144037443e-11	3.462961833e-11	3.617442953e-11	4.000593810e-11	4.371823246e-11	4.658811490e-11	5.098909363e-11	5.560800378e-11	6.061281530e-11	6.488621524e-11	7.039531342e-11	7.890654495e-11	8.716442744e-11	9.206117754e-11	1.013052524e-10	1.089936648e-10	1.194734379e-10	6.523895969e-11	4.926297434e-11	5.345611945e-11	5.918857473e-11	6.456233238e-11	6.920731592e-11	7.192362152e-11	7.504323587e-11	7.838447412e-11	8.518887766e-11	8.804368877e-11	8.907087518e-11	9.676674783e-11	1.011756390e-10	1.053961386e-10	1.156187195e-10	1.222237294e-10	1.270416564e-10	1.333399647e-10	1.422385294e-10	1.478879417e-10	1.554807264e-10	1.606339905e-10	1.694550886e-10	1.764056086e-10	1.816282009e-10	1.913735482e-10	1.997226122e-10	2.067992793e-10	2.135556806e-10	2.206856249e-10	2.274904052e-10	2.323955199e-10	2.362151221e-10	2.424387520e-10	2.451075076e-10	2.452995916e-10	2.473755918e-10	2.425049151e-10	2.471566808e-10	2.479711354e-10	2.465915059e-10	2.428498979e-10	2.308999166e-10	2.187488838e-10	2.072484802e-10	1.965852890e-10	1.923943293e-10	1.833742143e-10	1.744724093e-10	1.774413104e-10	1.686222469e-10	1.732459799e-10	1.636369528e-10	1.580038176e-10	1.571482182e-10	1.760000392e-10	1.774158398e-10	1.789120460e-10	1.754469968e-10	1.684560102e-10	1.576564988e-10	1.477798802e-10	1.450225053e-10	1.359096263e-10	1.235995156e-10	1.376040204e-10	1.145881420e-10	1.193703500e-10	1.215971389e-10	1.306448343e-10	1.360686288e-10	1.429887801e-10	1.632467561e-10
1.106303357e-11	1.082181695e-11	1.034051407e-11	1.027932447e-11	1.034081549e-11	9.501041052e-12	9.720630313e-12	9.785361670e-12	9.354698449e-12	9.246034168e-12	9.649945781e-12	9.272484350e-12	9.635251235e-12	9.603902871e-12	9.121846419e-12	8.900976095e-12	9.364193386e-12	9.322671875e-12	8.630068959e-12	9.061711817e-12	9.361179120e-12	9.241889553e-12	8.714016260e-12	9.265099399e-12	9.475419793e-12	9.017402110e-12	9.274443623e-12	8.796381073e-12	8.779199758e-12	9.232394616e-12	8.680105771e-12	8.117493065e-12	8.843102192e-12	9.055607928e-12	9.024184208e-12	8.575661462e-12	8.831120485e-12	8.930817326e-12	8.831723339e-12	8.950786836e-12	9.063218949e-12	8.580408930e-12	8.899242892e-12	9.413175205e-12	8.923733801e-12	8.911526025e-12	9.490340409e-12	9.033603788e-12	9.086127369e-12	9.235634951e-12	9.434953275e-12	9.963354064e-12	9.610986396e-12	9.439700744e-12	9.610082116e-12	9.653864326e-12	1.023742618e-11	1.000050489e-11	9.822060356e-12	1.015724671e-11	9.937054595e-12	1.043320274e-11	1.082566014e-11	1.051277936e-11	1.122233752e-11	1.044812336e-11	1.039801119e-11	1.008286970e-11	1.016802271e-11	1.010366814e-11	1.031964028e-11	1.003599787e-11	1.043614165e-11	9.886716357e-12	1.022152593e-11	1.014707356e-11	9.621234899e-12	9.719650677e-12	9.703750425e-12	9.368564072e-12	9.592599375e-12	9.411291289e-12	9.176103202e-12	9.449723177e-12	9.246335595e-12	9.828390314e-12	9.325158645e-12	9.243773469e-12	9.276252183e-12	9.794630538e-12	9.364720883e-12	9.176479986e-12	9.983775715e-12	9.571574871e-12	9.877598203e-12	9.513324185e-12	9.933211406e-12	9.953708413e-12	9.897718427e-12	9.377004016e-12	9.262914057e-12	9.153194783e-12	9.428246534e-12	9.294262420e-12	9.471199821e-12	9.584008717e-12	9.220638979e-12	9.033905215e-12	8.998336879e-12	9.045133355e-12	9.035336991e-12	9.345278869e-12	8.995247256e-12	9.270675791e-12	9.284239987e-12	9.206019790e-12	8.911526025e-12	9.092155901e-12	9.166231482e-12	9.041666949e-12	9.112803621e-12	9.093738390e-12	9.318979400e-12	9.543918983e-12	9.177459622e-12	8.733608988e-12	9.203834447e-12	9.017326753e-12	8.809191702e-12	8.314701403e-12	7.927443609e-12	8.762018443e-12	8.944532235e-12	9.244300965e-12	9.142192713e-12	9.115591817e-12	8.778370835e-12	9.028554893e-12	9.062314670e-12	9.301948798e-12	9.249877357e-12	9.137219174e-12	9.200594112e-12	9.601717529e-12	9.841276300e-12	1.059755558e-11	1.059830915e-11	1.058173069e-11	1.042770171e-11	1.107056924e-11	1.141412018e-11	1.144230356e-11	1.187439856e-11	1.237333490e-11	1.361129385e-11	1.427465839e-11	1.496967272e-11	1.583868554e-11	1.763865434e-11	1.989897688e-11	2.211536650e-11	2.503362790e-11	2.817826066e-11	3.122606014e-11	3.557398779e-11	4.026102034e-11	4.545625811e-11	5.206918041e-11	5.820170412e-11	6.546525569e-11	7.336398842e-11	8.156738806e-11	9.105185065e-11	9.946564604e-11	1.089017297e-10	2.697850753e-11	2.885858045e-11	3.121061202e-11	3.273266552e-11	3.504400451e-11	3.743175514e-11	3.912697821e-11	4.317182144e-11	4.645465828e-11	5.101456418e-11	5.219841706e-11	5.731603748e-11	6.017408892e-11	6.487664494e-11	6.875660784e-11	7.685194605e-11	7.806586623e-11	8.531638110e-11	9.408578450e-11	9.807629559e-11	1.046432503e-10	1.145286103e-10	1.218924615e-10	1.238216670e-10	1.342402505e-10	1.366648506e-10	1.506589562e-10	1.634839788e-10	1.593422269e-10	1.539157950e-10	1.360939486e-10	1.375871405e-10	1.267161911e-10	1.016749521e-10	7.476622485e-11	1.234096922e-10	4.154999574e-11	4.291402636e-11	3.754893472e-11	3.402985480e-11	3.203870619e-11	3.011816675e-11	2.725770390e-11	2.332996489e-11	2.303396399e-11	2.143512207e-11	2.076595507e-11	1.981337174e-11	1.954208782e-11	2.229561959e-11	1.880992266e-11	1.757128550e-11	1.801204651e-11	1.838302727e-11	2.017003473e-11	1.939860877e-11	1.955150740e-11	1.986333319e-11	1.895310029e-11	1.951284944e-11	2.524666114e-11	2.361044232e-11	2.292010010e-11	2.340795902e-11	2.308294581e-11	2.431676015e-11	2.338987342e-11	2.429844848e-11	4.512310638e-11	5.085028669e-11	7.292360419e-11	9.783726431e-11	1.017741968e-10	1.008574079e-10	9.672680880e-11	8.161071813e-11
6.776898366e-12	6.602975231e-12	6.352263676e-12	6.345255508e-12	6.566502615e-12	6.570571874e-12	7.054964383e-12	6.533496405e-12	6.410891145e-12	6.662356267e-12	6.522042195e-12	6.765444156e-12	6.705158841e-12	7.190832412e-12	6.377432795e-12	6.649018141e-12	6.240509773e-12	6.425208907e-12	6.458365831e-12	6.052193519e-12	6.724450141e-12	6.342919452e-12	6.793326114e-12	6.332746305e-12	6.517144013e-12	6.640578196e-12	6.221143115e-12	6.709830952e-12	6.402074418e-12	6.255053605e-12	6.696492826e-12	6.273742053e-12	6.547211314e-12	5.947975280e-12	6.362813606e-12	5.771339306e-12	6.677578309e-12	6.403129411e-12	6.146163254e-12	6.239379423e-12	5.832528901e-12	6.142772205e-12	6.038780036e-12	6.106450303e-12	6.137195813e-12	5.935466077e-12	6.155884261e-12	6.017152679e-12	5.982865406e-12	6.238776570e-12	5.945187084e-12	6.201173604e-12	5.998238162e-12	6.183916933e-12	5.915195140e-12	5.699147641e-12	6.078719058e-12	6.231316262e-12	5.757624397e-12	5.797488062e-12	5.837653153e-12	5.916476203e-12	5.651522242e-12	6.204790723e-12	5.783396369e-12	5.655817571e-12	6.052419589e-12	5.704121180e-12	6.094845379e-12	6.079924764e-12	5.883168566e-12	5.692591613e-12	5.583173766e-12	6.379542781e-12	6.261911060e-12	6.271933493e-12	6.347742277e-12	6.353620096e-12	6.210517828e-12	6.283613773e-12	5.962669826e-12	6.276228822e-12	6.550074867e-12	6.019413379e-12	5.773373935e-12	6.146766107e-12	6.056639561e-12	6.857228548e-12	6.779611205e-12	6.264699255e-12	6.856474982e-12	6.474115370e-12	6.384365606e-12	6.969886731e-12	6.203660374e-12	6.318654613e-12	6.304713633e-12	6.832511569e-12	6.923843822e-12	6.928139151e-12	6.744419652e-12	6.567783678e-12	6.734924715e-12	6.718195540e-12	6.527693944e-12	6.305617913e-12	6.295520123e-12	6.025894050e-12	6.123480904e-12	6.180299814e-12	6.267186025e-12	6.014590553e-12	6.467333272e-12	5.902158440e-12	5.551523975e-12	5.903740930e-12	5.797940201e-12	6.047295337e-12	5.789123474e-12	5.673300312e-12	5.606458969e-12	5.404427806e-12	5.995902106e-12	5.719267865e-12	5.300058854e-12	5.355521344e-12	5.873598272e-12	5.841873125e-12	5.727481739e-12	5.507892478e-12	5.416635582e-12	5.784225292e-12	5.582646269e-12	5.276321511e-12	5.509248898e-12	5.845414887e-12	5.850614496e-12	6.041342162e-12	5.641801235e-12	6.298006892e-12	5.863048342e-12	6.052721015e-12	6.173216289e-12	6.031997938e-12	6.409459369e-12	6.222424178e-12	6.367335005e-12	6.344351228e-12	6.619026196e-12	6.833039066e-12	7.039817697e-12	7.328132218e-12	7.421499100e-12	7.587509787e-12	7.885846741e-12	8.259314270e-12	8.624417211e-12	1.007744402e-11	1.027939983e-11	1.238252841e-11	1.396908720e-11	1.634922680e-11	1.988232306e-11	2.406197933e-11	2.927251449e-11	3.481348854e-11	4.163597767e-11	5.053069917e-11	6.031319728e-11	7.036012187e-11	8.178758017e-11	9.373432111e-11	1.077690439e-10	1.228123401e-10	2.641378484e-11	2.795663677e-11	2.974108211e-11	3.248715358e-11	3.446933474e-11	3.699920800e-11	4.051414331e-11	4.298569053e-11	4.535746555e-11	4.748757181e-11	5.163934612e-11	5.512067236e-11	5.945797473e-11	6.300162092e-11	6.972403643e-11	7.443420348e-11	8.280579915e-11	8.849341722e-11	9.634535347e-11	9.244278358e-11	7.221585459e-11	4.434904293e-11	2.837539364e-11	1.634719217e-11	1.319072842e-11	1.181757965e-11	1.094803933e-11	1.088594546e-11	9.912865112e-12	9.642786900e-12	9.866671489e-12	9.412044855e-12	9.374517246e-12	9.304736994e-12	9.143549132e-12	8.707158806e-12	9.016422473e-12	8.701356344e-12	7.815538992e-12	8.127214072e-12	7.805591915e-12	7.790445230e-12	7.953290938e-12	7.851182685e-12	7.707251495e-12	8.078458324e-12	7.822547160e-12	7.654953983e-12	7.364680190e-12	7.236197112e-12	7.488114373e-12	7.970396896e-12	7.502130709e-12	7.604314319e-12	7.913804056e-12	7.633401983e-12	6.885939430e-12	7.704689369e-12	7.523155213e-12	7.465733450e-12	7.754575467e-12	6.971695291e-12	6.958658591e-12	7.608760361e-12	7.068377865e-12	6.975689193e-12	6.871244884e-12	6.754743512e-12	6.855193919e-12	6.665295176e-12	6.143450415e-12	6.043000008e-12	6.123405548e-12	6.131016569e-12	6.274344906e-12	6.866271346e-12	5.929136119e-12
3.734976711e-12	3.584338779e-12	3.980488658e-12	4.144163289e-12	4.704967435e-12	4.375658900e-12	4.367445025e-12	4.796902540e-12	4.151623597e-12	4.485905670e-12	4.629460077e-12	4.654855266e-12	4.726444078e-12	4.702103882e-12	4.665555910e-12	4.755230316e-12	4.359080438e-12	4.593288888e-12	4.018995903e-12	4.253430423e-12	4.324265668e-12	4.345139459e-12	4.360135431e-12	4.205277527e-12	4.815590988e-12	4.799916806e-12	4.671358371e-12	4.626822595e-12	4.046425721e-12	4.843699017e-12	4.551390594e-12	4.520720440e-12	4.468196859e-12	4.895393674e-12	4.424716075e-12	4.504368048e-12	4.399999096e-12	4.384324914e-12	4.577916133e-12	4.040020407e-12	4.281161668e-12	4.168654198e-12	4.558021979e-12	4.234214479e-12	4.677839043e-12	4.773014484e-12	4.673468357e-12	4.773391268e-12	4.796827184e-12	4.941285871e-12	4.993884808e-12	4.493893474e-12	4.618156581e-12	4.844226513e-12	4.541518873e-12	4.720792330e-12	4.970674962e-12	4.582362175e-12	4.204297891e-12	4.728327994e-12	4.508286593e-12	4.466840439e-12	4.896750094e-12	4.400225166e-12	4.650635294e-12	4.696904274e-12	4.731945113e-12	5.203074853e-12	4.708810623e-12	5.115435075e-12	4.942566934e-12	5.226058629e-12	4.955678990e-12	5.145276306e-12	4.719209840e-12	5.192223496e-12	5.251378461e-12	5.558833570e-12	5.474057345e-12	5.390712896e-12	5.399002127e-12	5.403297456e-12	4.895167604e-12	5.211288727e-12	4.887029087e-12	4.787859743e-12	5.494252926e-12	4.784393338e-12	5.068412529e-12	5.286419301e-12	5.193805985e-12	5.265771580e-12	5.148667355e-12	4.705796358e-12	4.940758374e-12	5.194634908e-12	5.081147802e-12	5.195840615e-12	5.262003748e-12	5.262229818e-12	4.756963519e-12	5.019279997e-12	4.569476188e-12	4.666836973e-12	5.315280896e-12	4.626069028e-12	4.794717198e-12	5.322590490e-12	5.170520782e-12	4.811069590e-12	4.929228808e-12	4.975648500e-12	4.905039325e-12	5.228696112e-12	5.456725317e-12	4.838122625e-12	4.988459130e-12	5.012121116e-12	4.911896779e-12	4.765629533e-12	4.379577445e-12	4.811220303e-12	5.245877426e-12	5.367201623e-12	5.301113847e-12	4.999385843e-12	5.161025845e-12	4.999385843e-12	4.876931297e-12	4.492913838e-12	4.696828917e-12	5.149420922e-12	4.864798877e-12	4.804136778e-12	5.095164138e-12	5.236759272e-12	5.873598272e-12	5.804722299e-12	5.362228085e-12	5.262229818e-12	4.770377002e-12	5.413998100e-12	5.465315974e-12	5.706381879e-12	5.412038827e-12	5.584906968e-12	5.669833906e-12	5.763050075e-12	5.515729569e-12	5.395535722e-12	5.512564590e-12	5.664182158e-12	6.121747701e-12	6.062291309e-12	6.709906309e-12	7.083976691e-12	7.521723437e-12	7.850655188e-12	9.187783482e-12	1.046530467e-11	1.245969361e-11	1.494450360e-11	1.830955454e-11	2.280548265e-11	2.969647097e-11	3.791290731e-11	4.765117108e-11	5.806839821e-11	7.039109345e-11	8.459009377e-11	1.006760998e-10	1.143026157e-10	3.327636371e-11	2.840018598e-11	3.018274740e-11	3.223192062e-11	3.420536042e-11	3.724404174e-11	3.962485955e-11	4.220507105e-11	4.546432127e-11	4.914963795e-11	5.294874316e-11	5.565495097e-11	6.109976994e-11	6.543247555e-11	7.160034152e-11	7.850421583e-11	8.766811125e-11	8.245388362e-11	4.890103638e-11	2.240435923e-11	1.138465573e-11	9.491847541e-12	8.287573011e-12	8.016741232e-12	7.414038792e-12	7.040269837e-12	7.279828609e-12	6.626034364e-12	6.329430613e-12	5.993942833e-12	5.883394636e-12	5.813011530e-12	5.976535448e-12	6.126947310e-12	6.113157044e-12	6.019564092e-12	5.811202971e-12	5.591236927e-12	5.136459579e-12	5.250248112e-12	4.662993784e-12	4.969846039e-12	4.965399997e-12	4.675050847e-12	5.178357873e-12	4.996371578e-12	4.709338120e-12	4.980998822e-12	4.802403576e-12	4.761258848e-12	4.981375605e-12	4.680024385e-12	4.904210402e-12	4.479726425e-12	4.849652191e-12	4.551089167e-12	4.702179239e-12	4.921316360e-12	4.963440724e-12	4.908204304e-12	4.804664275e-12	5.055375830e-12	5.124477873e-12	4.734205813e-12	4.399170173e-12	5.067432893e-12	4.910088220e-12	4.977607773e-12	4.956809339e-12	4.284402004e-12	4.277092409e-12	4.641517140e-12	4.692684302e-12	4.765629533e-12	4.722751603e-12	4.481007488e-12	4.478143936e-12	4.482740691e-12	4.486207097e-12
3.819602222e-12	3.543646192e-12	3.683884906e-12	3.825103257e-12	3.158423027e-12	3.115092956e-12	3.122703977e-12	3.638821633e-12	3.392631477e-12	3.182913936e-12	2.940943752e-12	3.296174972e-12	3.578084178e-12	3.967904098e-12	3.367613071e-12	3.408004232e-12	3.390822917e-12	3.787801719e-12	3.765948292e-12	3.728269970e-12	3.695414473e-12	3.384945099e-12	3.991716798e-12	3.591799087e-12	3.312678077e-12	3.279973294e-12	3.481024820e-12	3.229333629e-12	3.130013572e-12	3.524128821e-12	3.252694188e-12	3.101227334e-12	3.184797852e-12	3.363995952e-12	3.023986773e-12	3.241013909e-12	3.337244343e-12	2.870108506e-12	3.713349354e-12	3.628497773e-12	3.557963954e-12	3.573638136e-12	3.640630193e-12	3.371833043e-12	3.226997573e-12	3.390295421e-12	3.544625828e-12	4.050570337e-12	3.799708068e-12	3.666778948e-12	3.713424711e-12	3.568438527e-12	3.657057941e-12	3.376203728e-12	3.875215426e-12	3.243576034e-12	3.209138048e-12	3.490896541e-12	3.604760430e-12	3.387055085e-12	3.431214078e-12	3.237698216e-12	3.123382187e-12	3.385095812e-12	3.896541356e-12	3.013738270e-12	3.593306220e-12	2.984198465e-12	3.354199588e-12	3.622318528e-12	3.554874331e-12	3.207103419e-12	3.010196508e-12	2.975381738e-12	3.167993320e-12	2.637482546e-12	3.104844453e-12	2.728438015e-12	3.184270356e-12	3.055259781e-12	3.008086521e-12	3.258044510e-12	2.827230576e-12	3.214413013e-12	2.842075834e-12	2.629871524e-12	2.698973567e-12	2.598899944e-12	2.805151079e-12	3.192484230e-12	2.916226772e-12	2.870033149e-12	2.232666653e-12	2.674934798e-12	2.533188950e-12	2.504930208e-12	3.114791530e-12	2.974929598e-12	3.009292228e-12	3.119765068e-12	3.033330997e-12	2.960461122e-12	3.139282439e-12	3.026774969e-12	2.956768647e-12	3.210117684e-12	3.327071196e-12	3.401146777e-12	2.856619667e-12	2.978697430e-12	3.098740564e-12	2.767623470e-12	2.856318240e-12	2.732205847e-12	2.732205847e-12	2.736576533e-12	2.675763721e-12	2.682771889e-12	2.246004779e-12	2.473581844e-12	2.800780393e-12	2.946143360e-12	2.763026715e-12	3.119614355e-12	2.898668674e-12	2.457832306e-12	2.493852782e-12	2.895503695e-12	3.021500004e-12	2.746900393e-12	2.919617821e-12	3.019239305e-12	2.907410045e-12	3.166712257e-12	2.964982521e-12	3.225189013e-12	2.710352420e-12	3.057821907e-12	3.163396565e-12	2.717285232e-12	3.124738607e-12	3.353069238e-12	3.193011726e-12	3.646432654e-12	3.437770106e-12	3.128054299e-12	3.274622972e-12	3.398660008e-12	3.075153935e-12	3.424055197e-12	3.418026666e-12	3.754795508e-12	3.449977883e-12	3.447114330e-12	3.969863371e-12	4.238283737e-12	4.265487486e-12	5.010613983e-12	5.792363810e-12	6.885638003e-12	8.475437125e-12	1.046010506e-11	1.390812367e-11	1.984351439e-11	2.685160694e-11	3.699446053e-11	4.931640220e-11	6.488568774e-11	8.156053060e-11	1.058480524e-10	1.279539993e-10	1.506905306e-10	3.098069890e-11	3.360717938e-11	3.603230690e-11	3.854077887e-11	4.210371636e-11	4.501014677e-11	4.832011201e-11	5.382694950e-11	5.702365370e-11	6.355699939e-11	6.899111771e-11	7.781078399e-11	7.166906678e-11	8.368355334e-12	6.367937858e-12	5.355822770e-12	4.784920834e-12	5.173308978e-12	4.506101251e-12	4.500374146e-12	4.418762900e-12	4.091790421e-12	4.447850565e-12	4.113267065e-12	3.618927479e-12	3.844620628e-12	3.432269071e-12	3.791870977e-12	3.573336709e-12	3.315843056e-12	3.699559088e-12	3.355103868e-12	3.105070523e-12	3.439126526e-12	3.387884008e-12	3.246590300e-12	3.068070410e-12	2.989925570e-12	3.444702918e-12	3.175981125e-12	4.072574477e-12	3.921107622e-12	3.506420009e-12	3.417423813e-12	3.577556681e-12	3.453745715e-12	3.704457270e-12	3.753815872e-12	3.546057604e-12	3.487279422e-12	3.460753883e-12	3.520360988e-12	3.666176095e-12	3.286152538e-12	3.853135929e-12	3.580947730e-12	3.604760430e-12	3.683960263e-12	3.767078641e-12	3.583509856e-12	4.140621527e-12	4.314921444e-12	4.033012239e-12	4.005356350e-12	4.132558366e-12	3.878606475e-12	3.870166531e-12	3.735278138e-12	3.907242000e-12	4.003849217e-12	3.589764458e-12	4.178827345e-12	3.049381962e-12	3.615235003e-12	3.342293238e-12	3.550503646e-12	3.770243620e-12	3.508454639e-12	3.625332794e-12
2.693472532e-12	2.776063414e-12	2.865436394e-12	4.416652914e-12	4.399622312e-12	4.260815374e-12	4.559905895e-12	4.184403737e-12	4.470156131e-12	4.640989644e-12	4.427052131e-12	4.662240217e-12	4.818680611e-12	4.251546507e-12	4.927721675e-12	4.973990654e-12	4.699391043e-12	4.577237923e-12	4.835033002e-12	4.975874570e-12	4.678969392e-12	4.360436858e-12	4.234139122e-12	3.926759370e-12	4.844301870e-12	4.482213194e-12	4.762087771e-12	4.691026455e-12	4.335192382e-12	4.648148525e-12	4.640236077e-12	5.042037704e-12	4.505799824e-12	4.717325924e-12	4.696075351e-12	4.164811009e-12	4.393066284e-12	4.122837359e-12	4.205503597e-12	4.038965414e-12	4.369555011e-12	4.833676583e-12	4.199776492e-12	4.076568379e-12	3.944016042e-12	4.717401281e-12	3.958409161e-12	4.758621365e-12	4.945656556e-12	4.783639771e-12	4.703460302e-12	4.863894597e-12	4.525241838e-12	5.052587634e-12	4.652217784e-12	4.800745729e-12	4.940230878e-12	4.670152665e-12	4.769548079e-12	4.902025059e-12	4.735110092e-12	4.794038988e-12	4.552219517e-12	4.671207658e-12	5.144974880e-12	4.704666008e-12	4.944978346e-12	5.319651581e-12	4.631117923e-12	4.438280271e-12	4.598262426e-12	4.854022877e-12	4.969167829e-12	5.068864669e-12	5.366975554e-12	4.464956523e-12	4.396306620e-12	4.901723633e-12	5.067206823e-12	5.313773763e-12	5.302168840e-12	4.853193954e-12	4.692684302e-12	4.450111264e-12	5.062534711e-12	5.010011130e-12	4.668645532e-12	5.030960277e-12	4.872108471e-12	5.289659637e-12	5.345272840e-12	5.182201062e-12	4.702857449e-12	4.733150820e-12	5.157785509e-12	4.595323517e-12	4.755456386e-12	4.671056945e-12	5.227188979e-12	5.249871329e-12	5.525073793e-12	4.872334541e-12	5.036838095e-12	4.691101812e-12	4.882809115e-12	4.861935324e-12	4.577916133e-12	4.914458905e-12	5.084538851e-12	4.574751154e-12	4.984163801e-12	4.740309701e-12	4.968263549e-12	4.511225502e-12	4.805869981e-12	4.563749083e-12	4.767588806e-12	4.425168215e-12	4.740987911e-12	4.922069926e-12	4.562995517e-12	4.315373584e-12	4.041527539e-12	4.385304550e-12	4.131804799e-12	4.284703430e-12	4.259609668e-12	4.455461586e-12	4.268426395e-12	4.383043851e-12	4.624109755e-12	3.959464154e-12	3.988627175e-12	4.109800659e-12	4.249888661e-12	4.609415210e-12	4.467443292e-12	5.282350042e-12	4.693890008e-12	5.092602012e-12	4.899689003e-12	4.303542591e-12	4.719963407e-12	5.109331187e-12	4.942416220e-12	4.844829366e-12	4.678065113e-12	5.314979469e-12	5.108050124e-12	5.051758711e-12	4.931263437e-12	5.251905958e-12	5.664634298e-12	6.044356428e-12	5.609548591e-12	5.732379921e-12	6.499661272e-12	7.232278566e-12	7.816443272e-12	1.022649947e-11	1.237627381e-11	1.664997517e-11	2.173443866e-11	2.953648882e-11	3.816233780e-11	5.019754744e-11	6.449835459e-11	8.061035868e-11	1.021759985e-10	1.207508837e-10	1.336573669e-10	1.495987635e-10	3.594745532e-11	3.878689367e-11	4.118956491e-11	4.311266647e-11	4.643137308e-11	5.065662012e-11	5.427215655e-11	5.770630954e-11	6.297592431e-11	6.851486372e-11	7.578060064e-11	8.308484480e-11	9.705385664e-11	9.953700878e-11	5.415625803e-11	7.260386595e-12	5.938781769e-12	6.185122639e-12	5.765838271e-12	6.147745744e-12	6.403581551e-12	5.733133488e-12	5.722960341e-12	5.493122576e-12	5.789048117e-12	6.034333994e-12	5.988291085e-12	5.665237151e-12	5.691838047e-12	5.802913740e-12	5.866288678e-12	5.308197371e-12	5.372250519e-12	6.035690414e-12	4.856886429e-12	4.882658402e-12	5.308046658e-12	5.782944229e-12	5.616632116e-12	5.700353347e-12	5.783396369e-12	5.346252476e-12	5.461698855e-12	5.263284811e-12	5.343614994e-12	4.877760220e-12	5.202321286e-12	5.546475080e-12	4.939401955e-12	5.118373984e-12	4.573244021e-12	4.445137726e-12	4.050645693e-12	4.624938679e-12	4.871354905e-12	4.710920610e-12	4.637749308e-12	4.859147129e-12	4.641065000e-12	5.022821760e-12	5.064192557e-12	5.132616390e-12	4.463072607e-12	4.794867911e-12	4.921165647e-12	5.083860641e-12	4.949801171e-12	4.515370118e-12	5.256804140e-12	5.232614657e-12	5.523868087e-12	5.459287443e-12	5.431254771e-12	5.376244421e-12	5.268710490e-12	4.704666008e-12	4.617553727e-12	4.891475129e-12	5.192449566e-12
3.881997524e-12	4.164735653e-12	3.979358308e-12	4.240770507e-12	4.210853919e-12	3.611693241e-12	3.726838193e-12	4.109800659e-12	3.993223931e-12	4.119446310e-12	3.979207595e-12	3.945071035e-12	4.072197694e-12	4.140546170e-12	4.317182144e-12	4.481761055e-12	4.269255318e-12	4.443856663e-12	3.980790084e-12	3.761125467e-12	4.052077470e-12	3.784410670e-12	3.620736038e-12	3.532644121e-12	3.515312093e-12	3.455328205e-12	3.956675958e-12	3.684261690e-12	3.750274110e-12	3.844620628e-12	3.764742585e-12	4.187493359e-12	3.980940798e-12	3.823294698e-12	3.745526641e-12	3.459849603e-12	3.418102022e-12	3.028583529e-12	3.675218892e-12	3.752007313e-12	3.260380566e-12	2.887892674e-12	3.379217994e-12	3.971219790e-12	3.563766416e-12	3.937535371e-12	4.115979904e-12	3.861877300e-12	3.362187392e-12	3.905885580e-12	3.707471536e-12	3.499261128e-12	3.279596510e-12	3.623825661e-12	3.535658387e-12	4.170688828e-12	3.667457158e-12	3.427446246e-12	3.732565298e-12	3.591271591e-12	3.061740452e-12	3.797145942e-12	3.434529771e-12	3.485546219e-12	4.073629470e-12	3.674088543e-12	3.707320823e-12	3.444853631e-12	3.773559313e-12	3.600841884e-12	3.674616039e-12	3.885463929e-12	3.716438977e-12	3.617118920e-12	4.260589304e-12	4.265412129e-12	4.144087932e-12	3.540782639e-12	3.443723281e-12	4.018393050e-12	3.319987672e-12	3.741984879e-12	4.180937331e-12	4.085083680e-12	3.817492236e-12	4.061421694e-12	3.745451285e-12	3.633471311e-12	3.637239144e-12	3.317576259e-12	3.629100626e-12	3.287358245e-12	3.246213517e-12	3.515990303e-12	3.270553713e-12	2.869279583e-12	3.631361325e-12	3.637239144e-12	3.453896428e-12	3.344780008e-12	3.609658612e-12	3.581098444e-12	3.395268959e-12	3.501446471e-12	3.424130554e-12	3.224134020e-12	3.419157015e-12	3.536638024e-12	3.353973518e-12	3.073646802e-12	3.410114218e-12	3.703552990e-12	3.396776092e-12	3.441010442e-12	3.274170832e-12	3.434077631e-12	3.504837520e-12	3.955922392e-12	3.875516852e-12	4.285456997e-12	4.274982423e-12	3.694133410e-12	3.851478083e-12	3.524731674e-12	3.802873047e-12	4.098421806e-12	3.530835562e-12	3.762331173e-12	3.422472708e-12	3.533849828e-12	3.280500790e-12	3.808750866e-12	3.165506551e-12	3.452163226e-12	3.651782976e-12	3.573562779e-12	3.314712707e-12	3.540481212e-12	3.675821745e-12	3.994655707e-12	4.096990030e-12	3.783204963e-12	3.659092570e-12	4.170688828e-12	4.036780071e-12	4.160741751e-12	3.568664597e-12	4.188548352e-12	4.173703093e-12	3.421191645e-12	3.843867062e-12	3.521491338e-12	3.861801943e-12	3.851402726e-12	4.404068355e-12	4.796375044e-12	4.887179800e-12	5.452731415e-12	6.063949155e-12	7.412908442e-12	9.305716630e-12	1.224085792e-11	1.774859969e-11	2.634920420e-11	3.717983788e-11	5.243322836e-11	7.135128781e-11	9.594716896e-11	1.196222673e-10	1.477455176e-10	1.646621799e-10	3.862208869e-11	4.095693895e-11	4.438122022e-11	4.766217315e-11	5.174612648e-11	5.628824821e-11	6.021267152e-11	6.545832288e-11	7.316248475e-11	8.041510961e-11	8.778333156e-11	9.717397513e-11	6.011274861e-11	5.775785348e-12	4.762841337e-12	4.497887376e-12	4.984992724e-12	4.344988745e-12	4.139943317e-12	4.077020519e-12	3.880490391e-12	4.140998310e-12	4.242579066e-12	4.265412129e-12	4.509567656e-12	4.334288102e-12	4.287642339e-12	4.144464715e-12	4.224870255e-12	4.003020294e-12	3.849594167e-12	4.138812967e-12	4.236023038e-12	4.174381303e-12	3.787877075e-12	4.217259234e-12	3.650125130e-12	3.825103257e-12	3.685392039e-12	3.720056095e-12	3.919148349e-12	3.593456933e-12	3.572131003e-12	3.961197357e-12	3.983276854e-12	3.832262139e-12	3.661127200e-12	3.921710475e-12	3.983578280e-12	3.463542079e-12	3.553668625e-12	3.654797242e-12	3.723371788e-12	3.657284011e-12	3.604534360e-12	3.762105103e-12	3.442216148e-12	3.582680933e-12	3.816964740e-12	3.268669797e-12	4.018619120e-12	3.880867174e-12	3.833091062e-12	4.086440099e-12	4.370233221e-12	4.277017052e-12	4.158330338e-12	3.679363508e-12	4.143711149e-12	4.309947906e-12	4.187191933e-12	4.560659461e-12	4.061949190e-12	4.784167268e-12	4.542197083e-12	4.535641055e-12	4.250566870e-12	4.648073168e-12	3.697072319e-12	3.800160208e-12
3.062418662e-12	3.056540844e-12	3.199115614e-12	2.616985538e-12	2.952473318e-12	2.716908448e-12	2.723991973e-12	2.974929598e-12	2.887063751e-12	2.408549061e-12	3.144632761e-12	2.690684336e-12	2.700782127e-12	2.492722432e-12	2.628590462e-12	2.673050882e-12	2.763403498e-12	2.981862409e-12	3.247268510e-12	2.680963329e-12	2.371247522e-12	2.876212394e-12	2.998064088e-12	2.704022462e-12	2.784880141e-12	2.955789010e-12	2.907259332e-12	3.033180284e-12	3.079524620e-12	3.288187168e-12	3.162341572e-12	2.972066046e-12	3.099418774e-12	3.445079701e-12	3.465275282e-12	2.896181905e-12	3.155182691e-12	3.417725239e-12	3.041017375e-12	2.908691108e-12	2.760012449e-12	2.711332057e-12	2.649539609e-12	3.283138273e-12	2.921124954e-12	3.179146104e-12	3.162944425e-12	2.829792701e-12	3.166109404e-12	2.714497036e-12	2.830395555e-12	2.867320310e-12	2.703871749e-12	3.036269906e-12	2.870259219e-12	2.860688926e-12	2.590083216e-12	2.511335523e-12	2.416009368e-12	2.426107159e-12	2.535826433e-12	2.868752086e-12	3.119086858e-12	2.667323777e-12	2.745543973e-12	3.192559586e-12	3.395721099e-12	3.497753995e-12	3.124361823e-12	3.633019171e-12	3.839496376e-12	3.932938615e-12	3.667909298e-12	3.736935984e-12	3.237472146e-12	3.211172677e-12	3.410792428e-12	2.858729653e-12	3.737614194e-12	3.600615814e-12	2.910725737e-12	3.074701795e-12	3.330537602e-12	3.743567368e-12	3.466782414e-12	3.276130105e-12	3.597074052e-12	3.208761265e-12	3.357741350e-12	3.841078866e-12	3.029337095e-12	3.023308564e-12	3.353747448e-12	3.271608706e-12	3.496548289e-12	3.482230527e-12	3.354350301e-12	3.519004569e-12	3.599937605e-12	3.203184873e-12	3.462336372e-12	3.547489380e-12	3.746581634e-12	3.367236288e-12	3.243651391e-12	3.755699788e-12	3.747335201e-12	3.363543812e-12	2.933860227e-12	3.107783362e-12	2.977943864e-12	3.117730439e-12	3.026247473e-12	3.196252062e-12	3.056842270e-12	3.075681431e-12	3.194443502e-12	3.040489878e-12	3.095575585e-12	3.084422802e-12	2.613217706e-12	2.967996787e-12	3.015546829e-12	2.923310297e-12	2.640421455e-12	3.199718468e-12	2.645696420e-12	3.355329938e-12	2.882919136e-12	2.773501288e-12	3.020897151e-12	3.215618719e-12	3.077113208e-12	2.896257262e-12	2.751949288e-12	3.183742859e-12	3.043428788e-12	3.384568316e-12	3.419985938e-12	3.132048201e-12	3.557737884e-12	3.258798077e-12	3.088567417e-12	3.588558751e-12	3.236793937e-12	3.326091560e-12	3.106351585e-12	3.178091111e-12	2.645847133e-12	3.001530493e-12	2.697843217e-12	3.319158749e-12	3.070406466e-12	3.531212345e-12	3.600615814e-12	3.838592097e-12	4.355764746e-12	4.646490679e-12	4.354935823e-12	5.791911670e-12	7.654275774e-12	1.035581147e-11	1.556506556e-11	2.357125687e-11	3.595657347e-11	5.720496178e-11	8.129301451e-11	1.089093407e-10	1.353313394e-10	1.623772158e-10	1.851463012e-10	4.330045523e-11	4.625157213e-11	5.064071987e-11	5.422973076e-11	5.937297244e-11	6.342226171e-11	6.973835420e-11	7.586138296e-11	8.486039805e-11	9.557453036e-11	5.717459306e-12	5.187476027e-12	4.597961000e-12	4.587712496e-12	3.957128098e-12	3.867529048e-12	4.485152104e-12	3.838290670e-12	3.772202893e-12	3.689461298e-12	3.417649882e-12	2.961892899e-12	3.427596960e-12	3.281329713e-12	3.245686021e-12	3.570699227e-12	3.459623533e-12	3.688029522e-12	3.525183814e-12	3.645603731e-12	3.847408824e-12	3.726009270e-12	3.642438752e-12	3.300545657e-12	3.857581971e-12	3.512976037e-12	3.892095314e-12	3.956223818e-12	3.317802329e-12	3.360077406e-12	3.543947618e-12	3.484039086e-12	3.724200711e-12	3.160608369e-12	3.398961435e-12	3.245384594e-12	3.339806469e-12	3.692852347e-12	3.785088879e-12	4.142204016e-12	3.860897663e-12	3.419157015e-12	3.803551257e-12	3.681172067e-12	4.325998871e-12	3.653892962e-12	3.622544598e-12	3.544927254e-12	3.542365129e-12	3.475147002e-12	3.034461347e-12	3.384869742e-12	3.818245803e-12	3.765119369e-12	3.615385717e-12	3.942433552e-12	3.700011228e-12	3.724200711e-12	3.877928265e-12	3.696996962e-12	4.256369332e-12	3.909954839e-12	4.204222534e-12	4.099326086e-12	4.028189413e-12	3.929773636e-12	3.998800322e-12	4.150719317e-12	4.072649833e-12	4.282819514e-12
3.509886415e-12	3.143954551e-12	3.098439138e-12	3.434077631e-12	3.275301182e-12	3.134534970e-12	3.512599254e-12	3.105522662e-12	3.608678975e-12	2.838308002e-12	2.788647974e-12	3.266107671e-12	2.995426605e-12	3.048100900e-12	3.038153823e-12	2.912534297e-12	3.353747448e-12	2.944560870e-12	2.960159696e-12	2.806130715e-12	2.315558962e-12	2.773049148e-12	3.060007249e-12	3.334983644e-12	3.172062579e-12	2.886385541e-12	2.776364841e-12	2.880281653e-12	2.670865539e-12	2.637256476e-12	3.160834439e-12	2.845919023e-12	3.300093518e-12	3.541234779e-12	3.678609941e-12	3.098363781e-12	3.263168762e-12	3.248248146e-12	2.959330773e-12	3.485923002e-12	3.446285407e-12	3.255256314e-12	2.745091833e-12	3.008915445e-12	3.180728593e-12	3.040565235e-12	3.562409996e-12	3.151565572e-12	3.096329152e-12	3.019766801e-12	2.768527750e-12	2.661219888e-12	3.046819837e-12	3.134911754e-12	2.928962045e-12	2.862874268e-12	3.041017375e-12	2.560468055e-12	2.700103917e-12	3.129260005e-12	3.009066158e-12	3.268217657e-12	2.838232646e-12	2.718641651e-12	2.964078241e-12	2.852625765e-12	2.634317566e-12	2.928283835e-12	3.040866662e-12	3.163471922e-12	2.608771664e-12	2.602969202e-12	2.407343354e-12	2.680511189e-12	2.537484279e-12	2.772973792e-12	2.832204114e-12	2.572148335e-12	2.529647188e-12	2.811481037e-12	2.961290045e-12	2.444569536e-12	2.478932166e-12	2.593851049e-12	3.104090886e-12	3.168068677e-12	2.942978381e-12	3.137624593e-12	3.205370216e-12	3.097986998e-12	2.847953653e-12	3.035591697e-12	2.868073877e-12	3.498959702e-12	3.285323615e-12	3.346136427e-12	3.203561656e-12	3.375902302e-12	3.222551531e-12	2.853605401e-12	3.041017375e-12	2.969579276e-12	2.614348056e-12	2.552404894e-12	2.788421904e-12	2.401691606e-12	2.896106548e-12	3.006880815e-12	2.487522824e-12	2.672824812e-12	3.038379892e-12	2.554062740e-12	2.713894183e-12	2.957296143e-12	3.122251837e-12	3.301449937e-12	3.264751251e-12	2.455420893e-12	2.379386039e-12	2.439746711e-12	2.263412164e-12	2.119405617e-12	2.029655854e-12	2.630775804e-12	2.621582294e-12	1.927773671e-12	2.673955161e-12	2.358436892e-12	2.187151240e-12	2.465066544e-12	2.923913150e-12	2.870033149e-12	2.949006912e-12	2.453989117e-12	2.916302129e-12	2.737782239e-12	3.271081210e-12	2.726252672e-12	2.478480026e-12	3.034159920e-12	2.527913985e-12	2.635523273e-12	2.833259107e-12	2.331760640e-12	2.531531104e-12	2.338467381e-12	2.608847021e-12	3.151188789e-12	2.738083665e-12	2.583753258e-12	2.300261563e-12	2.525954712e-12	2.833033037e-12	2.826929149e-12	3.132801768e-12	3.107255865e-12	3.730530669e-12	3.747109131e-12	3.841455649e-12	4.415974704e-12	5.976460091e-12	8.528036063e-12	1.360812887e-11	2.251912740e-11	3.601904413e-11	5.433214044e-11	8.138020215e-11	1.228602669e-10	1.558674567e-10	1.803785616e-10	4.688479401e-11	5.009521312e-11	5.261905785e-11	5.721626528e-11	6.184045039e-11	6.974739699e-11	7.629023762e-11	8.726668641e-11	9.903475674e-11	2.024290461e-11	4.758621365e-12	4.484398537e-12	4.121857722e-12	3.311698441e-12	3.827213243e-12	3.753514445e-12	3.680795284e-12	3.656002948e-12	3.875516852e-12	3.377560148e-12	3.428275169e-12	3.269272650e-12	3.107708005e-12	3.617118920e-12	3.001153710e-12	3.042223081e-12	2.876363107e-12	3.031899221e-12	3.142673488e-12	3.376881938e-12	3.422397351e-12	3.450279309e-12	3.535507674e-12	3.778231425e-12	3.497075785e-12	3.325413350e-12	3.265278748e-12	3.267840874e-12	2.998516228e-12	3.087813851e-12	2.467477956e-12	2.762499218e-12	2.675537651e-12	2.869807079e-12	3.130013572e-12	3.162190859e-12	3.249378496e-12	3.025117123e-12	2.757902463e-12	2.553158461e-12	2.997310521e-12	3.062418662e-12	3.212227671e-12	2.673955161e-12	3.087813851e-12	3.513277464e-12	3.226093293e-12	3.380725127e-12	2.740645791e-12	3.512599254e-12	2.955035444e-12	2.680059049e-12	3.148099166e-12	3.027377822e-12	3.050663025e-12	3.208233768e-12	3.120744705e-12	2.719169148e-12	2.910951807e-12	2.961139332e-12	2.844864030e-12	3.365352371e-12	3.193689936e-12	3.512523897e-12	3.147797740e-12	3.531739842e-12	3.889985328e-12	3.449073603e-12	3.352014245e-12	2.886310185e-12	3.101905543e-12
2.011494902e-12	1.946612832e-12	1.721522536e-12	2.060099938e-12	2.113527799e-12	1.540063737e-12	1.949099601e-12	1.823856859e-12	1.823555432e-12	1.713760801e-12	1.569980324e-12	2.122269169e-12	2.022798399e-12	2.185116611e-12	1.726345361e-12	1.204500600e-12	1.699895179e-12	1.629210647e-12	1.782712131e-12	1.614892884e-12	1.508790729e-12	1.951134231e-12	1.799441306e-12	1.742245613e-12	1.443682589e-12	1.624613891e-12	1.564554646e-12	1.936288972e-12	2.220684947e-12	1.016636486e-12	1.190333551e-12	1.558224688e-12	1.643151626e-12	2.087077617e-12	1.805319124e-12	2.223849926e-12	2.124831295e-12	1.874571880e-12	2.434848529e-12	2.634694350e-12	2.768226323e-12	2.268913199e-12	2.307420444e-12	2.561372335e-12	2.797992198e-12	2.650896028e-12	2.360320808e-12	2.281573115e-12	2.526331495e-12	2.596789958e-12	1.802756998e-12	2.533641090e-12	2.462730488e-12	2.565743020e-12	2.528667551e-12	2.420003270e-12	2.085871910e-12	1.671937864e-12	1.887985363e-12	2.054146763e-12	2.252636164e-12	2.069971658e-12	2.170271352e-12	2.378331046e-12	2.525502572e-12	2.972819612e-12	3.029939948e-12	2.479158236e-12	2.027470511e-12	2.343591633e-12	1.994464301e-12	1.992128245e-12	1.517984240e-12	2.114356722e-12	2.297171941e-12	2.338165955e-12	1.890622845e-12	1.792885278e-12	1.913983405e-12	1.949099601e-12	2.028525504e-12	1.751891263e-12	2.060326008e-12	2.292198402e-12	1.451595036e-12	2.391819886e-12	2.317518234e-12	1.618886786e-12	2.012474539e-12	2.327766738e-12	2.266878570e-12	2.323169983e-12	2.415557228e-12	2.295288024e-12	2.332664920e-12	2.555720587e-12	2.426559299e-12	2.362280081e-12	2.447734516e-12	1.938097531e-12	2.358813675e-12	2.720600924e-12	2.186397674e-12	2.597844951e-12	2.564838741e-12	2.296267661e-12	2.320306430e-12	2.551575971e-12	2.552329538e-12	2.334096696e-12	2.757751750e-12	3.243726748e-12	2.700631413e-12	2.395135578e-12	2.194008695e-12	2.454516614e-12	2.667248420e-12	2.386318851e-12	2.708996001e-12	2.608168811e-12	2.702515329e-12	2.338618095e-12	2.493551355e-12	2.138998344e-12	2.610580224e-12	2.457380166e-12	2.346229116e-12	2.268536416e-12	2.369212892e-12	2.527085062e-12	2.406062291e-12	2.148643995e-12	2.134401589e-12	2.202900779e-12	2.424600026e-12	2.300412276e-12	2.582170769e-12	1.919484440e-12	1.589799122e-12	1.642096633e-12	1.627100661e-12	1.504043261e-12	1.576159569e-12	1.804264131e-12	2.103806792e-12	2.353387997e-12	2.312770766e-12	2.358135466e-12	2.094613281e-12	2.324903186e-12	2.154672526e-12	2.398903410e-12	2.292273759e-12	2.174943464e-12	2.290615912e-12	2.418420781e-12	3.059781179e-12	2.520679747e-12	2.913664646e-12	3.881545384e-12	3.954113832e-12	5.244596363e-12	8.645064931e-12	1.483825073e-11	3.109124710e-11	4.545113385e-11	7.122084546e-11	9.074424482e-11	1.011144494e-10	4.993583382e-11	5.345724980e-11	5.862136527e-11	6.289167558e-11	6.842194898e-11	7.628353088e-11	8.585081042e-11	9.679387622e-11	4.300151542e-12	4.128263037e-12	3.729777103e-12	3.458719254e-12	3.398433938e-12	2.984801318e-12	3.314034497e-12	2.679154770e-12	2.889098380e-12	2.452632697e-12	2.091297589e-12	2.649539609e-12	2.617739105e-12	2.435903522e-12	2.208100387e-12	2.055955323e-12	2.183232695e-12	1.933199349e-12	1.826795768e-12	1.856636999e-12	1.431248742e-12	1.895973167e-12	1.635239178e-12	1.935309335e-12	1.775703963e-12	1.851286677e-12	2.143067603e-12	1.813532998e-12	1.466967792e-12	1.978337979e-12	1.688139542e-12	1.778341445e-12	1.793864914e-12	1.983688301e-12	2.123399519e-12	1.709917613e-12	1.469077778e-12	1.881353978e-12	2.060853504e-12	2.527386488e-12	2.130256974e-12	2.344495913e-12	2.627309399e-12	2.351730151e-12	2.394834151e-12	2.158741785e-12	2.855037177e-12	2.219102457e-12	2.137867995e-12	1.533356995e-12	1.846614565e-12	1.990319685e-12	2.248566905e-12	1.975775853e-12	2.061004218e-12	2.447207019e-12	2.284738094e-12	2.285416304e-12	2.257609702e-12	1.940885727e-12	1.916394818e-12	1.821520803e-12	2.478329313e-12	2.336734179e-12	2.187980163e-12	2.219253170e-12	2.240880527e-12	2.487899607e-12	2.255650430e-12	2.368233256e-12	2.401540893e-12	2.080898372e-12	2.227090261e-12	2.470190795e-12
1.401859651e-12	1.456794645e-12	1.662216857e-12	1.516929247e-12	1.418739540e-12	1.496658310e-12	1.670053948e-12	1.797029893e-12	1.791905641e-12	1.324317664e-12	1.496055456e-12	1.239692153e-12	1.355892098e-12	1.052732319e-12	1.095459536e-12	1.138262110e-12	1.111962641e-12	1.240822503e-12	1.154237719e-12	1.158156264e-12	1.286563986e-12	1.376991959e-12	1.929959014e-12	8.419597852e-13	1.210679845e-12	1.555135065e-12	9.619275627e-13	1.002695507e-12	1.361317777e-12	1.456794645e-12	1.461014617e-12	1.793940271e-12	1.587010926e-12	2.050680357e-12	1.649858367e-12	1.252125999e-12	1.139392460e-12	1.055746585e-12	1.312185245e-12	1.528157387e-12	1.376238392e-12	1.239692153e-12	1.395002197e-12	1.510297862e-12	1.626949947e-12	1.412786365e-12	1.602534395e-12	1.502837554e-12	1.699669109e-12	1.713911515e-12	2.112397449e-12	1.894390677e-12	2.082330148e-12	1.521375289e-12	1.549031177e-12	1.286639342e-12	1.688365612e-12	1.018369689e-12	1.105180543e-12	1.201863118e-12	1.136981047e-12	6.302076151e-13	1.283474363e-12	1.145647061e-12	1.405928910e-12	1.324166951e-12	1.076771088e-12	6.739898253e-13	7.208616580e-13	1.062528683e-12	1.188524992e-12	9.629825557e-13	9.431637583e-13	1.255667762e-12	9.815202902e-13	9.064650726e-13	9.986262484e-13	1.136905690e-12	9.193510587e-13	1.072475760e-12	1.062227256e-12	1.046402361e-12	1.190182838e-12	1.022062165e-12	1.251523146e-12	1.376841245e-12	1.541269443e-12	1.219270502e-12	1.592888744e-12	1.729434983e-12	1.444737582e-12	1.724838228e-12	1.407662113e-12	1.278350111e-12	1.745712019e-12	1.162979089e-12	1.457924995e-12	1.319570196e-12	1.527554534e-12	1.557018982e-12	1.392590784e-12	1.311054895e-12	1.130349662e-12	1.186942502e-12	1.813909782e-12	1.421603092e-12	1.822425082e-12	1.723029669e-12	2.139977981e-12	1.346849301e-12	1.945557839e-12	2.026038735e-12	1.655133332e-12	1.410374952e-12	1.587086283e-12	1.014300430e-12	5.344293204e-13	1.192292824e-12	1.011662948e-12	1.396283260e-12	1.806901614e-12	1.482491261e-12	1.090938137e-12	1.589573052e-12	1.203520964e-12	1.120628655e-12	1.085060319e-12	1.356947091e-12	1.253859202e-12	1.727249641e-12	1.438030840e-12	1.478949498e-12	1.326126224e-12	1.004127283e-12	1.652571206e-12	1.713911515e-12	1.564253219e-12	1.321981608e-12	1.849101334e-12	1.366065245e-12	1.576084213e-12	2.033574399e-12	1.113695844e-12	1.477442365e-12	1.564253219e-12	1.331853329e-12	1.893486398e-12	1.642021276e-12	1.497713303e-12	1.165465859e-12	1.446094001e-12	1.672465360e-12	1.406908546e-12	1.158909831e-12	1.509544296e-12	1.471715260e-12	1.489424072e-12	1.141050306e-12	1.513010701e-12	2.184136974e-12	2.732733344e-12	4.073554113e-12	6.156562471e-12	1.245630257e-11	2.571025521e-11	3.938025189e-11	5.805347760e-11	8.010268096e-11	9.833793386e-11	3.477837234e-11	3.635453191e-11	4.155820962e-11	4.784046697e-11	5.654385794e-11	6.631874504e-11	8.450976358e-11	3.015471473e-12	3.057595837e-12	3.076962494e-12	2.447433089e-12	2.555042377e-12	2.601311356e-12	1.991299322e-12	2.605606685e-12	2.936949849e-12	2.715024532e-12	2.629344028e-12	2.475013621e-12	1.974570147e-12	2.344194486e-12	2.429799634e-12	2.756998183e-12	2.074945197e-12	2.347660892e-12	2.047967518e-12	2.050831071e-12	1.909537363e-12	2.063415630e-12	2.278860276e-12	2.772295582e-12	2.438691718e-12	2.387373844e-12	2.541628894e-12	2.518946544e-12	2.071930931e-12	2.083535854e-12	2.111342456e-12	1.813005502e-12	2.077055183e-12	1.824459712e-12	2.153165394e-12	2.388278123e-12	1.960478454e-12	1.825363991e-12	1.975851210e-12	2.501539159e-12	1.711500102e-12	1.623408185e-12	1.905694174e-12	1.844956719e-12	1.920162650e-12	1.992128245e-12	2.120460610e-12	1.814814061e-12	2.369740389e-12	1.905920244e-12	2.046987882e-12	2.294006961e-12	2.228522038e-12	2.508999467e-12	2.498901677e-12	2.752100001e-12	2.591288923e-12	2.864079974e-12	2.826175582e-12	2.762197792e-12	2.561598405e-12	2.320683213e-12	2.700254630e-12	2.505759132e-12	2.557529146e-12	2.806808925e-12	3.056239417e-12	2.525653286e-12	1.735689585e-12	2.607339888e-12	2.137566568e-12	2.275167800e-12	2.824291666e-12	2.663480588e-12	2.403500165e-12
1.606528297e-12	1.841867097e-12	2.194536191e-12	1.629436717e-12	2.027998008e-12	1.511126785e-12	1.567568912e-12	1.110907648e-12	1.498617582e-12	1.543756212e-12	1.295908210e-12	1.388672239e-12	1.807956607e-12	1.625744241e-12	1.258003818e-12	1.606000800e-12	1.293948937e-12	1.744280242e-12	1.889191069e-12	1.593717667e-12	2.071026651e-12	1.927170818e-12	1.860630901e-12	1.686557053e-12	1.450916827e-12	1.841414957e-12	2.079089812e-12	1.456267148e-12	1.112490138e-12	1.735915655e-12	1.285961133e-12	1.669300381e-12	1.923855125e-12	1.590100548e-12	1.433810868e-12	1.281515091e-12	1.101638781e-12	1.121156152e-12	7.463322037e-13	1.554456856e-12	1.656715822e-12	1.752720186e-12	1.653098703e-12	1.506680743e-12	8.976483452e-13	1.608638283e-12	1.071043983e-12	1.232608628e-12	1.376087679e-12	1.137960683e-12	1.136302837e-12	1.213844824e-12	1.360413497e-12	1.328688350e-12	1.241123929e-12	1.550462954e-12	1.238260377e-12	8.843855758e-13	9.555976046e-13	8.728560093e-13	1.112414781e-12	1.441949386e-12	1.379780155e-12	1.296661776e-12	1.237582167e-12	1.327105860e-12	1.246549608e-12	1.312411315e-12	1.320097692e-12	9.461026674e-13	1.423487008e-12	1.207288796e-12	1.442401526e-12	1.473071680e-12	1.604192241e-12	1.250317440e-12	1.650687290e-12	1.583167737e-12	1.497336519e-12	1.493719400e-12	1.112037998e-12	1.477065582e-12	1.395981833e-12	1.338861497e-12	1.539159457e-12	1.221907985e-12	1.066447228e-12	9.519804856e-13	1.323564098e-12	1.235698251e-12	1.296586419e-12	8.993061914e-13	1.285207566e-12	1.168480124e-12	1.566513919e-12	1.400201805e-12	1.604418311e-12	1.452725386e-12	1.417533833e-12	1.552874366e-12	1.551367233e-12	1.129294669e-12	1.290859314e-12	1.586483429e-12	1.474578813e-12	1.919484440e-12	1.682035654e-12	1.459130701e-12	1.538631960e-12	1.413766001e-12	1.244138195e-12	1.506454673e-12	1.634410255e-12	1.215728740e-12	1.410374952e-12	1.677438899e-12	1.793638844e-12	1.189278558e-12	1.382342280e-12	1.483546254e-12	1.268478391e-12	1.462069610e-12	1.204726670e-12	1.391460434e-12	1.695223067e-12	1.533733779e-12	1.626949947e-12	1.731243543e-12	1.615947877e-12	1.776457529e-12	1.440668323e-12	1.147832404e-12	1.543605499e-12	1.901926342e-12	1.771031851e-12	1.861761251e-12	1.606980437e-12	1.312788098e-12	1.415875987e-12	1.081744627e-12	1.548352968e-12	1.565383569e-12	1.304348154e-12	1.063357606e-12	2.028299434e-12	1.493267261e-12	1.476613442e-12	1.697709836e-12	1.942166790e-12	1.514517834e-12	1.609165779e-12	1.544509779e-12	1.792282425e-12	1.390932938e-12	1.322132322e-12	1.524012771e-12	1.341423623e-12	1.134418921e-12	1.347678224e-12	1.159588040e-12	1.298771762e-12	2.632584364e-12	4.773994121e-12	1.091427956e-11	2.466988138e-11	4.012763908e-11	6.130059539e-11	9.077649747e-11	2.160422238e-11	2.682688996e-11	3.027588821e-11	2.996549419e-11	3.352428707e-11	3.834990049e-11	4.741357158e-11	2.513671579e-12	2.209833590e-12	2.103430008e-12	2.075020554e-12	1.829282537e-12	1.602911178e-12	1.428159120e-12	1.380985861e-12	1.519792799e-12	1.395755763e-12	1.704491934e-12	1.955052776e-12	1.998458203e-12	1.837797838e-12	1.739532774e-12	1.965301280e-12	1.844579936e-12	2.068163099e-12	1.701326955e-12	1.981050818e-12	1.440442253e-12	1.749555207e-12	1.981502958e-12	1.189956768e-12	1.699895179e-12	1.278500825e-12	1.042935955e-12	1.698388046e-12	1.930185083e-12	9.203306951e-13	1.163205159e-12	1.324166951e-12	1.162300879e-12	1.553175793e-12	1.515271401e-12	1.516100324e-12	1.567719625e-12	1.307362419e-12	1.268327678e-12	1.230423286e-12	1.225600461e-12	1.363578476e-12	1.721221109e-12	1.489650142e-12	1.364558112e-12	1.686481696e-12	1.397488966e-12	1.499069722e-12	1.729510340e-12	1.577289919e-12	1.872687964e-12	1.549860100e-12	1.674198563e-12	1.454986085e-12	1.273753356e-12	1.533432352e-12	1.253407062e-12	1.199300992e-12	1.438709050e-12	1.602534395e-12	1.757166228e-12	1.922347992e-12	1.505022897e-12	1.664778983e-12	1.293270727e-12	1.103221270e-12	1.023343228e-12	1.479024855e-12	1.157176628e-12	8.880026948e-13	9.928991434e-13	1.200355985e-12	1.370285217e-12	1.130726446e-12	1.337203651e-12	1.360940993e-12
9.004365410e-13	8.900373241e-13	8.944080095e-13	5.063966487e-13	8.347255473e-13	8.565036175e-13	6.552260210e-13	8.473854636e-13	7.109145810e-13	9.642636186e-13	9.177685692e-13	4.195857947e-13	5.242561734e-13	5.063966487e-13	4.918528164e-13	5.316411245e-13	3.739950250e-13	2.715099889e-13	6.339000907e-13	6.975010983e-13	6.647209581e-13	9.273388630e-13	3.541008709e-13	3.335285070e-13	6.217676709e-13	8.335198410e-13	8.290737990e-13	6.308858249e-13	9.232696042e-13	8.424119250e-13	8.593671700e-13	8.155096031e-13	9.415059121e-13	9.677300243e-13	1.103974837e-12	8.913937437e-13	1.458678561e-12	7.654727914e-13	1.159361970e-12	8.782816877e-13	9.922962903e-13	8.572571839e-13	9.808420804e-13	8.060146659e-13	5.690180200e-13	9.220638979e-13	8.472347503e-13	5.647980480e-13	9.153571566e-13	4.926817395e-13	6.105395310e-13	1.064035816e-12	7.878537147e-13	6.950143291e-13	6.217676709e-13	7.739880921e-13	8.057132393e-13	5.370668029e-13	1.742245613e-13	6.983300214e-13	1.142708152e-12	8.773020513e-13	9.028479537e-13	8.454261908e-13	9.565018843e-13	1.059891200e-12	1.039695619e-12	6.992343011e-13	5.983317546e-13	5.356350267e-13	2.406137648e-13	6.258369297e-13	5.585434465e-13	9.697646537e-13	1.052958389e-12	7.049614061e-13	5.929814329e-13	1.355063175e-12	1.537200184e-12	1.106386250e-12	9.965162623e-13	1.169836544e-12	1.165315145e-12	1.358228154e-12	1.557772548e-12	1.723406452e-12	1.595978367e-12	1.860856971e-12	1.563951793e-12	1.435242645e-12	1.112565494e-12	1.081819984e-12	1.394173274e-12	1.146325271e-12	7.537171549e-13	7.727823858e-13	7.488943296e-13	9.493430031e-13	9.789581643e-13	9.568786675e-13	5.984071113e-13	9.237971007e-13	5.265922294e-13	2.743735414e-13	1.055445158e-12	6.372157830e-13	7.023239235e-13	5.024781032e-13	9.430884016e-13	8.699171002e-13	5.173987188e-13	8.323894914e-13	7.507782457e-13	8.799395338e-13	8.373630299e-13	4.649504945e-13	5.447531806e-13	1.131178585e-12	8.088028617e-13	5.862746915e-13	6.146087897e-13	1.010532598e-12	7.397761757e-13	6.479917831e-13	5.351075302e-13	9.195771287e-13	9.234203175e-13	9.618522060e-13	9.832534930e-13	1.570206394e-12	1.381287287e-12	1.337505077e-12	1.389953301e-12	1.224545468e-12	1.015430780e-12	1.774950396e-12	1.468173498e-12	1.072626473e-12	1.129671453e-12	9.818217167e-13	1.090862781e-12	1.147154194e-12	1.145722418e-12	1.210679845e-12	9.796363740e-13	1.364558112e-12	1.132158222e-12	9.280924294e-13	1.061398333e-12	1.465234589e-12	1.176241859e-12	1.411505302e-12	1.537501611e-12	1.276993692e-12	1.166219425e-12	1.216180880e-12	1.538481247e-12	1.526424184e-12	1.274130139e-12	1.957539545e-12	1.859123768e-12	2.859558576e-12	6.650449917e-12	1.556755233e-11	3.258858362e-11	5.735477079e-11	1.006208634e-10	1.142458722e-10	2.377072590e-11	2.544077985e-11	2.797155739e-11	3.036217157e-11	3.121400307e-11	3.655965270e-11	1.178050418e-12	1.235246111e-12	1.386185469e-12	9.088764852e-13	9.956873393e-13	8.822755898e-13	1.004353353e-12	9.646404019e-13	9.521311989e-13	1.146400628e-12	1.017088626e-12	1.111359788e-12	1.030125326e-12	1.155066642e-12	1.183174670e-12	1.095082753e-12	1.443456519e-12	1.231402922e-12	1.308643482e-12	1.140974949e-12	4.788914736e-13	4.640462147e-13	7.079003152e-13	9.687096606e-13	8.060146659e-13	8.510779391e-13	9.006626110e-13	7.767009313e-13	8.513793657e-13	1.440894393e-12	1.496130813e-12	6.086556149e-13	6.834094059e-13	1.407888183e-12	1.052204822e-12	1.233437552e-12	7.583139102e-13	1.117765103e-12	9.458765975e-13	1.108948375e-12	7.892854909e-13	8.699171002e-13	3.259174860e-13	4.785146904e-13	8.225177710e-13	5.528163415e-13	5.894396706e-13	4.652519210e-13	6.076006218e-13	2.860538212e-13	7.054135460e-13	8.956890725e-13	5.589202297e-13	5.100891243e-13	5.844661321e-13	6.101627477e-13	9.570293808e-13	1.011964374e-12	1.000510164e-12	8.452754775e-13	9.264345833e-13	1.239315370e-12	1.017465409e-12	8.510025825e-13	1.457096071e-12	1.041880962e-12	1.030803535e-12	1.403592854e-12	1.393796490e-12	1.007442976e-12	1.038188487e-12	8.984019116e-13	1.201184908e-12	1.029070333e-12	8.384933795e-13	6.869511681e-13	1.115956543e-12
7.148331265e-13	1.116785466e-13	1.258079174e-12	8.021714771e-13	7.719534628e-13	8.521329321e-13	5.639691249e-13	1.248132097e-12	7.239512804e-13	3.444552204e-13	3.146893460e-13	6.970489585e-13	9.538644017e-13	1.463426030e-12	5.243315300e-13	1.115655117e-12	8.438437013e-13	9.804652971e-13	9.836302762e-13	1.170514754e-12	1.093952403e-12	9.577829472e-13	9.869459685e-13	5.969753350e-13	1.110003368e-12	8.384933795e-13	7.149838398e-13	1.179482194e-12	6.935071962e-13	9.543918983e-13	1.253030279e-12	1.348507147e-12	1.226806167e-12	1.146852767e-12	1.778642872e-12	1.296737133e-12	1.548880464e-12	8.834812961e-13	7.687884837e-13	8.388701628e-13	5.898918105e-13	6.559795874e-13	1.031406389e-12	5.176247887e-13	9.814449335e-13	1.145722418e-12	1.174433299e-12	6.745173219e-13	1.286790056e-12	1.012567228e-12	9.900355909e-13	9.598175766e-13	1.274356209e-12	1.196211369e-12	4.707529561e-13	3.851478083e-13	1.032762808e-12	3.057972620e-13	1.227559733e-13	4.830360891e-13	3.930602559e-13	5.996128176e-13	7.849148055e-13	1.093575620e-12	8.213120647e-13	9.545426115e-13	1.306156713e-12	1.159512684e-12	7.542446514e-13	1.147003481e-12	9.437666114e-13	4.470156131e-13	3.396323952e-13	8.698417435e-13	6.101627477e-13	1.166520852e-12	7.785848474e-13	1.084156039e-12	9.660721781e-13	4.736165085e-13	1.514668548e-13	3.575672765e-13	7.895115608e-13	5.305861315e-13	6.018735169e-13	6.514581887e-13	7.430165114e-13	1.055671228e-12	9.843084860e-13	9.119661076e-13	5.957696287e-13	6.522117552e-13	5.005941871e-13	6.509306922e-13	9.991537449e-13	5.302093483e-13	2.112246736e-13	2.798745764e-13	3.113736537e-13	3.837913887e-13	4.342049836e-13	7.542446514e-13	7.633628053e-13	5.291543553e-13	3.213207307e-13	1.121834362e-12	5.515352786e-13	9.068418558e-13	3.442291505e-13	1.151449523e-13	2.027847294e-13	-2.034629392e-15	3.644247311e-13	4.739179351e-13	4.650258511e-13	7.580878402e-14	-1.476236659e-13	6.246312234e-13	2.357909396e-13	5.321686210e-13	4.910238933e-13	-1.927622958e-13	2.732431917e-13	7.127231404e-13	1.165767285e-13	1.487540156e-13	9.645650452e-14	2.886913038e-13	3.435509407e-13	4.549280608e-13	-1.431776239e-15	1.406154980e-13	7.840858825e-13	6.549999510e-13	9.216117580e-13	4.875574877e-13	5.567348870e-13	7.282466091e-13	3.607322556e-13	2.323245339e-13	2.826627722e-13	4.527427181e-13	2.459640865e-13	1.320248406e-13	8.341980508e-14	4.551541307e-13	1.557621835e-13	2.953980451e-13	4.591480329e-13	-1.284830783e-13	-3.963759483e-14	-8.025482603e-14	7.814483999e-14	-1.223791901e-13	-2.566647300e-13	5.082805648e-13	1.286337916e-13	4.349585501e-13	1.290859314e-13	1.784445334e-13	7.100856579e-13	1.454307876e-12	5.806455502e-12	1.817647471e-11	4.198902355e-11	7.339624106e-11	1.095123445e-10	2.775581132e-11	3.953571264e-11	4.383066458e-11	3.744592219e-11	4.077774085e-11	4.723979916e-11	5.904946636e-13	5.258386629e-13	3.354877798e-13	5.501035024e-14	1.421979875e-13	4.014248434e-13	5.742176285e-14	-1.910290929e-13	9.201046252e-14	-3.963005916e-13	-2.716607022e-13	-4.478445362e-13	1.356419595e-14	-4.340542703e-13	-5.891382440e-13	-5.109934040e-13	-1.155970921e-12	-6.681873637e-13	-7.414340219e-13	-4.641215714e-13	-3.373716959e-13	-4.907224668e-13	-4.488241726e-13	-8.865709185e-13	-5.904193070e-13	-1.641267710e-13	2.864306044e-13	-4.306632214e-13	-4.000684238e-13	-5.678123137e-13	-2.727156952e-13	-3.746732348e-13	-4.358628298e-13	-1.312712741e-13	-5.936596427e-13	-3.890663538e-13	-4.135572631e-13	-2.221513870e-13	2.467176530e-13	5.500281457e-13	9.103082614e-14	-3.665347172e-13	5.336757539e-13	3.427220176e-13	4.449809838e-13	3.268217657e-13	4.967509983e-13	6.774562310e-14	2.619396951e-13	9.494937164e-14	-1.233588265e-13	5.546249010e-14	-3.134082831e-13	3.464898498e-13	-2.758053176e-14	-7.611021060e-14	4.784393338e-13	1.188374278e-13	3.311924511e-13	2.590761426e-13	-9.366830869e-14	3.454348568e-13	2.851495415e-13	1.037585633e-12	1.058836207e-12	7.874769314e-13	4.789668303e-13	5.861239783e-13	4.062476687e-13	2.785181568e-13	-7.030774900e-14	-1.165767285e-13	5.097876977e-13	3.996916406e-13	-7.264380497e-14	-8.206338549e-14	2.975080311e-13	-4.641969280e-14
-5.063966487e-14	-5.850689852e-13	-8.592164567e-13	-4.580930398e-13	-4.013494868e-13	-5.782868873e-13	-6.546231678e-13	-7.597456864e-13	-7.234237839e-13	-6.235762304e-13	-6.369897131e-13	-7.276437560e-13	-3.758789411e-13	-2.439294571e-13	-3.014265766e-13	-4.790421869e-13	-5.461096002e-13	-6.378186362e-13	-3.593004793e-13	-3.467912764e-13	-7.014950005e-13	-5.018752501e-14	-3.266710524e-13	-1.256195258e-13	-1.308191343e-13	-4.467141866e-13	-3.522169548e-13	-2.454365900e-13	-9.181453524e-13	-7.982529316e-13	-5.837125656e-13	-9.420334086e-13	-6.302076151e-13	-8.352530438e-13	-7.046599795e-13	-2.230556667e-13	-5.296064951e-13	-6.990835879e-13	-2.542533174e-13	-8.847623591e-13	-8.837073660e-13	-4.408363683e-13	-4.849953618e-13	-6.595967063e-13	-4.924556696e-13	-6.854440353e-13	-4.345817669e-13	-7.073728187e-13	-1.419719176e-13	-8.849884290e-13	-4.885371241e-13	-6.010445938e-13	-9.311066952e-13	-5.225229706e-13	-2.677421567e-13	-3.016526466e-13	-6.889857975e-13	-8.182977989e-13	-8.827277297e-13	-1.148812040e-12	-1.142105299e-12	-5.626127053e-13	-1.343232182e-12	-1.021911451e-12	-1.099679508e-12	-1.561992520e-12	-1.063885102e-12	-1.166219425e-12	-1.373374840e-12	-1.318364490e-12	-1.134042138e-12	-8.199556451e-13	-9.198031986e-13	-3.132575698e-13	-5.284761455e-13	-1.086642809e-12	-1.224319398e-12	-1.421150952e-12	-1.137809970e-12	-1.435920854e-12	-1.248659594e-12	-9.519051290e-13	-5.453560338e-13	-8.690881771e-13	-6.305090417e-13	-7.151345531e-13	-7.677334907e-13	-8.290737990e-13	-1.015204710e-12	-7.561285675e-13	-8.600453798e-13	-9.607218564e-13	-8.419597852e-13	-9.378887932e-13	-1.120930082e-12	-8.757949184e-13	-8.950862193e-13	-7.745909453e-13	-9.836302762e-13	-1.084608179e-12	-1.151901663e-12	-1.124245774e-12	-1.039846333e-12	-1.100131648e-12	-1.310904182e-12	-8.679578274e-13	-7.238759238e-13	-8.242509738e-13	-7.014196438e-13	-6.857454618e-13	-7.615542459e-13	-9.405262757e-13	-1.179632908e-12	-8.160370996e-13	-9.442941079e-13	-6.617820490e-13	-6.825804828e-13	-4.345817669e-13	-4.874821311e-13	-2.459640865e-13	1.357173161e-13	-5.107673341e-13	-1.037585633e-12	-4.091865778e-13	-3.810785495e-13	-4.530441447e-13	-4.372192494e-13	-6.198837548e-13	-5.083559215e-13	-9.669764578e-13	-9.415059121e-13	-9.400741359e-13	-9.539397584e-13	-6.854440353e-13	-5.475413764e-13	-6.759490981e-13	-5.716555026e-13	-6.257615731e-13	-3.061740452e-13	-4.892153339e-13	-7.534910849e-13	-6.087309715e-13	-7.098595880e-13	-1.060192627e-12	-8.531879252e-13	-8.758702750e-13	-9.977219686e-13	-8.177703024e-13	-1.672842144e-12	-1.663950060e-12	-1.943598566e-12	-1.896802090e-12	-1.103899480e-12	-1.840962817e-12	-1.644357332e-12	-1.530342730e-12	-1.681960298e-12	-1.132761075e-12	-8.063914491e-13	-9.795610174e-13	-8.115910576e-13	8.583121770e-14	3.456232484e-12	1.172956309e-11	3.234540773e-11	5.637325050e-11	3.946178778e-11	4.258298462e-11	4.765441142e-11	5.238251334e-11	5.875316404e-11	7.046087370e-11	-1.140146026e-13	-3.552312206e-13	-7.508536024e-13	-7.536417982e-13	-5.216940475e-13	-5.066980753e-13	-2.495812055e-13	-1.421226309e-13	-2.065525616e-13	-4.577916133e-13	-6.667555875e-13	-2.460394432e-13	-2.431005341e-13	-1.987908273e-13	-3.217728706e-13	-4.744454316e-13	-2.793470799e-13	-4.381235291e-13	-4.447549138e-13	-8.109128478e-13	-9.031493802e-13	-1.236451817e-12	-1.463426030e-12	-9.230435343e-13	-9.046565131e-13	-9.861170454e-13	-1.025980710e-12	-5.731626355e-13	-8.066928757e-13	-8.298273655e-13	-7.955400924e-13	-8.362326802e-13	-1.036003144e-12	-7.528128751e-13	-1.126129690e-12	-1.242555706e-12	-9.585365137e-13	-6.841629723e-13	-8.026236169e-13	-8.849130723e-13	-1.135172488e-12	-1.148359900e-12	-1.037660990e-12	-8.818988066e-13	-7.778312810e-13	-6.785865806e-13	-3.697750529e-13	-7.135520635e-13	-4.195104380e-13	-8.079739387e-13	-2.859031079e-13	-4.521398649e-13	-6.057167057e-13	-2.966037514e-13	-1.098323089e-12	-9.788828076e-13	-9.870213252e-13	-1.126732543e-12	-6.363868599e-13	-8.439944146e-13	-1.155368068e-12	-1.267724825e-12	-1.315877720e-12	-1.367270952e-12	-1.165239789e-12	-1.214523034e-12	-1.541420156e-12	-1.281741160e-12	-1.032009242e-12	-1.160040180e-12	-1.458000351e-12	-1.576008856e-12	-1.672239291e-12	-1.381211931e-12	-1.138337467e-12	-9.652432550e-13	-1.087321019e-12	-1.289276825e-12	-5.929060762e-13
-1.086567452e-12	-1.009025465e-12	-1.363578476e-12	-1.757166228e-12	-1.417684547e-12	-1.196738866e-12	-9.608725697e-13	-1.307739203e-12	-1.462747820e-12	-1.602082255e-12	-1.538481247e-12	-2.020613056e-12	-1.434338365e-12	-1.511729638e-12	-1.317309497e-12	-1.450464687e-12	-1.225072964e-12	-1.731017473e-12	-1.923026202e-12	-1.873592244e-12	-1.986401140e-12	-2.010892049e-12	-1.623408185e-12	-1.807730537e-12	-1.605021164e-12	-1.550387597e-12	-1.838174621e-12	-1.480230561e-12	-1.495904743e-12	-1.473071680e-12	-1.420698812e-12	-1.520320296e-12	-1.526348827e-12	-1.317912350e-12	-1.529287737e-12	-2.022044833e-12	-1.448430057e-12	-1.806600187e-12	-1.366517385e-12	-9.552208213e-13	-1.330044769e-12	-1.293270727e-12	-1.276089412e-12	-1.933500776e-12	-1.731469613e-12	-1.516401750e-12	-1.594697304e-12	-1.521149219e-12	-1.573069947e-12	-1.819938313e-12	-1.445415792e-12	-1.561012884e-12	-1.675253556e-12	-1.529438450e-12	-1.609919346e-12	-1.655585472e-12	-1.359659931e-12	-1.601630115e-12	-1.488896575e-12	-1.273904069e-12	-1.775779320e-12	-1.777060383e-12	-2.285567017e-12	-1.649255514e-12	-1.842997446e-12	-1.634937752e-12	-1.254009915e-12	-1.661764717e-12	-1.828001474e-12	-1.533658422e-12	-1.768243655e-12	-1.726345361e-12	-1.633355262e-12	-1.790775292e-12	-1.595300157e-12	-2.127468778e-12	-2.049399295e-12	-1.828679684e-12	-1.765982956e-12	-1.794844551e-12	-1.876907936e-12	-1.836441418e-12	-1.512181778e-12	-1.610823626e-12	-1.569377471e-12	-1.627176017e-12	-1.788740662e-12	-2.146534009e-12	-1.365537749e-12	-1.944502846e-12	-1.706225137e-12	-1.855355936e-12	-1.666286116e-12	-2.145479016e-12	-2.068313812e-12	-1.346547874e-12	-1.612104688e-12	-2.108780330e-12	-2.014659882e-12	-1.412560295e-12	-1.615797164e-12	-1.524615625e-12	-1.545187988e-12	-1.445566505e-12	-1.871482258e-12	-1.052355536e-12	-1.780677501e-12	-1.384452266e-12	-1.559355038e-12	-1.685652773e-12	-2.038020441e-12	-1.403592854e-12	-1.662066144e-12	-2.027093728e-12	-1.745033809e-12	-1.493493331e-12	-2.087680470e-12	-2.202750065e-12	-2.282552752e-12	-2.008555993e-12	-2.096120414e-12	-1.824308998e-12	-2.137415855e-12	-2.055653896e-12	-1.569226758e-12	-2.391066319e-12	-2.055955323e-12	-2.059195658e-12	-1.812176579e-12	-1.905392748e-12	-1.816245837e-12	-2.018427714e-12	-2.201845786e-12	-2.016995938e-12	-2.529270405e-12	-2.231385590e-12	-1.937419321e-12	-2.070423798e-12	-2.054372833e-12	-2.199509730e-12	-2.544040307e-12	-1.935912188e-12	-1.772388271e-12	-2.103430008e-12	-1.784294620e-12	-2.602592419e-12	-2.330178151e-12	-2.364540780e-12	-2.273585311e-12	-1.966205559e-12	-1.937343965e-12	-1.674424633e-12	-2.128146988e-12	-2.037417588e-12	-2.481042152e-12	-2.069820945e-12	-2.408775130e-12	-2.099285393e-12	-1.714966508e-12	-1.681884941e-12	-2.302597619e-12	-1.586106646e-12	1.939680021e-12	1.132256185e-11	3.220102440e-11	6.280983826e-11	3.301389652e-11	3.514196815e-11	4.071888731e-11	4.634742578e-11	5.375099000e-11	3.974995158e-11	-1.290181105e-12	-1.582866311e-12	-1.868241922e-12	-1.871105474e-12	-1.483169470e-12	-1.795296690e-12	-1.606151514e-12	-1.684145640e-12	-1.958293112e-12	-2.657301343e-12	-1.839606397e-12	-2.117521701e-12	-1.779245725e-12	-1.962136301e-12	-1.917977307e-12	-2.032142623e-12	-2.008555993e-12	-1.935535405e-12	-1.786630676e-12	-1.842922090e-12	-1.756035879e-12	-1.579927401e-12	-1.311356322e-12	-1.709842256e-12	-1.742320970e-12	-1.664929696e-12	-1.814437278e-12	-2.209607520e-12	-1.955580273e-12	-1.642021276e-12	-1.580680968e-12	-1.956710622e-12	-2.024983742e-12	-1.880751125e-12	-1.822123656e-12	-1.766962592e-12	-1.862966957e-12	-2.161002485e-12	-1.763948326e-12	-1.856109502e-12	-1.807278397e-12	-1.362598840e-12	-2.281573115e-12	-2.343893060e-12	-1.999362483e-12	-2.431683550e-12	-1.922347992e-12	-2.253012947e-12	-2.443213117e-12	-2.781263023e-12	-2.827833429e-12	-2.329499941e-12	-2.597844951e-12	-2.133045170e-12	-2.688498994e-12	-2.363184361e-12	-2.367856473e-12	-2.075095910e-12	-1.864323376e-12	-2.112774232e-12	-2.292047689e-12	-1.982859378e-12	-2.160851771e-12	-2.119254904e-12	-2.122419883e-12	-2.221363156e-12	-2.152863967e-12	-2.600633147e-12	-2.337035605e-12	-2.284210598e-12	-2.069745588e-12	-2.368760752e-12	-2.313072192e-12	-2.197098317e-12	-2.319251437e-12	-2.550445622e-12	-2.377878906e-12	-2.393025592e-12	-2.013303462e-12
-2.605455972e-12	-2.493626712e-12	-2.426785368e-12	-2.760766015e-12	-2.628967245e-12	-2.615855189e-12	-2.850591135e-12	-2.372679298e-12	-2.661069175e-12	-2.468080809e-12	-2.473807914e-12	-2.546602433e-12	-2.494530992e-12	-2.529873258e-12	-2.475993257e-12	-2.263713590e-12	-2.436883159e-12	-2.493852782e-12	-2.867471023e-12	-2.584808251e-12	-2.683073315e-12	-2.433642823e-12	-2.775837344e-12	-3.408154945e-12	-3.310492734e-12	-2.562879468e-12	-3.202431307e-12	-3.435886190e-12	-3.267162664e-12	-3.298435671e-12	-2.826778436e-12	-2.874403835e-12	-2.915699276e-12	-2.708016364e-12	-2.457229453e-12	-2.517514768e-12	-2.353387997e-12	-2.450371998e-12	-2.257685059e-12	-2.232892723e-12	-2.249998681e-12	-2.849837569e-12	-2.791134743e-12	-2.544718517e-12	-2.763328141e-12	-2.893619779e-12	-2.647806406e-12	-2.285340947e-12	-2.833409820e-12	-2.694150742e-12	-2.952699388e-12	-2.311338990e-12	-2.746674323e-12	-2.798368981e-12	-2.480966796e-12	-2.446152026e-12	-2.827758072e-12	-2.208401814e-12	-2.695883945e-12	-2.542081034e-12	-3.061815809e-12	-2.711859553e-12	-2.427538935e-12	-2.718490938e-12	-2.995049822e-12	-2.647731049e-12	-3.028282102e-12	-2.851721485e-12	-2.578176867e-12	-2.954884731e-12	-2.845919023e-12	-2.436355662e-12	-2.435752809e-12	-2.187000527e-12	-1.561389667e-12	-2.355724053e-12	-2.190165506e-12	-2.335453116e-12	-2.257458989e-12	-1.884217531e-12	-1.839380327e-12	-2.235153422e-12	-2.514952642e-12	-2.382475662e-12	-2.801232533e-12	-2.349318738e-12	-2.434094963e-12	-2.788647974e-12	-2.979677067e-12	-2.639893958e-12	-2.649388895e-12	-2.956241150e-12	-2.677421567e-12	-2.854208254e-12	-2.350524445e-12	-2.496339551e-12	-2.098230400e-12	-2.812159247e-12	-2.330856360e-12	-2.866416030e-12	-2.763930994e-12	-2.947575136e-12	-2.952397961e-12	-2.604250265e-12	-2.210059660e-12	-2.389408473e-12	-2.192124779e-12	-1.861987320e-12	-1.826343628e-12	-2.275243157e-12	-2.516459775e-12	-2.353840137e-12	-2.001020329e-12	-2.223925282e-12	-2.871163499e-12	-2.560468055e-12	-2.651272811e-12	-2.529270405e-12	-2.847200086e-12	-2.987890941e-12	-2.889023024e-12	-2.478103243e-12	-3.092033823e-12	-3.385623309e-12	-3.174775418e-12	-3.345835001e-12	-3.008161878e-12	-2.431608194e-12	-2.312167913e-12	-2.290314486e-12	-2.401239466e-12	-2.630399021e-12	-2.831073764e-12	-2.914794996e-12	-2.550747048e-12	-2.384887074e-12	-2.223096359e-12	-2.120385253e-12	-2.609449874e-12	-2.579156503e-12	-2.318573227e-12	-2.464915830e-12	-2.540121761e-12	-2.378255690e-12	-2.246230849e-12	-2.315257535e-12	-2.408925844e-12	-2.391217032e-12	-2.473883271e-12	-2.350298375e-12	-2.591590349e-12	-2.288430570e-12	-2.955336871e-12	-2.499429173e-12	-2.554891664e-12	-2.010515266e-12	-2.485638908e-12	-2.318422514e-12	-2.450296641e-12	-2.111568526e-12	-2.490687803e-12	-2.014885951e-12	4.566160496e-12	2.433235897e-11	4.580252189e-11	1.510493789e-11	1.625216745e-11	1.795296690e-11	1.995353509e-11	2.296433445e-11	2.872874095e-11	-1.386863679e-12	-1.720392186e-12	-1.989792189e-12	-2.275167800e-12	-2.261754318e-12	-2.661521315e-12	-2.124303799e-12	-2.188809086e-12	-2.048721085e-12	-2.229577031e-12	-2.019558063e-12	-2.106293561e-12	-1.792809921e-12	-1.671485724e-12	-1.775327180e-12	-1.991977532e-12	-1.464631736e-12	-1.948572105e-12	-1.822651152e-12	-2.041712917e-12	-2.044877896e-12	-1.967335909e-12	-2.345324836e-12	-2.247285842e-12	-2.682997959e-12	-2.383078515e-12	-2.125509505e-12	-1.865378369e-12	-1.469077778e-12	-1.560636101e-12	-1.717905417e-12	-1.827172551e-12	-1.758221221e-12	-2.130784470e-12	-1.951134231e-12	-2.063415630e-12	-1.483395540e-12	-2.083008358e-12	-1.991374679e-12	-1.903056692e-12	-1.482943400e-12	-1.576687066e-12	-1.699895179e-12	-1.386712966e-12	-8.392469460e-13	-1.229142223e-12	-1.130198949e-12	-1.779471795e-12	-1.616852157e-12	-1.931390790e-12	-2.176601310e-12	-1.981804385e-12	-1.813005502e-12	-1.844806006e-12	-1.648728018e-12	-1.997177140e-12	-2.025360525e-12	-1.605473304e-12	-1.503515764e-12	-1.679548885e-12	-2.009309560e-12	-2.273660668e-12	-1.990470399e-12	-1.845484215e-12	-2.194912974e-12	-1.949250314e-12	-1.490705135e-12	-1.608412213e-12	-1.755131599e-12	-2.069820945e-12	-2.598975300e-12	-1.544660492e-12	-1.551141163e-12	-2.133271239e-12	-1.742170256e-12	-2.334850263e-12	-2.057311742e-12	-2.300939773e-12	-2.482172502e-12	-2.086851547e-12
-2.574182964e-12	-2.337864528e-12	-2.500258097e-12	-2.701761763e-12	-2.616759468e-12	-2.596563888e-12	-2.360471522e-12	-2.365595773e-12	-1.771634704e-12	-2.195817254e-12	-1.931842930e-12	-2.090242596e-12	-1.940433587e-12	-2.215485338e-12	-2.063867770e-12	-2.538463915e-12	-2.122118456e-12	-1.768695795e-12	-2.068841309e-12	-1.909386650e-12	-1.802380215e-12	-1.762139767e-12	-2.751271078e-12	-2.384887074e-12	-2.100340386e-12	-2.526783635e-12	-2.544567803e-12	-2.526030069e-12	-2.292349115e-12	-2.124680582e-12	-2.013303462e-12	-2.504854852e-12	-2.523618656e-12	-2.368459326e-12	-1.812704075e-12	-1.952792077e-12	-2.712236337e-12	-2.118124554e-12	-2.468156166e-12	-2.070348442e-12	-2.268988556e-12	-2.709824924e-12	-2.300562989e-12	-2.489105313e-12	-2.273057814e-12	-2.195289758e-12	-2.121138820e-12	-2.186322317e-12	-2.241784807e-12	-1.630868493e-12	-1.789494229e-12	-1.748123431e-12	-2.013454175e-12	-1.927095461e-12	-1.988285056e-12	-2.299809423e-12	-2.118802764e-12	-2.194912974e-12	-2.337110962e-12	-2.292047689e-12	-1.997629280e-12	-2.240202318e-12	-2.481645005e-12	-2.746222183e-12	-2.577649370e-12	-2.730397288e-12	-2.495133845e-12	-2.373734291e-12	-2.022723042e-12	-2.246909059e-12	-2.480363942e-12	-2.158440359e-12	-1.815567628e-12	-1.668697528e-12	-1.613837891e-12	-1.787987096e-12	-1.851738817e-12	-1.745109165e-12	-1.811950509e-12	-2.160248918e-12	-2.239674821e-12	-2.039979714e-12	-2.136436219e-12	-2.286094514e-12	-2.168312079e-12	-1.655736185e-12	-2.149548275e-12	-1.970726958e-12	-2.235454849e-12	-1.781204998e-12	-2.161605338e-12	-1.733428886e-12	-2.281874542e-12	-2.490160306e-12	-2.502217369e-12	-3.104316956e-12	-2.213827492e-12	-2.496867048e-12	-2.147438289e-12	-2.336960249e-12	-2.404253732e-12	-2.271927465e-12	-2.086776190e-12	-2.144273310e-12	-2.426710012e-12	-2.046912525e-12	-1.815567628e-12	-2.182026988e-12	-2.004260665e-12	-2.325355325e-12	-2.389333116e-12	-2.439972781e-12	-2.410960473e-12	-2.166277450e-12	-2.322190346e-12	-2.589781790e-12	-2.833861960e-12	-2.907636115e-12	-2.720751637e-12	-2.699576420e-12	-2.731075498e-12	-2.723012337e-12	-2.740570435e-12	-2.627234042e-12	-2.798368981e-12	-2.267782849e-12	-2.326184249e-12	-2.111869953e-12	-2.164619603e-12	-2.284285954e-12	-2.597694237e-12	-2.790908673e-12	-2.819016701e-12	-2.727835162e-12	-2.924968143e-12	-3.352391029e-12	-3.062569375e-12	-2.165674596e-12	-2.341783074e-12	-2.295514094e-12	-2.465292614e-12	-2.273133171e-12	-2.962872535e-12	-2.365520417e-12	-2.309756500e-12	-2.033122259e-12	-2.603647412e-12	-2.449392362e-12	-2.790381177e-12	-2.860839639e-12	-2.613519133e-12	-2.665515217e-12	-2.572148335e-12	-2.286697367e-12	-2.118953477e-12	-2.257232919e-12	-2.140279407e-12	-1.971631238e-12	-1.856260216e-12	-1.978488692e-12	-1.265464125e-12	-1.547222618e-12	5.642328731e-12	3.016112004e-11	6.532237949e-11	1.771988880e-11	1.913508658e-11	2.202848029e-11	2.441728591e-11	2.825926906e-11	-2.042089700e-12	-2.068464525e-12	-1.813759068e-12	-2.049926791e-12	-2.398074487e-12	-2.023024469e-12	-2.318648584e-12	-1.979468329e-12	-2.275092444e-12	-2.346153759e-12	-2.397773060e-12	-2.528064698e-12	-2.577724727e-12	-2.747352533e-12	-2.560166629e-12	-2.827004506e-12	-2.855715387e-12	-2.211943576e-12	-2.078486959e-12	-2.377351410e-12	-2.275619940e-12	-2.570189062e-12	-2.723690546e-12	-2.478932166e-12	-2.120912750e-12	-2.383003158e-12	-2.366500053e-12	-2.444720250e-12	-2.483378208e-12	-2.341783074e-12	-2.255424360e-12	-2.642531441e-12	-2.871841709e-12	-2.791888309e-12	-3.240411055e-12	-3.144180621e-12	-3.167993320e-12	-2.772295582e-12	-3.089697767e-12	-2.622411217e-12	-3.226997573e-12	-2.497695971e-12	-2.748784309e-12	-3.124211110e-12	-2.430251774e-12	-2.929564898e-12	-2.203654345e-12	-2.533565733e-12	-2.709674211e-12	-2.551802041e-12	-2.861442492e-12	-2.692869679e-12	-2.454290544e-12	-2.749839302e-12	-3.109516565e-12	-2.880281653e-12	-3.204918076e-12	-2.898668674e-12	-2.964907164e-12	-2.963173962e-12	-3.001379780e-12	-2.864381401e-12	-3.085628508e-12	-3.047950186e-12	-3.152243782e-12	-2.994296256e-12	-2.772747722e-12	-2.860312142e-12	-3.370627337e-12	-3.257969154e-12	-3.146742747e-12	-3.442592932e-12	-3.343046805e-12	-3.122703977e-12	-3.124889320e-12	-2.796937205e-12	-2.869731723e-12	-2.732055134e-12	-2.471170432e-12	-2.676592644e-12	-2.533113593e-12
-3.265128035e-12	-3.309739168e-12	-3.229635055e-12	-3.264675895e-12	-3.090978830e-12	-3.016978605e-12	-3.517346723e-12	-3.021273934e-12	-2.982540619e-12	-2.889173737e-12	-2.774330211e-12	-2.876212394e-12	-3.055410494e-12	-2.954131164e-12	-3.358570273e-12	-2.903566856e-12	-2.886460898e-12	-2.650368532e-12	-2.714270966e-12	-2.750216085e-12	-3.271608706e-12	-2.299357283e-12	-2.312770766e-12	-2.606812391e-12	-2.728814798e-12	-2.860010716e-12	-2.551726684e-12	-2.460771215e-12	-2.424223243e-12	-2.791360813e-12	-2.904621849e-12	-3.084347445e-12	-3.009669011e-12	-3.149003446e-12	-3.180427167e-12	-3.140412789e-12	-3.108310858e-12	-3.542139059e-12	-3.750198753e-12	-3.019163948e-12	-2.931976311e-12	-2.966941794e-12	-3.194669572e-12	-2.467025816e-12	-2.547506712e-12	-2.834841597e-12	-3.120443278e-12	-2.773727358e-12	-3.357063141e-12	-3.403708903e-12	-3.173645069e-12	-2.815173512e-12	-2.521282600e-12	-3.006730102e-12	-3.313657714e-12	-2.886159471e-12	-2.994673039e-12	-3.297531392e-12	-3.302881713e-12	-2.371624305e-12	-2.970257486e-12	-2.806281428e-12	-2.504176642e-12	-2.341783074e-12	-2.974100675e-12	-2.758882099e-12	-2.531305034e-12	-2.948705486e-12	-2.331685284e-12	-2.565215524e-12	-2.548410992e-12	-3.015094689e-12	-2.861517849e-12	-2.745770043e-12	-2.958200423e-12	-2.672221958e-12	-2.879452730e-12	-2.720374854e-12	-2.663028448e-12	-2.719696644e-12	-2.979677067e-12	-3.140262075e-12	-2.493249929e-12	-2.456325173e-12	-2.498600250e-12	-2.633488643e-12	-2.523467943e-12	-2.686765791e-12	-2.443439187e-12	-3.132575698e-12	-2.962571108e-12	-2.754662127e-12	-2.533565733e-12	-2.559488419e-12	-2.650519245e-12	-2.650217818e-12	-3.356083504e-12	-3.024363557e-12	-2.866792814e-12	-3.002660843e-12	-2.279764556e-12	-2.726930882e-12	-2.606209538e-12	-2.870560646e-12	-2.820674547e-12	-2.488502460e-12	-2.998214801e-12	-2.543286740e-12	-2.724971609e-12	-2.403123382e-12	-2.441856697e-12	-2.595433538e-12	-2.463257984e-12	-2.576669734e-12	-2.878096310e-12	-3.314109853e-12	-3.085779222e-12	-2.749387162e-12	-3.399187505e-12	-3.464144932e-12	-3.196402775e-12	-2.939361262e-12	-2.692718966e-12	-3.076887138e-12	-2.971538549e-12	-2.748859666e-12	-2.792943302e-12	-2.846898660e-12	-2.303049759e-12	-2.659712756e-12	-2.214430345e-12	-2.683148672e-12	-2.622561930e-12	-2.570716559e-12	-2.092051155e-12	-2.364390067e-12	-2.574484391e-12	-1.957539545e-12	-2.659637399e-12	-2.194310121e-12	-2.224075996e-12	-2.627610825e-12	-2.921124954e-12	-2.798745764e-12	-2.976436731e-12	-3.119765068e-12	-3.455403561e-12	-3.256235951e-12	-3.121799698e-12	-3.276280818e-12	-2.851420058e-12	-2.618794098e-12	-2.312770766e-12	-2.394608081e-12	-2.802664310e-12	-3.123005404e-12	-3.167089041e-12	-3.365050945e-12	-2.451954488e-12	-2.760615302e-12	-2.370267885e-12	-2.510883383e-13	6.962351067e-12	4.538851248e-11	2.037914942e-11	2.258280376e-11	2.439927567e-11	2.819875767e-11	3.303024891e-11	4.520117587e-12	-2.199585086e-12	-2.875458828e-12	-2.368383969e-12	-2.442836334e-12	-2.632810434e-12	-2.563030181e-12	-2.189110513e-12	-2.958652563e-12	-3.281405070e-12	-2.711482770e-12	-2.982615976e-12	-2.540423188e-12	-2.594981398e-12	-2.837554436e-12	-2.542533174e-12	-3.042524508e-12	-2.406363718e-12	-2.553459887e-12	-2.621506937e-12	-2.432587830e-12	-2.678928700e-12	-2.858352870e-12	-2.864607471e-12	-2.642983581e-12	-2.488050320e-12	-2.306817591e-12	-2.057161029e-12	-2.095140778e-12	-2.578629006e-12	-2.884878408e-12	-2.720902351e-12	-2.363937927e-12	-2.512465873e-12	-2.860990352e-12	-2.960913262e-12	-2.886234828e-12	-2.764157064e-12	-2.645621063e-12	-2.575162601e-12	-2.177957729e-12	-2.294383745e-12	-2.369062179e-12	-2.948780843e-12	-2.766794547e-12	-2.666419497e-12	-3.142522775e-12	-2.968750353e-12	-2.645018210e-12	-2.515480139e-12	-2.634920420e-12	-2.346304472e-12	-2.504176642e-12	-2.653006014e-12	-3.086382075e-12	-2.810199974e-12	-2.849084002e-12	-3.035064200e-12	-3.070255753e-12	-3.183893572e-12	-2.673427665e-12	-2.753381064e-12	-2.881487359e-12	-3.244254244e-12	-3.020143585e-12	-3.008086521e-12	-2.979526353e-12	-2.992713766e-12	-2.793922939e-12	-2.520378320e-12	-2.453084837e-12	-2.433039970e-12	-2.472903635e-12	-2.665364504e-12	-2.664761651e-12	-2.584883608e-12	-2.547582069e-12	-2.842527974e-12	-3.269197293e-12	-2.867395667e-12	-2.900627947e-12	-2.923611723e-12
-2.810652114e-12	-2.763855638e-12	-3.301600650e-12	-3.514709240e-12	-3.402352484e-12	-3.388712931e-12	-3.138679586e-12	-3.094219166e-12	-3.354802441e-12	-3.440030806e-12	-3.423603057e-12	-3.061665095e-12	-3.362940959e-12	-3.191127810e-12	-3.374545882e-12	-3.079373907e-12	-2.761971722e-12	-3.683357410e-12	-4.469854705e-12	-3.997293189e-12	-3.467008484e-12	-3.580043451e-12	-3.974007986e-12	-3.643116962e-12	-3.677554948e-12	-3.090677403e-12	-3.152620565e-12	-2.970558913e-12	-2.614574126e-12	-2.498524894e-12	-2.797841484e-12	-2.296041591e-12	-2.574936531e-12	-2.667851273e-12	-2.619849091e-12	-2.785709065e-12	-2.751271078e-12	-2.537936419e-12	-2.531380391e-12	-2.374864641e-12	-2.267255353e-12	-2.364465424e-12	-2.486543187e-12	-2.062888134e-12	-2.046309672e-12	-2.050529644e-12	-2.394758795e-12	-2.318121088e-12	-2.660315609e-12	-2.493626712e-12	-2.691136476e-12	-2.389634543e-12	-2.886385541e-12	-3.161889432e-12	-2.800177540e-12	-2.694000029e-12	-2.782694799e-12	-2.927756339e-12	-2.889927303e-12	-2.559639132e-12	-2.019030567e-12	-2.380290319e-12	-2.281874542e-12	-2.135758009e-12	-2.006747434e-12	-2.298829787e-12	-2.570641202e-12	-2.458058376e-12	-2.474260054e-12	-2.577498657e-12	-2.757676393e-12	-2.523769369e-12	-2.377049983e-12	-2.532812167e-12	-2.450899495e-12	-2.148643995e-12	-2.619095524e-12	-2.500408810e-12	-2.547657426e-12	-2.665213791e-12	-2.987589514e-12	-2.451276278e-12	-2.289711633e-12	-2.381496025e-12	-2.506663411e-12	-3.268142300e-12	-3.035290270e-12	-2.454591970e-12	-2.678175133e-12	-2.966338941e-12	-2.910499667e-12	-2.429121424e-12	-2.470793649e-12	-2.657452056e-12	-2.540197118e-12	-2.815851722e-12	-2.315860388e-12	-2.677120140e-12	-3.408531729e-12	-2.875910968e-12	-3.169575810e-12	-2.983670969e-12	-3.505591086e-12	-2.997084451e-12	-3.317199476e-12	-3.466480988e-12	-3.555477185e-12	-3.676499955e-12	-3.401598917e-12	-3.165054411e-12	-3.273341909e-12	-3.045614130e-12	-3.444024708e-12	-3.309588455e-12	-2.881487359e-12	-3.216899782e-12	-3.856753048e-12	-3.389089714e-12	-3.329784035e-12	-3.611919311e-12	-3.596546556e-12	-3.350054973e-12	-3.447340400e-12	-3.501973967e-12	-2.617060895e-12	-3.117052229e-12	-2.930544535e-12	-2.935141290e-12	-2.957446857e-12	-2.396416641e-12	-2.751195722e-12	-2.594679972e-12	-3.034159920e-12	-3.465802778e-12	-3.084498159e-12	-2.911856087e-12	-3.118408649e-12	-3.029864592e-12	-2.879075947e-12	-2.828059499e-12	-2.909595388e-12	-3.268519084e-12	-3.121046131e-12	-2.630172951e-12	-2.849008646e-12	-2.701008197e-12	-2.912458940e-12	-3.085854578e-12	-2.924968143e-12	-2.697843217e-12	-2.341481647e-12	-2.770185596e-12	-2.239222681e-12	-2.081651938e-12	-3.119162215e-12	-2.654362434e-12	-2.474410768e-12	-3.066789347e-12	-3.118484005e-12	-3.226017936e-12	-3.235965013e-12	-2.069820945e-12	1.753134648e-11	6.412948381e-11	2.370162386e-11	2.613805488e-11	2.922142269e-11	3.355759471e-11	4.136145342e-11	-2.911102520e-12	-2.728211945e-12	-2.983972395e-12	-2.925269570e-12	-3.432043002e-12	-3.123909684e-12	-3.012909347e-12	-2.823236673e-12	-2.410056193e-12	-2.340351298e-12	-2.875458828e-12	-3.540631926e-12	-3.514407814e-12	-3.306272762e-12	-3.544851898e-12	-3.058047977e-12	-3.279596510e-12	-2.966941794e-12	-3.196025992e-12	-3.408757798e-12	-3.206274496e-12	-2.832279471e-12	-2.988343081e-12	-3.317124119e-12	-2.984273822e-12	-3.222174748e-12	-3.421794498e-12	-3.283741126e-12	-2.869279583e-12	-2.815701009e-12	-2.882090212e-12	-2.731829064e-12	-2.948856199e-12	-3.553819338e-12	-2.935894856e-12	-2.992864479e-12	-3.128129656e-12	-2.790230463e-12	-3.066789347e-12	-2.997385878e-12	-2.513219439e-12	-2.602743133e-12	-2.413447242e-12	-2.962947892e-12	-2.719169148e-12	-3.033933850e-12	-2.924440646e-12	-2.802815023e-12	-2.514500502e-12	-2.972066046e-12	-2.907560758e-12	-2.737857596e-12	-2.504854852e-12	-2.503121649e-12	-2.209306093e-12	-2.228522038e-12	-2.399506263e-12	-2.980053850e-12	-3.201828454e-12	-3.186606411e-12	-3.158799810e-12	-3.170480090e-12	-2.799650044e-12	-2.754662127e-12	-2.969127136e-12	-3.298284958e-12	-3.143653124e-12	-3.361584539e-12	-3.856074838e-12	-2.939210549e-12	-2.808316058e-12	-2.864004618e-12	-2.692492896e-12	-3.040113095e-12	-2.968524283e-12	-2.919467108e-12	-2.858654296e-12	-2.913438576e-12	-2.594077118e-12	-2.706283162e-12	-2.709071357e-12	-2.633262573e-12
-2.123625589e-12	-2.496640978e-12	-2.836348729e-12	-2.659637399e-12	-2.507643048e-12	-3.139960649e-12	-3.056842270e-12	-2.895352982e-12	-2.333041703e-12	-2.873574912e-12	-2.641476448e-12	-3.197457768e-12	-3.104543026e-12	-3.122703977e-12	-2.933860227e-12	-2.864079974e-12	-2.846898660e-12	-2.751195722e-12	-2.249320471e-12	-2.478630740e-12	-2.672297315e-12	-2.839890492e-12	-2.332288137e-12	-3.137926019e-12	-2.940039472e-12	-2.628891888e-12	-3.350507113e-12	-3.441839365e-12	-3.232800034e-12	-3.270176930e-12	-3.450957519e-12	-3.587955898e-12	-3.275828678e-12	-3.055711921e-12	-3.173569712e-12	-3.385924735e-12	-3.224661517e-12	-2.951719752e-12	-3.039585599e-12	-3.493307953e-12	-3.836406754e-12	-3.135589963e-12	-3.455704988e-12	-3.136494243e-12	-3.317350189e-12	-3.582680933e-12	-3.533246975e-12	-3.173946495e-12	-3.649672990e-12	-3.554798975e-12	-3.412676344e-12	-2.908088255e-12	-3.208459838e-12	-3.281179000e-12	-3.651632263e-12	-3.476201995e-12	-3.479366974e-12	-3.986667903e-12	-3.640705549e-12	-3.537919087e-12	-3.713424711e-12	-4.165715289e-12	-3.899555622e-12	-3.407627449e-12	-3.320967308e-12	-3.567308178e-12	-3.343423588e-12	-3.390069351e-12	-3.250132063e-12	-2.939888759e-12	-2.952247248e-12	-3.301751364e-12	-3.346889994e-12	-2.580965062e-12	-2.725649819e-12	-2.469889369e-12	-3.057595837e-12	-2.968674997e-12	-2.687670071e-12	-2.751798575e-12	-2.990528423e-12	-2.926475276e-12	-2.900552590e-12	-3.232950748e-12	-3.612974304e-12	-3.672355340e-12	-3.646809437e-12	-3.414937043e-12	-3.755473718e-12	-3.361885966e-12	-3.627292067e-12	-3.539426219e-12	-3.056766914e-12	-2.557378433e-12	-3.138754942e-12	-3.484265156e-12	-3.178693964e-12	-2.969729990e-12	-3.418930945e-12	-3.359775980e-12	-3.367688427e-12	-3.288413238e-12	-3.359097770e-12	-3.438900456e-12	-3.469118470e-12	-3.628196346e-12	-3.585393772e-12	-3.372737323e-12	-3.082915669e-12	-3.366256651e-12	-2.906581122e-12	-3.023308564e-12	-2.735672253e-12	-3.463014582e-12	-2.927907052e-12	-3.498356848e-12	-3.439955449e-12	-3.169877236e-12	-3.978152602e-12	-3.061062242e-12	-3.475825212e-12	-3.220969041e-12	-3.351938889e-12	-3.000249430e-12	-3.145160257e-12	-3.584414136e-12	-3.818547229e-12	-3.480346610e-12	-3.052396228e-12	-3.140789572e-12	-3.322248371e-12	-3.104543026e-12	-3.043805571e-12	-3.152997348e-12	-3.363694525e-12	-3.264901965e-12	-3.710862585e-12	-3.930075063e-12	-3.354350301e-12	-3.632491675e-12	-3.404914610e-12	-3.472886303e-12	-3.050663025e-12	-3.914024098e-12	-3.495041156e-12	-3.804304824e-12	-3.314335923e-12	-3.613953941e-12	-3.428350526e-12	-3.490218331e-12	-3.231066832e-12	-3.591949800e-12	-3.802873047e-12	-3.258722720e-12	-3.326242273e-12	-2.967469290e-12	-2.915096423e-12	-3.071386103e-12	-3.083669236e-12	-3.667231088e-12	-3.110646914e-12	-1.897103517e-12	2.225869484e-11	2.332815633e-11	2.537567171e-11	2.864893826e-11	3.148106702e-11	3.769068057e-11	-2.465367970e-12	-2.628816531e-12	-3.371079476e-12	-3.540104429e-12	-3.259024147e-12	-2.932729877e-12	-3.185702132e-12	-3.405592819e-12	-3.224435447e-12	-3.208987335e-12	-3.561430360e-12	-3.050361599e-12	-3.147948453e-12	-3.182687866e-12	-2.745167190e-12	-3.491725464e-12	-3.672506053e-12	-3.550880429e-12	-3.480874107e-12	-3.044333067e-12	-3.350657826e-12	-3.278164734e-12	-3.309437741e-12	-3.006127249e-12	-3.095198802e-12	-3.292557853e-12	-2.525427216e-12	-2.610128084e-12	-2.547657426e-12	-2.358436892e-12	-2.596187105e-12	-2.916980339e-12	-2.822181680e-12	-2.803945372e-12	-2.876287751e-12	-3.261209489e-12	-2.715099889e-12	-3.048779109e-12	-2.426257872e-12	-3.221948678e-12	-3.050286242e-12	-3.151942355e-12	-3.058801543e-12	-3.035290270e-12	-3.616139283e-12	-3.372812679e-12	-3.680041717e-12	-3.450279309e-12	-3.217577992e-12	-3.045237347e-12	-2.616005902e-12	-2.785256925e-12	-3.036722046e-12	-3.020972508e-12	-3.191278523e-12	-2.990076284e-12	-3.246967083e-12	-3.178693964e-12	-3.393761826e-12	-3.029337095e-12	-3.442291505e-12	-2.868149233e-12	-2.817283498e-12	-2.752326071e-12	-3.039962382e-12	-2.540272475e-12	-2.702439973e-12	-3.126697879e-12	-3.082538886e-12	-2.569435496e-12	-2.792340449e-12	-2.812837456e-12	-3.080579613e-12	-3.489087981e-12	-3.351938889e-12	-3.372435896e-12	-3.141090998e-12	-3.233252174e-12	-3.486149072e-12	-3.225791866e-12	-3.199040258e-12	-3.158046243e-12	-2.820147051e-12
-3.302957070e-12	-3.257969154e-12	-3.318631252e-12	-3.783883173e-12	-3.621037465e-12	-3.485998359e-12	-3.838139957e-12	-3.932561832e-12	-4.007767763e-12	-3.844997411e-12	-3.388411505e-12	-3.954415259e-12	-4.257122898e-12	-4.058934924e-12	-3.374244455e-12	-3.781019621e-12	-3.688933801e-12	-3.659167927e-12	-3.644322668e-12	-3.442894358e-12	-3.300696371e-12	-3.664066109e-12	-3.051039809e-12	-3.299189238e-12	-3.598882612e-12	-3.957655595e-12	-3.589236961e-12	-3.341238245e-12	-3.230237908e-12	-3.168897600e-12	-3.366256651e-12	-3.774915732e-12	-3.856451621e-12	-3.144029908e-12	-3.300244231e-12	-2.996933738e-12	-3.261360202e-12	-3.503255030e-12	-3.409812791e-12	-3.280726860e-12	-3.976494756e-12	-3.789534921e-12	-3.448169323e-12	-3.790288488e-12	-3.664141466e-12	-4.076794449e-12	-3.644096598e-12	-3.995559987e-12	-3.307553825e-12	-3.729777103e-12	-3.513955674e-12	-3.736634557e-12	-3.242596398e-12	-3.759844404e-12	-3.482456596e-12	-4.015755567e-12	-3.834146055e-12	-3.197005628e-12	-3.531061632e-12	-3.227751139e-12	-3.837537104e-12	-4.002191371e-12	-4.184629807e-12	-4.116055261e-12	-3.416670246e-12	-3.369873770e-12	-3.421945211e-12	-3.283665769e-12	-3.552312206e-12	-3.513277464e-12	-3.272362273e-12	-3.601143311e-12	-3.485320149e-12	-3.623976374e-12	-3.390220064e-12	-3.742437019e-12	-3.547112597e-12	-3.778984991e-12	-3.380800483e-12	-3.741608096e-12	-3.603479367e-12	-3.056842270e-12	-3.541460849e-12	-2.873650268e-12	-3.253598468e-12	-3.020218941e-12	-3.469721324e-12	-3.356234217e-12	-3.365050945e-12	-3.628874556e-12	-3.476804848e-12	-3.708752599e-12	-3.921635119e-12	-3.823520768e-12	-3.708903312e-12	-3.785314949e-12	-3.789308851e-12	-3.577707395e-12	-3.481853743e-12	-3.671074277e-12	-3.221948678e-12	-3.487505492e-12	-3.468364904e-12	-3.714479704e-12	-3.508605352e-12	-3.779663201e-12	-3.258572007e-12	-3.270855140e-12	-3.555401828e-12	-3.146441320e-12	-3.485320149e-12	-3.185777488e-12	-3.370401267e-12	-3.123985040e-12	-3.754041942e-12	-3.697976599e-12	-3.923594391e-12	-3.519607422e-12	-2.832580897e-12	-3.407024596e-12	-3.536939450e-12	-3.540104429e-12	-3.618550696e-12	-3.761577606e-12	-4.026606924e-12	-3.674239256e-12	-3.535809101e-12	-3.635279871e-12	-3.583660570e-12	-3.526012737e-12	-3.529855926e-12	-3.331818665e-12	-3.359625266e-12	-3.328276903e-12	-3.313733070e-12	-3.565047478e-12	-3.557210387e-12	-3.408230302e-12	-3.038304536e-12	-2.846295806e-12	-3.175981125e-12	-3.102357683e-12	-3.271457993e-12	-2.974477458e-12	-3.166561544e-12	-2.704323889e-12	-3.099418774e-12	-2.687142574e-12	-3.342896091e-12	-3.029186382e-12	-3.104543026e-12	-3.013060060e-12	-3.214639083e-12	-3.437845463e-12	-3.315692343e-12	-3.227675783e-12	-3.170027950e-12	-2.833485177e-12	-2.895126912e-12	-2.532133957e-12	-2.773199862e-12	-1.489800855e-12	5.573746649e-11	2.897756859e-11	3.205422966e-11	3.373106570e-11	3.911258509e-11	1.931805251e-11	-2.712085623e-12	-2.790004393e-12	-3.152168425e-12	-3.461281379e-12	-2.893167639e-12	-3.782828180e-12	-3.110797627e-12	-3.218632985e-12	-3.129410719e-12	-2.753004281e-12	-2.740645791e-12	-2.833183750e-12	-2.736802603e-12	-2.986157738e-12	-2.839362995e-12	-2.875986324e-12	-3.388939001e-12	-2.861367135e-12	-3.052622298e-12	-3.054958354e-12	-3.344252511e-12	-3.350733182e-12	-2.904169709e-12	-3.148400593e-12	-2.840493345e-12	-2.841774408e-12	-3.137097096e-12	-3.457287477e-12	-3.116223306e-12	-3.351109966e-12	-3.615310360e-12	-3.051718018e-12	-3.415690610e-12	-3.123231474e-12	-3.305594553e-12	-3.257140230e-12	-3.360680259e-12	-3.380649770e-12	-3.213508733e-12	-3.293311420e-12	-3.372134469e-12	-2.793169372e-12	-2.962646465e-12	-3.325639420e-12	-3.334983644e-12	-3.192182803e-12	-3.007182242e-12	-3.507625716e-12	-3.432721211e-12	-3.456684624e-12	-3.637088430e-12	-3.250132063e-12	-3.691495927e-12	-3.397755728e-12	-2.929790968e-12	-2.606209538e-12	-3.043428788e-12	-3.375676232e-12	-3.313431644e-12	-3.425939113e-12	-3.307629182e-12	-3.208685908e-12	-3.331969378e-12	-3.162266215e-12	-3.002133347e-12	-3.259702356e-12	-3.415389183e-12	-3.496774359e-12	-3.323906217e-12	-3.254427391e-12	-3.328955112e-12	-2.901607583e-12	-2.640044671e-12	-2.569736922e-12	-2.492722432e-12	-2.745468617e-12	-2.786537988e-12	-2.887666604e-12	-3.059329040e-12	-2.475164334e-12	-2.619020168e-12	-2.628891888e-12	-2.866265317e-12
-3.039208816e-12	-3.062494019e-12	-3.264525182e-12	-3.330763672e-12	-2.418043998e-12	-3.327598693e-12	-3.316069126e-12	-2.953829738e-12	-2.949760479e-12	-3.335586497e-12	-2.938456982e-12	-2.917432479e-12	-2.697541791e-12	-3.506344653e-12	-2.695130378e-12	-2.859407863e-12	-3.097911641e-12	-3.446285407e-12	-3.063624368e-12	-2.864833541e-12	-2.841548338e-12	-3.143427054e-12	-3.246891727e-12	-2.568757286e-12	-2.958577206e-12	-3.062870802e-12	-3.037324899e-12	-2.680586546e-12	-2.806658212e-12	-3.231142188e-12	-3.168144034e-12	-2.920446744e-12	-3.051793375e-12	-3.415389183e-12	-3.326468343e-12	-2.777570547e-12	-2.889776590e-12	-2.607339888e-12	-2.841246911e-12	-2.668830909e-12	-3.102809823e-12	-3.256763447e-12	-3.038756676e-12	-2.712989903e-12	-2.739892225e-12	-2.483378208e-12	-2.981410269e-12	-2.586541454e-12	-2.952699388e-12	-2.992261626e-12	-2.361601871e-12	-2.584356111e-12	-3.086382075e-12	-2.950212619e-12	-2.725122323e-12	-3.336264707e-12	-3.577556681e-12	-3.021876787e-12	-2.848255079e-12	-3.037852396e-12	-2.616005902e-12	-3.394741463e-12	-3.160005516e-12	-3.494589016e-12	-3.241013909e-12	-2.846446520e-12	-3.209439475e-12	-3.560752150e-12	-3.704381914e-12	-3.052999081e-12	-3.280802217e-12	-3.117202942e-12	-3.081031753e-12	-3.158950523e-12	-3.012155780e-12	-3.365729155e-12	-2.648258546e-12	-3.335134357e-12	-3.552688989e-12	-3.482908736e-12	-3.322399084e-12	-3.378539784e-12	-3.068522550e-12	-3.102357683e-12	-3.336792203e-12	-3.488635841e-12	-3.546434387e-12	-3.265504818e-12	-2.779906603e-12	-2.857222520e-12	-2.848933289e-12	-2.701008197e-12	-3.337168987e-12	-3.217653349e-12	-3.314788063e-12	-2.864004618e-12	-3.285172902e-12	-2.955035444e-12	-3.259024147e-12	-3.632190248e-12	-3.083292452e-12	-2.763252785e-12	-3.137097096e-12	-3.292181070e-12	-3.126321096e-12	-3.091807753e-12	-2.769281316e-12	-3.178015754e-12	-3.012758633e-12	-3.137549236e-12	-3.001756563e-12	-3.037550969e-12	-3.595340849e-12	-3.397303589e-12	-3.293009993e-12	-3.294215699e-12	-3.010347221e-12	-3.152695922e-12	-3.221195111e-12	-3.379820847e-12	-3.428727309e-12	-3.334682217e-12	-3.174398635e-12	-3.451485016e-12	-3.202732733e-12	-2.786839414e-12	-2.778324113e-12	-2.995954102e-12	-3.110044061e-12	-3.403934973e-12	-3.367839141e-12	-3.206952705e-12	-3.053752648e-12	-2.961892899e-12	-3.781622474e-12	-3.237170720e-12	-3.489615478e-12	-3.404914610e-12	-3.386376875e-12	-3.617495703e-12	-3.788856712e-12	-3.619530332e-12	-3.397152875e-12	-3.421116288e-12	-3.223154384e-12	-3.088190634e-12	-3.394138610e-12	-3.308156679e-12	-2.998516228e-12	-3.666552878e-12	-4.054865665e-12	-3.520511702e-12	-3.639575200e-12	-3.886518922e-12	-3.760371900e-12	-3.480421967e-12	-3.834598195e-12	-3.900987398e-12	-3.559847870e-12	-3.763235453e-12	-3.352617099e-12	-2.336055969e-14	3.197141270e-11	3.422668635e-11	3.767184141e-11	4.475529060e-11	5.436906519e-11	-2.883521989e-12	-3.514257100e-12	-3.616817493e-12	-3.359625266e-12	-3.353144595e-12	-3.289618944e-12	-3.252618832e-12	-3.353822805e-12	-3.646357297e-12	-3.500014695e-12	-3.496096149e-12	-3.456006414e-12	-3.049608032e-12	-3.439729379e-12	-3.574693129e-12	-3.874989356e-12	-4.172723457e-12	-4.024798364e-12	-3.668888934e-12	-4.087344379e-12	-4.074759820e-12	-3.717720040e-12	-3.821938278e-12	-3.657736151e-12	-3.902117748e-12	-3.900007762e-12	-3.738819900e-12	-3.420664148e-12	-3.938891790e-12	-3.293989629e-12	-3.746280208e-12	-3.746054138e-12	-3.855924125e-12	-3.742210949e-12	-3.413731337e-12	-3.425336260e-12	-3.527143086e-12	-3.471153100e-12	-3.508077855e-12	-3.195347782e-12	-3.270930496e-12	-3.477709128e-12	-3.308232035e-12	-3.501672541e-12	-3.697825885e-12	-3.977399035e-12	-3.770318977e-12	-3.581324514e-12	-3.383890106e-12	-3.786294586e-12	-3.508756065e-12	-3.594210500e-12	-3.868659398e-12	-3.742813802e-12	-3.285474329e-12	-2.958200423e-12	-3.412600987e-12	-4.127132687e-12	-3.854869132e-12	-3.351637462e-12	-3.316069126e-12	-3.027227109e-12	-3.395645742e-12	-3.399488931e-12	-3.079147837e-12	-3.469043114e-12	-3.459096037e-12	-3.623222808e-12	-3.537617660e-12	-3.080654970e-12	-3.669115004e-12	-3.617646416e-12	-3.660448990e-12	-3.637088430e-12	-3.558566807e-12	-3.485621576e-12	-3.466104205e-12	-3.571678863e-12	-3.597601549e-12	-4.154411792e-12	-3.822013635e-12	-3.869262251e-12	-3.770921830e-12	-3.780266054e-12
-3.740929886e-12	-4.311831822e-12	-3.923443678e-12	-3.902871314e-12	-3.900309188e-12	-3.988099679e-12	-3.611768598e-12	-3.827288600e-12	-3.896842783e-12	-4.163228520e-12	-3.244329601e-12	-3.634074165e-12	-3.011703640e-12	-3.719076459e-12	-4.268351038e-12	-3.505289660e-12	-3.915079091e-12	-3.455855701e-12	-2.957371500e-12	-3.582153437e-12	-3.784259956e-12	-3.823596125e-12	-3.644624095e-12	-3.481175534e-12	-3.331215812e-12	-3.476729492e-12	-3.504310023e-12	-3.149003446e-12	-3.314260567e-12	-3.090300620e-12	-2.920898884e-12	-3.371531616e-12	-3.435283337e-12	-3.569568877e-12	-3.472961659e-12	-3.623072094e-12	-3.111325124e-12	-2.990000927e-12	-3.164300845e-12	-3.076811781e-12	-3.307478469e-12	-3.095650942e-12	-3.219989405e-12	-3.246062804e-12	-3.504159310e-12	-3.230840762e-12	-3.741532739e-12	-3.343875728e-12	-3.738141690e-12	-3.919374419e-12	-3.604609717e-12	-3.932561832e-12	-3.587579115e-12	-3.991189301e-12	-3.426466610e-12	-3.908673776e-12	-3.599560821e-12	-4.059537777e-12	-4.101662142e-12	-3.859164461e-12	-3.918545496e-12	-3.535733744e-12	-3.761577606e-12	-4.294951934e-12	-3.875968992e-12	-3.986592546e-12	-4.326827794e-12	-4.292540521e-12	-4.064888099e-12	-4.241298003e-12	-4.647621028e-12	-3.988702532e-12	-3.693304487e-12	-3.654646528e-12	-3.532418052e-12	-4.066545945e-12	-3.996464266e-12	-3.890814251e-12	-4.287416269e-12	-4.300679039e-12	-4.278298115e-12	-4.281086311e-12	-3.927739007e-12	-3.932185049e-12	-3.552764345e-12	-3.925779734e-12	-3.957354168e-12	-3.942508909e-12	-3.560978220e-12	-3.822993271e-12	-3.530458779e-12	-4.269255318e-12	-3.754041942e-12	-4.116733470e-12	-3.374696595e-12	-3.848087034e-12	-4.202112548e-12	-4.301357249e-12	-3.930677916e-12	-3.941001776e-12	-3.864364069e-12	-3.483586946e-12	-3.913571958e-12	-3.504460737e-12	-3.564972122e-12	-3.533246975e-12	-3.067015417e-12	-3.758789411e-12	-4.038890057e-12	-3.967150532e-12	-4.034594728e-12	-3.469947394e-12	-3.943940685e-12	-3.712143648e-12	-3.387808651e-12	-3.998800322e-12	-3.963307343e-12	-3.854567705e-12	-3.811765131e-12	-3.737463480e-12	-3.924649384e-12	-4.334815599e-12	-4.157802841e-12	-4.003246364e-12	-4.511828356e-12	-4.424640718e-12	-4.116507400e-12	-4.292691234e-12	-4.537977111e-12	-4.567441559e-12	-4.033087595e-12	-4.415974704e-12	-4.762992051e-12	-4.616348021e-12	-4.566914063e-12	-3.922614755e-12	-4.301583318e-12	-4.241524073e-12	-4.539861027e-12	-4.009500966e-12	-4.140546170e-12	-4.213717471e-12	-3.992319651e-12	-4.072046980e-12	-3.926005804e-12	-3.743718082e-12	-4.145595065e-12	-3.656756514e-12	-3.723899284e-12	-3.967150532e-12	-3.913119818e-12	-3.991792154e-12	-4.025551931e-12	-3.956675958e-12	-4.009727036e-12	-4.067148798e-12	-4.127660184e-12	-4.026154784e-12	-4.416652914e-12	-3.927965077e-12	-3.908523063e-12	2.063867770e-12	3.278202412e-11	3.576720223e-11	3.941725200e-11	4.571216927e-11	5.650316536e-11	-3.194518859e-12	-3.304012063e-12	-4.107615316e-12	-4.144615429e-12	-4.042657889e-12	-4.472642901e-12	-3.981845077e-12	-4.198118646e-12	-3.550277576e-12	-3.822541132e-12	-4.333082396e-12	-4.044541805e-12	-4.165564576e-12	-4.421777166e-12	-3.988250392e-12	-4.128338394e-12	-4.649052805e-12	-4.386811683e-12	-4.214094255e-12	-3.863309076e-12	-4.268049612e-12	-4.072499120e-12	-3.936631091e-12	-4.627500804e-12	-4.465484019e-12	-4.124570561e-12	-4.522755069e-12	-4.385756690e-12	-4.763896330e-12	-4.896976164e-12	-4.827874121e-12	-4.759601002e-12	-4.454255880e-12	-4.129468743e-12	-4.379049949e-12	-4.868491352e-12	-4.392011291e-12	-4.655232049e-12	-4.343933752e-12	-4.461716187e-12	-4.543252076e-12	-4.426976774e-12	-4.570380468e-12	-4.527577894e-12	-4.654629196e-12	-4.228336660e-12	-4.337453081e-12	-4.123289498e-12	-4.283648437e-12	-4.766609170e-12	-4.459907628e-12	-4.111759932e-12	-4.554856999e-12	-4.467744719e-12	-4.412056159e-12	-4.314695375e-12	-4.064737386e-12	-4.245668688e-12	-4.425469641e-12	-4.243181919e-12	-4.214094255e-12	-3.856376265e-12	-3.893903874e-12	-4.123515568e-12	-3.922464042e-12	-4.049063204e-12	-3.461582806e-12	-3.896465999e-12	-3.914024098e-12	-4.247854031e-12	-4.532099293e-12	-4.006938840e-12	-4.363149697e-12	-3.767229355e-12	-4.260513947e-12	-4.140621527e-12	-4.261041444e-12	-3.877099342e-12	-4.555911992e-12	-4.091790421e-12	-4.169030981e-12	-3.826158250e-12	-3.565499618e-12	-3.796467733e-12
-4.138662254e-12	-4.114472771e-12	-4.274982423e-12	-4.063230253e-12	-4.111684575e-12	-4.251847933e-12	-4.523357922e-12	-4.335192382e-12	-4.465860803e-12	-4.119597023e-12	-4.793737561e-12	-4.539936384e-12	-4.122159149e-12	-3.830227509e-12	-3.948386727e-12	-4.310249333e-12	-4.692006092e-12	-4.473999320e-12	-4.880925199e-12	-4.203619681e-12	-4.692985728e-12	-4.615217671e-12	-4.801574652e-12	-4.469402565e-12	-4.703309588e-12	-5.092903439e-12	-4.358251515e-12	-4.707002064e-12	-4.771808778e-12	-4.849501478e-12	-4.670604805e-12	-4.441143823e-12	-4.449809838e-12	-4.592761391e-12	-4.190884408e-12	-4.356141529e-12	-3.996238196e-12	-4.359834004e-12	-3.790137775e-12	-3.676801382e-12	-4.238886591e-12	-4.352298340e-12	-4.039945050e-12	-4.329163850e-12	-4.167674562e-12	-4.636242175e-12	-4.385003124e-12	-4.582060748e-12	-4.467066509e-12	-4.398944103e-12	-4.250416157e-12	-4.312434675e-12	-4.466086873e-12	-4.649278875e-12	-4.266768549e-12	-4.324642452e-12	-4.722977673e-12	-3.834146055e-12	-4.430217110e-12	-4.269782815e-12	-3.977097609e-12	-4.312585388e-12	-4.152000380e-12	-4.047405358e-12	-3.685467396e-12	-4.601879545e-12	-4.179957695e-12	-3.658414361e-12	-3.503857883e-12	-4.145368995e-12	-4.119672379e-12	-3.961875567e-12	-4.200530059e-12	-4.040623260e-12	-3.773408600e-12	-3.529102359e-12	-3.696469466e-12	-3.824274334e-12	-3.844319202e-12	-4.439938117e-12	-4.323286032e-12	-4.254862199e-12	-4.244689052e-12	-4.283271654e-12	-4.061195624e-12	-4.710167043e-12	-4.437526705e-12	-4.632625056e-12	-4.312660745e-12	-4.718305561e-12	-4.239037304e-12	-4.264432493e-12	-4.391785222e-12	-4.183122674e-12	-3.946578168e-12	-4.025551931e-12	-4.025627288e-12	-4.181916968e-12	-4.213491401e-12	-4.248456884e-12	-4.205202171e-12	-4.227055597e-12	-4.301658675e-12	-4.452974817e-12	-4.242503709e-12	-4.071745554e-12	-4.373247487e-12	-4.236249108e-12	-4.152452520e-12	-3.821938278e-12	-3.986667903e-12	-4.035046868e-12	-3.998875679e-12	-4.647319602e-12	-4.237454814e-12	-4.314544661e-12	-4.287793053e-12	-4.200303989e-12	-4.166167429e-12	-4.816570625e-12	-4.253505779e-12	-4.528482174e-12	-4.925084192e-12	-4.507909810e-12	-4.300905109e-12	-4.622527266e-12	-4.735034736e-12	-4.363526480e-12	-4.791250792e-12	-4.687861476e-12	-4.391483795e-12	-4.353579403e-12	-4.224568828e-12	-4.331952046e-12	-4.027360490e-12	-3.865343705e-12	-3.563841772e-12	-3.818924013e-12	-4.040547903e-12	-3.811237635e-12	-4.429991040e-12	-4.000608882e-12	-3.736709914e-12	-3.831960712e-12	-4.427052131e-12	-4.251923290e-12	-4.208743933e-12	-4.496907740e-12	-4.178676632e-12	-4.597584217e-12	-3.903850951e-12	-4.376035683e-12	-4.134517638e-12	-3.890588181e-12	-4.129016603e-12	-3.893979230e-12	-3.913948741e-12	-3.978529385e-12	-4.105354617e-12	-3.830076796e-12	-4.203167541e-12	3.799806032e-11	4.127856111e-11	4.590327372e-11	5.315424073e-11	6.527249339e-11	-1.486485163e-12	-3.796844516e-12	-4.068053078e-12	-4.058482784e-12	-3.611090388e-12	-3.917189077e-12	-3.840476013e-12	-4.233913052e-12	-4.022010169e-12	-3.890286755e-12	-3.648391927e-12	-4.126077694e-12	-3.777779285e-12	-3.685165969e-12	-3.692098781e-12	-3.546208317e-12	-4.023441945e-12	-3.817115453e-12	-4.098271093e-12	-4.606928441e-12	-3.924649384e-12	-3.918470140e-12	-3.869036181e-12	-3.709581522e-12	-4.016810560e-12	-3.680493857e-12	-3.849895593e-12	-3.701593718e-12	-3.681699564e-12	-3.920429412e-12	-3.928191147e-12	-3.943714615e-12	-4.007692406e-12	-4.335267738e-12	-4.454858733e-12	-4.826216275e-12	-4.289676969e-12	-4.255766479e-12	-4.037232211e-12	-4.507457670e-12	-4.440616327e-12	-4.186965863e-12	-3.991792154e-12	-4.044391092e-12	-4.117487037e-12	-4.380933865e-12	-4.441219180e-12	-3.899781692e-12	-4.269029248e-12	-4.284778787e-12	-4.339563067e-12	-4.296232997e-12	-4.333534536e-12	-4.518685810e-12	-4.197741863e-12	-4.417180411e-12	-4.770150932e-12	-4.809487100e-12	-4.434060299e-12	-4.198269359e-12	-4.415145781e-12	-4.066696659e-12	-4.573696161e-12	-4.313263598e-12	-5.095766991e-12	-4.683264721e-12	-4.562694090e-12	-4.836766205e-12	-4.710995966e-12	-4.339864494e-12	-4.776330177e-12	-4.412734369e-12	-4.470834341e-12	-4.263076073e-12	-4.020729106e-12	-3.970466224e-12	-3.984482560e-12	-4.493365978e-12	-3.974535483e-12	-4.493441334e-12	-4.536093195e-12	-4.351996913e-12	-4.038513274e-12	-4.543327433e-12	-4.171367037e-12
-4.157350702e-12	-4.614539462e-12	-4.636618958e-12	-4.699089616e-12	-4.263377500e-12	-4.727951211e-12	-4.145293638e-12	-4.959371465e-12	-4.931866290e-12	-4.260287877e-12	-4.481911768e-12	-3.961498783e-12	-4.334966312e-12	-4.466237586e-12	-4.268501752e-12	-4.353202620e-12	-4.674447994e-12	-4.533380356e-12	-4.155768212e-12	-4.786051184e-12	-4.298418339e-12	-4.397060187e-12	-4.301357249e-12	-4.888536220e-12	-5.231182881e-12	-5.151455551e-12	-5.093430935e-12	-4.797957534e-12	-4.334966312e-12	-4.223287765e-12	-4.395929837e-12	-4.572264384e-12	-4.837670485e-12	-4.779947296e-12	-5.100514460e-12	-5.045202683e-12	-4.834279436e-12	-4.651388861e-12	-4.701350316e-12	-4.214923178e-12	-4.360738284e-12	-4.192014758e-12	-3.990511091e-12	-4.192466898e-12	-4.074759820e-12	-4.289375542e-12	-4.611751266e-12	-4.483720327e-12	-4.473923964e-12	-4.832094093e-12	-4.904888612e-12	-4.607305224e-12	-4.938573032e-12	-4.540313167e-12	-5.040907354e-12	-4.750934988e-12	-4.380406368e-12	-4.979943829e-12	-4.471211124e-12	-4.536017838e-12	-4.186739793e-12	-4.355011179e-12	-4.047706784e-12	-4.155542142e-12	-4.254937556e-12	-4.352449053e-12	-4.074684463e-12	-4.427052131e-12	-4.425997138e-12	-4.861709254e-12	-4.588541419e-12	-4.252601500e-12	-4.393141641e-12	-4.444082733e-12	-4.539710314e-12	-4.217636017e-12	-3.999026392e-12	-4.336096661e-12	-4.360361501e-12	-4.269782815e-12	-4.125776268e-12	-4.407760830e-12	-4.048384994e-12	-4.444911656e-12	-3.824274334e-12	-4.639407154e-12	-4.141676520e-12	-4.027887987e-12	-4.198646143e-12	-4.021784099e-12	-3.930979342e-12	-4.002040658e-12	-3.975891902e-12	-3.940926420e-12	-4.239263374e-12	-3.893451734e-12	-4.255917192e-12	-3.672882836e-12	-4.188548352e-12	-3.974234056e-12	-4.062552043e-12	-3.785088879e-12	-3.967828741e-12	-3.793227397e-12	-4.290656605e-12	-4.060291344e-12	-3.880716461e-12	-4.339110927e-12	-4.225322395e-12	-4.039417553e-12	-3.499788625e-12	-3.974686196e-12	-4.081994057e-12	-3.911461972e-12	-3.725481774e-12	-3.513880317e-12	-3.813121551e-12	-4.802177506e-12	-4.279579178e-12	-4.315675011e-12	-4.404595851e-12	-5.006996864e-12	-4.898106514e-12	-4.673920497e-12	-4.286436633e-12	-4.554480216e-12	-4.641667854e-12	-4.409946173e-12	-4.854475017e-12	-4.588541419e-12	-4.531797866e-12	-4.492461698e-12	-4.364581473e-12	-4.736089729e-12	-4.636845028e-12	-4.365259683e-12	-4.889892639e-12	-4.616875518e-12	-4.823352723e-12	-4.508663377e-12	-3.912893748e-12	-4.116808827e-12	-4.121933079e-12	-4.617704441e-12	-4.158782478e-12	-4.592686035e-12	-4.248984381e-12	-4.246271542e-12	-4.378522452e-12	-4.200379345e-12	-4.393367711e-12	-4.425243572e-12	-4.117260967e-12	-4.189980128e-12	-4.100682505e-12	-4.525091125e-12	-4.528331461e-12	-4.667213756e-12	-4.786201897e-12	-4.468950425e-12	-4.050494980e-12	4.007466336e-11	4.383322670e-11	4.994924730e-11	6.034763527e-11	4.409674889e-11	-3.564595339e-12	-4.489748859e-12	-4.340316634e-12	-4.606250231e-12	-4.763896330e-12	-4.586506790e-12	-3.935500741e-12	-4.561714454e-12	-4.328184214e-12	-4.688615043e-12	-4.143183652e-12	-4.266843905e-12	-4.785674401e-12	-4.433231376e-12	-4.347626228e-12	-4.810089953e-12	-4.721621253e-12	-4.548527041e-12	-4.508512663e-12	-4.545211349e-12	-4.405801557e-12	-4.368198592e-12	-4.223589192e-12	-4.275811346e-12	-4.347475515e-12	-4.405047991e-12	-4.730739407e-12	-4.236625891e-12	-4.630138287e-12	-4.030374756e-12	-4.538203181e-12	-4.473095041e-12	-4.437602061e-12	-4.296082283e-12	-4.400601949e-12	-4.021256602e-12	-4.038588630e-12	-3.997368546e-12	-3.848689887e-12	-3.579591311e-12	-3.807545159e-12	-4.007466336e-12	-4.013419511e-12	-4.012439875e-12	-4.453276243e-12	-4.536620692e-12	-4.140621527e-12	-4.037835064e-12	-4.263829640e-12	-4.382742424e-12	-4.367972522e-12	-4.183348744e-12	-4.489748859e-12	-4.113493135e-12	-3.765496152e-12	-3.748239480e-12	-3.861425160e-12	-4.043938952e-12	-3.902871314e-12	-4.097894309e-12	-4.550486314e-12	-4.221027066e-12	-4.333986675e-12	-4.009425609e-12	-4.515370118e-12	-4.494797754e-12	-4.564653363e-12	-4.579498622e-12	-4.507759097e-12	-4.081466561e-12	-4.096763960e-12	-4.589822482e-12	-4.460585838e-12	-4.383194564e-12	-4.888460863e-12	-4.515370118e-12	-4.280558815e-12	-4.544457783e-12	-4.802403576e-12	-4.321025333e-12	-4.962235018e-12	-4.485754957e-12	-4.782810848e-12	-4.774898400e-12	-4.595926371e-12
-4.685073281e-12	-4.830662317e-12	-4.722525533e-12	-5.103151942e-12	-5.208575888e-12	-5.502994296e-12	-5.646021207e-12	-5.618440675e-12	-5.432761904e-12	-5.524395583e-12	-5.892136007e-12	-5.803742663e-12	-5.336003973e-12	-5.829966775e-12	-5.910749098e-12	-5.633512004e-12	-5.218522965e-12	-4.964721787e-12	-5.450169289e-12	-5.169164363e-12	-4.774747687e-12	-5.124327159e-12	-4.709865616e-12	-4.874595241e-12	-4.778214093e-12	-4.791929002e-12	-5.119805761e-12	-4.997727997e-12	-5.147537006e-12	-5.638711612e-12	-5.516784562e-12	-5.617084256e-12	-5.838105293e-12	-5.683473459e-12	-5.677972424e-12	-5.698243361e-12	-5.160799775e-12	-5.818211139e-12	-5.163211188e-12	-5.636149486e-12	-4.898181870e-12	-4.792682568e-12	-5.335928616e-12	-4.910389647e-12	-5.396289288e-12	-5.796659139e-12	-5.088457397e-12	-4.922898850e-12	-5.305409175e-12	-5.410682407e-12	-4.766383100e-12	-4.997125144e-12	-5.424698743e-12	-5.378203694e-12	-5.465843471e-12	-5.727331026e-12	-5.216111552e-12	-5.517161345e-12	-5.267580140e-12	-5.053039774e-12	-5.753781208e-12	-5.691687333e-12	-5.440523638e-12	-5.526731639e-12	-5.987989658e-12	-5.772017516e-12	-5.818135782e-12	-5.415882016e-12	-5.718062159e-12	-5.907056622e-12	-5.484305849e-12	-5.690556984e-12	-5.711280061e-12	-5.944659588e-12	-5.545420087e-12	-5.417389148e-12	-4.995165871e-12	-5.348136393e-12	-5.382499022e-12	-6.120768065e-12	-5.495081849e-12	-5.662373599e-12	-4.966379633e-12	-5.227716475e-12	-5.013778962e-12	-5.370441959e-12	-5.137966712e-12	-5.460191722e-12	-5.080620306e-12	-5.034049900e-12	-4.303090451e-12	-4.545738846e-12	-4.775501254e-12	-5.497643975e-12	-4.950554738e-12	-4.937744108e-12	-4.588767489e-12	-5.348965316e-12	-4.923803129e-12	-5.351527441e-12	-4.966681060e-12	-5.771942159e-12	-5.341278938e-12	-5.590860143e-12	-5.037214879e-12	-4.959823605e-12	-5.047161956e-12	-4.995994794e-12	-5.130958544e-12	-5.293201399e-12	-4.811371016e-12	-4.993432668e-12	-4.928173815e-12	-5.229751105e-12	-4.895318318e-12	-5.058842236e-12	-5.537206213e-12	-5.044825900e-12	-4.959296109e-12	-5.317918378e-12	-5.070221089e-12	-5.011518263e-12	-5.238040335e-12	-4.986650570e-12	-5.400886043e-12	-5.022369620e-12	-5.328091525e-12	-4.922145283e-12	-4.696150707e-12	-5.089738460e-12	-4.959145395e-12	-4.691177169e-12	-4.633906119e-12	-4.430292467e-12	-5.027493872e-12	-5.025609956e-12	-5.156805873e-12	-4.742645757e-12	-4.858016779e-12	-4.463072607e-12	-4.836012639e-12	-4.850481114e-12	-4.426223208e-12	-4.512506565e-12	-4.757943155e-12	-4.680401169e-12	-4.987931633e-12	-4.929078094e-12	-5.021616053e-12	-5.169390433e-12	-4.741892190e-12	-5.529067695e-12	-4.998255494e-12	-5.371421596e-12	-5.157258013e-12	-4.889214430e-12	-5.271121902e-12	-5.147687719e-12	-5.152284474e-12	-4.476862873e-12	-4.828024835e-12	3.450754056e-11	3.868192187e-11	4.635051540e-11	5.732907418e-11	2.947100389e-11	-3.569945660e-12	-4.599920273e-12	-4.367595739e-12	-4.426298565e-12	-4.829004471e-12	-4.437752774e-12	-4.462469754e-12	-4.693890008e-12	-4.404294424e-12	-4.518082957e-12	-4.322909249e-12	-4.356216885e-12	-4.459530845e-12	-4.822071660e-12	-4.792908638e-12	-4.942868360e-12	-4.789140806e-12	-4.886727660e-12	-4.959597535e-12	-5.153716251e-12	-4.821996303e-12	-4.711598819e-12	-5.327413315e-12	-4.976251354e-12	-4.665857336e-12	-4.650032441e-12	-4.854776443e-12	-4.688765756e-12	-5.024630319e-12	-5.158463719e-12	-5.285138238e-12	-5.329975441e-12	-5.166903663e-12	-5.582194129e-12	-5.193052419e-12	-4.610846986e-12	-4.543930286e-12	-4.742570400e-12	-4.910314290e-12	-5.180693929e-12	-5.360419526e-12	-5.196292755e-12	-4.975422431e-12	-4.753120330e-12	-4.728327994e-12	-5.055451187e-12	-4.811371016e-12	-5.132164250e-12	-5.009106850e-12	-5.139172418e-12	-4.897654374e-12	-5.449943219e-12	-5.146482013e-12	-4.551541307e-12	-4.798258960e-12	-4.559905895e-12	-4.565934426e-12	-4.762916694e-12	-4.964345004e-12	-4.999837983e-12	-4.809562457e-12	-5.458910659e-12	-5.357254546e-12	-4.718380917e-12	-4.694794288e-12	-4.389675235e-12	-4.379125305e-12	-4.594343881e-12	-4.610470203e-12	-5.179865006e-12	-5.276246154e-12	-5.505556422e-12	-5.337737176e-12	-5.594100479e-12	-5.761542942e-12	-5.523189877e-12	-5.638259473e-12	-5.721528564e-12	-5.322891917e-12	-5.153113397e-12	-5.244445650e-12	-5.418745568e-12	-5.272026182e-12	-5.312341987e-12	-5.036461312e-12
-4.987479494e-12	-5.014306459e-12	-5.537130856e-12	-5.000817620e-12	-4.958617899e-12	-5.073159998e-12	-5.238417119e-12	-5.684603809e-12	-5.013552892e-12	-4.637071098e-12	-5.456423890e-12	-5.314753399e-12	-5.411209904e-12	-5.429973708e-12	-5.539617625e-12	-5.185592111e-12	-4.701877812e-12	-4.753271044e-12	-4.861407828e-12	-5.423342323e-12	-4.434361725e-12	-5.203979132e-12	-4.133990142e-12	-4.236475178e-12	-4.581759321e-12	-4.365259683e-12	-4.663445924e-12	-4.460284411e-12	-4.616046595e-12	-4.274228857e-12	-4.232933416e-12	-4.515144048e-12	-4.454858733e-12	-4.625541532e-12	-4.488618509e-12	-4.942114794e-12	-4.578895769e-12	-4.666083406e-12	-4.709338120e-12	-4.607983434e-12	-4.721470540e-12	-4.437677418e-12	-4.748749645e-12	-5.122820026e-12	-4.883487325e-12	-5.225003636e-12	-5.128547131e-12	-4.989740193e-12	-5.629668815e-12	-5.497719331e-12	-4.922371353e-12	-4.890194066e-12	-5.157936223e-12	-4.635036469e-12	-4.825161282e-12	-5.172329342e-12	-4.916041395e-12	-5.329297231e-12	-5.267730853e-12	-5.938028203e-12	-5.476544114e-12	-5.295085315e-12	-5.218598321e-12	-5.002023326e-12	-5.130280334e-12	-5.458835303e-12	-5.314527329e-12	-5.429596925e-12	-5.237663552e-12	-5.672245319e-12	-5.354918490e-12	-5.558607500e-12	-5.778648901e-12	-5.852347699e-12	-5.761919726e-12	-5.394179302e-12	-5.312040560e-12	-5.550092199e-12	-5.433440114e-12	-5.846243810e-12	-5.801783390e-12	-5.195313118e-12	-4.871204192e-12	-5.361775945e-12	-5.493725429e-12	-5.547002576e-12	-5.845640957e-12	-5.668854270e-12	-5.776991054e-12	-5.873522916e-12	-5.637129123e-12	-5.769153963e-12	-5.743608061e-12	-5.761844369e-12	-5.678424564e-12	-5.960484483e-12	-5.469159163e-12	-5.306916308e-12	-5.505707135e-12	-5.872467923e-12	-5.692666970e-12	-5.784225292e-12	-5.408421708e-12	-5.433666184e-12	-5.372250519e-12	-5.717836089e-12	-5.706080452e-12	-4.975874570e-12	-5.762296509e-12	-5.181296782e-12	-4.822448443e-12	-5.252659524e-12	-5.101418740e-12	-5.167883300e-12	-5.377148701e-12	-5.036084529e-12	-5.325529399e-12	-5.758001180e-12	-5.878119671e-12	-5.608267528e-12	-5.652652592e-12	-5.891457797e-12	-5.583249122e-12	-5.752500145e-12	-5.886258188e-12	-6.001101714e-12	-5.282123972e-12	-5.698469431e-12	-5.622811360e-12	-5.799070551e-12	-5.451073568e-12	-5.391541820e-12	-5.618139249e-12	-5.528916982e-12	-5.171048279e-12	-5.522587024e-12	-5.436831163e-12	-5.343162854e-12	-5.256578070e-12	-5.575185961e-12	-5.175343607e-12	-5.055677257e-12	-5.575487388e-12	-5.846846664e-12	-5.256352000e-12	-5.762145796e-12	-5.601711500e-12	-5.289056783e-12	-5.120333257e-12	-5.343690351e-12	-5.590935500e-12	-5.075269984e-12	-5.508118548e-12	-5.709471501e-12	-5.783396369e-12	-5.876537181e-12	-5.272478322e-12	-5.327940812e-12	-5.806530859e-12	-5.935541434e-12	-5.308724868e-12	2.296960942e-11	2.571131020e-11	3.098868671e-11	3.663832503e-11	-3.218030132e-12	-5.322741203e-12	-5.632607724e-12	-5.888744958e-12	-5.695078382e-12	-5.680835976e-12	-6.028832959e-12	-5.923258301e-12	-5.699750494e-12	-5.474434128e-12	-5.449189652e-12	-5.442633624e-12	-5.840667419e-12	-5.316637315e-12	-5.336003973e-12	-5.511434240e-12	-5.280918266e-12	-5.384985792e-12	-5.346177120e-12	-5.196066685e-12	-5.623941710e-12	-5.690406270e-12	-5.451827135e-12	-5.558682856e-12	-5.365242351e-12	-5.811202971e-12	-5.369989819e-12	-5.420554128e-12	-5.570137066e-12	-5.117469705e-12	-5.321836924e-12	-5.387472561e-12	-5.223797930e-12	-5.220406881e-12	-5.349040672e-12	-4.935634122e-12	-5.615426409e-12	-5.328995805e-12	-5.784300649e-12	-5.352883861e-12	-5.535246940e-12	-6.070580540e-12	-5.700051921e-12	-5.856643027e-12	-6.177813045e-12	-5.362454155e-12	-5.286796084e-12	-5.211213370e-12	-5.523265234e-12	-5.252960951e-12	-5.466370967e-12	-4.896297954e-12	-5.436680449e-12	-5.623941710e-12	-5.915044427e-12	-5.504727499e-12	-5.763954355e-12	-5.500808954e-12	-5.729064229e-12	-5.343162854e-12	-5.066377900e-12	-5.423266967e-12	-5.353260644e-12	-5.571644199e-12	-5.957018077e-12	-5.450018575e-12	-6.108409575e-12	-5.927478273e-12	-5.730496005e-12	-5.414902379e-12	-5.437886156e-12	-5.759206886e-12	-5.499753961e-12	-5.767722187e-12	-5.461096002e-12	-5.039400221e-12	-5.227942545e-12	-5.264339804e-12	-5.435474743e-12	-5.278582210e-12	-5.680308480e-12	-4.870752052e-12	-5.373079442e-12	-4.909183940e-12	-5.727255669e-12	-5.443839331e-12
-5.068789313e-12	-5.754534774e-12	-5.170445426e-12	-5.403975666e-12	-5.137966712e-12	-5.057937956e-12	-5.232991440e-12	-4.994563018e-12	-4.857564639e-12	-5.225078993e-12	-5.302696336e-12	-4.913479269e-12	-5.080695662e-12	-5.354617064e-12	-4.944752276e-12	-5.006620081e-12	-5.312040560e-12	-5.055601900e-12	-5.489053317e-12	-5.293276756e-12	-5.410305624e-12	-4.987780920e-12	-4.997803354e-12	-5.547831500e-12	-5.470440226e-12	-4.953342934e-12	-5.889649237e-12	-5.435399386e-12	-5.554990381e-12	-5.724618187e-12	-5.296441735e-12	-5.288680000e-12	-5.236985342e-12	-5.370517316e-12	-5.585359108e-12	-5.738709879e-12	-5.397796421e-12	-5.006394011e-12	-5.493047219e-12	-5.427637652e-12	-5.454313904e-12	-5.508721401e-12	-5.669080340e-12	-5.730043865e-12	-5.687316648e-12	-5.292372476e-12	-5.836974943e-12	-5.630723808e-12	-5.629442745e-12	-5.647151557e-12	-5.498096114e-12	-5.499226464e-12	-5.529670548e-12	-5.982865406e-12	-6.004944903e-12	-5.620249235e-12	-5.559134996e-12	-5.389883973e-12	-5.346101763e-12	-5.137363859e-12	-5.321234071e-12	-5.487094044e-12	-5.468782380e-12	-5.315054826e-12	-5.186647104e-12	-5.308950938e-12	-4.885295884e-12	-5.185516754e-12	-5.438187582e-12	-5.209028027e-12	-5.049799438e-12	-5.314150546e-12	-5.315356252e-12	-5.080997089e-12	-5.158388363e-12	-4.451995180e-12	-4.911972136e-12	-4.861332471e-12	-4.866532080e-12	-4.940306234e-12	-5.213097286e-12	-5.441578631e-12	-5.263209455e-12	-5.435248673e-12	-5.706532592e-12	-5.635772703e-12	-5.744210914e-12	-5.603821486e-12	-5.819416845e-12	-5.481140869e-12	-5.855663391e-12	-5.743608061e-12	-5.876989321e-12	-5.675636368e-12	-5.586941598e-12	-5.543159388e-12	-5.353336001e-12	-5.377525484e-12	-5.710827921e-12	-5.977967224e-12	-5.465918827e-12	-5.640143389e-12	-5.670738186e-12	-5.774504285e-12	-6.213532094e-12	-5.757850467e-12	-5.925292930e-12	-5.963724819e-12	-5.519723471e-12	-6.078492988e-12	-5.177905733e-12	-5.868624734e-12	-5.518969905e-12	-6.093639673e-12	-5.575261318e-12	-5.226284699e-12	-5.579255220e-12	-5.771113236e-12	-5.910523028e-12	-6.081733323e-12	-5.723111054e-12	-5.535774436e-12	-5.780608173e-12	-5.885881405e-12	-5.987462162e-12	-5.547002576e-12	-6.085576512e-12	-5.716479669e-12	-5.880229657e-12	-5.624318493e-12	-5.570815276e-12	-5.680459193e-12	-5.446552170e-12	-5.273231888e-12	-5.217467972e-12	-5.683021319e-12	-5.687241291e-12	-5.991983560e-12	-5.655139361e-12	-5.530198045e-12	-5.514448506e-12	-5.927930413e-12	-5.742402355e-12	-5.651823668e-12	-5.754308705e-12	-5.386643638e-12	-5.902610580e-12	-5.670587473e-12	-5.513921010e-12	-5.724844257e-12	-5.663127165e-12	-5.954154525e-12	-5.290036420e-12	-5.842249908e-12	-5.310608784e-12	-5.564183891e-12	-5.012045760e-12	-5.366598770e-12	-5.543460814e-12	-5.965985518e-12	2.049429437e-11	2.027794545e-11	2.313810688e-11	2.911215555e-11	2.640120028e-12	-4.834731576e-12	-4.896674737e-12	-5.103528726e-12	-5.163512614e-12	-5.656797207e-12	-5.217467972e-12	-4.719360554e-12	-5.288755357e-12	-5.518291695e-12	-5.248891692e-12	-5.638410186e-12	-5.364488784e-12	-5.655064004e-12	-5.584078045e-12	-5.484155135e-12	-5.175946461e-12	-4.867737786e-12	-4.871505618e-12	-5.066302543e-12	-4.726218008e-12	-5.033597760e-12	-5.373606938e-12	-5.639389822e-12	-5.126135719e-12	-5.433138687e-12	-5.153942321e-12	-5.531931248e-12	-5.597566885e-12	-5.296893874e-12	-5.568177793e-12	-5.547530073e-12	-5.743457348e-12	-5.937349993e-12	-5.360344169e-12	-5.039023438e-12	-5.279260420e-12	-5.619947808e-12	-5.336456113e-12	-5.107296558e-12	-5.420403414e-12	-5.321912280e-12	-5.881510720e-12	-5.958073070e-12	-5.190113510e-12	-5.413244533e-12	-5.274060811e-12	-5.222667580e-12	-5.439996142e-12	-5.137288502e-12	-5.714821823e-12	-5.088306683e-12	-5.218899748e-12	-5.388301484e-12	-5.297195301e-12	-5.068789313e-12	-5.065699690e-12	-5.118976838e-12	-5.458307806e-12	-5.288077147e-12	-5.557552507e-12	-5.777819977e-12	-5.846168454e-12	-6.038553966e-12	-5.823033964e-12	-5.879551447e-12	-5.874879335e-12	-5.697791221e-12	-5.677670997e-12	-5.404051022e-12	-5.744587697e-12	-5.473379135e-12	-5.832378188e-12	-5.357555973e-12	-5.052587634e-12	-5.276170797e-12	-4.814762065e-12	-5.049950152e-12	-5.191394573e-12	-5.311437707e-12	-5.305333819e-12	-5.340751441e-12	-5.398323918e-12	-5.557627863e-12	-6.000800288e-12	-5.330050798e-12	-5.050326935e-12
-4.926139185e-12	-5.480311946e-12	-5.154017677e-12	-5.277075077e-12	-5.386266854e-12	-5.275417231e-12	-5.720850355e-12	-5.751520509e-12	-5.803893376e-12	-5.199457734e-12	-5.374134435e-12	-5.260345902e-12	-5.643685151e-12	-5.871262216e-12	-6.292279787e-12	-5.923559727e-12	-5.997484595e-12	-5.428466575e-12	-5.763577572e-12	-5.333818630e-12	-5.204581985e-12	-5.691235193e-12	-5.587092311e-12	-5.551448618e-12	-5.826952509e-12	-5.688446998e-12	-5.526580926e-12	-6.156110331e-12	-5.828082859e-12	-5.892738860e-12	-6.043527505e-12	-5.868549377e-12	-5.659057906e-12	-5.697640508e-12	-5.493876142e-12	-5.579104507e-12	-5.383855442e-12	-6.259650360e-12	-5.839310999e-12	-5.504652142e-12	-5.404653876e-12	-5.598094381e-12	-5.946242077e-12	-5.645418354e-12	-5.856266244e-12	-5.739840229e-12	-5.526656283e-12	-6.004191337e-12	-5.709396145e-12	-5.601410074e-12	-5.743532704e-12	-5.479030883e-12	-5.640746242e-12	-6.044130358e-12	-5.763502215e-12	-5.303148476e-12	-5.195991328e-12	-5.168410796e-12	-5.089512390e-12	-5.156203020e-12	-5.289734993e-12	-5.326282966e-12	-6.006376679e-12	-5.699222998e-12	-5.629065962e-12	-5.706155809e-12	-6.164248849e-12	-5.871111503e-12	-5.708793291e-12	-6.149177520e-12	-5.410983834e-12	-5.552880395e-12	-5.445647890e-12	-5.475112338e-12	-5.681212760e-12	-6.112478834e-12	-5.659434690e-12	-5.432912617e-12	-5.524320227e-12	-5.327187245e-12	-5.284535385e-12	-5.388527554e-12	-5.307745231e-12	-5.186421034e-12	-5.496513625e-12	-5.086272054e-12	-5.703970466e-12	-5.774956425e-12	-5.541426185e-12	-6.027777966e-12	-5.479558380e-12	-5.726577459e-12	-5.875180762e-12	-6.011350218e-12	-6.295294053e-12	-5.910899811e-12	-5.954983448e-12	-5.873296846e-12	-5.902158440e-12	-5.708416508e-12	-5.445647890e-12	-5.539014772e-12	-6.177134835e-12	-5.906001629e-12	-5.688296284e-12	-5.922956874e-12	-5.803441237e-12	-5.781738523e-12	-6.082034750e-12	-5.382951162e-12	-5.442030771e-12	-5.371949092e-12	-6.035841127e-12	-6.034635421e-12	-6.187458695e-12	-6.275475256e-12	-5.784828145e-12	-6.071334106e-12	-6.230035199e-12	-5.863952622e-12	-5.916250133e-12	-5.563505682e-12	-6.071032680e-12	-5.630347025e-12	-5.360118099e-12	-5.541275471e-12	-6.227397717e-12	-5.692214830e-12	-5.912256231e-12	-5.826198943e-12	-5.975179029e-12	-6.096653939e-12	-5.855060538e-12	-5.614446773e-12	-5.715876816e-12	-6.454221215e-12	-6.516842587e-12	-6.556329468e-12	-6.254375395e-12	-6.317072123e-12	-6.266809241e-12	-6.383913466e-12	-6.158295674e-12	-5.832905684e-12	-6.131845492e-12	-6.410966502e-12	-6.244277605e-12	-6.330485606e-12	-5.896054552e-12	-6.228528066e-12	-6.120843422e-12	-5.874653265e-12	-5.800276257e-12	-5.816477936e-12	-5.991154637e-12	-5.197347748e-12	-5.623941710e-12	-5.591161570e-12	-5.474961625e-12	-5.937500706e-12	2.736523783e-11	2.611386540e-11	2.880130940e-11	3.059962035e-11	-2.843206184e-12	-5.140830264e-12	-5.706607949e-12	-5.686487725e-12	-5.804270160e-12	-5.960333770e-12	-5.586790885e-12	-5.743834131e-12	-6.090550051e-12	-5.642027305e-12	-5.540069765e-12	-6.009843085e-12	-5.675862438e-12	-6.080075477e-12	-6.007582386e-12	-6.044507141e-12	-5.846394524e-12	-5.740593795e-12	-5.713088620e-12	-5.891683867e-12	-5.185064615e-12	-5.338415385e-12	-5.054019410e-12	-5.418896281e-12	-5.774428929e-12	-5.005112948e-12	-5.434721177e-12	-5.727783166e-12	-5.825671447e-12	-6.068169127e-12	-6.234556598e-12	-5.968773714e-12	-5.764481851e-12	-5.680383837e-12	-6.022276931e-12	-5.197649174e-12	-5.560717486e-12	-5.387321847e-12	-5.724015334e-12	-5.774353572e-12	-5.905700203e-12	-5.623414214e-12	-5.732003138e-12	-5.778799614e-12	-5.552126828e-12	-5.522134884e-12	-5.620023165e-12	-5.978117938e-12	-5.829740705e-12	-5.899897741e-12	-5.567273514e-12	-6.248497577e-12	-6.128303729e-12	-5.999745295e-12	-6.176004485e-12	-6.180902667e-12	-6.721661946e-12	-6.240509773e-12	-6.635303231e-12	-5.953627028e-12	-5.754685488e-12	-5.881209293e-12	-5.699072284e-12	-5.710526494e-12	-5.417012365e-12	-5.457780310e-12	-5.624092423e-12	-5.492971863e-12	-5.534794800e-12	-5.540069765e-12	-6.076910498e-12	-6.259575004e-12	-6.014741267e-12	-5.901630944e-12	-6.065682358e-12	-5.987085378e-12	-5.643685151e-12	-5.919565825e-12	-5.835693880e-12	-5.541878325e-12	-5.464788478e-12	-5.968396931e-12	-5.876235755e-12	-6.139607226e-12	-5.406010295e-12	-6.369520347e-12	-5.831323195e-12
-5.593497626e-12	-6.091605044e-12	-5.707210802e-12	-5.763954355e-12	-5.733736341e-12	-5.700277991e-12	-5.362077372e-12	-6.057920624e-12	-5.844736678e-12	-5.862144062e-12	-5.883168566e-12	-5.904946636e-12	-6.016926609e-12	-5.719870718e-12	-6.085877939e-12	-5.727104956e-12	-6.051892092e-12	-5.974802245e-12	-5.905624846e-12	-6.458667257e-12	-6.197028989e-12	-5.351150658e-12	-5.959956986e-12	-5.553709318e-12	-5.722734271e-12	-5.527937345e-12	-6.050611029e-12	-5.741422718e-12	-5.754986914e-12	-5.674355305e-12	-6.025441910e-12	-5.800879111e-12	-5.824917880e-12	-5.798090915e-12	-5.789424901e-12	-5.559361066e-12	-6.229206276e-12	-5.532835527e-12	-5.928382553e-12	-5.815347586e-12	-5.466672394e-12	-5.769530747e-12	-5.656118997e-12	-5.759432956e-12	-5.470289513e-12	-5.344896057e-12	-5.099233397e-12	-5.102925872e-12	-5.584906968e-12	-5.508043191e-12	-5.107371914e-12	-4.928550598e-12	-5.227188979e-12	-5.089060250e-12	-4.566386566e-12	-4.825839492e-12	-4.845055436e-12	-4.475431097e-12	-4.530592160e-12	-4.641969280e-12	-4.846336499e-12	-4.723505169e-12	-5.015738235e-12	-5.165622600e-12	-5.162231551e-12	-5.353034574e-12	-5.070673229e-12	-5.130732474e-12	-5.262154462e-12	-4.960727885e-12	-5.023726039e-12	-5.027493872e-12	-4.790497226e-12	-5.193881342e-12	-5.150325202e-12	-4.925837759e-12	-5.005715801e-12	-5.380313680e-12	-5.220180811e-12	-4.558850902e-12	-5.382574379e-12	-5.567424227e-12	-5.391541820e-12	-5.464562408e-12	-5.643082298e-12	-5.762447222e-12	-5.986633238e-12	-5.510680674e-12	-5.339997875e-12	-5.343841064e-12	-5.440146855e-12	-5.163286544e-12	-5.434871890e-12	-5.431405484e-12	-5.405558155e-12	-5.075119271e-12	-5.132239607e-12	-5.099459467e-12	-5.355596700e-12	-5.392069316e-12	-5.061630431e-12	-5.079866739e-12	-5.723035697e-12	-5.814141880e-12	-5.627182046e-12	-5.907508762e-12	-5.564485318e-12	-6.106224233e-12	-6.014213770e-12	-5.843229545e-12	-5.550393625e-12	-5.682945963e-12	-5.609397878e-12	-5.411511330e-12	-5.317164812e-12	-4.983862375e-12	-5.254468084e-12	-5.117695775e-12	-4.999385843e-12	-5.116037929e-12	-5.010613983e-12	-5.576994521e-12	-5.639691249e-12	-5.256050573e-12	-5.592593346e-12	-5.550167555e-12	-5.216186909e-12	-5.176398600e-12	-4.886576947e-12	-5.047689452e-12	-5.144899523e-12	-4.985520221e-12	-5.106392278e-12	-5.100740530e-12	-4.927269535e-12	-5.358309539e-12	-4.592083182e-12	-5.133369957e-12	-4.934729843e-12	-5.001269759e-12	-4.918904947e-12	-5.211891580e-12	-5.148139859e-12	-5.882490356e-12	-5.183934265e-12	-5.127266068e-12	-5.249569902e-12	-5.036310599e-12	-5.377299414e-12	-5.157559439e-12	-4.915589255e-12	-5.063438991e-12	-4.862462821e-12	-5.408270995e-12	-5.371572309e-12	-5.702086550e-12	-5.570589206e-12	-5.756418691e-12	-5.626880619e-12	-5.592065850e-12	4.598382997e-11	4.009063897e-11	4.752253729e-11	7.274930427e-13	-4.063230253e-12	-5.119052194e-12	-4.913705339e-12	-4.846185786e-12	-5.671491753e-12	-5.336380756e-12	-5.490635807e-12	-5.276095441e-12	-5.372099805e-12	-5.271649399e-12	-5.448059303e-12	-5.035783102e-12	-5.502617513e-12	-5.031337060e-12	-5.597943668e-12	-5.799748761e-12	-5.971034413e-12	-5.377224057e-12	-5.600430437e-12	-5.103378012e-12	-5.504275359e-12	-5.676088508e-12	-5.598094381e-12	-5.746471614e-12	-5.505104282e-12	-5.628312395e-12	-6.076684428e-12	-5.662599669e-12	-5.661167892e-12	-5.724844257e-12	-5.770510383e-12	-5.336456113e-12	-5.456800673e-12	-5.584379472e-12	-5.578200227e-12	-5.944885658e-12	-6.096804652e-12	-5.811353684e-12	-5.687844144e-12	-5.911653378e-12	-6.673659763e-12	-6.098010359e-12	-6.542463846e-12	-6.906888577e-12	-6.590466028e-12	-6.187157269e-12	-6.846301835e-12	-6.269672794e-12	-5.858225517e-12	-6.357312571e-12	-5.764933991e-12	-5.886559615e-12	-5.537432283e-12	-6.243750108e-12	-6.474944293e-12	-6.062818806e-12	-6.417371816e-12	-5.855663391e-12	-6.124083757e-12	-6.330560962e-12	-6.408178306e-12	-6.050158889e-12	-6.044205715e-12	-6.216094220e-12	-6.296951899e-12	-6.504107314e-12	-6.700863512e-12	-6.448795537e-12	-6.439677383e-12	-6.342467312e-12	-6.332746305e-12	-6.035841127e-12	-6.138024737e-12	-6.107656009e-12	-5.964403028e-12	-6.080829044e-12	-6.107505296e-12	-6.503655174e-12	-6.340809466e-12	-5.502165373e-12	-5.692968396e-12	-6.176758052e-12	-5.795001292e-12	-5.778573544e-12	-5.806832285e-12	-5.545420087e-12	-5.984598609e-12
-6.161536010e-12	-6.118130583e-12	-5.809545125e-12	-6.103134610e-12	-6.059804540e-12	-6.074273016e-12	-6.307351116e-12	-5.371270882e-12	-5.598320451e-12	-5.508947471e-12	-6.103511394e-12	-5.945940651e-12	-6.132599058e-12	-5.901781657e-12	-6.014891980e-12	-6.056639561e-12	-5.809921908e-12	-6.090474694e-12	-6.067264848e-12	-6.193336513e-12	-5.842702048e-12	-6.095825016e-12	-6.055584568e-12	-5.903967000e-12	-6.084973659e-12	-5.624092423e-12	-5.812860817e-12	-6.119110219e-12	-5.894848846e-12	-6.394086613e-12	-6.347064067e-12	-5.583023052e-12	-5.989572148e-12	-5.761166159e-12	-5.970732987e-12	-5.861390496e-12	-6.252416122e-12	-5.791459530e-12	-5.903439503e-12	-6.143148988e-12	-6.289265521e-12	-6.026044763e-12	-5.850991279e-12	-5.820170412e-12	-6.103586750e-12	-6.585567846e-12	-6.229507703e-12	-5.841044202e-12	-6.263644262e-12	-6.366958222e-12	-5.907810189e-12	-5.875557545e-12	-5.509248898e-12	-6.223403814e-12	-5.708341152e-12	-6.010144511e-12	-5.633888787e-12	-5.654988648e-12	-5.763276145e-12	-5.491615443e-12	-5.477373037e-12	-5.440975778e-12	-5.640670885e-12	-5.051005145e-12	-5.419122351e-12	-5.131033901e-12	-5.280390769e-12	-5.224250070e-12	-5.525752003e-12	-5.659585403e-12	-6.093187533e-12	-5.397494994e-12	-5.937726776e-12	-5.595984395e-12	-6.534852825e-12	-6.214134947e-12	-5.947749210e-12	-5.915496566e-12	-5.619872451e-12	-5.702689403e-12	-6.075855505e-12	-5.994319616e-12	-5.428165149e-12	-5.625900983e-12	-5.759809740e-12	-5.876989321e-12	-5.783923866e-12	-6.038327896e-12	-5.478503387e-12	-5.906152342e-12	-5.879325377e-12	-5.655365431e-12	-5.693043753e-12	-5.555065737e-12	-5.695455165e-12	-5.726878886e-12	-5.683398102e-12	-6.259499647e-12	-5.801708034e-12	-6.032826861e-12	-5.942097462e-12	-5.695153739e-12	-5.634868424e-12	-5.809469768e-12	-5.475715191e-12	-5.611658577e-12	-5.373682295e-12	-5.828233572e-12	-5.554462884e-12	-5.730646718e-12	-5.048819802e-12	-5.122669313e-12	-5.389356477e-12	-4.811823156e-12	-5.403146743e-12	-5.235026070e-12	-5.104433005e-12	-4.806849618e-12	-5.317390882e-12	-5.154168390e-12	-5.235252140e-12	-5.442030771e-12	-5.486943331e-12	-5.396515358e-12	-5.439167219e-12	-5.458609233e-12	-5.137589929e-12	-5.688371641e-12	-6.021598721e-12	-5.596662605e-12	-5.300812420e-12	-5.096143774e-12	-5.583249122e-12	-5.881133937e-12	-5.404503162e-12	-5.358837036e-12	-5.442633624e-12	-5.201718433e-12	-5.844962747e-12	-5.518291695e-12	-5.527259136e-12	-5.301339916e-12	-5.576617738e-12	-5.139775271e-12	-5.231484307e-12	-5.289659637e-12	-6.132975841e-12	-5.547228646e-12	-5.525450576e-12	-5.355898127e-12	-5.949256343e-12	-5.664106801e-12	-5.558155360e-12	-5.714369683e-12	-5.685357375e-12	-5.645116927e-12	-5.351301372e-12	-5.798015558e-12	-5.538939416e-12	-6.029209742e-12	5.807744101e-11	4.746187519e-11	4.574728547e-11	2.964530381e-13	-4.566085139e-12	-5.224325426e-12	-5.643911221e-12	-5.533287667e-12	-5.466144897e-12	-5.043168054e-12	-5.267354070e-12	-5.218598321e-12	-5.341429651e-12	-5.146331299e-12	-5.350246379e-12	-5.393124309e-12	-5.406839218e-12	-5.291317483e-12	-5.018300361e-12	-4.467518649e-12	-4.473773250e-12	-4.429463544e-12	-4.827195911e-12	-4.610846986e-12	-5.054320837e-12	-5.410456337e-12	-5.500733597e-12	-5.031035634e-12	-4.961029311e-12	-5.173007551e-12	-5.000742263e-12	-5.274889734e-12	-5.774579642e-12	-5.791233460e-12	-5.885730692e-12	-6.131544065e-12	-5.508193905e-12	-5.426356589e-12	-5.327187245e-12	-5.853854831e-12	-5.788897404e-12	-5.370818742e-12	-5.965910161e-12	-5.401941036e-12	-5.871789713e-12	-5.687693431e-12	-5.426658016e-12	-5.519949541e-12	-5.615727836e-12	-5.795604146e-12	-5.957997714e-12	-5.966060875e-12	-5.656646494e-12	-5.889046384e-12	-5.454916757e-12	-5.664031445e-12	-5.185290684e-12	-5.553106465e-12	-5.283254322e-12	-5.676389934e-12	-5.703593683e-12	-5.758604033e-12	-5.715123250e-12	-5.678876704e-12	-6.083918666e-12	-5.833056398e-12	-5.805174439e-12	-5.626503836e-12	-5.681664900e-12	-5.835995307e-12	-5.509399611e-12	-6.132297632e-12	-5.775107138e-12	-6.061688456e-12	-5.932903951e-12	-5.738483809e-12	-5.965081238e-12	-6.055433855e-12	-6.069600904e-12	-6.280298081e-12	-6.614203371e-12	-6.417673243e-12	-6.605085217e-12	-6.329958109e-12	-6.285045549e-12	-6.420536796e-12	-6.499736629e-12	-6.377809578e-12	-6.522569692e-12	-6.278489521e-12	-6.828517667e-12
-5.829816062e-12	-6.140285436e-12	-6.005623113e-12	-6.487152069e-12	-5.858828370e-12	-6.130941212e-12	-6.245257241e-12	-6.509080852e-12	-6.384139536e-12	-6.558364098e-12	-6.369595704e-12	-6.373891033e-12	-6.422646782e-12	-6.943361193e-12	-6.768910561e-12	-6.610510895e-12	-6.592952797e-12	-6.562659426e-12	-6.173593073e-12	-6.918493500e-12	-6.480972824e-12	-6.321216739e-12	-6.610209469e-12	-6.500414838e-12	-6.755195652e-12	-6.692574281e-12	-6.271481353e-12	-6.675619036e-12	-6.564091203e-12	-6.350229047e-12	-5.807510495e-12	-6.591973161e-12	-5.976083308e-12	-6.286401969e-12	-5.960183056e-12	-6.107580652e-12	-6.444274138e-12	-5.961765546e-12	-6.504333384e-12	-6.180827310e-12	-6.318202473e-12	-6.178566611e-12	-6.036745407e-12	-5.660791109e-12	-6.129283366e-12	-5.968321574e-12	-5.935089294e-12	-5.929286832e-12	-6.537339594e-12	-5.969979420e-12	-6.319483536e-12	-6.286628039e-12	-6.132825128e-12	-6.269748151e-12	-6.329581326e-12	-5.848881293e-12	-6.200570751e-12	-5.863048342e-12	-6.248572934e-12	-6.051439952e-12	-5.749862663e-12	-5.902384510e-12	-5.967944791e-12	-5.655139361e-12	-5.947523140e-12	-5.574733821e-12	-6.275023116e-12	-6.241414052e-12	-6.189719394e-12	-6.166434191e-12	-5.849860929e-12	-6.359347200e-12	-6.335233074e-12	-6.514506531e-12	-6.552486279e-12	-6.960391794e-12	-6.186328345e-12	-6.286401969e-12	-5.693646606e-12	-6.194768290e-12	-6.245634024e-12	-6.598227762e-12	-6.296424403e-12	-6.465976852e-12	-6.236289801e-12	-6.463188656e-12	-6.537716377e-12	-6.431538866e-12	-6.145635758e-12	-6.410137579e-12	-6.073368736e-12	-6.053399225e-12	-6.107354582e-12	-5.939535336e-12	-6.246764374e-12	-6.181128737e-12	-5.894095279e-12	-6.193562583e-12	-5.617159612e-12	-5.104206935e-12	-5.739990942e-12	-5.904494496e-12	-6.118432009e-12	-6.106525659e-12	-5.991531420e-12	-5.688748424e-12	-6.485871006e-12	-5.950311336e-12	-5.746170187e-12	-5.555894660e-12	-6.084672233e-12	-5.405708869e-12	-5.958525210e-12	-6.005849183e-12	-6.052494945e-12	-6.186102276e-12	-5.920394748e-12	-6.083089743e-12	-5.538336562e-12	-6.029285099e-12	-5.779477824e-12	-6.054228148e-12	-6.236214444e-12	-6.152719282e-12	-5.982940763e-12	-5.494026856e-12	-5.813086887e-12	-5.987462162e-12	-5.991606777e-12	-5.579858073e-12	-5.574507752e-12	-5.943906021e-12	-5.755288341e-12	-5.511961737e-12	-5.840064566e-12	-5.502165373e-12	-5.523943443e-12	-5.639917319e-12	-5.263058741e-12	-5.410154911e-12	-5.542405821e-12	-6.070580540e-12	-5.616858186e-12	-5.841722412e-12	-5.861616566e-12	-5.689878774e-12	-5.964478385e-12	-5.785581712e-12	-5.876913965e-12	-6.093790386e-12	-5.962368399e-12	-5.898993461e-12	-5.795076649e-12	-5.198704167e-12	-5.825294663e-12	-6.080301547e-12	1.551303180e-10	1.843602560e-10	2.402572525e-10	2.202109534e-10	8.029114793e-11	6.152756961e-11	8.615977266e-12	-1.351521413e-12	-5.554462884e-12	-5.441729345e-12	-6.134106191e-12	-6.433799565e-12	-6.044055001e-12	-5.727180313e-12	-5.697188368e-12	-5.783471726e-12	-5.712561124e-12	-5.553483248e-12	-6.104566387e-12	-6.086932932e-12	-6.165002415e-12	-5.898993461e-12	-6.076081575e-12	-6.195521856e-12	-5.837728510e-12	-5.853553405e-12	-6.454597999e-12	-6.449172320e-12	-5.813162244e-12	-5.629442745e-12	-5.785129572e-12	-5.815272230e-12	-5.649487612e-12	-5.990476427e-12	-5.610754297e-12	-5.709998998e-12	-6.028682246e-12	-6.150533940e-12	-5.911351951e-12	-6.563036210e-12	-5.674355305e-12	-6.054303505e-12	-6.084898302e-12	-5.969904063e-12	-5.936596427e-12	-5.968547644e-12	-5.848655223e-12	-5.929738972e-12	-6.154377128e-12	-6.328149550e-12	-6.019940875e-12	-5.941946748e-12	-6.284970193e-12	-6.092886107e-12	-5.985804315e-12	-6.001478497e-12	-5.811353684e-12	-5.727481739e-12	-5.895903839e-12	-5.869227587e-12	-5.753178355e-12	-5.412264897e-12	-5.598621878e-12	-5.389431834e-12	-5.398625344e-12	-5.257030210e-12	-5.435399386e-12	-5.348211749e-12	-5.333969343e-12	-5.910899811e-12	-5.698017291e-12	-5.721151781e-12	-5.610829654e-12	-5.874427195e-12	-5.841948482e-12	-5.668477487e-12	-5.982262553e-12	-6.091981827e-12	-6.146615394e-12	-5.894396706e-12	-5.587695164e-12	-6.459646894e-12	-5.974651532e-12	-6.342241242e-12	-6.216471003e-12	-6.459872964e-12	-6.054831001e-12	-6.214587087e-12	-6.079547981e-12	-6.070731253e-12	-6.293862277e-12	-6.309611815e-12	-6.662205553e-12	-6.229583059e-12	-6.578484322e-12
-5.893040286e-12	-6.560323370e-12	-6.183088010e-12	-6.259047507e-12	-6.614730868e-12	-6.602372378e-12	-6.505162307e-12	-6.300342948e-12	-6.730629386e-12	-6.509909775e-12	-6.740199680e-12	-6.405616180e-12	-6.647058868e-12	-6.633720742e-12	-6.460626530e-12	-6.149554303e-12	-6.058146694e-12	-6.328677046e-12	-6.046014274e-12	-6.453015509e-12	-6.508930139e-12	-6.586321413e-12	-6.128228373e-12	-6.043452148e-12	-6.211648178e-12	-6.291903004e-12	-6.453467649e-12	-6.082411533e-12	-6.218505633e-12	-6.189568681e-12	-6.382858473e-12	-6.559720517e-12	-6.103586750e-12	-6.409007229e-12	-5.968246217e-12	-6.049932820e-12	-5.961388763e-12	-6.401848348e-12	-5.669080340e-12	-5.990099644e-12	-6.062291309e-12	-6.270351004e-12	-6.227699143e-12	-6.114890247e-12	-6.006678106e-12	-6.216621716e-12	-6.013158777e-12	-6.272159563e-12	-6.081356540e-12	-5.693872676e-12	-5.517161345e-12	-5.626428479e-12	-5.958299140e-12	-6.260554640e-12	-5.864630832e-12	-5.575638101e-12	-5.360494882e-12	-5.701634410e-12	-5.315506966e-12	-5.568177793e-12	-5.488375107e-12	-5.055601900e-12	-6.062668092e-12	-5.212645146e-12	-5.911653378e-12	-5.298551721e-12	-5.491540086e-12	-5.423719107e-12	-5.927478273e-12	-5.304128112e-12	-5.476920897e-12	-5.553257178e-12	-5.910975168e-12	-5.777518551e-12	-5.464260981e-12	-6.050761743e-12	-5.582721626e-12	-5.844661321e-12	-5.814217237e-12	-6.040965379e-12	-5.894396706e-12	-5.590332647e-12	-4.854399660e-12	-5.288303217e-12	-5.742628425e-12	-5.445798603e-12	-5.851744845e-12	-5.622434577e-12	-5.651371529e-12	-6.117678443e-12	-6.155507478e-12	-5.799748761e-12	-5.789274187e-12	-5.879702160e-12	-6.315791060e-12	-5.913537294e-12	-5.311136280e-12	-5.163286544e-12	-5.403448169e-12	-5.596135108e-12	-5.540898688e-12	-5.962820539e-12	-5.703367613e-12	-5.892964930e-12	-6.106299589e-12	-5.960258413e-12	-5.714218970e-12	-6.150835366e-12	-5.939686049e-12	-6.198008625e-12	-6.179772317e-12	-6.071861603e-12	-5.746999110e-12	-5.539466912e-12	-5.582495556e-12	-5.846017740e-12	-5.988517155e-12	-6.153698919e-12	-6.305693270e-12	-5.949180986e-12	-6.035615057e-12	-5.918435475e-12	-5.508796758e-12	-5.340148588e-12	-5.673074242e-12	-5.895903839e-12	-5.838180649e-12	-5.937952846e-12	-5.974425462e-12	-5.693269823e-12	-5.617611752e-12	-5.694324816e-12	-6.089419701e-12	-5.856643027e-12	-5.939309266e-12	-6.115267030e-12	-6.494461663e-12	-5.889423167e-12	-5.821150048e-12	-5.840592062e-12	-5.745567334e-12	-6.007507029e-12	-5.643534438e-12	-5.812182607e-12	-5.615953906e-12	-5.521833457e-12	-5.789500257e-12	-5.495081849e-12	-5.106241565e-12	-5.123648950e-12	-5.005263662e-12	-5.234649286e-12	-5.500432170e-12	-5.677897067e-12	-5.682945963e-12	-4.958241116e-12	-5.258688056e-12	-5.696208732e-12	-5.796056285e-12	-6.005849183e-12	1.402659939e-10	2.552103468e-11	2.642456084e-12	-3.603253297e-12	-4.877157367e-12	-5.497568618e-12	-5.963498749e-12	-5.949708483e-12	-5.414224169e-12	-5.538939416e-12	-5.460417792e-12	-5.756569404e-12	-5.824917880e-12	-5.743608061e-12	-5.964252315e-12	-6.074875869e-12	-5.694023389e-12	-5.972390833e-12	-5.548132926e-12	-5.551373262e-12	-5.897787755e-12	-5.974726889e-12	-5.578350940e-12	-5.739990942e-12	-5.799598048e-12	-6.189417968e-12	-5.555367164e-12	-5.942097462e-12	-6.075101939e-12	-5.728762802e-12	-5.583098409e-12	-5.607966102e-12	-5.715198606e-12	-6.194466863e-12	-5.767270047e-12	-5.812860817e-12	-5.428014435e-12	-5.565841737e-12	-6.197028989e-12	-5.832152118e-12	-5.813011530e-12	-5.988592511e-12	-5.621228871e-12	-5.470138799e-12	-5.341881791e-12	-5.969904063e-12	-5.761467586e-12	-5.733811697e-12	-5.771263949e-12	-6.208031059e-12	-5.822883251e-12	-6.042849295e-12	-5.785430999e-12	-5.682041683e-12	-5.808866915e-12	-5.922354021e-12	-5.829891419e-12	-5.504426072e-12	-5.514976003e-12	-5.651672955e-12	-5.680609907e-12	-5.847977013e-12	-5.796659139e-12	-6.235762304e-12	-6.405992963e-12	-5.871789713e-12	-5.846846664e-12	-6.442540936e-12	-6.284141270e-12	-6.176004485e-12	-5.989722861e-12	-5.991456064e-12	-5.757850467e-12	-5.914743000e-12	-6.068696624e-12	-5.674656732e-12	-5.654385794e-12	-6.097030722e-12	-5.849710216e-12	-5.256954853e-12	-5.736825963e-12	-5.569308143e-12	-5.873673629e-12	-5.383403302e-12	-5.890026021e-12	-6.000122078e-12	-5.771037880e-12	-5.762673292e-12	-5.808866915e-12	-5.904193070e-12	-5.672320676e-12
-5.693571249e-12	-5.345951050e-12	-6.030942945e-12	-5.551147192e-12	-5.409552058e-12	-5.698092648e-12	-5.569383500e-12	-5.430199778e-12	-5.444216114e-12	-5.489505457e-12	-6.098085715e-12	-5.741045935e-12	-6.136517604e-12	-5.807736565e-12	-5.852046272e-12	-5.696058019e-12	-5.920922245e-12	-5.418971638e-12	-5.035255606e-12	-4.925159549e-12	-5.282500755e-12	-5.434645820e-12	-5.232840727e-12	-5.954455951e-12	-5.658002913e-12	-5.152887327e-12	-5.779628537e-12	-5.188229594e-12	-5.569232786e-12	-6.056714918e-12	-5.757172257e-12	-5.803893376e-12	-5.834563531e-12	-6.106299589e-12	-5.539014772e-12	-5.672998885e-12	-5.843455615e-12	-5.572925262e-12	-4.995165871e-12	-5.280767553e-12	-5.474509485e-12	-5.277376504e-12	-5.600279724e-12	-5.558004646e-12	-5.657475417e-12	-5.814367950e-12	-5.948352063e-12	-5.472474855e-12	-5.653481515e-12	-5.637129123e-12	-5.738031669e-12	-6.035916484e-12	-5.790630607e-12	-5.469611303e-12	-5.223571860e-12	-5.552051472e-12	-5.807435139e-12	-5.534644087e-12	-5.344443917e-12	-5.431706911e-12	-5.525978073e-12	-5.157710153e-12	-5.204732699e-12	-5.397494994e-12	-5.494855779e-12	-5.246932419e-12	-5.464034911e-12	-5.717157879e-12	-5.477222324e-12	-5.099158040e-12	-5.576240954e-12	-5.757172257e-12	-5.655365431e-12	-5.611055724e-12	-5.655139361e-12	-5.732455278e-12	-5.610000731e-12	-5.511057457e-12	-5.749787306e-12	-5.920846888e-12	-5.733585627e-12	-5.491314016e-12	-5.361549875e-12	-5.730722075e-12	-5.740217012e-12	-5.572699192e-12	-5.761693656e-12	-5.902233797e-12	-5.493273289e-12	-5.537809066e-12	-5.873146132e-12	-5.611809290e-12	-5.470741653e-12	-5.299682070e-12	-4.585075014e-12	-4.928852024e-12	-5.435022603e-12	-5.556798940e-12	-5.515804926e-12	-5.435625456e-12	-5.572171696e-12	-5.196744894e-12	-5.028774935e-12	-5.189209230e-12	-5.577672731e-12	-5.779929964e-12	-6.086631505e-12	-6.040211812e-12	-5.785280285e-12	-6.400190502e-12	-5.755439054e-12	-5.644137291e-12	-5.868172594e-12	-5.907810189e-12	-6.329732039e-12	-5.729893152e-12	-5.863048342e-12	-6.069224120e-12	-5.939610693e-12	-5.917757266e-12	-6.006828819e-12	-6.181656234e-12	-5.842852761e-12	-5.863877265e-12	-5.988667868e-12	-5.853101265e-12	-5.696133375e-12	-6.033203645e-12	-5.772921796e-12	-5.429747638e-12	-5.743984844e-12	-6.223855954e-12	-5.760035809e-12	-5.515729569e-12	-5.485511555e-12	-5.616406046e-12	-5.849785573e-12	-5.736524537e-12	-5.950537406e-12	-5.819793628e-12	-5.873070776e-12	-5.760789376e-12	-5.969451924e-12	-5.950386693e-12	-6.033580428e-12	-6.410665075e-12	-6.649997777e-12	-5.961238049e-12	-5.698996928e-12	-5.535171583e-12	-5.341354295e-12	-5.738559166e-12	-5.634566997e-12	-6.192884374e-12	-5.801557320e-12	-5.654310438e-12	-6.202153241e-12	-6.072841239e-12	-6.232898752e-12	-6.294691200e-12	1.800512877e-10	1.130033164e-11	3.278767587e-13	-4.211079989e-12	-5.114681509e-12	-5.397570351e-12	-5.849182720e-12	-5.390938966e-12	-5.280541483e-12	-5.590483360e-12	-5.394556085e-12	-5.747225180e-12	-5.561546409e-12	-5.667497850e-12	-5.605328619e-12	-5.187099244e-12	-5.783999222e-12	-5.431706911e-12	-5.519648115e-12	-5.617837822e-12	-5.494478995e-12	-5.837050300e-12	-5.615953906e-12	-5.415957372e-12	-5.931848958e-12	-5.738107026e-12	-5.461171359e-12	-5.136685649e-12	-5.428617288e-12	-5.379710826e-12	-5.618214605e-12	-5.532006604e-12	-5.767043977e-12	-5.947146357e-12	-6.031771868e-12	-6.214361017e-12	-5.781889236e-12	-6.168920961e-12	-6.368163928e-12	-6.234405884e-12	-6.264171759e-12	-5.834036034e-12	-5.689728060e-12	-6.220690975e-12	-5.922956874e-12	-6.109389212e-12	-6.486624572e-12	-5.960710553e-12	-6.249853997e-12	-6.490618475e-12	-6.511040125e-12	-5.645569067e-12	-5.907659475e-12	-5.922354021e-12	-5.807133712e-12	-6.211346751e-12	-6.140511506e-12	-6.447815901e-12	-6.373438893e-12	-6.495365943e-12	-6.168468821e-12	-6.177586975e-12	-6.065531645e-12	-5.938631056e-12	-6.078417631e-12	-5.846017740e-12	-6.048274973e-12	-5.602992563e-12	-6.161837436e-12	-6.154829268e-12	-5.965156595e-12	-5.514222436e-12	-5.903891643e-12	-5.476016618e-12	-5.516483136e-12	-5.778724257e-12	-5.507289625e-12	-5.704799389e-12	-5.304354182e-12	-5.280541483e-12	-5.764105068e-12	-5.333441847e-12	-5.359816672e-12	-5.455142827e-12	-5.328317595e-12	-5.548886493e-12	-5.864781545e-12	-5.911201238e-12	-5.586715528e-12	-5.729516369e-12	-5.778121404e-12
-5.844661321e-12	-5.782492089e-12	-5.937123923e-12	-6.081582610e-12	-5.744964481e-12	-6.205242863e-12	-6.113081687e-12	-6.027401183e-12	-6.004718833e-12	-5.974500819e-12	-6.485644936e-12	-6.270803144e-12	-6.667857302e-12	-6.046315701e-12	-5.586489458e-12	-6.166660261e-12	-5.898164538e-12	-5.924464007e-12	-6.225061661e-12	-6.419180376e-12	-6.941175850e-12	-6.772226254e-12	-7.015778928e-12	-7.035371655e-12	-6.902819318e-12	-6.693478561e-12	-6.852104297e-12	-6.823694842e-12	-6.934619822e-12	-6.919171710e-12	-6.932133053e-12	-6.814576688e-12	-6.573058643e-12	-6.761902394e-12	-6.474416796e-12	-6.236591227e-12	-5.911050524e-12	-6.060934890e-12	-6.413076488e-12	-6.653765609e-12	-6.589938532e-12	-6.137045100e-12	-6.101853547e-12	-6.427921747e-12	-6.241715479e-12	-6.508251929e-12	-5.894095279e-12	-6.341939816e-12	-6.146615394e-12	-6.423400348e-12	-6.469518614e-12	-6.228226640e-12	-5.815950439e-12	-6.202454667e-12	-6.392504124e-12	-6.488131705e-12	-6.410212935e-12	-6.137572597e-12	-6.271556710e-12	-6.240811199e-12	-6.223629884e-12	-6.297328682e-12	-6.406445103e-12	-6.011124148e-12	-6.207880346e-12	-6.439074530e-12	-6.607044490e-12	-6.005020260e-12	-6.303131144e-12	-6.735301498e-12	-6.476602139e-12	-6.912464969e-12	-6.708700603e-12	-6.579313245e-12	-6.569215454e-12	-6.726032631e-12	-7.174932160e-12	-6.662054840e-12	-6.775918729e-12	-6.683606840e-12	-6.863483150e-12	-6.689484659e-12	-6.568838671e-12	-6.191075814e-12	-6.401848348e-12	-6.327320627e-12	-6.430333159e-12	-6.743364659e-12	-6.476074642e-12	-6.389640571e-12	-6.423324991e-12	-6.210593185e-12	-6.380070278e-12	-6.309913242e-12	-6.841102227e-12	-7.033110956e-12	-6.880589108e-12	-6.712769862e-12	-6.659417357e-12	-6.912464969e-12	-6.370424627e-12	-5.878119671e-12	-6.381200627e-12	-5.897260258e-12	-6.257766444e-12	-6.760395261e-12	-6.573209357e-12	-6.641105693e-12	-6.369520347e-12	-6.343673018e-12	-6.821434142e-12	-7.153304803e-12	-6.649244211e-12	-6.452186586e-12	-6.583081077e-12	-6.433347425e-12	-7.097164103e-12	-6.935674815e-12	-6.925652381e-12	-7.090382005e-12	-6.536887454e-12	-6.462887230e-12	-6.471779314e-12	-6.277660598e-12	-6.933941612e-12	-6.387832012e-12	-6.803499261e-12	-7.015251431e-12	-7.005455067e-12	-6.679311512e-12	-6.814501331e-12	-7.006510060e-12	-6.956247179e-12	-6.484363873e-12	-6.714578421e-12	-6.512170475e-12	-6.456406558e-12	-6.357915424e-12	-6.089118275e-12	-6.292656570e-12	-6.454899425e-12	-5.834789600e-12	-6.090625407e-12	-6.327019200e-12	-6.429579593e-12	-6.062140596e-12	-6.059277043e-12	-6.165605268e-12	-6.460023677e-12	-6.379618138e-12	-6.377056012e-12	-6.063497016e-12	-6.436813831e-12	-6.877876269e-12	-6.452714083e-12	-6.261835703e-12	-6.604030224e-12	-6.469744684e-12	-6.156411758e-12	-6.090700764e-12	5.298137259e-11	9.640224774e-12	-1.328085497e-12	-4.449659124e-12	-5.989572148e-12	-5.994470329e-12	-6.154753912e-12	-6.663185190e-12	-5.848579866e-12	-6.323628151e-12	-6.673207623e-12	-6.345406221e-12	-6.554973049e-12	-6.438094894e-12	-7.059862565e-12	-6.288285885e-12	-6.572681860e-12	-6.563488349e-12	-6.270200290e-12	-6.167112401e-12	-6.761224184e-12	-6.378337075e-12	-6.613977301e-12	-6.209236765e-12	-6.502374111e-12	-6.326793130e-12	-6.154829268e-12	-6.617368350e-12	-6.406897243e-12	-6.749619261e-12	-6.508854782e-12	-6.981567011e-12	-7.122936076e-12	-6.569893664e-12	-6.353770809e-12	-6.703802421e-12	-6.844945415e-12	-6.578032182e-12	-6.451960516e-12	-6.352263676e-12	-7.000707599e-12	-6.570195091e-12	-6.517596153e-12	-6.970866368e-12	-6.881418031e-12	-7.005605781e-12	-7.204924105e-12	-7.290604609e-12	-6.834320129e-12	-6.607873413e-12	-6.759415624e-12	-6.544046335e-12	-6.634172882e-12	-6.700938868e-12	-6.729423680e-12	-6.250080066e-12	-6.402978697e-12	-6.598303119e-12	-6.615258364e-12	-6.908169640e-12	-6.877122702e-12	-6.882774451e-12	-6.471327174e-12	-5.913688007e-12	-5.840968845e-12	-6.137572597e-12	-6.221444542e-12	-6.293786920e-12	-6.467408628e-12	-6.214361017e-12	-6.234029101e-12	-6.676146533e-12	-6.435306698e-12	-6.944190116e-12	-6.721435876e-12	-6.446233411e-12	-6.272234920e-12	-6.926330591e-12	-6.335308431e-12	-6.499962698e-12	-6.558439454e-12	-6.549472014e-12	-6.461530810e-12	-6.117678443e-12	-6.383838110e-12	-5.787314915e-12	-6.458591901e-12	-6.679989721e-12	-6.632741105e-12	-6.231240905e-12	-6.290019088e-12
-6.621286896e-12	-7.350513141e-12	-6.986088410e-12	-6.799580716e-12	-7.159484048e-12	-6.663712686e-12	-6.307803256e-12	-6.234104458e-12	-6.359121131e-12	-6.567632965e-12	-6.639824630e-12	-6.553691986e-12	-6.698376743e-12	-6.664089469e-12	-6.744947149e-12	-6.727087624e-12	-6.260177857e-12	-6.305693270e-12	-6.779309778e-12	-6.984279850e-12	-6.726560127e-12	-6.974709557e-12	-7.301832749e-12	-7.153229447e-12	-6.143751842e-12	-6.297479396e-12	-6.394689467e-12	-6.382707760e-12	-6.221972038e-12	-6.554897692e-12	-6.082110107e-12	-5.974726889e-12	-5.980453994e-12	-6.745097862e-12	-6.375172096e-12	-6.137723310e-12	-6.280599507e-12	-6.829648017e-12	-6.472457523e-12	-6.519932209e-12	-6.408856516e-12	-6.186102276e-12	-6.657533441e-12	-6.684435763e-12	-6.064099869e-12	-6.546834531e-12	-6.451056236e-12	-6.512245831e-12	-6.555349832e-12	-6.319634249e-12	-6.506292657e-12	-5.980529350e-12	-6.120768065e-12	-6.402903341e-12	-6.297554752e-12	-6.207654276e-12	-6.071635533e-12	-6.278037381e-12	-6.247442584e-12	-6.614580154e-12	-6.833340492e-12	-6.353318669e-12	-6.168544177e-12	-5.887539251e-12	-5.910296958e-12	-5.831021768e-12	-6.197631842e-12	-6.541710279e-12	-6.743892156e-12	-5.813312957e-12	-6.212703171e-12	-6.355353298e-12	-5.989647504e-12	-5.871262216e-12	-6.388660935e-12	-6.446158055e-12	-6.063270946e-12	-6.007130246e-12	-5.961464119e-12	-5.597265458e-12	-5.992209630e-12	-6.032676148e-12	-5.552503611e-12	-5.919113685e-12	-5.560039276e-12	-6.120014499e-12	-5.827027866e-12	-5.646925487e-12	-5.897561685e-12	-5.961162693e-12	-5.978042581e-12	-5.935240007e-12	-5.876537181e-12	-6.467936125e-12	-5.998765658e-12	-6.292656570e-12	-6.369671061e-12	-5.665689291e-12	-6.042095729e-12	-5.964101602e-12	-5.661770745e-12	-5.902007727e-12	-6.120994135e-12	-6.418878949e-12	-5.974350105e-12	-6.190246891e-12	-5.701860480e-12	-6.448795537e-12	-5.776086775e-12	-6.507649076e-12	-6.079924764e-12	-5.932753238e-12	-5.857698020e-12	-5.901178804e-12	-5.554990381e-12	-5.777895334e-12	-5.354466351e-12	-5.880757153e-12	-5.663202522e-12	-5.938781769e-12	-5.829288565e-12	-5.943604595e-12	-5.624996703e-12	-5.562676758e-12	-5.226133986e-12	-5.650994745e-12	-5.926498636e-12	-5.691762690e-12	-5.608342885e-12	-5.815422943e-12	-5.907131979e-12	-5.387171134e-12	-5.447079666e-12	-5.182125705e-12	-5.556271444e-12	-5.463808841e-12	-5.942398888e-12	-5.982111840e-12	-5.276095441e-12	-5.866439391e-12	-5.447079666e-12	-5.641650522e-12	-5.860787643e-12	-5.910899811e-12	-5.656571137e-12	-6.341563032e-12	-5.755137628e-12	-5.806907642e-12	-6.059201687e-12	-6.169297744e-12	-6.161008513e-12	-6.044733211e-12	-6.620457972e-12	-6.018735169e-12	-6.117904513e-12	-6.224308094e-12	-6.331013102e-12	-6.233426248e-12	-6.201098248e-12	-6.286251256e-12	2.480326264e-11	4.318764633e-12	-2.531606460e-12	-5.293578182e-12	-5.578049514e-12	-5.891005657e-12	-5.651899025e-12	-5.994847113e-12	-6.256033241e-12	-6.050008176e-12	-5.777141768e-12	-5.930417182e-12	-5.416861652e-12	-5.422588757e-12	-5.324474406e-12	-5.544892590e-12	-5.496287555e-12	-5.272478322e-12	-5.298853147e-12	-5.600279724e-12	-5.420930911e-12	-6.107656009e-12	-5.354767777e-12	-5.420704841e-12	-5.770811810e-12	-5.273684028e-12	-5.040756641e-12	-5.637053766e-12	-5.530273401e-12	-5.016039662e-12	-5.159820139e-12	-5.080771019e-12	-5.495307919e-12	-5.196066685e-12	-5.536829429e-12	-5.657023277e-12	-5.753705851e-12	-5.814820090e-12	-5.933808231e-12	-5.994696399e-12	-5.636903053e-12	-5.750239446e-12	-6.233501605e-12	-5.831473908e-12	-5.855663391e-12	-6.347666921e-12	-6.050309603e-12	-6.152267142e-12	-6.077211925e-12	-6.546231678e-12	-5.741121292e-12	-5.854909824e-12	-5.793268090e-12	-5.873975055e-12	-6.005849183e-12	-6.327998836e-12	-6.071183393e-12	-6.201776458e-12	-5.523943443e-12	-6.085877939e-12	-5.946920287e-12	-6.486172433e-12	-6.057920624e-12	-6.655950952e-12	-6.049028540e-12	-6.108560289e-12	-6.377508152e-12	-6.532818195e-12	-6.486323146e-12	-6.438923817e-12	-6.513677608e-12	-6.891515822e-12	-6.535757104e-12	-5.993264623e-12	-6.191980094e-12	-6.413377914e-12	-6.554294839e-12	-6.170804877e-12	-6.604105581e-12	-5.961840903e-12	-5.951517042e-12	-5.964026245e-12	-6.406671173e-12	-6.113759897e-12	-6.317901046e-12	-6.355127228e-12	-6.107354582e-12	-6.199289688e-12	-6.239153353e-12	-6.307275759e-12	-5.928307196e-12
-6.574490420e-12	-6.864086003e-12	-6.499887342e-12	-6.368163928e-12	-6.401999061e-12	-6.582930364e-12	-6.691971428e-12	-5.978720791e-12	-6.456783341e-12	-6.709755596e-12	-6.879534115e-12	-6.945847962e-12	-6.938010871e-12	-6.411343285e-12	-6.773205890e-12	-6.351962249e-12	-6.530482139e-12	-5.921977238e-12	-6.868456688e-12	-6.579916098e-12	-6.628596490e-12	-6.341638389e-12	-7.001385809e-12	-7.064760746e-12	-6.971544578e-12	-6.461681523e-12	-6.598830616e-12	-6.214059591e-12	-6.720079456e-12	-6.471854670e-12	-6.638016071e-12	-6.506594083e-12	-6.390243425e-12	-6.871923094e-12	-6.151513576e-12	-6.526186811e-12	-6.537565664e-12	-6.682777917e-12	-6.991288018e-12	-6.573736853e-12	-6.096804652e-12	-7.125950341e-12	-6.795059317e-12	-6.889481192e-12	-6.757079568e-12	-6.948334731e-12	-7.082092775e-12	-6.962878564e-12	-6.991890872e-12	-6.744344295e-12	-6.982245221e-12	-6.397628376e-12	-6.692724994e-12	-6.744344295e-12	-6.530331426e-12	-6.720456239e-12	-6.642386756e-12	-6.301322584e-12	-6.919849920e-12	-6.841855793e-12	-6.806287457e-12	-6.576374336e-12	-6.704631344e-12	-6.789708995e-12	-6.620156546e-12	-6.338774837e-12	-6.372534613e-12	-6.744344295e-12	-7.114722201e-12	-7.266113700e-12	-7.139288467e-12	-7.375606904e-12	-7.092491991e-12	-7.089929866e-12	-6.782324044e-12	-6.623849021e-12	-7.038084494e-12	-6.827613387e-12	-7.025499935e-12	-6.945019039e-12	-7.268826539e-12	-6.869059542e-12	-7.224516832e-12	-6.858208185e-12	-6.742158953e-12	-7.291132105e-12	-6.905155374e-12	-6.922185976e-12	-7.322103686e-12	-7.037255571e-12	-6.686621106e-12	-6.836505471e-12	-6.312023228e-12	-6.518048293e-12	-6.522569692e-12	-5.963724819e-12	-6.723771932e-12	-6.494989160e-12	-6.632665749e-12	-6.591747091e-12	-6.445705915e-12	-6.219183842e-12	-6.918418143e-12	-6.775014450e-12	-7.178624636e-12	-7.404091715e-12	-6.634625022e-12	-7.394973561e-12	-7.235895685e-12	-7.122182509e-12	-6.943587263e-12	-7.253830567e-12	-6.918870283e-12	-7.167170426e-12	-6.796641807e-12	-6.996713697e-12	-6.522042195e-12	-6.881191961e-12	-6.913369248e-12	-6.718346253e-12	-7.227907881e-12	-6.936051598e-12	-6.992569081e-12	-6.799580716e-12	-6.589637105e-12	-7.482161198e-12	-7.107412607e-12	-6.644119959e-12	-6.688052882e-12	-7.104850481e-12	-6.973428494e-12	-6.970112801e-12	-7.174329307e-12	-6.394086613e-12	-6.825729471e-12	-7.125799628e-12	-6.960768577e-12	-6.901839682e-12	-6.206674639e-12	-6.509909775e-12	-7.077872803e-12	-7.036652718e-12	-7.147803768e-12	-7.213891545e-12	-6.755120296e-12	-6.978175962e-12	-6.627541497e-12	-6.856474982e-12	-6.130263002e-12	-6.178491254e-12	-5.938781769e-12	-6.541258139e-12	-6.083315813e-12	-6.022578358e-12	-5.928533266e-12	-5.579782717e-12	-5.495533988e-12	-5.874125769e-12	-6.578408965e-12	1.525316441e-10	2.195214401e-11	3.072215026e-12	-3.168445460e-12	-5.276924364e-12	-5.897787755e-12	-5.971938693e-12	-6.259575004e-12	-6.219937409e-12	-6.296575116e-12	-6.184067646e-12	-6.046692484e-12	-6.173743786e-12	-6.389113075e-12	-6.192733660e-12	-5.971863336e-12	-6.358066138e-12	-5.937651420e-12	-6.217827423e-12	-6.037574330e-12	-6.071409463e-12	-6.161611366e-12	-6.554822335e-12	-6.631007903e-12	-6.276530249e-12	-6.414432907e-12	-6.581046448e-12	-6.404109047e-12	-6.057619197e-12	-6.534702111e-12	-6.774486953e-12	-6.500716265e-12	-6.996412270e-12	-6.852028940e-12	-6.302829717e-12	-6.846678618e-12	-6.395819816e-12	-6.231165549e-12	-6.369068208e-12	-6.188815115e-12	-6.399738362e-12	-6.424153914e-12	-5.820923978e-12	-6.164399562e-12	-6.093338247e-12	-6.259951787e-12	-5.949633126e-12	-6.130865855e-12	-6.627466140e-12	-6.240283703e-12	-6.142546135e-12	-6.189191898e-12	-6.426113187e-12	-6.317825690e-12	-6.510964769e-12	-6.336966277e-12	-6.249703283e-12	-6.105847450e-12	-6.464168292e-12	-6.634549665e-12	-6.380823844e-12	-5.865459755e-12	-6.758812771e-12	-6.777651932e-12	-6.839369024e-12	-6.220314192e-12	-6.531763202e-12	-6.798450366e-12	-6.676071176e-12	-6.682325777e-12	-6.399361579e-12	-6.817063457e-12	-6.326416347e-12	-6.806438170e-12	-6.402375844e-12	-6.679386868e-12	-6.595891706e-12	-6.643366392e-12	-6.822941275e-12	-6.636433581e-12	-6.345180151e-12	-6.218656346e-12	-7.004701501e-12	-6.706816687e-12	-6.225513800e-12	-6.324155648e-12	-6.537867090e-12	-6.078266918e-12	-6.228678779e-12	-6.017680176e-12	-6.154301772e-12	-6.215943507e-12
-6.502449468e-12	-6.850597164e-12	-6.720908379e-12	-6.938387654e-12	-6.349400123e-12	-6.661225917e-12	-6.645174952e-12	-6.852405723e-12	-6.923994535e-12	-6.563111566e-12	-6.477355705e-12	-6.913896745e-12	-6.640653553e-12	-6.231768402e-12	-6.640276770e-12	-6.571702224e-12	-6.297479396e-12	-5.831323195e-12	-6.100044988e-12	-6.086556149e-12	-6.305843983e-12	-6.494989160e-12	-6.720079456e-12	-6.535681748e-12	-6.832511569e-12	-6.950520074e-12	-6.609003763e-12	-6.195371143e-12	-6.506820153e-12	-6.626938644e-12	-6.576977189e-12	-6.971695291e-12	-6.454522642e-12	-7.136123488e-12	-6.870265248e-12	-6.635152518e-12	-7.028062061e-12	-6.973654564e-12	-7.068980718e-12	-6.841026870e-12	-7.121655013e-12	-7.067699656e-12	-6.513903678e-12	-7.067172159e-12	-7.169431125e-12	-6.790387205e-12	-7.120072523e-12	-7.029719907e-12	-6.533194979e-12	-6.993096578e-12	-7.071542844e-12	-7.041400187e-12	-7.201231629e-12	-7.147276272e-12	-7.523607353e-12	-7.188797783e-12	-6.621512965e-12	-6.557459818e-12	-7.105679404e-12	-7.186461727e-12	-6.907491430e-12	-6.710584519e-12	-7.039290201e-12	-7.362042708e-12	-6.933188046e-12	-7.368674092e-12	-6.930023067e-12	-6.823694842e-12	-6.626787931e-12	-6.739672184e-12	-6.984882704e-12	-7.008243263e-12	-6.846226478e-12	-6.883075877e-12	-7.050292271e-12	-6.788729359e-12	-7.052326900e-12	-6.978402032e-12	-6.553089133e-12	-6.864161360e-12	-6.515109384e-12	-6.772979820e-12	-6.494838447e-12	-6.767328072e-12	-6.792949331e-12	-6.822036996e-12	-6.581875371e-12	-6.832737639e-12	-6.958884661e-12	-7.135219209e-12	-6.913293892e-12	-6.941326563e-12	-7.100103013e-12	-7.302586315e-12	-7.200854846e-12	-7.301983462e-12	-7.366564106e-12	-7.396857477e-12	-6.650374560e-12	-6.522268265e-12	-6.766348436e-12	-6.498078782e-12	-6.700788155e-12	-6.450905523e-12	-6.331691312e-12	-6.234631954e-12	-6.396121243e-12	-6.243448682e-12	-6.713146645e-12	-6.336890921e-12	-6.564543343e-12	-6.245257241e-12	-6.271330640e-12	-5.986331812e-12	-6.503127678e-12	-6.055885994e-12	-6.506518727e-12	-6.654971315e-12	-6.980436662e-12	-7.157675489e-12	-6.777124436e-12	-6.822715205e-12	-6.684963260e-12	-7.291433532e-12	-6.959638228e-12	-6.481274251e-12	-6.605311287e-12	-6.446760908e-12	-6.951801137e-12	-7.045243376e-12	-6.759717051e-12	-6.664541609e-12	-6.963481417e-12	-6.742987876e-12	-6.634474308e-12	-6.510135845e-12	-6.615032294e-12	-6.622341889e-12	-6.682853274e-12	-6.841328296e-12	-6.797772156e-12	-6.411644712e-12	-6.054303505e-12	-6.777501219e-12	-6.597022056e-12	-6.861523877e-12	-7.010730033e-12	-6.697397106e-12	-7.055793306e-12	-6.867552409e-12	-6.703727064e-12	-6.326340990e-12	-6.599508825e-12	-6.739069330e-12	-6.893098311e-12	-6.999727963e-12	-6.813597051e-12	-6.775391233e-12	-7.510646010e-12	-7.016909277e-12	2.603587127e-11	3.941906056e-12	-2.261151465e-12	-5.818889349e-12	-7.003495795e-12	-6.793326114e-12	-7.172068608e-12	-6.089118275e-12	-6.749016407e-12	-6.629048630e-12	-6.964762480e-12	-6.758737414e-12	-6.642688182e-12	-6.410891145e-12	-7.063856467e-12	-6.770568408e-12	-6.804328184e-12	-7.073351404e-12	-7.401303519e-12	-7.143433083e-12	-7.356240246e-12	-6.910053556e-12	-6.942306200e-12	-6.745474645e-12	-6.671851204e-12	-6.396422669e-12	-6.669364435e-12	-7.034542732e-12	-7.252549504e-12	-7.053532606e-12	-6.706892043e-12	-6.625732938e-12	-7.363173057e-12	-7.371085505e-12	-6.756175289e-12	-7.016080354e-12	-6.758586701e-12	-7.206129811e-12	-7.095054117e-12	-6.991061948e-12	-7.707025425e-12	-7.223763266e-12	-7.300250259e-12	-7.230243937e-12	-7.640033368e-12	-7.412230233e-12	-7.837844559e-12	-6.973805277e-12	-7.584646234e-12	-7.241848860e-12	-7.049614061e-12	-6.970866368e-12	-7.191962762e-12	-7.086312747e-12	-7.003797221e-12	-6.806438170e-12	-7.213364049e-12	-7.186989223e-12	-7.263626930e-12	-7.366564106e-12	-7.031227040e-12	-6.831079793e-12	-7.009373613e-12	-6.966194256e-12	-7.093471628e-12	-6.895811150e-12	-7.050895124e-12	-6.671248351e-12	-7.058732215e-12	-7.073200691e-12	-7.456464583e-12	-7.212384412e-12	-7.121579656e-12	-6.697246393e-12	-7.064082537e-12	-7.354130260e-12	-7.453827100e-12	-7.519236667e-12	-6.594610644e-12	-7.075612103e-12	-7.296105644e-12	-7.179227489e-12	-6.668912295e-12	-7.315170875e-12	-7.571308108e-12	-7.225948608e-12	-7.557517843e-12	-7.447572499e-12	-7.759775075e-12	-7.473344471e-12	-7.540261171e-12
-6.857454618e-12	-7.048031571e-12	-7.076214956e-12	-6.753613163e-12	-7.028438844e-12	-7.158429055e-12	-7.336270735e-12	-7.329187211e-12	-7.368448022e-12	-7.577411997e-12	-7.441091827e-12	-7.239211378e-12	-7.370407295e-12	-7.483140835e-12	-6.977723822e-12	-7.074255684e-12	-7.254960916e-12	-7.298366343e-12	-7.151571600e-12	-7.375305477e-12	-7.359480582e-12	-7.172370034e-12	-7.633326627e-12	-7.404845282e-12	-7.099048020e-12	-7.251268441e-12	-7.690220893e-12	-7.162498314e-12	-7.099575516e-12	-7.607403941e-12	-7.387965393e-12	-7.516373115e-12	-7.199121643e-12	-7.853292671e-12	-7.423458373e-12	-7.215172608e-12	-7.267470119e-12	-7.275156497e-12	-7.620139214e-12	-7.306504861e-12	-7.582988388e-12	-7.100705866e-12	-6.769513415e-12	-7.288117840e-12	-7.028062061e-12	-6.920151346e-12	-7.250514874e-12	-7.039817697e-12	-7.022485669e-12	-7.204924105e-12	-7.054135460e-12	-7.385930764e-12	-7.345464246e-12	-7.102740495e-12	-7.321350120e-12	-7.160765111e-12	-6.618800126e-12	-6.863257080e-12	-6.640352127e-12	-6.895132940e-12	-6.570797944e-12	-6.872752017e-12	-6.906888577e-12	-7.352623127e-12	-7.338230008e-12	-7.266791909e-12	-6.742987876e-12	-7.356617029e-12	-6.928817360e-12	-7.181488188e-12	-6.869210255e-12	-7.055115096e-12	-7.403187435e-12	-7.341545700e-12	-6.694232127e-12	-7.178699992e-12	-6.602146308e-12	-7.131225307e-12	-7.241396720e-12	-7.301531322e-12	-7.352849197e-12	-6.599433469e-12	-7.179227489e-12	-6.523473971e-12	-6.902442535e-12	-6.892646171e-12	-6.498681636e-12	-6.576374336e-12	-6.685716826e-12	-6.585793916e-12	-6.552561636e-12	-7.295126008e-12	-7.065363600e-12	-6.866195989e-12	-6.617895847e-12	-6.580292881e-12	-6.723998002e-12	-6.918794927e-12	-6.645250308e-12	-6.499887342e-12	-6.497928069e-12	-6.683757554e-12	-6.799505359e-12	-6.907868213e-12	-6.509080852e-12	-6.723545862e-12	-6.557459818e-12	-5.988592511e-12	-6.419933942e-12	-6.393106977e-12	-6.738617191e-12	-6.974408130e-12	-7.035673082e-12	-6.958357165e-12	-7.040797334e-12	-7.064082537e-12	-7.220749000e-12	-7.032658816e-12	-7.028514201e-12	-7.222934343e-12	-6.983224857e-12	-6.870566674e-12	-7.186160300e-12	-7.129868887e-12	-7.236423182e-12	-7.492786485e-12	-7.571609535e-12	-6.916534227e-12	-6.952856130e-12	-7.482688695e-12	-6.709830952e-12	-7.084730257e-12	-7.211555489e-12	-7.300627043e-12	-7.118037894e-12	-7.242225643e-12	-7.262647294e-12	-6.419406446e-12	-7.027760634e-12	-6.959261445e-12	-6.853912856e-12	-7.324213672e-12	-7.018039627e-12	-6.598905972e-12	-6.929118787e-12	-6.804328184e-12	-6.971017081e-12	-7.034542732e-12	-6.972448857e-12	-6.986013053e-12	-7.490149003e-12	-7.564902794e-12	-7.137404551e-12	-7.048106928e-12	-7.301832749e-12	-7.520969870e-12	-6.978326676e-12	-6.863935290e-12	-7.067473586e-12	-6.765519512e-12	7.241072687e-11	1.250407868e-11	-1.673068214e-12	-5.210384447e-12	-6.730855456e-12	-6.560775510e-12	-6.877951626e-12	-7.394747491e-12	-7.482085842e-12	-7.172445391e-12	-7.410421673e-12	-7.153907656e-12	-7.011785026e-12	-6.881794814e-12	-6.453392292e-12	-7.144262006e-12	-7.218865084e-12	-7.528731605e-12	-7.362118064e-12	-7.453224247e-12	-7.416600918e-12	-6.587677832e-12	-7.267319406e-12	-7.325344022e-12	-6.979306312e-12	-6.789558282e-12	-7.008469333e-12	-7.186989223e-12	-7.187290650e-12	-6.983601641e-12	-6.922185976e-12	-7.230846790e-12	-7.425794429e-12	-7.242602427e-12	-7.319692274e-12	-7.007565054e-12	-6.676071176e-12	-7.204698035e-12	-6.842609359e-12	-6.838389387e-12	-7.206205168e-12	-6.525960741e-12	-6.682099707e-12	-6.672227987e-12	-6.859037108e-12	-6.737034701e-12	-6.932509836e-12	-6.322648515e-12	-6.525131818e-12	-6.780666198e-12	-6.427394250e-12	-7.036728075e-12	-6.615635147e-12	-7.322405113e-12	-6.889330479e-12	-6.885261220e-12	-6.721661946e-12	-6.514129748e-12	-6.595439567e-12	-6.868456688e-12	-6.992644438e-12	-6.817289527e-12	-6.773582673e-12	-6.365526445e-12	-6.652861329e-12	-6.602749161e-12	-6.836580828e-12	-6.641407120e-12	-6.298459032e-12	-6.356257578e-12	-6.204715367e-12	-6.615484434e-12	-7.096636607e-12	-7.032734173e-12	-6.795662170e-12	-6.788126506e-12	-6.403656907e-12	-6.517746866e-12	-6.630103623e-12	-6.325964207e-12	-6.578710392e-12	-6.769061275e-12	-6.841705080e-12	-6.586698196e-12	-6.450528740e-12	-6.072765883e-12	-6.376679229e-12	-5.976912231e-12	-6.275776682e-12	-6.143224345e-12	-5.566746017e-12
-5.369236253e-12	-5.707512228e-12	-6.391373774e-12	-5.690029487e-12	-5.740066299e-12	-6.054831001e-12	-5.666668927e-12	-5.745868760e-12	-6.294841913e-12	-6.375624236e-12	-5.786184565e-12	-6.042095729e-12	-5.988215728e-12	-5.701106914e-12	-5.765386131e-12	-6.080527617e-12	-5.622208507e-12	-5.898993461e-12	-5.750540872e-12	-6.003136344e-12	-5.728461376e-12	-5.680308480e-12	-5.819115418e-12	-5.690104844e-12	-5.766667194e-12	-5.628086326e-12	-5.981132203e-12	-5.932677881e-12	-6.198611478e-12	-6.420612152e-12	-6.512471901e-12	-6.375699592e-12	-6.486473859e-12	-6.677729022e-12	-6.560549440e-12	-6.499736629e-12	-6.682175064e-12	-6.751729247e-12	-6.731382953e-12	-6.937031235e-12	-6.570571874e-12	-6.373740319e-12	-6.551280573e-12	-6.967701389e-12	-6.431915649e-12	-6.095372876e-12	-6.059578470e-12	-6.612997665e-12	-6.017454106e-12	-6.301774724e-12	-6.057317771e-12	-5.553860031e-12	-5.807359782e-12	-5.718438942e-12	-6.480445328e-12	-6.426716040e-12	-5.883922132e-12	-6.352941886e-12	-6.290320514e-12	-6.287155535e-12	-6.474416796e-12	-5.936445713e-12	-6.327169913e-12	-6.061311673e-12	-5.972692259e-12	-6.039759673e-12	-6.451433020e-12	-5.828836426e-12	-6.237947647e-12	-5.997409239e-12	-6.029285099e-12	-5.885429265e-12	-5.756041907e-12	-6.066661995e-12	-6.527995370e-12	-6.428826026e-12	-6.585643203e-12	-6.610435539e-12	-6.449172320e-12	-6.385043816e-12	-6.598378476e-12	-6.330787032e-12	-6.892495458e-12	-6.795737527e-12	-6.519103286e-12	-6.347516207e-12	-6.600413105e-12	-6.582704294e-12	-6.423324991e-12	-6.355654725e-12	-5.823712174e-12	-6.211346751e-12	-5.896205265e-12	-6.683531484e-12	-7.001988662e-12	-6.206222500e-12	-6.415563257e-12	-6.403355481e-12	-6.464921859e-12	-6.205845716e-12	-6.204564653e-12	-6.291149438e-12	-6.024462274e-12	-6.012329854e-12	-6.487152069e-12	-6.120466638e-12	-6.198611478e-12	-5.920545462e-12	-5.862294776e-12	-6.268693158e-12	-5.964327672e-12	-6.151815002e-12	-5.846469880e-12	-5.910296958e-12	-6.510512629e-12	-6.296801186e-12	-6.053926722e-12	-6.117301659e-12	-6.151965716e-12	-5.791987027e-12	-5.772771082e-12	-5.961238049e-12	-6.122651981e-12	-6.074046946e-12	-6.037951113e-12	-6.289566948e-12	-5.772017516e-12	-6.029435812e-12	-5.866213321e-12	-6.420913579e-12	-6.158898527e-12	-6.534476041e-12	-6.253697185e-12	-6.063044876e-12	-5.996278889e-12	-5.957470217e-12	-6.123104121e-12	-6.157014611e-12	-6.042472512e-12	-6.122049128e-12	-6.401396208e-12	-6.609229832e-12	-6.377131368e-12	-6.505086950e-12	-6.341789102e-12	-6.406520460e-12	-6.565673692e-12	-6.383461327e-12	-6.444500208e-12	-6.096126442e-12	-6.184971926e-12	-6.055509211e-12	-6.167564541e-12	-6.402375844e-12	-6.315414277e-12	-6.387982725e-12	-6.578258252e-12	-6.549321300e-12	-6.885035150e-12	1.601773293e-10	1.604716723e-10	3.859865277e-11	5.821150048e-12	-3.900459902e-12	-5.297722798e-12	-6.238701213e-12	-6.064175225e-12	-6.313681074e-12	-6.016775896e-12	-6.363265746e-12	-6.441335229e-12	-6.391147704e-12	-6.493482027e-12	-6.630555763e-12	-6.873957723e-12	-6.702370645e-12	-6.671775847e-12	-7.018341054e-12	-6.241489409e-12	-6.796415737e-12	-6.837409751e-12	-6.795586813e-12	-6.676523316e-12	-6.882096241e-12	-6.997165837e-12	-7.167999349e-12	-6.761374897e-12	-6.682024351e-12	-6.889782619e-12	-6.936428381e-12	-7.148934118e-12	-6.730403316e-12	-6.826332324e-12	-6.892796884e-12	-6.804629611e-12	-7.007565054e-12	-6.527543230e-12	-6.433347425e-12	-6.633494672e-12	-6.588431399e-12	-6.849692884e-12	-6.536962811e-12	-6.972976354e-12	-7.103946201e-12	-7.009448970e-12	-6.179998387e-12	-6.707419540e-12	-6.985259487e-12	-6.825955541e-12	-6.669138365e-12	-7.138308831e-12	-7.157374062e-12	-6.646380658e-12	-6.521891482e-12	-6.375774949e-12	-6.316318557e-12	-6.587753189e-12	-6.268014948e-12	-6.526638950e-12	-6.284593409e-12	-6.222876318e-12	-6.520082922e-12	-6.299287955e-12	-6.179470891e-12	-6.415563257e-12	-6.229809129e-12	-6.137421883e-12	-5.748732313e-12	-5.832001405e-12	-6.066737351e-12	-5.857547307e-12	-5.802235530e-12	-5.924690077e-12	-6.380296348e-12	-6.396045886e-12	-5.966513014e-12	-5.782266020e-12	-6.361005047e-12	-6.096880009e-12	-5.907433405e-12	-6.323326725e-12	-5.531931248e-12	-6.158295674e-12	-6.207202136e-12	-6.138702946e-12	-5.952044539e-12	-6.162666359e-12	-5.867042244e-12	-6.057769911e-12	-6.365300375e-12	-6.030264735e-12
-6.209236765e-12	-5.796206999e-12	-6.377583508e-12	-5.806756929e-12	-6.772000184e-12	-6.404711900e-12	-6.350605830e-12	-6.253018976e-12	-6.192733660e-12	-6.299890808e-12	-6.205318220e-12	-5.822129684e-12	-6.807568520e-12	-6.772000184e-12	-6.453090866e-12	-6.890008689e-12	-7.019094620e-12	-6.650525273e-12	-6.408102949e-12	-6.734849358e-12	-6.547437384e-12	-6.403129411e-12	-6.164700989e-12	-6.863483150e-12	-6.500791622e-12	-6.621136182e-12	-6.792647904e-12	-6.013535560e-12	-5.864178692e-12	-5.943981378e-12	-6.008788092e-12	-5.943453881e-12	-6.039307533e-12	-5.970808343e-12	-6.061613099e-12	-6.144053268e-12	-6.243674752e-12	-6.236741940e-12	-6.053323869e-12	-6.042773938e-12	-6.202228597e-12	-6.347064067e-12	-6.556254112e-12	-6.578408965e-12	-6.216772430e-12	-5.984071113e-12	-6.723395148e-12	-6.463264013e-12	-5.972541546e-12	-6.504031957e-12	-6.395216963e-12	-6.643592462e-12	-6.832436212e-12	-6.923994535e-12	-6.841554366e-12	-6.412925774e-12	-5.929286832e-12	-6.330711676e-12	-6.322949941e-12	-5.745642690e-12	-6.035313631e-12	-5.981735057e-12	-5.721829991e-12	-5.683322746e-12	-5.688899137e-12	-5.473228422e-12	-5.128773201e-12	-5.585057682e-12	-5.255297007e-12	-5.552126828e-12	-6.099442135e-12	-5.995826749e-12	-6.034032568e-12	-6.494235594e-12	-6.336137354e-12	-6.034710777e-12	-5.940665686e-12	-5.817005432e-12	-5.939686049e-12	-5.587619808e-12	-5.970883700e-12	-5.746170187e-12	-5.986256455e-12	-5.703895110e-12	-5.695003026e-12	-5.960183056e-12	-6.082336177e-12	-5.516483136e-12	-5.863801908e-12	-5.641198382e-12	-5.541953681e-12	-5.815196873e-12	-6.600639175e-12	-6.757079568e-12	-6.315489634e-12	-6.574490420e-12	-6.751352463e-12	-6.550677720e-12	-5.973596539e-12	-5.989798218e-12	-6.434251705e-12	-6.595138140e-12	-6.173367003e-12	-6.680743288e-12	-6.462209020e-12	-6.157089968e-12	-6.184293716e-12	-6.540956713e-12	-6.657608798e-12	-6.483007454e-12	-6.075629435e-12	-6.302452934e-12	-6.424229271e-12	-6.435005271e-12	-6.654519176e-12	-6.620307259e-12	-6.804252828e-12	-6.403882977e-12	-6.684812547e-12	-7.275683993e-12	-6.507121580e-12	-6.836731541e-12	-6.616087287e-12	-6.404335117e-12	-6.210743898e-12	-6.177134835e-12	-6.345707648e-12	-6.280147367e-12	-6.991664802e-12	-6.473286446e-12	-6.619026196e-12	-5.814895446e-12	-5.992586413e-12	-6.045637491e-12	-6.078945128e-12	-6.040739309e-12	-5.837427083e-12	-5.555894660e-12	-6.406897243e-12	-5.778950327e-12	-5.840667419e-12	-6.118959506e-12	-5.465315974e-12	-6.204112513e-12	-6.284593409e-12	-6.446007341e-12	-6.161988149e-12	-6.154000345e-12	-6.168996317e-12	-5.976761518e-12	-6.097784289e-12	-6.297102612e-12	-6.025441910e-12	-5.858828370e-12	-6.257841801e-12	-5.791534887e-12	-5.941946748e-12	-6.276831675e-12	-6.027401183e-12	2.675763721e-11	2.090823595e-10	4.721681538e-11	5.998991728e-12	-2.427915718e-12	-4.939628025e-12	-6.036971477e-12	-6.196576849e-12	-6.309536459e-12	-6.068922694e-12	-6.134407618e-12	-6.269522081e-12	-6.008335952e-12	-6.140511506e-12	-6.086104009e-12	-6.328601690e-12	-5.954003812e-12	-6.116924876e-12	-6.366882865e-12	-6.422872851e-12	-6.063873799e-12	-6.251210416e-12	-5.878195028e-12	-6.344954081e-12	-5.960032343e-12	-5.863726552e-12	-6.226342724e-12	-6.427092824e-12	-6.152719282e-12	-6.170578807e-12	-6.726183344e-12	-6.110293492e-12	-6.498154139e-12	-6.291300151e-12	-6.139833296e-12	-6.652785973e-12	-6.634775735e-12	-6.510135845e-12	-6.776220156e-12	-6.786619373e-12	-6.582628937e-12	-6.780666198e-12	-6.602070951e-12	-6.359422557e-12	-6.514807957e-12	-6.442767006e-12	-6.226719507e-12	-6.927988437e-12	-6.098462498e-12	-6.014967337e-12	-6.517596153e-12	-6.378186362e-12	-6.261760346e-12	-6.346611928e-12	-6.552260210e-12	-6.212175674e-12	-5.754384061e-12	-6.398758725e-12	-5.801255894e-12	-5.746999110e-12	-6.253847899e-12	-5.570589206e-12	-5.886559615e-12	-5.859431223e-12	-5.989572148e-12	-5.838256006e-12	-5.871563643e-12	-6.144957548e-12	-5.982639336e-12	-6.145183618e-12	-5.818211139e-12	-6.080979757e-12	-6.399663005e-12	-6.799505359e-12	-6.788201862e-12	-6.265754248e-12	-5.967492651e-12	-5.867795811e-12	-6.211346751e-12	-6.284291983e-12	-6.206373213e-12	-6.655724882e-12	-6.800711065e-12	-6.703350281e-12	-6.322497801e-12	-6.123933044e-12	-6.226116654e-12	-6.407047956e-12	-6.034107924e-12	-6.439149887e-12	-6.517370083e-12	-6.144580765e-12
-6.013234134e-12	-5.938781769e-12	-6.273139200e-12	-6.418878949e-12	-6.516842587e-12	-6.589637105e-12	-6.179169464e-12	-6.537641021e-12	-6.361080403e-12	-6.653991679e-12	-6.671926560e-12	-6.710659876e-12	-7.145015572e-12	-6.739295400e-12	-6.481801747e-12	-6.935373388e-12	-6.723169078e-12	-7.172068608e-12	-6.984731990e-12	-7.158429055e-12	-7.229415014e-12	-6.908169640e-12	-6.561152294e-12	-6.655423455e-12	-6.990911235e-12	-7.051422620e-12	-7.037180215e-12	-7.114797558e-12	-6.931982339e-12	-6.611942672e-12	-6.668535511e-12	-6.735452211e-12	-6.466805775e-12	-6.469518614e-12	-6.319483536e-12	-6.726560127e-12	-5.642705515e-12	-6.225137017e-12	-5.636752340e-12	-6.483233523e-12	-6.417974670e-12	-6.605914140e-12	-6.296198333e-12	-6.291074081e-12	-6.020016232e-12	-6.374719956e-12	-6.229733773e-12	-6.385948096e-12	-6.631083259e-12	-6.028230106e-12	-6.493482027e-12	-6.383687397e-12	-6.222499535e-12	-6.770643764e-12	-6.276454892e-12	-6.283463060e-12	-5.765687558e-12	-5.819944342e-12	-5.657701487e-12	-5.683925599e-12	-6.225287731e-12	-5.928608622e-12	-5.861842636e-12	-5.654159724e-12	-5.217618685e-12	-5.856492314e-12	-6.366280012e-12	-5.852272342e-12	-5.838708146e-12	-6.251888626e-12	-6.060332036e-12	-6.042547868e-12	-6.431840292e-12	-5.907885545e-12	-6.083843309e-12	-5.629518102e-12	-5.790555250e-12	-5.580762353e-12	-6.166132765e-12	-5.759357600e-12	-6.308406109e-12	-6.042623225e-12	-6.263342836e-12	-5.993339980e-12	-5.092451299e-12	-5.618666745e-12	-5.972466189e-12	-6.059955253e-12	-5.930869322e-12	-5.734414550e-12	-5.989346078e-12	-5.267504783e-12	-5.388301484e-12	-5.047614096e-12	-5.266374434e-12	-5.313698406e-12	-5.356500980e-12	-5.594854045e-12	-5.571418129e-12	-5.552126828e-12	-6.076533715e-12	-5.366071274e-12	-5.447908589e-12	-5.604273626e-12	-5.668929627e-12	-5.798769125e-12	-5.979097574e-12	-5.646397990e-12	-5.761241516e-12	-5.887237825e-12	-5.856040174e-12	-5.873221489e-12	-6.038252540e-12	-5.541576898e-12	-5.715726103e-12	-5.587318381e-12	-5.313020196e-12	-5.831172482e-12	-5.701559054e-12	-5.769982887e-12	-5.429370855e-12	-5.626503836e-12	-5.672019249e-12	-5.246480280e-12	-5.720850355e-12	-6.404410474e-12	-5.789575614e-12	-5.764180425e-12	-5.860486216e-12	-5.495910772e-12	-5.817231502e-12	-5.536452646e-12	-5.566821374e-12	-5.359063106e-12	-5.788294551e-12	-6.026647617e-12	-5.563053542e-12	-5.812182607e-12	-6.138778303e-12	-6.623472238e-12	-5.972767616e-12	-6.150081800e-12	-6.735376855e-12	-6.542991342e-12	-6.314585354e-12	-6.012555924e-12	-6.489638838e-12	-6.015118050e-12	-6.309611815e-12	-6.271632067e-12	-6.073067309e-12	-6.082336177e-12	-5.709772928e-12	-5.809921908e-12	-5.784225292e-12	-5.640444815e-12	-5.616858186e-12	-6.183992290e-12	-6.327169913e-12	5.739553874e-11	1.988439537e-10	1.330275361e-10	3.389843281e-11	-3.089622410e-13	-4.054262812e-12	-5.156956586e-12	-5.407517428e-12	-5.542104395e-12	-5.448662156e-12	-5.827932146e-12	-5.231559664e-12	-5.866288678e-12	-5.130280334e-12	-5.755212984e-12	-5.851518775e-12	-5.680308480e-12	-5.967718721e-12	-5.568328507e-12	-5.933808231e-12	-6.176230555e-12	-5.926121853e-12	-6.271858137e-12	-6.898373276e-12	-6.391901271e-12	-6.310591452e-12	-6.572832573e-12	-6.305768626e-12	-6.026270833e-12	-6.225589157e-12	-6.694533554e-12	-6.195597213e-12	-6.723093722e-12	-6.197556485e-12	-6.443897355e-12	-6.216923143e-12	-6.200420038e-12	-6.100647841e-12	-5.966136231e-12	-6.067867701e-12	-6.218656346e-12	-6.506820153e-12	-5.735092760e-12	-6.154527842e-12	-6.136819030e-12	-5.720850355e-12	-5.828610356e-12	-5.739312732e-12	-5.322816560e-12	-5.989120008e-12	-6.235686947e-12	-6.315338920e-12	-6.051666022e-12	-6.083014386e-12	-6.383687397e-12	-6.620533329e-12	-6.375473522e-12	-6.259725717e-12	-6.150609296e-12	-6.384893103e-12	-6.168694891e-12	-6.403280124e-12	-5.975028315e-12	-6.198837548e-12	-6.013460204e-12	-6.404862614e-12	-5.936747140e-12	-6.098688568e-12	-6.278112738e-12	-6.019338022e-12	-5.794021656e-12	-5.597416171e-12	-5.452731415e-12	-5.648206550e-12	-5.005263662e-12	-5.329523301e-12	-5.726652816e-12	-5.756192621e-12	-5.634566997e-12	-6.105470666e-12	-5.840290636e-12	-5.996052819e-12	-5.913537294e-12	-5.821150048e-12	-6.262287843e-12	-6.130187646e-12	-5.777443194e-12	-5.952948819e-12	-5.864856902e-12	-5.889121741e-12	-6.121596988e-12	-6.200269325e-12
-5.257708420e-12	-5.401488897e-12	-5.499527891e-12	-5.401036757e-12	-5.058992949e-12	-5.003756529e-12	-5.084990991e-12	-5.126587859e-12	-5.756117264e-12	-5.622283864e-12	-5.339244309e-12	-5.397721064e-12	-5.586188031e-12	-5.910673741e-12	-6.006075253e-12	-5.679027417e-12	-6.163495282e-12	-6.160179590e-12	-5.805325153e-12	-5.957093434e-12	-5.969150497e-12	-6.233652318e-12	-6.049782106e-12	-5.478955527e-12	-5.190867076e-12	-5.677444927e-12	-5.376319777e-12	-5.713766830e-12	-5.504652142e-12	-5.647603696e-12	-5.762145796e-12	-5.477975890e-12	-5.815046160e-12	-6.134106191e-12	-5.942624958e-12	-5.903740930e-12	-6.105244596e-12	-6.012555924e-12	-6.077061211e-12	-5.901254161e-12	-6.201324318e-12	-6.254073969e-12	-5.860561573e-12	-5.754007278e-12	-5.549715416e-12	-5.774504285e-12	-6.209161409e-12	-6.191452597e-12	-6.011350218e-12	-5.858677657e-12	-5.752575502e-12	-5.531253038e-12	-5.909015895e-12	-5.809319055e-12	-5.947598497e-12	-6.017228036e-12	-5.850765209e-12	-5.551297905e-12	-6.491070614e-12	-6.003889910e-12	-5.937425350e-12	-6.048953183e-12	-5.736675250e-12	-5.801934104e-12	-6.024160847e-12	-5.526204143e-12	-6.331088459e-12	-6.117678443e-12	-6.248196150e-12	-5.862144062e-12	-5.857773377e-12	-6.369671061e-12	-5.995826749e-12	-5.948728846e-12	-5.603520060e-12	-5.830946412e-12	-5.655290074e-12	-5.521155247e-12	-5.558833570e-12	-5.417238435e-12	-5.471947359e-12	-5.427260869e-12	-5.719946075e-12	-5.514222436e-12	-5.873748986e-12	-6.146992177e-12	-5.966739084e-12	-6.102531757e-12	-5.682870606e-12	-6.197933269e-12	-6.196275423e-12	-6.510964769e-12	-5.981132203e-12	-6.066888064e-12	-5.531403751e-12	-6.028682246e-12	-5.457252813e-12	-6.131920848e-12	-5.883771419e-12	-6.158371030e-12	-5.841797768e-12	-6.121370918e-12	-5.933958944e-12	-5.713992900e-12	-5.885203195e-12	-6.002985630e-12	-5.902761294e-12	-6.396196599e-12	-5.995525322e-12	-5.942474245e-12	-6.101853547e-12	-5.633436647e-12	-5.591010857e-12	-5.575562745e-12	-5.882867139e-12	-5.791459530e-12	-5.445195750e-12	-5.830117489e-12	-5.860486216e-12	-5.972014049e-12	-5.219201174e-12	-5.490409737e-12	-5.547304003e-12	-6.065531645e-12	-5.459136729e-12	-5.803365880e-12	-5.898541321e-12	-5.258235916e-12	-5.956792007e-12	-5.732153851e-12	-5.686261655e-12	-5.498020758e-12	-5.711280061e-12	-5.434871890e-12	-6.013234134e-12	-5.719644648e-12	-5.796206999e-12	-5.819642915e-12	-5.873146132e-12	-6.097633575e-12	-5.548509709e-12	-5.860109433e-12	-5.964779812e-12	-5.762296509e-12	-5.279938630e-12	-5.264339804e-12	-5.553257178e-12	-5.810901544e-12	-5.769003250e-12	-5.528088059e-12	-5.858903727e-12	-6.050761743e-12	-6.116548093e-12	-5.764029712e-12	-5.776538915e-12	-5.941193182e-12	-5.883319279e-12	-5.612261430e-12	-5.565917094e-12	1.380456104e-10	1.683373988e-10	1.777369345e-10	6.809866898e-11	1.224771537e-11	-3.398132512e-12	-4.477164299e-12	-5.225003636e-12	-4.980697396e-12	-5.276020084e-12	-5.556422157e-12	-5.884148202e-12	-4.898784723e-12	-5.303073119e-12	-5.709546858e-12	-5.628086326e-12	-5.230881454e-12	-5.338942882e-12	-5.594326549e-12	-5.508646045e-12	-5.993038553e-12	-5.039324865e-12	-5.122518600e-12	-5.385287218e-12	-5.371044812e-12	-5.500130744e-12	-5.658304340e-12	-5.271498685e-12	-5.189284587e-12	-5.234875356e-12	-4.759224218e-12	-5.322515133e-12	-5.293879609e-12	-4.743776106e-12	-5.148139859e-12	-4.900894709e-12	-4.781529785e-12	-4.882959828e-12	-4.891776555e-12	-5.391240393e-12	-5.306388812e-12	-5.316561959e-12	-5.584454829e-12	-5.548811136e-12	-5.373230155e-12	-5.862294776e-12	-6.113985967e-12	-5.497493261e-12	-5.385437931e-12	-5.286042518e-12	-4.863291744e-12	-4.944300136e-12	-5.529293765e-12	-5.002550822e-12	-5.360570239e-12	-5.170520782e-12	-5.440146855e-12	-5.125306796e-12	-5.048367662e-12	-5.446778240e-12	-5.583023052e-12	-5.544289737e-12	-5.251227748e-12	-5.332838994e-12	-5.429144785e-12	-5.112044026e-12	-5.314828756e-12	-5.199985230e-12	-5.195765258e-12	-5.049121228e-12	-5.136158152e-12	-5.122970740e-12	-5.942172818e-12	-5.459890296e-12	-5.447908589e-12	-5.657626130e-12	-5.868398664e-12	-5.334722910e-12	-5.506912842e-12	-5.522511667e-12	-5.209028027e-12	-5.673300312e-12	-5.523265234e-12	-5.383252589e-12	-5.469535946e-12	-5.525149150e-12	-5.613919276e-12	-5.473002352e-12	-5.646473347e-12	-5.723035697e-12	-5.346327833e-12	-5.720624285e-12
-5.267429427e-12	-5.768852537e-12	-5.316034462e-12	-5.304052756e-12	-5.367578407e-12	-5.323042630e-12	-5.678952060e-12	-5.868624734e-12	-5.689426634e-12	-5.251227748e-12	-5.583776619e-12	-5.977213658e-12	-5.645116927e-12	-5.773750719e-12	-6.191980094e-12	-6.256711451e-12	-5.959956986e-12	-5.826952509e-12	-5.972315476e-12	-5.884901769e-12	-5.386116141e-12	-5.608041458e-12	-5.494026856e-12	-5.642554801e-12	-5.755212984e-12	-5.379936896e-12	-5.470666296e-12	-4.875348807e-12	-5.071276082e-12	-5.060801508e-12	-5.438112226e-12	-5.325604756e-12	-5.192298852e-12	-5.362378798e-12	-5.136761006e-12	-5.571041346e-12	-5.558833570e-12	-5.671943892e-12	-5.601259360e-12	-5.346177120e-12	-5.833885321e-12	-5.818663279e-12	-5.602917206e-12	-5.788294551e-12	-5.685131305e-12	-5.436152953e-12	-5.328242238e-12	-4.890796919e-12	-5.077530683e-12	-5.221235804e-12	-5.523491303e-12	-5.562073905e-12	-5.421383051e-12	-5.703066186e-12	-5.553860031e-12	-5.890628874e-12	-5.543460814e-12	-5.453786408e-12	-5.968698357e-12	-5.735168117e-12	-5.540220478e-12	-5.649487612e-12	-5.376847274e-12	-5.253865231e-12	-5.395837148e-12	-5.407140645e-12	-4.934503773e-12	-4.979190263e-12	-5.532308031e-12	-6.085124372e-12	-5.718062159e-12	-5.313095553e-12	-5.759357600e-12	-6.028230106e-12	-5.726502103e-12	-5.563505682e-12	-5.239246042e-12	-5.836673517e-12	-6.085576512e-12	-5.693420536e-12	-5.645945850e-12	-5.492896506e-12	-6.054303505e-12	-6.315715703e-12	-6.661602700e-12	-6.360552907e-12	-6.396347313e-12	-6.579614671e-12	-6.537339594e-12	-6.500716265e-12	-6.313681074e-12	-6.902593248e-12	-6.705309554e-12	-6.496722363e-12	-6.997844046e-12	-6.924069892e-12	-6.380447061e-12	-6.514054391e-12	-6.289340878e-12	-6.124309827e-12	-6.056262778e-12	-6.121220205e-12	-6.125666247e-12	-6.769136631e-12	-6.372233187e-12	-6.732437946e-12	-6.557007678e-12	-6.792949331e-12	-6.272837773e-12	-6.664767679e-12	-7.022108886e-12	-6.849768241e-12	-6.178943394e-12	-6.099592848e-12	-6.185348709e-12	-5.964403028e-12	-5.878722524e-12	-6.046466414e-12	-6.114890247e-12	-6.469141831e-12	-5.900726664e-12	-6.026572260e-12	-6.299966165e-12	-6.479691761e-12	-6.320764599e-12	-6.005397043e-12	-5.932828595e-12	-5.421307694e-12	-5.395083582e-12	-5.487621541e-12	-5.587921234e-12	-5.678876704e-12	-5.808716202e-12	-5.729968508e-12	-6.115417743e-12	-5.936897853e-12	-6.112855617e-12	-6.088213995e-12	-6.136140820e-12	-6.512471901e-12	-6.638392854e-12	-6.382481690e-12	-6.348420487e-12	-6.371479620e-12	-5.966286945e-12	-6.384139536e-12	-6.506970866e-12	-6.425887117e-12	-6.357764711e-12	-6.366581438e-12	-6.037951113e-12	-6.596871343e-12	-6.271632067e-12	-6.237344794e-12	-6.303884710e-12	-6.509759062e-12	-6.300418305e-12	-6.451131593e-12	-6.648038504e-12	1.245751581e-10	1.427232233e-10	2.046496557e-10	7.111421580e-11	1.511171999e-11	-2.676743357e-12	-5.272252252e-12	-5.929136119e-12	-5.504652142e-12	-5.779703894e-12	-6.107354582e-12	-6.224835591e-12	-5.968246217e-12	-5.968396931e-12	-6.501620545e-12	-6.401019425e-12	-6.114588820e-12	-5.961614833e-12	-5.796583782e-12	-5.555065737e-12	-5.449189652e-12	-5.286193231e-12	-6.074348372e-12	-6.180299814e-12	-6.290923368e-12	-6.538243874e-12	-6.285346976e-12	-6.652409190e-12	-6.659417357e-12	-6.485720293e-12	-6.287984458e-12	-5.695982662e-12	-5.952195252e-12	-5.292447832e-12	-5.349944952e-12	-5.727557096e-12	-5.734565264e-12	-5.155374097e-12	-5.234950713e-12	-5.180317146e-12	-5.948954916e-12	-5.591236927e-12	-5.677972424e-12	-5.789650971e-12	-5.762145796e-12	-6.395141606e-12	-5.566143164e-12	-5.889272454e-12	-5.750390159e-12	-6.094543953e-12	-6.403958334e-12	-6.101853547e-12	-5.862746915e-12	-6.534400685e-12	-6.262363199e-12	-6.148650023e-12	-6.020016232e-12	-6.034484707e-12	-5.713616117e-12	-5.768701824e-12	-5.778272117e-12	-5.688748424e-12	-6.210442472e-12	-6.203132877e-12	-6.281277717e-12	-6.159426024e-12	-6.338171983e-12	-6.268165661e-12	-6.218731702e-12	-6.192658304e-12	-5.905926273e-12	-6.407500096e-12	-6.207955702e-12	-6.038855393e-12	-5.863274412e-12	-6.170428094e-12	-5.427034799e-12	-5.790932034e-12	-5.902610580e-12	-6.081959393e-12	-5.935466077e-12	-5.641047668e-12	-5.878948594e-12	-6.207654276e-12	-6.272762416e-12	-6.342391956e-12	-5.770435026e-12	-5.280164699e-12	-5.654084368e-12	-5.585509822e-12	-5.580234857e-12	-5.425527666e-12
-5.693721963e-12	-6.393408404e-12	-6.136517604e-12	-6.294766556e-12	-6.447213048e-12	-6.386550949e-12	-5.960409126e-12	-6.373212823e-12	-5.889649237e-12	-6.498229496e-12	-6.468991118e-12	-6.771698757e-12	-6.354072235e-12	-6.020769798e-12	-6.343371592e-12	-6.251662556e-12	-6.242619759e-12	-6.247668654e-12	-6.288813382e-12	-6.529879286e-12	-5.688673067e-12	-6.315489634e-12	-6.287456962e-12	-5.966814441e-12	-6.094242526e-12	-6.148348597e-12	-5.447155023e-12	-5.814066523e-12	-6.073293379e-12	-6.040588596e-12	-6.004492763e-12	-5.661167892e-12	-5.720774998e-12	-5.812936174e-12	-5.468254883e-12	-5.427637652e-12	-5.784752789e-12	-5.545194017e-12	-5.553709318e-12	-6.164173492e-12	-5.595004759e-12	-6.351133326e-12	-6.361005047e-12	-5.944132091e-12	-5.992435700e-12	-5.903665573e-12	-6.192130807e-12	-6.273817409e-12	-6.314811424e-12	-6.408705802e-12	-6.278489521e-12	-6.418502166e-12	-6.559569804e-12	-5.782492089e-12	-6.134482974e-12	-6.457838334e-12	-5.812559390e-12	-5.891909937e-12	-5.960785910e-12	-6.183163366e-12	-6.628219707e-12	-6.345783005e-12	-6.108861715e-12	-6.470498251e-12	-6.345029438e-12	-6.321819592e-12	-6.092961463e-12	-6.306446836e-12	-6.027551896e-12	-6.323025298e-12	-6.229281633e-12	-6.340206613e-12	-6.195521856e-12	-6.157692821e-12	-6.494913803e-12	-6.684812547e-12	-6.572983287e-12	-6.214888514e-12	-6.073067309e-12	-6.788201862e-12	-6.436286334e-12	-6.773431960e-12	-7.151873027e-12	-6.759641694e-12	-6.936428381e-12	-6.449398390e-12	-6.206297856e-12	-6.666124099e-12	-6.991212662e-12	-6.900332549e-12	-7.564450654e-12	-6.547362028e-12	-6.489412768e-12	-6.430257803e-12	-6.581724657e-12	-6.624301161e-12	-5.932301098e-12	-6.207880346e-12	-6.390394138e-12	-5.802235530e-12	-6.224609521e-12	-6.581875371e-12	-6.699883875e-12	-6.689333945e-12	-6.482027817e-12	-6.761676324e-12	-7.078927796e-12	-6.887521919e-12	-6.751955317e-12	-6.885411933e-12	-6.769890198e-12	-6.661150560e-12	-6.825428045e-12	-6.521966839e-12	-6.863558507e-12	-6.454221215e-12	-6.090474694e-12	-6.265904962e-12	-6.387078446e-12	-6.696794253e-12	-6.437265971e-12	-6.512848685e-12	-6.229432346e-12	-6.468388265e-12	-6.008109882e-12	-5.946166721e-12	-5.489580814e-12	-5.909392678e-12	-5.669306410e-12	-5.954003812e-12	-5.675033515e-12	-5.566896731e-12	-6.079698694e-12	-5.564786744e-12	-5.429295498e-12	-5.783773152e-12	-6.075252652e-12	-6.270124934e-12	-5.834940314e-12	-6.177210192e-12	-6.160631730e-12	-6.377357438e-12	-6.142696849e-12	-5.978796147e-12	-6.542539202e-12	-6.277133102e-12	-6.276002752e-12	-6.310516095e-12	-6.275475256e-12	-6.303357214e-12	-6.625883651e-12	-6.404636544e-12	-6.240283703e-12	-6.346235144e-12	-6.512471901e-12	-6.387756655e-12	-6.981114871e-12	-6.643592462e-12	-6.371253550e-12	8.918564335e-11	1.053371343e-10	1.383411591e-10	7.696935170e-11	2.668732946e-11	-4.690498959e-12	-5.867192957e-12	-6.252642192e-12	-6.279393801e-12	-6.034484707e-12	-6.066285211e-12	-6.147595030e-12	-6.395819816e-12	-6.202379311e-12	-6.220615619e-12	-6.441335229e-12	-6.364094669e-12	-6.619704406e-12	-6.670720854e-12	-6.492200964e-12	-6.141265072e-12	-6.528372153e-12	-6.530105356e-12	-6.141189716e-12	-6.219862052e-12	-5.954983448e-12	-6.338322697e-12	-6.278188095e-12	-6.685566113e-12	-6.410062222e-12	-6.789859709e-12	-6.412398278e-12	-6.342467312e-12	-6.656553805e-12	-6.889029052e-12	-6.745248575e-12	-6.703048854e-12	-6.559419091e-12	-6.521590055e-12	-6.382632404e-12	-6.123480904e-12	-6.874108437e-12	-6.727313694e-12	-6.769814841e-12	-6.852782506e-12	-6.903422171e-12	-6.561830503e-12	-6.353695452e-12	-6.668384798e-12	-6.260629997e-12	-6.151588933e-12	-5.935013937e-12	-6.198686835e-12	-5.962368399e-12	-6.142621492e-12	-6.149403590e-12	-6.334328795e-12	-6.424530698e-12	-5.922580091e-12	-6.396874809e-12	-6.310666808e-12	-6.064175225e-12	-6.024989770e-12	-6.039533603e-12	-6.152116429e-12	-6.235913017e-12	-6.062894162e-12	-5.680383837e-12	-5.956716651e-12	-5.980604707e-12	-6.210969968e-12	-6.694307484e-12	-6.365300375e-12	-5.994018190e-12	-6.529577860e-12	-6.208031059e-12	-6.110745631e-12	-5.810374048e-12	-6.177586975e-12	-6.285497689e-12	-6.336890921e-12	-6.226493437e-12	-6.159727450e-12	-5.869755083e-12	-5.896355979e-12	-6.023030498e-12	-5.936671783e-12	-6.207051423e-12	-6.133955478e-12	-5.833131754e-12	-5.846093097e-12	-5.634039500e-12
-6.131393352e-12	-6.491145971e-12	-6.771020547e-12	-6.415412544e-12	-6.256033241e-12	-6.087008288e-12	-6.321066025e-12	-6.160857800e-12	-5.993264623e-12	-6.271405997e-12	-6.333952011e-12	-6.519480069e-12	-6.647058868e-12	-6.455652992e-12	-6.194165436e-12	-6.476074642e-12	-5.744587697e-12	-5.915345853e-12	-5.778272117e-12	-5.750691586e-12	-6.294841913e-12	-6.240886556e-12	-5.619571025e-12	-6.010898078e-12	-5.828685712e-12	-5.813915810e-12	-6.017303393e-12	-6.057242414e-12	-6.099291421e-12	-5.767194691e-12	-5.907508762e-12	-5.490711163e-12	-6.187609408e-12	-6.127625520e-12	-5.881887503e-12	-5.632607724e-12	-5.821602188e-12	-5.842777405e-12	-5.887689965e-12	-6.611565888e-12	-5.650542606e-12	-5.618666745e-12	-5.671341039e-12	-6.129434079e-12	-5.790329180e-12	-6.120466638e-12	-6.496194866e-12	-6.311194305e-12	-6.224760234e-12	-5.967794077e-12	-5.954003812e-12	-6.273440626e-12	-6.095071449e-12	-6.587979259e-12	-6.917739934e-12	-6.518500433e-12	-6.509231566e-12	-6.339980543e-12	-6.363039676e-12	-6.469744684e-12	-6.196350779e-12	-6.294012990e-12	-6.028983672e-12	-5.666819641e-12	-6.141415786e-12	-6.064175225e-12	-5.699901207e-12	-6.083617239e-12	-5.789198831e-12	-5.736976676e-12	-6.281729857e-12	-6.079547981e-12	-5.383855442e-12	-5.722131417e-12	-5.962293042e-12	-6.089645771e-12	-5.983468259e-12	-6.322949941e-12	-6.450528740e-12	-6.189493325e-12	-5.842928118e-12	-5.881736790e-12	-6.298383675e-12	-5.956038441e-12	-5.820321125e-12	-5.767345404e-12	-5.640369459e-12	-6.232823395e-12	-5.461397429e-12	-6.045788204e-12	-5.827480006e-12	-6.259801074e-12	-6.274872402e-12	-6.159501380e-12	-5.942700315e-12	-5.767948257e-12	-5.916626916e-12	-6.309762529e-12	-6.081733323e-12	-5.953853098e-12	-5.960333770e-12	-5.459212086e-12	-5.798844481e-12	-5.542179751e-12	-5.761467586e-12	-6.082562246e-12	-5.719870718e-12	-5.464788478e-12	-6.129358722e-12	-6.434251705e-12	-6.319332822e-12	-5.971712623e-12	-6.473512516e-12	-6.335534501e-12	-5.599149374e-12	-5.818060425e-12	-5.701031557e-12	-6.220088122e-12	-6.418200740e-12	-6.018056959e-12	-5.905474133e-12	-6.080452260e-12	-5.968773714e-12	-6.207729632e-12	-6.332670948e-12	-6.505614447e-12	-6.123028764e-12	-6.498907705e-12	-6.278188095e-12	-6.179169464e-12	-6.124912680e-12	-5.845414887e-12	-6.133503338e-12	-5.767646831e-12	-5.602163640e-12	-5.908488398e-12	-5.985352176e-12	-5.775333208e-12	-5.700277991e-12	-5.792137740e-12	-6.305994696e-12	-6.197707199e-12	-5.813388314e-12	-6.158295674e-12	-5.930492539e-12	-5.801481964e-12	-6.294465130e-12	-5.847600230e-12	-5.967869434e-12	-6.226945577e-12	-6.564694056e-12	-6.910807122e-12	-6.411041858e-12	-5.805626579e-12	-5.698394075e-12	-6.052796372e-12	-5.381142603e-12	-5.422739470e-12	-5.742477711e-12	9.018027570e-11	9.994287966e-11	1.220476209e-10	1.586483429e-10	3.183788073e-11	-1.189504628e-12	-4.973086375e-12	-5.763878998e-12	-5.803818020e-12	-6.443520572e-12	-6.272460990e-12	-6.047747477e-12	-6.244051535e-12	-6.336212711e-12	-6.329958109e-12	-6.177888401e-12	-5.666819641e-12	-5.777669264e-12	-5.680007053e-12	-5.899973098e-12	-5.929512902e-12	-6.291526221e-12	-6.050158889e-12	-6.254450752e-12	-5.923258301e-12	-5.704874746e-12	-6.266281745e-12	-6.173743786e-12	-6.496647006e-12	-6.396799453e-12	-6.172085940e-12	-6.147293604e-12	-6.310440738e-12	-6.685716826e-12	-6.810808856e-12	-6.537942447e-12	-6.851953583e-12	-6.407801523e-12	-6.678482588e-12	-6.557459818e-12	-6.372157830e-12	-6.166961688e-12	-6.348721914e-12	-6.423852488e-12	-6.721511232e-12	-6.598001693e-12	-6.828593024e-12	-6.774486953e-12	-6.476677495e-12	-6.345406221e-12	-6.478636768e-12	-6.514807957e-12	-6.415035760e-12	-5.986482525e-12	-6.279921298e-12	-5.905474133e-12	-6.261911060e-12	-6.167715254e-12	-6.747132491e-12	-6.759038841e-12	-6.387605942e-12	-6.818796660e-12	-6.663938756e-12	-6.559795874e-12	-6.507950503e-12	-6.599810252e-12	-6.421968572e-12	-6.620684042e-12	-6.695739260e-12	-6.859639961e-12	-6.868004549e-12	-6.700034589e-12	-6.681270784e-12	-6.374569243e-12	-6.217601353e-12	-6.431388152e-12	-6.353695452e-12	-6.628445777e-12	-6.356634361e-12	-6.777425862e-12	-7.050367627e-12	-6.399436935e-12	-6.811110282e-12	-6.864161360e-12	-6.874786647e-12	-7.168526845e-12	-7.152023740e-12	-7.477564443e-12	-6.755723149e-12	-6.917890647e-12	-7.105679404e-12	-7.527224472e-12
-6.896489360e-12	-7.351417421e-12	-6.793476827e-12	-6.550150223e-12	-6.638242140e-12	-6.348194417e-12	-6.284819479e-12	-6.870415961e-12	-6.332218809e-12	-6.538093160e-12	-7.078927796e-12	-7.367619099e-12	-7.453073534e-12	-7.310574120e-12	-6.916458871e-12	-7.421574457e-12	-7.465205953e-12	-6.537113524e-12	-7.066946089e-12	-6.746454282e-12	-6.237570864e-12	-6.668535511e-12	-6.333801298e-12	-6.776370869e-12	-6.992343011e-12	-6.339603760e-12	-6.558288741e-12	-6.653238113e-12	-6.797093946e-12	-6.327395983e-12	-6.386626306e-12	-5.893492426e-12	-6.377056012e-12	-6.330108823e-12	-6.847281471e-12	-6.563789776e-12	-6.369746417e-12	-6.064928792e-12	-6.580669664e-12	-5.997107812e-12	-6.356106865e-12	-5.875557545e-12	-5.984673966e-12	-6.098387142e-12	-6.329958109e-12	-6.825654115e-12	-6.342618025e-12	-6.140134723e-12	-6.539449580e-12	-6.432970642e-12	-6.457612264e-12	-6.857002478e-12	-6.920151346e-12	-7.033412382e-12	-7.105001194e-12	-6.610963035e-12	-6.338774837e-12	-6.870566674e-12	-6.813898478e-12	-6.703350281e-12	-6.622718672e-12	-6.796340380e-12	-6.722264799e-12	-6.324231004e-12	-6.659568071e-12	-6.195597213e-12	-6.410815788e-12	-6.612771595e-12	-7.221954706e-12	-6.940799067e-12	-7.077872803e-12	-6.707494896e-12	-7.168074706e-12	-7.186989223e-12	-6.776596939e-12	-6.950670787e-12	-6.883603374e-12	-7.343278903e-12	-6.834244772e-12	-6.651655623e-12	-6.513677608e-12	-6.279469158e-12	-6.415035760e-12	-6.521590055e-12	-6.551657356e-12	-7.099274089e-12	-6.619553693e-12	-6.063647729e-12	-6.557158391e-12	-6.449096964e-12	-6.409157942e-12	-6.327395983e-12	-6.351208683e-12	-6.180902667e-12	-5.883846776e-12	-6.369746417e-12	-5.915797993e-12	-6.570421161e-12	-6.365526445e-12	-6.702370645e-12	-6.451508376e-12	-6.453316936e-12	-6.828216240e-12	-6.536812097e-12	-6.591521021e-12	-6.521137915e-12	-6.521288629e-12	-6.579991455e-12	-6.496873076e-12	-6.520535062e-12	-6.604180937e-12	-6.946902955e-12	-6.571551510e-12	-6.325587424e-12	-6.137421883e-12	-6.396498026e-12	-6.170880233e-12	-6.612244098e-12	-6.581197161e-12	-6.868607402e-12	-6.702672071e-12	-6.334705578e-12	-6.690916435e-12	-6.968756382e-12	-6.372609970e-12	-6.192432234e-12	-6.429353523e-12	-6.942456913e-12	-6.431538866e-12	-6.791442198e-12	-6.958055738e-12	-6.655197385e-12	-6.451508376e-12	-6.540127790e-12	-6.802444268e-12	-6.502223398e-12	-6.560398727e-12	-6.785715093e-12	-6.956096466e-12	-6.738541834e-12	-6.669967288e-12	-6.678633302e-12	-6.965365333e-12	-6.929495570e-12	-6.465675425e-12	-6.736356491e-12	-6.677276882e-12	-7.066795376e-12	-6.700034589e-12	-6.066360568e-12	-6.734472575e-12	-6.731006169e-12	-6.495441300e-12	-6.619026196e-12	-6.139004373e-12	-6.007356316e-12	-6.129132653e-12	-6.343974445e-12	-6.308255396e-12	9.241346985e-11	1.035682125e-10	1.178846184e-10	1.574067669e-10	9.819957906e-11	1.132459648e-11	-4.914835689e-12	-6.178641968e-12	-6.312626081e-12	-6.524152181e-12	-6.719325890e-12	-6.460777243e-12	-6.612319455e-12	-6.610510895e-12	-6.348947984e-12	-6.462661160e-12	-6.771774114e-12	-6.717668043e-12	-6.402225131e-12	-6.825654115e-12	-6.402827984e-12	-6.423475705e-12	-5.882038216e-12	-5.933205378e-12	-5.912934440e-12	-5.443462547e-12	-5.348362462e-12	-6.311947871e-12	-6.108409575e-12	-5.965005882e-12	-6.003211700e-12	-6.200796821e-12	-6.148650023e-12	-6.132523702e-12	-6.055283141e-12	-6.458516544e-12	-6.300795088e-12	-6.808096016e-12	-6.969811375e-12	-6.642085329e-12	-6.908998563e-12	-6.736733274e-12	-6.647360294e-12	-6.851802870e-12	-6.923617752e-12	-7.097390173e-12	-7.015854284e-12	-6.903648241e-12	-7.083147768e-12	-7.274176861e-12	-6.967927459e-12	-7.487360807e-12	-7.157826202e-12	-6.720908379e-12	-6.971770648e-12	-7.154887293e-12	-6.818269163e-12	-6.251059703e-12	-7.139589894e-12	-6.759264911e-12	-6.952856130e-12	-6.988725892e-12	-6.729046897e-12	-6.332972375e-12	-6.236289801e-12	-6.511492265e-12	-6.929118787e-12	-6.370952124e-12	-6.679236155e-12	-6.294163703e-12	-6.581724657e-12	-6.348269774e-12	-6.690690365e-12	-6.591747091e-12	-6.145861828e-12	-6.582704294e-12	-6.001327784e-12	-6.209688905e-12	-6.486097076e-12	-6.226493437e-12	-6.246839731e-12	-6.420235369e-12	-6.662130197e-12	-6.646229945e-12	-6.933338759e-12	-7.290981392e-12	-7.267394763e-12	-6.850521807e-12	-7.009599683e-12	-6.770040911e-12	-6.421591789e-12	-6.772527680e-12
-6.945621892e-12	-6.568160461e-12	-6.818118450e-12	-6.850823234e-12	-6.669138365e-12	-6.464394362e-12	-6.268617801e-12	-6.542840629e-12	-6.748338198e-12	-6.396271956e-12	-6.620985469e-12	-6.380371704e-12	-6.207503562e-12	-6.523549328e-12	-6.319106752e-12	-6.469669328e-12	-6.340357326e-12	-6.593178867e-12	-6.791668268e-12	-7.041550900e-12	-6.986088410e-12	-6.831004436e-12	-6.872902730e-12	-6.378111005e-12	-6.779309778e-12	-6.506141943e-12	-6.737411484e-12	-6.538771370e-12	-6.830326226e-12	-6.751126393e-12	-6.690991791e-12	-6.542689916e-12	-6.072916596e-12	-7.117811824e-12	-6.791140771e-12	-6.686922533e-12	-6.508251929e-12	-6.777576576e-12	-6.824222338e-12	-6.920754199e-12	-6.790311848e-12	-6.635453945e-12	-6.839821164e-12	-6.257238948e-12	-6.571099371e-12	-7.085483824e-12	-7.108166173e-12	-6.804102114e-12	-6.697246393e-12	-7.025876718e-12	-6.561981217e-12	-6.761827037e-12	-6.423400348e-12	-6.578785748e-12	-6.581347874e-12	-6.571024014e-12	-6.720004099e-12	-6.727615120e-12	-6.428449243e-12	-6.823318059e-12	-5.998539588e-12	-6.306748263e-12	-6.834395485e-12	-6.362813606e-12	-5.962745182e-12	-6.247517941e-12	-6.705309554e-12	-6.504107314e-12	-6.427997103e-12	-6.895057584e-12	-6.766725219e-12	-6.666500882e-12	-6.049028540e-12	-6.151890359e-12	-5.972842973e-12	-5.927252203e-12	-6.195973996e-12	-6.255581101e-12	-6.159124597e-12	-6.604934504e-12	-6.652107763e-12	-6.557535175e-12	-6.476074642e-12	-6.166509548e-12	-6.462887230e-12	-6.605914140e-12	-6.275550612e-12	-6.152041072e-12	-6.269748151e-12	-6.181505520e-12	-6.330033466e-12	-6.128153016e-12	-6.063270946e-12	-6.233727675e-12	-6.273365269e-12	-6.652710616e-12	-6.447288404e-12	-6.448644824e-12	-6.568160461e-12	-6.445931985e-12	-6.389188432e-12	-6.605989497e-12	-6.776747652e-12	-6.600563818e-12	-6.680667931e-12	-6.814802758e-12	-6.691217861e-12	-6.831381219e-12	-6.025441910e-12	-6.276756318e-12	-6.649771707e-12	-7.392110009e-12	-6.476225356e-12	-6.400567285e-12	-7.032282033e-12	-6.374946026e-12	-7.279602539e-12	-6.723395148e-12	-6.549095230e-12	-6.427469607e-12	-6.544197049e-12	-6.623246168e-12	-6.655574169e-12	-7.049538704e-12	-6.948334731e-12	-6.295294053e-12	-6.382330977e-12	-6.250155423e-12	-6.593932434e-12	-6.193261157e-12	-6.123857687e-12	-6.462736516e-12	-6.240434416e-12	-6.378035648e-12	-6.665295176e-12	-6.347214781e-12	-6.195898639e-12	-6.331389885e-12	-6.038780036e-12	-6.304638277e-12	-6.083089743e-12	-5.915571923e-12	-5.858979083e-12	-5.653330801e-12	-5.873899699e-12	-5.938857126e-12	-5.718062159e-12	-5.905248063e-12	-6.373664963e-12	-6.428147817e-12	-6.291601577e-12	-6.384290250e-12	-6.144203981e-12	-6.508930139e-12	-6.401320851e-12	-6.422571425e-12	-6.340884823e-12	-6.474793579e-12	-6.273968123e-12	9.825360977e-11	1.078161418e-10	1.207193093e-10	1.444751900e-10	1.533355488e-10	2.627060722e-11	-3.582605577e-12	-4.375960326e-12	-5.402242463e-12	-5.504275359e-12	-5.783848509e-12	-5.759583670e-12	-5.803516593e-12	-5.570513849e-12	-5.685282018e-12	-5.688673067e-12	-5.677972424e-12	-5.663956088e-12	-5.791459530e-12	-5.829966775e-12	-5.421307694e-12	-6.345858361e-12	-5.694023389e-12	-5.801557320e-12	-5.455971750e-12	-5.559888563e-12	-5.669381767e-12	-5.676163865e-12	-5.530499471e-12	-5.679780983e-12	-5.480387303e-12	-5.692817683e-12	-5.624017067e-12	-5.493424002e-12	-5.672772816e-12	-5.588298017e-12	-5.510605317e-12	-5.561395695e-12	-5.564259248e-12	-5.399378911e-12	-5.745265907e-12	-5.390110043e-12	-5.602691136e-12	-5.815799726e-12	-5.869830440e-12	-5.296064951e-12	-5.536075863e-12	-5.870433293e-12	-6.136819030e-12	-6.009089518e-12	-5.755891194e-12	-6.355504012e-12	-6.005170973e-12	-6.214963870e-12	-6.336363424e-12	-6.198008625e-12	-6.045788204e-12	-6.527091090e-12	-6.002985630e-12	-6.666274812e-12	-6.392956264e-12	-5.979700427e-12	-5.844736678e-12	-5.969753350e-12	-6.106148876e-12	-6.310063955e-12	-6.301925438e-12	-6.436889187e-12	-6.304336850e-12	-6.506895510e-12	-6.714503064e-12	-6.164927059e-12	-6.619704406e-12	-6.192582947e-12	-6.450604097e-12	-6.694458197e-12	-6.971770648e-12	-6.611038392e-12	-6.586321413e-12	-6.381803480e-12	-6.424756768e-12	-6.186328345e-12	-6.183012653e-12	-6.060256680e-12	-5.536754073e-12	-5.542857961e-12	-6.152342499e-12	-5.870131867e-12	-6.312776794e-12	-5.809997265e-12	-5.707587585e-12	-5.865233685e-12
-6.124460541e-12	-6.264096402e-12	-6.446685551e-12	-6.483233523e-12	-6.325587424e-12	-6.158371030e-12	-5.926197210e-12	-5.802084817e-12	-6.232145185e-12	-6.000574218e-12	-5.976836875e-12	-6.217525996e-12	-6.429654949e-12	-6.472608237e-12	-6.320915312e-12	-6.613148378e-12	-6.879986255e-12	-7.108919740e-12	-6.414885047e-12	-6.965742116e-12	-6.173894499e-12	-6.374267816e-12	-6.607496630e-12	-6.379090641e-12	-6.138778303e-12	-5.757699754e-12	-6.020694442e-12	-6.015193407e-12	-5.518442408e-12	-5.481894436e-12	-5.661017179e-12	-6.209914975e-12	-5.657927557e-12	-6.017303393e-12	-5.883696063e-12	-5.474358771e-12	-6.017077323e-12	-5.699675138e-12	-5.609096451e-12	-5.805023726e-12	-5.141357761e-12	-5.735620257e-12	-5.783170299e-12	-5.638711612e-12	-5.965156595e-12	-5.818512565e-12	-5.518517765e-12	-5.867042244e-12	-5.587996591e-12	-5.675636368e-12	-5.615803193e-12	-5.842928118e-12	-5.859054440e-12	-6.403882977e-12	-5.762522579e-12	-6.100120345e-12	-5.695304452e-12	-5.731475641e-12	-5.957847000e-12	-5.682945963e-12	-5.824616454e-12	-5.170445426e-12	-5.451827135e-12	-5.367879833e-12	-5.495609345e-12	-5.514448506e-12	-5.633436647e-12	-6.064627365e-12	-5.801180537e-12	-5.827781433e-12	-5.700504061e-12	-6.135236541e-12	-6.083918666e-12	-5.931095392e-12	-6.142696849e-12	-5.945036371e-12	-6.291450864e-12	-6.305617913e-12	-6.624150448e-12	-6.088741491e-12	-5.898089182e-12	-5.946920287e-12	-6.480143901e-12	-6.182861940e-12	-6.367335005e-12	-6.454974782e-12	-6.049179253e-12	-6.274721689e-12	-6.268165661e-12	-6.156637828e-12	-5.908714468e-12	-5.872241853e-12	-5.434269037e-12	-5.828685712e-12	-6.171859870e-12	-6.192281520e-12	-6.035162917e-12	-5.967718721e-12	-5.874427195e-12	-5.794172369e-12	-5.757021544e-12	-5.597491528e-12	-5.370215889e-12	-5.510002464e-12	-5.980152567e-12	-5.695831949e-12	-5.772168229e-12	-6.195521856e-12	-5.924237937e-12	-5.791534887e-12	-5.944885658e-12	-6.142169352e-12	-5.367578407e-12	-5.543234744e-12	-6.220615619e-12	-6.056488848e-12	-5.882791783e-12	-5.565238884e-12	-5.771113236e-12	-5.318671945e-12	-5.946694217e-12	-6.173367003e-12	-5.486792618e-12	-6.157918891e-12	-6.191980094e-12	-6.042924652e-12	-5.921525098e-12	-6.157316037e-12	-6.519253999e-12	-6.276304179e-12	-6.218731702e-12	-6.107580652e-12	-6.221896682e-12	-6.006075253e-12	-6.182108373e-12	-6.315715703e-12	-6.391901271e-12	-6.404033690e-12	-6.600111679e-12	-6.309762529e-12	-6.733945079e-12	-6.766047009e-12	-6.030189379e-12	-6.072690526e-12	-6.232748038e-12	-5.917606552e-12	-6.475321076e-12	-6.389489858e-12	-6.059277043e-12	-5.883545349e-12	-5.884223559e-12	-5.904645210e-12	-5.848730580e-12	-6.065607002e-12	-5.732681348e-12	-5.749561236e-12	-6.227020933e-12	-5.930191112e-12	-5.691536620e-12	7.812223300e-11	1.071170583e-10	1.195732855e-10	1.373782519e-10	1.754233348e-10	4.414437429e-11	-1.356042812e-12	-4.022839092e-12	-5.165999384e-12	-5.502316086e-12	-5.454012478e-12	-5.861013713e-12	-6.168468821e-12	-6.181882303e-12	-6.363039676e-12	-6.060784176e-12	-6.132599058e-12	-6.570195091e-12	-6.409007229e-12	-6.703199568e-12	-6.474492153e-12	-6.543669552e-12	-6.428298530e-12	-6.245558668e-12	-6.208332486e-12	-6.370424627e-12	-6.410665075e-12	-6.109539925e-12	-6.500716265e-12	-6.256033241e-12	-6.090323981e-12	-6.326868487e-12	-6.364019312e-12	-6.250004710e-12	-6.257163591e-12	-6.299363312e-12	-6.329656683e-12	-5.885127839e-12	-6.577127902e-12	-6.458893327e-12	-6.787749722e-12	-6.113835254e-12	-6.449699817e-12	-6.164098135e-12	-5.778874971e-12	-6.378713858e-12	-6.187383338e-12	-6.459044041e-12	-6.491221328e-12	-6.128981939e-12	-5.927402916e-12	-6.008335952e-12	-6.277660598e-12	-5.952270609e-12	-6.363491816e-12	-6.445630558e-12	-6.386324879e-12	-6.358367564e-12	-6.366430725e-12	-6.502449468e-12	-6.903196101e-12	-6.701240295e-12	-6.371630333e-12	-6.757757778e-12	-6.478184628e-12	-6.556706252e-12	-6.184896569e-12	-5.587619808e-12	-5.744135558e-12	-6.194919003e-12	-5.790404537e-12	-5.670361403e-12	-6.139833296e-12	-5.682343109e-12	-5.846771307e-12	-6.134709044e-12	-6.106676373e-12	-5.828836426e-12	-5.754986914e-12	-6.208181772e-12	-6.311420375e-12	-6.309008962e-12	-5.882339643e-12	-5.678725990e-12	-5.955661658e-12	-6.138853660e-12	-5.530424115e-12	-6.147821100e-12	-6.317901046e-12	-5.776237488e-12	-5.829288565e-12	-6.014138414e-12
-5.018601788e-12	-5.550016842e-12	-5.396138575e-12	-5.379032617e-12	-5.601711500e-12	-5.604122913e-12	-5.342183218e-12	-5.219502601e-12	-5.273759385e-12	-5.417615218e-12	-5.295612812e-12	-5.843078831e-12	-5.681363473e-12	-5.234347860e-12	-5.346252476e-12	-5.549640059e-12	-5.348136393e-12	-5.457026743e-12	-5.571493486e-12	-5.738182383e-12	-5.945111728e-12	-5.600505794e-12	-5.361775945e-12	-5.538788702e-12	-5.328920448e-12	-5.413319890e-12	-4.749352498e-12	-5.565691024e-12	-4.984917368e-12	-4.894263325e-12	-5.502692870e-12	-5.944358161e-12	-5.745341264e-12	-5.980453994e-12	-5.923861154e-12	-5.825972873e-12	-5.520175611e-12	-5.729591725e-12	-6.011199504e-12	-6.324080291e-12	-5.146858796e-12	-5.562676758e-12	-5.243239944e-12	-5.326735106e-12	-5.592744059e-12	-5.656269710e-12	-5.905021993e-12	-6.032676148e-12	-5.786636705e-12	-6.141265072e-12	-5.738785236e-12	-5.657023277e-12	-5.060274012e-12	-5.679253487e-12	-5.266977287e-12	-5.732003138e-12	-5.302696336e-12	-5.607966102e-12	-5.589126941e-12	-5.558833570e-12	-5.525525933e-12	-5.590784787e-12	-5.428315862e-12	-6.061537743e-12	-5.883922132e-12	-5.732681348e-12	-6.307275759e-12	-6.076006218e-12	-6.237420150e-12	-5.659811473e-12	-6.366882865e-12	-6.703048854e-12	-5.966437658e-12	-6.309837885e-12	-5.730345292e-12	-5.820321125e-12	-5.683322746e-12	-6.078191561e-12	-6.177511618e-12	-5.944885658e-12	-5.986331812e-12	-6.003814553e-12	-5.872392566e-12	-5.815422943e-12	-6.266507815e-12	-6.449021607e-12	-6.160782443e-12	-6.323025298e-12	-6.131167282e-12	-5.983618973e-12	-5.626503836e-12	-5.807811922e-12	-5.847223447e-12	-5.487998324e-12	-5.712787194e-12	-6.130489072e-12	-6.079020484e-12	-5.743381991e-12	-5.671943892e-12	-5.887689965e-12	-5.732832061e-12	-5.854909824e-12	-5.726125320e-12	-5.775559278e-12	-5.909844818e-12	-5.988893938e-12	-5.646624060e-12	-5.865082971e-12	-5.771716089e-12	-5.760111166e-12	-5.251529175e-12	-5.313623049e-12	-5.595381542e-12	-5.504049289e-12	-5.413018463e-12	-5.727858522e-12	-6.092283254e-12	-5.952647392e-12	-5.755589767e-12	-5.750917656e-12	-5.835392454e-12	-5.725145683e-12	-5.593572983e-12	-5.675561011e-12	-5.958148427e-12	-5.822807894e-12	-5.776086775e-12	-5.787013488e-12	-5.834714244e-12	-5.695681235e-12	-5.767797544e-12	-6.044356428e-12	-6.013912344e-12	-5.525299863e-12	-5.983242189e-12	-5.951290972e-12	-5.723035697e-12	-5.703669040e-12	-5.359439889e-12	-5.300586350e-12	-5.527033066e-12	-5.441352561e-12	-5.987989658e-12	-6.170654163e-12	-5.955737014e-12	-5.600129011e-12	-6.150232513e-12	-5.551448618e-12	-5.868097237e-12	-5.860335503e-12	-5.746471614e-12	-5.879551447e-12	-5.835015670e-12	-5.841873125e-12	-5.784752789e-12	-6.104943170e-12	-5.862822272e-12	-5.716555026e-12	-5.837427083e-12	1.164561579e-12	1.075186338e-10	1.183825751e-10	1.315209307e-10	1.551324280e-10	1.199453212e-10	2.561296978e-12	-3.741457382e-12	-5.252810238e-12	-5.348287106e-12	-5.744587697e-12	-5.442935051e-12	-6.081733323e-12	-5.577898801e-12	-5.724693543e-12	-5.615577123e-12	-5.099534823e-12	-5.740066299e-12	-5.572473122e-12	-5.586715528e-12	-5.382800449e-12	-5.229977174e-12	-5.935315364e-12	-5.768023614e-12	-5.684679165e-12	-5.728386019e-12	-5.976836875e-12	-6.294314417e-12	-5.781211026e-12	-5.509173541e-12	-5.503371079e-12	-5.738257739e-12	-5.752952285e-12	-6.311118948e-12	-6.087083645e-12	-6.112328121e-12	-5.916174776e-12	-5.679404200e-12	-6.154678555e-12	-6.175853772e-12	-5.816101153e-12	-6.167413828e-12	-6.542614559e-12	-6.288285885e-12	-6.040965379e-12	-5.947975280e-12	-6.553164489e-12	-6.201550388e-12	-6.640578196e-12	-6.306145410e-12	-6.391675201e-12	-6.017830889e-12	-5.811052258e-12	-6.207202136e-12	-5.874653265e-12	-5.565540311e-12	-5.856793741e-12	-6.002684204e-12	-5.699373711e-12	-5.835995307e-12	-6.375624236e-12	-5.751671222e-12	-6.242393689e-12	-6.256410025e-12	-5.742854495e-12	-5.820019698e-12	-5.717233236e-12	-5.368105903e-12	-5.367578407e-12	-5.906227699e-12	-5.920997601e-12	-6.012480567e-12	-6.191301884e-12	-5.482949429e-12	-5.509550324e-12	-5.570890633e-12	-5.538261206e-12	-5.210384447e-12	-5.279787916e-12	-5.647226913e-12	-5.691235193e-12	-5.659057906e-12	-5.444668254e-12	-4.931564864e-12	-5.243164587e-12	-5.559888563e-12	-5.622208507e-12	-5.791384173e-12	-5.993641406e-12	-5.878873237e-12	-5.593271556e-12	-5.766817907e-12
-5.467802743e-12	-5.504652142e-12	-5.158765146e-12	-5.145502376e-12	-5.217618685e-12	-5.045504110e-12	-5.339696448e-12	-5.143693817e-12	-4.835937282e-12	-4.883713395e-12	-5.083107075e-12	-5.365393064e-12	-5.611507864e-12	-5.769606103e-12	-6.208181772e-12	-6.134482974e-12	-6.175100205e-12	-6.006376679e-12	-5.890478161e-12	-5.666593571e-12	-5.993716763e-12	-5.852573769e-12	-6.177813045e-12	-6.056413491e-12	-5.962368399e-12	-5.701935837e-12	-6.107580652e-12	-6.161611366e-12	-6.275324542e-12	-6.268994584e-12	-6.028908316e-12	-6.471251817e-12	-6.094845379e-12	-6.462887230e-12	-5.829363922e-12	-5.262531245e-12	-6.407726166e-12	-6.197556485e-12	-6.416241467e-12	-6.221821325e-12	-6.198159339e-12	-6.243900822e-12	-6.339603760e-12	-6.445479845e-12	-6.486473859e-12	-6.254676822e-12	-5.729968508e-12	-6.001327784e-12	-6.068470554e-12	-6.203358947e-12	-6.100798554e-12	-5.878647167e-12	-5.787842411e-12	-5.427185512e-12	-5.364639498e-12	-6.088138638e-12	-5.852272342e-12	-6.002608847e-12	-5.935767504e-12	-5.843003475e-12	-5.967869434e-12	-5.686412368e-12	-5.919867252e-12	-6.289190165e-12	-6.436437047e-12	-5.878270384e-12	-6.016248400e-12	-5.794398439e-12	-5.670286046e-12	-5.898390608e-12	-5.858526943e-12	-6.120692708e-12	-6.159275310e-12	-6.112780261e-12	-5.987612875e-12	-6.137346527e-12	-6.497099146e-12	-6.138024737e-12	-6.043075365e-12	-6.166434191e-12	-6.190623674e-12	-6.319558892e-12	-6.108258862e-12	-6.060934890e-12	-5.987914301e-12	-5.829514635e-12	-5.994093546e-12	-6.074951225e-12	-5.996655672e-12	-6.218279563e-12	-6.231391619e-12	-6.661828770e-12	-6.323251368e-12	-6.714201638e-12	-5.720096788e-12	-5.562149262e-12	-5.785506355e-12	-5.507440338e-12	-5.221687944e-12	-5.757549040e-12	-5.831021768e-12	-6.091454330e-12	-5.821376118e-12	-5.828308929e-12	-5.777141768e-12	-6.246312234e-12	-6.020016232e-12	-5.876009685e-12	-5.757021544e-12	-5.718212872e-12	-6.011199504e-12	-5.863199055e-12	-6.541182783e-12	-6.325888850e-12	-6.230562696e-12	-6.344125158e-12	-5.962293042e-12	-6.026873686e-12	-5.705176173e-12	-6.027401183e-12	-5.604575053e-12	-5.690180200e-12	-5.749938019e-12	-5.674430662e-12	-5.202396643e-12	-5.357329903e-12	-5.424849456e-12	-5.776538915e-12	-5.805099083e-12	-5.839687782e-12	-5.593949766e-12	-6.128002303e-12	-5.955134161e-12	-5.693043753e-12	-5.974274749e-12	-5.718137515e-12	-5.961087336e-12	-5.832076761e-12	-5.926573993e-12	-6.167715254e-12	-5.879099307e-12	-6.039533603e-12	-5.609397878e-12	-6.073519449e-12	-6.394614110e-12	-5.857321237e-12	-6.052042806e-12	-5.705326886e-12	-5.650241179e-12	-5.771942159e-12	-5.741347362e-12	-5.982337910e-12	-6.158144961e-12	-6.107580652e-12	-6.251285773e-12	-6.478486055e-12	-5.916024063e-12	-5.629518102e-12	-5.218975104e-12	8.510779391e-13	6.921470088e-11	7.464203710e-11	9.699748987e-11	1.096652432e-10	1.227509998e-10	5.198176671e-12	-4.529461810e-12	-5.700730131e-12	-5.713616117e-12	-6.044431785e-12	-6.424907481e-12	-6.641934616e-12	-6.523473971e-12	-6.331992739e-12	-6.062969519e-12	-6.490166335e-12	-6.372082473e-12	-6.070580540e-12	-5.934034301e-12	-6.316619983e-12	-6.036820763e-12	-6.302603647e-12	-6.207277493e-12	-5.785430999e-12	-5.882942496e-12	-5.586188031e-12	-5.563581038e-12	-5.725974606e-12	-5.773524649e-12	-5.368934826e-12	-5.281521119e-12	-5.836146020e-12	-5.796357712e-12	-5.558682856e-12	-5.384684365e-12	-5.486340478e-12	-6.024989770e-12	-6.015871616e-12	-6.110368848e-12	-5.869453657e-12	-5.841044202e-12	-5.928307196e-12	-5.937274637e-12	-6.341186249e-12	-6.001855281e-12	-5.942097462e-12	-5.993942833e-12	-5.775333208e-12	-6.014213770e-12	-6.054454218e-12	-6.013234134e-12	-6.019111952e-12	-5.799145908e-12	-5.835919950e-12	-6.255882528e-12	-6.506970866e-12	-5.841948482e-12	-6.275776682e-12	-6.160782443e-12	-5.767797544e-12	-6.348495844e-12	-5.852724482e-12	-6.173743786e-12	-5.855663391e-12	-5.962443756e-12	-6.013309490e-12	-5.728612089e-12	-5.746848397e-12	-6.386098809e-12	-5.804119446e-12	-6.179923031e-12	-5.840365992e-12	-6.426716040e-12	-6.194542220e-12	-6.537113524e-12	-5.681288116e-12	-5.697489795e-12	-5.960107700e-12	-6.049254610e-12	-6.568763315e-12	-5.879325377e-12	-5.700127277e-12	-5.916250133e-12	-5.886559615e-12	-5.845716314e-12	-6.435155984e-12	-5.936671783e-12	-6.184143003e-12	-5.678123137e-12	-5.804797656e-12	-5.655139361e-12
-5.253639161e-12	-5.339470378e-12	-5.981433630e-12	-5.885730692e-12	-6.047144624e-12	-5.604575053e-12	-5.950085266e-12	-6.215340653e-12	-6.338774837e-12	-6.018358386e-12	-6.258972150e-12	-6.390846278e-12	-6.217902779e-12	-6.133352625e-12	-6.373363536e-12	-6.503278391e-12	-6.867929192e-12	-6.554596265e-12	-6.446836264e-12	-6.767403429e-12	-6.265603535e-12	-6.227774500e-12	-5.641801235e-12	-6.077136568e-12	-6.199289688e-12	-6.068545911e-12	-5.991983560e-12	-5.904569853e-12	-5.704347249e-12	-5.640444815e-12	-5.923484371e-12	-6.038629323e-12	-6.252491479e-12	-6.164022779e-12	-6.051590666e-12	-5.902610580e-12	-5.950763476e-12	-5.779628537e-12	-5.840818132e-12	-6.474341439e-12	-5.622057794e-12	-5.594100479e-12	-5.406989932e-12	-5.568403863e-12	-6.120165212e-12	-5.823486104e-12	-5.545796870e-12	-5.444818967e-12	-5.702011193e-12	-5.224099356e-12	-5.526656283e-12	-5.661921459e-12	-5.481216226e-12	-5.983920399e-12	-5.807133712e-12	-5.646548703e-12	-6.103662107e-12	-5.841797768e-12	-5.751068369e-12	-5.808640845e-12	-5.801783390e-12	-5.468028813e-12	-5.375340141e-12	-5.088984893e-12	-5.484305849e-12	-5.628689179e-12	-5.600204367e-12	-5.700654774e-12	-5.477297681e-12	-5.871186860e-12	-5.626353123e-12	-4.951082234e-12	-4.921090290e-12	-4.864422094e-12	-5.836447447e-12	-5.692139473e-12	-5.701785124e-12	-5.190942433e-12	-5.244671720e-12	-5.141433118e-12	-5.497945401e-12	-5.340374658e-12	-5.719343222e-12	-5.676766718e-12	-5.215810125e-12	-5.339018239e-12	-5.266073007e-12	-5.812710104e-12	-6.240208346e-12	-5.768927893e-12	-5.895150272e-12	-6.130564429e-12	-5.800351614e-12	-5.404653876e-12	-5.513770296e-12	-5.809545125e-12	-5.674958158e-12	-5.931924315e-12	-5.958977350e-12	-5.622886717e-12	-6.232823395e-12	-5.839687782e-12	-5.979700427e-12	-6.315941773e-12	-5.741498075e-12	-6.063195589e-12	-5.260119832e-12	-5.439770072e-12	-5.502542156e-12	-5.714746466e-12	-5.874728622e-12	-5.635621990e-12	-5.792514523e-12	-5.408421708e-12	-5.709848284e-12	-5.773675362e-12	-5.398399274e-12	-5.297496728e-12	-5.475036981e-12	-5.801708034e-12	-5.585208395e-12	-5.406613148e-12	-5.751671222e-12	-5.832302831e-12	-5.540898688e-12	-6.084973659e-12	-5.648055836e-12	-5.748129460e-12	-5.529821262e-12	-5.903590217e-12	-5.722583557e-12	-5.680760620e-12	-5.489279387e-12	-5.522285597e-12	-6.097859645e-12	-5.831247838e-12	-5.986783952e-12	-5.785430999e-12	-5.884751056e-12	-5.561244982e-12	-5.487772254e-12	-5.580762353e-12	-5.899897741e-12	-5.868850804e-12	-6.040287169e-12	-6.080678330e-12	-5.859581936e-12	-5.923559727e-12	-5.911502664e-12	-5.605931472e-12	-5.487546184e-12	-6.060256680e-12	-5.773826075e-12	-5.765386131e-12	-5.488827247e-12	-5.158162293e-12	-5.563204255e-12	-5.466370967e-12	-5.232539300e-12	-8.436176313e-13	5.573166403e-11	6.061085603e-11	6.637541324e-11	7.510080835e-11	8.835099316e-11	4.586883573e-12	-4.646792105e-12	-4.913027129e-12	-5.494629709e-12	-5.214604419e-12	-5.034125256e-12	-5.106392278e-12	-5.210158377e-12	-5.544289737e-12	-5.825897516e-12	-6.020995868e-12	-6.266809241e-12	-6.405088683e-12	-6.163721352e-12	-6.238927283e-12	-6.150006443e-12	-6.230562696e-12	-5.695605879e-12	-5.809319055e-12	-5.822732537e-12	-5.852498412e-12	-5.714218970e-12	-6.013912344e-12	-6.175100205e-12	-6.620457972e-12	-5.748958383e-12	-6.424907481e-12	-6.302302221e-12	-5.926950776e-12	-6.277509885e-12	-5.861541209e-12	-5.672772816e-12	-5.557251080e-12	-5.678801347e-12	-5.875557545e-12	-5.824917880e-12	-6.017906246e-12	-6.192507590e-12	-6.493934167e-12	-5.934561797e-12	-6.149554303e-12	-6.277133102e-12	-6.277886668e-12	-6.157165324e-12	-6.098387142e-12	-5.877215391e-12	-6.078794414e-12	-6.175703059e-12	-6.420461439e-12	-6.080075477e-12	-6.053926722e-12	-5.840064566e-12	-5.881058580e-12	-5.936219644e-12	-5.675711725e-12	-6.000498861e-12	-6.051590666e-12	-6.079698694e-12	-5.856793741e-12	-6.282634137e-12	-6.564392629e-12	-6.114965603e-12	-6.518274363e-12	-6.573284713e-12	-6.322347088e-12	-5.839838496e-12	-6.378487788e-12	-6.371102837e-12	-5.587619808e-12	-5.938254273e-12	-6.059955253e-12	-5.834262104e-12	-5.959956986e-12	-5.632155584e-12	-5.857924090e-12	-5.518668478e-12	-5.647528340e-12	-5.305032392e-12	-4.631042567e-12	-5.221914014e-12	-5.650015109e-12	-5.697489795e-12	-6.277359172e-12	-6.264322472e-12	-6.377206725e-12	-6.124988037e-12
-6.036067197e-12	-6.415940040e-12	-6.588054615e-12	-6.406143676e-12	-6.425359621e-12	-5.942775672e-12	-6.432367789e-12	-6.459496181e-12	-6.505689803e-12	-6.759340268e-12	-6.542991342e-12	-6.275324542e-12	-6.705761694e-12	-6.139833296e-12	-6.325059927e-12	-6.115040960e-12	-6.405540823e-12	-6.405540823e-12	-6.695136407e-12	-6.589260322e-12	-6.286477326e-12	-6.430785299e-12	-6.535606391e-12	-6.256485381e-12	-6.765368799e-12	-6.597926336e-12	-6.238023003e-12	-6.442164152e-12	-6.599734895e-12	-6.760018477e-12	-6.768006282e-12	-6.713297358e-12	-6.097407505e-12	-6.879006619e-12	-6.999200466e-12	-6.641557833e-12	-7.062952187e-12	-6.615107651e-12	-7.156092999e-12	-6.808020660e-12	-6.597398839e-12	-6.793853611e-12	-6.932961976e-12	-6.511642978e-12	-5.846394524e-12	-6.131619422e-12	-6.346762641e-12	-6.031621155e-12	-6.088967561e-12	-5.876160398e-12	-5.773901432e-12	-5.988592511e-12	-5.728461376e-12	-6.038629323e-12	-6.212703171e-12	-6.299287955e-12	-6.341110893e-12	-6.260027143e-12	-5.896205265e-12	-6.429278166e-12	-6.221896682e-12	-6.791140771e-12	-6.461380097e-12	-6.631987539e-12	-6.436587761e-12	-6.533722475e-12	-6.439602026e-12	-6.413905411e-12	-6.248196150e-12	-6.869285611e-12	-6.417522530e-12	-6.529201076e-12	-6.188965828e-12	-6.046918554e-12	-6.199515758e-12	-6.071258750e-12	-6.291224794e-12	-5.974350105e-12	-5.988140371e-12	-6.029812596e-12	-5.682493823e-12	-5.824013600e-12	-5.548057569e-12	-5.289282853e-12	-5.356651693e-12	-5.770661096e-12	-5.826274300e-12	-5.722357487e-12	-5.546927220e-12	-4.743550036e-12	-5.250700252e-12	-5.847826300e-12	-5.216563692e-12	-5.456649960e-12	-5.978720791e-12	-5.860636929e-12	-5.749561236e-12	-5.269237986e-12	-5.756720117e-12	-5.530876255e-12	-5.611733934e-12	-5.839989209e-12	-5.264716587e-12	-5.563204255e-12	-5.161628698e-12	-5.126286432e-12	-5.138569565e-12	-5.036385956e-12	-5.145803803e-12	-5.531554464e-12	-5.593497626e-12	-5.770736453e-12	-6.052645659e-12	-5.751520509e-12	-5.627182046e-12	-5.818587922e-12	-5.342635357e-12	-5.666970354e-12	-5.817683642e-12	-5.514373150e-12	-5.562149262e-12	-5.925443643e-12	-5.479181597e-12	-5.689652704e-12	-5.462829205e-12	-6.163495282e-12	-5.931848958e-12	-6.487001356e-12	-6.505840517e-12	-6.134332261e-12	-6.318956039e-12	-6.045712847e-12	-5.983468259e-12	-6.155356765e-12	-6.072163030e-12	-6.167112401e-12	-5.981433630e-12	-6.436361691e-12	-6.458441188e-12	-6.062894162e-12	-5.995676036e-12	-6.038780036e-12	-6.009918442e-12	-6.383988823e-12	-5.939610693e-12	-6.974709557e-12	-6.759717051e-12	-6.433121355e-12	-6.152116429e-12	-6.504182671e-12	-5.849710216e-12	-5.951818469e-12	-6.052042806e-12	-6.642688182e-12	-6.523172545e-12	-6.472909663e-12	-6.548944517e-12	-6.150383226e-12	-6.090399337e-12	-1.022740375e-12	1.907003119e-10	6.439149887e-11	6.968778989e-11	7.906780817e-11	9.090317199e-11	1.104933373e-10	-3.177036118e-13	-5.072632501e-12	-6.194090080e-12	-6.351057970e-12	-5.822883251e-12	-5.833659251e-12	-5.854533041e-12	-5.831323195e-12	-6.173743786e-12	-6.297630109e-12	-6.195597213e-12	-6.517144013e-12	-6.981868438e-12	-6.309159675e-12	-6.712769862e-12	-6.589184965e-12	-6.821810926e-12	-6.353846165e-12	-6.570119734e-12	-6.549999510e-12	-6.656177022e-12	-6.720606953e-12	-6.380899201e-12	-6.567105468e-12	-6.576600406e-12	-6.599810252e-12	-6.189191898e-12	-6.098914638e-12	-6.080602974e-12	-5.943755308e-12	-5.663127165e-12	-5.984071113e-12	-6.292656570e-12	-6.266733885e-12	-6.168996317e-12	-6.305768626e-12	-6.106827086e-12	-6.623170812e-12	-6.579539315e-12	-6.468915761e-12	-6.489337412e-12	-6.254978248e-12	-6.588054615e-12	-6.343522305e-12	-6.347968347e-12	-6.055132428e-12	-5.875331475e-12	-5.965458021e-12	-6.662582337e-12	-6.349701550e-12	-6.454974782e-12	-6.807417807e-12	-6.170578807e-12	-6.207503562e-12	-6.334479508e-12	-6.095372876e-12	-6.538846727e-12	-6.563412993e-12	-6.676900099e-12	-6.394915537e-12	-6.443294502e-12	-6.073218023e-12	-6.267713521e-12	-6.061311673e-12	-6.606893777e-12	-6.355880795e-12	-6.198234695e-12	-6.389113075e-12	-6.300945801e-12	-6.491070614e-12	-6.493029887e-12	-6.717441974e-12	-6.443143789e-12	-6.276454892e-12	-6.890536185e-12	-6.868758115e-12	-6.328224906e-12	-6.135387254e-12	-5.988065015e-12	-6.581423231e-12	-6.504559454e-12	-6.094317883e-12	-6.262513913e-12	-6.109539925e-12	-6.473663230e-12
-6.287306249e-12	-5.812031894e-12	-6.102531757e-12	-6.155733548e-12	-5.977741154e-12	-6.268467088e-12	-5.779327110e-12	-5.381217959e-12	-5.640294102e-12	-5.350623162e-12	-5.430576561e-12	-5.755439054e-12	-5.753102998e-12	-5.846243810e-12	-5.707587585e-12	-5.563279612e-12	-5.688899137e-12	-5.820471838e-12	-6.018584456e-12	-5.348437819e-12	-5.354466351e-12	-5.602163640e-12	-5.005866515e-12	-5.135630656e-12	-5.192750992e-12	-5.292146406e-12	-4.940683018e-12	-5.781813880e-12	-5.444668254e-12	-5.096445201e-12	-5.226133986e-12	-5.340676085e-12	-4.883713395e-12	-5.075194627e-12	-5.359289176e-12	-5.310156644e-12	-5.683096676e-12	-5.046257676e-12	-5.275643301e-12	-5.586263388e-12	-5.193052419e-12	-5.492971863e-12	-5.502014660e-12	-5.333366490e-12	-5.067432893e-12	-5.253337734e-12	-5.373531582e-12	-5.863500482e-12	-5.655290074e-12	-5.512489233e-12	-5.539617625e-12	-5.387020421e-12	-5.732379921e-12	-5.304580252e-12	-5.411435974e-12	-5.545420087e-12	-5.520778464e-12	-5.058465452e-12	-4.953342934e-12	-5.182577845e-12	-4.982807382e-12	-4.914458905e-12	-5.090793453e-12	-5.175268251e-12	-5.417087722e-12	-5.351075302e-12	-5.425979806e-12	-5.298174937e-12	-5.260345902e-12	-5.365543777e-12	-5.027946011e-12	-5.397193568e-12	-5.868700090e-12	-5.382272952e-12	-4.882206262e-12	-5.031487774e-12	-5.674355305e-12	-5.024404249e-12	-5.542782604e-12	-5.887765321e-12	-5.634868424e-12	-5.626353123e-12	-5.680082410e-12	-5.885052482e-12	-5.681212760e-12	-5.666518214e-12	-5.647151557e-12	-5.573980255e-12	-5.507591052e-12	-5.162985118e-12	-4.984013088e-12	-5.148667355e-12	-4.964947857e-12	-5.088382040e-12	-5.028096725e-12	-5.460191722e-12	-5.117318991e-12	-5.117545061e-12	-5.292598546e-12	-5.443085764e-12	-5.761844369e-12	-5.933657518e-12	-5.882264286e-12	-5.819190775e-12	-5.861013713e-12	-5.537281569e-12	-5.823561461e-12	-5.413395246e-12	-5.626880619e-12	-5.603595416e-12	-5.755891194e-12	-5.813388314e-12	-5.895602412e-12	-5.722282131e-12	-5.698394075e-12	-5.420403414e-12	-5.836070663e-12	-5.987537518e-12	-5.994621043e-12	-6.397553019e-12	-5.950386693e-12	-6.154452485e-12	-6.089570414e-12	-6.267412095e-12	-6.020995868e-12	-5.668251417e-12	-5.375867638e-12	-5.650919389e-12	-5.955284874e-12	-5.788068481e-12	-5.636375556e-12	-5.871638999e-12	-5.766742551e-12	-5.386568281e-12	-5.649035473e-12	-5.515352786e-12	-5.107447271e-12	-5.599676871e-12	-6.020845155e-12	-5.635772703e-12	-6.019413379e-12	-5.802235530e-12	-5.596135108e-12	-5.397118211e-12	-6.302679004e-12	-5.365166994e-12	-5.919189042e-12	-5.922956874e-12	-5.924614720e-12	-5.932602525e-12	-5.814443307e-12	-6.086706862e-12	-5.594025122e-12	-5.820396481e-12	-6.084596876e-12	-5.984447896e-12	-5.586790885e-12	-5.708642578e-12	-5.636526270e-12	9.009640375e-13	1.457587397e-10	7.053743605e-11	7.674863209e-11	8.524094910e-11	9.680291901e-11	1.115429800e-10	3.790363844e-11	-2.840342632e-12	-4.670906231e-12	-4.575956860e-12	-5.287700364e-12	-5.354164924e-12	-5.378203694e-12	-5.549941486e-12	-5.846620594e-12	-5.834036034e-12	-5.528163415e-12	-5.434871890e-12	-5.060047942e-12	-5.620023165e-12	-5.420026631e-12	-5.775785348e-12	-5.667045711e-12	-5.576090241e-12	-6.061613099e-12	-5.657023277e-12	-5.650617962e-12	-6.060332036e-12	-6.044356428e-12	-6.007356316e-12	-5.718363585e-12	-6.188890471e-12	-6.168544177e-12	-6.210819255e-12	-6.195672569e-12	-6.241866192e-12	-5.925594357e-12	-5.910598385e-12	-5.900877377e-12	-5.809620481e-12	-5.861390496e-12	-5.703819753e-12	-5.698394075e-12	-5.602163640e-12	-5.144673453e-12	-5.636526270e-12	-5.273759385e-12	-5.364413428e-12	-5.410682407e-12	-5.566670661e-12	-5.571945626e-12	-5.221989370e-12	-5.521532031e-12	-5.842928118e-12	-5.653556871e-12	-5.194258125e-12	-5.475338408e-12	-5.239095328e-12	-5.574884535e-12	-5.619043528e-12	-5.559511779e-12	-5.603972199e-12	-5.955058805e-12	-5.745190551e-12	-5.793343446e-12	-5.847750943e-12	-5.639540535e-12	-5.955134161e-12	-5.421910547e-12	-5.323344057e-12	-5.639540535e-12	-6.247593297e-12	-5.841722412e-12	-5.978344008e-12	-5.746471614e-12	-5.616406046e-12	-5.859355866e-12	-6.082637603e-12	-5.523566660e-12	-5.739011306e-12	-5.921675811e-12	-5.028473508e-12	-5.506083919e-12	-5.630874521e-12	-5.363207721e-12	-5.079339243e-12	-5.416710939e-12	-5.405784225e-12	-5.624167780e-12	-5.782944229e-12	-6.009089518e-12
-5.587544451e-12	-6.167263115e-12	-5.835392454e-12	-5.811353684e-12	-5.806455502e-12	-5.992661770e-12	-6.351811536e-12	-5.806907642e-12	-5.945639224e-12	-5.123046096e-12	-5.786787418e-12	-5.251227748e-12	-5.346327833e-12	-5.439016505e-12	-5.475413764e-12	-5.867645097e-12	-6.016549826e-12	-5.270443692e-12	-5.793494159e-12	-5.378128337e-12	-5.521230604e-12	-5.679630270e-12	-5.587770521e-12	-5.335401120e-12	-5.330804364e-12	-5.884675699e-12	-5.679705627e-12	-5.699373711e-12	-5.399002127e-12	-5.278582210e-12	-5.407291358e-12	-5.753102998e-12	-5.725974606e-12	-5.797337348e-12	-5.418368785e-12	-5.501863947e-12	-5.596361178e-12	-4.888913003e-12	-5.431254771e-12	-4.934729843e-12	-5.520778464e-12	-5.637731976e-12	-5.246178853e-12	-5.132239607e-12	-5.478126604e-12	-5.113023663e-12	-5.127492138e-12	-5.345951050e-12	-5.085518488e-12	-5.200135943e-12	-5.041359494e-12	-5.285288951e-12	-5.435022603e-12	-5.348437819e-12	-5.219351888e-12	-5.495986128e-12	-5.754685488e-12	-5.260647329e-12	-5.206390545e-12	-5.506460702e-12	-5.732078494e-12	-6.001930637e-12	-5.645795137e-12	-5.264113734e-12	-5.398926771e-12	-5.274211525e-12	-5.415882016e-12	-5.061479718e-12	-5.790630607e-12	-5.068487886e-12	-4.956206486e-12	-5.100665173e-12	-4.669248385e-12	-5.513996366e-12	-5.506837485e-12	-5.660263613e-12	-5.213700139e-12	-5.216639048e-12	-5.207596251e-12	-5.361323805e-12	-5.578426297e-12	-5.614974269e-12	-5.159217286e-12	-5.639163752e-12	-5.529595192e-12	-5.405708869e-12	-5.207068755e-12	-5.255598433e-12	-5.364564141e-12	-5.483100142e-12	-5.824541097e-12	-5.697263725e-12	-5.582118773e-12	-5.464637764e-12	-5.539090129e-12	-5.633964144e-12	-5.265620867e-12	-5.398022491e-12	-5.542631891e-12	-5.009257564e-12	-5.290789986e-12	-5.369989819e-12	-5.306012028e-12	-5.274211525e-12	-5.494177569e-12	-5.453937121e-12	-5.327262602e-12	-5.742100928e-12	-5.395686435e-12	-5.808866915e-12	-5.729968508e-12	-5.309252364e-12	-5.609397878e-12	-4.717250568e-12	-5.284836811e-12	-5.114982935e-12	-5.343916420e-12	-5.026062095e-12	-4.756963519e-12	-5.291769623e-12	-4.926214542e-12	-5.383478659e-12	-5.578200227e-12	-5.193052419e-12	-5.032316697e-12	-5.054245480e-12	-4.934126990e-12	-4.723429812e-12	-5.064117201e-12	-5.035481676e-12	-4.973538514e-12	-5.602465067e-12	-5.602691136e-12	-5.805400509e-12	-5.293427469e-12	-5.540521905e-12	-5.163437258e-12	-5.388904337e-12	-5.247912056e-12	-5.486867974e-12	-5.483401569e-12	-5.375189428e-12	-5.551900758e-12	-4.989288053e-12	-5.169013649e-12	-5.442859694e-12	-5.018074291e-12	-4.059914561e-12	-5.174590041e-12	-4.561111601e-12	-5.085292418e-12	-5.221160447e-12	-5.520778464e-12	-4.700069253e-12	-5.117545061e-12	-5.302168840e-12	-5.043770907e-12	-5.112119383e-12	-4.439787404e-12	8.281770550e-12	1.606920151e-10	2.471367866e-10	8.019393786e-11	8.840148211e-11	9.644821529e-11	1.085144719e-10	1.292766591e-10	8.280941626e-13	-2.753607134e-12	-3.848463817e-12	-4.837067632e-12	-5.602766493e-12	-5.116263998e-12	-5.027493872e-12	-5.166225454e-12	-5.694174102e-12	-5.338490742e-12	-5.003455102e-12	-4.907149311e-12	-5.069542879e-12	-5.141960614e-12	-5.599375444e-12	-5.578953794e-12	-5.354541707e-12	-4.947314402e-12	-5.123950376e-12	-4.895619744e-12	-5.393877876e-12	-5.404503162e-12	-5.257105566e-12	-5.129752838e-12	-5.393199666e-12	-5.306690238e-12	-5.097274124e-12	-5.313924476e-12	-4.750558204e-12	-5.143693817e-12	-4.733000106e-12	-4.955302207e-12	-4.829984107e-12	-4.806924974e-12	-4.864045310e-12	-4.911670710e-12	-4.532852859e-12	-4.568044412e-12	-4.808733534e-12	-4.433758872e-12	-4.738275071e-12	-4.645661756e-12	-4.964269647e-12	-5.020636417e-12	-5.045654823e-12	-5.600656507e-12	-5.074667131e-12	-5.355898127e-12	-5.214604419e-12	-5.567801010e-12	-5.572397766e-12	-5.282651469e-12	-5.609247165e-12	-5.315883749e-12	-5.644966214e-12	-5.664785011e-12	-5.826048230e-12	-5.907659475e-12	-5.741347362e-12	-5.824088957e-12	-5.457177457e-12	-5.254769510e-12	-5.596888675e-12	-5.937500706e-12	-5.967869434e-12	-6.143977911e-12	-6.254902892e-12	-5.653406158e-12	-5.686939865e-12	-5.697715865e-12	-5.489430100e-12	-5.300360280e-12	-5.769606103e-12	-5.635697347e-12	-5.907207336e-12	-5.700579417e-12	-5.511735667e-12	-5.471118436e-12	-5.749184453e-12	-5.644137291e-12	-5.576994521e-12	-5.600581150e-12	-5.678952060e-12	-5.508646045e-12
-5.140679551e-12	-5.552428255e-12	-5.438715079e-12	-5.104885145e-12	-5.618666745e-12	-5.540597262e-12	-5.137891355e-12	-4.952740081e-12	-4.902326486e-12	-4.669022315e-12	-4.752065337e-12	-4.757340302e-12	-5.164567607e-12	-4.893961898e-12	-4.893208332e-12	-4.880322346e-12	-4.954397927e-12	-5.272026182e-12	-5.678123137e-12	-4.846487212e-12	-5.568705290e-12	-5.538487276e-12	-5.257180923e-12	-5.308423441e-12	-5.190565650e-12	-5.037365592e-12	-5.451073568e-12	-5.193730629e-12	-5.524470940e-12	-5.225455776e-12	-5.395761792e-12	-5.005866515e-12	-4.627048665e-12	-4.293896941e-12	-4.601879545e-12	-4.810768163e-12	-5.156956586e-12	-5.015361452e-12	-4.870450625e-12	-4.687560050e-12	-4.964420360e-12	-4.954623997e-12	-4.701274959e-12	-5.296291021e-12	-4.582060748e-12	-4.574675797e-12	-4.550637027e-12	-4.929982374e-12	-4.516274398e-12	-4.588993559e-12	-4.856811073e-12	-4.519665447e-12	-4.588541419e-12	-5.055451187e-12	-4.709187407e-12	-5.171274349e-12	-4.943395857e-12	-5.006544725e-12	-4.886501590e-12	-4.690649672e-12	-4.024044798e-12	-5.012196473e-12	-4.207387513e-12	-4.533983209e-12	-4.792908638e-12	-5.047614096e-12	-5.183783552e-12	-4.733979743e-12	-4.616498734e-12	-4.943621927e-12	-4.958316472e-12	-5.251001678e-12	-4.635111825e-12	-5.088231327e-12	-4.765252750e-12	-5.540145122e-12	-5.262003748e-12	-5.440674352e-12	-5.182803915e-12	-4.981978459e-12	-5.367879833e-12	-5.277904000e-12	-5.554161458e-12	-5.313924476e-12	-4.910389647e-12	-5.283329679e-12	-5.112420810e-12	-4.656211686e-12	-4.389147739e-12	-4.944149423e-12	-4.869169562e-12	-5.073235355e-12	-5.065548977e-12	-4.983259522e-12	-4.715140582e-12	-4.894414038e-12	-4.459606201e-12	-4.240016940e-12	-4.517630817e-12	-4.921617787e-12	-4.790271156e-12	-4.779495156e-12	-5.168712223e-12	-4.798786457e-12	-4.609189140e-12	-4.645284972e-12	-4.774144834e-12	-4.669173029e-12	-4.263603570e-12	-4.322683179e-12	-4.196988296e-12	-4.523433279e-12	-4.647545672e-12	-4.531119657e-12	-4.878212360e-12	-4.699014260e-12	-4.712729169e-12	-4.607757364e-12	-5.330276868e-12	-4.588239993e-12	-5.111667243e-12	-4.759450288e-12	-5.082127439e-12	-4.678140469e-12	-4.794717198e-12	-4.836916919e-12	-4.915287828e-12	-5.313472336e-12	-4.727951211e-12	-4.934051633e-12	-5.276698294e-12	-5.279034350e-12	-5.278958993e-12	-5.200738797e-12	-5.647528340e-12	-5.303902042e-12	-5.244747077e-12	-5.393199666e-12	-5.223797930e-12	-5.202019859e-12	-4.923049563e-12	-5.258612699e-12	-5.033296333e-12	-4.868415996e-12	-4.512431209e-12	-4.414542928e-12	-4.028942980e-12	-4.519590090e-12	-4.417331124e-12	-3.773559313e-12	-4.178676632e-12	-4.648600665e-12	-4.308742200e-12	-4.094578617e-12	-4.374151767e-12	-4.514616551e-12	-4.374453193e-12	-4.003397078e-12	-2.384510291e-12	1.542656005e-11	1.515557756e-10	2.559508765e-10	8.689969955e-11	9.410387009e-11	1.033983586e-10	1.156243712e-10	1.313699160e-10	3.986223298e-11	1.960779881e-13	-2.171853841e-12	-1.886327517e-12	-2.918562828e-12	-2.938080199e-12	-3.259250216e-12	-3.600766528e-12	-2.991809486e-12	-3.362112036e-12	-3.492705100e-12	-3.888176769e-12	-4.015981637e-12	-3.885614643e-12	-4.020955176e-12	-3.971370504e-12	-4.239866227e-12	-4.218917080e-12	-4.018317693e-12	-4.022311595e-12	-3.611165745e-12	-4.393895208e-12	-4.519590090e-12	-4.661335938e-12	-4.288923402e-12	-4.406178341e-12	-4.547321335e-12	-4.401506229e-12	-4.381386005e-12	-3.937836797e-12	-4.251245080e-12	-3.994278924e-12	-4.441746677e-12	-4.408062257e-12	-4.863593171e-12	-4.635262539e-12	-4.269104605e-12	-4.515671545e-12	-4.054036742e-12	-4.470156131e-12	-4.272872437e-12	-3.979584378e-12	-3.809203006e-12	-3.998423539e-12	-4.047782141e-12	-4.581910035e-12	-4.335493808e-12	-4.301809388e-12	-4.314846088e-12	-4.826366988e-12	-5.090567383e-12	-4.668268749e-12	-4.396683403e-12	-4.390956298e-12	-4.561563741e-12	-4.637372525e-12	-4.998707634e-12	-4.974141368e-12	-4.607908077e-12	-4.126906617e-12	-4.161043177e-12	-4.549958818e-12	-4.314017165e-12	-4.270611738e-12	-4.297438703e-12	-4.186212296e-12	-4.453803740e-12	-4.188548352e-12	-4.444459516e-12	-4.157727485e-12	-4.022085525e-12	-4.257725752e-12	-4.407986900e-12	-4.146348631e-12	-3.703703704e-12	-4.226678814e-12	-4.043260742e-12	-4.238961947e-12	-4.437300635e-12	-4.663747350e-12	-4.378145669e-12	-4.519288663e-12	-4.275057780e-12	-4.497962733e-12
-4.060818840e-12	-3.865795845e-12	-3.661202556e-12	-3.999252462e-12	-3.704984767e-12	-3.776724292e-12	-3.717644683e-12	-3.193313153e-12	-3.774840376e-12	-3.412902414e-12	-3.719453242e-12	-3.120744705e-12	-2.975984591e-12	-3.823671481e-12	-3.683206696e-12	-3.969411231e-12	-3.580420234e-12	-3.797372012e-12	-3.718548963e-12	-3.474092009e-12	-3.478010554e-12	-3.421417715e-12	-3.556080038e-12	-3.811237635e-12	-3.636184151e-12	-3.560224653e-12	-3.439201883e-12	-3.624880654e-12	-3.880490391e-12	-3.624654584e-12	-3.883203230e-12	-3.264977321e-12	-3.562862136e-12	-3.516141016e-12	-3.786822082e-12	-3.786520656e-12	-4.001437805e-12	-3.578611674e-12	-3.891944601e-12	-3.531664485e-12	-4.046048938e-12	-4.151774310e-12	-3.733469578e-12	-3.750349466e-12	-3.814402614e-12	-3.726159984e-12	-3.841455649e-12	-4.038663987e-12	-3.922614755e-12	-3.626613857e-12	-3.252091335e-12	-3.183742859e-12	-3.143653124e-12	-3.715459340e-12	-3.119840425e-12	-3.346663924e-12	-3.357665994e-12	-2.728362658e-12	-3.287810385e-12	-3.558566807e-12	-3.274849042e-12	-3.666100738e-12	-3.579440597e-12	-3.804756964e-12	-3.754644795e-12	-3.211172677e-12	-2.969654633e-12	-3.223380454e-12	-3.385547952e-12	-3.171082943e-12	-3.289543587e-12	-3.149907726e-12	-3.209213405e-12	-3.423226274e-12	-3.744471648e-12	-3.467762051e-12	-3.538823366e-12	-3.474016652e-12	-3.462185659e-12	-3.342971448e-12	-3.925101524e-12	-3.446737547e-12	-3.703100851e-12	-4.268878535e-12	-3.729927816e-12	-3.872502587e-12	-3.748766977e-12	-3.834146055e-12	-3.720809662e-12	-3.515462807e-12	-3.472509519e-12	-3.428124456e-12	-3.314486637e-12	-3.405517463e-12	-3.433926918e-12	-3.184119642e-12	-3.679137438e-12	-3.494589016e-12	-3.524430247e-12	-3.001907277e-12	-3.363167029e-12	-3.474318079e-12	-3.238753209e-12	-3.429179449e-12	-3.448772177e-12	-3.518552429e-12	-3.568966024e-12	-3.570021017e-12	-3.756754781e-12	-3.228127922e-12	-3.301977434e-12	-3.071386103e-12	-3.628723843e-12	-3.344478581e-12	-3.239431419e-12	-2.978622074e-12	-3.412374917e-12	-3.220893685e-12	-3.785842446e-12	-3.797899509e-12	-3.484868009e-12	-3.419081659e-12	-3.704834053e-12	-3.615159647e-12	-3.460904596e-12	-3.375977658e-12	-3.556456821e-12	-3.575220625e-12	-3.261058776e-12	-3.003640479e-12	-3.428802666e-12	-3.139885292e-12	-3.429104092e-12	-3.378615141e-12	-3.590744094e-12	-3.363167029e-12	-3.478839478e-12	-3.556456821e-12	-3.259325573e-12	-3.009066158e-12	-2.594227832e-12	-2.786688701e-12	-2.880809150e-12	-3.577255255e-12	-3.291728930e-12	-3.427446246e-12	-3.213131950e-12	-3.540933352e-12	-3.838742810e-12	-3.570623870e-12	-3.261586272e-12	-3.423904484e-12	-2.913664646e-12	-3.577556681e-12	-2.935668786e-12	-3.062795445e-12	-2.807185708e-12	-1.941563937e-12	1.085738529e-12	1.869334593e-11	1.477031672e-10	2.732994078e-10	8.993875766e-11	9.658513831e-11	1.053072177e-10	1.155094524e-10	1.286851095e-10	1.486714247e-10	6.163872066e-12	1.310678112e-12	-8.341980508e-14	-1.072400403e-12	-1.767866872e-12	-2.012323826e-12	-2.335076333e-12	-2.024230175e-12	-2.595207468e-12	-2.781338379e-12	-2.910047527e-12	-2.979149570e-12	-3.115846523e-12	-3.392857547e-12	-2.998290158e-12	-3.308910245e-12	-2.882466996e-12	-3.016149682e-12	-3.113284397e-12	-3.027076396e-12	-2.808843554e-12	-2.992939836e-12	-2.902436506e-12	-2.581040419e-12	-2.744036840e-12	-2.933634157e-12	-2.802664310e-12	-2.607716671e-12	-2.409076557e-12	-2.672674098e-12	-2.456023746e-12	-2.548109566e-12	-3.225641153e-12	-2.895805122e-12	-3.418704875e-12	-2.992110913e-12	-2.850289709e-12	-3.062343305e-12	-2.772069512e-12	-2.517966908e-12	-2.465895467e-12	-2.756998183e-12	-2.742454351e-12	-2.569058713e-12	-2.962118969e-12	-2.924742073e-12	-3.079072480e-12	-2.829039135e-12	-2.811707107e-12	-2.679983693e-12	-2.817961708e-12	-3.208836622e-12	-2.953302241e-12	-2.740721148e-12	-2.882316282e-12	-2.586616811e-12	-3.186832481e-12	-3.025117123e-12	-2.549164559e-12	-2.656999916e-12	-2.985705598e-12	-3.038681319e-12	-3.236492510e-12	-3.041243445e-12	-3.391048987e-12	-3.210117684e-12	-3.017506102e-12	-3.245309237e-12	-2.979300283e-12	-3.373566246e-12	-3.707320823e-12	-3.548469017e-12	-3.277787951e-12	-3.317877686e-12	-3.291955000e-12	-3.389014358e-12	-3.329934749e-12	-3.232272538e-12	-3.312150581e-12	-3.307177042e-12	-3.199869181e-12	-3.268669797e-12	-3.400317854e-12
-2.744941120e-12	-3.069652900e-12	-3.051265879e-12	-3.031748508e-12	-2.975683164e-12	-2.967695360e-12	-3.069351473e-12	-2.910725737e-12	-3.312904147e-12	-2.967017150e-12	-3.554271478e-12	-3.067015417e-12	-3.457814974e-12	-3.091657040e-12	-3.274170832e-12	-2.916226772e-12	-2.834163387e-12	-2.981259556e-12	-3.130390355e-12	-2.719847358e-12	-2.868299947e-12	-2.830395555e-12	-2.903491499e-12	-3.020369654e-12	-2.689780057e-12	-3.096630578e-12	-3.290071084e-12	-3.047799473e-12	-3.015245403e-12	-2.743132561e-12	-3.327824763e-12	-2.860538212e-12	-3.285172902e-12	-2.931976311e-12	-2.767472757e-12	-2.584808251e-12	-2.740645791e-12	-3.082162103e-12	-2.744262910e-12	-2.984801318e-12	-2.728438015e-12	-3.307026329e-12	-3.020595724e-12	-2.937251276e-12	-2.880206296e-12	-2.663857371e-12	-3.056766914e-12	-3.267840874e-12	-3.229861125e-12	-3.140111362e-12	-3.258119867e-12	-2.646374630e-12	-3.063624368e-12	-2.601989566e-12	-2.753908561e-12	-2.770788449e-12	-3.053375865e-12	-2.967243220e-12	-2.735295470e-12	-2.330328864e-12	-2.580588279e-12	-2.829114492e-12	-2.745996113e-12	-2.664761651e-12	-2.749839302e-12	-2.495058488e-12	-2.528215411e-12	-2.744338267e-12	-3.387281155e-12	-3.292331783e-12	-3.282836846e-12	-3.115620453e-12	-3.414032764e-12	-2.888721597e-12	-2.794450435e-12	-3.063850438e-12	-3.005675109e-12	-2.783222295e-12	-3.422623421e-12	-2.887515891e-12	-3.111099054e-12	-2.932428451e-12	-3.107331222e-12	-2.982465262e-12	-3.078846410e-12	-3.395042889e-12	-3.078620340e-12	-3.504536093e-12	-3.216522999e-12	-3.219687978e-12	-3.219085125e-12	-3.216070859e-12	-3.551935422e-12	-3.733168152e-12	-3.642137325e-12	-3.440030806e-12	-3.749143760e-12	-3.289392874e-12	-3.398132512e-12	-3.254578105e-12	-3.730606026e-12	-3.692400207e-12	-3.775066446e-12	-3.977399035e-12	-3.773107173e-12	-3.644774808e-12	-3.591120877e-12	-3.884107510e-12	-3.108989068e-12	-3.300847084e-12	-3.283891839e-12	-2.715476672e-12	-3.304991699e-12	-3.563615702e-12	-3.365729155e-12	-3.808374082e-12	-3.910180909e-12	-3.740477746e-12	-3.451786442e-12	-3.644398025e-12	-3.009518298e-12	-2.916000702e-12	-2.741776141e-12	-2.938532339e-12	-3.057369767e-12	-3.093691669e-12	-2.413673312e-12	-2.455646963e-12	-2.926173849e-12	-3.497829352e-12	-2.494681705e-12	-2.717435945e-12	-2.576368307e-12	-3.080579613e-12	-2.532887523e-12	-2.968072143e-12	-2.812008533e-12	-3.040188452e-12	-3.210343754e-12	-3.378313714e-12	-3.499487198e-12	-3.934295035e-12	-3.736559201e-12	-3.559094304e-12	-2.642531441e-12	-3.060986886e-12	-3.341991812e-12	-3.137021740e-12	-3.213810160e-12	-3.313054860e-12	-3.122251837e-12	-3.404236400e-12	-3.476578778e-12	-3.470098107e-12	-3.468515617e-12	-2.377577480e-12	-2.239900891e-12	-1.230498642e-12	4.188020856e-12	2.941471248e-11	1.620714185e-10	2.746022488e-10	9.029270781e-11	9.688679096e-11	1.053552953e-10	1.137643432e-10	1.276717133e-10	1.443968944e-10	4.196543692e-11	4.225020968e-12	6.797169303e-13	-3.067015417e-14	-6.250833633e-13	-9.796363740e-13	-1.295380713e-12	-1.653324773e-12	-1.632074199e-12	-2.007124217e-12	-2.141183687e-12	-2.333945983e-12	-2.452783411e-12	-2.159721422e-12	-2.246682989e-12	-2.566195160e-12	-2.344420556e-12	-2.206517898e-12	-2.123550232e-12	-2.256780779e-12	-2.435451383e-12	-2.173888471e-12	-2.351504081e-12	-2.169065645e-12	-2.551952754e-12	-2.303200472e-12	-2.344345200e-12	-2.357758682e-12	-2.343666990e-12	-2.243668723e-12	-2.406740501e-12	-1.807278397e-12	-2.590610713e-12	-2.228069898e-12	-2.705303525e-12	-2.165071743e-12	-2.251204388e-12	-2.295890878e-12	-2.688122210e-12	-2.727307665e-12	-2.867395667e-12	-1.943221783e-12	-1.874873307e-12	-2.056181392e-12	-1.866131936e-12	-2.157310009e-12	-2.626329762e-12	-2.583075048e-12	-2.329801367e-12	-2.427765005e-12	-2.080144805e-12	-2.247361199e-12	-1.834406789e-12	-2.073965561e-12	-1.990696469e-12	-2.380214962e-12	-2.277277786e-12	-2.169291715e-12	-2.384359578e-12	-2.456701956e-12	-2.058668162e-12	-1.975775853e-12	-2.249772611e-12	-2.296267661e-12	-2.474712194e-12	-2.753456421e-12	-2.290615912e-12	-2.064470623e-12	-1.823404719e-12	-1.782486061e-12	-1.732750676e-12	-1.414218141e-12	-1.845032076e-12	-2.112623519e-12	-2.219177814e-12	-2.037417588e-12	-2.068163099e-12	-2.018503070e-12	-2.021291266e-12	-1.514442478e-12	-1.748048075e-12	-1.437578701e-12	-1.555963989e-12
-9.291474225e-13	-1.156196991e-12	-8.286216592e-13	-6.506292657e-13	-1.027111060e-12	-5.048895159e-13	-1.186791789e-12	-6.726334058e-13	-1.127335397e-12	-7.161895461e-13	-6.510060489e-13	-5.109934040e-13	-9.149050167e-13	-1.148435257e-12	-5.819793628e-13	-6.202605381e-13	-5.522888450e-13	-2.039904357e-13	-5.268936560e-13	-7.195052384e-13	-9.877748916e-13	-1.030954249e-12	-6.658513078e-13	-8.431654915e-13	-7.198820216e-13	-5.963724819e-13	-5.037591662e-13	-1.006237269e-12	-9.127196740e-13	-1.052958389e-12	-7.679595606e-13	-1.314672014e-12	-1.408867819e-12	-1.303896014e-12	-1.363729189e-12	-1.166596208e-12	-1.386637609e-12	-1.550839737e-12	-1.275637272e-12	-1.466364939e-12	-9.127196740e-13	-9.659968215e-13	-1.491684771e-12	-1.391083651e-12	-1.270437664e-12	-9.066157859e-13	-1.039168123e-12	-9.189742755e-13	-6.391750557e-13	-7.928272532e-13	-9.714224998e-13	-1.216783733e-12	-1.379252658e-12	-1.294250363e-12	-6.035313631e-13	-4.347324801e-13	-1.057027648e-12	-9.549947514e-13	-1.212413048e-12	-9.361555904e-13	-1.083402473e-12	-1.409847456e-12	-1.546318338e-12	-1.360714924e-12	-1.462747820e-12	-1.107968739e-12	-1.209398782e-12	-1.481285554e-12	-1.300203538e-12	-1.930938650e-12	-1.350541777e-12	-1.421377022e-12	-1.436222281e-12	-1.244514978e-12	-1.361920630e-12	-1.616776800e-12	-1.525143121e-12	-1.548805107e-12	-1.361995987e-12	-1.039846333e-12	-1.327482643e-12	-1.348657860e-12	-1.061549046e-12	-8.614771560e-13	-1.071194697e-12	-1.163732656e-12	-9.093286251e-13	-9.145282335e-13	-1.470660267e-12	-1.767942229e-12	-1.896199237e-12	-1.416554197e-12	-1.190861048e-12	-1.661689360e-12	-1.991977532e-12	-1.614968241e-12	-1.106913746e-12	-1.493267261e-12	-1.558902898e-12	-1.737422788e-12	-2.000643546e-12	-1.946537475e-12	-2.019331993e-12	-1.527855960e-12	-1.378499092e-12	-1.308718839e-12	-1.290407175e-12	-1.163280516e-12	-1.477819149e-12	-1.143311005e-12	-1.779848578e-12	-2.038246511e-12	-1.991450035e-12	-1.410525665e-12	-1.452876099e-12	-1.498391512e-12	-1.563650366e-12	-1.740738480e-12	-1.988058986e-12	-1.936891825e-12	-2.172682764e-12	-2.109006400e-12	-2.093558288e-12	-1.762667263e-12	-1.385130476e-12	-2.200564723e-12	-1.775553250e-12	-1.614290031e-12	-1.864323376e-12	-1.537426254e-12	-1.368702728e-12	-1.668697528e-12	-1.668471458e-12	-1.160793747e-12	-1.495075820e-12	-1.903508831e-12	-1.513462841e-12	-1.375258756e-12	-8.082000086e-13	-6.668309442e-13	-1.526273471e-12	-1.047834137e-12	-1.211508768e-12	-1.304574224e-12	-1.508564659e-12	-1.762893333e-12	-9.714224998e-13	-1.346698588e-12	-1.564102506e-12	-1.426953414e-12	-1.400578588e-12	-8.815973800e-13	-1.276993692e-12	-1.154388432e-12	-1.301710671e-12	-3.559847870e-13	4.336021305e-13	1.870804048e-12	8.504148006e-12	3.926586050e-11	1.671831611e-10	2.795222087e-10	3.071763639e-10	1.007681856e-10	1.079612034e-10	1.172631522e-10	1.278555835e-10	1.421126838e-10	1.607012086e-10	9.991537449e-12	3.389391141e-12	1.755357669e-12	1.257099538e-12	7.227455741e-13	1.128842529e-13	-1.973590510e-13	-3.730907452e-13	-2.919316395e-13	-1.074359676e-12	-1.378649805e-12	-9.327645414e-13	-1.255818475e-12	-1.702909445e-12	-1.951887797e-12	-1.264635202e-12	-1.794317054e-12	-1.786027823e-12	-1.559053611e-12	-2.047063239e-12	-1.759803711e-12	-1.820013670e-12	-2.139977981e-12	-1.743903459e-12	-1.753096970e-12	-1.744807739e-12	-1.996498930e-12	-1.630416353e-12	-1.689194535e-12	-2.057462455e-12	-1.429967680e-12	-1.706149780e-12	-1.688968466e-12	-1.522656352e-12	-1.888588216e-12	-1.601177975e-12	-1.690852382e-12	-1.407436043e-12	-1.288900042e-12	-1.053410529e-12	-1.263504853e-12	-1.417383120e-12	-1.656339039e-12	-1.269759454e-12	-1.210227705e-12	-1.497487233e-12	-1.509318226e-12	-1.494623680e-12	-1.892431405e-12	-1.343608965e-12	-2.131161253e-12	-1.327708713e-12	-1.508715373e-12	-1.911798062e-12	-1.150771313e-12	-1.036907424e-12	-1.232307202e-12	-1.518662450e-12	-1.841188887e-12	-1.804716271e-12	-1.467269218e-12	-1.956559909e-12	-1.286488629e-12	-1.680151738e-12	-1.153634865e-12	-1.491458701e-12	-1.616550730e-12	-1.644432689e-12	-1.128842529e-12	-1.377670168e-12	-1.329291203e-12	-1.594395877e-12	-1.480456631e-12	-1.856335572e-12	-1.419794533e-12	-1.196286726e-12	-1.411354588e-12	-1.451519680e-12	-1.568699261e-12	-1.515271401e-12	-1.654078339e-12	-1.493945470e-12
-1.237431454e-12	-1.286413272e-12	-1.229368293e-12	-2.032594763e-12	-1.203897747e-12	-1.218893719e-12	-6.485192796e-13	-1.101864851e-12	-1.165691928e-12	-1.207213439e-12	-1.443984015e-12	-9.943309197e-13	-1.377519455e-12	-1.356118168e-12	-1.114826194e-12	-1.327482643e-12	-1.557018982e-12	-1.632677052e-12	-1.467570645e-12	-1.357926728e-12	-9.866445420e-13	-1.011738304e-12	-1.063206892e-12	-1.399448239e-12	-1.455287512e-12	-1.385281190e-12	-9.599682899e-13	-1.106913746e-12	-1.264559846e-12	-1.711575459e-12	-1.547599401e-12	-1.429967680e-12	-8.053364561e-13	-9.968176889e-13	-1.475784519e-12	-1.289728965e-12	-1.300731035e-12	-1.594848017e-12	-1.191463901e-12	-8.981758417e-13	-1.242857132e-12	-1.743978816e-12	-1.605850087e-12	-1.005634416e-12	-1.457774281e-12	-1.247529244e-12	-1.004353353e-12	-1.826343628e-12	-1.213769467e-12	-1.536145191e-12	-1.372244490e-12	-1.022212878e-12	-1.160718390e-12	-1.100056291e-12	-6.243297968e-13	-9.017176040e-13	-8.016439805e-13	-1.019047899e-12	-6.868758115e-13	-1.194779593e-12	-1.329140490e-12	-1.191313187e-12	-8.957644291e-13	-7.393993925e-13	-2.618643384e-13	-5.153640894e-13	-5.992360343e-13	-5.191319216e-13	-5.008956137e-13	-5.877818244e-13	-1.165917998e-12	-1.344588602e-12	-1.412334225e-12	-1.351219986e-12	-1.239767510e-12	-1.290256461e-12	-1.277144405e-12	-1.381890141e-12	-1.827097194e-12	-1.902453838e-12	-9.664489613e-13	-1.193272460e-12	-1.190559621e-12	-8.967440655e-13	-1.103899480e-12	-1.516552464e-12	-1.395454337e-12	-1.462973890e-12	-1.323262671e-12	-1.193950670e-12	-8.567296874e-13	-5.760261879e-13	-1.331777972e-12	-1.058082641e-12	-7.516825255e-13	-1.137734613e-12	-9.857402622e-13	-1.750308774e-12	-8.861941353e-13	-1.014225074e-12	-8.161878129e-13	-1.219722642e-12	-1.382794420e-12	-1.291010028e-12	-6.692423568e-13	-7.406804554e-13	-8.429394215e-13	-3.733921718e-13	-7.436947212e-13	-1.161170530e-12	-2.752778211e-13	-9.208581916e-14	-3.739196683e-13	-2.005993867e-13	-3.363167029e-13	-2.516158348e-13	-4.590726762e-13	-5.109934040e-13	-6.898900773e-13	-9.247013805e-13	-4.310400046e-13	-4.991624109e-13	-1.008045829e-12	-6.160405660e-13	-8.926748067e-13	-8.981004851e-13	-3.953209553e-13	-3.463391365e-13	-5.608041458e-13	-1.123492208e-12	-4.160440324e-13	-8.330677012e-13	-5.631402018e-13	-7.690899103e-13	-7.608006794e-13	-3.559094304e-13	-5.478428030e-13	-2.874855975e-13	-6.209387479e-13	-9.791088775e-13	-1.197040292e-12	-8.097824981e-13	-8.852144989e-13	-7.261366231e-13	-9.755671153e-13	-1.086341382e-12	-1.002620151e-12	-7.927518965e-13	-1.069235424e-12	-7.813730433e-13	-8.868723451e-13	-8.968194221e-13	-1.053259815e-12	-1.350617133e-12	-4.813782429e-13	9.336688211e-14	9.620029193e-13	3.408983868e-12	1.339110174e-11	5.342635357e-11	1.665276337e-10	2.857260198e-10	9.266712031e-11	9.933120978e-11	1.055272591e-10	1.129848541e-10	1.224687892e-10	1.333077874e-10	1.475767187e-10	5.272176895e-11	3.508605352e-12	1.810594089e-12	1.039695619e-12	1.727927851e-13	-7.559024975e-13	-5.217694041e-13	-4.742193617e-13	-9.943309197e-13	-9.601190032e-13	-8.084260785e-13	-8.696156736e-13	-1.208494502e-12	-1.522279569e-12	-6.827311961e-13	-1.002620151e-12	-9.241738839e-13	-7.779066376e-13	-8.491186664e-13	-8.552225545e-13	-8.727052960e-13	-7.247048469e-13	-1.024775004e-12	-1.325749441e-12	-1.117086893e-12	-8.302041487e-13	-1.115127620e-12	-1.370209861e-12	-1.106913746e-12	-1.076168235e-12	-1.522731708e-12	-1.242103566e-12	-1.221305132e-12	-1.656414395e-12	-1.318515203e-12	-1.331250476e-12	-1.185736796e-12	-1.088903508e-12	-6.629877553e-13	-9.220638979e-13	-7.615542459e-13	-8.639639253e-13	-1.099604152e-12	-8.160370996e-13	-1.225374391e-12	-7.365358400e-13	-6.307351116e-13	-6.229733773e-13	-8.611003728e-13	-1.082272123e-12	-1.114223341e-12	-1.048361634e-12	-7.168677559e-13	-1.388672239e-12	-1.173378306e-12	-1.333812602e-12	-8.940312263e-13	-1.376389106e-12	-1.021836095e-12	-1.112791564e-12	-1.252578139e-12	-1.238486447e-12	-1.013772934e-12	-1.171419033e-12	-1.432153022e-12	-1.541721583e-12	-1.443984015e-12	-1.605021164e-12	-1.629587430e-12	-1.501255065e-12	-1.181140041e-12	-1.681357444e-12	-1.376615175e-12	-1.605397947e-12	-1.513161415e-12	-1.982557951e-12	-1.931918286e-12	-1.571412101e-12	-1.980523322e-12	-1.198622782e-12	-1.713534732e-12	-1.597937639e-12
-1.665909332e-12	-1.393268994e-12	-1.126506474e-12	-1.520923149e-12	-1.389124378e-12	-8.606482329e-13	-1.027864626e-12	-7.238759238e-13	-8.026989736e-13	-1.017390053e-12	-1.219421216e-12	-9.121921775e-13	-1.027186417e-12	-1.291386811e-12	-1.599896912e-12	-1.178879341e-12	-1.641267710e-12	-2.058818875e-12	-2.030258707e-12	-2.127920918e-12	-2.223171716e-12	-2.829717345e-12	-1.838551404e-12	-1.559355038e-12	-1.426199847e-12	-1.849628831e-12	-1.300957105e-12	-1.269985524e-12	-1.655434759e-12	-1.834256075e-12	-1.664477556e-12	-2.096195771e-12	-1.802530928e-12	-1.998232133e-12	-2.117747771e-12	-1.874571880e-12	-1.475181666e-12	-1.447450421e-12	-1.982407238e-12	-1.424089861e-12	-1.481737694e-12	-1.505248967e-12	-1.779245725e-12	-1.407209973e-12	-1.707882983e-12	-1.988812553e-12	-1.515874254e-12	-1.107893382e-12	-1.445792575e-12	-1.247378531e-12	-1.809689809e-12	-1.099830221e-12	-1.182948600e-12	-1.485731596e-12	-2.040130427e-12	-1.868015852e-12	-1.614139318e-12	-1.778341445e-12	-1.965602706e-12	-1.826192915e-12	-1.556265415e-12	-1.627628157e-12	-1.798310956e-12	-1.990018259e-12	-1.921895853e-12	-2.438314935e-12	-2.166804946e-12	-1.975926566e-12	-1.762893333e-12	-1.379478728e-12	-1.533583065e-12	-9.702167935e-13	-2.023250539e-12	-1.749479851e-12	-2.023401252e-12	-2.040281141e-12	-2.079089812e-12	-1.751589837e-12	-1.835386425e-12	-2.587445734e-12	-2.212169646e-12	-2.012926679e-12	-2.012022399e-12	-1.972309448e-12	-1.633807402e-12	-1.951058874e-12	-1.732976746e-12	-1.847744915e-12	-1.662292213e-12	-1.778416802e-12	-2.229426317e-12	-1.486937303e-12	-2.027470511e-12	-1.797934173e-12	-1.952113867e-12	-1.614063961e-12	-1.366291315e-12	-1.808634816e-12	-1.746088802e-12	-1.574124940e-12	-1.621072129e-12	-1.363729189e-12	-1.590175905e-12	-1.718885053e-12	-1.825288635e-12	-1.795070620e-12	-1.589874478e-12	-1.851964887e-12	-1.719111123e-12	-1.995368581e-12	-1.871557614e-12	-1.937268608e-12	-1.968390902e-12	-2.316915381e-12	-1.905166678e-12	-1.675404270e-12	-1.669526451e-12	-1.495754030e-12	-1.713534732e-12	-1.483923037e-12	-1.485053386e-12	-1.580530255e-12	-1.875476160e-12	-1.692811654e-12	-1.946537475e-12	-1.856787712e-12	-1.770805781e-12	-1.689646675e-12	-1.690400242e-12	-1.874270453e-12	-1.706375850e-12	-1.798687739e-12	-1.710671179e-12	-1.571562814e-12	-1.616023234e-12	-1.903810258e-12	-1.677288186e-12	-1.597033360e-12	-1.665607906e-12	-1.349712854e-12	-1.222134055e-12	-1.197567789e-12	-8.907908906e-13	-6.822790562e-13	-7.353301337e-13	-4.254636129e-13	-4.939628025e-13	-7.308840917e-13	-5.434721177e-13	-6.864236716e-13	-3.097911641e-13	1.323262671e-13	-4.227507737e-14	-1.712102955e-13	6.638166784e-13	1.239390726e-12	2.034403322e-12	4.877006653e-12	1.317490352e-11	6.022088540e-11	1.383391998e-10	2.745241040e-10	3.389159796e-10	3.460115612e-10	6.251557057e-11	6.964438446e-11	7.386443189e-11	7.765366538e-11	8.754136138e-11	9.473581091e-11	4.820564527e-13	-5.556045374e-13	-1.917826594e-12	-1.081970697e-12	-8.048089596e-13	-1.312335958e-12	-3.268971224e-13	-4.385003124e-13	-6.650977413e-13	-8.904141074e-13	-1.350014280e-12	-1.793789558e-12	-1.384904406e-12	-9.977219686e-13	-1.186791789e-12	-7.434686513e-13	-8.721024428e-13	-1.532528072e-12	-9.269620798e-13	-1.120477942e-12	-5.210911944e-13	-2.396341284e-14	-5.632155584e-13	-2.106218204e-13	-3.894431370e-13	-4.109951372e-13	-2.461901565e-13	-3.588483395e-13	-7.285480357e-13	-6.702219931e-13	-8.540922049e-13	-1.050320906e-12	-7.338983575e-13	-5.942624958e-13	-9.684835907e-13	-1.773443264e-12	-1.442552239e-12	-1.403442141e-12	-1.466214225e-12	-1.584147373e-12	-1.343307539e-12	-1.088225298e-12	-1.029447116e-12	-7.943343861e-13	-9.054854362e-13	-1.063885102e-12	-1.521073862e-12	-1.141653159e-12	-8.075971554e-13	-9.503979961e-13	-1.151901663e-12	-1.263881636e-12	-1.029748542e-12	-8.304302186e-13	-9.407523457e-13	-8.952369326e-13	-9.705935768e-13	-1.136076767e-12	-9.014915341e-13	-3.483737659e-13	-5.580159500e-13	5.802461600e-15	-3.250132063e-13	-3.589990528e-13	-4.296082283e-13	-1.156799844e-12	-8.104607079e-13	-8.571064706e-13	-1.098398445e-12	-1.190333551e-12	-1.273678000e-12	-6.531160349e-13	-8.428640649e-13	-3.541762275e-13	-8.406787222e-13	-6.753462449e-13	-7.675827774e-13	-9.623797025e-13	-1.350541777e-12	-1.220174782e-12	-8.984772683e-13
-1.210453775e-12	-1.353480686e-12	-1.908557727e-12	-1.500200072e-12	-1.397112183e-12	-1.678870675e-12	-1.727023571e-12	-1.657394032e-12	-1.569829611e-12	-1.424466645e-12	-1.722276102e-12	-1.758824075e-12	-1.840887460e-12	-1.855129866e-12	-1.781958564e-12	-1.679699598e-12	-1.837722481e-12	-1.818431180e-12	-1.224545468e-12	-1.246926391e-12	-9.093286251e-13	-6.544724545e-13	-1.329592630e-12	-1.391234364e-12	-1.180612544e-12	-1.222661551e-12	-1.522279569e-12	-9.788828076e-13	-1.660785081e-12	-1.440592966e-12	-1.292065021e-12	-1.635615961e-12	-1.663422563e-12	-1.533432352e-12	-1.736744578e-12	-1.535316268e-12	-1.925362258e-12	-1.908934510e-12	-9.653939683e-13	-1.644658759e-12	-1.485882310e-12	-1.292366447e-12	-1.243007845e-12	-1.673746423e-12	-1.935460049e-12	-1.400578588e-12	-1.447601134e-12	-1.696579487e-12	-1.495980100e-12	-1.659353304e-12	-1.636972381e-12	-1.884745027e-12	-1.965075210e-12	-2.154973953e-12	-1.597108716e-12	-1.741190620e-12	-1.768545082e-12	-1.791076718e-12	-1.472544183e-12	-1.735915655e-12	-1.802907711e-12	-1.838476048e-12	-1.755056242e-12	-1.740663123e-12	-1.161471956e-12	-1.322659818e-12	-1.575104576e-12	-1.316932713e-12	-8.187499388e-13	-1.340067203e-12	-1.408415679e-12	-1.833427152e-12	-1.568096408e-12	-1.569302115e-12	-1.539913023e-12	-1.323187315e-12	-1.574351010e-12	-1.219270502e-12	-1.512332492e-12	-1.351898196e-12	-1.207062726e-12	-1.964170930e-12	-1.985647574e-12	-1.476538086e-12	-1.435016575e-12	-1.426576631e-12	-7.398515323e-13	-7.069960355e-13	-1.539008744e-12	-2.005240301e-12	-1.865604439e-12	-1.815793698e-12	-1.709314759e-12	-2.277202430e-12	-2.296493731e-12	-1.893184971e-12	-2.062360637e-12	-1.657469388e-12	-1.881806118e-12	-1.961684161e-12	-1.744280242e-12	-1.236979314e-12	-1.322584462e-12	-1.125300767e-12	-8.133242604e-13	-6.743666086e-13	-1.202842754e-12	-1.398845385e-12	-7.650960081e-13	-1.223791901e-12	-1.333511175e-12	-1.350014280e-12	-1.248810307e-12	-1.586106646e-12	-1.602157611e-12	-1.445943288e-12	-1.819862956e-12	-1.832975012e-12	-1.774272187e-12	-1.724084662e-12	-1.880449698e-12	-1.310527399e-12	-1.537803037e-12	-1.634636325e-12	-1.915565894e-12	-1.995820721e-12	-1.369230224e-12	-1.771785417e-12	-2.094990064e-12	-1.595224800e-12	-1.073907536e-12	-1.644281976e-12	-1.838626761e-12	-1.467646002e-12	-1.125376124e-12	-1.302765664e-12	-1.468550281e-12	-1.295154643e-12	-1.753323040e-12	-1.383472630e-12	-1.408717106e-12	-1.141276376e-12	-1.450916827e-12	-1.947291042e-12	-1.258305244e-12	-1.015732207e-12	-9.107604013e-13	-8.331430578e-13	-7.517578821e-13	-1.063809746e-12	-3.136343530e-13	-3.706793326e-13	1.547071905e-13	1.562143233e-13	1.239918223e-12	2.384359578e-12	3.605513996e-12	8.635193211e-12	2.328294235e-11	6.626599539e-11	1.593585793e-10	2.495708816e-10	3.126654173e-10	3.244484836e-10	4.845967252e-11	5.183075199e-11	5.605434118e-11	6.100240915e-11	6.584753994e-11	7.473012902e-11	8.446213818e-11	2.996406242e-12	1.243158559e-12	2.424976809e-13	-3.147647026e-13	-4.140094030e-13	-1.351672126e-12	-1.335545804e-12	-1.536672688e-12	-1.451218253e-12	-2.022572329e-12	-1.483998393e-12	-1.713986871e-12	-1.544660492e-12	-1.893712468e-12	-1.469906701e-12	-1.601328688e-12	-1.894767461e-12	-1.598691206e-12	-1.517682813e-12	-1.941790007e-12	-1.817300831e-12	-1.676911402e-12	-1.519114590e-12	-1.486635876e-12	-1.710595822e-12	-1.331401189e-12	-1.417081693e-12	-1.926944748e-12	-2.447508446e-12	-2.560166629e-12	-2.442233481e-12	-2.615553762e-12	-1.860480188e-12	-1.736895291e-12	-2.190316219e-12	-1.604870451e-12	-1.774272187e-12	-1.434489078e-12	-1.758673361e-12	-2.105992134e-12	-1.741416690e-12	-2.060476721e-12	-1.553326506e-12	-1.756563375e-12	-1.710219039e-12	-1.872235824e-12	-1.539611597e-12	-1.792056355e-12	-1.991299322e-12	-2.015413448e-12	-1.924608692e-12	-1.917299097e-12	-2.266049646e-12	-2.144273310e-12	-2.279538486e-12	-2.249019045e-12	-2.447508446e-12	-1.971103741e-12	-2.196269394e-12	-2.067258819e-12	-2.278106710e-12	-1.978865476e-12	-1.226580097e-12	-1.303142447e-12	-1.440894393e-12	-1.504269331e-12	-2.139525841e-12	-2.161831408e-12	-2.022723042e-12	-2.018201644e-12	-1.801551292e-12	-1.734257809e-12	-1.929582230e-12	-2.263864304e-12	-1.296812489e-12	-1.752268047e-12	-1.423637721e-12	-1.539234814e-12	-1.735162088e-12	-1.670053948e-12
-1.756261949e-12	-1.553703289e-12	-2.060627434e-12	-1.762516550e-12	-1.272698363e-12	-1.580002758e-12	-1.810970872e-12	-2.208175744e-12	-1.694092717e-12	-2.179841646e-12	-2.360170095e-12	-2.515027999e-12	-2.049700721e-12	-1.970651601e-12	-2.286019157e-12	-2.535977146e-12	-2.165448527e-12	-2.157837505e-12	-1.929883657e-12	-2.005692441e-12	-2.028525504e-12	-1.993333951e-12	-2.231837730e-12	-2.141485114e-12	-1.633129192e-12	-2.001472469e-12	-2.015262735e-12	-1.957916329e-12	-2.536353929e-12	-2.637708615e-12	-2.840945485e-12	-2.310283997e-12	-1.855355936e-12	-1.894918174e-12	-1.588894842e-12	-2.456249816e-12	-2.533113593e-12	-2.471321145e-12	-2.785030855e-12	-2.382098878e-12	-2.575162601e-12	-2.242236947e-12	-2.382023522e-12	-2.089715099e-12	-2.313072192e-12	-2.173587044e-12	-2.051358567e-12	-2.420681480e-12	-2.682018322e-12	-2.381722095e-12	-2.535148223e-12	-2.634392923e-12	-2.522337593e-12	-2.462429061e-12	-2.286019157e-12	-2.352182291e-12	-2.522036167e-12	-2.657075273e-12	-2.587521090e-12	-1.989189336e-12	-2.038849364e-12	-2.479535019e-12	-2.135305869e-12	-2.120083827e-12	-2.164016750e-12	-1.591683038e-12	-1.789946369e-12	-2.321662850e-12	-1.935987545e-12	-1.797858816e-12	-1.942845000e-12	-1.760481921e-12	-1.763872970e-12	-1.210830558e-12	-1.955730986e-12	-2.000794259e-12	-2.180670569e-12	-2.303652612e-12	-1.917299097e-12	-1.900795992e-12	-1.901323489e-12	-2.083309784e-12	-1.705999067e-12	-1.650235150e-12	-1.765078676e-12	-1.207967006e-12	-1.773820047e-12	-1.606076157e-12	-1.661463290e-12	-1.968089475e-12	-1.720919683e-12	-2.039979714e-12	-2.142163323e-12	-2.008254567e-12	-2.125509505e-12	-2.021291266e-12	-2.192727632e-12	-2.448563439e-12	-2.427840361e-12	-1.847142062e-12	-2.040205784e-12	-2.452406627e-12	-2.162509617e-12	-2.093633645e-12	-2.296192304e-12	-2.161680694e-12	-2.162283547e-12	-2.479836446e-12	-2.511561593e-12	-2.017222007e-12	-2.123173449e-12	-2.385113144e-12	-2.755641764e-12	-2.448638795e-12	-2.983143472e-12	-2.331685284e-12	-2.592117846e-12	-2.321436780e-12	-2.165599240e-12	-2.141032974e-12	-2.025812665e-12	-2.238167688e-12	-1.693414508e-12	-2.226336695e-12	-2.180670569e-12	-2.160248918e-12	-1.874270453e-12	-2.113301729e-12	-2.123474876e-12	-2.241181954e-12	-2.559111636e-12	-2.124153086e-12	-1.944352133e-12	-2.150904694e-12	-2.081049085e-12	-2.245854066e-12	-2.435376026e-12	-2.706283162e-12	-2.684203665e-12	-2.775535918e-12	-2.643586434e-12	-2.711332057e-12	-2.761519582e-12	-3.164150132e-12	-2.900929373e-12	-3.272663699e-12	-2.989774857e-12	-2.737028672e-12	-2.898216534e-12	-2.706207805e-12	-2.533490377e-12	-2.537785705e-12	-2.265371437e-12	-1.463501386e-12	-1.392063288e-12	-4.360135431e-13	1.425144854e-12	6.725052995e-12	1.816396551e-11	6.125590890e-11	1.372499949e-10	2.265369930e-10	2.663219100e-10	2.819829046e-10	2.811450141e-10	5.899076354e-11	6.571332976e-11	7.181751936e-11	7.896268565e-11	8.764045537e-11	9.785919310e-11	1.105909996e-10	1.216697827e-10	4.478897502e-12	3.431364792e-12	2.097024694e-12	1.587764492e-12	8.727806526e-13	3.891417104e-13	2.054222120e-13	-8.040553932e-14	3.252392762e-13	-2.417441145e-13	1.404647847e-13	1.593793024e-13	1.431776239e-14	-8.693896036e-13	-6.082034750e-13	-7.916969035e-13	-2.475465761e-13	-1.078353578e-12	-8.319373515e-13	-9.002104711e-13	-1.051300543e-12	-9.150557300e-13	-1.665833976e-12	-1.190559621e-12	-1.546619765e-12	-1.550462954e-12	-1.276315482e-12	-1.046703787e-12	-1.307814559e-12	-9.895834511e-13	-1.191689971e-12	-1.214824460e-12	-1.685125277e-12	-1.451067540e-12	-2.131914820e-12	-1.510222506e-12	-2.038020441e-12	-1.830714313e-12	-1.965376636e-12	-1.792583851e-12	-1.568925331e-12	-1.860706258e-12	-1.875777586e-12	-1.994765727e-12	-1.858144132e-12	-2.003281028e-12	-2.001924609e-12	-2.329123158e-12	-2.032444050e-12	-2.189487296e-12	-2.075774120e-12	-2.159796778e-12	-1.838249978e-12	-1.784822117e-12	-1.587915206e-12	-2.173662401e-12	-2.183534121e-12	-1.434941218e-12	-1.731921753e-12	-1.769826145e-12	-1.317912350e-12	-1.794467767e-12	-2.027621224e-12	-2.056407462e-12	-1.709314759e-12	-2.548184922e-12	-2.129804834e-12	-1.705396214e-12	-1.537426254e-12	-1.520546366e-12	-1.690852382e-12	-1.849025978e-12	-1.682412437e-12	-1.771483991e-12	-1.520244939e-12	-1.403743567e-12	-1.450313973e-12	-1.774875040e-12
1.958519182e-12	1.668320745e-12	1.466063512e-12	1.567568912e-12	1.786178536e-12	1.821596159e-12	1.606603653e-12	1.953093503e-12	2.148116498e-12	1.985949000e-12	1.911798062e-12	2.148041142e-12	1.929054734e-12	1.845559572e-12	2.408096921e-12	2.186246960e-12	2.434094963e-12	2.716305595e-12	3.016375752e-12	2.904320422e-12	2.953151528e-12	2.621130154e-12	2.328218878e-12	2.547280642e-12	2.320683213e-12	2.570565846e-12	2.696336085e-12	2.438013508e-12	3.037475613e-12	3.159327306e-12	2.921577094e-12	3.107708005e-12	2.913287863e-12	2.730924784e-12	2.537258209e-12	2.924214577e-12	3.251639195e-12	2.331082430e-12	2.880583080e-12	2.651046741e-12	3.141769208e-12	3.478236624e-12	3.555477185e-12	2.942300171e-12	2.565818377e-12	2.194159408e-12	2.483905705e-12	3.651330836e-12	3.248851000e-12	2.542608531e-12	1.426953414e-12	1.557923261e-12	2.014961308e-12	1.896576020e-12	1.661990787e-12	1.634787038e-12	1.597786926e-12	1.621825696e-12	1.510900715e-12	2.935518073e-12	3.094671306e-12	2.971839976e-12	2.506964838e-12	2.955035444e-12	3.201602384e-12	3.127074663e-12	2.502970936e-12	2.942224814e-12	2.973723892e-12	2.803643946e-12	2.848330436e-12	2.958049710e-12	2.681942966e-12	3.070632536e-12	3.109893348e-12	3.140111362e-12	2.918562828e-12	2.562653398e-12	2.871841709e-12	3.067241487e-12	3.016827892e-12	2.566571943e-12	3.070783249e-12	2.982239193e-12	3.085854578e-12	4.071745554e-12	3.243726748e-12	3.377484791e-12	3.445381128e-12	3.571226723e-12	3.159101236e-12	3.634677018e-12	3.302278860e-12	3.843414922e-12	4.136024771e-12	4.062853470e-12	4.037533637e-12	3.328578329e-12	3.661277913e-12	3.735428851e-12	3.547564737e-12	3.218859055e-12	3.166109404e-12	3.259325573e-12	3.316144483e-12	3.401222134e-12	3.509358918e-12	3.826459677e-12	3.524204177e-12	3.227374356e-12	3.303936706e-12	3.203260230e-12	3.558416094e-12	3.631436682e-12	3.013135417e-12	3.098665208e-12	2.633865427e-12	2.772973792e-12	2.778474827e-12	2.948027276e-12	2.892263359e-12	3.241164622e-12	3.100247697e-12	3.298661741e-12	2.697767861e-12	2.730774071e-12	3.208836622e-12	3.167465824e-12	3.303861350e-12	2.474787551e-12	2.749462519e-12	3.124587893e-12	3.401297491e-12	2.946143360e-12	3.106954439e-12	2.619321594e-12	2.900854017e-12	3.111475837e-12	2.876137038e-12	2.114959575e-12	2.909143248e-12	2.329273871e-12	2.563557678e-12	2.655417427e-12	2.643058937e-12	2.290239129e-12	2.670036616e-12	2.570113706e-12	3.123005404e-12	3.647638360e-12	3.719754669e-12	4.060215987e-12	4.862839604e-12	6.010822721e-12	7.646890823e-12	1.262231325e-11	1.838302727e-11	3.139802400e-11	6.329181936e-11	1.279078810e-10	2.054816684e-10	2.551297905e-10	2.755852009e-10	2.871774641e-10	2.826388088e-10	7.783632989e-11	8.406335082e-11	9.067197780e-11	9.775376915e-11	1.060230305e-10	1.149314669e-10	1.239769017e-10	1.361633521e-10	1.547292700e-10	1.701959951e-10	6.706929722e-11	2.163692717e-11	1.573861192e-11	1.492687014e-11	1.301326352e-11	1.245291152e-11	1.111585858e-11	9.874960720e-12	9.971341868e-12	9.237066728e-12	8.916198137e-12	8.475211055e-12	8.301890774e-12	8.105737429e-12	7.380580442e-12	7.516523828e-12	7.533328360e-12	6.738767904e-12	6.979004885e-12	7.190304916e-12	6.483761020e-12	6.718949106e-12	6.575922196e-12	6.399587648e-12	6.665596602e-12	6.343220879e-12	5.833734607e-12	6.097558219e-12	5.705251529e-12	5.644589431e-12	5.997786022e-12	6.257691087e-12	5.760563306e-12	6.114965603e-12	5.712335054e-12	5.406311722e-12	5.475112338e-12	5.461397429e-12	5.214981202e-12	4.996220864e-12	5.144673453e-12	5.339319665e-12	5.625147416e-12	5.040455214e-12	5.385739358e-12	5.348437819e-12	5.384382938e-12	5.286268588e-12	5.450772142e-12	5.691762690e-12	5.306690238e-12	5.183029985e-12	5.344594630e-12	5.169164363e-12	5.380162966e-12	4.777385170e-12	4.955302207e-12	5.102925872e-12	4.920939577e-12	4.514465838e-12	4.772486988e-12	4.916116752e-12	4.715969505e-12	4.715442008e-12	4.861709254e-12	5.172329342e-12	4.907676807e-12	4.311831822e-12	5.297119944e-12	5.034502040e-12	4.814460639e-12	4.395553054e-12	4.510848719e-12	4.539710314e-12	4.216128884e-12	4.379200662e-12
8.136181513e-12	8.617258329e-12	8.305357179e-12	8.236707276e-12	7.746587663e-12	8.046657820e-12	8.222690941e-12	8.211161374e-12	8.211086017e-12	1.011429342e-11	8.538736706e-12	9.226516797e-12	8.332636284e-12	8.985375536e-12	9.446332128e-12	9.109864712e-12	9.139178447e-12	8.970153494e-12	8.831874052e-12	9.036165914e-12	8.972414193e-12	9.706840047e-12	9.235559595e-12	9.281527148e-12	9.408729163e-12	9.142870922e-12	1.071910585e-11	1.083801863e-11	1.051745147e-11	1.121683648e-11	1.102151206e-11	1.089423469e-11	1.111992784e-11	9.578055542e-12	9.677074173e-12	9.288836742e-12	1.035716789e-11	9.739394118e-12	9.727713838e-12	9.522517696e-12	9.565697053e-12	9.292529218e-12	8.226910913e-12	9.864260077e-12	9.648966145e-12	9.863581867e-12	9.549043234e-12	9.741956243e-12	9.858909755e-12	9.406091680e-12	9.949865225e-12	9.594860074e-12	9.938486371e-12	9.987016050e-12	9.541658283e-12	1.034465868e-11	1.006003664e-11	1.036508033e-11	1.005167205e-11	1.073673930e-11	1.055912369e-11	1.104826367e-11	1.115677724e-11	1.096665242e-11	1.024337935e-11	1.044119054e-11	9.845948412e-12	9.831178510e-12	1.071473516e-11	1.021029779e-11	1.043395631e-11	1.053109102e-11	1.030381538e-11	1.001896727e-11	1.043892985e-11	9.790109139e-12	1.021594954e-11	9.857025839e-12	9.607972130e-12	9.640827627e-12	9.900280553e-12	9.801337279e-12	1.021662774e-11	9.698400103e-12	9.887243853e-12	1.033621874e-11	1.036809460e-11	1.013803077e-11	9.984830708e-12	1.013268044e-11	1.023358299e-11	1.039258551e-11	1.029921863e-11	1.065136023e-11	1.050863474e-11	1.043938199e-11	1.023561762e-11	1.058157997e-11	1.077856224e-11	1.040486864e-11	1.046002971e-11	1.019793930e-11	1.007058657e-11	1.048768559e-11	1.049605018e-11	1.051036794e-11	1.079838104e-11	1.107923525e-11	1.077652761e-11	1.179519873e-11	1.173529019e-11	1.151969484e-11	1.161072566e-11	1.198728281e-11	1.176076074e-11	1.194417881e-11	1.190401372e-11	1.090071536e-11	1.157809623e-11	1.060290590e-11	1.022295770e-11	1.042604386e-11	1.001339088e-11	1.071104269e-11	1.049755731e-11	9.855669419e-12	9.719726033e-12	1.010645633e-11	1.043870378e-11	1.041956319e-11	1.080418350e-11	1.009274142e-11	1.044043698e-11	1.051300543e-11	1.024752397e-11	1.140439917e-11	1.193611565e-11	1.149625892e-11	1.129844773e-11	1.134667598e-11	1.162813305e-11	1.162753019e-11	1.091812275e-11	1.103748767e-11	1.130485304e-11	1.192503822e-11	1.159459934e-11	1.230114324e-11	1.249443303e-11	1.304250190e-11	1.386185469e-11	1.302313524e-11	1.498112693e-11	1.757799224e-11	2.268687129e-11	3.138724800e-11	4.396901938e-11	6.703719529e-11	1.128951043e-10	1.715940116e-10	2.415428369e-10	2.858991140e-10	3.105980077e-10	3.219401623e-10	3.247444091e-10	3.202535299e-10	9.001524465e-11	9.589969428e-11	1.031296368e-10	1.110554979e-10	1.197857158e-10	1.277081859e-10	1.376318270e-10	1.507734983e-10	1.666457929e-10	1.818907434e-10	1.979961161e-10	1.040103299e-10	4.060637984e-11	3.191896448e-11	2.781157523e-11	2.538041918e-11	2.374133681e-11	2.253043090e-11	2.090905734e-11	1.994155339e-11	1.863501989e-11	1.810315270e-11	1.595722154e-11	1.577907843e-11	1.518217846e-11	1.442846130e-11	1.473975960e-11	1.437254667e-11	1.437051204e-11	1.423946684e-11	1.420525492e-11	1.330022162e-11	1.323315421e-11	1.287385373e-11	1.269322386e-11	1.270769233e-11	1.258975918e-11	1.291258705e-11	1.233543051e-11	1.204764348e-11	1.175066295e-11	1.174079123e-11	1.226090279e-11	1.250098906e-11	1.200710161e-11	1.164719828e-11	1.266421155e-11	1.282072730e-11	1.188698312e-11	1.247175068e-11	1.194417881e-11	1.211493697e-11	1.183875487e-11	1.155405747e-11	1.181335968e-11	1.202172080e-11	1.162006989e-11	1.178329238e-11	1.127772465e-11	1.148563363e-11	1.188901775e-11	1.179708264e-11	1.175217008e-11	1.178216203e-11	1.095331430e-11	1.085519995e-11	1.155526317e-11	1.151931805e-11	1.170522289e-11	1.009130965e-11	9.829369951e-12	1.034089085e-11	1.045226797e-11	1.191765327e-11	1.182390961e-11	1.195382446e-11	1.230506178e-11	1.210785344e-11	1.201621976e-11	1.185578547e-11	1.214176393e-11	1.205691235e-11	1.254657983e-11	1.255275907e-11	1.228139979e-11
2.025639345e-11	2.076972291e-11	2.037703943e-11	2.058005023e-11	1.906786845e-11	1.929695265e-11	1.995180189e-11	1.998639059e-11	1.978752441e-11	1.995986505e-11	2.008480637e-11	1.996732536e-11	1.909695612e-11	1.956695551e-11	1.956959299e-11	1.971570952e-11	2.034878069e-11	2.019234030e-11	2.057575490e-11	2.036535915e-11	2.070084693e-11	2.032933868e-11	2.052609488e-11	2.102932655e-11	2.036309845e-11	2.054094013e-11	2.032911261e-11	2.097469298e-11	2.060574685e-11	2.081395726e-11	2.112917410e-11	2.128380593e-11	2.089895955e-11	2.176932879e-11	2.061222752e-11	2.099579284e-11	2.061471429e-11	2.018148894e-11	2.071780218e-11	2.179366899e-11	2.139751911e-11	2.151703475e-11	2.151145835e-11	2.107265662e-11	2.130339866e-11	2.136051900e-11	2.193270200e-11	2.238032046e-11	2.135991614e-11	2.103761578e-11	2.123678339e-11	2.141477578e-11	2.102774406e-11	2.150776588e-11	2.149148884e-11	2.130377544e-11	2.093377432e-11	2.112103558e-11	2.097597404e-11	2.111643883e-11	2.098644861e-11	2.043589297e-11	2.033619613e-11	2.041125135e-11	2.061539250e-11	2.072940710e-11	2.089232817e-11	2.085020380e-11	2.058464699e-11	2.102631228e-11	2.195440471e-11	2.208168208e-11	2.241671772e-11	2.229275604e-11	2.126805639e-11	2.139111379e-11	2.102201695e-11	2.126737818e-11	2.076309152e-11	2.086248694e-11	2.080144805e-11	2.102789477e-11	2.095088028e-11	2.098290685e-11	2.131500358e-11	2.111990523e-11	2.115298680e-11	2.160881914e-11	2.160723665e-11	2.127235172e-11	2.115750820e-11	2.089843205e-11	2.093942607e-11	2.157837505e-11	2.070777974e-11	2.076143368e-11	2.144213024e-11	2.095690881e-11	2.063423166e-11	2.094771530e-11	2.047575664e-11	2.087733219e-11	2.070770439e-11	2.105389281e-11	2.114070367e-11	2.111455491e-11	2.090310417e-11	2.061855748e-11	2.098132436e-11	2.045473213e-11	2.053016413e-11	2.065646187e-11	2.179404577e-11	2.220127308e-11	2.209818519e-11	2.146240118e-11	2.107582159e-11	2.173338367e-11	2.087439328e-11	2.164566854e-11	2.214844807e-11	2.142630535e-11	2.130603614e-11	2.052232704e-11	2.016001230e-11	1.999452911e-11	1.975489498e-11	2.005850690e-11	2.015458662e-11	1.981269353e-11	2.018254393e-11	2.041999272e-11	1.994215624e-11	2.040627781e-11	2.114100509e-11	2.050341253e-11	2.012625252e-11	2.012647859e-11	2.058170808e-11	2.008088782e-11	2.016717118e-11	2.069331127e-11	2.073385314e-11	2.076580436e-11	2.117634736e-11	2.120332504e-11	2.151786367e-11	2.229320818e-11	2.326244534e-11	2.425994124e-11	2.637527760e-11	2.955095729e-11	3.323763040e-11	3.902486995e-11	4.810142703e-11	5.893763710e-11	7.947782367e-11	1.073698798e-10	1.516746130e-10	2.170040760e-10	2.691714462e-10	3.244007074e-10	3.623283847e-10	3.855785469e-10	3.946391283e-10	3.917421175e-10	3.810202988e-10	1.014566439e-10	1.082129699e-10	1.159553376e-10	1.239243781e-10	1.338591720e-10	1.453182047e-10	1.551476500e-10	1.670362156e-10	1.811462198e-10	1.954411491e-10	2.102628967e-10	2.204129846e-10	1.173899774e-10	6.096480619e-11	4.922650173e-11	4.408348612e-11	4.049967484e-11	3.987059757e-11	3.682159239e-11	3.611949454e-11	3.533435366e-11	3.446330621e-11	3.119207429e-11	3.293085350e-11	3.232460929e-11	3.150759256e-11	3.096095546e-11	3.034001671e-11	3.004725615e-11	2.985426779e-11	2.946196110e-11	2.830659303e-11	2.804525619e-11	2.810621971e-11	2.760826301e-11	2.727548807e-11	2.658808476e-11	2.597407882e-11	2.656118244e-11	2.577483585e-11	2.513038583e-11	2.493189643e-11	2.427960932e-11	2.461811137e-11	2.490137699e-11	2.510167495e-11	2.486814471e-11	2.494191887e-11	2.435489061e-11	2.397524384e-11	2.399054123e-11	2.409393055e-11	2.368037329e-11	2.382204378e-11	2.392596059e-11	2.455714784e-11	2.445443674e-11	2.432037727e-11	2.512209660e-11	2.370599455e-11	2.326515818e-11	2.356198800e-11	2.293132824e-11	2.291874368e-11	2.302951795e-11	2.301844052e-11	2.312507018e-11	2.279259666e-11	2.234090894e-11	2.202848029e-11	2.243555688e-11	2.215492874e-11	2.219599811e-11	2.283954385e-11	2.375083175e-11	2.165214921e-11	2.218499604e-11	2.214392667e-11	2.186005819e-11	2.231438340e-11	2.300118385e-11	2.192501562e-11	2.217746038e-11	2.273268813e-11
2.949466588e-11	2.994055114e-11	2.901449334e-11	2.963392496e-11	2.931509100e-11	2.927123343e-11	2.999759612e-11	2.946633178e-11	2.931727634e-11	2.965585374e-11	2.998840261e-11	3.019879836e-11	3.038394964e-11	3.003022555e-11	3.106992117e-11	3.083533594e-11	3.118393577e-11	3.127059591e-11	3.113970142e-11	3.085628508e-11	3.092779854e-11	3.118242864e-11	3.118536755e-11	3.057543087e-11	3.160917332e-11	3.129056542e-11	3.169839558e-11	3.165167446e-11	3.184089500e-11	3.152620565e-11	3.166712257e-11	3.106871546e-11	3.106894153e-11	3.138197303e-11	3.157089214e-11	3.127986478e-11	3.125770993e-11	3.185453455e-11	3.174782954e-11	3.105884374e-11	3.165679871e-11	3.205581214e-11	3.144964330e-11	3.221797964e-11	3.171904330e-11	3.191338809e-11	3.130480783e-11	3.130744531e-11	3.158219564e-11	3.082222388e-11	3.152515066e-11	3.231760113e-11	3.258556935e-11	3.244962597e-11	3.266416633e-11	3.250162205e-11	3.248737965e-11	3.269016438e-11	3.215626255e-11	3.268473870e-11	3.338495263e-11	3.314712707e-11	3.328359795e-11	3.416022179e-11	3.342157596e-11	3.269536398e-11	3.322067515e-11	3.322941652e-11	3.285881255e-11	3.256559984e-11	3.264276505e-11	3.294532197e-11	3.346905065e-11	3.309806989e-11	3.302550144e-11	3.298503492e-11	3.322075051e-11	3.237653002e-11	3.276597316e-11	3.297440964e-11	3.301525294e-11	3.267991587e-11	3.312738362e-11	3.329218861e-11	3.274057797e-11	3.292505104e-11	3.232249931e-11	3.290191655e-11	3.348977373e-11	3.374470525e-11	3.314546922e-11	3.228022423e-11	3.143909337e-11	3.187246943e-11	3.209047620e-11	3.318216791e-11	3.240787839e-11	3.281578390e-11	3.275188147e-11	3.220019548e-11	3.214872689e-11	3.258760398e-11	3.247419223e-11	3.172793539e-11	3.238617567e-11	3.184292963e-11	3.201534563e-11	3.165973762e-11	3.131422741e-11	3.106811261e-11	3.151995105e-11	3.216364750e-11	3.212762703e-11	3.163961740e-11	3.146561891e-11	3.174571955e-11	3.185076672e-11	3.174112280e-11	3.092802461e-11	3.110149560e-11	3.109961169e-11	3.175807804e-11	3.145830931e-11	3.125529851e-11	3.128747580e-11	3.033278248e-11	3.059886679e-11	3.036081515e-11	3.011334393e-11	3.015124832e-11	3.030618158e-11	3.023723025e-11	2.996609705e-11	3.112319832e-11	3.059954500e-11	3.007001386e-11	3.053858147e-11	3.044498852e-11	3.128935972e-11	3.117542047e-11	3.133932117e-11	3.095349515e-11	3.110533879e-11	3.245309237e-11	3.147217494e-11	3.314509244e-11	3.448380322e-11	3.619100799e-11	3.756928101e-11	4.002990152e-11	4.299910401e-11	4.814656566e-11	5.494757815e-11	6.359723984e-11	7.654712842e-11	9.514379178e-11	1.213079954e-10	1.560143268e-10	1.975613836e-10	2.427672316e-10	2.870391093e-10	3.206532969e-10	3.445596648e-10	3.609196676e-10	3.694550132e-10	3.671166965e-10	3.662891299e-10	1.041437865e-10	1.105090869e-10	1.176346604e-10	1.258571253e-10	1.340489200e-10	1.437772367e-10	1.520914106e-10	1.639710841e-10	1.746237254e-10	1.857654313e-10	1.989787668e-10	2.153360567e-10	2.356698414e-10	2.545177439e-10	2.480736958e-10	1.888964999e-10	1.164691946e-10	7.443563525e-11	6.931130809e-11	6.177180049e-11	5.911623235e-11	5.732583384e-11	5.668258953e-11	5.423922570e-11	5.338792169e-11	5.154175926e-11	4.976017748e-11	4.930193373e-11	4.841558888e-11	4.659218416e-11	4.593959562e-11	4.510592507e-11	4.295743179e-11	4.421400383e-11	4.254379917e-11	4.211961662e-11	4.093079020e-11	4.075626421e-11	4.133741465e-11	4.153394478e-11	4.163055199e-11	4.103425487e-11	4.182293751e-11	4.068919680e-11	4.134713566e-11	4.088444586e-11	3.996464266e-11	4.054036742e-11	4.079025006e-11	4.071971624e-11	4.070366527e-11	4.086304457e-11	4.030796753e-11	3.943955757e-11	3.968702879e-11	3.924935740e-11	3.997119869e-11	3.916759544e-11	3.939140467e-11	3.913089675e-11	3.935583633e-11	3.899706335e-11	3.935289743e-11	3.955221575e-11	3.990556305e-11	3.920889088e-11	3.907196786e-11	3.941898520e-11	3.940218067e-11	3.899970083e-11	3.881266564e-11	3.815028074e-11	3.857672399e-11	3.825449898e-11	3.844703521e-11	3.809542110e-11	3.776875005e-11	3.649122886e-11	3.683395088e-11	3.652453650e-11	3.596147165e-11	3.634767446e-11	3.689280442e-11	3.727750009e-11
3.565770902e-11	4.059628205e-11	4.075242102e-11	4.078022762e-11	4.020706499e-11	4.115203730e-11	4.052167898e-11	4.132174047e-11	4.116620435e-11	4.082800373e-11	4.125881767e-11	4.113131423e-11	4.022055383e-11	4.012040485e-11	4.039259304e-11	4.013110549e-11	4.024851114e-11	4.060540021e-11	3.990066487e-11	4.034956440e-11	4.067013157e-11	4.069401962e-11	4.114721448e-11	4.018747226e-11	4.046599042e-11	4.067186477e-11	4.068452468e-11	4.058384821e-11	4.084993252e-11	4.110900866e-11	4.076847199e-11	4.179535698e-11	4.079710751e-11	4.065558773e-11	4.078346796e-11	4.102506136e-11	4.033675377e-11	4.137863473e-11	4.122566075e-11	4.085264536e-11	4.046161973e-11	4.014466969e-11	4.015898745e-11	3.980353016e-11	4.013532546e-11	4.094231976e-11	4.056176871e-11	4.068301755e-11	4.131330052e-11	4.051512295e-11	4.107524888e-11	3.992621077e-11	3.988890924e-11	4.008370616e-11	3.980948333e-11	4.069100536e-11	3.997338403e-11	4.032778633e-11	4.052047327e-11	4.046561363e-11	4.121699473e-11	4.121624117e-11	4.040088228e-11	4.047955461e-11	4.025657430e-11	4.100328329e-11	4.120019020e-11	4.116138153e-11	4.040321833e-11	4.061429229e-11	4.043562169e-11	4.127434114e-11	3.969268053e-11	3.921258335e-11	4.041429576e-11	3.992116188e-11	3.987602325e-11	4.006185273e-11	3.926510693e-11	3.991814761e-11	3.987662610e-11	3.925312523e-11	3.978815740e-11	3.942591801e-11	3.906156864e-11	3.948733368e-11	4.015936423e-11	3.989516384e-11	3.964407550e-11	3.897860097e-11	3.940157782e-11	3.888380232e-11	4.007805441e-11	4.011384882e-11	3.942825407e-11	4.019576149e-11	4.018739690e-11	3.951905883e-11	3.970292904e-11	3.971227326e-11	3.925892769e-11	3.943141905e-11	3.860852449e-11	3.950210358e-11	3.893828517e-11	3.977233251e-11	4.037541173e-11	3.991129016e-11	4.082069414e-11	4.010563494e-11	4.015755567e-11	3.995680557e-11	4.003035366e-11	4.002756546e-11	4.010955349e-11	4.085189179e-11	4.004173251e-11	4.054549168e-11	4.024843578e-11	4.071738018e-11	4.123590925e-11	4.097125672e-11	3.930956735e-11	4.013381833e-11	4.070871417e-11	4.005280994e-11	4.060057738e-11	4.060637984e-11	4.122377683e-11	4.125444698e-11	4.087095702e-11	4.122226970e-11	4.061135338e-11	4.126107837e-11	4.156574528e-11	4.209120716e-11	4.138277935e-11	4.147011770e-11	4.182444464e-11	4.293746227e-11	4.298101841e-11	4.322879106e-11	4.324808236e-11	4.374166838e-11	4.491188171e-11	4.567840949e-11	4.762306305e-11	5.076649011e-11	5.280036593e-11	5.721634064e-11	6.365134591e-11	7.093938839e-11	7.920005908e-11	9.316439881e-11	1.096757178e-10	1.308118247e-10	1.610877882e-10	1.925383358e-10	2.279283780e-10	2.652543324e-10	3.013531039e-10	3.300634578e-10	3.551693528e-10	3.665623731e-10	3.810619710e-10	3.842285326e-10	3.821998564e-10	3.799997438e-10	1.146767614e-10	1.220242603e-10	1.288361995e-10	1.368297309e-10	1.458846606e-10	1.545240738e-10	1.637310732e-10	1.724976131e-10	1.834195790e-10	1.917030074e-10	2.039148530e-10	2.161149430e-10	2.252537447e-10	2.387277387e-10	2.558875016e-10	2.460927957e-10	1.972621424e-10	1.771915784e-10	1.146016309e-10	7.897843519e-11	6.636207511e-11	6.155884261e-11	5.922338950e-11	5.734301515e-11	5.615313374e-11	5.504313038e-11	5.320382540e-11	5.371579845e-11	5.382408594e-11	5.276170797e-11	5.293216470e-11	5.059595802e-11	4.978504517e-11	4.896260276e-11	4.763466797e-11	4.831197349e-11	4.818160650e-11	4.832508555e-11	4.713972554e-11	4.727702534e-11	4.535482806e-11	4.665962836e-11	4.620364530e-11	4.569611830e-11	4.386012903e-11	4.434203477e-11	4.494812825e-11	4.351808522e-11	4.313180706e-11	4.269338210e-11	4.263867318e-11	4.283279190e-11	4.213468794e-11	4.227771485e-11	4.214825214e-11	4.208593220e-11	4.243310026e-11	4.211388951e-11	4.377052998e-11	4.419267790e-11	4.215510959e-11	4.378522452e-11	4.304039945e-11	4.460668730e-11	4.417715443e-11	4.327408040e-11	4.299571296e-11	4.328199285e-11	4.362381059e-11	4.291432778e-11	4.236339536e-11	4.174720408e-11	4.254847128e-11	4.273226613e-11	4.161261711e-11	4.317114323e-11	4.248773382e-11	4.238133024e-11	4.200891771e-11	4.192157935e-11	4.322713321e-11	4.322291324e-11	4.340851666e-11
4.706346461e-11	4.778199021e-11	4.908000841e-11	4.977155633e-11	5.003553066e-11	4.992656495e-11	5.000561407e-11	5.026273094e-11	4.967540126e-11	4.993274420e-11	4.973342587e-11	5.056325324e-11	5.038578834e-11	4.956937446e-11	4.975121004e-11	4.979190263e-11	5.089030107e-11	5.039686577e-11	5.061404361e-11	5.056965855e-11	5.125480116e-11	5.068043282e-11	5.093739897e-11	5.068713956e-11	5.031713844e-11	5.035677603e-11	5.088902001e-11	4.951097306e-11	4.960788170e-11	4.976138319e-11	4.976326710e-11	4.972468450e-11	4.910894536e-11	4.866321081e-11	4.893773507e-11	4.965595924e-11	4.828047442e-11	5.035639925e-11	4.948037826e-11	5.030312210e-11	5.024652926e-11	4.896765165e-11	4.933222710e-11	4.995331656e-11	5.118102701e-11	5.092406085e-11	5.018006470e-11	5.073190141e-11	5.082413794e-11	5.071728222e-11	5.050326935e-11	5.011397692e-11	5.016062269e-11	5.076641475e-11	5.070673229e-11	5.032316697e-11	5.103935651e-11	5.133837168e-11	5.132955495e-11	5.092285514e-11	5.173195943e-11	5.194310875e-11	5.078578141e-11	5.205554086e-11	5.234498573e-11	5.192909241e-11	5.090567383e-11	5.022444976e-11	5.220964520e-11	5.232863334e-11	5.312002882e-11	5.230858847e-11	5.207746964e-11	5.178274981e-11	5.173150729e-11	5.201763647e-11	5.066747148e-11	5.098607937e-11	5.385106362e-11	5.333464454e-11	5.350638233e-11	5.194853443e-11	5.412943106e-11	5.449204724e-11	5.363870860e-11	5.413056141e-11	5.365016281e-11	5.463650592e-11	5.460598648e-11	5.559285709e-11	5.448858083e-11	5.469528411e-11	5.558298537e-11	5.439408360e-11	5.401368326e-11	5.354179995e-11	5.321776638e-11	5.312771519e-11	5.372423839e-11	5.284045567e-11	5.361783481e-11	5.371082491e-11	5.410818049e-11	5.439626894e-11	5.501012417e-11	5.496747230e-11	5.579978644e-11	5.457878273e-11	5.488073681e-11	5.426303839e-11	5.464788478e-11	5.451940170e-11	5.399175448e-11	5.509527717e-11	5.519663186e-11	5.486385692e-11	5.540032087e-11	5.513212657e-11	5.608493598e-11	5.491457194e-11	5.554425206e-11	5.577461732e-11	5.611153688e-11	5.637475763e-11	5.681936183e-11	5.742048179e-11	5.794308011e-11	5.807307032e-11	5.707542371e-11	5.753705851e-11	5.758724604e-11	5.839898781e-11	6.018539242e-11	5.924215330e-11	6.052984764e-11	6.101356194e-11	6.171671478e-11	6.343936767e-11	6.169312815e-11	6.300229913e-11	6.439300600e-11	6.533556690e-11	6.680487075e-11	6.894831514e-11	7.005048142e-11	7.245172088e-11	7.705819718e-11	7.924210809e-11	8.476009836e-11	8.994124442e-11	1.061488761e-10	1.156296462e-10	1.322063747e-10	1.469575132e-10	1.638796012e-10	1.823428079e-10	2.043230600e-10	2.294914255e-10	2.556540467e-10	2.842922843e-10	3.075169760e-10	3.309501041e-10	3.516169652e-10	3.667809827e-10	3.793837032e-10	3.869012820e-10	3.935648440e-10	3.977591948e-10	3.971736737e-10	6.369580633e-11	6.760636402e-11	7.143184406e-11	7.703393234e-11	7.985573724e-11	8.367164699e-11	8.902046159e-11	9.255679819e-11	9.589072684e-11	1.013205498e-10	1.053183705e-10	1.106623623e-10	1.168293240e-10	1.197502229e-10	1.272947794e-10	1.299786816e-10	1.365565631e-10	1.431513244e-10	1.538678682e-10	1.567853760e-10	1.688929280e-10	1.832481426e-10	1.970246936e-10	2.083331638e-10	2.200420038e-10	2.279059971e-10	2.304061045e-10	2.329954341e-10	2.374328855e-10	2.352853718e-10	2.324368153e-10	2.288453930e-10	2.262433281e-10	2.218757324e-10	2.245010825e-10	2.203530007e-10	2.068686074e-10	2.062437501e-10	2.017720115e-10	1.935951374e-10	1.880381877e-10	1.800598784e-10	1.836274126e-10	1.761230212e-10	1.777067918e-10	1.720313062e-10	1.650311261e-10	1.509768105e-10	1.535298182e-10	1.548196226e-10	1.557511814e-10	1.495771362e-10	1.358492656e-10	1.327359059e-10	1.268357820e-10	1.242778761e-10	1.302722711e-10	1.235503077e-10	1.246411705e-10	1.234622912e-10	1.222514606e-10	1.143934958e-10	1.239983030e-10	1.217724938e-10	1.137118950e-10	1.094134013e-10	1.088152202e-10	1.060878372e-10	1.053407514e-10	2.205309177e-10	2.185766185e-10	2.076242085e-10	1.973017800e-10	1.974122528e-10	1.540692965e-10	1.271745855e-10	1.069756892e-10	1.004073780e-10	9.764096025e-11	9.546496180e-11	9.077167464e-11	9.191543779e-11
1.176218498e-10	1.187087187e-10	1.192341052e-10	1.178779117e-10	1.169093527e-10	1.160819368e-10	1.221332260e-10	1.213290953e-10	1.230579274e-10	1.229853590e-10	1.218662374e-10	1.217353429e-10	1.225308830e-10	1.191059989e-10	1.201421528e-10	1.180958431e-10	1.186908592e-10	1.216300697e-10	1.218376019e-10	1.211506507e-10	1.204026607e-10	1.195918986e-10	1.208955685e-10	1.199204535e-10	1.184278645e-10	1.168707701e-10	1.193303356e-10	1.197422351e-10	1.195958171e-10	1.167479388e-10	1.169868194e-10	1.190458643e-10	1.200828471e-10	1.177516893e-10	1.143583043e-10	1.152476634e-10	1.137817506e-10	1.169087499e-10	1.171529054e-10	1.179186043e-10	1.136529661e-10	1.181397760e-10	1.168346743e-10	1.174520713e-10	1.169315076e-10	1.179140075e-10	1.159324292e-10	1.197521068e-10	1.154503728e-10	1.143922901e-10	1.154219633e-10	1.204274530e-10	1.162518660e-10	1.176325505e-10	1.154046313e-10	1.158256488e-10	1.151258117e-10	1.157823941e-10	1.181445235e-10	1.172630768e-10	1.172409973e-10	1.151408830e-10	1.161753037e-10	1.171627018e-10	1.157983697e-10	1.131473983e-10	1.118875860e-10	1.113557188e-10	1.124415327e-10	1.107472892e-10	1.118352131e-10	1.111161600e-10	1.087920104e-10	1.092973520e-10	1.072141176e-10	1.071512702e-10	1.082248009e-10	1.050245550e-10	1.080542688e-10	1.079367125e-10	1.068625035e-10	1.087704584e-10	1.046574927e-10	1.052277918e-10	1.046496557e-10	1.029568440e-10	1.028735749e-10	1.014787988e-10	1.012098509e-10	1.004724108e-10	1.018674884e-10	9.988666361e-11	1.006442993e-10	9.864659467e-11	9.907657968e-11	9.942389846e-11	9.863468832e-11	9.761209866e-11	9.940023647e-11	9.868005302e-11	9.826483791e-11	9.770147164e-11	9.769122314e-11	9.658875543e-11	9.601596958e-11	9.550241405e-11	1.004229768e-10	1.004647998e-10	9.925080424e-11	1.005141584e-10	1.000286355e-10	9.834494202e-11	9.871969062e-11	9.932819552e-11	9.846332731e-11	9.864312827e-11	9.844569386e-11	9.861019741e-11	9.780365525e-11	9.733674548e-11	9.689741625e-11	9.678031202e-11	9.601174961e-11	9.678257272e-11	9.598688192e-11	9.562547145e-11	9.432436363e-11	9.570105416e-11	9.469662545e-11	9.424531451e-11	9.574144533e-11	9.433325572e-11	9.634987487e-11	9.645665524e-11	9.538900230e-11	9.564529025e-11	9.631995828e-11	9.672206134e-11	9.799686969e-11	9.873981084e-11	9.976104408e-11	1.010292964e-10	1.016021576e-10	1.020654503e-10	1.038363314e-10	1.058209993e-10	1.104072047e-10	1.133145394e-10	1.198204553e-10	1.286543639e-10	1.365108216e-10	1.494576206e-10	1.606287156e-10	1.658110673e-10	1.882139194e-10	2.047019532e-10	2.194952913e-10	2.379404125e-10	2.555492256e-10	2.733995568e-10	2.916752762e-10	3.085539587e-10	3.245957304e-10	3.371756933e-10	3.546227157e-10	3.688636143e-10	3.749491908e-10	3.855883432e-10	3.866294706e-10	3.893562508e-10	3.925610182e-10	3.921352531e-10	7.596529977e-11	8.022061411e-11	8.555104169e-11	9.148786419e-11	9.700299091e-11	1.026144234e-10	1.097789564e-10	1.134366925e-10	1.191473697e-10	1.242511999e-10	1.308616354e-10	1.343523812e-10	1.417713936e-10	1.471719028e-10	1.551429779e-10	1.601074736e-10	1.658722569e-10	1.751986966e-10	1.789555268e-10	1.889962721e-10	1.946710042e-10	2.020030550e-10	2.124270642e-10	2.203042449e-10	2.448542339e-10	2.413077995e-10	2.527079033e-10	2.638670166e-10	2.770364191e-10	2.890937836e-10	2.990108687e-10	3.026097513e-10	3.128232894e-10	3.216023385e-10	3.251289541e-10	3.291137380e-10	3.310139312e-10	3.347287123e-10	3.359396182e-10	3.411926545e-10	3.325635652e-10	3.417889517e-10	3.444928988e-10	3.440812254e-10	3.503388412e-10	3.523611121e-10	3.544453261e-10	3.513306853e-10	3.485697686e-10	3.542163173e-10	3.547416284e-10	3.497992122e-10	3.499157136e-10	3.030478748e-10	3.030325774e-10	3.164775592e-10	3.151810481e-10	3.313932012e-10	3.336561612e-10	3.332799055e-10	3.273191196e-10	2.703941077e-10	3.218436304e-10	3.201781732e-10	3.246163782e-10	3.203822390e-10	3.168033259e-10	3.187818146e-10	3.164341537e-10	3.340333212e-10	3.099830975e-10	2.740409925e-10	2.751000548e-10	2.726208212e-10	2.780637562e-10	2.808337911e-10	2.934824038e-10	2.981284424e-10	3.036447748e-10
3.205459137e-10	3.208520124e-10	3.285644635e-10	3.283644669e-10	3.308768574e-10	3.360313273e-10	3.298221659e-10	3.318412718e-10	3.334109507e-10	3.321977841e-10	3.294704010e-10	3.333206734e-10	3.373083963e-10	3.387755902e-10	3.414603213e-10	3.410047904e-10	3.424769578e-10	3.466447077e-10	3.477397151e-10	3.435590792e-10	3.460185694e-10	3.455026024e-10	3.473909646e-10	3.471368620e-10	3.508319750e-10	3.458539905e-10	3.496735173e-10	3.509925600e-10	3.509640752e-10	3.459823228e-10	3.455426922e-10	3.447200237e-10	3.476449165e-10	3.483611060e-10	3.431127418e-10	3.441801687e-10	3.431749864e-10	3.445080455e-10	3.455779591e-10	3.425494509e-10	3.456294277e-10	3.460330379e-10	3.432819175e-10	3.423044665e-10	3.415105842e-10	3.395681914e-10	3.404907828e-10	3.400985514e-10	3.406511417e-10	3.417727500e-10	3.369767517e-10	3.388932973e-10	3.397473141e-10	3.394015778e-10	3.426346793e-10	3.397394770e-10	3.433753597e-10	3.424199128e-10	3.444751900e-10	3.419612923e-10	3.429530611e-10	3.435673685e-10	3.414742623e-10	3.434211766e-10	3.420963314e-10	3.394239587e-10	3.356330674e-10	3.363861063e-10	3.376193178e-10	3.370468334e-10	3.403132425e-10	3.406005774e-10	3.415386169e-10	3.366001192e-10	3.411948399e-10	3.405845264e-10	3.427902154e-10	3.411835364e-10	3.402113603e-10	3.375612932e-10	3.387701645e-10	3.382139571e-10	3.393973578e-10	3.414548203e-10	3.365527199e-10	3.358185955e-10	3.314755660e-10	3.313072946e-10	3.299351255e-10	3.320460911e-10	3.289820146e-10	3.277408153e-10	3.250716077e-10	3.238975511e-10	3.232061539e-10	3.215159044e-10	3.197808930e-10	3.191257424e-10	3.153651444e-10	3.149575403e-10	3.156688317e-10	3.161229308e-10	3.127186190e-10	3.135931329e-10	3.117084632e-10	3.126359528e-10	3.090922313e-10	3.054387904e-10	3.043611151e-10	2.953307516e-10	3.046235069e-10	3.040244969e-10	3.020670327e-10	3.018989874e-10	2.947480940e-10	2.955131901e-10	2.915454367e-10	2.913678964e-10	2.924623010e-10	2.890319158e-10	2.855489317e-10	2.891904662e-10	2.870676695e-10	2.809398933e-10	2.790678082e-10	2.791470080e-10	2.815753005e-10	2.796575493e-10	2.734110863e-10	2.703341992e-10	2.702221439e-10	2.704242504e-10	2.718912182e-10	2.687036321e-10	2.723232378e-10	2.770600811e-10	2.759938599e-10	2.708996754e-10	2.769988915e-10	2.778240468e-10	2.830137081e-10	2.790318630e-10	2.798017065e-10	2.832710511e-10	2.817973765e-10	2.824529793e-10	2.868973635e-10	2.941960313e-10	2.945850976e-10	3.030442577e-10	3.103877627e-10	3.206482480e-10	3.247484784e-10	3.339615817e-10	3.394408386e-10	3.510682181e-10	3.610205701e-10	3.666747298e-10	3.727739459e-10	3.758812018e-10	3.804281463e-10	3.800698255e-10	3.881785772e-10	3.904400301e-10	3.907199046e-10	3.913271285e-10	3.899759838e-10	3.913667661e-10	3.927811349e-10	3.856643781e-10	3.908630069e-10	3.864296248e-10	3.809657406e-10	9.404388620e-11	9.815059724e-11	1.057653861e-10	1.107781101e-10	1.175846236e-10	1.244779480e-10	1.286889526e-10	1.328698900e-10	1.381759774e-10	1.429584868e-10	1.476383605e-10	1.552554100e-10	1.598625646e-10	1.653515425e-10	1.715796184e-10	1.788766284e-10	1.837589100e-10	1.888640966e-10	1.921569558e-10	1.981756910e-10	2.043854553e-10	2.096840823e-10	2.152883560e-10	2.209684384e-10	2.271714205e-10	2.320100707e-10	2.396013483e-10	2.442105374e-10	2.504987479e-10	2.560523819e-10	2.599453815e-10	2.894060615e-10	2.821455996e-10	2.806799129e-10	2.840458681e-10	2.901503591e-10	2.986116292e-10	3.039641363e-10	3.402268838e-10	3.405382574e-10	3.416530083e-10	3.415758431e-10	3.448467736e-10	3.483973526e-10	3.531829516e-10	3.471975994e-10	3.550755337e-10	3.661332923e-10	3.742189849e-10	3.777834295e-10	3.808598645e-10	3.841337339e-10	3.894063630e-10	3.917956961e-10	3.988645261e-10	4.010668240e-10	3.631603974e-10	3.668119543e-10	3.748404511e-10	3.822078442e-10	3.913310470e-10	3.991779344e-10	4.064671072e-10	4.110899359e-10	4.177638217e-10	4.218345876e-10	4.264687952e-10	4.289781714e-10	4.345131170e-10	4.332453921e-10	4.368675599e-10	4.379892436e-10	4.385183226e-10	4.419848789e-10	4.356852896e-10	3.827993938e-10	3.762302537e-10	3.814780151e-10
5.424701757e-10	5.479473980e-10	5.478395627e-10	5.474251011e-10	5.515943582e-10	5.513199093e-10	5.516475600e-10	5.529430914e-10	5.536469225e-10	5.534309503e-10	5.520015855e-10	5.512323449e-10	5.508202947e-10	5.517734056e-10	5.532942534e-10	5.537929636e-10	5.576373582e-10	5.571254605e-10	5.574574065e-10	5.634819442e-10	5.586138296e-10	5.621018626e-10	5.609880160e-10	5.598011489e-10	5.608440848e-10	5.588741868e-10	5.609748286e-10	5.612358640e-10	5.611659331e-10	5.596984378e-10	5.529874765e-10	5.560251028e-10	5.573806935e-10	5.658140062e-10	5.624914564e-10	5.688269156e-10	5.688821520e-10	5.624812833e-10	5.673004914e-10	5.662951584e-10	5.631580613e-10	5.612667603e-10	5.581627447e-10	5.602309832e-10	5.558559271e-10	5.557560042e-10	5.574377385e-10	5.581759321e-10	5.553114754e-10	5.543153359e-10	5.583124030e-10	5.586771292e-10	5.591985972e-10	5.651197455e-10	5.608905045e-10	5.608088179e-10	5.563377575e-10	5.611431754e-10	5.617001363e-10	5.634588097e-10	5.675080990e-10	5.680129131e-10	5.647405508e-10	5.661304288e-10	5.625954486e-10	5.621350949e-10	5.658722569e-10	5.648427345e-10	5.652659374e-10	5.652079127e-10	5.657840897e-10	5.634015386e-10	5.618745870e-10	5.643245822e-10	5.622420259e-10	5.595560137e-10	5.656459609e-10	5.632956625e-10	5.642453823e-10	5.587042576e-10	5.553163736e-10	5.579740517e-10	5.635277610e-10	5.636646840e-10	5.663757900e-10	5.659994589e-10	5.625031367e-10	5.582082601e-10	5.584455582e-10	5.567253167e-10	5.554348342e-10	5.556838126e-10	5.561668487e-10	5.510214216e-10	5.539175282e-10	5.555233783e-10	5.509780162e-10	5.506267035e-10	5.519331617e-10	5.492802310e-10	5.502995803e-10	5.557556274e-10	5.506872903e-10	5.586723817e-10	5.553353634e-10	5.557899901e-10	5.533121129e-10	5.500903149e-10	5.543002646e-10	5.575380382e-10	5.467703273e-10	5.472997077e-10	5.449908555e-10	5.417544383e-10	5.410687682e-10	5.439421924e-10	5.408836169e-10	5.379528463e-10	5.314052582e-10	5.312620806e-10	5.352843922e-10	5.319754066e-10	5.241539898e-10	5.210214895e-10	5.305902761e-10	5.282740390e-10	5.312426386e-10	5.259922398e-10	5.228455724e-10	5.293735678e-10	5.264791191e-10	5.388073907e-10	5.437676664e-10	5.447404453e-10	5.441504782e-10	5.475700873e-10	5.418996506e-10	5.540346324e-10	5.498401309e-10	5.511288049e-10	5.483177006e-10	5.478731718e-10	5.452660579e-10	5.518731024e-10	5.469339265e-10	5.638386072e-10	5.629337246e-10	5.654290845e-10	5.629819528e-10	5.559975223e-10	5.608490584e-10	5.635843539e-10	5.636792279e-10	5.631405786e-10	5.506804328e-10	5.442222931e-10	5.456257352e-10	5.533665204e-10	5.568513131e-10	5.558592428e-10	5.587458544e-10	5.560401741e-10	5.570724848e-10	5.581258200e-10	5.583563359e-10	5.604186966e-10	5.631515053e-10	5.684805011e-10	5.509943686e-10	5.566892209e-10	5.505490862e-10	5.487751908e-10	5.434078384e-10	5.355086536e-10	5.412506792e-10	5.428802666e-10	1.229306500e-10	1.286829241e-10	1.358183694e-10	1.401678795e-10	1.464687500e-10	1.522685741e-10	1.580501619e-10	1.641862274e-10	1.709058547e-10	1.762716999e-10	1.812261732e-10	1.870522968e-10	1.926655378e-10	1.959388797e-10	2.013506925e-10	2.083006097e-10	2.125525330e-10	2.162463650e-10	2.218687996e-10	2.276145176e-10	2.313479872e-10	2.374333376e-10	2.409738188e-10	2.452491027e-10	2.510931612e-10	2.567039908e-10	2.586325934e-10	2.667662882e-10	2.674542190e-10	2.745536438e-10	2.769499097e-10	2.819721286e-10	2.848973982e-10	2.923432375e-10	3.139240993e-10	3.206540505e-10	3.217139417e-10	3.248743993e-10	3.258514736e-10	3.289209004e-10	3.580758585e-10	3.233220524e-10	3.260769406e-10	3.301717453e-10	3.342329410e-10	3.393628445e-10	3.681774167e-10	3.467321214e-10	3.496845194e-10	3.761031271e-10	4.044888446e-10	4.087573463e-10	4.141817436e-10	3.944130584e-10	3.909072412e-10	3.946697985e-10	3.980927233e-10	3.775294023e-10	3.803568589e-10	3.952412279e-10	3.979334194e-10	3.958223784e-10	3.991049138e-10	4.195945360e-10	4.234897210e-10	4.381090607e-10	4.439206404e-10	4.448670445e-10	4.563850061e-10	4.713390047e-10	4.764825478e-10	4.810774945e-10	4.856843476e-10	4.859479451e-10	4.046568145e-10
6.645147823e-10	6.624533260e-10	6.637555641e-10	6.639652817e-10	6.663332889e-10	6.660171678e-10	6.664517495e-10	6.643969245e-10	6.675851888e-10	6.660230456e-10	6.646298519e-10	6.659760230e-10	6.677686822e-10	6.673212145e-10	6.678760654e-10	6.682974598e-10	6.689774782e-10	6.676784050e-10	6.666402918e-10	6.672530167e-10	6.668359177e-10	6.671102912e-10	6.687090578e-10	6.679163059e-10	6.679867644e-10	6.674316873e-10	6.689069443e-10	6.691980471e-10	6.695501133e-10	6.685301611e-10	6.684826111e-10	6.694144713e-10	6.675865452e-10	6.682436552e-10	6.696444598e-10	6.701131028e-10	6.703885313e-10	6.704696151e-10	6.699943407e-10	6.699496542e-10	6.708028422e-10	6.693388133e-10	6.693907340e-10	6.695337609e-10	6.701465611e-10	6.712879129e-10	6.708313270e-10	6.689526105e-10	6.692412264e-10	6.710380302e-10	6.704498716e-10	6.703899631e-10	6.725170551e-10	6.704289978e-10	6.708711153e-10	6.706216094e-10	6.727108724e-10	6.718819493e-10	6.725181101e-10	6.712081102e-10	6.727367197e-10	6.710324538e-10	6.706737562e-10	6.715614575e-10	6.708139949e-10	6.709080400e-10	6.707882983e-10	6.714396058e-10	6.714197870e-10	6.704565030e-10	6.719529353e-10	6.725971592e-10	6.707580049e-10	6.719793854e-10	6.720368072e-10	6.715637182e-10	6.716332724e-10	6.717222686e-10	6.700074528e-10	6.714395304e-10	6.714919787e-10	6.718263361e-10	6.709390116e-10	6.704448981e-10	6.699902715e-10	6.684839675e-10	6.694694817e-10	6.695074614e-10	6.695974373e-10	6.700379722e-10	6.686217948e-10	6.691865175e-10	6.685697987e-10	6.686539721e-10	6.690520059e-10	6.694953290e-10	6.686865262e-10	6.679588070e-10	6.672873793e-10	6.673570842e-10	6.658773812e-10	6.676725272e-10	6.664029184e-10	6.686027296e-10	6.694887730e-10	6.687762006e-10	6.699158191e-10	6.688731846e-10	6.672495503e-10	6.686626381e-10	6.682758324e-10	6.693392654e-10	6.701974269e-10	6.698386539e-10	6.696009037e-10	6.685417660e-10	6.690153072e-10	6.689207346e-10	6.701779849e-10	6.693592349e-10	6.692237437e-10	6.692206541e-10	6.682795249e-10	6.686997889e-10	6.694360987e-10	6.697202686e-10	6.700795691e-10	6.701030050e-10	6.678291183e-10	6.681902273e-10	6.681525490e-10	6.686916504e-10	6.677606944e-10	6.684566884e-10	6.672642449e-10	6.689275921e-10	6.691351243e-10	6.690703929e-10	6.684040141e-10	6.688269156e-10	6.704510020e-10	6.699109209e-10	6.687738645e-10	6.705840818e-10	6.706326868e-10	6.702976512e-10	6.696811585e-10	6.712108230e-10	6.706538621e-10	6.699554567e-10	6.699621634e-10	6.694525264e-10	6.681562415e-10	6.678563974e-10	6.673900905e-10	6.672047885e-10	6.664743565e-10	6.659803937e-10	6.662131704e-10	6.664606416e-10	6.660389458e-10	6.656381992e-10	6.648178668e-10	6.635267814e-10	6.644002402e-10	6.635310767e-10	6.639928622e-10	6.618173913e-10	6.620484347e-10	6.604346722e-10	6.606956323e-10	6.585761513e-10	6.577060081e-10	6.568024819e-10	6.569102419e-10	6.576340425e-10	6.560037769e-10	6.528272683e-10	6.540203146e-10	6.510456111e-10	6.501279179e-10	6.492317013e-10	6.478621697e-10	6.463378555e-10	6.440136305e-10	6.425767300e-10	6.401574050e-10	2.080859940e-10	2.146542298e-10	2.179999895e-10	2.235791693e-10	2.290630984e-10	2.353153638e-10	2.399325407e-10	2.460729769e-10	2.512036340e-10	2.551340858e-10	2.601187771e-10	2.652956279e-10	2.695157507e-10	2.760307093e-10	2.808140477e-10	2.838301974e-10	2.939277616e-10	2.952648899e-10	2.983718443e-10	3.015005769e-10	3.052112887e-10	3.074177313e-10	3.091813028e-10	3.129238152e-10	3.183305037e-10	3.216048252e-10	3.267097857e-10	3.303080655e-10	4.151151864e-10	4.310997624e-10	4.350817582e-10	3.451702043e-10	3.505841270e-10	3.528155126e-10	3.555941382e-10	3.569605802e-10	3.609040687e-10	3.648051315e-10	4.293696492e-10	4.273283884e-10	4.392263736e-10	4.471732592e-10	3.916965267e-10	3.816080806e-10	3.870495839e-10	3.928644040e-10	3.986023603e-10	3.896156284e-10	3.927019351e-10	3.937208323e-10	3.980656703e-10	3.996337667e-10	4.594533026e-10	4.654846223e-10	4.727119274e-10	4.771554073e-10	4.876408321e-10	4.963961438e-10	5.109854916e-10	5.264852983e-10	5.348552361e-10	5.434641299e-10	5.493553616e-10	5.513909706e-10
5.098328364e-10	5.167737861e-10	5.127416028e-10	5.008427134e-10	4.995015158e-10	4.987820106e-10	4.905187777e-10	4.950795126e-10	4.906862202e-10	4.788066220e-10	4.851194742e-10	4.889792415e-10	4.762946837e-10	4.739483792e-10	4.619712695e-10	4.631836826e-10	4.559498215e-10	4.536633502e-10	4.440366143e-10	4.432656405e-10	4.383877295e-10	4.416143503e-10	4.490696845e-10	4.333187895e-10	4.318322290e-10	4.289330328e-10	4.274284621e-10	4.194851935e-10	4.207829103e-10	4.160681465e-10	4.198643882e-10	4.103584489e-10	4.025239201e-10	4.075087621e-10	4.023431395e-10	4.021830820e-10	4.043021862e-10	4.008339720e-10	3.948734121e-10	3.997507956e-10	3.979380915e-10	3.967284667e-10	3.958330790e-10	3.855303940e-10	3.815637709e-10	3.886519676e-10	3.765687558e-10	3.869867365e-10	3.832446762e-10	3.802007200e-10	3.763968673e-10	3.629465352e-10	3.709943234e-10	3.706501696e-10	3.703695414e-10	3.738935949e-10	3.731563809e-10	3.730055169e-10	3.700712798e-10	3.817122989e-10	3.860863753e-10	3.893569290e-10	3.811909816e-10	3.961511594e-10	4.326217405e-10	4.381429711e-10	4.199948305e-10	4.265595999e-10	4.207257900e-10	4.227111361e-10	4.147891182e-10	4.231078135e-10	4.141641855e-10	4.188331325e-10	4.169265341e-10	4.309078290e-10	4.264286301e-10	4.355093318e-10	4.164452312e-10	3.673685385e-10	3.688544961e-10	3.668099950e-10	3.702053393e-10	3.673844387e-10	3.647941294e-10	3.587606243e-10	3.599196095e-10	3.596269997e-10	3.624072831e-10	3.605541125e-10	3.579665914e-10	3.541799954e-10	3.647535122e-10	3.536660631e-10	3.500378667e-10	3.578545361e-10	3.548499159e-10	3.533289928e-10	3.654652557e-10	3.607579522e-10	3.621605654e-10	3.619861901e-10	3.629025269e-10	3.743868795e-10	3.666139924e-10	3.641031843e-10	3.648438648e-10	3.601445491e-10	3.701411355e-10	3.657791915e-10	3.680248948e-10	3.749423333e-10	3.650543359e-10	3.602704701e-10	3.738398656e-10	3.796314759e-10	3.739477763e-10	3.698542527e-10	3.698025581e-10	3.664343421e-10	3.702476898e-10	3.775784595e-10	3.715105164e-10	3.856471968e-10	3.848215894e-10	3.930105959e-10	3.861918746e-10	3.818242035e-10	4.001027111e-10	4.024413292e-10	4.006218430e-10	4.067738087e-10	4.091528934e-10	4.094023238e-10	4.295575133e-10	4.293337794e-10	4.321304152e-10	4.319646306e-10	4.490252995e-10	4.520725715e-10	4.506530030e-10	4.634088482e-10	4.721727506e-10	4.769503618e-10	4.863458282e-10	4.877615535e-10	4.924353233e-10	5.083672250e-10	5.098784271e-10	5.405058541e-10	5.225109135e-10	5.324231758e-10	5.345618727e-10	5.360586817e-10	5.388437126e-10	5.417341674e-10	5.413052374e-10	5.410955198e-10	5.398430924e-10	5.406411193e-10	5.410160939e-10	5.458409538e-10	5.379861540e-10	5.374960344e-10	5.359973414e-10	5.354717288e-10	5.335505865e-10	5.306373740e-10	5.292110988e-10	5.280548265e-10	5.255835807e-10	5.245092964e-10	5.220625415e-10	5.184063125e-10	5.192457101e-10	5.152143557e-10	5.123288745e-10	1.588780300e-10	1.656612583e-10	1.724038694e-10	1.802565592e-10	1.870236612e-10	1.934793896e-10	2.002061004e-10	2.063732882e-10	2.143269559e-10	2.201661915e-10	2.269295257e-10	2.330599394e-10	2.377282082e-10	2.442990061e-10	2.502631077e-10	2.569315679e-10	2.626471433e-10	2.683214986e-10	2.744859735e-10	2.797707349e-10	2.863222416e-10	2.899949737e-10	2.956886203e-10	3.008645668e-10	3.060121038e-10	3.182638884e-10	3.237035831e-10	3.268142300e-10	3.256180940e-10	3.293591746e-10	3.014612407e-10	3.015608622e-10	3.402644114e-10	3.524731674e-10	3.629220443e-10	3.682022090e-10	3.690989531e-10	3.668411173e-10	3.630937821e-10	3.683976088e-10	3.738906560e-10	3.734911904e-10	3.812721407e-10	3.849597935e-10	3.892582872e-10	3.392716630e-10	3.472593919e-10	3.811487819e-10	4.289409453e-10	4.308898941e-10	4.309742182e-10	4.320662867e-10	4.458022205e-10	4.387747613e-10	4.390539576e-10	4.424981330e-10	4.276832429e-10	4.230234894e-10	4.265441518e-10	4.317206258e-10	4.390450655e-10	4.424783142e-10	4.524140878e-10	4.479856792e-10	4.507156997e-10	4.758145865e-10	4.734018928e-10	4.804830059e-10	4.852730510e-10	4.872182321e-10	4.847205361e-10	4.835978728e-10	4.119894682e-10	4.191307913e-10
1.264235058e-10	1.286582825e-10	1.272107567e-10	1.234142136e-10	1.239408058e-10	1.198854127e-10	1.207819307e-10	1.145671175e-10	1.136620842e-10	1.112194740e-10	1.099662176e-10	1.058586023e-10	1.074462914e-10	1.049918502e-10	1.076746974e-10	1.040481589e-10	1.008549211e-10	1.001724914e-10	1.000796520e-10	9.690434906e-11	9.781480803e-11	9.565553875e-11	9.479180090e-11	9.693313530e-11	9.508252683e-11	9.568914781e-11	9.276252183e-11	9.154822486e-11	9.104371213e-11	9.083678278e-11	8.720790823e-11	8.853365767e-11	8.735658689e-11	8.846613812e-11	9.064756225e-11	8.840924385e-11	8.887246114e-11	8.812454645e-11	8.938805130e-11	9.184769217e-11	9.210639152e-11	9.084966877e-11	9.320674924e-11	9.060724645e-11	9.185213821e-11	9.304917850e-11	9.282619819e-11	9.344600659e-11	9.311632127e-11	9.436490551e-11	9.305098706e-11	9.068930983e-11	9.196381675e-11	9.442466333e-11	9.258437872e-11	9.296440227e-11	9.631641652e-11	9.321149671e-11	9.179057183e-11	9.293260177e-11	9.199584333e-11	9.227142258e-11	9.150436729e-11	9.225152842e-11	9.130188399e-11	9.121755991e-11	9.204022839e-11	9.130595325e-11	9.245860848e-11	8.922324632e-11	9.013265030e-11	9.024206815e-11	9.138409809e-11	8.949121455e-11	8.943288850e-11	8.972881404e-11	9.323395299e-11	9.161031874e-11	9.238965715e-11	9.456045600e-11	9.482103927e-11	9.539857259e-11	9.310313386e-11	9.591838273e-11	9.219802520e-11	9.152358324e-11	9.481493539e-11	9.225454269e-11	9.072472745e-11	9.169795851e-11	9.028780963e-11	8.854352939e-11	8.858640732e-11	8.769772641e-11	8.855355182e-11	8.926401426e-11	8.780789783e-11	8.857148670e-11	9.165590951e-11	9.135862754e-11	9.088968315e-11	9.280050157e-11	9.467989628e-11	9.272823455e-11	9.425503552e-11	9.342046069e-11	9.303403181e-11	9.433016609e-11	9.347705353e-11	9.334517940e-11	9.230028417e-11	9.479180090e-11	9.069963369e-11	9.051998345e-11	8.882822679e-11	8.992579631e-11	8.642058201e-11	8.786969028e-11	8.786049677e-11	8.563988718e-11	8.512301595e-11	8.573521333e-11	8.522233601e-11	8.687015975e-11	8.470765013e-11	8.726578213e-11	8.642223986e-11	8.996867424e-11	9.125501216e-11	9.229787276e-11	9.300750628e-11	9.426792151e-11	9.386853129e-11	9.342076211e-11	9.797878409e-11	9.773372428e-11	9.950023474e-11	1.021007925e-10	1.040482343e-10	1.085875678e-10	1.118455370e-10	1.150074264e-10	1.221011995e-10	1.304141677e-10	1.428466575e-10	1.723637043e-10	1.964699180e-10	2.334935416e-10	2.396119736e-10	2.903754494e-10	3.196890333e-10	3.707360008e-10	3.704914685e-10	4.004094126e-10	4.117089907e-10	4.098246978e-10	4.166163661e-10	4.234844460e-10	4.267855945e-10	4.324893389e-10	4.359616977e-10	4.371463795e-10	4.380830626e-10	4.391522980e-10	4.391316503e-10	4.422650549e-10	4.413625838e-10	4.425938360e-10	4.453452578e-10	4.611264462e-10	4.448773684e-10	4.393866572e-10	1.235986867e-10	1.306804780e-10	1.382612057e-10	1.448744295e-10	1.516783055e-10	1.590249755e-10	1.665421775e-10	1.735929219e-10	1.805627333e-10	1.882552149e-10	1.951654191e-10	2.026866904e-10	2.091947917e-10	2.173940467e-10	2.238640174e-10	2.309180022e-10	2.386260072e-10	2.437997684e-10	2.527280989e-10	2.603055109e-10	2.671347068e-10	2.730629386e-10	2.821215608e-10	2.872130325e-10	2.939525539e-10	3.163375465e-10	3.153628837e-10	3.140806904e-10	3.218778424e-10	3.276102976e-10	3.371790090e-10	3.489003582e-10	3.576818940e-10	3.644710001e-10	3.678422303e-10	3.733612002e-10	3.619146767e-10	2.892783320e-10	3.012633541e-10	3.045522949e-10	3.232515186e-10	3.003542516e-10	3.044070073e-10	3.103060007e-10	3.217279580e-10	3.704901121e-10	4.044247914e-10	4.108481164e-10	4.185531826e-10	4.306136367e-10	4.387996289e-10	4.439123512e-10	4.276495584e-10	4.181292261e-10	4.331322065e-10	4.437911777e-10	4.461825454e-10	4.082049821e-10	4.161814829e-10	4.185427080e-10	4.209957175e-10	4.259269809e-10	4.318275569e-10	4.359044267e-10	4.403986216e-10	4.426208137e-10	4.419720683e-10	4.405760111e-10	4.418918888e-10	4.541371174e-10	4.448607899e-10	4.509340833e-10	4.430347477e-10	4.484732367e-10	4.606526790e-10	4.137841620e-10	4.080019713e-10	4.133319468e-10	4.046904236e-10
4.617531120e-11	4.566597565e-11	4.501512031e-11	4.517178677e-11	4.464346134e-11	4.443306559e-11	4.405379560e-11	4.450081121e-11	4.328033501e-11	4.331590334e-11	4.302555419e-11	4.329585847e-11	4.347927655e-11	4.261885438e-11	4.247364213e-11	4.238351558e-11	4.162158455e-11	4.187485824e-11	4.217522982e-11	4.185285410e-11	4.275216029e-11	4.218736224e-11	4.173567451e-11	4.181819004e-11	4.245080907e-11	4.235608576e-11	4.153047837e-11	4.218555368e-11	4.132716615e-11	4.097103065e-11	4.140606455e-11	4.155594892e-11	4.101428536e-11	4.045574191e-11	4.166920995e-11	4.147885907e-11	4.142347194e-11	4.096447462e-11	4.137667546e-11	4.100531792e-11	4.045453621e-11	4.105716329e-11	4.013208513e-11	4.053780530e-11	3.945349855e-11	3.980752406e-11	3.944536003e-11	3.916458117e-11	3.971023863e-11	3.995755914e-11	3.930504596e-11	3.923112109e-11	3.996697872e-11	3.987120042e-11	4.080185498e-11	3.983510459e-11	3.930986878e-11	3.998981178e-11	3.952983483e-11	3.973668881e-11	3.868893003e-11	3.866888517e-11	3.858652035e-11	3.801900947e-11	3.756046429e-11	3.783981137e-11	3.780944264e-11	3.884115045e-11	3.807417053e-11	3.777741607e-11	3.832970491e-11	3.849571560e-11	3.842533249e-11	3.898289630e-11	3.919969737e-11	3.831749713e-11	3.823618732e-11	3.822239705e-11	3.867438620e-11	3.845479694e-11	3.808208298e-11	3.908960131e-11	3.814244365e-11	3.824327084e-11	3.821531353e-11	3.805548208e-11	3.871311952e-11	3.817846413e-11	3.837913887e-11	3.826467213e-11	3.802549014e-11	3.794832493e-11	3.807929478e-11	3.819707722e-11	3.903511846e-11	3.901356646e-11	3.933978537e-11	3.879307292e-11	3.998634538e-11	3.931446554e-11	4.031670890e-11	3.916654044e-11	3.963593698e-11	3.971995964e-11	3.929924349e-11	3.929653066e-11	3.997353475e-11	3.979373379e-11	3.982349967e-11	3.998913357e-11	3.934965709e-11	3.993148574e-11	4.061662835e-11	4.044406163e-11	4.038980485e-11	4.006818269e-11	3.977075002e-11	3.947037843e-11	4.006215416e-11	4.058535534e-11	4.032205923e-11	4.053539389e-11	4.079710751e-11	4.149679395e-11	4.104480480e-11	4.123605996e-11	4.082634589e-11	4.161457639e-11	4.147780408e-11	4.091315674e-11	4.120538981e-11	4.152128486e-11	4.117682964e-11	4.103011025e-11	4.153349264e-11	4.212391194e-11	4.323527173e-11	4.392960785e-11	4.394814559e-11	4.536025374e-11	4.586951394e-11	4.639369476e-11	4.717634887e-11	4.901942167e-11	5.163565364e-11	5.504215074e-11	5.881872432e-11	6.347501136e-11	6.800055462e-11	7.741109235e-11	8.693677502e-11	9.833996849e-11	1.127556192e-10	1.326206102e-10	1.568743722e-10	1.900433527e-10	2.328062136e-10	2.762434411e-10	3.161688230e-10	3.484874791e-10	3.739290879e-10	3.952553196e-10	4.121979046e-10	4.257538114e-10	4.356766235e-10	4.462903054e-10	4.545159353e-10	4.585974019e-10	4.606021900e-10	4.617485906e-10	4.610966050e-10	1.227124925e-10	1.297016706e-10	1.369131507e-10	1.450228067e-10	1.520817650e-10	1.612190595e-10	1.689448487e-10	1.772092873e-10	1.854455424e-10	1.935805936e-10	2.012560445e-10	2.109265627e-10	2.185686307e-10	2.266959955e-10	2.354041339e-10	2.449845255e-10	2.530662242e-10	2.638363465e-10	2.726844222e-10	2.831058693e-10	2.910278872e-10	3.021518843e-10	3.180562809e-10	3.252336998e-10	3.430898334e-10	3.531886034e-10	3.626032103e-10	3.615523619e-10	3.501734333e-10	3.365918300e-10	3.125815453e-10	2.848172187e-10	2.556277472e-10	2.286896309e-10	2.117056750e-10	1.936288218e-10	3.372770479e-10	3.399637384e-10	3.297596198e-10	3.157462983e-10	2.952067899e-10	2.673918990e-10	2.242472813e-10	2.039740080e-10	1.998884722e-10	1.400624556e-10	8.313247020e-11	7.578745809e-11	7.388462747e-11	7.346873415e-11	7.056298195e-11	6.947430451e-11	6.865156067e-11	6.939826966e-11	6.733658723e-11	8.604718984e-11	6.914303671e-11	7.657146862e-11	7.138821256e-11	6.462133663e-11	6.361509936e-11	6.258942008e-11	6.197036525e-11	6.054167863e-11	6.031937653e-11	6.027830716e-11	6.830416654e-11	1.523391079e-10	2.552783938e-10	3.450663628e-10	3.871764092e-10	3.222602773e-10	3.072679223e-10	3.210547217e-10	3.193473662e-10	3.170139478e-10	3.032204415e-10	2.893726785e-10	2.807777258e-10	2.222997642e-10
2.292590257e-11	2.218529747e-11	2.078765779e-11	1.841625955e-11	2.169984996e-11	2.204716874e-11	2.162946686e-11	2.175892957e-11	2.210481657e-11	2.229561959e-11	2.213865170e-11	2.221242586e-11	2.211242759e-11	2.228853607e-11	2.166902910e-11	2.177332269e-11	2.168033259e-11	2.242101305e-11	2.248589512e-11	2.257707666e-11	2.135471653e-11	2.178002943e-11	2.121967743e-11	2.100287636e-11	2.077658036e-11	2.100280101e-11	2.140430121e-11	2.136066971e-11	2.092201868e-11	2.055548397e-11	2.085593091e-11	2.061064503e-11	2.045277286e-11	2.052737594e-11	2.059843725e-11	2.036920234e-11	2.054176906e-11	2.017124044e-11	2.114718434e-11	2.084515491e-11	2.052910914e-11	2.007207109e-11	2.016897974e-11	1.978126980e-11	1.997162069e-11	2.022888827e-11	2.027741795e-11	2.031554841e-11	2.034132038e-11	2.037952620e-11	1.958391075e-11	1.990432720e-11	1.965067674e-11	1.920878538e-11	1.966182952e-11	2.014328312e-11	1.950975982e-11	1.974449576e-11	2.002580211e-11	1.992361851e-11	1.998081420e-11	1.993914197e-11	1.988036379e-11	1.957758080e-11	2.001630718e-11	1.967388659e-11	1.936371864e-11	1.918745945e-11	1.906003136e-11	1.941111797e-11	1.953997783e-11	1.957426510e-11	1.971887450e-11	1.961329984e-11	1.956107769e-11	1.939996519e-11	1.939069632e-11	1.900351388e-11	1.878814459e-11	1.913975869e-11	1.915965285e-11	1.930471439e-11	1.890758487e-11	1.807783286e-11	1.807587359e-11	1.851655925e-11	1.877360076e-11	1.868882453e-11	1.875536445e-11	1.875506302e-11	1.844986862e-11	1.815537485e-11	1.894164608e-11	1.859523158e-11	1.827775404e-11	1.886945441e-11	1.915867321e-11	1.867262286e-11	1.861949642e-11	1.877337469e-11	1.815349093e-11	1.830171745e-11	1.791438430e-11	1.827225301e-11	1.789735370e-11	1.829207180e-11	1.829267466e-11	1.805906906e-11	1.749969669e-11	1.796841502e-11	1.800797725e-11	1.808348461e-11	1.802832355e-11	1.845552036e-11	1.804912198e-11	1.849772008e-11	1.848739622e-11	1.721839034e-11	1.810330341e-11	1.831030811e-11	1.769592539e-11	1.715878323e-11	1.708568729e-11	1.739743772e-11	1.690581098e-11	1.697076840e-11	1.757761546e-11	1.748794105e-11	1.786947174e-11	1.826117558e-11	1.839402934e-11	1.849342476e-11	1.865868188e-11	1.897186409e-11	1.810126878e-11	1.869756591e-11	1.933297313e-11	1.979777291e-11	1.995361045e-11	1.985165291e-11	2.043378299e-11	2.018412642e-11	1.975956709e-11	2.050469359e-11	2.069451698e-11	2.155117131e-11	2.255627823e-11	2.402264316e-11	2.639012285e-11	2.906633871e-11	3.427604495e-11	4.028897766e-11	5.654310438e-11	7.554805003e-11	1.025163091e-10	1.490354726e-10	1.815911254e-10	2.148210694e-10	2.520779971e-10	2.640726649e-10	2.843913029e-10	3.000969840e-10	3.144457180e-10	3.292260194e-10	3.376444116e-10	3.436733199e-10	3.536726944e-10	3.552802777e-10	1.045819100e-10	1.139169404e-10	1.204714613e-10	1.287707900e-10	1.360824944e-10	1.453711051e-10	1.534428567e-10	1.630127737e-10	1.716078018e-10	1.801971782e-10	1.899287352e-10	2.004832622e-10	2.090344327e-10	2.191357648e-10	2.286200013e-10	2.411247582e-10	2.558320391e-10	2.687581903e-10	2.788809990e-10	2.971234862e-10	3.150484958e-10	3.104864799e-10	2.529607249e-10	1.957403903e-10	1.525226013e-10	1.104770603e-10	7.759609291e-11	6.190488032e-11	5.452957485e-11	4.662820464e-11	4.638570695e-11	4.256535117e-11	4.113922668e-11	3.972463175e-11	3.832819778e-11	3.811508919e-11	3.693357236e-11	3.532440659e-11	1.226991544e-10	3.487234208e-11	3.331991985e-11	3.292896958e-11	3.304027134e-11	3.272972661e-11	3.212046815e-11	3.195588923e-11	3.128822937e-11	3.085666187e-11	3.027551143e-11	2.898141178e-11	2.890718548e-11	2.947507315e-11	2.978689895e-11	2.885586761e-11	2.884531768e-11	2.866845563e-11	2.826281082e-11	2.840433060e-11	2.771655050e-11	2.745106905e-11	2.681038686e-11	2.682357427e-11	2.803259627e-11	2.967039757e-11	3.394334537e-11	3.498304099e-11	3.505229374e-11	2.717842871e-11	3.016009519e-10	3.045635984e-10	2.747411311e-10	2.362547597e-10	2.906422873e-11	2.915201922e-11	3.240011665e-11	3.015622186e-11	2.820885546e-11	2.859671611e-11	2.867584058e-11	2.772212690e-11	3.177940397e-11	3.599387501e-11	3.351283286e-11
7.909056588e-12	7.978912197e-12	8.727505100e-12	8.868723451e-12	8.524343587e-12	7.696098711e-12	7.701901173e-12	7.486230457e-12	7.379525449e-12	8.020735134e-12	7.949221679e-12	7.860300839e-12	7.360686288e-12	7.770701789e-12	7.412456303e-12	7.405523491e-12	7.533102290e-12	7.288645336e-12	7.440865757e-12	7.323912246e-12	7.406729198e-12	6.932735906e-12	6.790839345e-12	7.043133390e-12	6.576449692e-12	6.670193358e-12	7.016080354e-12	7.146974845e-12	6.957603598e-12	7.067322872e-12	7.030398117e-12	6.587903902e-12	6.827236604e-12	6.927084158e-12	7.094526621e-12	6.781344408e-12	7.288193196e-12	6.970489585e-12	6.829874087e-12	6.573586140e-12	6.508553356e-12	6.907416073e-12	7.159559405e-12	6.538771370e-12	6.410740432e-12	6.372308543e-12	6.305467200e-12	6.161460653e-12	6.397100879e-12	5.721076424e-12	5.776614271e-12	5.758377963e-12	6.327471340e-12	5.835693880e-12	5.857698020e-12	5.951140259e-12	5.888292818e-12	5.755514411e-12	5.596135108e-12	5.930944678e-12	5.402317820e-12	5.936144287e-12	5.366674127e-12	5.920771531e-12	6.345180151e-12	6.001855281e-12	5.312266630e-12	5.673224955e-12	5.378052980e-12	5.977439728e-12	5.805023726e-12	5.721829991e-12	8.277098438e-12	1.013780470e-11	1.030230825e-11	1.035709253e-11	1.066605477e-11	1.001293874e-11	1.087660123e-11	9.898773420e-12	9.730954173e-12	1.061835401e-11	1.052295250e-11	1.057532537e-11	1.041195217e-11	1.052513785e-11	1.046711323e-11	1.061029085e-11	1.047871815e-11	1.099069119e-11	1.096100068e-11	1.016289846e-11	1.026493135e-11	1.051481399e-11	1.037118422e-11	1.114019878e-11	1.048497275e-11	1.073937679e-11	1.100304968e-11	1.083636079e-11	1.086371525e-11	1.082965405e-11	1.108707234e-11	1.059966557e-11	1.081714484e-11	1.050531905e-11	1.046440039e-11	1.020374176e-11	1.014096967e-11	1.002077583e-11	9.498478926e-12	1.004910992e-11	1.005837879e-11	9.588831542e-12	9.601340745e-12	1.032340811e-11	9.697345110e-12	9.489888269e-12	1.003268218e-11	1.042506422e-11	9.880235685e-12	1.008000615e-11	9.528094087e-12	9.921380413e-12	1.016689236e-11	8.974222753e-12	9.673080271e-12	9.352136323e-12	9.518373080e-12	9.359747344e-12	9.452662086e-12	9.969985449e-12	9.276553609e-12	9.614904941e-12	9.776168160e-12	9.778202789e-12	1.048617846e-11	1.051707469e-11	1.041451429e-11	1.085067855e-11	1.064126243e-11	1.131110764e-11	1.132271257e-11	1.116273041e-11	1.239066693e-11	1.243467521e-11	1.322750246e-11	1.380074045e-11	1.530078981e-11	1.702321663e-11	2.005074516e-11	2.637731222e-11	3.678429085e-11	6.351178540e-11	1.001655585e-10	1.380721359e-10	2.046983360e-10	2.192880606e-10	2.479850010e-10	2.604965400e-10	2.788828830e-10	2.924137713e-10	3.080015945e-10	3.201401935e-10	3.308724868e-10	3.388033214e-10	3.441937329e-10	7.672723080e-11	8.273737531e-11	8.835385672e-11	9.573134754e-11	1.030685226e-10	1.100164805e-10	1.165553272e-10	1.272274859e-10	1.370777296e-10	1.448687024e-10	1.579893491e-10	1.699596013e-10	1.816165959e-10	1.972292116e-10	2.119396574e-10	2.308950938e-10	2.087656356e-10	1.290487053e-10	6.807282165e-11	3.701510825e-11	3.075214220e-11	2.441525128e-11	2.333878162e-11	2.248785439e-11	2.152683111e-11	2.057070601e-11	2.172675229e-11	2.167121444e-11	2.345739298e-11	2.202433567e-11	2.187339632e-11	2.104718607e-11	2.308776864e-11	2.002723389e-11	2.163481718e-11	2.217308969e-11	2.146858042e-11	2.105344067e-11	2.111154064e-11	2.087597577e-11	2.127152280e-11	2.073520956e-11	2.047575664e-11	2.094756459e-11	2.134823586e-11	1.991969996e-11	2.141176151e-11	2.214287168e-11	2.055510718e-11	2.195169187e-11	1.994690371e-11	2.069896302e-11	2.030205957e-11	2.061478965e-11	2.082405505e-11	1.879937273e-11	1.859666336e-11	2.155305522e-11	2.148794708e-11	2.027327333e-11	2.182140023e-11	1.969815143e-11	2.062473672e-11	2.095600453e-11	2.024855636e-11	2.254391974e-11	2.172667693e-11	2.293381501e-11	2.280209160e-11	1.510236823e-10	4.912363991e-11	1.968639579e-11	2.112254271e-11	2.052345739e-11	2.145456409e-11	2.006400793e-11	1.996807893e-11	2.011977185e-11	2.090702271e-11	1.948858460e-11	2.019045638e-11	2.113113337e-11	2.135298333e-11	2.142042753e-11
2.992487696e-12	2.608771664e-12	2.562125901e-12	2.925872423e-12	3.209138048e-12	2.934312367e-12	3.140186719e-12	3.126321096e-12	2.295815521e-12	2.221137087e-12	2.251656527e-12	2.880357010e-12	2.886913038e-12	2.335905256e-12	1.928301167e-12	2.128900554e-12	2.006822791e-12	2.122419883e-12	2.440575634e-12	2.608168811e-12	2.299658710e-12	2.176299883e-12	2.016393084e-12	2.234098429e-12	2.239298038e-12	2.173511687e-12	2.576142237e-12	2.549616698e-12	2.401088753e-12	2.910198241e-12	3.045915557e-12	2.815550296e-12	2.744639694e-12	3.355254581e-12	2.446754879e-12	2.861668562e-12	2.947349066e-12	2.901833653e-12	3.087964564e-12	2.699425707e-12	2.491139943e-12	2.387223130e-12	2.336206682e-12	2.101847519e-12	2.368534683e-12	2.285039521e-12	2.067108106e-12	2.030861560e-12	1.683542787e-12	2.423771103e-12	1.804565558e-12	1.926794034e-12	1.849176691e-12	1.836441418e-12	2.448035942e-12	2.452255914e-12	2.107574624e-12	1.989340049e-12	2.010063126e-12	2.181800918e-12	1.839455684e-12	1.923779769e-12	1.904940608e-12	2.089187603e-12	1.652043710e-12	1.950380664e-12	1.936891825e-12	1.621222842e-12	1.350089637e-12	1.788665306e-12	1.845182789e-12	2.181951632e-12	1.841565670e-12	2.121515603e-12	1.596505863e-12	2.135908722e-12	1.913606622e-12	1.862590174e-12	1.869522985e-12	1.554758282e-12	1.614063961e-12	1.732976746e-12	1.931993643e-12	1.854150229e-12	1.862364104e-12	2.223849926e-12	1.736443151e-12	1.558526114e-12	1.328688350e-12	1.586558786e-12	1.154162362e-12	1.406757833e-12	1.198848852e-12	1.260339874e-12	1.505173610e-12	1.549634030e-12	1.785424970e-12	1.448128631e-12	1.604116884e-12	1.165089075e-12	1.742320970e-12	1.614817528e-12	1.109174445e-12	1.475106309e-12	1.546921191e-12	1.661990787e-12	2.177807016e-12	2.145252946e-12	1.631094563e-12	2.026264805e-12	1.621373556e-12	1.524992408e-12	1.940735014e-12	1.687235263e-12	1.577365276e-12	1.626573164e-12	1.691379878e-12	1.421150952e-12	2.062586707e-12	1.769298648e-12	1.674801416e-12	1.510825359e-12	2.017071294e-12	1.287769692e-12	1.041504179e-12	1.950380664e-12	1.665984689e-12	1.942392860e-12	1.275637272e-12	2.573881538e-12	2.321210710e-12	1.755734452e-12	1.335244378e-12	1.661161864e-12	1.507358953e-12	1.803661278e-12	1.601479402e-12	1.645035542e-12	2.202900779e-12	1.642473416e-12	2.337337032e-12	2.935593430e-12	2.719018434e-12	2.775159134e-12	2.787140841e-12	2.829114492e-12	2.867772450e-12	3.553442555e-12	3.986215763e-12	5.067658963e-12	6.516390447e-12	8.000991693e-12	1.143981679e-11	1.828694755e-11	3.671556559e-11	9.201769675e-11	1.442476882e-10	1.825997741e-10	2.187298185e-10	2.488480607e-10	2.757915274e-10	3.031756043e-10	3.240686107e-10	3.394903479e-10	3.470368637e-10	3.427020481e-10	7.843044167e-11	8.385009152e-11	9.047070021e-11	9.659079006e-11	1.042702350e-10	1.116810334e-10	1.210376911e-10	1.289152486e-10	1.378291107e-10	1.500655980e-10	1.617210855e-10	5.009031494e-12	4.677160833e-12	4.033313665e-12	4.320799263e-12	3.636636290e-12	3.064905431e-12	3.531965912e-12	3.160683726e-12	3.475222359e-12	3.110119418e-12	2.614875552e-12	2.811782463e-12	2.732356561e-12	2.331007074e-12	2.876890604e-12	2.801157177e-12	2.149171491e-12	2.455571607e-12	2.319854290e-12	2.173587044e-12	2.001773895e-12	1.980372608e-12	2.058743518e-12	1.541344800e-12	1.680151738e-12	1.663648633e-12	2.055126399e-12	1.936364328e-12	1.605925444e-12	1.600951905e-12	1.640890927e-12	1.489876212e-12	1.658976521e-12	1.798386313e-12	1.585353080e-12	1.869598342e-12	1.829056467e-12	2.120083827e-12	1.883463964e-12	2.035156889e-12	2.263638234e-12	2.184212331e-12	2.054975686e-12	1.791980998e-12	2.099737533e-12	1.643453052e-12	1.843826369e-12	2.089338316e-12	1.054691592e-12	1.061473690e-12	1.532302002e-12	1.590025192e-12	1.526047401e-12	1.746164158e-12	1.468550281e-12	1.209850922e-12	9.403002058e-13	1.341951119e-12	6.705987764e-13	1.164034082e-12	1.394851483e-12	1.129143956e-12	1.161924096e-12	1.585428436e-12	1.390254728e-12	1.343006112e-12	1.348205721e-12	1.617002870e-12	1.696805556e-12	1.780677501e-12	1.541495513e-12	1.923402985e-12	1.430269106e-12	2.196043324e-12
3.146139894e-13	-4.898935437e-13	-9.713471432e-14	5.125005369e-13	5.791158104e-13	4.244839765e-13	5.440749708e-14	-1.190634978e-14	2.475465761e-13	2.458887299e-13	2.259192192e-13	1.856787712e-13	1.379780155e-13	6.847658255e-13	1.730188550e-13	3.481476960e-14	-3.005222969e-13	-1.386562253e-13	-3.133329264e-13	9.366830869e-14	-1.279555818e-13	2.226788835e-13	3.003715836e-13	-1.318741273e-13	3.889909971e-13	4.543252076e-13	2.700782127e-13	1.478497358e-13	1.951737084e-14	2.947198353e-13	-6.269672794e-14	-1.711349389e-13	1.043689522e-13	-7.573342738e-14	-3.268217657e-13	-8.462551139e-14	-1.354912462e-13	-3.225264370e-13	-4.920035297e-13	5.267429427e-14	-1.718131487e-14	-3.247871363e-13	-1.883162537e-13	-4.479952495e-13	-9.108357579e-13	-5.254618797e-13	-5.256125930e-13	-5.259893762e-13	-6.880061612e-14	-7.505521758e-14	-1.408415679e-13	-2.938909122e-14	-8.244016871e-14	3.880867174e-13	5.086573481e-14	4.183800884e-13	2.606586321e-13	1.190634978e-14	-6.804704967e-14	-1.021082528e-13	-3.868810111e-13	-4.345817669e-13	-2.759560309e-13	-5.305107749e-13	-3.844695985e-13	7.083524551e-14	-5.246329566e-13	-4.562844804e-13	-4.099401442e-14	-1.930637223e-13	-4.272721724e-14	3.143879194e-13	-8.786584709e-14	-6.510814055e-14	3.829624656e-13	-2.426483942e-13	-7.957661623e-14	-1.128088963e-13	-1.529739876e-14	1.507132883e-15	-4.554555573e-13	-5.591462996e-14	-1.563650366e-13	8.771513380e-14	-3.511619618e-13	-1.578721695e-13	-1.379026588e-14	4.898181870e-15	-9.442187513e-14	-7.075988886e-13	-1.280309384e-13	1.513161415e-13	1.898987433e-13	-2.042165057e-14	-4.083576547e-13	-6.996110844e-13	-2.297624080e-13	-8.393223026e-13	-4.758772079e-13	-4.856735716e-13	-6.271933493e-13	-4.614087322e-13	-2.920069961e-13	-8.364587501e-15	-7.008167907e-14	-4.250114730e-14	3.513126751e-13	1.978865476e-13	4.535716412e-13	1.458904631e-13	8.244016871e-13	8.349516173e-14	3.620133185e-13	2.694000029e-13	-6.849918954e-14	6.231994472e-13	7.323912246e-13	7.026253501e-13	4.229768437e-13	4.634433616e-14	4.186061583e-13	-9.057868628e-14	2.391066319e-13	7.987804281e-15	4.703008162e-13	2.360923661e-13	4.524412915e-13	-5.644212647e-14	-2.828134855e-13	1.642021276e-13	-1.957765615e-13	2.594529258e-13	2.414426879e-13	2.505608418e-13	7.967457987e-13	5.131787467e-13	6.682627204e-13	1.256270615e-12	9.668257445e-13	1.178803985e-12	1.246172824e-12	7.538678682e-13	1.416855623e-12	1.243459985e-12	1.295380713e-12	9.811435069e-13	1.197567789e-12	7.518332388e-13	1.285132209e-12	1.571487457e-12	2.766116337e-12	3.996916406e-12	6.287230892e-12	1.120086087e-11	2.501388446e-11	8.362846763e-11	1.318554388e-10	1.833467091e-10	2.198892559e-10	2.547867671e-10	2.897572989e-10	3.178195103e-10	3.364351635e-10	3.431612715e-10	7.726565402e-11	8.430517029e-11	8.944419200e-11	9.567882395e-11	1.033867537e-10	1.117147932e-10	1.198808159e-10	1.296231490e-10	1.396659289e-10	1.535442867e-10	4.260438591e-12	3.443798638e-12	3.531363059e-12	2.794450435e-12	2.496490264e-12	1.975248357e-12	2.400938040e-12	2.609675944e-12	2.000191406e-12	2.080596945e-12	1.830940383e-12	1.814663348e-12	1.595224800e-12	1.639157724e-12	1.531171653e-12	9.968930456e-13	1.099001298e-12	1.156799844e-12	9.549947514e-13	1.710595822e-14	5.960710553e-13	9.500965695e-13	7.399268890e-13	5.506309989e-13	5.256879496e-13	8.458029740e-13	6.795662170e-13	6.179998387e-13	4.516123684e-13	6.334479508e-13	5.580159500e-13	2.611861287e-13	6.104641743e-13	5.773826075e-13	2.899723667e-13	1.064035816e-13	8.224424143e-13	8.101592813e-13	7.247802035e-13	4.684169001e-13	3.579440597e-13	4.724861589e-13	7.571835605e-13	1.049642696e-12	2.973573178e-13	6.543217412e-13	7.932040364e-13	7.537171549e-13	7.045846229e-13	4.730890120e-13	6.485946363e-13	2.805527862e-13	7.950879525e-13	6.567331538e-13	5.646473347e-13	6.967475319e-13	5.268936560e-13	6.060181323e-13	5.011216836e-13	6.887597276e-13	7.687884837e-13	6.582402867e-13	2.308174011e-13	3.536487310e-13	4.334514172e-13	3.102433040e-13	3.030844228e-13	4.918528164e-13	5.107673341e-13	3.548544373e-13	4.497284523e-13	5.489731527e-13	6.017228036e-13	6.185273352e-13	4.935860192e-13	2.840945485e-13	3.148400593e-13
-4.221479206e-13	-6.097859645e-13	-6.427921747e-14	-4.188322282e-13	-1.339087567e-13	-2.464915830e-13	-5.244822433e-14	-3.051944088e-13	-2.421208977e-13	-2.736199749e-13	-2.865813177e-13	-1.765606173e-13	-3.285549685e-14	-8.326909179e-14	-3.328502972e-13	-4.935860192e-14	-4.465634733e-13	-3.467159198e-13	1.331551902e-13	-4.855228583e-13	-4.635187182e-13	8.861941353e-14	2.282552752e-13	-2.165749953e-13	2.370720025e-13	1.724913585e-13	-1.558375401e-13	3.536487310e-13	2.823613457e-13	2.923837793e-14	4.581683965e-14	2.476972893e-13	1.055746585e-13	-4.259911094e-13	8.688621071e-14	-3.391048987e-14	-6.111423841e-14	4.204900744e-14	3.548544373e-13	5.124251803e-15	2.432512473e-13	3.730153886e-13	1.137885327e-13	1.128088963e-13	-2.522940446e-13	-3.315692343e-15	-3.315692343e-15	6.292279787e-14	2.550068838e-13	6.201098248e-13	8.130981905e-13	5.087327047e-13	3.880867174e-14	2.870334576e-13	4.382742424e-13	7.273423294e-13	5.097876977e-13	5.130280334e-13	1.087999228e-12	1.031180319e-12	7.670552809e-13	6.418878949e-13	6.143827198e-13	5.740669152e-13	6.545478112e-13	6.424907481e-13	1.155669495e-12	5.266675860e-13	7.160388328e-13	1.335319734e-12	4.926063829e-13	5.850689852e-13	3.892924237e-13	4.103922841e-13	9.818970734e-14	3.440784372e-13	2.406891214e-13	4.737672218e-13	6.907943570e-13	5.024027466e-13	9.140007370e-13	5.648734046e-13	5.280993623e-13	4.323210675e-13	5.113701873e-13	4.491255992e-13	3.932863259e-13	3.077565347e-13	1.341348266e-14	-2.313448976e-13	7.580878402e-14	-4.898181870e-15	-3.296099615e-13	-2.404630515e-13	-1.567418198e-13	-2.125057365e-13	-3.342067168e-13	1.012039731e-13	9.721007096e-15	-4.093372911e-13	-2.265974290e-13	-1.518436380e-13	-4.105429974e-13	2.993165906e-13	-4.777611240e-14	6.322422445e-14	2.851495415e-13	1.988661839e-13	-2.140128694e-14	1.951737084e-14	-4.280257388e-14	-2.562879468e-13	8.402265824e-14	-1.600575122e-13	-3.978077245e-13	4.400828019e-14	5.185290684e-13	2.388052053e-13	5.006695438e-13	4.098647876e-13	7.628353088e-13	6.470121467e-13	6.614052658e-13	1.004051927e-12	8.903387507e-13	8.319373515e-13	6.638166784e-13	5.751219082e-13	6.264397829e-13	6.588431399e-13	4.056448155e-13	7.013442872e-13	7.907172671e-13	8.267377431e-13	1.035626361e-12	5.578652367e-13	8.047336030e-13	2.330781004e-13	4.860503548e-14	4.009727036e-13	7.091813782e-13	8.788091842e-13	1.200129915e-12	1.630868493e-12	7.521346653e-13	8.596685966e-13	1.750760914e-12	1.624915318e-12	1.890095349e-12	2.489482096e-12	2.829415918e-12	3.714102921e-12	5.305032392e-12	8.907758193e-12	1.883757855e-11	5.141124155e-11	1.321420955e-10	1.839375052e-10	2.246832195e-10	2.653923858e-10	3.003354878e-10	3.217409193e-10	7.801831619e-11	8.245064328e-11	8.819688883e-11	9.510008493e-11	1.020301080e-10	1.105447306e-10	1.187710386e-10	1.278281537e-10	1.399132494e-10	1.531519047e-10	1.687754470e-10	3.682377773e-12	3.412450274e-12	2.874855975e-12	2.599126014e-12	2.759937092e-12	1.889492496e-12	2.244271576e-12	1.615495737e-12	1.592662674e-12	1.133891425e-12	7.656988613e-13	1.160793747e-12	1.089807788e-12	1.237054670e-12	1.084382109e-12	9.984001784e-13	7.110652943e-13	8.760209883e-13	6.326943843e-13	7.396254624e-13	4.458852635e-13	3.708300459e-13	2.201921142e-13	9.517544157e-14	1.657846171e-13	5.732379921e-13	4.132558366e-13	7.158127629e-13	6.458064404e-13	7.603485396e-13	1.023343228e-12	8.576339672e-13	3.670622137e-13	1.727174284e-13	1.766359739e-13	5.410607051e-13	4.097894309e-13	1.267498755e-13	4.519137950e-13	3.500316121e-13	7.042078397e-13	-1.755056242e-13	5.124251803e-15	8.947094361e-13	6.476903565e-13	5.807736565e-13	-8.432408481e-14	3.541762275e-13	2.534997509e-13	6.195823283e-13	6.713523428e-13	3.012005067e-13	2.883145205e-13	1.033139591e-13	-6.420386082e-14	2.117521701e-14	2.207949674e-13	5.546249010e-14	2.377502123e-13	5.555291807e-13	4.949424388e-13	1.042182389e-13	-2.038397224e-13	5.088080614e-13	3.198135978e-13	4.235043402e-14	1.077600011e-14	-6.669063008e-14	-2.213224639e-13	-3.310417378e-13	-1.314219874e-13	-1.631471346e-13	-4.620869420e-13	-4.947917255e-13	-1.158231621e-13	-3.683432766e-13	-3.034612060e-13	-5.159669425e-13
-8.622307225e-13	-1.068481858e-12	-3.201903810e-13	-8.073710855e-13	-5.372175162e-13	-6.342768739e-13	-3.325488707e-13	-5.907207336e-13	-8.233466941e-13	-9.608725697e-13	-8.172428059e-13	-6.459571537e-13	-3.832638922e-13	-4.914760332e-13	-7.588414067e-13	-1.092520627e-12	-1.404572490e-12	-8.625321490e-13	-6.074499086e-13	-1.092445270e-12	-3.762557243e-13	-6.593706364e-13	-7.092567348e-13	-8.604975196e-13	-1.233060768e-12	-9.259824434e-13	-9.650171851e-13	-5.023273900e-13	-2.941923388e-13	-3.846956684e-13	9.645650452e-14	-7.065438956e-13	-4.028566197e-13	-6.205619646e-13	-2.741474714e-13	2.735446183e-14	-5.687919501e-13	7.400022456e-14	-9.374366533e-14	-3.415916680e-13	-3.565876402e-13	-6.377432795e-13	-1.387466532e-12	-4.299096549e-13	-9.055607928e-13	-5.675862438e-13	-3.461884233e-13	-2.593022125e-13	-3.393309686e-13	-5.079037816e-13	-6.070731253e-13	-2.161228554e-13	-4.923803129e-13	-7.025499935e-13	-4.392538788e-13	1.596053723e-13	1.765606173e-13	-1.944201419e-14	2.774631638e-13	1.495075820e-13	3.341313602e-13	5.091848446e-13	5.676616004e-13	1.357173161e-13	3.854492349e-13	2.407644781e-13	-2.706810658e-13	-1.394851483e-13	-2.148417925e-13	-1.959272748e-15	7.181488188e-14	-2.388805620e-14	1.098699872e-13	5.903439503e-13	1.019575395e-13	-3.954716685e-13	3.396323952e-13	1.421226309e-13	-2.599804223e-13	-3.936631091e-13	-3.149907726e-14	-2.270495688e-13	-1.384301553e-13	-5.081298516e-13	-1.625442814e-13	4.290807318e-13	-2.665364504e-13	-1.358680294e-13	-4.883110541e-14	5.998388875e-14	-2.557604503e-13	-1.420472742e-13	-5.510831387e-13	-1.470208128e-13	1.430269106e-13	2.479233593e-13	1.409922812e-13	6.718798393e-13	2.525954712e-13	3.663086473e-13	5.443010408e-13	2.042918623e-13	1.396358616e-13	-1.178577915e-13	-3.680418501e-13	3.125040033e-13	1.805545194e-13	-2.094161141e-13	-6.077513351e-13	-5.656269710e-13	-3.106200872e-13	-7.617803158e-13	-4.370685361e-13	-7.014196438e-13	-1.803284495e-13	-2.552329538e-13	-1.904262398e-13	-8.289230857e-14	-3.183064649e-13	-2.547054573e-14	2.938909122e-14	-2.820599191e-13	2.434019606e-14	3.556833604e-14	-1.399372882e-13	-1.987908273e-13	2.348866598e-13	-1.085889242e-13	-1.851512747e-13	-4.138586897e-13	-2.544793873e-13	-5.483702995e-13	-6.970489585e-14	-4.696979630e-13	-5.544741877e-13	-3.568890667e-13	-1.357926728e-13	-1.451368966e-13	9.216117580e-14	1.702306592e-13	-4.024044798e-13	2.336055969e-14	2.617889818e-13	-3.711314725e-13	-5.428692645e-13	-6.284744123e-14	-2.865059611e-13	-7.799412670e-14	-6.329958109e-15	4.681908302e-13	9.309559819e-13	1.380609078e-12	3.307327755e-12	5.508495331e-12	1.237499275e-11	2.679765159e-11	6.005555292e-11	1.627857995e-10	2.617906396e-10	3.167905153e-10	3.529267390e-10	3.618662977e-10	3.505661168e-10	3.256677541e-10	9.433265286e-11	1.015589783e-10	1.082856891e-10	1.181626844e-10	1.288750082e-10	1.410764546e-10	1.563523767e-10	2.372001088e-12	1.994841084e-12	9.885284581e-13	1.142858865e-12	1.065241522e-12	7.173198957e-13	1.215804097e-12	1.139392460e-12	5.639691249e-13	2.453612334e-13	4.745961449e-13	3.344327868e-13	3.853738782e-13	4.415899348e-13	6.543217412e-13	7.333708609e-13	6.791140771e-13	6.834094059e-13	1.354083539e-12	7.953140224e-13	9.812188636e-13	2.200414009e-13	2.522186880e-13	1.030502109e-12	6.055659925e-13	8.050350295e-13	7.974993651e-13	5.837125656e-13	8.323894914e-13	9.080475621e-13	6.846904688e-13	8.094057149e-13	3.816060460e-13	4.136326198e-13	2.579457930e-13	3.141618495e-13	5.011216836e-14	7.992325679e-13	2.563633034e-13	1.007518332e-13	2.031615126e-13	1.376012322e-13	-5.659283976e-14	-9.638114788e-14	-2.125057365e-14	2.569661566e-13	-2.525201146e-13	-9.886791713e-14	-2.988644507e-13	-4.539484244e-13	1.101714138e-13	9.374366533e-14	-2.553836671e-13	-1.168781551e-13	1.927622958e-13	-1.017314696e-14	4.592987461e-13	3.733921718e-13	-2.599050657e-13	2.315709675e-13	-8.296766522e-14	1.831166453e-13	-2.384284221e-13	-3.155936257e-13	-1.586257360e-13	5.034577396e-13	1.729434983e-13	8.379658830e-14	1.533507709e-13	2.212471072e-13	-1.334566168e-13	-3.557587171e-13	-4.095633610e-13	-1.604342954e-13	-5.362378798e-13	1.046703787e-13	-4.224493471e-13	-5.806229432e-13	-1.146928124e-13	-1.004051927e-12
-1.199677775e-13	-1.581735961e-13	-1.771634704e-13	-3.228278636e-13	1.283323650e-13	1.592285891e-13	-1.569678898e-13	-6.548492377e-14	-7.912447637e-14	-4.683415434e-13	-3.961498783e-13	-2.302899045e-13	1.288598615e-14	2.557604503e-13	1.025603927e-13	3.568137101e-13	3.228278636e-13	4.580930398e-13	2.758053176e-13	4.776857673e-13	4.213189975e-13	3.916284797e-13	7.558271409e-14	5.010463270e-13	3.416670246e-13	2.138621561e-13	-3.594511926e-14	2.874855975e-13	4.629158651e-13	5.070748585e-13	5.295311385e-13	3.375977658e-14	-3.605061857e-13	-1.898233866e-13	-2.369212892e-13	9.645650452e-15	2.623918350e-13	1.590025192e-14	-2.077582679e-13	-3.868810111e-13	-4.091865778e-14	3.942659622e-13	3.712821858e-13	-3.918545496e-15	1.288598615e-14	5.380464393e-14	-3.142372061e-14	-1.923855125e-13	-9.932005700e-14	-2.406137648e-13	6.872525947e-14	-3.114490103e-13	2.859031079e-13	5.983317546e-14	-3.790439201e-13	-1.510147149e-13	4.454331236e-13	-3.813046194e-14	1.009779032e-14	1.992429672e-13	2.073061281e-13	6.843136856e-13	7.204095181e-14	3.784410670e-13	9.841577727e-14	-4.002944938e-13	-2.579457930e-13	1.631471346e-13	3.323981574e-13	4.219972073e-13	4.282518087e-13	1.258455957e-13	4.080562281e-13	5.939610693e-13	2.591514993e-13	7.516071688e-13	7.517578821e-13	6.835601192e-13	3.174775418e-13	1.397112183e-13	2.657828839e-13	1.989415406e-14	6.456557271e-13	1.409169246e-14	2.140882261e-13	2.367705759e-13	3.415163113e-13	4.076794449e-14	5.190565650e-13	4.724861589e-14	-5.365393064e-13	2.620150517e-13	-1.605096521e-13	4.687183267e-13	2.962269682e-13	1.824384355e-13	5.027795298e-13	9.555222479e-13	4.628405084e-13	7.173198957e-13	6.950896857e-13	6.763258813e-13	-5.561320339e-14	6.115945240e-13	9.527340521e-13	8.042061065e-13	8.506257993e-13	8.369108900e-13	4.606551657e-13	6.556781608e-13	3.880867174e-13	9.858156189e-13	4.996899074e-13	1.110530865e-12	3.016526466e-13	6.508553356e-13	1.085512459e-12	7.516071688e-13	8.708213799e-13	7.192791685e-13	5.186044251e-13	6.072238386e-13	2.898970101e-13	4.238811234e-13	8.727052960e-13	3.363920595e-13	8.632103588e-13	4.806246764e-13	4.285532353e-13	1.113017634e-13	3.945673888e-13	7.806194768e-13	2.396341284e-13	1.133891425e-12	6.195069716e-13	7.280205392e-13	4.589219629e-13	1.212488404e-12	1.165993355e-12	6.892118675e-13	5.797186635e-13	7.213891545e-13	5.317918378e-13	5.117469705e-13	2.666118070e-13	6.254601465e-13	9.618522060e-13	1.380232294e-12	1.377368742e-12	2.028148721e-12	2.437561369e-12	2.869882436e-12	3.538823366e-12	6.129208009e-12	1.454835372e-11	5.388256270e-11	1.369123218e-10	2.006207127e-10	2.487922967e-10	2.916903475e-10	3.136345791e-10	8.865452973e-11	9.397938092e-11	1.003034612e-10	1.072444110e-10	1.153148061e-10	1.250823083e-10	1.381843419e-10	1.532896566e-10	3.653290109e-12	3.013060060e-12	2.394909508e-12	1.820390453e-12	1.476010589e-12	1.324468378e-12	1.136453551e-12	1.247152461e-12	8.815973800e-13	7.204848748e-13	4.318689277e-13	7.179227489e-13	1.367949161e-12	1.253783845e-12	1.207213439e-12	8.216888479e-13	7.534910849e-13	2.822859890e-13	8.274913095e-13	4.698486763e-13	1.043689522e-12	4.737672218e-13	5.561320339e-13	1.138638893e-13	4.664576273e-13	6.373664963e-13	8.908662472e-13	5.094109145e-13	6.510814055e-13	9.708950033e-13	7.496478961e-13	3.883127873e-13	4.238057667e-13	2.035382959e-13	2.122796666e-13	1.210981272e-13	1.007518332e-13	3.859767314e-13	-1.021082528e-13	-7.121202873e-14	-3.637465213e-13	2.844713317e-13	-2.125810932e-13	-3.917038363e-13	1.269759454e-13	1.804038061e-13	1.053485885e-13	1.430269106e-13	8.394730159e-14	-7.369879799e-14	1.851512747e-13	1.814587991e-13	5.688673067e-13	2.725649819e-13	6.615559791e-13	1.647296241e-13	5.561320339e-13	-3.760296543e-14	6.827311961e-14	1.514668548e-13	1.296134280e-14	-2.202674709e-13	1.258455957e-13	-1.831920019e-13	1.468700995e-13	-2.443815970e-13	2.660089539e-13	1.538782674e-13	1.431776239e-15	-5.635923417e-13	-2.637482546e-13	-2.129578764e-13	1.611125052e-13	3.767832208e-14	1.434036938e-13	3.143879194e-13	1.186867145e-13	-1.220024069e-13	-3.539501576e-13	5.546249010e-14	-8.409801488e-14	-2.289334850e-13
7.955400924e-13	1.052506249e-12	8.425626383e-13	1.336450084e-12	1.246248181e-12	1.091164207e-12	1.248358167e-12	1.090636711e-12	8.216888479e-13	7.372894064e-13	1.277295118e-13	6.482932097e-13	9.229681776e-13	3.305142413e-13	1.828905754e-13	4.499545223e-13	3.889909971e-13	2.136360862e-13	3.002208703e-13	2.034629392e-15	2.713592756e-13	2.342084500e-13	5.801708034e-13	3.605815423e-13	1.010532598e-13	4.965249284e-13	4.476184663e-14	4.474677530e-13	6.540956713e-14	1.009779032e-13	2.920823528e-13	6.288511955e-13	-2.862798912e-13	3.791946334e-13	4.840157254e-13	5.929060762e-13	2.997687305e-13	2.257685059e-13	3.161211222e-13	1.901248132e-13	-2.000718902e-13	1.112264068e-13	-1.077600011e-13	2.956994717e-13	3.446812904e-13	1.941187154e-13	1.226806167e-13	3.244857097e-13	5.561320339e-14	4.507080887e-13	2.665364504e-13	4.890646206e-13	5.024027466e-13	2.824367023e-13	-3.152168425e-13	2.386544920e-13	1.504118617e-13	-1.620167849e-14	-5.418142715e-14	6.118959506e-14	-1.301409245e-13	-2.046686455e-13	-5.772318942e-14	3.843188852e-13	7.794891272e-13	1.409169246e-14	3.412902414e-13	-5.056430823e-14	1.865076943e-13	-3.888402839e-13	1.189127845e-13	-1.690249528e-13	-1.990922539e-13	1.347376798e-13	1.450615400e-13	1.678192465e-13	4.634433616e-14	4.128790533e-13	3.565876402e-13	5.236533203e-13	3.451334302e-13	8.283202326e-13	6.628370420e-13	1.904262398e-13	1.815341558e-13	4.363149697e-14	-6.028531533e-14	3.786671369e-13	3.527444513e-13	4.483720327e-13	1.964547713e-13	5.312643413e-13	5.616330689e-13	7.298290987e-13	6.047370694e-13	2.712839190e-13	3.616365353e-13	3.178543251e-13	4.831868023e-13	6.092584680e-13	7.371386932e-13	4.258403961e-13	9.328398980e-13	8.464058272e-13	7.686377704e-15	3.970541581e-13	1.486033023e-13	8.379658830e-14	1.363955259e-13	3.915531230e-13	3.700764795e-13	6.567331538e-13	2.345098766e-13	2.408398347e-13	3.522169548e-13	-7.324665812e-14	8.696156736e-14	4.258403961e-13	2.721128421e-13	2.461147998e-13	4.305878647e-13	-9.201046252e-14	2.569661566e-13	3.373716959e-13	2.837931219e-13	2.424223243e-13	-3.278767587e-13	8.779049044e-14	2.769356673e-13	-1.917826594e-13	-1.434036938e-13	1.998458203e-13	-2.103957505e-13	-1.360940993e-13	4.400828019e-13	1.440819036e-13	-4.755004246e-14	1.070064347e-13	2.963776815e-13	2.993165906e-13	5.049648725e-13	-4.634433616e-14	3.062494019e-13	1.647296241e-13	4.634433616e-13	5.017245368e-13	4.210175709e-13	1.213543398e-12	7.291508889e-13	2.076678400e-12	1.439764043e-12	2.159118568e-12	3.315315560e-12	5.396967498e-12	1.433539584e-11	5.856409422e-11	1.376708618e-10	1.993952629e-10	2.584187313e-10	2.987523954e-10	3.106782625e-10	9.223562817e-11	9.808428339e-11	1.044000745e-10	1.121983568e-10	1.214747597e-10	1.329522548e-10	1.461536085e-10	3.576652402e-12	2.428292501e-12	2.175169534e-12	1.804188774e-12	1.471413834e-12	1.761310844e-12	1.103145914e-12	1.182345747e-12	1.095233466e-12	1.361468490e-12	1.313466308e-12	1.228313300e-12	1.025528570e-12	1.331401189e-12	7.735359523e-13	8.384180229e-13	7.295276721e-13	5.519120618e-13	4.491255992e-13	2.617136252e-13	3.219989405e-13	6.818269163e-13	4.453577670e-13	2.791210100e-13	5.393275022e-13	4.163454590e-13	1.882408971e-13	5.697715865e-13	3.785164236e-13	5.916250133e-13	2.230556667e-13	-3.293085350e-14	-7.166416859e-14	-1.680453165e-14	2.337563102e-13	2.100189673e-13	7.452772107e-14	2.843206184e-13	5.207144111e-14	5.650241179e-13	2.565893734e-13	3.746732348e-13	8.745138554e-13	1.354158896e-13	2.569661566e-13	3.499562555e-13	3.140111362e-13	2.862798912e-13	8.262102465e-13	4.384249557e-13	1.128088963e-13	-1.630717780e-13	2.598297091e-13	3.630683116e-13	8.405280089e-13	1.969069112e-13	7.965197287e-14	-1.429515540e-13	-3.767078641e-13	-2.559111636e-13	-2.185342681e-13	7.256844832e-14	2.668378770e-13	1.500350785e-13	-7.671306375e-14	-6.872525947e-14	6.623849021e-14	3.964513049e-13	-8.628335756e-14	1.082121410e-13	-7.647945816e-13	-4.924556696e-13	-2.221513870e-13	-2.663857371e-13	-1.836441418e-13	-3.291578217e-13	-1.195156376e-13	-2.720374854e-14	-1.987154706e-13	-4.562844804e-13	-4.559076972e-13	1.437804771e-13	-3.355631364e-13
2.035382959e-13	-3.350356399e-13	1.889944635e-13	2.337563102e-13	-9.321616882e-14	1.588518059e-13	-1.755809809e-14	-1.134117495e-13	-1.673671067e-13	-1.394851483e-13	2.164242820e-13	6.712016295e-13	7.341997840e-13	4.244086199e-13	7.520593087e-13	3.441537939e-13	7.334462176e-13	5.667573207e-13	4.234289835e-13	2.578704363e-13	-1.018068263e-13	9.442187513e-14	2.431758907e-13	-8.033018267e-14	4.961481451e-13	3.041394158e-13	-1.407662113e-13	2.397094851e-13	-1.213241971e-14	-2.096421840e-13	2.035382959e-13	4.504820188e-13	-1.225299034e-13	2.097175407e-13	4.596755294e-14	4.430970676e-14	1.597560856e-14	1.854527013e-13	-5.917003699e-13	-5.629894885e-13	-3.897445636e-13	-5.360118099e-13	4.969017116e-13	1.071571480e-13	7.904911972e-14	1.157478054e-13	-1.437804771e-13	1.443079736e-13	-2.849988282e-13	3.026322829e-13	7.912447637e-14	-1.648803374e-13	3.820581859e-14	5.265168727e-13	3.672129270e-13	4.859749982e-13	9.052593663e-13	3.822088992e-13	6.919247067e-13	4.169483121e-13	1.294627147e-13	1.501857918e-13	8.100839247e-13	5.471645932e-13	5.559813206e-13	4.669851238e-13	1.784445334e-13	2.116014568e-13	2.611861287e-13	1.042935955e-13	3.997669973e-13	6.644948882e-13	8.905648207e-13	8.778295478e-13	7.490450429e-13	8.957644291e-13	7.137781335e-13	6.189794751e-13	1.173453663e-12	6.904929304e-13	1.269081244e-12	1.192971034e-12	1.242254279e-12	8.668274777e-13	8.913937437e-13	9.312574085e-13	9.250781637e-13	1.377142672e-12	1.028241410e-12	1.203973104e-12	7.127231404e-13	5.858225517e-13	6.455050139e-13	1.078428935e-12	9.973451854e-13	1.179858978e-12	1.373751623e-12	7.455786373e-13	8.147560366e-13	6.595967063e-13	1.044292375e-12	1.565911066e-13	7.008921473e-13	9.491922898e-13	8.516807923e-13	1.206309160e-12	1.153936292e-12	6.127248736e-13	8.032264701e-13	9.937280665e-13	8.421858551e-13	8.323894914e-13	9.330659680e-13	8.004382742e-13	8.603468063e-13	8.917705270e-13	1.032235312e-12	3.397077519e-13	9.990030316e-13	3.577179898e-13	1.584825583e-12	6.796415737e-13	4.973538514e-13	1.709842256e-13	2.080596945e-13	1.891451768e-13	1.586257360e-13	9.939541364e-14	1.559128968e-13	8.296012955e-13	4.477691796e-13	6.891365108e-13	1.017540766e-12	9.179946391e-13	7.400776023e-13	7.051874760e-13	6.721812659e-13	7.883058545e-13	1.043463452e-12	6.155130695e-13	9.283184994e-13	5.995374609e-13	1.165616572e-12	5.421910547e-13	7.839351692e-13	7.326926511e-13	8.436176313e-13	1.249036377e-12	1.180461831e-12	1.236225747e-12	1.886176803e-12	1.847970985e-12	2.753305708e-12	4.881829478e-12	1.410322202e-11	6.562990996e-11	1.360815901e-10	2.041720452e-10	2.584140591e-10	2.947639189e-10	2.944296369e-10	9.607753596e-11	1.024600176e-10	1.098684800e-10	1.184326119e-10	1.287787024e-10	1.414623560e-10	3.877325412e-12	3.100549124e-12	2.285265591e-12	1.463049246e-12	1.554230786e-12	1.086567452e-12	1.016711843e-12	1.137508544e-12	6.208633912e-13	6.470875034e-13	4.840910821e-13	9.672778844e-13	3.472434163e-13	4.461866901e-13	6.996110844e-13	5.753479781e-13	7.173198957e-13	7.755705817e-13	8.304302186e-13	5.898918105e-13	5.866514748e-13	7.664524277e-13	8.234220507e-13	7.882304979e-13	1.085211033e-12	1.285056853e-12	6.964461053e-13	1.384602980e-12	1.280610811e-12	1.092520627e-12	1.068557214e-12	1.058610137e-12	1.061850473e-12	1.466289582e-12	6.027777966e-13	7.684870571e-13	7.647192249e-13	9.555976046e-13	9.528847654e-13	1.602157611e-12	1.184531090e-12	2.967544647e-13	9.818970734e-13	9.831027797e-13	6.800937135e-13	6.279469158e-13	5.260647329e-13	4.135572631e-13	4.477691796e-13	6.596720630e-13	7.802426936e-13	4.446795572e-13	1.518436380e-13	-1.708335123e-13	2.048947155e-13	5.477674464e-13	4.944902990e-13	7.599717563e-13	1.059891200e-12	2.105464638e-13	7.103870845e-13	2.813817093e-13	5.286268588e-13	5.471645932e-13	8.488172398e-13	2.856770380e-13	4.244086199e-13	1.408415679e-13	1.601328688e-13	2.427237508e-13	7.218412944e-13	3.305895979e-13	3.216975139e-13	4.926817395e-13	4.366163962e-13	4.816043128e-13	4.718079491e-13	4.446042005e-14	7.451264974e-13	1.985647574e-13	5.602012927e-13	6.176230555e-13	1.357926728e-13	3.031597794e-13
-5.126512502e-13	-9.506240660e-13	-7.051874760e-13	-1.127033970e-12	-3.861274447e-13	-1.259586307e-12	-1.346095735e-12	-1.087622445e-12	-1.016410416e-12	-7.690145536e-13	-9.784306677e-13	-1.464254953e-12	-5.162683691e-13	-8.839334360e-13	-6.702973498e-13	-6.239530136e-13	-4.637447881e-13	-8.418090719e-13	-7.374401197e-13	1.805545194e-13	-2.292349115e-13	-9.808420804e-13	-7.694666935e-13	-5.403824953e-13	-1.350014280e-12	-1.080915704e-12	-1.072777186e-12	-1.377444099e-12	-1.385959399e-12	-1.154162362e-12	-1.354384965e-12	-1.080237494e-12	-1.023192514e-12	-1.372696630e-12	-1.650235150e-12	-1.494774394e-12	-1.488670505e-12	-1.676233193e-12	-1.194176740e-12	-7.296030287e-13	-1.163280516e-12	-1.415875987e-12	-1.167048348e-12	-1.511578925e-12	-1.495904743e-12	-1.222887621e-12	-1.251749216e-12	-1.448882197e-12	-1.118217243e-12	-1.141879229e-12	-1.020027535e-12	-8.044321764e-13	-1.176467929e-12	-8.934283731e-13	-6.262890696e-13	-3.479216261e-13	-1.033139591e-12	-8.857419954e-13	-6.669816574e-13	-5.508570688e-13	-3.759542977e-13	-6.892118675e-13	-6.072238386e-13	-8.317866382e-13	-8.533386384e-13	-1.090410641e-12	-5.831850691e-13	-7.338230008e-13	-8.932023032e-13	-1.281289021e-12	-7.884565678e-13	-8.718763729e-13	-1.107516599e-12	-1.348205721e-12	-1.094404543e-12	-1.029447116e-12	-1.113545131e-12	-9.509254926e-13	-9.364570169e-13	-1.437578701e-12	-1.367497022e-12	-1.413992071e-12	-1.016787200e-12	-9.534122619e-13	-1.334942951e-12	-1.044819871e-12	-1.180235761e-12	-1.102316991e-12	-1.214598391e-12	-1.276918335e-12	-8.956890725e-13	-9.181453524e-13	-7.409065254e-13	-1.101563424e-12	-3.806264096e-13	-7.074481754e-13	-9.415059121e-13	-3.218482272e-13	-4.473170397e-13	-1.218516936e-13	-7.794891272e-13	-6.500264125e-13	-7.697681201e-13	-8.364587501e-13	-8.325402047e-13	-1.050471620e-12	-1.109626585e-12	-6.617066923e-13	-6.502524824e-13	-7.410572386e-13	-8.290737990e-13	-6.193562583e-13	-1.011361521e-12	-5.851443419e-13	-5.924539364e-13	-9.296749190e-13	-8.405280089e-13	-4.751989981e-13	-1.105105187e-12	-9.849866958e-13	-8.225177710e-13	-1.142482082e-12	-6.906436437e-13	-1.242028209e-12	-7.686377704e-13	-2.499579887e-13	-7.050367627e-13	-3.299113881e-13	-8.503997293e-13	-7.184502454e-13	-8.179963723e-13	-2.522940446e-13	-6.012706637e-13	-1.878641139e-13	-6.703727064e-13	-1.667642535e-13	-2.100943239e-13	-2.986383808e-13	-3.838667453e-13	-7.475379100e-14	3.008237235e-13	-3.833392488e-13	-3.977323679e-13	-2.957748283e-13	-4.280257388e-14	-1.528986310e-13	-1.999211770e-13	-5.357857400e-14	1.045950221e-13	3.956977385e-13	9.742106957e-13	1.102919844e-12	8.544689881e-13	1.622956045e-12	5.493424002e-12	5.071208261e-11	1.114985196e-10	1.817478672e-10	2.422400365e-10	2.657969756e-10	1.422724399e-10	8.915128072e-11	9.501726798e-11	1.029080883e-10	1.124228442e-10	1.263254669e-10	3.683432766e-12	2.126338428e-12	1.451670393e-12	1.346547874e-12	7.904911972e-13	7.552242877e-13	8.036786099e-13	1.235095398e-13	-2.541779607e-13	-4.956206486e-13	-3.666100738e-13	-8.051857428e-13	-8.599700231e-13	-2.593775692e-13	-4.192090114e-13	-1.011889018e-12	-4.265186059e-14	-3.280274720e-13	-3.383513323e-14	-3.852985216e-13	-4.685676134e-13	1.789720299e-13	-5.262154462e-13	-4.100155009e-13	4.137079764e-14	-6.277208458e-14	-4.895921171e-13	-2.599804223e-13	-3.097911641e-13	-2.136360862e-13	-6.606516993e-13	-2.109986036e-13	-3.569644234e-13	-1.654831906e-13	-1.663874703e-13	-5.712033627e-14	5.168712223e-13	2.143896526e-13	-3.544776541e-13	-9.645650452e-15	-3.167239754e-13	-6.661527344e-14	-2.924591360e-13	-3.186832481e-13	-5.832604258e-14	-6.253094332e-13	-3.001455137e-13	-4.987856277e-13	-7.424136582e-13	-8.204077849e-13	-3.304388846e-13	-2.259192192e-13	-2.285567017e-13	-3.226771503e-13	1.171795817e-13	-3.785917802e-13	7.987804281e-14	2.545547440e-13	-1.672917500e-14	-3.202657377e-13	1.944201419e-13	2.637482546e-15	-1.154463788e-13	1.030878892e-13	3.656304375e-13	5.834864957e-13	4.928324528e-13	2.416687578e-13	2.565140167e-13	-2.038397224e-13	-4.453577670e-14	5.371421596e-13	2.620150517e-13	3.299113881e-13	5.548509709e-13	2.308927577e-13	5.066227187e-13	2.454365900e-13	1.052732319e-13	5.317918378e-13	1.517682813e-13	-4.513109419e-13	-2.134853729e-13	4.021784099e-13	-2.699274994e-13
-2.383229228e-12	-2.378632473e-12	-2.689177203e-12	-2.250601534e-12	-2.759108169e-12	-2.563482321e-12	-2.156481086e-12	-1.929280804e-12	-2.166051380e-12	-2.557001650e-12	-2.782318016e-12	-2.993241263e-12	-3.181180733e-12	-2.871766352e-12	-2.911253234e-12	-2.982615976e-12	-2.637934685e-12	-2.602517063e-12	-1.918730874e-12	-2.508622684e-12	-2.072533784e-12	-1.532528072e-12	-2.522488307e-12	-2.399883046e-12	-2.324601759e-12	-2.047063239e-12	-1.971405168e-12	-2.292349115e-12	-2.297925507e-12	-2.697466434e-12	-3.299792091e-12	-3.061288312e-12	-2.731376924e-12	-2.869128870e-12	-2.745619330e-12	-2.944636227e-12	-3.551257213e-12	-3.762783313e-12	-2.968147500e-12	-2.700857483e-12	-2.187000527e-12	-2.896634045e-12	-3.285248259e-12	-3.111023697e-12	-2.805753932e-12	-2.929640255e-12	-2.682018322e-12	-2.491139943e-12	-2.143218316e-12	-1.831844663e-12	-1.875400803e-12	-1.808634816e-12	-1.968993755e-12	-1.822425082e-12	-2.195817254e-12	-2.440274208e-12	-2.333569200e-12	-2.779906603e-12	-3.453745715e-12	-2.702892113e-12	-2.067861672e-12	-2.658431693e-12	-2.552480251e-12	-2.447809872e-12	-2.625425482e-12	-2.387072417e-12	-2.711859553e-12	-3.172062579e-12	-3.008161878e-12	-3.097007362e-12	-3.199869181e-12	-3.035139557e-12	-2.398074487e-12	-2.350901228e-12	-3.077942131e-12	-2.638688252e-12	-3.255859167e-12	-2.696712868e-12	-2.861894632e-12	-2.607867384e-12	-3.031974578e-12	-2.888344814e-12	-3.315089490e-12	-3.114866886e-12	-2.799423974e-12	-2.568229790e-12	-2.311565060e-12	-2.760464589e-12	-2.308927577e-12	-2.547958852e-12	-2.718340225e-12	-2.762122435e-12	-3.418554162e-12	-3.156313041e-12	-3.586900905e-12	-3.075455361e-12	-2.855790744e-12	-2.789250827e-12	-2.704022462e-12	-3.447340400e-12	-2.923536367e-12	-3.047196620e-12	-2.300487633e-12	-2.627535468e-12	-2.465141900e-12	-2.302899045e-12	-2.053543910e-12	-1.969445895e-12	-2.067861672e-12	-2.618643384e-12	-2.589932503e-12	-2.550068838e-12	-2.336734179e-12	-2.418722208e-12	-2.101320022e-12	-2.683751525e-12	-2.371096808e-12	-2.390086683e-12	-2.794450435e-12	-2.430025704e-12	-3.053074438e-12	-3.156915894e-12	-2.824668450e-12	-3.336038637e-12	-3.029487808e-12	-2.988719864e-12	-3.523375254e-12	-3.239280706e-12	-3.256009881e-12	-3.421643785e-12	-3.092033823e-12	-3.609960038e-12	-3.477407701e-12	-3.315692343e-12	-3.512674611e-12	-3.464898498e-12	-3.566027115e-12	-3.543118695e-12	-4.036101861e-12	-3.948688154e-12	-4.418235404e-12	-4.213491401e-12	-4.042959316e-12	-4.339713780e-12	-3.974083343e-12	-4.492310985e-12	-3.921258335e-12	-3.767078641e-12	-3.981091511e-12	-4.485001390e-12	-3.950421357e-12	-4.283045584e-12	-3.572809213e-12	-3.605137213e-12	6.495742726e-14	3.563675988e-11	9.502691363e-11	1.763314577e-10	2.395305884e-10	6.519751353e-11	6.983827711e-11	7.269708212e-11	7.787272715e-11	8.680874408e-11	9.441238019e-11	-2.829717345e-12	-3.390370777e-12	-3.730907452e-12	-4.036101861e-12	-4.077548015e-12	-3.989832882e-12	-3.760296543e-12	-3.568061744e-12	-3.269423363e-12	-4.123440212e-12	-4.499319153e-12	-4.197741863e-12	-4.388168103e-12	-4.545362062e-12	-4.134743708e-12	-4.567215489e-12	-4.615142315e-12	-5.102398376e-12	-4.957261479e-12	-5.035406319e-12	-4.827195911e-12	-4.400601949e-12	-4.970901032e-12	-5.253789874e-12	-4.937819465e-12	-4.719435910e-12	-4.887179800e-12	-4.747016442e-12	-4.782434065e-12	-4.692307518e-12	-5.084086711e-12	-5.407668141e-12	-5.481517653e-12	-5.179563580e-12	-4.969921395e-12	-5.275567944e-12	-5.542933318e-12	-5.416258799e-12	-5.615727836e-12	-5.907810189e-12	-5.333140420e-12	-5.525149150e-12	-5.588298017e-12	-5.990777854e-12	-5.809469768e-12	-5.608719668e-12	-5.221838657e-12	-4.934880556e-12	-5.150400558e-12	-5.228093258e-12	-5.261325538e-12	-5.022671046e-12	-4.948143325e-12	-5.107597984e-12	-4.931263437e-12	-5.469385233e-12	-5.037139522e-12	-5.634491640e-12	-5.273684028e-12	-5.632984507e-12	-5.660791109e-12	-5.763276145e-12	-5.310156644e-12	-5.715198606e-12	-5.414977736e-12	-5.339771805e-12	-5.091848446e-12	-5.183029985e-12	-5.468857736e-12	-5.314376616e-12	-5.226586125e-12	-5.084840278e-12	-5.413998100e-12	-5.707964368e-12	-5.298928504e-12	-5.202999496e-12	-5.348739246e-12	-5.384382938e-12	-6.031244372e-12	-5.102925872e-12	-5.362454155e-12	-5.078208893e-12	-5.148215216e-12	-5.301339916e-12	-5.063212921e-12	-5.354767777e-12
-5.207822321e-12	-5.191319216e-12	-5.141885257e-12	-5.586414101e-12	-5.836296733e-12	-5.545495444e-12	-5.670738186e-12	-5.561546409e-12	-5.558682856e-12	-5.720172145e-12	-5.728612089e-12	-5.905021993e-12	-6.033731141e-12	-5.255447720e-12	-5.609096451e-12	-5.700654774e-12	-5.548811136e-12	-5.430953344e-12	-5.978117938e-12	-5.749259809e-12	-5.646699417e-12	-5.445195750e-12	-5.338490742e-12	-5.607061822e-12	-6.265000682e-12	-6.373212823e-12	-5.826274300e-12	-5.797563418e-12	-5.450244645e-12	-5.469460590e-12	-5.542857961e-12	-5.663428592e-12	-5.641499808e-12	-5.524772366e-12	-6.062668092e-12	-5.570589206e-12	-5.734188481e-12	-5.379183330e-12	-6.077664065e-12	-5.728235306e-12	-5.320480504e-12	-5.404427806e-12	-5.388226127e-12	-5.171801845e-12	-5.390562183e-12	-5.662599669e-12	-5.474057345e-12	-5.222366153e-12	-5.265018014e-12	-5.280767553e-12	-5.327564029e-12	-5.585359108e-12	-5.609850018e-12	-5.676917431e-12	-5.450470715e-12	-5.645870494e-12	-5.198252027e-12	-5.514222436e-12	-5.642931584e-12	-5.222667580e-12	-5.101418740e-12	-4.934805199e-12	-4.907752164e-12	-4.779871939e-12	-5.336003973e-12	-5.016567158e-12	-5.378203694e-12	-5.306464168e-12	-5.692064116e-12	-5.771791446e-12	-5.649412256e-12	-5.683172032e-12	-5.345122127e-12	-5.364790211e-12	-5.523717373e-12	-5.622886717e-12	-5.343916420e-12	-5.618666745e-12	-5.445271107e-12	-5.571116703e-12	-5.515503499e-12	-5.571116703e-12	-5.485285485e-12	-5.748732313e-12	-5.555593234e-12	-5.139473845e-12	-5.157408726e-12	-5.633813431e-12	-5.390863610e-12	-5.239095328e-12	-5.632532368e-12	-5.448812869e-12	-5.453032841e-12	-6.073971589e-12	-5.362755581e-12	-5.455368897e-12	-5.332311497e-12	-5.580460926e-12	-5.882565713e-12	-5.638711612e-12	-5.398323918e-12	-5.799673404e-12	-5.756343334e-12	-5.589202297e-12	-5.720096788e-12	-6.113684541e-12	-6.055509211e-12	-5.968773714e-12	-5.545118660e-12	-5.460116366e-12	-5.396666071e-12	-5.309252364e-12	-5.278808280e-12	-5.223345790e-12	-5.621153514e-12	-5.435324030e-12	-5.686035585e-12	-5.457855666e-12	-5.575412031e-12	-5.831323195e-12	-5.723713907e-12	-5.376018351e-12	-5.568027080e-12	-5.610829654e-12	-5.558682856e-12	-5.352883861e-12	-5.506309989e-12	-5.347382826e-12	-6.222951675e-12	-5.804571586e-12	-5.597642241e-12	-5.633587361e-12	-5.863500482e-12	-5.881962860e-12	-5.462603135e-12	-5.726200676e-12	-5.773976789e-12	-5.597566885e-12	-5.253111664e-12	-5.401639610e-12	-4.924330626e-12	-5.113551159e-12	-5.124553229e-12	-5.111817956e-12	-5.507967835e-12	-5.121463607e-12	-5.481668366e-12	-5.162608335e-12	-5.179563580e-12	-5.306012028e-12	-5.609473234e-12	-5.676917431e-12	-5.388075414e-12	-5.036838095e-12	-4.343556969e-12	3.486442963e-11	1.042425037e-10	2.025354496e-10	2.648092761e-10	4.777468062e-11	5.049121228e-11	5.377894731e-11	5.955488337e-11	6.707849073e-11	-5.031563130e-12	-4.994412305e-12	-5.160121565e-12	-5.775182495e-12	-5.476242688e-12	-5.571568842e-12	-5.614672843e-12	-5.567951724e-12	-5.300058854e-12	-5.407216002e-12	-4.883110541e-12	-4.930057731e-12	-4.954850067e-12	-5.357179190e-12	-5.298476364e-12	-5.471645932e-12	-5.285138238e-12	-5.569383500e-12	-5.526580926e-12	-5.987989658e-12	-4.803307855e-12	-5.487169401e-12	-5.471269149e-12	-5.088683467e-12	-5.115209005e-12	-5.141282404e-12	-5.409627414e-12	-5.160950488e-12	-5.458910659e-12	-5.421232337e-12	-5.802763027e-12	-5.611960004e-12	-5.509701038e-12	-5.804345516e-12	-5.727632452e-12	-5.569534213e-12	-5.660489683e-12	-5.817758999e-12	-5.810223334e-12	-5.632004871e-12	-6.195973996e-12	-6.278790948e-12	-6.325210641e-12	-6.365451089e-12	-6.440355593e-12	-6.257691087e-12	-5.948728846e-12	-5.768325040e-12	-5.826726440e-12	-5.883394636e-12	-5.466446324e-12	-5.574130968e-12	-5.949633126e-12	-6.272310276e-12	-6.079774051e-12	-6.057317771e-12	-6.279845941e-12	-6.309159675e-12	-6.757531708e-12	-6.000800288e-12	-5.939761406e-12	-6.438396320e-12	-5.975706525e-12	-6.113759897e-12	-6.700788155e-12	-6.234405884e-12	-6.667329805e-12	-6.420009299e-12	-6.512848685e-12	-6.413905411e-12	-6.597850979e-12	-6.444123425e-12	-6.255128962e-12	-5.979323644e-12	-6.722867652e-12	-6.597097413e-12	-6.713824855e-12	-6.015796260e-12	-6.275776682e-12	-6.210668542e-12	-6.431237439e-12	-7.070713921e-12	-7.045092662e-12	-6.727841190e-12	-6.792949331e-12	-6.676372602e-12	-6.420762865e-12
-4.767438093e-12	-5.007901144e-12	-5.409325988e-12	-5.540145122e-12	-5.880305014e-12	-5.178659300e-12	-5.549112562e-12	-5.288680000e-12	-5.387095778e-12	-5.542481178e-12	-5.823862887e-12	-5.839537069e-12	-6.036443980e-12	-5.751821935e-12	-6.170051310e-12	-5.746622327e-12	-6.083391170e-12	-5.438489009e-12	-5.865685825e-12	-5.887765321e-12	-5.889272454e-12	-5.908413042e-12	-5.397494994e-12	-5.517839555e-12	-5.879400734e-12	-6.027702610e-12	-5.743758774e-12	-5.647302270e-12	-5.668552843e-12	-5.873824342e-12	-5.737202746e-12	-5.596662605e-12	-5.522059527e-12	-5.799824118e-12	-5.589579080e-12	-5.737202746e-12	-5.731701711e-12	-5.663127165e-12	-5.598697234e-12	-5.347307469e-12	-4.950931521e-12	-5.365543777e-12	-5.227038265e-12	-5.648960116e-12	-5.472776282e-12	-5.285741091e-12	-5.363584505e-12	-5.273005818e-12	-5.537055499e-12	-5.947899923e-12	-5.949482413e-12	-5.672320676e-12	-5.407743498e-12	-4.959220752e-12	-4.875574877e-12	-5.318898015e-12	-5.170897565e-12	-5.836899587e-12	-5.304278826e-12	-4.950253311e-12	-5.115811859e-12	-5.244144224e-12	-5.001721899e-12	-5.265997650e-12	-5.243315300e-12	-4.792079715e-12	-4.707002064e-12	-4.943772640e-12	-5.378279050e-12	-5.031110991e-12	-4.744981813e-12	-5.085367774e-12	-4.504443405e-12	-4.993281955e-12	-4.581382538e-12	-4.801122513e-12	-4.535867125e-12	-4.285080213e-12	-4.588541419e-12	-4.759450288e-12	-4.834656219e-12	-5.228017902e-12	-4.903080052e-12	-4.543327433e-12	-4.925460975e-12	-5.222592223e-12	-4.965927493e-12	-5.047237312e-12	-5.106919775e-12	-4.895921171e-12	-4.469176495e-12	-4.326827794e-12	-4.263076073e-12	-4.792983995e-12	-4.225322395e-12	-4.669926595e-12	-5.268484420e-12	-4.917171745e-12	-5.005941871e-12	-4.736466512e-12	-4.204523961e-12	-4.379803515e-12	-4.524865055e-12	-4.691403239e-12	-4.337528438e-12	-4.817399548e-12	-4.910314290e-12	-4.765026680e-12	-4.706399211e-12	-5.080620306e-12	-5.018903214e-12	-5.127567495e-12	-4.770377002e-12	-4.927495605e-12	-4.906772528e-12	-4.963516081e-12	-4.522453642e-12	-4.848446485e-12	-5.326885819e-12	-5.254468084e-12	-4.833676583e-12	-5.039023438e-12	-4.471512551e-12	-4.841438317e-12	-4.771205925e-12	-4.734281169e-12	-4.913780696e-12	-4.565180860e-12	-4.940532304e-12	-5.023726039e-12	-4.485905670e-12	-4.626671881e-12	-5.186270321e-12	-4.471211124e-12	-4.702254595e-12	-4.720943043e-12	-5.025685312e-12	-4.467744719e-12	-4.706097784e-12	-4.707303491e-12	-5.074290348e-12	-4.651313504e-12	-4.908053591e-12	-4.956281843e-12	-5.096972698e-12	-5.483175499e-12	-5.366975554e-12	-4.987931633e-12	-4.848069702e-12	-5.305258462e-12	-5.065548977e-12	-4.692382875e-12	-4.949349032e-12	-4.713482735e-12	-3.272211559e-12	5.142352469e-11	1.460573027e-10	2.510665603e-10	6.998198223e-11	7.192701257e-11	7.603726537e-11	8.257370068e-11	9.307698510e-11	-4.057427791e-12	-3.512825324e-12	-4.411679376e-12	-4.803609282e-12	-4.743851463e-12	-5.166300810e-12	-5.260044475e-12	-5.175192894e-12	-4.891324416e-12	-4.741440050e-12	-5.168561509e-12	-5.009634347e-12	-5.237362126e-12	-5.501411807e-12	-5.255523077e-12	-4.631946846e-12	-5.706231166e-12	-5.552277542e-12	-5.835015670e-12	-5.360947022e-12	-5.033597760e-12	-4.821318093e-12	-5.537733709e-12	-5.670361403e-12	-5.111215103e-12	-5.410004197e-12	-5.344142490e-12	-5.287625007e-12	-5.288830714e-12	-5.290639273e-12	-5.342786071e-12	-5.246706349e-12	-5.604122913e-12	-5.336305399e-12	-5.258311273e-12	-5.071200725e-12	-5.394782155e-12	-5.667196424e-12	-5.377374770e-12	-5.351904225e-12	-5.396364645e-12	-5.587996591e-12	-5.925217573e-12	-5.556045374e-12	-4.953870430e-12	-5.151983048e-12	-5.212268363e-12	-5.207445538e-12	-4.874519884e-12	-5.043394124e-12	-5.191695999e-12	-5.354466351e-12	-5.440071498e-12	-5.687316648e-12	-5.908262329e-12	-5.613843920e-12	-5.370215889e-12	-5.114380082e-12	-5.164492251e-12	-5.036235242e-12	-5.278958993e-12	-4.778063379e-12	-4.846939352e-12	-4.870601338e-12	-4.978662766e-12	-5.110612250e-12	-4.900216500e-12	-4.892379409e-12	-5.041284138e-12	-5.435022603e-12	-5.047312669e-12	-4.995844081e-12	-5.054848333e-12	-5.041736277e-12	-5.218221538e-12	-5.036461312e-12	-5.464185625e-12	-5.457102100e-12	-5.167431160e-12	-5.238718545e-12	-5.021013200e-12	-5.091697732e-12	-4.877308080e-12	-5.250775608e-12	-4.875198094e-12	-4.428559264e-12	-5.117318991e-12	-5.302620979e-12
-4.858393562e-12	-4.665179127e-12	-4.961933591e-12	-4.664350203e-12	-4.620191210e-12	-4.641667854e-12	-4.633830763e-12	-4.589219629e-12	-4.153658226e-12	-4.274831710e-12	-4.120425946e-12	-4.083953330e-12	-4.631720777e-12	-4.338809501e-12	-4.128790533e-12	-4.189151205e-12	-4.105505330e-12	-3.730530669e-12	-4.031881889e-12	-4.112362785e-12	-4.443027740e-12	-4.872635968e-12	-4.098798589e-12	-4.285004857e-12	-4.320422479e-12	-4.440239544e-12	-4.465785446e-12	-4.270988521e-12	-4.552671657e-12	-4.460209054e-12	-4.410699739e-12	-4.661335938e-12	-4.370986788e-12	-4.614690175e-12	-4.156521778e-12	-4.204222534e-12	-4.560131965e-12	-4.570154398e-12	-4.957110766e-12	-4.572791881e-12	-4.516274398e-12	-4.418160047e-12	-4.607682007e-12	-4.918904947e-12	-4.615820525e-12	-4.506478034e-12	-4.609791993e-12	-4.942943717e-12	-4.719134484e-12	-4.493592048e-12	-4.657794175e-12	-4.481987125e-12	-4.621999769e-12	-4.674523350e-12	-4.314469305e-12	-4.453728383e-12	-4.424565362e-12	-4.448604131e-12	-5.209555524e-12	-4.670604805e-12	-4.911369283e-12	-4.604441671e-12	-4.372569277e-12	-4.530667517e-12	-4.740309701e-12	-4.319518200e-12	-4.288169836e-12	-5.054471550e-12	-4.737672218e-12	-4.692759658e-12	-4.737747575e-12	-4.801876079e-12	-4.331123123e-12	-4.259232884e-12	-4.314996801e-12	-4.545437419e-12	-4.323587459e-12	-4.675126204e-12	-4.284025220e-12	-5.035707746e-12	-4.826065562e-12	-4.377166033e-12	-4.403691571e-12	-4.813254932e-12	-4.745735379e-12	-4.651841000e-12	-4.315524298e-12	-3.851025943e-12	-4.341748410e-12	-4.255841835e-12	-3.955394895e-12	-4.446418789e-12	-4.659753448e-12	-4.339186284e-12	-4.195481163e-12	-4.271289947e-12	-4.495928104e-12	-4.848220415e-12	-4.912273563e-12	-4.955076137e-12	-4.718456274e-12	-4.697507127e-12	-4.596981364e-12	-4.942566934e-12	-4.976175997e-12	-4.926591325e-12	-4.962385731e-12	-4.670981588e-12	-4.748222148e-12	-5.040455214e-12	-4.818077758e-12	-5.276773650e-12	-5.090190600e-12	-4.928550598e-12	-5.501110380e-12	-5.192148139e-12	-4.697130344e-12	-4.459455488e-12	-4.680099742e-12	-4.831717310e-12	-4.795546121e-12	-4.459304775e-12	-4.841890457e-12	-4.491557418e-12	-4.829230541e-12	-4.932167717e-12	-5.066603970e-12	-5.248439552e-12	-5.340600728e-12	-4.844829366e-12	-4.975347074e-12	-4.874369171e-12	-5.124779299e-12	-4.800821086e-12	-4.883110541e-12	-4.726896218e-12	-4.832621590e-12	-4.908505730e-12	-4.748071435e-12	-5.020862487e-12	-4.826819128e-12	-5.131109257e-12	-4.862538178e-12	-4.635262539e-12	-4.818605254e-12	-5.033447047e-12	-4.911670710e-12	-5.079489956e-12	-4.857413926e-12	-4.041150756e-12	-4.452824103e-12	-4.506553391e-12	-4.722224106e-12	-4.041979679e-12	5.047614096e-12	5.712440553e-11	2.207707025e-10	9.623472992e-11	8.830984844e-11	8.999090445e-11	9.560964655e-11	1.063957445e-10	7.103433776e-11	-3.589010891e-12	-4.285984493e-12	-4.086741526e-12	-4.027812630e-12	-4.358100802e-12	-4.294424437e-12	-4.725916582e-12	-4.590349979e-12	-4.296232997e-12	-4.244839765e-12	-4.520569726e-12	-4.405500131e-12	-4.608284860e-12	-4.288019123e-12	-4.661185224e-12	-4.472718257e-12	-4.681832945e-12	-4.111081722e-12	-4.471286481e-12	-4.439938117e-12	-4.198721499e-12	-4.620040497e-12	-4.480103208e-12	-4.386058117e-12	-4.011912378e-12	-3.929246140e-12	-4.226000604e-12	-4.590576049e-12	-4.692006092e-12	-4.482062481e-12	-4.253053640e-12	-4.205126814e-12	-4.193220464e-12	-3.931205412e-12	-4.037382924e-12	-4.351921557e-12	-3.949291007e-12	-3.499637911e-12	-3.393611113e-12	-3.681096710e-12	-3.966095539e-12	-4.234741975e-12	-4.237379458e-12	-3.941981413e-12	-4.232631989e-12	-4.314393948e-12	-4.557193055e-12	-4.769548079e-12	-4.101360715e-12	-4.251395793e-12	-4.586958930e-12	-4.850707184e-12	-4.002869581e-12	-4.293896941e-12	-4.499093083e-12	-3.897520992e-12	-4.236851961e-12	-4.701350316e-12	-4.277770619e-12	-4.240243010e-12	-4.112739568e-12	-3.732565298e-12	-3.966698392e-12	-4.193597247e-12	-4.486885306e-12	-4.493441334e-12	-4.155466785e-12	-4.087193666e-12	-4.545889559e-12	-4.348229081e-12	-4.214244968e-12	-3.604459003e-12	-4.061044910e-12	-4.046953218e-12	-3.960368434e-12	-4.011837022e-12	-4.250566870e-12	-4.195330450e-12	-4.305426507e-12	-4.596001727e-12	-4.302261528e-12	-4.173024884e-12	-4.657869532e-12	-4.869169562e-12	-4.916493535e-12	-4.733000106e-12	-4.820263100e-12	-4.585527154e-12
-4.483117474e-12	-4.120802729e-12	-4.465257950e-12	-4.087269022e-12	-4.163680660e-12	-4.327204577e-12	-4.178751988e-12	-4.106861750e-12	-3.756151928e-12	-3.721186445e-12	-3.724652851e-12	-4.199776492e-12	-3.621489605e-12	-3.999779959e-12	-4.082898337e-12	-4.163756016e-12	-3.904378447e-12	-3.948838867e-12	-3.551709352e-12	-3.866926195e-12	-3.766475788e-12	-3.428049099e-12	-3.845600265e-12	-3.728722110e-12	-3.214262300e-12	-3.864213356e-12	-3.765345439e-12	-3.645829801e-12	-3.867152265e-12	-4.038211847e-12	-3.601520094e-12	-3.769490054e-12	-3.529027003e-12	-3.983050784e-12	-4.452145893e-12	-4.354332969e-12	-4.417707907e-12	-3.705286193e-12	-4.392388075e-12	-4.011686308e-12	-4.295178004e-12	-4.102114281e-12	-4.135195848e-12	-4.327053864e-12	-4.015378784e-12	-4.132633722e-12	-4.491632775e-12	-4.571736888e-12	-3.786445299e-12	-4.328862424e-12	-3.878681831e-12	-3.930753273e-12	-3.867378335e-12	-4.349208718e-12	-4.083651904e-12	-4.008069189e-12	-4.094804687e-12	-3.966396965e-12	-4.161118534e-12	-4.092167204e-12	-4.011309525e-12	-4.007466336e-12	-3.344252511e-12	-3.661127200e-12	-3.911612685e-12	-3.508982135e-12	-3.965568042e-12	-4.135949415e-12	-4.133010505e-12	-3.986215763e-12	-4.098647876e-12	-3.812518698e-12	-3.872653300e-12	-3.837989244e-12	-4.373172130e-12	-4.230220576e-12	-4.388394173e-12	-4.382365641e-12	-4.291786955e-12	-3.899254195e-12	-4.061044910e-12	-4.365108969e-12	-4.303241165e-12	-4.121933079e-12	-4.187568716e-12	-3.887875342e-12	-4.516952607e-12	-4.366842172e-12	-4.710543826e-12	-4.346646592e-12	-4.328862424e-12	-4.287039486e-12	-4.480479992e-12	-4.631268637e-12	-4.492235628e-12	-4.617629084e-12	-4.413487935e-12	-4.264809276e-12	-4.255691122e-12	-4.292013025e-12	-4.395779124e-12	-4.436320998e-12	-4.710995966e-12	-4.453954453e-12	-4.307762563e-12	-3.751781243e-12	-3.894356013e-12	-3.688707732e-12	-3.893074950e-12	-4.263678926e-12	-4.200906842e-12	-4.419817893e-12	-4.424866788e-12	-4.866532080e-12	-4.140922953e-12	-4.495928104e-12	-4.272721724e-12	-4.385153837e-12	-3.975741189e-12	-3.758487984e-12	-3.725858557e-12	-3.421191645e-12	-3.758035844e-12	-4.228562730e-12	-4.193069751e-12	-3.812292628e-12	-4.561563741e-12	-4.257575038e-12	-3.800763061e-12	-3.928944713e-12	-3.999101749e-12	-3.977172965e-12	-3.558792877e-12	-3.524807030e-12	-4.282970227e-12	-4.141375093e-12	-3.936103594e-12	-4.150116464e-12	-3.960745217e-12	-3.879058615e-12	-3.881997524e-12	-3.754644795e-12	-3.793001327e-12	-3.774538949e-12	-4.141375093e-12	-4.079281218e-12	-3.929773636e-12	-4.173100240e-12	-4.353428690e-12	-3.911537328e-12	-3.987572182e-12	-4.431121390e-12	-3.549222583e-12	-2.960611836e-12	8.888994388e-12	9.747223673e-11	1.779442406e-10	1.162860779e-10	1.023759196e-10	1.029860070e-10	1.107593463e-10	1.244492371e-10	-2.394532725e-12	-2.960762549e-12	-3.405818889e-12	-3.574768486e-12	-3.524731674e-12	-3.927286867e-12	-3.448395393e-12	-3.159176593e-12	-3.423226274e-12	-2.757450323e-12	-3.060007249e-12	-3.342896091e-12	-3.366030581e-12	-3.377635504e-12	-3.558491450e-12	-3.445531841e-12	-2.644490713e-12	-3.085854578e-12	-3.202205237e-12	-3.337997910e-12	-3.517120653e-12	-3.227223643e-12	-3.344930721e-12	-4.081767987e-12	-3.509208205e-12	-3.525409884e-12	-3.475297715e-12	-3.182085013e-12	-3.671601773e-12	-3.681774920e-12	-3.425336260e-12	-4.233385555e-12	-3.498884345e-12	-3.922464042e-12	-3.586674835e-12	-3.926684014e-12	-3.815683677e-12	-3.615310360e-12	-3.832789635e-12	-3.739498110e-12	-4.048158924e-12	-3.829850726e-12	-3.319008035e-12	-3.527218443e-12	-3.423150918e-12	-3.377710861e-12	-3.502350751e-12	-3.686823815e-12	-3.922087258e-12	-3.595265493e-12	-3.548393660e-12	-3.891869244e-12	-4.289676969e-12	-3.641082332e-12	-3.588408038e-12	-3.892170671e-12	-3.396474665e-12	-3.568890667e-12	-3.122854691e-12	-3.775066446e-12	-4.060592770e-12	-4.208517863e-12	-4.359005081e-12	-3.868810111e-12	-3.687049885e-12	-3.381855477e-12	-3.240863195e-12	-3.010799361e-12	-3.320063028e-12	-3.752986949e-12	-4.216505667e-12	-3.869639034e-12	-3.621564962e-12	-4.110403512e-12	-4.729156917e-12	-4.084330113e-12	-3.483963729e-12	-3.852909859e-12	-4.204750031e-12	-3.840852796e-12	-3.904679874e-12	-4.265035346e-12	-3.811086922e-12	-3.731585662e-12	-3.727591760e-12	-3.815532964e-12	-3.887423202e-12	-4.153582869e-12	-4.030751539e-12
-4.176039149e-12	-4.228638087e-12	-4.422982872e-12	-4.331725976e-12	-4.100305722e-12	-3.643719815e-12	-3.220064761e-12	-3.769339341e-12	-3.932486475e-12	-3.464597072e-12	-3.743416655e-12	-3.810182642e-12	-4.108519596e-12	-4.087871876e-12	-3.834824265e-12	-4.080034785e-12	-3.226394720e-12	-3.107105152e-12	-3.217502636e-12	-3.599560821e-12	-3.304087420e-12	-3.309136315e-12	-3.977851175e-12	-3.464295645e-12	-3.521039198e-12	-3.544249045e-12	-3.543570835e-12	-3.214262300e-12	-3.250584202e-12	-3.488183701e-12	-4.065717022e-12	-3.553894695e-12	-3.165054411e-12	-3.993751427e-12	-3.829323230e-12	-3.749821970e-12	-3.841757076e-12	-3.359399197e-12	-3.857506614e-12	-3.924800098e-12	-4.317860354e-12	-4.189226562e-12	-4.422606089e-12	-4.381310648e-12	-4.679722959e-12	-4.593364245e-12	-4.082295484e-12	-3.995635343e-12	-4.141601163e-12	-3.807394446e-12	-4.141751876e-12	-4.120275233e-12	-4.137908687e-12	-3.858034111e-12	-4.165037079e-12	-4.131654086e-12	-4.257801108e-12	-4.393970564e-12	-3.987572182e-12	-4.724936945e-12	-4.330897053e-12	-3.897596349e-12	-3.561128933e-12	-3.683357410e-12	-3.411395281e-12	-3.200622747e-12	-2.835670520e-12	-3.072215026e-12	-2.973874605e-12	-3.207254132e-12	-3.027980676e-12	-3.009066158e-12	-3.092485963e-12	-3.520436345e-12	-3.548092234e-12	-3.853361999e-12	-3.844093132e-12	-3.793830250e-12	-3.956525245e-12	-3.768736488e-12	-3.675972459e-12	-4.295328717e-12	-3.741834166e-12	-3.578762388e-12	-4.163529946e-12	-3.350883896e-12	-4.046802505e-12	-4.200831485e-12	-4.417783264e-12	-3.644548738e-12	-3.809127649e-12	-3.845977048e-12	-4.068957358e-12	-3.535356961e-12	-3.869714391e-12	-3.582153437e-12	-4.086515456e-12	-4.210175709e-12	-3.844695985e-12	-4.038287204e-12	-4.084028687e-12	-4.260212521e-12	-4.478972859e-12	-4.137155121e-12	-4.794792554e-12	-4.171668464e-12	-4.548376328e-12	-4.396834117e-12	-4.101285358e-12	-3.868659398e-12	-4.070012351e-12	-4.157953555e-12	-4.028415483e-12	-3.453519645e-12	-3.801290558e-12	-4.166619569e-12	-3.821938278e-12	-3.943789972e-12	-4.035272938e-12	-3.623072094e-12	-4.190884408e-12	-4.292691234e-12	-3.677404235e-12	-4.016358420e-12	-3.684789186e-12	-4.206106450e-12	-3.974610839e-12	-4.235118758e-12	-3.979433665e-12	-3.851025943e-12	-4.331952046e-12	-4.151774310e-12	-3.812820124e-12	-3.635581297e-12	-3.985010056e-12	-3.848689887e-12	-3.817642950e-12	-3.808826222e-12	-3.826987174e-12	-3.570096374e-12	-3.638972346e-12	-3.706265830e-12	-3.112756900e-12	-3.426768036e-12	-3.738217047e-12	-3.487731562e-12	-3.441537939e-12	-3.893753160e-12	-3.628723843e-12	-3.729174249e-12	-3.911085188e-12	-3.537994443e-12	-3.236643223e-12	-3.395193603e-12	5.504727499e-12	1.393320990e-10	2.113164580e-10	1.561728772e-10	1.225517568e-10	1.208391264e-10	1.324674101e-10	-1.226354027e-12	-2.249169758e-12	-2.930770605e-12	-3.227223643e-12	-3.162718355e-12	-3.370627337e-12	-3.631135255e-12	-3.717267900e-12	-3.512674611e-12	-4.163756016e-12	-3.896239930e-12	-3.925704377e-12	-3.678082445e-12	-3.848539174e-12	-3.338902189e-12	-3.604459003e-12	-3.548695087e-12	-3.765119369e-12	-4.134592995e-12	-3.895712433e-12	-3.914626951e-12	-3.921107622e-12	-3.729475676e-12	-3.919374419e-12	-3.736709914e-12	-4.057352435e-12	-4.126529834e-12	-4.022462308e-12	-4.130749806e-12	-3.989832882e-12	-3.989531455e-12	-3.466480988e-12	-3.534452681e-12	-3.847936321e-12	-4.290355178e-12	-3.676198529e-12	-3.768058278e-12	-3.633019171e-12	-3.700840151e-12	-3.508002499e-12	-3.510112485e-12	-3.534980177e-12	-3.335285070e-12	-3.618023199e-12	-3.593155507e-12	-3.642363395e-12	-4.063004183e-12	-3.686371676e-12	-3.571603506e-12	-3.551332569e-12	-3.266559811e-12	-3.090526690e-12	-3.211926244e-12	-3.513202107e-12	-3.360755616e-12	-3.392706833e-12	-3.448696820e-12	-3.703402277e-12	-3.681172067e-12	-3.669416431e-12	-3.908221636e-12	-4.363526480e-12	-4.063983819e-12	-4.400149809e-12	-4.206709303e-12	-3.806565523e-12	-4.291937668e-12	-4.222458842e-12	-4.057653861e-12	-3.797447369e-12	-3.432871925e-12	-3.612672878e-12	-4.213943541e-12	-3.532719478e-12	-3.771373970e-12	-3.627819563e-12	-3.097007362e-12	-2.940114828e-12	-3.288187168e-12	-3.369949127e-12	-3.597601549e-12	-3.001002997e-12	-3.575446695e-12	-3.449450386e-12	-4.041753609e-12	-3.958107734e-12	-4.005582420e-12	-4.281538451e-12	-3.998875679e-12	-3.962478420e-12
-3.408757798e-12	-3.374470525e-12	-3.101980900e-12	-3.772052180e-12	-3.455629631e-12	-3.457061407e-12	-3.088718131e-12	-3.596094416e-12	-3.687878808e-12	-3.724276068e-12	-3.764817942e-12	-3.847258111e-12	-3.375073379e-12	-3.099720201e-12	-3.290221797e-12	-3.426165183e-12	-3.315390916e-12	-3.617571059e-12	-3.482305883e-12	-3.144105264e-12	-3.599636178e-12	-4.263076073e-12	-3.634827731e-12	-3.605740066e-12	-4.051248547e-12	-3.726009270e-12	-3.444476848e-12	-4.044918588e-12	-4.104224267e-12	-3.831433216e-12	-3.345910357e-12	-3.661956123e-12	-3.472057380e-12	-3.341238245e-12	-3.268519084e-12	-3.020294298e-12	-2.707488868e-12	-3.268971224e-12	-2.452481984e-12	-3.154353768e-12	-3.044785207e-12	-2.319778934e-12	-2.679230126e-12	-3.047347333e-12	-3.095048089e-12	-3.187359978e-12	-3.502350751e-12	-3.193388509e-12	-3.310944874e-12	-2.887591247e-12	-2.666570210e-12	-3.304238133e-12	-2.358512249e-12	-2.245703353e-12	-2.945088367e-12	-2.720902351e-12	-2.696562155e-12	-3.018335025e-12	-2.457907662e-12	-3.097082718e-12	-3.321645518e-12	-3.133479977e-12	-3.001530493e-12	-2.765814911e-12	-2.737556169e-12	-2.938306269e-12	-2.929037402e-12	-3.485847645e-12	-2.664610937e-12	-3.229785769e-12	-2.268687129e-12	-2.940340898e-12	-2.723012337e-12	-2.976587444e-12	-2.965811444e-12	-2.795580785e-12	-2.823839527e-12	-2.883974129e-12	-3.112154047e-12	-3.484340513e-12	-3.564369269e-12	-3.263470189e-12	-3.443723281e-12	-2.926927416e-12	-2.727910519e-12	-2.616684112e-12	-3.064754718e-12	-3.212604454e-12	-3.320213742e-12	-3.426843393e-12	-3.195649209e-12	-2.879754156e-12	-2.603496699e-12	-3.181783586e-12	-3.505063590e-12	-3.385397239e-12	-3.128205012e-12	-2.730472644e-12	-2.490763159e-12	-2.508999467e-12	-2.671393035e-12	-2.847350799e-12	-3.312301294e-12	-2.626254406e-12	-3.389993994e-12	-3.289242161e-12	-3.650125130e-12	-3.415238470e-12	-3.034461347e-12	-3.226168650e-12	-3.600012961e-12	-3.154881264e-12	-3.473413799e-12	-3.360002050e-12	-3.422623421e-12	-3.502275394e-12	-3.059856536e-12	-3.609206472e-12	-2.937100563e-12	-3.027076396e-12	-3.390370777e-12	-3.005750466e-12	-3.055937991e-12	-3.114942243e-12	-2.829039135e-12	-3.226846859e-12	-3.289618944e-12	-3.269272650e-12	-3.586373409e-12	-3.428199813e-12	-2.812536030e-12	-2.704323889e-12	-2.902662576e-12	-3.042599865e-12	-3.290900007e-12	-3.179824314e-12	-3.329784035e-12	-3.601143311e-12	-3.487204065e-12	-3.312678077e-12	-3.246665657e-12	-3.286604678e-12	-3.339429686e-12	-3.722015368e-12	-3.476955561e-12	-3.822917915e-12	-3.341991812e-12	-3.504686806e-12	-3.221270468e-12	-3.897897776e-12	-3.541837632e-12	-3.297003895e-12	-3.479819114e-12	-2.853454688e-12	5.381217959e-12	1.610186108e-10	2.069101289e-10	1.646243509e-10	1.359289929e-10	1.334907534e-10	7.775012189e-11	-1.386034756e-12	-2.434547103e-12	-3.047045907e-12	-3.106728369e-12	-3.439578666e-12	-3.577782751e-12	-3.877702195e-12	-3.760673327e-12	-4.004678140e-12	-3.639424486e-12	-4.010782029e-12	-3.875215426e-12	-3.958333804e-12	-3.365427728e-12	-3.675294249e-12	-3.686447032e-12	-3.297908175e-12	-4.005356350e-12	-3.953284909e-12	-3.992922504e-12	-3.786822082e-12	-3.427672316e-12	-3.932411119e-12	-4.177320212e-12	-3.645151591e-12	-3.945221748e-12	-4.168126702e-12	-4.309043626e-12	-4.396984830e-12	-3.493760093e-12	-3.868056545e-12	-3.999478532e-12	-3.966246252e-12	-4.271591374e-12	-4.108444239e-12	-4.192090114e-12	-4.016885917e-12	-4.393744494e-12	-4.038739344e-12	-3.576727758e-12	-4.060366701e-12	-3.965718755e-12	-4.169483121e-12	-4.408439040e-12	-4.184328380e-12	-3.785691733e-12	-3.654043675e-12	-3.709054025e-12	-3.803174474e-12	-3.356611001e-12	-3.488032988e-12	-3.711390081e-12	-3.730681382e-12	-3.745903424e-12	-3.783431033e-12	-3.505666443e-12	-3.029638522e-12	-3.875893636e-12	-4.121028799e-12	-3.980337944e-12	-4.147705051e-12	-3.848614530e-12	-3.812594055e-12	-4.090810785e-12	-3.975138336e-12	-4.407534760e-12	-4.466539013e-12	-4.198118646e-12	-4.146348631e-12	-3.962252350e-12	-3.929622923e-12	-3.629552766e-12	-3.813046194e-12	-3.664970389e-12	-3.662860403e-12	-4.062325973e-12	-4.307461137e-12	-4.332027403e-12	-3.775744656e-12	-4.093372911e-12	-3.685768822e-12	-3.789308851e-12	-3.915983370e-12	-3.976494756e-12	-3.955394895e-12	-3.696846249e-12	-3.926156517e-12	-4.567742986e-12	-4.317784997e-12	-3.750801606e-12
-4.731191547e-12	-4.585979294e-12	-5.250775608e-12	-4.558775545e-12	-4.710317756e-12	-4.948595465e-12	-4.323059962e-12	-4.062175260e-12	-4.136627624e-12	-4.702782092e-12	-4.250792940e-12	-4.472341474e-12	-4.578217559e-12	-4.305652577e-12	-4.843020807e-12	-4.594871378e-12	-4.495400607e-12	-4.487412803e-12	-4.450714117e-12	-4.327807431e-12	-3.907995566e-12	-4.351092634e-12	-4.582588245e-12	-4.143560436e-12	-4.686957197e-12	-4.754401393e-12	-4.887481227e-12	-4.350188354e-12	-4.348982648e-12	-4.746865729e-12	-4.809562457e-12	-4.697657840e-12	-4.403616215e-12	-4.404897278e-12	-4.970750319e-12	-4.933825563e-12	-4.604441671e-12	-4.509567656e-12	-4.634358259e-12	-4.296459067e-12	-4.044843232e-12	-4.360361501e-12	-4.179128772e-12	-4.393443068e-12	-4.401807655e-12	-5.030282067e-12	-5.293201399e-12	-4.568044412e-12	-4.742645757e-12	-4.985897004e-12	-4.480178565e-12	-4.219143150e-12	-4.378070312e-12	-4.089454365e-12	-4.218464940e-12	-4.137004408e-12	-4.129091960e-12	-3.825706111e-12	-3.643795172e-12	-3.725632487e-12	-4.170613471e-12	-4.050645693e-12	-4.106937107e-12	-4.024195511e-12	-3.583283786e-12	-3.593758360e-12	-4.046350365e-12	-3.525259170e-12	-3.939042503e-12	-3.748465550e-12	-4.211381415e-12	-3.436564400e-12	-4.192768324e-12	-4.303994731e-12	-4.073554113e-12	-3.664593605e-12	-4.366992886e-12	-3.907166643e-12	-4.037608994e-12	-4.311681109e-12	-4.199399709e-12	-4.474752887e-12	-4.483418901e-12	-4.064285246e-12	-3.817642950e-12	-4.543553503e-12	-4.564728720e-12	-4.186513723e-12	-3.976193329e-12	-4.121631652e-12	-4.388695599e-12	-4.139491177e-12	-4.542347797e-12	-3.977926532e-12	-3.661956123e-12	-4.334815599e-12	-4.297137276e-12	-4.400300522e-12	-4.238735877e-12	-4.149664324e-12	-4.604441671e-12	-4.849878261e-12	-4.862914961e-12	-4.416351488e-12	-4.569702258e-12	-4.358703655e-12	-4.739932918e-12	-4.560207321e-12	-5.079866739e-12	-4.770377002e-12	-4.665932693e-12	-4.764348470e-12	-4.420571460e-12	-5.048367662e-12	-5.109858684e-12	-4.572189028e-12	-4.759902428e-12	-4.226754171e-12	-4.359909361e-12	-4.131051233e-12	-4.429538900e-12	-4.259383598e-12	-4.286059850e-12	-4.593590315e-12	-5.354466351e-12	-4.616423378e-12	-4.386660970e-12	-4.120652016e-12	-4.659828805e-12	-4.351017277e-12	-4.688615043e-12	-4.167071709e-12	-4.556288776e-12	-4.552445587e-12	-5.119278264e-12	-4.056297442e-12	-4.313791095e-12	-4.361567207e-12	-3.789158138e-12	-4.474300747e-12	-4.633303266e-12	-4.825914848e-12	-4.698034623e-12	-4.570983321e-12	-4.398642676e-12	-4.177094142e-12	-4.619889783e-12	-4.759977785e-12	-4.581005755e-12	-4.532928216e-12	-4.547698118e-12	-4.125248771e-12	-4.229240940e-12	-3.720206809e-12	7.835282433e-12	1.729918020e-10	2.107954421e-10	1.939090732e-10	1.421191645e-10	1.347723438e-10	3.295722832e-12	-2.541930321e-12	-3.894958867e-12	-4.256218619e-12	-4.368575375e-12	-4.387188466e-12	-4.714989868e-12	-4.833751939e-12	-4.474978957e-12	-4.728780134e-12	-4.358779011e-12	-4.491105279e-12	-4.504368048e-12	-4.720490903e-12	-4.767664163e-12	-5.016642515e-12	-4.516651181e-12	-4.157501415e-12	-4.403992998e-12	-4.177772352e-12	-4.476636803e-12	-4.406102984e-12	-4.274982423e-12	-4.281839878e-12	-4.152603233e-12	-4.519740803e-12	-4.706323854e-12	-4.056975652e-12	-4.330218843e-12	-4.307461137e-12	-4.632775770e-12	-4.426072495e-12	-4.514541195e-12	-4.365410396e-12	-4.360286144e-12	-4.409418676e-12	-4.327279934e-12	-4.589671769e-12	-4.745433953e-12	-4.686580413e-12	-4.818153114e-12	-4.485001390e-12	-4.938271605e-12	-5.014381816e-12	-4.696678204e-12	-5.103830152e-12	-4.392538788e-12	-4.920638150e-12	-4.785523687e-12	-4.418762900e-12	-4.626219741e-12	-4.686655770e-12	-4.373699627e-12	-4.547547405e-12	-4.352675123e-12	-4.094653974e-12	-4.329842060e-12	-4.460510481e-12	-4.836087995e-12	-4.498414873e-12	-4.755757813e-12	-4.824633786e-12	-4.837595128e-12	-4.504518761e-12	-4.556966986e-12	-4.183800884e-12	-4.890194066e-12	-4.893811185e-12	-4.248758311e-12	-4.286738060e-12	-4.650710651e-12	-4.561865167e-12	-4.114020631e-12	-4.403239431e-12	-4.406630480e-12	-4.345742312e-12	-4.224342758e-12	-4.092091848e-12	-4.323286032e-12	-3.949366364e-12	-3.878305048e-12	-4.506251964e-12	-4.456968719e-12	-4.503162342e-12	-4.472944327e-12	-4.881528052e-12	-4.978436696e-12	-4.813330289e-12	-5.156052307e-12	-4.516877251e-12	-4.475054313e-12
-5.393501092e-12	-5.861164426e-12	-5.774278215e-12	-5.328543665e-12	-5.222215440e-12	-5.089738460e-12	-5.063438991e-12	-5.169089006e-12	-5.407894211e-12	-5.428165149e-12	-5.705326886e-12	-5.494629709e-12	-5.124628586e-12	-5.428240505e-12	-5.590558717e-12	-5.225455776e-12	-5.595230829e-12	-5.334496840e-12	-5.301942770e-12	-4.981903102e-12	-5.645569067e-12	-5.321158714e-12	-5.262681958e-12	-5.265244084e-12	-5.801255894e-12	-5.676616004e-12	-5.957018077e-12	-5.753630495e-12	-5.973445826e-12	-5.842626691e-12	-5.564937458e-12	-5.820622551e-12	-5.591010857e-12	-5.734640620e-12	-5.439845428e-12	-5.667799277e-12	-5.553935388e-12	-5.960936623e-12	-6.017529463e-12	-5.635245207e-12	-5.579556647e-12	-5.842852761e-12	-5.708341152e-12	-6.195672569e-12	-5.991003924e-12	-5.869981153e-12	-5.684302382e-12	-5.930718608e-12	-5.922580091e-12	-5.928834692e-12	-5.384985792e-12	-5.065247550e-12	-5.196292755e-12	-5.465918827e-12	-5.618591388e-12	-5.899520958e-12	-5.643233011e-12	-5.270217622e-12	-5.384156868e-12	-5.097952334e-12	-5.512187807e-12	-5.296366378e-12	-5.264339804e-12	-5.331784001e-12	-4.601954902e-12	-4.483871041e-12	-4.868792779e-12	-4.960727885e-12	-5.074591774e-12	-4.845884359e-12	-5.081223159e-12	-5.444442184e-12	-5.672772816e-12	-4.973312444e-12	-4.711146679e-12	-5.232162517e-12	-5.428315862e-12	-5.411662044e-12	-5.167958656e-12	-5.166451523e-12	-5.591990493e-12	-4.962687158e-12	-5.226360056e-12	-4.946636192e-12	-4.860955688e-12	-4.910992500e-12	-5.660414326e-12	-5.583927332e-12	-5.329824728e-12	-4.808658177e-12	-4.449508411e-12	-4.494797754e-12	-4.745660022e-12	-4.955980416e-12	-5.137062432e-12	-4.637598595e-12	-5.064795410e-12	-5.251077035e-12	-5.441051135e-12	-5.582947696e-12	-5.058616166e-12	-5.603595416e-12	-5.172932195e-12	-5.469385233e-12	-5.661846102e-12	-5.634868424e-12	-5.442181484e-12	-5.348588532e-12	-5.108276194e-12	-5.291844979e-12	-5.520552394e-12	-5.163738684e-12	-5.769003250e-12	-5.813915810e-12	-5.817231502e-12	-5.732982774e-12	-6.069374834e-12	-5.905850916e-12	-5.985653602e-12	-5.512413877e-12	-5.237286769e-12	-5.354843134e-12	-5.698394075e-12	-5.782341376e-12	-5.512338520e-12	-5.286343944e-12	-5.790479894e-12	-6.015344120e-12	-5.971335840e-12	-6.036971477e-12	-5.956113798e-12	-5.289584280e-12	-5.824315027e-12	-5.548735779e-12	-5.640143389e-12	-5.558155360e-12	-6.012405211e-12	-5.868624734e-12	-5.655968284e-12	-6.043904288e-12	-6.248572934e-12	-5.696962298e-12	-5.778799614e-12	-5.289132140e-12	-5.653933655e-12	-5.719493935e-12	-5.708491865e-12	-5.989722861e-12	-5.316486602e-12	-5.318370518e-12	-5.592819416e-12	-5.851518775e-12	-5.958675923e-12	-5.445497177e-12	6.717984541e-11	1.561960117e-10	1.858368694e-10	2.502371097e-10	1.574533373e-10	4.671373443e-11	-3.696394109e-12	-4.852892527e-12	-4.707454204e-12	-5.180091076e-12	-5.545043304e-12	-5.118147915e-12	-4.878438429e-12	-5.364413428e-12	-5.110687607e-12	-5.591161570e-12	-5.481593009e-12	-5.290714630e-12	-4.961481451e-12	-5.586414101e-12	-5.001269759e-12	-5.102096949e-12	-5.043394124e-12	-4.721545896e-12	-5.007750431e-12	-4.817550261e-12	-5.352582435e-12	-5.817457572e-12	-5.324700476e-12	-5.560717486e-12	-5.523189877e-12	-5.614672843e-12	-5.314979469e-12	-5.238115692e-12	-4.830813030e-12	-5.148742712e-12	-4.819057394e-12	-5.307142378e-12	-5.259140196e-12	-5.252885594e-12	-5.191243859e-12	-5.238718545e-12	-5.293050686e-12	-5.065548977e-12	-5.529670548e-12	-5.844284538e-12	-4.879945562e-12	-4.935709479e-12	-4.935257339e-12	-5.162156195e-12	-4.425620355e-12	-4.995994794e-12	-5.228771468e-12	-5.005263662e-12	-5.107522628e-12	-5.339395022e-12	-5.228168615e-12	-5.224400783e-12	-5.420101988e-12	-5.186270321e-12	-5.608342885e-12	-5.150701985e-12	-5.630573095e-12	-5.676239221e-12	-5.555517877e-12	-5.214076923e-12	-5.396666071e-12	-5.540672618e-12	-5.238869258e-12	-5.491540086e-12	-5.304881679e-12	-5.376169064e-12	-5.301490630e-12	-4.929002738e-12	-5.185441398e-12	-5.026363522e-12	-4.919432444e-12	-5.145200950e-12	-4.647168889e-12	-4.973237088e-12	-4.801650009e-12	-5.183708195e-12	-5.157936223e-12	-4.721771966e-12	-4.981149535e-12	-4.949951885e-12	-4.986499857e-12	-4.739028638e-12	-4.422455376e-12	-5.094335215e-12	-5.162608335e-12	-5.098630544e-12	-4.745886092e-12	-4.496380244e-12	-4.344762676e-12	-4.521097223e-12	-5.038571298e-12
-3.829247873e-12	-4.014248434e-12	-4.395025557e-12	-4.308666843e-12	-4.120425946e-12	-4.650786007e-12	-4.506704104e-12	-4.087721162e-12	-4.154411792e-12	-4.171140967e-12	-3.676876738e-12	-4.072725190e-12	-4.022462308e-12	-4.261041444e-12	-4.015680211e-12	-4.524865055e-12	-4.529461810e-12	-3.922087258e-12	-4.488618509e-12	-4.234365192e-12	-4.432703879e-12	-4.213189975e-12	-4.515445475e-12	-4.491482062e-12	-4.302562955e-12	-4.889063716e-12	-4.659225952e-12	-4.523885419e-12	-4.508060523e-12	-4.714763798e-12	-4.687032553e-12	-4.796148974e-12	-4.713934875e-12	-4.488844579e-12	-4.240016940e-12	-4.290430535e-12	-4.729006204e-12	-4.714010232e-12	-4.918452808e-12	-4.635563965e-12	-4.240695150e-12	-4.594494594e-12	-4.255314339e-12	-4.608661643e-12	-4.726142652e-12	-4.432929949e-12	-4.597282790e-12	-4.635790035e-12	-4.809863883e-12	-4.782961561e-12	-4.580628972e-12	-4.505347684e-12	-4.327506004e-12	-4.647018175e-12	-4.527728608e-12	-4.624938679e-12	-4.769322009e-12	-4.901196136e-12	-4.354257613e-12	-5.048819802e-12	-5.120785397e-12	-4.430141753e-12	-4.567366202e-12	-4.638352161e-12	-4.512355852e-12	-4.953418290e-12	-4.613710539e-12	-5.022746403e-12	-4.743097897e-12	-5.234347860e-12	-4.891550486e-12	-4.281312381e-12	-4.593213531e-12	-4.769472722e-12	-4.888159437e-12	-4.044089665e-12	-4.175436296e-12	-4.313866451e-12	-4.611449839e-12	-4.459681558e-12	-4.734356526e-12	-5.058992949e-12	-5.262003748e-12	-5.071351439e-12	-5.549413989e-12	-5.501487163e-12	-4.925611689e-12	-5.197724531e-12	-5.456574603e-12	-5.452203918e-12	-4.897352947e-12	-5.280390769e-12	-4.811898513e-12	-5.109029761e-12	-4.610997699e-12	-4.833676583e-12	-4.819660247e-12	-4.729759771e-12	-5.048292305e-12	-4.869998485e-12	-5.173308978e-12	-5.255673790e-12	-4.849124695e-12	-4.814083855e-12	-4.892680835e-12	-5.059294375e-12	-5.044072333e-12	-4.627124021e-12	-4.959070039e-12	-5.024404249e-12	-4.770527715e-12	-4.656211686e-12	-4.875424164e-12	-4.939477311e-12	-4.741967547e-12	-4.549958818e-12	-5.155901593e-12	-4.628254371e-12	-4.507759097e-12	-4.550486314e-12	-4.509341586e-12	-4.629836860e-12	-4.707228134e-12	-4.318387850e-12	-4.375206760e-12	-4.522905782e-12	-4.160892464e-12	-4.428936047e-12	-4.480178565e-12	-4.237831597e-12	-4.010782029e-12	-4.666686259e-12	-4.049138561e-12	-4.099702869e-12	-3.821712208e-12	-3.734298501e-12	-4.463298677e-12	-4.448151991e-12	-4.387715963e-12	-4.504066621e-12	-4.461264047e-12	-4.616423378e-12	-4.401430872e-12	-4.388695599e-12	-4.597961000e-12	-4.270913164e-12	-4.603235965e-12	-4.528858957e-12	-4.784996191e-12	-5.136384222e-12	-4.973990654e-12	-4.977230990e-12	-5.043544837e-12	-4.066018449e-12	1.464001754e-10	1.595707836e-10	1.794815161e-10	2.430816195e-10	2.058243150e-10	-5.982563980e-13	-3.722542865e-12	-4.244462982e-12	-5.088984893e-12	-4.810466736e-12	-5.004208669e-12	-4.984013088e-12	-5.212117650e-12	-5.000968333e-12	-5.281596476e-12	-5.005037592e-12	-5.125156082e-12	-5.128471775e-12	-5.353637428e-12	-5.167732586e-12	-5.048970515e-12	-5.206993398e-12	-5.135555299e-12	-4.706549924e-12	-4.873464891e-12	-4.714613085e-12	-4.999837983e-12	-4.846411856e-12	-4.809185673e-12	-4.877684863e-12	-5.410305624e-12	-5.326056896e-12	-4.396457333e-12	-5.229751105e-12	-4.773240554e-12	-4.809788527e-12	-4.708961337e-12	-4.693663938e-12	-5.088382040e-12	-4.336699515e-12	-4.667816609e-12	-4.663219854e-12	-4.652217784e-12	-4.558248048e-12	-4.581382538e-12	-5.163437258e-12	-4.686203630e-12	-4.842945450e-12	-4.835183716e-12	-4.466614369e-12	-4.060818840e-12	-4.475355740e-12	-4.962988584e-12	-5.000214766e-12	-4.916267465e-12	-4.913705339e-12	-4.955905060e-12	-4.803910708e-12	-4.636995742e-12	-4.857489282e-12	-4.814083855e-12	-5.143166320e-12	-5.128019635e-12	-5.584153402e-12	-4.781680498e-12	-5.273759385e-12	-5.319274798e-12	-4.479500355e-12	-4.549205251e-12	-4.670529448e-12	-4.959220752e-12	-4.580704328e-12	-5.067508250e-12	-4.712050959e-12	-4.759148862e-12	-4.829758037e-12	-4.757415659e-12	-4.538504608e-12	-4.656513112e-12	-4.848823268e-12	-5.269464056e-12	-5.258235916e-12	-5.095013425e-12	-5.059143662e-12	-5.449717149e-12	-5.095088781e-12	-5.219351888e-12	-4.792079715e-12	-5.571870269e-12	-5.636149486e-12	-5.151154125e-12	-5.722206774e-12	-4.883185898e-12	-4.749503211e-12	-4.888536220e-12	-4.972935661e-12	-4.777535883e-12
-5.362680225e-12	-5.125231439e-12	-5.257859133e-12	-4.976628137e-12	-5.011895046e-12	-5.108426907e-12	-4.988609843e-12	-5.526731639e-12	-4.592158538e-12	-5.162683691e-12	-4.741816834e-12	-4.861709254e-12	-5.374134435e-12	-5.103980865e-12	-4.729006204e-12	-4.808884247e-12	-5.234724643e-12	-4.840684751e-12	-5.096671271e-12	-4.347776941e-12	-4.850104331e-12	-4.928249171e-12	-4.659452022e-12	-5.001872613e-12	-4.941436584e-12	-5.071577508e-12	-4.581156468e-12	-4.925385619e-12	-4.895167604e-12	-4.770829142e-12	-5.205636978e-12	-4.711598819e-12	-5.051306571e-12	-5.058616166e-12	-4.186589079e-12	-4.938573032e-12	-4.365636466e-12	-3.980488658e-12	-4.197063653e-12	-4.958768612e-12	-4.481082845e-12	-4.595323517e-12	-4.406781194e-12	-4.015680211e-12	-3.976344042e-12	-4.126981974e-12	-4.052303540e-12	-4.100607148e-12	-4.559453755e-12	-4.585828580e-12	-4.495626677e-12	-4.725916582e-12	-4.315901081e-12	-4.151020743e-12	-4.492310985e-12	-4.746941085e-12	-4.601427406e-12	-4.194124744e-12	-4.070238421e-12	-4.408288327e-12	-4.436094928e-12	-4.076643736e-12	-4.554254146e-12	-4.216053527e-12	-4.608435573e-12	-4.411980802e-12	-4.670378735e-12	-4.260513947e-12	-4.059085638e-12	-4.456667292e-12	-4.817399548e-12	-4.339186284e-12	-4.665254483e-12	-4.007466336e-12	-3.688783088e-12	-3.927965077e-12	-4.136853694e-12	-3.490745827e-12	-3.483737659e-12	-3.996012126e-12	-3.869262251e-12	-4.232858059e-12	-4.011234169e-12	-3.988627175e-12	-4.283120941e-12	-4.371212858e-12	-4.002040658e-12	-4.494345614e-12	-4.129845526e-12	-4.216204241e-12	-3.658263647e-12	-3.916586223e-12	-4.318011067e-12	-4.275283850e-12	-3.947030308e-12	-3.974761553e-12	-3.878681831e-12	-3.822390418e-12	-3.625935647e-12	-4.526296831e-12	-4.080863708e-12	-3.993826784e-12	-4.078452295e-12	-3.803852684e-12	-4.629836860e-12	-4.025627288e-12	-4.136476911e-12	-4.212662478e-12	-4.130599093e-12	-4.124495205e-12	-3.826610390e-12	-4.222006702e-12	-4.555384496e-12	-4.527201111e-12	-4.254786842e-12	-4.397738396e-12	-4.402184438e-12	-3.646281941e-12	-4.080863708e-12	-4.365259683e-12	-4.548300971e-12	-4.316503934e-12	-4.218012800e-12	-4.522679712e-12	-4.254108633e-12	-4.647018175e-12	-4.393141641e-12	-4.195255094e-12	-4.544683853e-12	-4.898332584e-12	-4.266241052e-12	-4.798560387e-12	-4.174155233e-12	-4.469779348e-12	-4.827874121e-12	-4.641592497e-12	-4.496003460e-12	-4.366163962e-12	-4.067299512e-12	-4.486734593e-12	-4.761861701e-12	-4.482891404e-12	-4.541971013e-12	-4.856509646e-12	-4.805267128e-12	-4.833601226e-12	-5.078510320e-12	-4.910992500e-12	-4.873992387e-12	-5.006394011e-12	-4.842794737e-12	-5.008127214e-12	-5.090567383e-12	-3.933541468e-12	1.490433851e-10	1.620829481e-10	1.787860497e-10	2.148764565e-10	2.132276532e-11	-1.875777586e-12	-3.265655531e-12	-3.435735477e-12	-3.861500517e-12	-4.097592883e-12	-3.720885019e-12	-4.694718931e-12	-4.586280720e-12	-4.780776219e-12	-4.445213082e-12	-3.868207258e-12	-4.148835401e-12	-4.044843232e-12	-4.221027066e-12	-4.045822868e-12	-4.319668913e-12	-4.372795347e-12	-4.525091125e-12	-4.614388748e-12	-4.399094816e-12	-4.140621527e-12	-3.790665271e-12	-4.310324689e-12	-4.427127488e-12	-4.250114730e-12	-4.591555685e-12	-4.511677642e-12	-4.111533862e-12	-4.226226674e-12	-4.432327096e-12	-4.555610566e-12	-4.925385619e-12	-4.824633786e-12	-4.753421757e-12	-5.157559439e-12	-4.868642066e-12	-4.604818455e-12	-4.176265219e-12	-4.547396692e-12	-4.774370904e-12	-4.179957695e-12	-4.639407154e-12	-4.878287716e-12	-4.623356189e-12	-4.709865616e-12	-4.471738621e-12	-4.656437756e-12	-4.343933752e-12	-4.930057731e-12	-4.714387015e-12	-4.767814876e-12	-4.386133473e-12	-4.651238147e-12	-4.453653026e-12	-4.738802568e-12	-4.449734481e-12	-4.707906344e-12	-4.742796470e-12	-4.367068242e-12	-4.795546121e-12	-4.566838706e-12	-4.908505730e-12	-4.601954902e-12	-4.557268412e-12	-4.388092746e-12	-4.874293814e-12	-4.819810960e-12	-4.999988697e-12	-4.972784948e-12	-4.817474904e-12	-4.950705451e-12	-4.847014709e-12	-4.565783713e-12	-4.790949366e-12	-4.863065674e-12	-5.129225341e-12	-5.186948531e-12	-4.910012863e-12	-4.741816834e-12	-4.803081785e-12	-4.514315125e-12	-4.951157591e-12	-5.246706349e-12	-4.791326149e-12	-4.661411294e-12	-4.583492524e-12	-4.750708918e-12	-4.601728832e-12	-4.577388636e-12	-4.685902204e-12	-4.679120106e-12	-4.679346176e-12
-4.278072045e-12	-4.031052966e-12	-4.153658226e-12	-4.277393836e-12	-4.239037304e-12	-4.694718931e-12	-4.593364245e-12	-4.463223320e-12	-4.448302705e-12	-3.914702307e-12	-4.558850902e-12	-4.503463768e-12	-4.211908912e-12	-4.436170285e-12	-4.108142813e-12	-4.187945499e-12	-3.979207595e-12	-4.176491289e-12	-4.147026841e-12	-4.170462758e-12	-4.531119657e-12	-4.477390369e-12	-4.561639097e-12	-4.110780295e-12	-4.329163850e-12	-4.145218282e-12	-4.604893811e-12	-4.414693641e-12	-4.942491577e-12	-4.425168215e-12	-4.416426844e-12	-4.477691796e-12	-4.859523912e-12	-4.691403239e-12	-3.967527315e-12	-4.351695487e-12	-4.527954677e-12	-4.547170622e-12	-4.574675797e-12	-4.332630256e-12	-4.540313167e-12	-4.682887938e-12	-4.546718482e-12	-4.950027241e-12	-4.462695824e-12	-4.462620467e-12	-4.104148911e-12	-5.194182768e-12	-4.868642066e-12	-5.049950152e-12	-4.927118822e-12	-4.847090066e-12	-4.985972361e-12	-5.043996977e-12	-4.947917255e-12	-5.030734207e-12	-4.621698343e-12	-5.086196697e-12	-4.584848944e-12	-4.542121727e-12	-5.207144111e-12	-4.607380580e-12	-4.596830650e-12	-4.452748747e-12	-4.162173527e-12	-4.604969168e-12	-4.374453193e-12	-4.343632326e-12	-4.061346337e-12	-4.206031094e-12	-4.073855540e-12	-4.222232772e-12	-4.214998534e-12	-3.953737049e-12	-4.102264995e-12	-4.162022813e-12	-3.582379507e-12	-3.528273436e-12	-3.953510979e-12	-3.814402614e-12	-4.333986675e-12	-4.083425834e-12	-4.517856887e-12	-4.758998148e-12	-4.450261977e-12	-4.955678990e-12	-4.649957084e-12	-4.736315799e-12	-4.563221587e-12	-4.614087322e-12	-4.742947183e-12	-4.701501029e-12	-4.502182705e-12	-4.462469754e-12	-4.526146118e-12	-4.437978844e-12	-4.449659124e-12	-4.879945562e-12	-4.875876304e-12	-4.866908863e-12	-4.449056271e-12	-4.472040048e-12	-4.468121502e-12	-4.571435461e-12	-4.603688105e-12	-4.732020470e-12	-4.463976887e-12	-4.284326647e-12	-4.053659959e-12	-4.671283015e-12	-4.606099517e-12	-4.045446085e-12	-4.909937507e-12	-4.503388412e-12	-4.826140918e-12	-4.258931458e-12	-4.660657728e-12	-5.182803915e-12	-4.787181533e-12	-4.806472834e-12	-4.826593058e-12	-4.696301421e-12	-4.592836748e-12	-4.834806933e-12	-5.015210739e-12	-4.416426844e-12	-4.609716636e-12	-4.127810897e-12	-4.870450625e-12	-4.866230653e-12	-4.516877251e-12	-4.781755855e-12	-4.591932468e-12	-5.135781369e-12	-5.019129284e-12	-4.672564078e-12	-4.517404747e-12	-4.761334204e-12	-4.646038539e-12	-4.817851688e-12	-4.587411070e-12	-4.759525645e-12	-4.364204690e-12	-4.734055099e-12	-4.498565586e-12	-4.535038202e-12	-4.238509807e-12	-4.036478644e-12	-4.188472996e-12	-4.325772801e-12	-4.298116913e-12	-4.644456049e-12	-4.454934089e-12	1.138473109e-11	1.520869646e-10	1.645006153e-10	1.816548018e-10	2.088614892e-10	6.828894450e-12	-1.145647061e-12	-3.072667166e-12	-3.441537939e-12	-3.541460849e-12	-3.967376602e-12	-4.028566197e-12	-4.303090451e-12	-4.112212072e-12	-4.156295709e-12	-4.021558029e-12	-3.682000990e-12	-3.822993271e-12	-3.759618334e-12	-4.244915122e-12	-4.296760493e-12	-4.414768998e-12	-4.394724131e-12	-4.058558141e-12	-4.161043177e-12	-4.224493471e-12	-4.517480104e-12	-4.137381191e-12	-3.993676070e-12	-3.818170446e-12	-3.142748845e-12	-3.271382636e-12	-3.639123060e-12	-3.313205574e-12	-3.541460849e-12	-3.471831310e-12	-3.514859953e-12	-3.612597521e-12	-3.619681045e-12	-3.298812455e-12	-3.730907452e-12	-4.156823205e-12	-3.990360378e-12	-4.043260742e-12	-3.660222920e-12	-4.234591262e-12	-3.660675060e-12	-3.573864206e-12	-4.355463319e-12	-4.192240828e-12	-3.758186557e-12	-4.196460800e-12	-4.308063990e-12	-3.647864430e-12	-3.863610503e-12	-4.166092072e-12	-4.143937219e-12	-3.912366251e-12	-3.953360266e-12	-3.924046531e-12	-4.000533525e-12	-3.547941520e-12	-3.886292852e-12	-4.180259121e-12	-4.262397863e-12	-4.335041668e-12	-3.668210724e-12	-3.686899172e-12	-3.387431868e-12	-3.694585550e-12	-3.332572231e-12	-3.245912090e-12	-3.354802441e-12	-3.768736488e-12	-3.753665159e-12	-3.694736263e-12	-3.944242112e-12	-3.873105440e-12	-3.735880991e-12	-4.118617386e-12	-4.153808939e-12	-3.838516740e-12	-4.105656044e-12	-4.464127600e-12	-4.180409835e-12	-4.002417441e-12	-3.776875005e-12	-4.066169162e-12	-4.036554001e-12	-3.970616937e-12	-3.622695311e-12	-3.855999482e-12	-4.045295372e-12	-3.854944489e-12	-3.861575873e-12	-3.869940461e-12	-3.886518922e-12	-4.385003124e-12
-4.090584715e-12	-4.240921220e-12	-4.161269247e-12	-3.833995341e-12	-3.680569214e-12	-3.958409161e-12	-4.267748185e-12	-4.477842509e-12	-3.875667566e-12	-4.187794786e-12	-4.563673727e-12	-4.022839092e-12	-3.921936545e-12	-3.612748234e-12	-3.740402389e-12	-3.695715899e-12	-3.408607085e-12	-4.232707346e-12	-4.081315848e-12	-4.122762002e-12	-3.840702083e-12	-3.471153100e-12	-3.622996738e-12	-3.741382026e-12	-3.762105103e-12	-3.418554162e-12	-3.299113881e-12	-3.368140567e-12	-2.774782351e-12	-2.771843442e-12	-2.970709626e-12	-3.589538388e-12	-3.763386166e-12	-3.404010330e-12	-3.619153549e-12	-3.482908736e-12	-4.012515231e-12	-3.981769721e-12	-3.835803901e-12	-4.022311595e-12	-3.753062306e-12	-3.750575536e-12	-3.850875230e-12	-3.620962108e-12	-3.649070137e-12	-3.616289996e-12	-3.813347621e-12	-3.521340625e-12	-3.554949688e-12	-3.782074614e-12	-3.362187392e-12	-3.263093405e-12	-3.376957295e-12	-3.602198304e-12	-3.602122947e-12	-3.413580624e-12	-3.604459003e-12	-3.200924174e-12	-3.674842109e-12	-3.856225551e-12	-4.104073554e-12	-3.944995678e-12	-3.827966810e-12	-3.261736986e-12	-3.972726923e-12	-3.604082220e-12	-4.291334815e-12	-3.913496601e-12	-3.814402614e-12	-3.486977995e-12	-4.049741414e-12	-4.037156854e-12	-3.842812069e-12	-3.891567818e-12	-3.666326808e-12	-3.619002836e-12	-4.144012576e-12	-3.483662303e-12	-3.618023199e-12	-3.685015256e-12	-3.290071084e-12	-3.954792042e-12	-3.548016877e-12	-3.573110639e-12	-3.609960038e-12	-3.619002836e-12	-3.443120428e-12	-2.818941345e-12	-3.032878857e-12	-3.202732733e-12	-2.726403386e-12	-3.203637013e-12	-3.326769770e-12	-3.008086521e-12	-3.265580175e-12	-3.929622923e-12	-3.749143760e-12	-3.298360315e-12	-3.403934973e-12	-3.035139557e-12	-3.643418388e-12	-3.882751090e-12	-3.300771727e-12	-3.416670246e-12	-3.576275618e-12	-3.339957182e-12	-3.096253795e-12	-3.134761040e-12	-3.229182915e-12	-3.686899172e-12	-3.302580287e-12	-3.398358582e-12	-3.280877573e-12	-3.070632536e-12	-3.551558639e-12	-3.519155282e-12	-3.647713717e-12	-3.416594889e-12	-3.109064425e-12	-3.482004457e-12	-3.385321882e-12	-3.768510418e-12	-3.734825998e-12	-3.757131564e-12	-3.745903424e-12	-3.869563677e-12	-3.865268349e-12	-3.801893411e-12	-3.447717184e-12	-3.836858894e-12	-3.418252736e-12	-3.412450274e-12	-3.807093019e-12	-4.008973469e-12	-3.933240042e-12	-3.662785046e-12	-3.602273661e-12	-3.485923002e-12	-3.454649995e-12	-3.718322893e-12	-3.688481662e-12	-3.176960761e-12	-3.727968543e-12	-4.117713107e-12	-3.426617323e-12	-3.299867448e-12	-3.696469466e-12	-3.436639757e-12	-3.898274559e-12	-3.653968319e-12	-3.648467284e-12	-3.321419448e-12	-3.243500678e-12	2.632597928e-10	1.522668409e-10	1.627554308e-10	1.786733161e-10	2.046201912e-10	4.407007264e-12	-7.375908330e-13	-1.536446618e-12	-2.737104029e-12	-2.923837793e-12	-3.704758697e-12	-3.999779959e-12	-3.720357522e-12	-3.361735253e-12	-3.926081161e-12	-3.904529160e-12	-3.292030357e-12	-3.440407589e-12	-3.480271254e-12	-4.001136378e-12	-3.423678414e-12	-3.478311981e-12	-3.251714552e-12	-3.661051843e-12	-4.016810560e-12	-4.180259121e-12	-4.201811122e-12	-4.419667180e-12	-4.610168776e-12	-4.205654310e-12	-3.698051955e-12	-3.416820959e-12	-4.327656717e-12	-4.581834678e-12	-4.141525806e-12	-4.257424325e-12	-4.180937331e-12	-3.888101412e-12	-3.905508797e-12	-4.273098507e-12	-4.058332071e-12	-4.403465501e-12	-4.271666731e-12	-3.762707956e-12	-4.069108071e-12	-3.860897663e-12	-3.838139957e-12	-3.871598307e-12	-4.137757974e-12	-4.152603233e-12	-4.026606924e-12	-3.950572070e-12	-4.377994956e-12	-3.841681719e-12	-4.538655321e-12	-4.189377275e-12	-4.388092746e-12	-4.150493247e-12	-3.981845077e-12	-3.903474167e-12	-3.944694252e-12	-3.568212458e-12	-4.237002674e-12	-3.901740965e-12	-4.146800771e-12	-4.112739568e-12	-4.019900183e-12	-3.715610053e-12	-3.770168264e-12	-4.023366588e-12	-4.319216773e-12	-3.859013747e-12	-3.677328878e-12	-3.468138834e-12	-3.692776990e-12	-4.164057443e-12	-4.001211735e-12	-4.185458730e-12	-3.989154672e-12	-3.278240091e-12	-3.400694638e-12	-3.015848256e-12	-3.656756514e-12	-3.724200711e-12	-3.659921493e-12	-3.631210612e-12	-3.210569824e-12	-3.884182866e-12	-4.033690448e-12	-3.395118246e-12	-3.627442780e-12	-3.706642613e-12	-3.306649546e-12	-3.326392986e-12	-3.770092907e-12	-3.506796793e-12	-3.397529658e-12	-3.501823254e-12
-3.006202605e-12	-3.563841772e-12	-3.366934861e-12	-3.463692792e-12	-3.814553327e-12	-3.552538276e-12	-2.891735863e-12	-3.217502636e-12	-3.798050222e-12	-3.403859617e-12	-3.461733519e-12	-3.368894134e-12	-3.042373795e-12	-3.090677403e-12	-3.035968480e-12	-3.006805459e-12	-3.233327531e-12	-3.322625154e-12	-3.239431419e-12	-3.305669909e-12	-3.851628796e-12	-3.643267675e-12	-3.005298326e-12	-3.756905494e-12	-3.559169660e-12	-3.670697494e-12	-3.314486637e-12	-3.374093742e-12	-3.754343369e-12	-3.869186894e-12	-3.655400095e-12	-3.635505941e-12	-3.620886752e-12	-3.457814974e-12	-3.736860627e-12	-3.880415034e-12	-3.853889496e-12	-3.676650668e-12	-3.437770106e-12	-3.246514944e-12	-3.169726523e-12	-3.771298614e-12	-3.413429910e-12	-3.256386664e-12	-2.685183301e-12	-2.867244954e-12	-2.808240701e-12	-2.736651889e-12	-2.950287975e-12	-2.956693290e-12	-2.631077231e-12	-2.812686743e-12	-2.652327804e-12	-2.623918350e-12	-2.275318514e-12	-2.553158461e-12	-2.845090100e-12	-2.822407750e-12	-3.080052117e-12	-2.757902463e-12	-3.121573628e-12	-2.738460449e-12	-2.911705374e-12	-3.045463417e-12	-3.218632985e-12	-3.326242273e-12	-2.773953428e-12	-3.320364455e-12	-3.020294298e-12	-2.864908898e-12	-3.185249992e-12	-3.353219952e-12	-2.928811332e-12	-3.532794835e-12	-3.434454414e-12	-2.998893011e-12	-2.994070186e-12	-2.580286853e-12	-2.678928700e-12	-2.576820447e-12	-3.197683838e-12	-2.820975974e-12	-3.177262188e-12	-2.835218380e-12	-3.139809935e-12	-2.935819500e-12	-3.090451334e-12	-3.454649995e-12	-2.771918799e-12	-2.891585150e-12	-3.313657714e-12	-2.853303974e-12	-3.080278187e-12	-2.597618881e-12	-2.581567916e-12	-2.679079413e-12	-3.265504818e-12	-2.832580897e-12	-3.021801431e-12	-2.729417651e-12	-2.634543636e-12	-3.286152538e-12	-2.966565011e-12	-3.111927977e-12	-2.777796617e-12	-3.118860788e-12	-3.232950748e-12	-3.953887762e-12	-4.181238758e-12	-3.745752711e-12	-3.844846698e-12	-3.819828292e-12	-3.173569712e-12	-3.410792428e-12	-2.921878521e-12	-3.026172116e-12	-2.792415806e-12	-2.689101847e-12	-2.996406242e-12	-2.648107832e-12	-2.809521764e-12	-3.097233432e-12	-2.823236673e-12	-2.687067217e-12	-2.714798462e-12	-3.075681431e-12	-2.988795221e-12	-3.162718355e-12	-3.097158075e-12	-3.262113769e-12	-3.730003173e-12	-3.138981012e-12	-3.493157240e-12	-3.108235502e-12	-3.148023810e-12	-2.716004169e-12	-2.398225200e-12	-2.334096696e-12	-2.970332843e-12	-3.208309125e-12	-3.104693739e-12	-3.248323503e-12	-2.973648535e-12	-2.918487472e-12	-3.029261738e-12	-2.479384306e-12	-3.048628396e-12	-3.079750690e-12	-2.439897425e-12	-3.152997348e-12	-1.945030342e-12	-2.836273373e-12	-2.400335186e-12	3.899643789e-10	1.502859408e-10	1.617914686e-10	1.794410496e-10	2.074340083e-10	5.365543777e-12	6.379693494e-13	-8.528111419e-13	-1.554080072e-12	-1.981352245e-12	-2.049851434e-12	-2.682922602e-12	-2.241257311e-12	-2.304330822e-12	-2.471471858e-12	-2.577498657e-12	-2.795806855e-12	-2.991809486e-12	-2.716833092e-12	-3.032803501e-12	-2.793922939e-12	-2.864833541e-12	-2.559413062e-12	-2.593323552e-12	-2.282326682e-12	-2.508170544e-12	-2.617889818e-12	-3.075229291e-12	-2.850289709e-12	-2.669584476e-12	-2.977039584e-12	-2.614649482e-12	-2.677346210e-12	-2.798293624e-12	-3.027302466e-12	-3.562334639e-12	-3.465275282e-12	-2.948705486e-12	-3.363619169e-12	-3.506495366e-12	-3.734825998e-12	-3.489464764e-12	-3.163848705e-12	-3.345759644e-12	-2.731301567e-12	-2.626179049e-12	-2.734994043e-12	-3.332496875e-12	-2.947725850e-12	-3.361810609e-12	-3.257893797e-12	-2.719244504e-12	-2.434547103e-12	-2.759635666e-12	-2.776741624e-12	-3.230916118e-12	-3.437016540e-12	-3.159779446e-12	-3.201074887e-12	-3.414258833e-12	-3.389767924e-12	-3.839421020e-12	-3.253221685e-12	-3.283665769e-12	-3.545304038e-12	-3.107708005e-12	-3.107557292e-12	-3.123457544e-12	-3.306122049e-12	-3.003715836e-12	-3.070406466e-12	-2.964455025e-12	-2.899120814e-12	-2.625651552e-12	-3.053601935e-12	-2.393100949e-12	-3.040339165e-12	-3.194066719e-12	-3.148400593e-12	-3.171459726e-12	-2.857448590e-12	-2.783523722e-12	-2.950815472e-12	-3.006504032e-12	-3.206877349e-12	-3.371230190e-12	-3.488032988e-12	-3.522697044e-12	-2.917583192e-12	-2.875383471e-12	-2.780961596e-12	-3.018636452e-12	-3.298963168e-12	-3.354651728e-12	-3.043202718e-12	-2.688875777e-12	-2.579834713e-12	-2.997988731e-12
-2.813440310e-12	-3.120066495e-12	-3.279144371e-12	-3.270930496e-12	-3.122402551e-12	-3.167541181e-12	-3.277938664e-12	-3.149757013e-12	-3.631813465e-12	-3.015848256e-12	-3.570021017e-12	-3.208610552e-12	-3.419232372e-12	-3.156388397e-12	-2.941546605e-12	-3.057595837e-12	-3.117353656e-12	-2.791210100e-12	-2.482473928e-12	-2.751572505e-12	-2.805678575e-12	-2.491893509e-12	-2.682771889e-12	-2.999269794e-12	-3.185702132e-12	-3.469344540e-12	-2.883446632e-12	-2.845768310e-12	-3.021575361e-12	-3.156313041e-12	-2.868224590e-12	-2.836951583e-12	-2.882391639e-12	-2.742378994e-12	-2.727759805e-12	-2.614121986e-12	-3.023911417e-12	-2.869430296e-12	-2.945992647e-12	-3.156840537e-12	-2.917055695e-12	-2.889851947e-12	-2.887741961e-12	-3.178844677e-12	-3.091506327e-12	-3.419985938e-12	-3.335285070e-12	-2.980279920e-12	-2.736350463e-12	-2.962345038e-12	-2.443966683e-12	-2.796485065e-12	-2.581944699e-12	-2.287752360e-12	-2.599879580e-12	-2.520830460e-12	-2.054598903e-12	-2.287074150e-12	-2.513520866e-12	-2.780358743e-12	-3.189771391e-12	-2.861969988e-12	-2.983068116e-12	-2.500710236e-12	-2.716757735e-12	-2.748332169e-12	-2.450748781e-12	-2.684957231e-12	-2.593172839e-12	-2.699274994e-12	-2.351051941e-12	-2.482624642e-12	-2.595207468e-12	-2.873198128e-12	-2.950287975e-12	-3.076133571e-12	-3.029939948e-12	-2.891057653e-12	-2.792792589e-12	-2.530777537e-12	-2.601688140e-12	-2.011947042e-12	-2.359190459e-12	-2.592193202e-12	-2.431156054e-12	-2.790381177e-12	-2.387147774e-12	-2.462881201e-12	-2.268913199e-12	-2.763177428e-12	-2.257082206e-12	-2.303200472e-12	-2.043521476e-12	-2.390011326e-12	-2.536052502e-12	-2.804020729e-12	-2.727835162e-12	-2.785935135e-12	-2.795806855e-12	-2.404027662e-12	-2.102073589e-12	-2.306666878e-12	-2.273057814e-12	-2.664535581e-12	-2.543889593e-12	-2.589178937e-12	-2.513144083e-12	-2.425881089e-12	-2.349770878e-12	-2.637030406e-12	-3.154052341e-12	-2.644340000e-12	-2.572449762e-12	-2.369815745e-12	-2.654965287e-12	-2.950438689e-12	-2.665063077e-12	-3.050512312e-12	-2.993693402e-12	-2.611861287e-12	-2.775159134e-12	-3.226394720e-12	-3.111626551e-12	-2.903340786e-12	-3.118257935e-12	-2.724896253e-12	-2.768226323e-12	-2.646826769e-12	-2.872218492e-12	-2.681792252e-12	-2.747201819e-12	-2.586842881e-12	-2.630022238e-12	-3.122854691e-12	-3.054882998e-12	-3.026774969e-12	-2.477801817e-12	-2.815550296e-12	-2.483152138e-12	-2.304707605e-12	-2.782619442e-12	-2.854735751e-12	-2.760766015e-12	-3.158649097e-12	-2.985178102e-12	-2.497469901e-12	-2.372227158e-12	-2.443288474e-12	-2.213073926e-12	-1.925437615e-12	-1.695223067e-12	-1.610070059e-12	-1.211960908e-12	3.518972919e-10	1.517220877e-10	1.644016720e-10	1.830238059e-10	5.423395073e-11	6.216395646e-12	1.354837105e-12	-3.516894583e-13	-1.534939485e-12	-1.846539208e-12	-1.899364216e-12	-2.120611323e-12	-1.985798287e-12	-2.125283435e-12	-2.301844052e-12	-2.718792365e-12	-2.805753932e-12	-2.184589114e-12	-2.473129705e-12	-1.901022062e-12	-2.966565011e-12	-2.162509617e-12	-2.590460000e-12	-2.869204226e-12	-2.610730937e-12	-2.384434934e-12	-2.512918013e-12	-2.200187939e-12	-2.620602657e-12	-2.794073652e-12	-2.678024420e-12	-2.122872023e-12	-2.199283660e-12	-2.556850936e-12	-2.308626150e-12	-2.775309848e-12	-2.520302964e-12	-2.433416753e-12	-2.333644556e-12	-2.453235551e-12	-2.520001537e-12	-3.082915669e-12	-2.671769819e-12	-2.704926742e-12	-2.283306318e-12	-3.308759532e-12	-3.251262412e-12	-2.841925121e-12	-2.794299722e-12	-2.935593430e-12	-2.799348617e-12	-2.972367472e-12	-2.775159134e-12	-2.601311356e-12	-2.416084725e-12	-2.646525343e-12	-2.456400530e-12	-2.325506039e-12	-2.225583129e-12	-2.287601647e-12	-2.064018483e-12	-2.546451719e-12	-2.284512024e-12	-2.784201932e-12	-2.364163997e-12	-2.727307665e-12	-2.088207966e-12	-2.143142960e-12	-2.644867497e-12	-2.067183463e-12	-2.339899158e-12	-2.370870738e-12	-2.704549959e-12	-2.945465150e-12	-2.637859329e-12	-2.738159022e-12	-2.321361423e-12	-2.632433650e-12	-2.391066319e-12	-2.232892723e-12	-2.323471409e-12	-2.307269731e-12	-2.875534184e-12	-2.765362771e-12	-2.665289147e-12	-2.141635827e-12	-2.841020841e-12	-2.683224029e-12	-2.534545370e-12	-2.660466322e-12	-2.424147886e-12	-2.796560421e-12	-2.724971609e-12	-2.718189511e-12	-2.260397898e-12	-2.455270180e-12	-2.640120028e-12	-2.566270517e-12
-1.953997783e-12	-2.161454624e-12	-2.058969588e-12	-2.630926517e-12	-2.753381064e-12	-2.463785481e-12	-2.383379941e-12	-2.146458652e-12	-2.060552078e-12	-2.674558014e-12	-2.172984191e-12	-1.892958901e-12	-2.356779046e-12	-2.530400754e-12	-2.464614404e-12	-2.277579213e-12	-2.670413399e-12	-2.621054797e-12	-3.094972732e-12	-2.812686743e-12	-2.359491885e-12	-1.942016077e-12	-2.158365002e-12	-2.027847294e-12	-1.967411266e-12	-2.067861672e-12	-1.665909332e-12	-2.298151577e-12	-2.384585648e-12	-2.273057814e-12	-1.899364216e-12	-1.680151738e-12	-1.883690034e-12	-2.138998344e-12	-1.706903347e-12	-1.624613891e-12	-1.896877447e-12	-2.382023522e-12	-2.360170095e-12	-1.891301055e-12	-2.229652387e-12	-1.681809584e-12	-1.970199462e-12	-2.002904245e-12	-1.842696020e-12	-2.355573340e-12	-2.360245452e-12	-2.296267661e-12	-2.045932889e-12	-2.245100499e-12	-2.298679073e-12	-1.741944186e-12	-2.189562653e-12	-1.690324885e-12	-1.565760352e-12	-1.757543012e-12	-1.814889418e-12	-1.699141612e-12	-1.759879068e-12	-1.765832243e-12	-1.880072915e-12	-1.476312016e-12	-1.817602257e-12	-1.498165442e-12	-1.592738031e-12	-2.019859490e-12	-1.580002758e-12	-1.789268159e-12	-1.821370089e-12	-1.723557165e-12	-1.775779320e-12	-1.521224576e-12	-1.201410978e-12	-1.704944074e-12	-1.176844712e-12	-1.225148321e-12	-1.447827204e-12	-1.496507596e-12	-1.095007396e-12	-1.505701107e-12	-1.773970760e-12	-1.385431903e-12	-1.293195370e-12	-1.735538872e-12	-1.549106534e-12	-1.315500937e-12	-1.505851820e-12	-1.240144293e-12	-1.514593191e-12	-1.268930531e-12	-1.846765278e-12	-1.565835709e-12	-1.572768520e-12	-1.172474026e-12	-1.005634416e-12	-1.471715260e-12	-1.580304185e-12	-1.776532886e-12	-1.425220211e-12	-1.131706082e-12	-1.817074761e-12	-1.712404382e-12	-2.083761924e-12	-1.828830397e-12	-1.999211770e-12	-2.266426430e-12	-2.206291828e-12	-2.768527750e-12	-2.110438176e-12	-2.410960473e-12	-1.989113979e-12	-1.985496860e-12	-2.087755826e-12	-1.928979377e-12	-1.982557951e-12	-1.940885727e-12	-2.002226035e-12	-2.346304472e-12	-2.211868219e-12	-2.011796329e-12	-1.958443825e-12	-2.314353255e-12	-1.779923935e-12	-1.879470062e-12	-1.853622733e-12	-2.489934236e-12	-2.267933563e-12	-2.161303911e-12	-2.508245901e-12	-2.479459663e-12	-2.453838404e-12	-2.176601310e-12	-2.149925058e-12	-2.278558849e-12	-2.432512473e-12	-2.225658485e-12	-1.664402200e-12	-1.978865476e-12	-2.201619716e-12	-2.240880527e-12	-1.541118730e-12	-2.404630515e-12	-2.876061681e-12	-2.287149507e-12	-2.094161141e-12	-2.148794708e-12	-2.029354427e-12	-1.859274481e-12	-1.983010091e-12	-1.827700047e-12	-1.712931878e-12	-1.299676042e-12	-8.904894640e-13	1.404539334e-10	1.523394847e-10	1.667896487e-10	1.881670476e-10	4.869930664e-11	8.851617493e-12	2.278784919e-12	1.757316942e-13	-7.761734348e-13	-1.308718839e-12	-9.143775202e-13	-1.197718502e-12	-1.364181329e-12	-1.293572154e-12	-1.528760240e-12	-1.502536128e-12	-1.579173835e-12	-1.404798560e-12	-1.521601359e-12	-1.314822727e-12	-1.507283596e-12	-2.095140778e-12	-1.914058762e-12	-1.499069722e-12	-1.611577192e-12	-1.279405105e-12	-1.037058137e-12	-1.168555481e-12	-1.799215236e-12	-1.722276102e-12	-1.827549334e-12	-2.271701395e-12	-1.965527350e-12	-1.690475598e-12	-2.442610264e-12	-1.793035991e-12	-1.567870338e-12	-1.869447628e-12	-1.794317054e-12	-1.673068214e-12	-2.253917227e-12	-2.249772611e-12	-2.315031465e-12	-2.087379043e-12	-1.799742732e-12	-1.967788049e-12	-2.065148833e-12	-1.741642760e-12	-1.845333502e-12	-2.158214289e-12	-1.610823626e-12	-2.040055071e-12	-1.682035654e-12	-2.432437117e-12	-2.081802651e-12	-2.700028560e-12	-2.043446120e-12	-2.241332667e-12	-1.911195209e-12	-2.363711857e-12	-2.115336358e-12	-1.844203152e-12	-1.902679908e-12	-2.261678961e-12	-2.009987770e-12	-2.263035381e-12	-2.394834151e-12	-2.499203103e-12	-2.355196557e-12	-2.231385590e-12	-2.058442092e-12	-2.138320135e-12	-1.861007684e-12	-1.577591345e-12	-1.608412213e-12	-1.943447853e-12	-2.135155156e-12	-1.992881811e-12	-1.986627210e-12	-1.986853280e-12	-2.260021115e-12	-1.884443600e-12	-2.084364777e-12	-1.652947990e-12	-1.937796105e-12	-1.933425419e-12	-1.613385751e-12	-1.694620214e-12	-2.122645953e-12	-2.443514543e-12	-2.278634206e-12	-2.164242820e-12	-2.265145367e-12	-2.103957505e-12	-1.907050594e-12	-1.572090310e-12	-2.092503295e-12	-1.426124491e-12
-1.975851210e-12	-2.206743968e-12	-1.801852718e-12	-2.092277225e-12	-2.219177814e-12	-2.266200360e-12	-2.186849813e-12	-2.222644219e-12	-2.447282376e-12	-2.479459663e-12	-2.539368195e-12	-2.673729091e-12	-2.568455859e-12	-1.666587542e-12	-2.138169421e-12	-2.237866262e-12	-2.095517561e-12	-2.162886401e-12	-1.935610762e-12	-2.390162039e-12	-1.931014007e-12	-2.586466097e-12	-2.563180894e-12	-2.093784358e-12	-1.973138371e-12	-2.285265591e-12	-2.255273646e-12	-1.881956831e-12	-2.239147325e-12	-2.163639967e-12	-2.008028497e-12	-1.917374454e-12	-1.979920469e-12	-2.343666990e-12	-2.653006014e-12	-2.181800918e-12	-2.227316331e-12	-2.179464862e-12	-2.423771103e-12	-2.738837232e-12	-2.622185147e-12	-2.645997846e-12	-2.575237957e-12	-2.209908947e-12	-2.324451046e-12	-2.818639918e-12	-2.846069737e-12	-2.980882773e-12	-2.850741848e-12	-2.460545145e-12	-2.150452554e-12	-2.162509617e-12	-2.725273036e-12	-2.592343916e-12	-2.407267998e-12	-2.642832867e-12	-2.370720025e-12	-2.106971771e-12	-2.459414795e-12	-2.517590125e-12	-2.717737372e-12	-2.512993369e-12	-2.489256026e-12	-1.915716608e-12	-2.486015691e-12	-1.896048524e-12	-2.216163548e-12	-2.377200697e-12	-2.394382011e-12	-1.937343965e-12	-1.927773671e-12	-2.295966234e-12	-2.279990626e-12	-2.397773060e-12	-2.068841309e-12	-2.313222906e-12	-2.402219102e-12	-1.942995713e-12	-2.213073926e-12	-2.569284783e-12	-2.611635217e-12	-2.218348891e-12	-2.166126736e-12	-2.535826433e-12	-2.574182964e-12	-1.903433475e-12	-1.757618368e-12	-1.804866984e-12	-2.062059211e-12	-1.648200521e-12	-1.889417139e-12	-2.366575410e-12	-2.082857645e-12	-2.304933675e-12	-2.238695185e-12	-1.855958789e-12	-2.612991636e-12	-2.889098380e-12	-2.716079525e-12	-2.612916280e-12	-2.426483942e-12	-2.241031241e-12	-2.485638908e-12	-2.105539994e-12	-2.030786203e-12	-2.481343579e-12	-2.434019606e-12	-2.428895354e-12	-2.510280530e-12	-2.236509842e-12	-2.340652724e-12	-2.550370265e-12	-2.943053738e-12	-1.934781839e-12	-2.676743357e-12	-2.150301841e-12	-2.385113144e-12	-2.315935745e-12	-2.274112807e-12	-2.166503520e-12	-1.790926005e-12	-1.981804385e-12	-2.309831857e-12	-2.187678737e-12	-2.157310009e-12	-1.323639455e-12	-1.920840860e-12	-1.643905192e-12	-1.824082928e-12	-1.829131824e-12	-1.613385751e-12	-2.224603492e-12	-2.119104190e-12	-2.256403996e-12	-2.473054348e-12	-2.075623407e-12	-2.191371212e-12	-2.192275492e-12	-2.390990962e-12	-2.022044833e-12	-2.149171491e-12	-2.272379605e-12	-1.654681192e-12	-1.686029556e-12	-1.804339488e-12	-1.692585584e-12	-1.499597219e-12	-1.685652773e-12	-1.645412325e-12	-1.988661839e-12	-1.558526114e-12	-1.427179484e-12	-1.350767847e-12	1.439370682e-10	1.558096582e-10	1.721050050e-10	1.963353310e-10	8.217868115e-11	1.610092666e-11	2.552555608e-12	3.944166755e-13	-2.003733168e-13	-7.899637007e-13	-1.334038672e-12	-7.311855183e-13	-1.037962417e-12	-1.341725049e-12	-1.724235375e-12	-1.383547987e-12	-1.624839961e-12	-1.386336183e-12	-1.442552239e-12	-9.140007370e-13	-1.281289021e-12	-1.725441081e-12	-1.642699486e-12	-1.443305806e-12	-1.968692329e-12	-1.487690869e-12	-1.827850761e-12	-1.894164608e-12	-1.916319461e-12	-1.695976633e-12	-2.045330036e-12	-1.898686006e-12	-1.552648296e-12	-1.774196830e-12	-1.399674309e-12	-1.808785530e-12	-1.439613330e-12	-1.793262061e-12	-2.139525841e-12	-1.515271401e-12	-1.489650142e-12	-1.783465697e-12	-1.795145977e-12	-1.903207405e-12	-1.919333727e-12	-1.776608243e-12	-1.836667488e-12	-1.979242259e-12	-1.633505975e-12	-1.830638957e-12	-1.639760577e-12	-1.298997832e-12	-1.834105362e-12	-1.702758731e-12	-2.260096472e-12	-2.561221622e-12	-2.242086234e-12	-2.709448141e-12	-2.601914209e-12	-2.609525231e-12	-2.959406129e-12	-2.643134294e-12	-2.481871075e-12	-2.456928026e-12	-2.305988668e-12	-1.869975125e-12	-1.823027935e-12	-1.787308886e-12	-1.694921640e-12	-1.942543573e-12	-1.817602257e-12	-2.049700721e-12	-1.784520690e-12	-2.083083714e-12	-2.320231074e-12	-2.027696581e-12	-1.986777923e-12	-1.718282200e-12	-1.990621112e-12	-2.203578988e-12	-1.470057414e-12	-1.337731147e-12	-1.650385864e-12	-1.676760689e-12	-2.154973953e-12	-2.770788449e-12	-1.817074761e-12	-2.269139269e-12	-1.917600524e-12	-2.666494854e-12	-2.168914932e-12	-2.015413448e-12	-2.569360139e-12	-2.736877959e-12	-2.834464813e-12	-2.367555046e-12	-2.682771889e-12	-2.434094963e-12
-2.487221397e-12	-2.715778099e-12	-2.890379443e-12	-3.168219390e-12	-2.623767636e-12	-2.830998408e-12	-2.845165457e-12	-2.634995776e-12	-2.817434212e-12	-2.622335860e-12	-2.238016975e-12	-2.495887411e-12	-2.680511189e-12	-2.771014519e-12	-2.412090823e-12	-2.670639469e-12	-2.224000639e-12	-2.903717569e-12	-2.533188950e-12	-2.623616923e-12	-2.648333902e-12	-2.495962768e-12	-2.219705310e-12	-2.441705984e-12	-2.903491499e-12	-2.592946769e-12	-2.500107383e-12	-2.364239354e-12	-2.532133957e-12	-2.241408024e-12	-2.382852445e-12	-2.238167688e-12	-2.621808364e-12	-2.257760416e-12	-2.505080922e-12	-2.463031914e-12	-2.051886064e-12	-2.409377984e-12	-2.154521813e-12	-2.534017873e-12	-2.726328029e-12	-2.217218541e-12	-3.011326857e-12	-3.073797515e-12	-2.951041542e-12	-3.014868619e-12	-2.741851498e-12	-2.328972444e-12	-2.362204724e-12	-2.225658485e-12	-2.506135915e-12	-2.295815521e-12	-2.285039521e-12	-2.459866935e-12	-2.158817142e-12	-2.957145430e-12	-2.316990738e-12	-2.904621849e-12	-3.264826608e-12	-2.946218717e-12	-3.136871026e-12	-2.666042714e-12	-2.418646851e-12	-2.592494629e-12	-2.881939499e-12	-2.961063976e-12	-2.599653510e-12	-3.076359641e-12	-2.655794210e-12	-2.371322878e-12	-3.135514607e-12	-2.631680084e-12	-2.956693290e-12	-2.627610825e-12	-2.806281428e-12	-2.400787326e-12	-2.275469227e-12	-1.664628269e-12	-2.435677452e-12	-2.582773622e-12	-1.841867097e-12	-2.127091995e-12	-2.372001088e-12	-2.287601647e-12	-2.409227270e-12	-2.297925507e-12	-1.908783797e-12	-2.373583578e-12	-9.262085133e-13	-1.325297301e-12	-1.148736684e-12	-1.139769243e-12	-1.339087567e-12	-1.038942053e-12	-1.199225635e-12	-1.693113081e-12	-1.494246897e-12	-1.811046229e-12	-1.700573389e-12	-4.645737112e-13	-1.458301778e-12	-1.125300767e-12	-1.503591121e-12	-1.264032349e-12	-8.593671700e-13	-5.648734046e-13	-1.023720011e-12	-5.526656283e-13	-1.192971034e-12	-1.388747595e-12	-1.145722418e-12	-9.294488490e-13	-1.105481970e-12	-1.108496236e-12	-7.427150848e-13	-9.186728489e-13	-8.508518692e-13	-8.267377431e-13	-7.005907207e-13	-9.201799818e-13	-1.221531202e-13	-3.489012624e-14	-5.480688730e-13	-9.205567650e-13	-4.516123684e-13	-2.766342407e-13	-5.394028589e-13	-8.404526523e-13	-6.557535175e-13	-9.400741359e-13	-1.246022111e-12	-1.077675368e-12	-1.266519118e-12	-1.421678449e-12	-1.337354364e-12	-1.437427987e-12	-1.542475149e-12	-1.638780940e-12	-1.728756774e-12	-1.232910055e-12	-8.605728763e-13	-1.338560070e-12	-1.865152300e-12	-1.829659320e-12	-1.722954312e-12	-1.059966557e-12	-1.082498193e-12	-1.367647735e-12	-1.880148272e-12	-1.311130252e-12	-8.998336879e-13	-9.274142196e-13	8.211613514e-13	1.503366558e-10	1.666534039e-10	1.903642966e-10	1.657327718e-10	1.016971823e-10	5.485112165e-11	6.405691537e-12	1.945557839e-12	6.179244821e-13	-1.863569810e-13	-1.056198725e-12	-1.066673298e-12	-1.459055344e-12	-6.638166784e-13	-6.131770135e-13	-1.146400628e-12	-1.685351347e-12	-1.743375963e-12	-9.881516748e-13	-1.302916377e-12	-1.542927289e-12	-2.035684385e-12	-1.393721134e-12	-1.689571319e-12	-1.467344575e-12	-2.109157113e-12	-1.681131375e-12	-1.849327404e-12	-1.693565221e-12	-1.341875763e-12	-1.190710334e-12	-1.491534058e-12	-1.660634367e-12	-1.719940046e-12	-7.570328472e-13	-8.944833662e-13	-1.266293048e-12	-7.659249312e-13	-1.278199398e-12	-1.460110337e-12	-1.493191904e-12	-1.637198451e-12	-1.738929921e-12	-1.456342505e-12	-1.019650752e-12	-1.224696181e-12	-8.958397857e-13	-7.750430852e-13	-5.454313904e-13	-5.021766767e-13	-7.836337426e-13	-8.668274777e-13	-5.157408726e-13	-1.162753019e-12	-8.260595333e-13	-1.127938250e-12	-1.045648794e-12	-1.130198949e-12	-1.315124154e-12	-1.523937415e-12	-1.935610762e-12	-1.413238505e-12	-1.353179259e-12	-1.748726284e-12	-1.648577304e-12	-1.325146588e-12	-1.222586195e-12	-1.625216745e-12	-1.872160467e-12	-1.586408073e-12	-1.481134841e-12	-1.486861946e-12	-1.830186817e-12	-1.510523932e-12	-1.097117382e-12	-1.403216071e-12	-1.070591844e-12	-1.093349550e-12	-1.108571592e-12	-1.189579985e-12	-9.761699684e-13	-8.605728763e-13	-1.062679396e-12	-8.160370996e-13	-1.296134280e-12	-1.009552962e-12	-1.137885327e-12	-1.320248406e-12	-9.738339124e-13	-1.500576855e-12	-1.371038784e-12	-1.080312851e-12	-1.128917886e-12	-1.406682476e-12	-1.119573662e-12	-1.518737806e-12	-1.223490475e-12	-1.297942839e-12
-1.103145914e-12	-1.106235536e-12	-7.182995321e-13	-6.721812659e-13	-1.291160741e-12	-1.034420654e-12	-1.319193413e-12	-1.137583900e-12	-1.474428100e-12	-1.291612881e-12	-1.270965160e-12	-1.223113691e-12	-1.084909606e-12	-1.358378868e-12	-1.371792350e-12	-1.819938313e-12	-1.662518283e-12	-1.561088240e-12	-1.489424072e-12	-9.612493529e-13	-1.223264405e-12	-8.258334633e-13	-1.432153022e-12	-1.238185020e-12	-1.075188599e-12	-8.569557574e-13	-1.074284319e-12	-7.529635884e-13	-9.393959261e-13	-1.218140153e-12	-1.228539370e-12	-6.511567622e-13	-8.923733801e-13	-1.111811928e-12	-1.111736571e-12	-1.659428661e-12	-8.188252954e-13	-9.182207091e-13	-1.384150840e-12	-1.184380376e-12	-5.039098795e-13	-6.428675313e-13	-1.340971483e-12	-1.076243592e-12	-9.925223602e-13	-1.342930756e-12	-1.091239564e-12	-1.342177189e-12	-6.524378251e-13	-7.748170152e-13	-8.149821066e-13	-4.660054875e-13	-1.148435257e-12	-1.202013831e-12	-1.535391625e-12	-9.880009616e-13	-1.316405217e-12	-1.099227368e-12	-1.363578476e-12	-9.892820245e-13	-8.103099946e-13	-1.253557776e-12	-8.708967365e-13	-1.353329972e-12	-1.234341831e-12	-1.393419707e-12	-1.279631174e-12	-1.185887509e-12	-1.423260938e-12	-1.113017634e-12	-1.242555706e-12	-1.729811767e-12	-1.260942727e-12	-9.692371572e-13	-1.539310170e-12	-1.045121298e-12	-1.097946305e-12	-8.620046525e-13	-8.645667784e-13	-8.652449882e-13	-7.572589171e-13	-6.644948882e-13	-1.191011761e-12	-7.543953647e-13	-7.299044553e-13	-9.050332963e-13	-1.043312738e-12	-1.278802251e-12	-1.226354027e-12	-1.034345298e-12	-9.735324859e-13	-5.528916982e-13	-2.892188003e-13	-9.626057725e-13	-3.479216261e-13	-4.458099068e-13	-9.685589474e-13	-8.235727640e-13	-3.519155282e-14	-4.808507464e-13	-5.517613485e-13	-6.641181050e-13	-7.962183022e-13	-6.378186362e-13	-7.995339945e-13	-1.125150054e-12	-7.344258540e-13	-1.102769131e-12	-8.409047922e-13	-1.093801690e-12	-1.102844487e-12	-1.112188711e-12	-1.002469437e-12	-9.955366260e-13	-8.974976319e-13	-7.620817424e-13	-6.706741330e-13	-4.426449278e-13	-1.077750725e-12	-9.671271711e-13	-7.191284552e-13	-6.498756992e-13	-8.659231980e-13	-8.240249039e-13	-1.182345747e-12	-1.269533384e-12	-1.287920405e-12	-1.037585633e-12	-8.282448759e-13	-6.036067197e-13	-7.922244000e-13	-5.792665236e-13	-8.213120647e-13	-2.917809262e-13	-9.655446816e-13	-9.488908632e-13	-6.333725941e-13	-4.559076972e-13	-8.163385262e-13	-7.646438683e-13	-1.141728516e-12	-4.937367325e-13	-5.875557545e-13	-7.705970432e-13	-7.612528193e-13	-7.410572386e-13	-6.149855730e-13	-3.427220176e-13	-4.229768437e-13	-1.914058762e-13	4.913253199e-14	5.249343832e-13	2.765212057e-12	1.578305726e-10	1.769290359e-10	2.288233889e-10	9.111921949e-11	9.199275371e-11	5.573151332e-11	9.589585109e-12	2.466046180e-12	9.769235349e-13	6.020995868e-14	3.567383534e-13	2.551575971e-13	6.465600069e-14	-6.997617976e-13	-4.298342983e-13	-1.233588265e-12	-5.261400895e-13	-8.170167360e-13	-9.499458563e-13	-7.706723998e-13	-1.752041977e-13	8.130981905e-14	-5.565088171e-13	-1.377519455e-13	-1.250920293e-13	-7.492711129e-13	-5.238793902e-13	-1.021308598e-12	-7.398515323e-13	-7.260612665e-13	-1.019726109e-12	-1.186490362e-12	-9.907891574e-13	-7.176966790e-13	-6.861222451e-13	-7.613281759e-13	-1.001791227e-12	-7.323158679e-13	-6.443746642e-13	-6.878554479e-13	-1.228765440e-12	-2.789702967e-13	-6.721812659e-14	-8.265870298e-13	-8.362326802e-13	-8.809191702e-13	-5.661544676e-13	-4.684169001e-13	-2.495812055e-13	-9.888298846e-13	-8.792613240e-13	-2.530476111e-13	-4.583191098e-13	-7.622324557e-13	-1.186113579e-12	-2.843959751e-13	-9.949337728e-13	-1.372998057e-12	-4.605044524e-13	-8.285463025e-13	-3.756528711e-13	-8.743631422e-13	-9.922962903e-13	-3.437770106e-13	-6.943361193e-13	-4.656287043e-13	-8.047336030e-13	-6.605763427e-13	-7.746663019e-13	-8.984019116e-13	-9.868706119e-13	-5.363132365e-13	-9.763206817e-13	-1.110154082e-12	-1.071270053e-12	-7.961429455e-13	-9.751149754e-13	-5.710526494e-13	-3.773107173e-13	-6.022503001e-13	-1.000585521e-12	-1.019575395e-12	-1.021685381e-12	-9.424855485e-13	-8.067682324e-13	-6.243297968e-13	-2.732431917e-13	-8.545443447e-13	-6.284744123e-13	-6.935825528e-13	-1.779923935e-13	-2.940416255e-13	-1.700045892e-13	-7.412079519e-13	-3.911009832e-14	-1.451368966e-13	-5.556045374e-13	-7.403790288e-13
-5.317164812e-13	-9.005118977e-13	-7.644177983e-13	-7.601978263e-13	-9.815202902e-13	-9.583858004e-13	-6.704480631e-13	-1.402763931e-12	-8.997583312e-13	-1.179406838e-12	-1.241048573e-12	-1.271718727e-12	-1.588367346e-12	-1.158683761e-12	-1.265916265e-12	-1.222360125e-12	-1.019876822e-12	-8.530372119e-13	-1.280610811e-12	-1.219797999e-12	-1.111284431e-12	-1.039544906e-12	-1.689119179e-12	-1.006538696e-12	-1.306608853e-12	-1.186716432e-12	-1.327633357e-12	-1.270663734e-12	-1.019952179e-12	-1.061322976e-12	-8.002875610e-13	-6.953911123e-13	-7.247802035e-13	-6.198837548e-13	-9.185974923e-13	-7.149838398e-13	-6.524378251e-13	-7.660756445e-13	-1.006538696e-12	-8.555239811e-13	-1.040976682e-12	-1.027939983e-12	-1.518737806e-12	-1.140673523e-12	-1.664552913e-12	-1.417006337e-12	-1.012491871e-12	-1.318439846e-12	-1.352350336e-12	-1.139618530e-12	-9.111371845e-13	-9.757931852e-13	-9.088764852e-13	-8.666014078e-13	-8.407540789e-13	-9.626057725e-13	-7.317130148e-13	-1.342252546e-12	-8.204077849e-13	-5.256879496e-13	-7.096335180e-13	-6.494235594e-13	-1.159964824e-12	-9.979480386e-13	-8.528111419e-13	-1.187771425e-12	-1.254009915e-12	-9.761699684e-13	-7.509289590e-13	-7.537925115e-13	-7.742895187e-13	-5.177001454e-13	-1.096288459e-12	-9.307299120e-13	-6.874786647e-13	-8.016439805e-13	-8.661492679e-13	-1.286714699e-12	-8.896605409e-13	-1.356193525e-12	-1.556190058e-12	-1.446546141e-12	-1.027487843e-12	-1.188751062e-12	-1.110681578e-12	-9.989276750e-13	-1.558300045e-12	-1.153559509e-12	-1.435619428e-12	-1.401558225e-12	-1.678117109e-12	-1.406154980e-12	-1.857465922e-12	-9.876995350e-13	-1.728229277e-12	-1.365160966e-12	-1.368778084e-12	-1.286413272e-12	-1.504495401e-12	-1.533130925e-12	-1.398770029e-12	-1.636821668e-12	-2.159043212e-12	-1.586935569e-12	-1.658373668e-12	-1.754679459e-12	-2.003507098e-12	-1.709088689e-12	-1.612104688e-12	-1.835913922e-12	-1.715795431e-12	-1.756940159e-12	-1.648652661e-12	-1.897254230e-12	-1.469755988e-12	-1.598012996e-12	-2.480288586e-12	-1.516627820e-12	-1.634184185e-12	-1.486108379e-12	-1.668848242e-12	-1.798310956e-12	-2.003431742e-12	-1.768168299e-12	-1.459356771e-12	-1.262901999e-12	-1.865378369e-12	-1.231704349e-12	-1.888814286e-12	-1.996423574e-12	-1.134117495e-12	-1.674198563e-12	-6.665295176e-13	-1.457924995e-12	-1.572316380e-12	-1.369607008e-12	-1.115730473e-12	-1.717453277e-12	-2.034101896e-12	-1.425295568e-12	-1.645638395e-12	-1.666662899e-12	-1.608412213e-12	-1.786404606e-12	-1.664552913e-12	-1.344588602e-12	-1.753775179e-12	-1.295305356e-12	-1.175488292e-12	-1.058308711e-12	-9.011147508e-13	-8.842348625e-13	1.844806006e-12	1.385981253e-10	2.044567426e-10	1.613776099e-10	7.031166754e-11	7.136342023e-11	7.739165033e-11	2.084206528e-11	3.557436457e-12	-6.096352512e-13	-9.426362618e-13	-1.300580322e-12	-1.510448575e-12	-2.105389281e-12	-1.957916329e-12	-1.575330646e-12	-1.779923935e-12	-1.795899544e-12	-1.666436829e-12	-2.194837618e-12	-2.210361086e-12	-2.203428275e-12	-2.300035493e-12	-1.974645504e-12	-2.010967406e-12	-1.837119628e-12	-1.950380664e-12	-2.605908112e-12	-2.411412613e-12	-1.696880913e-12	-2.078260889e-12	-1.911270566e-12	-1.694544857e-12	-2.037040805e-12	-1.913380552e-12	-1.680302451e-12	-1.438633694e-12	-1.854300943e-12	-1.400352518e-12	-2.067710959e-12	-1.920765503e-12	-2.137566568e-12	-2.448337369e-12	-1.716925780e-12	-1.934932552e-12	-2.242990513e-12	-2.226562765e-12	-2.606360251e-12	-2.144273310e-12	-2.046158959e-12	-2.034704749e-12	-2.470642935e-12	-2.410282263e-12	-2.538087132e-12	-1.837496411e-12	-2.278784919e-12	-2.295589451e-12	-2.097100050e-12	-2.190316219e-12	-1.826192915e-12	-2.512390516e-12	-2.325355325e-12	-2.286848080e-12	-2.138922988e-12	-2.008706707e-12	-2.225055632e-12	-2.441178487e-12	-2.417139718e-12	-2.257232919e-12	-2.488502460e-12	-2.209155380e-12	-2.773953428e-12	-2.769205960e-12	-2.687820784e-12	-2.441253844e-12	-2.860010716e-12	-2.986459165e-12	-2.913212506e-12	-2.632282937e-12	-2.767322043e-12	-2.593474265e-12	-2.379235326e-12	-2.263788947e-12	-2.044124329e-12	-2.216464975e-12	-2.138320135e-12	-2.151507547e-12	-2.157083939e-12	-2.067937029e-12	-2.097100050e-12	-2.173737757e-12	-2.195817254e-12	-2.100038959e-12	-2.508848754e-12	-2.361903298e-12	-2.281723828e-12	-2.130256974e-12	-2.482850712e-12	-2.222418149e-12
-2.884049485e-12	-2.679305483e-12	-2.992412339e-12	-2.694527525e-12	-2.897538325e-12	-3.013361487e-12	-3.001831920e-12	-2.660843105e-12	-3.035591697e-12	-3.026548899e-12	-3.059630466e-12	-2.832430184e-12	-2.616834825e-12	-2.606887748e-12	-2.934463080e-12	-2.420153984e-12	-2.482473928e-12	-2.654287077e-12	-2.553384531e-12	-2.825572729e-12	-3.083895306e-12	-2.596639244e-12	-2.287149507e-12	-2.555268447e-12	-2.079994092e-12	-2.418270068e-12	-2.735446183e-12	-2.306591521e-12	-3.093993096e-12	-2.735220113e-12	-2.639441818e-12	-2.651046741e-12	-3.192936370e-12	-2.922632087e-12	-2.795580785e-12	-2.797163274e-12	-2.504101285e-12	-2.488653173e-12	-2.644792140e-12	-3.127828229e-12	-2.941320535e-12	-2.800855750e-12	-3.039660955e-12	-3.138152089e-12	-3.147345600e-12	-3.282686133e-12	-2.996104815e-12	-2.761218155e-12	-3.281103643e-12	-2.874931331e-12	-3.097308788e-12	-2.855338604e-12	-2.726704812e-12	-3.068447193e-12	-3.006956172e-12	-2.460771215e-12	-2.962495752e-12	-2.939964115e-12	-2.892866213e-12	-2.849686855e-12	-2.946369430e-12	-2.839212282e-12	-3.114716173e-12	-2.923611723e-12	-3.588106612e-12	-3.320138385e-12	-3.021952144e-12	-2.773275218e-12	-2.993542689e-12	-3.179673600e-12	-3.200848817e-12	-2.890680870e-12	-2.996330885e-12	-2.765965624e-12	-2.891961933e-12	-2.902662576e-12	-3.207555559e-12	-2.689101847e-12	-2.816680645e-12	-2.480665369e-12	-2.478253956e-12	-2.435602096e-12	-2.841171555e-12	-2.743810770e-12	-2.372905368e-12	-3.028131389e-12	-2.941546605e-12	-3.477935198e-12	-3.074400368e-12	-2.916226772e-12	-2.111945309e-12	-2.781413736e-12	-2.550144195e-12	-2.596337818e-12	-2.487372110e-12	-2.546753146e-12	-2.418270068e-12	-2.720826994e-12	-2.756169260e-12	-2.281648472e-12	-2.560091272e-12	-2.669358406e-12	-3.161286579e-12	-2.695281092e-12	-2.576443664e-12	-2.789552253e-12	-2.428066431e-12	-2.882693066e-12	-2.320683213e-12	-2.122269169e-12	-2.625199413e-12	-2.535072866e-12	-2.300035493e-12	-2.921727807e-12	-2.605832755e-12	-2.791134743e-12	-2.988041654e-12	-2.987815584e-12	-2.754360701e-12	-2.967393934e-12	-2.856996450e-12	-2.840041205e-12	-2.720751637e-12	-3.015471473e-12	-3.064754718e-12	-2.658130266e-12	-2.449693788e-12	-2.204257198e-12	-2.830546268e-12	-2.623089426e-12	-2.392045955e-12	-2.838609429e-12	-2.847727583e-12	-2.280894905e-12	-2.527838628e-12	-2.809747834e-12	-2.290389843e-12	-3.244254244e-12	-3.010874717e-12	-2.427689648e-12	-2.733034770e-12	-2.741700784e-12	-2.960913262e-12	-2.962947892e-12	-3.126095026e-12	-2.898593318e-12	-3.354350301e-12	-2.564838741e-12	-2.477726460e-12	-2.855564674e-12	-2.125810932e-12	-1.719337193e-12	1.492136911e-12	1.190621413e-10	2.260757349e-10	9.257435628e-11	6.728504329e-11	6.990150133e-11	7.858808777e-11	1.296104137e-11	2.458058376e-12	-8.209352815e-13	-1.342478616e-12	-2.342838067e-12	-2.095065421e-12	-2.581718629e-12	-2.054824973e-12	-2.441630627e-12	-2.648107832e-12	-2.772597008e-12	-2.815927079e-12	-2.574785818e-12	-2.735898323e-12	-3.276280818e-12	-2.852098268e-12	-3.043956284e-12	-2.786688701e-12	-2.652252448e-12	-2.359416529e-12	-2.660315609e-12	-2.180369142e-12	-2.602592419e-12	-2.139601198e-12	-2.449166292e-12	-2.339447018e-12	-2.475013621e-12	-2.408247634e-12	-2.377577480e-12	-2.261905031e-12	-2.273962094e-12	-2.125208079e-12	-2.080672302e-12	-2.066731323e-12	-2.592645342e-12	-2.352182291e-12	-2.326862458e-12	-2.568757286e-12	-2.510280530e-12	-2.666494854e-12	-3.048477683e-12	-2.286697367e-12	-2.363862571e-12	-2.168086009e-12	-2.007048860e-12	-2.281949898e-12	-1.929431517e-12	-1.978262622e-12	-2.092503295e-12	-2.703871749e-12	-2.209984303e-12	-2.434773173e-12	-1.962739154e-12	-2.159344638e-12	-1.914661615e-12	-2.059572441e-12	-2.564612671e-12	-2.270118905e-12	-2.718038798e-12	-2.448789509e-12	-2.384962431e-12	-1.693942004e-12	-1.885046454e-12	-2.134853729e-12	-2.247737982e-12	-2.141711184e-12	-2.303878682e-12	-2.282929535e-12	-1.904488468e-12	-2.172381338e-12	-2.170648135e-12	-2.195214401e-12	-2.129126624e-12	-2.534168586e-12	-2.045103966e-12	-2.354970487e-12	-2.243744080e-12	-2.050981784e-12	-2.565667664e-12	-2.294685171e-12	-2.260548611e-12	-2.941395891e-12	-2.640647525e-12	-2.334850263e-12	-2.370870738e-12	-2.217293898e-12	-2.464388334e-12	-2.251581171e-12	-2.320005004e-12	-2.446679523e-12	-2.033725113e-12	-2.135230512e-12
-1.289879678e-12	-1.461165330e-12	-8.702185267e-13	-9.605711431e-13	-1.277596545e-12	-1.060267983e-12	-1.179708264e-12	-1.861836607e-12	-2.157611436e-12	-1.557395765e-12	-1.498994366e-12	-1.860781614e-12	-1.999513196e-12	-2.177053450e-12	-2.235982345e-12	-1.788439236e-12	-1.831618593e-12	-1.709390116e-12	-1.671561081e-12	-1.334490811e-12	-1.230272573e-12	-1.261168797e-12	-7.996093512e-13	-1.102241634e-12	-8.744384988e-13	-1.384527623e-12	-1.782787487e-12	-9.563511710e-13	-1.198472069e-12	-9.007379676e-13	-1.033441018e-12	-8.173935192e-13	-3.981845077e-13	2.788949400e-13	-8.746645687e-13	-7.815991132e-13	-8.289984424e-13	-1.049944123e-12	-9.604957864e-13	-1.092822054e-12	-1.157779481e-12	-8.930515899e-13	-1.153936292e-12	-1.492890477e-12	-1.298545692e-12	-1.235321468e-12	-1.211433411e-12	-1.609015066e-12	-1.469153134e-12	-1.557320408e-12	-1.372319847e-12	-1.364181329e-12	-1.003901213e-12	-1.594320520e-12	-8.373630299e-13	-9.746628355e-13	-1.393721134e-12	-1.000811591e-12	-1.204726670e-12	-1.518511736e-12	-1.353179259e-12	-1.401633581e-12	-1.529137023e-12	-1.564931429e-12	-1.855506649e-12	-1.490403708e-12	-1.474880239e-12	-1.653324773e-12	-1.792357781e-12	-1.510900715e-12	-1.368099875e-12	-1.873366174e-12	-1.317309497e-12	-1.918580160e-12	-1.777361809e-12	-1.397790392e-12	-2.243442653e-12	-2.080295519e-12	-1.478195932e-12	-1.273678000e-12	-1.435468715e-12	-8.798641772e-13	-1.086868879e-12	-8.366094634e-13	-1.584750227e-12	-1.202842754e-12	-1.193875313e-12	-1.358077441e-12	-1.054917662e-12	-1.541420156e-12	-1.662518283e-12	-1.282645440e-12	-1.467872072e-12	-1.471941330e-12	-1.660182227e-12	-2.042617197e-12	-1.656565109e-12	-1.551970086e-12	-1.469906701e-12	-1.289050755e-12	-1.171419033e-12	-1.755433026e-12	-1.601328688e-12	-1.752041977e-12	-1.683618144e-12	-1.731771039e-12	-1.884971097e-12	-1.371114140e-12	-1.391460434e-12	-1.576310282e-12	-1.667115039e-12	-1.217311230e-12	-1.440819036e-12	-1.616701444e-12	-1.787761026e-12	-1.774121473e-12	-1.704341221e-12	-1.624463178e-12	-1.742396326e-12	-1.684673137e-12	-1.795372047e-12	-2.011947042e-12	-1.964999853e-12	-1.894089251e-12	-2.017372721e-12	-1.550161527e-12	-2.341180221e-12	-2.171929198e-12	-2.212018933e-12	-2.077055183e-12	-1.760934061e-12	-1.580078115e-12	-1.895521027e-12	-2.063717057e-12	-2.097100050e-12	-1.475407736e-12	-1.530568799e-12	-1.727777137e-12	-1.782787487e-12	-1.620243206e-12	-1.630491710e-12	-1.677514256e-12	-1.549784744e-12	-1.521601359e-12	-1.545112632e-12	-1.196964936e-12	-1.191011761e-12	-1.714212941e-12	-6.759490981e-13	-3.120518635e-13	3.097158075e-14	-6.678105805e-13	3.478771657e-11	9.637014581e-11	1.559282695e-10	6.836399972e-11	6.847635648e-11	7.366775105e-11	8.160144926e-11	9.652862083e-11	2.943716876e-11	6.009390945e-12	2.646977483e-12	1.275335846e-12	5.331482574e-13	-1.045874864e-12	-4.115979904e-13	-5.878571811e-13	-8.741370722e-13	-7.189777419e-13	-1.116710110e-12	-1.043086668e-12	-9.001351145e-13	-1.277897972e-12	-1.324995874e-12	-1.568774618e-12	-1.794919907e-12	-1.262223790e-12	-1.741416690e-12	-1.717603990e-12	-1.487690869e-12	-1.465309946e-12	-1.507660380e-12	-1.602383681e-12	-1.055746585e-12	-1.409169246e-12	-1.446395428e-12	-1.481737694e-12	-7.791123439e-13	-1.438106197e-12	-1.336073301e-12	-1.512784631e-12	-2.139149058e-12	-1.671636437e-12	-1.569452828e-12	-1.961533447e-12	-1.850759181e-12	-2.132517673e-12	-1.770956494e-12	-1.405024630e-12	-1.728530704e-12	-2.054222120e-12	-1.522580995e-12	-1.956333839e-12	-1.669752521e-12	-1.934178986e-12	-1.562143233e-12	-1.568699261e-12	-1.467043148e-12	-1.335018308e-12	-1.296887846e-12	-1.074887172e-12	-1.154840572e-12	-1.267498755e-12	-1.446546141e-12	-9.763960384e-13	-8.773020513e-13	-1.403065358e-12	-1.501330422e-12	-1.300278895e-12	-1.160793747e-12	-1.542927289e-12	-1.597259430e-12	-1.521752072e-12	-1.622277835e-12	-1.745033809e-12	-1.537501611e-12	-1.837722481e-12	-1.422582728e-12	-1.694544857e-12	-1.541495513e-12	-1.712479738e-12	-1.379930868e-12	-2.067334176e-12	-1.486937303e-12	-1.883011824e-12	-1.476538086e-12	-2.224226709e-12	-1.389049022e-12	-1.321981608e-12	-1.723105025e-12	-1.417910616e-12	-1.620695346e-12	-1.557320408e-12	-1.338258644e-12	-1.473749890e-12	-2.127016638e-12	-1.396735399e-12	-1.527102394e-12	-1.602082255e-12	-1.620770703e-12
9.850620524e-13	8.711228065e-13	6.205619646e-13	5.092602012e-13	6.927536297e-13	2.448337369e-13	5.275718657e-13	3.177036118e-13	6.324683144e-13	1.031104962e-12	6.549245944e-13	5.793418803e-13	5.372928728e-13	7.288494623e-13	9.032247369e-13	5.636676983e-13	8.470840370e-13	8.953122892e-13	7.911694070e-13	9.518297724e-13	1.070290417e-12	1.062453326e-12	1.291838951e-12	9.216871147e-13	6.645702448e-13	9.015668907e-13	1.098398445e-12	1.360036714e-12	9.785060244e-13	6.293786920e-13	9.299009889e-13	6.742912519e-13	1.384602980e-12	9.623043459e-13	1.046628431e-12	5.576391668e-13	7.366865533e-13	1.054540878e-12	1.157327341e-12	1.129219313e-12	9.274142196e-13	1.019198612e-12	1.057856571e-12	1.053862669e-12	1.027713913e-12	9.706689334e-13	7.405297421e-13	8.216134913e-13	1.359509217e-12	1.333435818e-12	1.200883481e-12	1.198396712e-12	1.216934447e-12	1.206007733e-12	9.157339398e-13	9.504733528e-13	1.201637048e-12	1.017992906e-12	1.428988043e-12	7.567314206e-13	1.309698475e-12	7.734605956e-13	9.256810168e-13	6.698452099e-13	5.511584954e-13	7.412833086e-13	8.334444844e-13	6.054152792e-13	1.311356322e-12	1.167274418e-12	3.530458779e-13	9.821985000e-13	4.862764247e-13	5.498020758e-13	7.464829170e-13	9.185974923e-13	8.439190579e-13	7.253830567e-13	1.293346084e-12	8.712735198e-13	3.938891790e-13	7.790369873e-13	1.389124378e-12	1.030426752e-12	6.730101890e-13	6.014967337e-13	6.198837548e-13	6.442993075e-13	5.233518937e-13	9.666750313e-13	3.382759756e-13	4.733904386e-13	6.140059366e-13	1.001113018e-12	9.945569896e-13	7.353301337e-13	8.597439532e-13	8.996829746e-13	1.267800181e-12	8.295259389e-13	1.035249577e-12	8.287723724e-13	1.095836319e-12	9.451230310e-13	1.437277274e-12	9.109864712e-13	1.162225523e-12	1.149264180e-12	1.110304795e-12	1.302841021e-12	1.504646114e-12	1.191313187e-12	6.779083708e-13	6.288511955e-13	9.259070868e-13	5.825822160e-13	9.314081218e-13	1.007819759e-12	1.060117270e-12	8.017193372e-13	1.323714811e-12	1.153634865e-12	1.313692378e-12	8.803916737e-13	8.097824981e-13	5.109180474e-13	2.584732895e-13	6.653238113e-13	8.013425540e-13	2.379762822e-13	1.111510501e-13	7.882304979e-14	2.277277786e-13	4.834882289e-13	-1.807052327e-13	-1.613385751e-13	-7.197313083e-13	-8.424872817e-14	-2.735446183e-14	-1.587010926e-13	1.919333727e-13	2.608093454e-13	3.259928426e-13	4.521398649e-16	-2.103957505e-13	6.842383290e-14	1.794241697e-13	-3.918545496e-15	7.470104135e-13	1.006463339e-12	3.236115727e-12	6.245332598e-12	3.544249045e-11	1.754873126e-10	2.210986547e-10	5.765062098e-11	6.054793323e-11	6.552945955e-11	7.175324015e-11	8.161516417e-11	9.430514769e-11	1.240513540e-11	7.408010261e-12	4.814234569e-12	3.371456260e-12	2.531832530e-12	2.154823240e-12	1.442929022e-12	1.483923037e-12	1.324920518e-12	1.425747707e-12	1.123793634e-12	1.323639455e-12	1.566438562e-12	1.521149219e-12	1.555436492e-12	1.446998281e-12	1.240671789e-12	8.861941353e-13	1.688214899e-12	1.104879117e-12	1.585955933e-12	1.041428822e-12	9.993798148e-13	7.964443721e-13	1.378348378e-12	7.868740783e-13	7.519839520e-13	7.449757841e-13	9.848359825e-13	1.011286165e-12	7.912447637e-14	4.310400046e-13	4.526673615e-13	-7.015703571e-14	-3.692475564e-15	1.638253444e-13	-3.537994443e-13	-1.263730923e-13	-6.614806224e-13	-4.424942145e-13	3.831885355e-13	4.819810960e-13	6.536435314e-13	1.568171765e-13	5.366900197e-13	1.132158222e-12	9.457258842e-14	4.004452071e-13	8.037539666e-13	8.283202326e-13	5.269690126e-13	3.972048714e-13	7.005907207e-13	2.088132610e-13	3.250132063e-13	2.486769257e-15	7.238759238e-13	1.107893382e-12	8.039800365e-13	5.605027192e-13	3.207178775e-13	3.922313328e-13	5.317164812e-13	8.464058272e-13	5.679630270e-13	3.593758360e-13	5.517613485e-13	3.914024098e-13	5.210158377e-13	1.508640016e-13	9.520558423e-13	8.241756172e-13	9.406016324e-13	1.004504067e-12	1.233512908e-12	1.084683536e-12	1.177824348e-12	1.417759903e-12	1.014451144e-12	1.745335235e-12	1.543002646e-12	1.741190620e-12	1.966959126e-12	1.812478005e-12	1.567267485e-12	1.316329860e-12	1.559505751e-12	1.715041864e-12	1.665532549e-12	1.179632908e-12
2.684128308e-12	2.431834264e-12	3.103638746e-12	2.294459101e-12	2.799800757e-12	2.911705374e-12	3.159704090e-12	2.437561369e-12	2.290917339e-12	2.671242322e-12	3.276732958e-12	2.917206409e-12	3.057369767e-12	2.477198963e-12	2.325506039e-12	2.870786716e-12	2.743358631e-12	2.526934349e-12	2.833033037e-12	1.988511126e-12	2.357834039e-12	2.191747995e-12	2.242387660e-12	2.689403273e-12	2.955487584e-12	2.917658548e-12	2.781639806e-12	2.809747834e-12	2.697767861e-12	2.740419721e-12	2.317292164e-12	2.242839800e-12	2.883145205e-12	2.995878745e-12	3.397002162e-12	2.962721822e-12	3.067090774e-12	2.975080311e-12	2.515555495e-12	2.637708615e-12	2.039602931e-12	2.279237059e-12	2.580512923e-12	2.533791803e-12	2.572374405e-12	2.586842881e-12	2.906279695e-12	2.649162825e-12	2.699802490e-12	2.902361150e-12	2.524749006e-12	2.521584027e-12	2.593398909e-12	2.280819549e-12	2.811782463e-12	2.427689648e-12	2.317819661e-12	2.320005004e-12	2.374186431e-12	2.694828952e-12	2.907636115e-12	2.822030967e-12	2.645922490e-12	2.193631911e-12	2.165222457e-12	2.572525118e-12	2.624747273e-12	2.610881650e-12	2.486166404e-12	2.526557565e-12	2.361225088e-12	2.460695858e-12	2.353538710e-12	2.538463915e-12	2.314202542e-12	2.230029171e-12	2.431532837e-12	2.101093952e-12	3.479216261e-12	2.329650654e-12	3.439729379e-12	3.342142525e-12	3.373490889e-12	2.723539833e-12	2.580814349e-12	2.464991187e-12	2.240729814e-12	2.957296143e-12	2.366424696e-12	2.625877622e-12	2.898517961e-12	3.225716510e-12	3.634827731e-12	3.526917017e-12	3.292256427e-12	3.367236288e-12	3.422548064e-12	3.027302466e-12	3.088416704e-12	3.470474890e-12	3.263168762e-12	3.596923339e-12	3.536788737e-12	3.403332120e-12	3.340936819e-12	3.302881713e-12	3.169199027e-12	3.234307167e-12	3.313808427e-12	3.068899333e-12	2.989925570e-12	3.048703753e-12	3.165657264e-12	3.313733070e-12	3.361885966e-12	2.946444787e-12	3.179070747e-12	2.901833653e-12	3.118710075e-12	3.303635280e-12	3.490067618e-12	3.340183252e-12	3.198286691e-12	3.163019782e-12	3.038455249e-12	3.264374468e-12	2.471622572e-12	2.649313539e-12	2.702515329e-12	2.188809086e-12	2.996180172e-12	2.845692953e-12	3.093465599e-12	2.687820784e-12	2.553384531e-12	2.841171555e-12	2.842904757e-12	2.800478967e-12	2.629570098e-12	2.878774520e-12	3.658037577e-12	3.271081210e-12	3.337771840e-12	3.686974529e-12	3.831207146e-12	4.235194115e-12	3.854190922e-12	3.927889720e-12	4.825990205e-12	5.510529961e-12	7.519839520e-12	1.476206516e-11	5.015399130e-11	1.808026688e-10	2.220345842e-10	1.965401504e-10	5.556482442e-11	5.971139912e-11	6.476225356e-11	7.226883031e-11	8.151004165e-11	2.698528963e-11	1.112897064e-11	8.474080705e-12	6.814501331e-12	5.686563081e-12	5.068789313e-12	4.135421918e-12	4.131578729e-12	3.959162727e-12	3.918620853e-12	4.244839765e-12	4.267296045e-12	4.345139459e-12	4.021784099e-12	3.837311034e-12	4.111081722e-12	3.304690273e-12	3.338450049e-12	3.482079813e-12	3.798954502e-12	3.282761489e-12	3.689385941e-12	2.987815584e-12	3.488560485e-12	3.326995840e-12	3.589161605e-12	3.487656205e-12	3.198362048e-12	3.315466273e-12	3.055485851e-12	2.759711022e-12	3.304765630e-12	3.261887699e-12	3.036948116e-12	3.130465712e-12	2.859860002e-12	2.940566968e-12	3.068974690e-12	3.142145991e-12	3.108310858e-12	3.305519196e-12	3.136494243e-12	3.522094191e-12	3.187058551e-12	3.021801431e-12	3.658565074e-12	3.359173127e-12	3.512373184e-12	3.088944201e-12	3.426391253e-12	3.643493745e-12	3.287961098e-12	3.592326584e-12	3.220441545e-12	3.702799424e-12	3.500617548e-12	3.361584539e-12	3.309136315e-12	2.781338379e-12	3.267464091e-12	3.221421181e-12	2.979903137e-12	2.811933177e-12	3.107180509e-12	3.126095026e-12	3.323680147e-12	3.077113208e-12	2.981184200e-12	2.918864255e-12	3.039585599e-12	3.293462133e-12	2.924591360e-12	3.065658998e-12	3.089622410e-12	3.346362497e-12	2.982917402e-12	3.184722495e-12	3.381403337e-12	3.896239930e-12	3.353747448e-12	3.244857097e-12	4.005883847e-12	3.602273661e-12	3.644473381e-12	3.223757237e-12	3.482079813e-12	3.781321047e-12	3.828871090e-12	4.145218282e-12	3.703025494e-12
4.829456611e-12	3.780341411e-12	3.731208879e-12	4.108670309e-12	3.871824377e-12	3.811614418e-12	4.207688940e-12	3.283590413e-12	3.136192817e-12	2.776967694e-12	3.621037465e-12	4.223363122e-12	4.245517975e-12	4.058934924e-12	4.191788688e-12	4.413035795e-12	3.989908238e-12	4.270234954e-12	4.130900519e-12	3.828494306e-12	3.801064488e-12	3.839722446e-12	4.148157191e-12	3.683960263e-12	3.973179063e-12	4.149815037e-12	3.811463705e-12	3.844394558e-12	3.759392264e-12	4.340994843e-12	3.795262026e-12	3.839571733e-12	3.752534809e-12	3.770168264e-12	3.444928988e-12	4.027435847e-12	3.676198529e-12	3.197533125e-12	3.531136989e-12	3.645076235e-12	3.506118583e-12	3.477256988e-12	3.314185210e-12	3.642288039e-12	3.600088318e-12	3.449902526e-12	3.236492510e-12	4.078904435e-12	3.854341635e-12	3.880188964e-12	3.743416655e-12	3.889533188e-12	4.130749806e-12	3.245912090e-12	3.292407140e-12	3.313507000e-12	3.199492398e-12	3.244254244e-12	3.547112597e-12	3.718850389e-12	3.738066333e-12	3.513352821e-12	3.467234554e-12	3.256763447e-12	3.413655980e-12	3.826685747e-12	3.241541405e-12	3.305293126e-12	3.525711310e-12	3.296401042e-12	3.262038412e-12	3.467385268e-12	3.130013572e-12	3.309588455e-12	4.097140743e-12	3.283665769e-12	3.456609268e-12	3.437167253e-12	3.776875005e-12	3.493383310e-12	3.876722559e-12	3.993223931e-12	3.845901691e-12	3.786746726e-12	3.154353768e-12	3.495417939e-12	3.796015593e-12	3.593984430e-12	3.245761377e-12	3.102583753e-12	2.830923051e-12	3.261360202e-12	3.472057380e-12	3.565047478e-12	3.711917578e-12	3.164451558e-12	3.256914160e-12	3.275225825e-12	3.492403673e-12	3.119237572e-12	3.497753995e-12	3.219687978e-12	3.601143311e-12	3.473413799e-12	3.518251002e-12	3.874085076e-12	3.497075785e-12	3.946653524e-12	4.069409498e-12	3.575898835e-12	3.822164348e-12	3.680117074e-12	3.543872261e-12	3.526841660e-12	3.844997411e-12	3.753966585e-12	3.332195448e-12	3.828946446e-12	3.613577157e-12	3.811086922e-12	3.479216261e-12	3.509283562e-12	3.473413799e-12	3.449751813e-12	3.926910084e-12	3.678609941e-12	3.544098331e-12	3.186832481e-12	3.305895979e-12	3.389541854e-12	3.233101461e-12	3.291804287e-12	3.176960761e-12	3.151866999e-12	3.559847870e-12	3.282610776e-12	3.831131789e-12	3.767078641e-12	3.901967034e-12	3.922011902e-12	3.783732460e-12	4.452145893e-12	4.678894036e-12	4.918754234e-12	5.524395583e-12	4.987780920e-12	5.870659363e-12	6.025065127e-12	6.628671847e-12	7.954948784e-12	1.189173059e-11	2.290457664e-11	7.486222922e-11	1.609333071e-10	1.945569896e-10	1.791896599e-10	4.878461036e-11	5.194521873e-11	5.613972026e-11	6.041153771e-11	6.664036720e-11	7.649528305e-11	1.262389574e-11	8.194582912e-12	7.034844159e-12	5.038194515e-12	4.684922567e-12	4.742344330e-12	4.391333082e-12	3.733544935e-12	4.044541805e-12	4.005356350e-12	3.579892737e-12	3.702724067e-12	4.060442057e-12	3.606795059e-12	3.179447530e-12	3.626463143e-12	3.027754606e-12	3.374696595e-12	3.722844291e-12	3.437619393e-12	3.194368146e-12	3.244178888e-12	3.232197181e-12	3.026548899e-12	3.459924960e-12	3.454122498e-12	3.262867335e-12	3.593607647e-12	3.609055759e-12	3.210720538e-12	3.088868844e-12	3.096253795e-12	2.879829513e-12	2.929640255e-12	2.764232421e-12	2.957823640e-12	2.398074487e-12	2.943505877e-12	2.844336534e-12	2.971387836e-12	3.244480314e-12	2.770939162e-12	3.102508397e-12	2.564763384e-12	2.685107945e-12	2.829717345e-12	2.588274657e-12	2.617362322e-12	2.827456645e-12	3.205897712e-12	3.371606973e-12	3.057746550e-12	3.325262637e-12	2.854735751e-12	2.489406740e-12	2.992035556e-12	2.930393821e-12	3.098213068e-12	3.329407252e-12	2.903491499e-12	3.238602496e-12	3.443723281e-12	3.352164959e-12	2.865662464e-12	2.617513035e-12	2.695356448e-12	2.741776141e-12	2.518117621e-12	2.723464477e-12	2.315182178e-12	2.813892449e-12	2.363787214e-12	2.762725288e-12	2.422866823e-12	2.591062853e-12	2.433115327e-12	3.102885180e-12	2.528516838e-12	2.651875665e-12	2.478555383e-12	2.959933626e-12	2.924968143e-12	2.983143472e-12	2.994899109e-12	3.134082831e-12	3.032276004e-12	2.704625315e-12	2.483453565e-12	3.243500678e-12
1.847368132e-12	1.499898645e-12	1.926869391e-12	2.095743631e-12	1.769600075e-12	2.097552190e-12	2.093030791e-12	2.117370988e-12	1.901248132e-12	1.776758956e-12	2.311941843e-12	2.833937317e-12	2.870183863e-12	2.372377871e-12	2.099210036e-12	1.900946706e-12	2.144122596e-12	2.291972332e-12	2.804322156e-12	2.197173674e-12	2.355196557e-12	2.181876275e-12	2.190768359e-12	2.131914820e-12	2.372528585e-12	2.409604054e-12	2.419249704e-12	1.799441306e-12	2.160701058e-12	1.679398172e-12	1.822575796e-12	1.948948888e-12	1.768921865e-12	1.545489415e-12	1.229292936e-12	1.842394593e-12	1.945783909e-12	1.913606622e-12	2.033800469e-12	2.051659994e-12	2.201242932e-12	2.078939099e-12	1.594546590e-12	1.164561579e-12	1.779095012e-12	1.302916377e-12	1.723029669e-12	1.877134006e-12	1.408038896e-12	1.035777074e-12	1.612632185e-12	1.347301441e-12	1.152655229e-12	1.054164095e-12	1.222962978e-12	9.499458563e-13	1.382492994e-12	1.470961694e-12	1.552874366e-12	1.406381050e-12	1.424768071e-12	1.952566007e-12	1.300881748e-12	1.800571656e-12	1.209700209e-12	1.291914307e-12	1.407059260e-12	1.302087454e-12	1.573748157e-12	1.952415293e-12	1.795673474e-12	1.994991797e-12	1.867789782e-12	1.591230898e-12	1.823404719e-12	2.170045282e-12	1.913531265e-12	1.268779818e-12	1.477819149e-12	1.405476770e-12	1.258154531e-12	9.793349475e-13	1.614591458e-12	1.244439622e-12	1.177372208e-12	1.346171091e-12	1.228690083e-12	1.465988155e-12	1.768620438e-12	1.564102506e-12	1.350315707e-12	1.769976858e-12	1.992505028e-12	1.866584076e-12	1.902152412e-12	1.647522311e-12	1.986551853e-12	2.000417476e-12	2.083611211e-12	2.209306093e-12	2.348113032e-12	2.294835885e-12	2.091222232e-12	1.772765054e-12	2.046008246e-12	2.347886962e-12	1.773217194e-12	1.938172888e-12	1.763722257e-12	1.801928075e-12	1.515497471e-12	1.423713078e-12	1.412334225e-12	1.383472630e-12	1.518361023e-12	2.046083602e-12	1.924910118e-12	1.845408859e-12	2.202071856e-12	2.418496138e-12	2.091523659e-12	2.493702068e-12	2.499956670e-12	2.531531104e-12	2.356628333e-12	2.216012835e-12	2.189487296e-12	1.972686231e-12	2.160022848e-12	1.876681866e-12	1.947291042e-12	1.856787712e-12	1.933576132e-12	2.168387436e-12	2.420907550e-12	2.469060446e-12	2.758806743e-12	2.595056755e-12	3.086382075e-12	2.845014744e-12	2.722258770e-12	2.871615639e-12	3.419910582e-12	3.385020456e-12	3.459924960e-12	3.254427391e-12	3.827740740e-12	4.370007151e-12	5.066830040e-12	7.054889026e-12	1.096378887e-11	5.000003768e-11	7.506132147e-11	1.449054010e-10	1.681790745e-10	1.639759070e-10	1.488234190e-10	3.606734774e-11	3.798231078e-11	4.106530181e-11	4.428755191e-11	4.812290367e-11	5.503936254e-11	6.299061885e-12	3.789685635e-12	3.303559923e-12	2.624069063e-12	2.443363830e-12	2.132366960e-12	2.164619603e-12	2.330178151e-12	2.463408698e-12	2.336884892e-12	2.609902014e-12	1.542399793e-12	2.167709226e-12	1.684823850e-12	1.831693950e-12	1.745259879e-12	2.041486847e-12	2.162584974e-12	1.858370202e-12	1.726646788e-12	1.410902449e-12	1.491232631e-12	1.673821780e-12	1.229066866e-12	1.547900828e-12	1.990018259e-12	1.363427763e-12	1.194402810e-12	1.285433636e-12	1.145647061e-12	1.359810644e-12	1.632526339e-12	1.582037387e-12	1.683693500e-12	1.904714538e-12	1.498466869e-12	1.174282586e-12	1.613913248e-12	1.146777411e-12	1.441874029e-12	1.811121586e-12	1.411656015e-12	1.308718839e-12	9.258317301e-13	1.068406501e-12	1.082046053e-12	1.033214948e-12	1.610974339e-12	1.235848964e-12	9.871720385e-13	1.028919619e-12	1.343835035e-12	1.072098976e-12	1.977358343e-12	1.460939260e-12	1.973665867e-12	1.844353866e-12	1.454232519e-12	1.569829611e-12	1.969521252e-12	2.136511575e-12	2.037191518e-12	2.180595212e-12	2.057763882e-12	1.624387821e-12	2.006295294e-12	1.817150117e-12	1.732147823e-12	1.929732944e-12	2.030786203e-12	1.617982507e-12	1.869899768e-12	1.624990675e-12	1.791152075e-12	1.424240575e-12	2.198756163e-12	1.537878394e-12	1.704039794e-12	2.019256637e-12	1.669978591e-12	1.413992071e-12	1.359735287e-12	1.395303623e-12	1.436674421e-12	1.119046166e-12	1.648351234e-12	1.506530030e-12	1.010909381e-12
3.999930672e-13	1.921594426e-13	5.705251529e-13	7.531143017e-13	1.642021276e-13	-1.384301553e-13	2.387298487e-13	6.965214619e-13	1.948722818e-13	4.596001727e-13	4.745207883e-13	5.353336001e-13	8.765484848e-13	7.338983575e-13	5.643459081e-13	2.343591633e-13	2.295363381e-13	3.263696258e-13	2.101696806e-13	4.250114730e-13	3.742210949e-13	5.566595304e-13	3.631436682e-13	2.308174011e-13	5.727104956e-13	1.238486447e-12	6.598981329e-13	8.553732678e-13	4.648751378e-13	4.682661868e-13	5.056430823e-13	2.574936531e-13	6.840876157e-13	5.956189154e-13	3.614858220e-13	4.095633610e-13	8.762470583e-13	2.414426879e-13	4.005205637e-13	7.420368750e-13	9.154325132e-13	7.329940777e-13	1.066974725e-12	6.675091539e-13	6.467860768e-13	4.441520607e-13	5.437735442e-13	8.647928484e-13	5.296818518e-13	8.383426663e-13	1.120251872e-12	1.006387983e-12	1.059363704e-12	1.113695844e-12	9.525833388e-13	5.988592511e-13	5.458835303e-13	5.618591388e-13	1.327030504e-13	6.707494896e-13	4.595248161e-13	5.161930125e-13	3.727139620e-13	7.844626657e-13	6.458064404e-13	9.603450731e-13	8.290737990e-13	8.878519815e-13	3.657057941e-13	1.061172263e-12	1.445867931e-12	1.261620936e-12	1.706074424e-12	1.430947316e-12	1.118217243e-12	5.321686210e-13	8.687867505e-13	4.352599767e-13	7.216152245e-13	9.931252134e-13	5.368407330e-13	9.708196467e-13	7.017210704e-13	9.577075906e-13	9.175424993e-13	8.130228338e-13	9.830274230e-13	9.195771287e-13	6.959186088e-13	3.715082557e-13	4.827346625e-13	5.972014049e-13	4.652519210e-13	5.175494321e-13	9.354773806e-13	8.551471979e-13	1.004805493e-12	5.476920897e-13	6.432443145e-13	8.797888205e-13	1.038188487e-12	1.097343452e-12	9.005118977e-13	1.052280179e-12	9.845345559e-13	1.031104962e-12	1.364105973e-12	1.067125438e-12	6.816762030e-13	5.589202297e-13	1.244062838e-12	8.225177710e-13	1.057781214e-12	1.079483928e-12	1.441949386e-12	1.409470672e-12	9.157339398e-13	9.211596182e-13	1.347527511e-12	7.854423021e-13	7.650960081e-13	8.598193098e-13	1.606679010e-12	1.081744627e-12	1.043915592e-12	1.396358616e-12	8.721777995e-13	1.036003144e-12	9.100821915e-13	1.221380489e-12	9.444448212e-13	1.273075146e-12	9.119661076e-13	1.029899256e-12	7.722548893e-13	1.207891649e-12	1.515798897e-12	1.142180655e-12	8.794873940e-13	1.193649243e-12	1.391008295e-12	1.181290754e-12	1.395831120e-12	1.455588939e-12	1.291989664e-12	1.767866872e-12	1.653249416e-12	2.027244441e-12	3.089170271e-12	4.359155795e-12	1.088059514e-11	4.460834515e-11	6.216237398e-11	1.136750456e-10	1.335780164e-10	1.397694690e-10	1.357127947e-10	3.844062989e-11	4.191027586e-11	4.674493208e-11	5.113212054e-11	5.649465006e-11	6.329038758e-11	7.140682565e-11	4.755735206e-11	1.520591580e-11	1.077750725e-11	8.309125011e-12	6.739446114e-12	6.153246779e-12	5.497870044e-12	5.531855891e-12	4.661562008e-12	4.806849618e-12	3.988853245e-12	4.139867960e-12	3.730681382e-12	3.529931282e-12	3.627367423e-12	3.460377100e-12	3.569342807e-12	3.448244680e-12	3.020218941e-12	3.373943029e-12	3.058198690e-12	3.142070635e-12	2.836198016e-12	2.580512923e-12	3.018561095e-12	2.395964501e-12	2.485412838e-12	2.867546380e-12	2.388579550e-12	2.304180108e-12	2.563557678e-12	2.830998408e-12	2.444268110e-12	2.414050096e-12	2.389031690e-12	2.357231186e-12	2.254896863e-12	2.782996225e-12	2.380139606e-12	2.259795045e-12	2.115939211e-12	2.408549061e-12	2.306365451e-12	1.808559460e-12	2.317367521e-12	2.594303188e-12	2.936346996e-12	2.316764668e-12	2.308324724e-12	2.919241038e-12	2.667173063e-12	2.279463129e-12	2.506286628e-12	2.869354940e-12	2.695883945e-12	2.487899607e-12	2.172682764e-12	2.391593816e-12	2.042541840e-12	2.134175519e-12	2.525502572e-12	2.316764668e-12	2.623616923e-12	2.468759019e-12	2.218122821e-12	2.241784807e-12	2.489029957e-12	2.009987770e-12	2.171929198e-12	2.274489591e-12	2.147438289e-12	2.668454126e-12	2.412542963e-12	2.273811381e-12	1.622428549e-12	2.277127073e-12	2.333493843e-12	2.158741785e-12	2.215636052e-12	2.226185982e-12	1.906070957e-12	2.354895130e-12	1.925965111e-12	2.052564274e-12	1.824987208e-12	2.292575185e-12	2.161680694e-12
4.363752550e-12	3.762632599e-12	3.866775482e-12	3.762934026e-12	3.852683789e-12	4.129393387e-12	3.655400095e-12	3.947934587e-12	3.619831759e-12	3.696092683e-12	3.999177105e-12	3.902268461e-12	3.762406530e-12	4.164057443e-12	4.025024434e-12	3.512071758e-12	3.344704651e-12	3.795186670e-12	4.291184102e-12	4.086364743e-12	4.696527490e-12	3.953737049e-12	3.939268573e-12	4.137079764e-12	4.518309027e-12	4.144238645e-12	4.568948692e-12	3.908598419e-12	4.304070088e-12	3.709958305e-12	3.934671818e-12	4.078150869e-12	4.107841386e-12	4.046199651e-12	3.963231986e-12	3.913270531e-12	3.815382250e-12	3.833844628e-12	3.595265493e-12	3.680870641e-12	3.763009383e-12	3.018184312e-12	3.607171843e-12	3.612145381e-12	4.367520382e-12	3.968356238e-12	4.582136105e-12	5.149420922e-12	5.043469480e-12	5.080846376e-12	4.964269647e-12	4.883939465e-12	5.234272503e-12	4.066545945e-12	4.624863322e-12	5.098479830e-12	4.722073393e-12	5.054697620e-12	4.601502762e-12	5.102850516e-12	5.121538964e-12	5.261024112e-12	4.744755743e-12	4.213340688e-12	4.445213082e-12	5.207294825e-12	4.546492412e-12	5.189812083e-12	5.014909312e-12	4.614087322e-12	4.860654261e-12	4.694643574e-12	4.420797530e-12	4.243407989e-12	4.612956972e-12	4.423962509e-12	3.865720489e-12	4.031580462e-12	4.236249108e-12	4.146047205e-12	3.803325187e-12	4.302035458e-12	4.870224555e-12	4.389147739e-12	4.122686645e-12	3.793302754e-12	3.748616264e-12	4.115603121e-12	4.074609106e-12	4.151925023e-12	4.280558815e-12	3.922464042e-12	4.166468855e-12	3.906262363e-12	4.111609219e-12	4.299473332e-12	4.591103545e-12	4.219369220e-12	3.748917690e-12	4.189377275e-12	3.462261016e-12	3.746807704e-12	3.841003509e-12	3.901514895e-12	3.910783762e-12	3.951627063e-12	4.005657777e-12	4.074533750e-12	4.437300635e-12	3.719151816e-12	3.621188178e-12	3.411998134e-12	4.014474504e-12	3.455252848e-12	3.422548064e-12	3.327071196e-12	3.443723281e-12	3.755624432e-12	3.664367535e-12	3.956073105e-12	3.777854642e-12	4.118617386e-12	4.361265781e-12	4.351243347e-12	4.369102872e-12	4.075739456e-12	4.069560211e-12	4.457420859e-12	4.417029697e-12	3.950798140e-12	4.175888436e-12	4.060743484e-12	4.500148076e-12	4.251169724e-12	4.098346449e-12	3.711088655e-12	4.415899348e-12	4.090207932e-12	3.835125691e-12	3.552688989e-12	3.550428289e-12	4.012439875e-12	3.653064039e-12	3.581249157e-12	3.704005130e-12	3.787877075e-12	4.508814090e-12	4.982807382e-12	7.436645785e-12	1.091232028e-11	2.266697714e-11	6.733862186e-11	1.136507807e-10	1.502646902e-10	1.691899085e-10	1.735408505e-10	4.376661143e-11	4.613936608e-11	5.020779595e-11	5.496136842e-11	5.983392903e-11	6.631022974e-11	7.280032072e-11	8.036808706e-11	9.111786307e-11	1.017034369e-10	3.214352728e-11	2.307601300e-11	1.885649307e-11	1.808996528e-11	1.636625740e-11	1.506590315e-11	1.321099936e-11	1.328258817e-11	1.265125020e-11	1.185465512e-11	1.112339424e-11	1.066620548e-11	1.049333734e-11	9.806913671e-12	9.213555455e-12	9.195093077e-12	9.261557637e-12	9.021019229e-12	8.862393493e-12	8.928179843e-12	8.200385374e-12	8.410856481e-12	8.117719135e-12	8.149368926e-12	8.270994549e-12	7.772359635e-12	8.230452675e-12	8.240927248e-12	7.760754712e-12	7.367694456e-12	7.430014401e-12	7.471988051e-12	7.066192523e-12	7.053532606e-12	7.201985195e-12	7.280657532e-12	7.302586315e-12	7.725487802e-12	7.524511632e-12	7.254734846e-12	7.508536024e-12	7.827445342e-12	7.881099273e-12	7.739127355e-12	8.265644228e-12	7.881249986e-12	7.171541111e-12	7.080962425e-12	7.102966565e-12	7.235518902e-12	6.811637779e-12	6.992795151e-12	6.607119846e-12	6.518123650e-12	6.665596602e-12	6.972072074e-12	7.153756943e-12	7.329865421e-12	7.278698259e-12	7.212836552e-12	7.140870957e-12	7.269806175e-12	6.937935514e-12	6.951951850e-12	7.266942623e-12	7.356466316e-12	7.346217812e-12	7.112235432e-12	7.703408306e-12	7.048257641e-12	7.722096753e-12	7.205677671e-12	7.417203771e-12	7.610945703e-12	7.167396496e-12	7.327830791e-12	7.416676275e-12	7.012840019e-12	6.676523316e-12	7.363399127e-12	7.338531435e-12	7.171239685e-12	7.569198122e-12	7.586002654e-12	7.416977701e-12
1.277747258e-11	1.373924943e-11	1.288530794e-11	1.365319215e-11	1.362033665e-11	1.475015881e-11	1.418385363e-11	1.524012771e-11	1.438256910e-11	1.373924943e-11	1.354565821e-11	1.360609424e-11	1.360292926e-11	1.432740804e-11	1.452454102e-11	1.418897789e-11	1.365206180e-11	1.452295853e-11	1.386826001e-11	1.373427589e-11	1.311107645e-11	1.412447260e-11	1.289487823e-11	1.373088485e-11	1.401302012e-11	1.299563007e-11	1.358800865e-11	1.301288674e-11	1.375680753e-11	1.410058454e-11	1.400842337e-11	1.444978723e-11	1.418905324e-11	1.395740692e-11	1.399945593e-11	1.425830600e-11	1.404542348e-11	1.383743914e-11	1.360986207e-11	1.338040109e-11	1.357436910e-11	1.307400098e-11	1.398732351e-11	1.331521760e-11	1.298101088e-11	1.372176669e-11	1.267785110e-11	1.387647388e-11	1.432047523e-11	1.342101832e-11	1.460939260e-11	1.455521118e-11	1.258433350e-11	1.376411713e-11	1.319856551e-11	1.359335897e-11	1.372214347e-11	1.367421665e-11	1.341853156e-11	1.389297699e-11	1.275946235e-11	1.388762667e-11	1.412869257e-11	1.381618857e-11	1.318786487e-11	1.321069793e-11	1.242291957e-11	1.378506627e-11	1.385567545e-11	1.363819617e-11	1.459914410e-11	1.447962846e-11	1.466357403e-11	1.480012027e-11	1.522279569e-11	1.444074443e-11	1.463101996e-11	1.458625811e-11	1.417850331e-11	1.451271003e-11	1.458768989e-11	1.405288379e-11	1.426425917e-11	1.366615349e-11	1.405476770e-11	1.402568004e-11	1.391724183e-11	1.456214399e-11	1.453637201e-11	1.419493106e-11	1.495663602e-11	1.435122074e-11	1.474465778e-11	1.500350785e-11	1.412771293e-11	1.414029749e-11	1.419982924e-11	1.388031707e-11	1.388709917e-11	1.417661940e-11	1.357549944e-11	1.320474476e-11	1.350858274e-11	1.383766521e-11	1.418573755e-11	1.418453184e-11	1.454744944e-11	1.403087965e-11	1.341792870e-11	1.400782051e-11	1.408483500e-11	1.417767439e-11	1.436975847e-11	1.432801089e-11	1.455935579e-11	1.494005756e-11	1.492777442e-11	1.516884033e-11	1.504894791e-11	1.544095317e-11	1.522580995e-11	1.547667222e-11	1.483938108e-11	1.488572542e-11	1.489846069e-11	1.461067367e-11	1.442921487e-11	1.496025314e-11	1.502204559e-11	1.477118332e-11	1.499243043e-11	1.522573460e-11	1.454699730e-11	1.500478891e-11	1.531623793e-11	1.549566209e-11	1.522920100e-11	1.554336285e-11	1.585157153e-11	1.601434188e-11	1.672925036e-11	1.688614289e-11	1.718463056e-11	1.774513328e-11	1.912174846e-11	2.080890836e-11	2.353945636e-11	3.025531585e-11	4.300686574e-11	6.433475531e-11	1.058714883e-10	1.738684258e-10	2.229907093e-10	2.462777962e-10	2.583549795e-10	2.578311001e-10	2.472460538e-10	2.314129446e-10	5.856266244e-11	6.117361945e-11	6.354818266e-11	6.979931772e-11	7.627215203e-11	8.440720319e-11	9.281542219e-11	1.014382569e-10	1.129312001e-10	1.286805881e-10	7.549168326e-11	5.654966041e-11	5.027207516e-11	4.505430577e-11	4.143861862e-11	3.849842844e-11	3.564542589e-11	3.378931639e-11	3.155145013e-11	3.113186433e-11	2.950762722e-11	2.874855975e-11	2.881238682e-11	2.663842300e-11	2.657421914e-11	2.575569527e-11	2.511968519e-11	2.522827411e-11	2.546150293e-11	2.469670835e-11	2.380501318e-11	2.321534744e-11	2.804616047e-11	2.726636991e-11	2.707277869e-11	2.674980012e-11	2.665605645e-11	2.631039552e-11	2.613436240e-11	2.626118764e-11	2.679275340e-11	2.641604554e-11	2.622622215e-11	2.627203899e-11	2.615953152e-11	2.555946657e-11	2.547310785e-11	2.602645169e-11	2.597980593e-11	2.557649717e-11	2.521297672e-11	2.524259188e-11	2.525856749e-11	2.508456899e-11	2.428428143e-11	2.407569424e-11	2.404404445e-11	2.478834203e-11	2.461713173e-11	2.407147427e-11	2.449739002e-11	2.502963400e-11	2.492428541e-11	2.547582069e-11	2.486769257e-11	2.490107557e-11	2.487115898e-11	2.467266958e-11	2.453755511e-11	2.435993950e-11	2.481984110e-11	2.409649268e-11	2.479097951e-11	2.454607041e-11	2.352815287e-11	2.405142940e-11	2.434532031e-11	2.390960820e-11	2.396130286e-11	2.403952305e-11	2.436536518e-11	2.383070979e-11	2.389197474e-11	2.322951448e-11	2.332612170e-11	2.320818855e-11	2.296501266e-11	2.310901921e-11	2.331745569e-11	2.391186890e-11	2.351579438e-11	2.293049932e-11	1.920546969e-11
3.261103990e-11	3.217871883e-11	3.271314815e-11	3.222875564e-11	3.194413360e-11	3.263515403e-11	3.298119174e-11	3.331050027e-11	3.264374468e-11	3.328118654e-11	3.279913008e-11	3.253688896e-11	3.249046927e-11	3.241420834e-11	3.248700286e-11	3.115635524e-11	3.095598192e-11	3.063338013e-11	3.057445123e-11	3.242860146e-11	3.142831737e-11	3.225015693e-11	3.316830228e-11	3.232159503e-11	3.222423424e-11	3.211361069e-11	3.144662903e-11	3.165514087e-11	3.246160767e-11	3.225038300e-11	3.201994238e-11	3.206741707e-11	3.267712768e-11	3.208399553e-11	3.285157831e-11	3.186907838e-11	3.115884201e-11	3.180713522e-11	3.200441891e-11	3.242596398e-11	3.198007872e-11	3.231903290e-11	3.279438261e-11	3.235723872e-11	3.244939990e-11	3.161844218e-11	3.184323105e-11	3.201067352e-11	3.207638451e-11	3.237796180e-11	3.231745041e-11	3.236854222e-11	3.283168415e-11	3.184074428e-11	3.195852672e-11	3.213041522e-11	3.240478876e-11	3.302075397e-11	3.258534328e-11	3.224608767e-11	3.332926407e-11	3.286016896e-11	3.191896448e-11	3.326008668e-11	3.307892930e-11	3.257923940e-11	3.330763672e-11	3.292294105e-11	3.235987620e-11	3.303145462e-11	3.200765925e-11	3.271375101e-11	3.267946373e-11	3.290839722e-11	3.299008382e-11	3.339979789e-11	3.279234798e-11	3.252679117e-11	3.256582591e-11	3.354938083e-11	3.274615436e-11	3.258036974e-11	3.256446949e-11	3.167164397e-11	3.229484342e-11	3.170781516e-11	3.159673947e-11	3.240004130e-11	3.244970132e-11	3.252505797e-11	3.303175604e-11	3.206078568e-11	3.196523346e-11	3.175204951e-11	3.175634484e-11	3.269875503e-11	3.193531687e-11	3.161618148e-11	3.196312347e-11	3.233455637e-11	3.152492459e-11	3.160661119e-11	3.117964044e-11	3.179289281e-11	3.133932117e-11	3.100925907e-11	3.142477561e-11	3.095500229e-11	3.162379250e-11	3.154014663e-11	3.180819021e-11	3.117722903e-11	3.099162562e-11	3.160269264e-11	3.175046702e-11	3.192318445e-11	3.210645181e-11	3.188339614e-11	3.191647771e-11	3.135816033e-11	3.130744531e-11	3.160646048e-11	3.143298948e-11	3.186711911e-11	3.218165774e-11	3.173825925e-11	3.164504308e-11	3.068296480e-11	3.148521164e-11	3.181723301e-11	3.210117684e-11	3.266597489e-11	3.235603302e-11	3.233990669e-11	3.262076091e-11	3.219190624e-11	3.321924337e-11	3.416187964e-11	3.372805144e-11	3.487226672e-11	3.595514170e-11	3.627307138e-11	3.766626502e-11	3.881718704e-11	4.293490015e-11	4.997833496e-11	6.167300793e-11	8.102414201e-11	1.047344319e-10	1.439181536e-10	1.955757361e-10	2.430998558e-10	2.729546511e-10	2.896683027e-10	3.025518020e-10	3.054774484e-10	3.005959203e-10	2.870807816e-10	2.701780602e-10	6.362105254e-11	6.798322260e-11	7.383391245e-11	7.933125500e-11	8.564900533e-11	9.330508966e-11	1.015063793e-10	1.099838511e-10	1.187271057e-10	1.275687008e-10	1.471208864e-10	1.693985711e-10	1.474292458e-10	1.177268970e-10	1.063191068e-10	9.833891349e-11	9.567776896e-11	9.373198505e-11	8.767587299e-11	8.541283761e-11	8.098141479e-11	8.191530968e-11	7.526666832e-11	7.263295361e-11	7.204795998e-11	6.041492875e-11	5.896777976e-11	5.872385030e-11	5.629894885e-11	5.580408177e-11	5.447215308e-11	5.436409165e-11	5.326237752e-11	5.250187826e-11	5.146112765e-11	5.146225800e-11	5.116806566e-11	5.069723735e-11	5.002166504e-11	4.990569116e-11	4.989890906e-11	4.982611454e-11	4.919168696e-11	4.895770458e-11	4.853359738e-11	4.802825573e-11	4.803948387e-11	4.816502804e-11	4.713437521e-11	4.684108716e-11	4.657055680e-11	4.629467613e-11	4.655827367e-11	4.622843764e-11	4.671878332e-11	4.538647785e-11	4.573628340e-11	4.520102515e-11	4.481459628e-11	4.508377021e-11	4.497955197e-11	4.498633407e-11	4.505083936e-11	4.499266403e-11	4.428069446e-11	4.456004154e-11	4.606544122e-11	4.633145017e-11	4.637236883e-11	4.665721694e-11	4.621095490e-11	4.608706857e-11	4.518497419e-11	4.593929419e-11	4.509334051e-11	4.489032971e-11	4.589799875e-11	4.592573000e-11	4.607727221e-11	4.632836055e-11	4.593213531e-11	4.748500968e-11	4.815990378e-11	4.797294395e-11	4.775719788e-11	4.799848985e-11	4.773338518e-11	4.747898115e-11	4.759917500e-11	4.646015932e-11	4.667613146e-11	4.656430220e-11
6.102750291e-11	6.097219114e-11	6.114325072e-11	6.208611305e-11	6.133525945e-11	6.216764894e-11	6.197315344e-11	6.156042510e-11	6.151792395e-11	6.170932983e-11	6.155093016e-11	6.220992402e-11	6.409677903e-11	6.380740952e-11	6.215091977e-11	6.182417336e-11	6.133254661e-11	6.233840710e-11	6.250215708e-11	6.253516329e-11	6.258030192e-11	6.222514606e-11	6.276861818e-11	6.229869414e-11	6.309626887e-11	6.318564185e-11	6.357493427e-11	6.329227150e-11	6.325165427e-11	6.280072011e-11	6.328488655e-11	6.266206388e-11	6.236252122e-11	6.279529443e-11	6.472623308e-11	6.611430246e-11	6.682348384e-11	6.632741105e-11	6.628430705e-11	6.621663679e-11	6.644074745e-11	6.609350403e-11	6.577821183e-11	6.613690946e-11	6.607541844e-11	6.466903739e-11	6.471251817e-11	6.460897814e-11	6.428931526e-11	6.452804511e-11	6.429021954e-11	6.511997155e-11	6.544430654e-11	6.517746866e-11	6.536578492e-11	6.518560718e-11	6.533187443e-11	6.601174207e-11	6.599177256e-11	6.585228741e-11	6.629221950e-11	6.639809559e-11	6.692227640e-11	6.695701582e-11	6.650125883e-11	6.666071349e-11	6.710494091e-11	6.828977343e-11	6.759588945e-11	6.830800973e-11	6.761849644e-11	6.750161828e-11	6.781653370e-11	6.744080547e-11	6.780040738e-11	6.778804889e-11	6.783959283e-11	6.749574047e-11	6.761307076e-11	6.824659407e-11	6.837500179e-11	6.841998971e-11	6.897333354e-11	6.876519849e-11	6.818125986e-11	6.796370523e-11	6.775858444e-11	6.803793152e-11	6.851418551e-11	6.847982288e-11	6.811720671e-11	6.814049191e-11	6.823159810e-11	6.801344061e-11	6.799934892e-11	6.809045510e-11	6.733304547e-11	6.745444502e-11	6.798073583e-11	6.665498639e-11	6.661708199e-11	6.736710667e-11	6.686817033e-11	6.703011176e-11	6.699258415e-11	6.656561341e-11	6.682009279e-11	6.698241101e-11	6.649673743e-11	6.708979422e-11	6.684812547e-11	6.631595684e-11	6.656621626e-11	6.672815769e-11	6.609154476e-11	6.612907237e-11	6.561483863e-11	6.595567673e-11	6.653871108e-11	6.598815544e-11	6.682295635e-11	6.650284132e-11	6.621347181e-11	6.521620198e-11	6.612975058e-11	6.634836020e-11	6.657450549e-11	6.679469761e-11	6.729581929e-11	6.842194898e-11	6.833076744e-11	6.835940296e-11	6.935071962e-11	7.004784393e-11	7.076636954e-11	7.121255623e-11	7.169370840e-11	7.357234954e-11	7.487285450e-11	7.740694773e-11	7.994277416e-11	8.256699394e-11	8.842017056e-11	9.402014886e-11	1.006283237e-10	1.143553654e-10	1.368163174e-10	1.658748944e-10	1.991661787e-10	2.386896836e-10	2.795306487e-10	3.174449124e-10	3.497656032e-10	3.698363178e-10	3.768572210e-10	3.725785461e-10	3.566998462e-10	3.459323614e-10	3.290766626e-10	3.100454174e-10	9.770719874e-11	7.426645959e-11	8.104154939e-11	8.642743946e-11	9.217775427e-11	9.974069779e-11	1.069323591e-10	1.153665008e-10	1.228231161e-10	1.334010790e-10	1.425250354e-10	1.525982594e-10	1.718750918e-10	1.976078033e-10	2.165092090e-10	2.138161132e-10	2.079216411e-10	1.954232896e-10	1.926033686e-10	1.887097661e-10	1.877648692e-10	1.858566129e-10	1.827084384e-10	1.768714634e-10	1.785088126e-10	1.765311528e-10	1.739757337e-10	1.721828484e-10	1.656531198e-10	1.684583462e-10	1.632156338e-10	1.623225822e-10	1.618475339e-10	1.643678369e-10	1.611100938e-10	1.608903538e-10	1.596870589e-10	1.620155039e-10	1.631288229e-10	1.651834972e-10	1.630209122e-10	1.590371832e-10	1.564664667e-10	8.617077473e-11	1.608125104e-10	1.589770486e-10	1.624801529e-10	1.666702084e-10	1.607807853e-10	1.580121068e-10	1.600229988e-10	8.358558970e-11	1.564342894e-10	1.552056747e-10	1.558660249e-10	1.560997812e-10	1.610691751e-10	1.579739010e-10	1.648883252e-10	1.575419567e-10	1.631481142e-10	1.615460320e-10	1.544703445e-10	1.567920827e-10	1.562575027e-10	1.595689751e-10	1.548535331e-10	1.552867584e-10	1.536179102e-10	1.550197698e-10	1.538836177e-10	1.538401369e-10	1.421741748e-10	1.573243267e-10	1.539909256e-10	1.547163086e-10	1.559795120e-10	1.542629630e-10	1.533215325e-10	1.549533806e-10	1.543738127e-10	1.546530090e-10	1.540548280e-10	1.525552308e-10	1.593848788e-10	1.537138392e-10	1.585919762e-10	1.547925695e-10	1.573999848e-10	1.546856385e-10	1.567771621e-10
1.136951658e-10	1.138954638e-10	1.137869502e-10	1.131546326e-10	1.139286960e-10	1.719944568e-10	2.141043524e-10	2.171976673e-10	2.199498426e-10	1.423144889e-10	1.154699655e-10	1.148432243e-10	1.937521806e-10	2.163150149e-10	2.198527833e-10	2.201608412e-10	2.263503345e-10	2.170937504e-10	2.126437145e-10	2.110906895e-10	2.148092384e-10	1.689397245e-10	1.969410477e-10	1.132774639e-10	1.124707710e-10	1.129606646e-10	1.133648776e-10	1.146258204e-10	1.142886747e-10	1.122642938e-10	1.006815255e-10	1.137151353e-10	1.135118984e-10	1.130884695e-10	1.131999973e-10	1.130084407e-10	1.139752664e-10	1.136627624e-10	1.142256012e-10	1.129987197e-10	1.127622505e-10	1.125213353e-10	1.123324916e-10	1.129987197e-10	1.121168962e-10	1.128984954e-10	1.126936760e-10	1.123575100e-10	1.123387462e-10	1.123785345e-10	1.127644359e-10	1.131224553e-10	1.137208624e-10	1.134385011e-10	1.121887865e-10	1.129506422e-10	1.122648967e-10	1.135320940e-10	1.137696182e-10	1.131232089e-10	1.136622349e-10	1.127107820e-10	1.132753539e-10	1.117498340e-10	1.119402603e-10	1.129406951e-10	1.136078274e-10	1.137365366e-10	1.137743656e-10	1.132304414e-10	1.122131267e-10	1.123201331e-10	1.130166546e-10	1.126219365e-10	1.117411680e-10	1.123367116e-10	1.123551739e-10	1.117011536e-10	1.120595498e-10	1.118514901e-10	1.117951987e-10	1.116211249e-10	1.112848835e-10	1.114264033e-10	1.105646247e-10	1.104521173e-10	1.099439120e-10	1.077866774e-10	1.098663701e-10	1.097592129e-10	1.103891945e-10	1.108062935e-10	1.097041272e-10	1.105414149e-10	1.102425504e-10	1.088073831e-10	1.093770794e-10	1.095114403e-10	1.098298974e-10	1.095974976e-10	1.083498930e-10	1.074013789e-10	1.084367792e-10	1.085663172e-10	1.085223090e-10	1.079275943e-10	1.087389593e-10	1.078934578e-10	1.077974534e-10	1.072591055e-10	1.072767390e-10	1.069226381e-10	1.070055304e-10	1.064550501e-10	1.066356800e-10	1.061986115e-10	1.070380845e-10	1.073780183e-10	1.072139669e-10	1.083756649e-10	1.079520099e-10	1.078697204e-10	1.088351144e-10	1.098703640e-10	1.092501788e-10	1.093346536e-10	1.101295908e-10	1.106162440e-10	1.127055823e-10	1.144184389e-10	1.149229516e-10	1.153928756e-10	1.166320403e-10	1.171643596e-10	1.189154973e-10	1.200847310e-10	1.229183669e-10	1.254600712e-10	1.270697644e-10	1.300051318e-10	1.340619567e-10	1.392650316e-10	1.458317603e-10	1.537698292e-10	1.649125901e-10	1.809631031e-10	2.061861023e-10	2.334869855e-10	2.651372282e-10	2.929442821e-10	3.214673747e-10	3.502588878e-10	3.732413832e-10	3.898208245e-10	3.953348962e-10	3.917653274e-10	3.856708588e-10	3.741330030e-10	3.596419957e-10	3.440431703e-10	3.246343130e-10	7.452222004e-11	8.097139236e-11	8.527011212e-11	9.104943923e-11	9.766281368e-11	1.041899048e-10	1.114509696e-10	1.183644142e-10	1.262631469e-10	1.348137146e-10	1.445866424e-10	1.529819754e-10	1.639368722e-10	1.778997048e-10	1.896102780e-10	2.097615490e-10	2.401202541e-10	2.622983927e-10	2.659255341e-10	2.633302512e-10	2.619444426e-10	2.596849489e-10	2.586240027e-10	2.574586876e-10	2.557582649e-10	2.550169063e-10	2.537953751e-10	2.521573477e-10	2.483556050e-10	2.476644338e-10	2.466695754e-10	2.457093057e-10	2.456728331e-10	2.430217864e-10	1.931622888e-10	2.426107159e-10	2.405979399e-10	2.235406621e-10	2.425862250e-10	2.456641671e-10	2.418181900e-10	1.858650528e-10	2.364714854e-10	2.309553037e-10	2.339492232e-10	2.281563319e-10	2.292787691e-10	2.289965585e-10	2.268332199e-10	2.361402930e-10	2.271033735e-10	2.284242247e-10	2.263090391e-10	2.302831224e-10	2.214887006e-10	2.186060829e-10	2.191134592e-10	2.217407686e-10	2.207066494e-10	2.208159919e-10	2.200120118e-10	2.285670256e-10	2.231528014e-10	2.288563951e-10	2.314344966e-10	2.193692950e-10	2.242362039e-10	2.272492640e-10	2.257930722e-10	2.264440782e-10	2.277213733e-10	2.334199935e-10	2.334355923e-10	2.332418504e-10	2.383951898e-10	2.372726019e-10	2.279411887e-10	2.272586835e-10	2.308794949e-10	2.244881965e-10	2.301744582e-10	2.291529989e-10	2.282015459e-10	2.308752750e-10	2.283622062e-10	2.287553418e-10	2.289787743e-10	2.261448370e-10	2.300621014e-10	2.254813971e-10
3.082955608e-10	1.496741955e-10	3.121770308e-10	3.077408606e-10	3.155781776e-10	3.084560705e-10	3.177406872e-10	3.164691946e-10	2.691315071e-10	3.152596451e-10	3.171804859e-10	3.142932715e-10	3.195643934e-10	2.645920229e-10	3.124206589e-10	3.198101314e-10	3.204529236e-10	3.174048227e-10	3.233790974e-10	3.195435949e-10	1.554424452e-10	3.287620486e-10	3.280829345e-10	3.220038387e-10	3.242875218e-10	1.561626287e-10	1.559558500e-10	3.280075779e-10	3.252702478e-10	3.352366161e-10	3.357607216e-10	2.787676627e-10	3.290220290e-10	3.337288804e-10	3.321716353e-10	3.327298773e-10	3.320916819e-10	3.342800389e-10	3.396180775e-10	3.357239475e-10	3.353302090e-10	3.435452136e-10	3.423079329e-10	3.394547043e-10	3.376040204e-10	3.393183087e-10	3.393406143e-10	3.392791233e-10	3.368985315e-10	3.460354493e-10	3.400069931e-10	2.173129629e-10	3.424332510e-10	3.379753780e-10	3.458318356e-10	3.506826182e-10	3.491850556e-10	2.662571033e-10	3.490914626e-10	3.425825325e-10	3.469766538e-10	3.500586651e-10	2.730124497e-10	1.665596602e-10	3.460682294e-10	3.450084136e-10	3.458200046e-10	3.480874860e-10	3.217523735e-10	3.505479558e-10	1.651645073e-10	3.517030978e-10	3.550272301e-10	3.566704571e-10	3.233370484e-10	3.546028215e-10	3.539476708e-10	3.547946042e-10	3.562486860e-10	3.572477644e-10	3.618543914e-10	3.522519203e-10	3.528264393e-10	3.113792301e-10	3.595467449e-10	3.504013872e-10	3.605578050e-10	3.619512247e-10	3.623553623e-10	3.599424426e-10	3.629302582e-10	3.660754184e-10	3.657909471e-10	3.637688269e-10	3.651011324e-10	3.417984466e-10	3.674441965e-10	3.648551683e-10	3.649837267e-10	3.715326712e-10	3.712859536e-10	3.659080513e-10	3.706775994e-10	3.713200148e-10	3.682318242e-10	3.665930432e-10	3.716369648e-10	3.739202712e-10	3.668191132e-10	3.648152293e-10	3.694718931e-10	3.718293504e-10	2.302287903e-10	3.625974832e-10	3.693523775e-10	3.676439670e-10	3.601450766e-10	3.636013091e-10	3.629942360e-10	2.506528523e-10	1.874410617e-10	3.423837417e-10	3.343303017e-10	3.254578105e-10	1.784804785e-10	2.586868502e-10	3.087454400e-10	2.959695499e-10	2.979056128e-10	3.037442456e-10	2.716870770e-10	2.811205985e-10	2.539417930e-10	2.563031688e-10	2.535904803e-10	2.420811094e-10	2.540582944e-10	2.581925860e-10	2.565299170e-10	2.353514596e-10	2.633042532e-10	2.650993992e-10	2.702695432e-10	2.795678749e-10	2.809747080e-10	2.952143256e-10	3.128314279e-10	3.253379180e-10	3.318656873e-10	3.322284542e-10	3.501522581e-10	3.601450013e-10	3.644975257e-10	3.733269129e-10	3.769499850e-10	3.795900297e-10	3.757191096e-10	3.756423966e-10	3.706681045e-10	3.665399921e-10	3.590003338e-10	3.480402374e-10	8.215735522e-11	8.700617849e-11	9.333500625e-11	9.882300457e-11	1.045630709e-10	1.107257372e-10	1.165043108e-10	1.230531799e-10	1.310106155e-10	1.371321371e-10	1.449283848e-10	1.503981468e-10	1.603662484e-10	1.668604086e-10	1.736238181e-10	1.822306772e-10	1.910804108e-10	2.005326208e-10	2.122881065e-10	2.296487702e-10	2.484172467e-10	2.642808000e-10	2.815290315e-10	2.953386641e-10	3.038524577e-10	3.109402022e-10	3.160794500e-10	3.137306588e-10	3.226841585e-10	3.234255171e-10	3.263656319e-10	3.261233603e-10	3.263706055e-10	3.290601595e-10	3.294496780e-10	3.071568466e-10	3.292208952e-10	3.317996749e-10	3.303042977e-10	3.308005212e-10	3.326233984e-10	3.317925914e-10	3.307577186e-10	3.322775867e-10	3.342442444e-10	3.324293550e-10	3.355237249e-10	3.343679047e-10	3.364246889e-10	3.366589728e-10	3.356154339e-10	3.377269271e-10	3.354296798e-10	3.374579039e-10	3.355148328e-10	2.745849921e-10	3.376025887e-10	3.385117666e-10	3.387886269e-10	3.388802606e-10	3.382252606e-10	3.395840163e-10	3.396311142e-10	3.398207115e-10	3.416206049e-10	3.421911301e-10	2.541368914e-10	3.398329946e-10	3.427055145e-10	3.438696240e-10	3.419119337e-10	3.430227660e-10	3.435486047e-10	2.880688579e-10	2.404769171e-10	2.391473999e-10	3.097705918e-10	3.150760763e-10	3.175273526e-10	3.204010782e-10	3.254169672e-10	3.237636424e-10	3.385931517e-10	3.434659384e-10	3.356378149e-10	3.338988096e-10	3.373170623e-10	3.451663611e-10	3.396938862e-10
4.302055805e-10	4.315757150e-10	4.314544661e-10	4.309684911e-10	4.312565042e-10	4.310137805e-10	4.312862701e-10	4.316366785e-10	4.307465658e-10	4.312568056e-10	4.304777687e-10	4.309317171e-10	4.320273273e-10	4.328328899e-10	4.322195621e-10	4.081840330e-10	4.320495575e-10	4.325522617e-10	4.283938560e-10	4.287520262e-10	4.256714465e-10	4.261618676e-10	4.250369436e-10	4.043387341e-10	4.065784090e-10	4.060873097e-10	4.057210011e-10	4.057430806e-10	4.048690188e-10	3.342434909e-10	4.239623578e-10	4.275075112e-10	4.291274530e-10	4.308919288e-10	4.324738155e-10	4.344696362e-10	4.332898525e-10	4.353843151e-10	4.343367071e-10	4.348972098e-10	4.350164993e-10	4.358036748e-10	4.356195032e-10	4.359328361e-10	4.369471366e-10	4.361250709e-10	4.372223390e-10	4.372135223e-10	4.364401371e-10	4.402214581e-10	4.402690835e-10	4.397097111e-10	4.214861385e-10	4.411185036e-10	4.414542928e-10	4.424812532e-10	4.379895450e-10	4.389318799e-10	4.380559342e-10	4.375294173e-10	4.375854827e-10	4.389311263e-10	3.838625254e-10	4.361139935e-10	4.376316010e-10	4.382523136e-10	4.390160532e-10	4.375325070e-10	4.377407174e-10	4.347458936e-10	4.361643317e-10	4.379055224e-10	4.374488611e-10	4.377964813e-10	4.388790548e-10	4.357325382e-10	4.380669363e-10	4.373122395e-10	4.383094340e-10	4.365180558e-10	4.372562495e-10	4.373413272e-10	2.985225576e-10	4.376511183e-10	4.383258617e-10	4.364588255e-10	4.372023695e-10	4.375935459e-10	4.382654257e-10	4.356929759e-10	4.374879712e-10	4.370013933e-10	4.366790176e-10	4.363258210e-10	4.371358296e-10	4.364778154e-10	4.365235569e-10	4.391555384e-10	4.375050772e-10	3.599852452e-10	2.638153973e-10	4.387890037e-10	4.383763507e-10	4.391055016e-10	4.381571382e-10	4.378832922e-10	4.392676691e-10	4.379921825e-10	4.388244213e-10	4.380623395e-10	4.367086328e-10	4.374937737e-10	4.386474839e-10	4.378366464e-10	4.359357750e-10	4.368133785e-10	4.365657566e-10	4.100161037e-10	4.006368390e-10	4.356152079e-10	4.348890713e-10	4.336152425e-10	4.317344914e-10	4.308859002e-10	4.308589979e-10	4.298432657e-10	4.293593253e-10	4.262259961e-10	4.243531574e-10	4.224635896e-10	4.198395205e-10	4.177661578e-10	4.152777307e-10	4.128978925e-10	4.110249785e-10	4.047832630e-10	4.011124148e-10	3.976812007e-10	3.953755135e-10	3.876119706e-10	3.840137662e-10	3.821334672e-10	3.747516057e-10	3.777837310e-10	3.605103303e-10	3.758886621e-10	3.784128836e-10	3.750580811e-10	4.014926644e-10	4.070766671e-10	4.146241625e-10	4.194403563e-10	4.250568377e-10	4.270490414e-10	4.299753659e-10	4.305972089e-10	4.294748471e-10	4.268966702e-10	3.937621277e-10	3.916102434e-10	3.854216543e-10	3.777352013e-10	3.736752867e-10	3.122720556e-10	9.452805264e-11	1.010210825e-10	1.068678538e-10	1.119546534e-10	1.186741300e-10	1.251226241e-10	1.312800155e-10	1.374244455e-10	1.448046492e-10	1.503720734e-10	1.567072311e-10	1.633534611e-10	1.718614523e-10	1.781110802e-10	1.853254993e-10	1.910897550e-10	1.994726542e-10	2.072600852e-10	2.150631150e-10	2.241361303e-10	2.321345598e-10	2.426910460e-10	2.558944344e-10	2.710943970e-10	2.830733152e-10	2.956759604e-10	3.089234324e-10	3.188286865e-10	3.300880995e-10	3.351389539e-10	3.429518554e-10	3.519103286e-10	3.552441819e-10	3.590417800e-10	3.623009548e-10	3.637788493e-10	3.683473459e-10	3.711739736e-10	3.716145839e-10	3.753659130e-10	3.752451917e-10	3.750257531e-10	3.745128758e-10	3.792155072e-10	3.756169260e-10	3.745608026e-10	3.796497122e-10	3.768060539e-10	3.769010786e-10	3.782235877e-10	3.785850735e-10	3.794107563e-10	3.802268687e-10	3.821932250e-10	3.641603047e-10	3.688339238e-10	3.725123076e-10	3.761891844e-10	3.776210360e-10	3.786666094e-10	3.817001665e-10	3.804403541e-10	3.800406624e-10	3.815248116e-10	3.795251476e-10	3.793469292e-10	3.809215816e-10	3.801102920e-10	3.825402423e-10	3.827930639e-10	3.833498741e-10	3.792974199e-10	3.392629216e-10	3.398843125e-10	3.372612984e-10	3.539686953e-10	3.581081112e-10	3.610983382e-10	3.637137412e-10	3.662457245e-10	3.704479124e-10	3.809085449e-10	3.830558325e-10	3.775372394e-10	3.811690528e-10	3.808701130e-10	3.855044713e-10
4.619695363e-10	4.601296285e-10	4.609679712e-10	4.601566062e-10	4.577029938e-10	4.606902819e-10	4.574767732e-10	4.603152319e-10	4.600547994e-10	4.599302348e-10	4.600309113e-10	4.625187355e-10	4.625075074e-10	4.611989393e-10	4.631038799e-10	4.632759191e-10	4.620754878e-10	4.636060566e-10	4.613625386e-10	4.630720040e-10	4.616970467e-10	4.643941363e-10	4.794459478e-10	4.812577476e-10	4.807568520e-10	4.816444779e-10	4.807640862e-10	4.790829549e-10	4.807040270e-10	4.808277626e-10	4.821421332e-10	4.789204859e-10	4.832371406e-10	4.851524804e-10	4.849472089e-10	4.826892224e-10	4.844143621e-10	4.832840124e-10	4.848723798e-10	4.862957161e-10	4.871886169e-10	4.799759311e-10	4.852790796e-10	4.821821476e-10	4.888212186e-10	4.870802541e-10	4.863080745e-10	4.865261567e-10	4.867654894e-10	4.874706015e-10	4.886310185e-10	4.887699007e-10	4.919101628e-10	4.914594547e-10	4.875612555e-10	4.884764620e-10	4.897900790e-10	4.883599606e-10	4.880711939e-10	4.873905727e-10	4.901582716e-10	4.928512166e-10	4.887633447e-10	4.914262978e-10	4.917985596e-10	4.919189042e-10	4.925209284e-10	4.912713646e-10	4.919816009e-10	4.916779136e-10	4.906936052e-10	4.934750943e-10	4.933774320e-10	4.927893488e-10	4.954713671e-10	4.953844055e-10	4.951580342e-10	4.924327612e-10	4.920488190e-10	4.923433882e-10	4.898839734e-10	4.902720601e-10	4.902206669e-10	4.914447602e-10	4.878103092e-10	4.897292662e-10	4.917146877e-10	4.900865320e-10	4.903908975e-10	4.898985172e-10	4.894144261e-10	4.915254672e-10	4.772910492e-10	4.737402441e-10	4.764221117e-10	4.746819008e-10	4.755457140e-10	4.747783573e-10	4.732773283e-10	4.746808458e-10	4.731606762e-10	4.768849523e-10	4.746942593e-10	4.738957803e-10	4.758362138e-10	4.739620187e-10	4.667579989e-10	4.671839147e-10	4.711589023e-10	4.682089911e-10	4.689084515e-10	4.714883615e-10	4.701799441e-10	4.681439583e-10	4.683806535e-10	4.670280018e-10	4.672910718e-10	4.684406374e-10	4.720585853e-10	4.712168516e-10	4.675671786e-10	4.711497088e-10	4.704846110e-10	4.672540717e-10	4.703643418e-10	4.673411086e-10	4.678787029e-10	4.672491735e-10	4.661876998e-10	4.636803582e-10	4.598034096e-10	4.607795796e-10	4.568372214e-10	4.556801954e-10	4.548063598e-10	4.543197819e-10	4.520123615e-10	4.471630107e-10	4.412555020e-10	4.428706963e-10	4.392550845e-10	4.377080880e-10	4.386488403e-10	4.391227582e-10	4.390250207e-10	4.433112312e-10	4.478780699e-10	4.454352336e-10	4.446059337e-10	4.441194312e-10	4.432877200e-10	4.460600155e-10	4.517064889e-10	4.505756871e-10	4.526705264e-10	4.404840007e-10	4.479812332e-10	4.455857962e-10	4.415947576e-10	4.417995769e-10	4.396753485e-10	4.361515211e-10	4.136650231e-10	4.255988027e-10	4.528115941e-10	4.457420859e-10	1.093533420e-10	1.149958968e-10	1.214127412e-10	1.264972046e-10	1.325215916e-10	1.393678180e-10	1.448746555e-10	1.497466133e-10	1.548177387e-10	1.610750530e-10	1.669235575e-10	1.723092968e-10	1.776128221e-10	1.835276404e-10	1.896593352e-10	1.960950187e-10	2.018030584e-10	2.070187178e-10	2.131255449e-10	2.190026096e-10	2.240839081e-10	2.299741602e-10	2.369473626e-10	2.418304732e-10	2.485048865e-10	2.580975612e-10	2.596293357e-10	2.659927522e-10	2.729695717e-10	2.784173296e-10	2.853799821e-10	2.940619718e-10	3.001087396e-10	3.064968731e-10	3.230200230e-10	3.212334677e-10	3.256933753e-10	3.297346014e-10	3.381957208e-10	3.455637167e-10	3.496882119e-10	3.564415236e-10	3.946507333e-10	3.948557033e-10	3.952856883e-10	3.916743719e-10	3.886014033e-10	3.934522612e-10	3.990252618e-10	4.078251846e-10	4.108530146e-10	4.170019661e-10	4.220495802e-10	4.240832299e-10	4.277519681e-10	4.345971396e-10	4.352133309e-10	4.425223979e-10	4.434976636e-10	4.088330044e-10	4.151065204e-10	4.246619689e-10	4.312152088e-10	4.387050564e-10	4.457213628e-10	4.518848581e-10	4.551610635e-10	4.647969930e-10	4.675149564e-10	4.752643323e-10	4.783798020e-10	4.792907131e-10	4.809656653e-10	4.831000668e-10	4.839555908e-10	4.886919820e-10	4.866825971e-10	4.897183395e-10	4.860122997e-10	4.495194130e-10	4.422477983e-10	4.429883280e-10	4.464355177e-10	4.500539177e-10	4.558271409e-10
5.217730966e-10	5.167636883e-10	5.189555117e-10	5.255247272e-10	5.163441026e-10	5.183125688e-10	5.170848584e-10	5.131374513e-10	5.157603900e-10	5.162805769e-10	5.153410303e-10	5.193968002e-10	5.172521501e-10	5.204336323e-10	5.180335985e-10	5.185737549e-10	5.171250988e-10	5.179859731e-10	5.158039461e-10	5.172871156e-10	5.195555767e-10	5.182620045e-10	5.218741499e-10	5.242238454e-10	5.233696025e-10	5.209914222e-10	5.203582756e-10	5.237319926e-10	5.236377968e-10	5.242797600e-10	5.258986468e-10	5.238298055e-10	5.243005585e-10	5.225286223e-10	5.218458911e-10	5.168492181e-10	5.036922495e-10	5.030875124e-10	5.069504447e-10	5.118628690e-10	5.099849814e-10	5.072423010e-10	5.064653740e-10	5.116167542e-10	5.078077773e-10	5.088932897e-10	5.133890671e-10	5.100448146e-10	5.124998587e-10	5.049436973e-10	5.107714787e-10	5.074646031e-10	5.094842365e-10	5.073493828e-10	5.074843465e-10	5.155438150e-10	5.079107898e-10	5.126429610e-10	5.102886687e-10	5.116684489e-10	5.103665121e-10	5.083180171e-10	5.062549782e-10	5.115285116e-10	5.090076057e-10	5.056766914e-10	5.098308771e-10	5.085740036e-10	5.069881230e-10	5.041406215e-10	5.059717126e-10	5.057219053e-10	5.069282145e-10	5.071862357e-10	5.050186018e-10	5.116786220e-10	5.069157053e-10	5.065309343e-10	5.122085299e-10	5.140276393e-10	5.138076733e-10	5.050296039e-10	5.097553697e-10	5.073332565e-10	5.102313976e-10	5.145787224e-10	5.051320135e-10	5.078590951e-10	5.072789243e-10	5.047944911e-10	5.058794007e-10	5.093681873e-10	5.043718157e-10	5.133753522e-10	5.069709417e-10	5.096534122e-10	5.060779655e-10	5.101056274e-10	5.105286796e-10	5.098268078e-10	5.080346008e-10	5.096263592e-10	5.103659846e-10	5.088635238e-10	5.055227377e-10	5.099056309e-10	5.076035608e-10	5.048743692e-10	5.088982633e-10	5.096030739e-10	5.082679803e-10	5.107649227e-10	5.057796285e-10	5.067880511e-10	5.101145195e-10	5.099742054e-10	5.049126503e-10	5.079873521e-10	5.045905760e-10	5.097479848e-10	5.078372417e-10	5.071827693e-10	5.050279460e-10	5.087636763e-10	5.066072706e-10	5.058949242e-10	5.062231024e-10	5.072139669e-10	5.041014361e-10	5.004152151e-10	5.010283168e-10	4.997752111e-10	4.992340751e-10	4.989693472e-10	5.037502741e-10	5.020973261e-10	5.034454565e-10	4.964194291e-10	4.947372427e-10	4.971754823e-10	4.952876476e-10	5.023140518e-10	4.954544872e-10	5.000346641e-10	4.974861777e-10	4.987966297e-10	4.962012716e-10	5.014287620e-10	4.976913738e-10	5.012830976e-10	4.965130974e-10	4.962018744e-10	4.984369525e-10	4.979484154e-10	4.717901649e-10	4.916717344e-10	4.916596020e-10	4.914083629e-10	4.893599433e-10	4.871189120e-10	4.852625765e-10	4.851787045e-10	4.799952977e-10	4.765440388e-10	4.705473831e-10	4.706926707e-10	1.108566317e-10	1.163805752e-10	1.218562904e-10	1.268758718e-10	1.331383857e-10	1.388406983e-10	1.440188301e-10	1.502671016e-10	1.550161527e-10	1.608578751e-10	1.668171539e-10	1.711148187e-10	1.769404901e-10	1.810889487e-10	1.866210307e-10	1.930265715e-10	1.986341608e-10	2.030307689e-10	2.114875929e-10	2.142829476e-10	2.196004892e-10	2.259549382e-10	2.301679021e-10	2.369101364e-10	2.398670558e-10	2.483440001e-10	2.510331773e-10	2.567650297e-10	2.605100288e-10	2.665136927e-10	2.706895058e-10	2.763358284e-10	2.799163240e-10	2.914966809e-10	2.918449040e-10	2.969534062e-10	3.030854778e-10	3.074691245e-10	3.115237641e-10	3.158539829e-10	3.230513714e-10	3.250575913e-10	3.307929855e-10	3.365305650e-10	3.379953475e-10	3.428063417e-10	3.413392986e-10	3.602580362e-10	3.590939268e-10	3.594922620e-10	3.618081224e-10	3.649373824e-10	3.693635302e-10	3.678237679e-10	3.754558135e-10	3.813159983e-10	3.858868309e-10	3.886444319e-10	3.915802514e-10	3.935607748e-10	3.947525401e-10	3.987802774e-10	4.019435986e-10	3.990018259e-10	4.007505522e-10	4.063273206e-10	4.099650873e-10	4.127333136e-10	4.151419380e-10	4.193937106e-10	4.193984581e-10	4.250889397e-10	4.231425529e-10	4.232659871e-10	4.260322542e-10	4.293890912e-10	4.308834135e-10	4.344857625e-10	3.744516109e-10	3.971885190e-10	3.919883830e-10	4.014438333e-10	4.086901282e-10	4.120222483e-10	4.200475802e-10
5.330667969e-10	5.345274347e-10	5.333827673e-10	5.327359059e-10	5.316572509e-10	5.328343216e-10	5.350281043e-10	5.351594509e-10	5.361033682e-10	5.360701359e-10	5.348651078e-10	5.350740718e-10	5.344158315e-10	5.370634872e-10	5.354796413e-10	5.360042742e-10	5.364539273e-10	5.380939893e-10	5.382210406e-10	5.390682000e-10	5.390894506e-10	5.407780423e-10	5.375091464e-10	5.401447450e-10	5.385135751e-10	5.394763316e-10	5.408144395e-10	5.402022422e-10	5.427648202e-10	5.408383276e-10	5.423392059e-10	5.425653512e-10	5.427735616e-10	5.632455504e-10	5.623408185e-10	5.632883530e-10	5.635708650e-10	5.625472957e-10	5.509548817e-10	5.502457757e-10	5.518999294e-10	5.509307676e-10	5.519409988e-10	5.502887290e-10	5.528413599e-10	5.543968718e-10	5.545414058e-10	5.530624563e-10	5.550722180e-10	5.547023676e-10	5.553132086e-10	5.550111038e-10	5.557489207e-10	5.562825965e-10	5.575155819e-10	5.582527959e-10	5.586454040e-10	5.587555754e-10	5.592719192e-10	5.596954989e-10	5.600914227e-10	5.608195186e-10	5.609486799e-10	5.606966119e-10	5.611039146e-10	5.629496248e-10	5.628757000e-10	5.631544442e-10	5.644921753e-10	5.655428730e-10	5.656927574e-10	5.658094095e-10	5.679624242e-10	5.683465170e-10	5.697404642e-10	5.702079768e-10	5.697760325e-10	5.704641140e-10	5.708913862e-10	5.722046264e-10	5.732173444e-10	5.747145302e-10	5.755451111e-10	5.756699771e-10	5.778241221e-10	5.778807903e-10	5.791425620e-10	5.808730519e-10	5.797550608e-10	5.811964827e-10	5.819134258e-10	5.827385057e-10	5.822348219e-10	5.826845503e-10	5.848869989e-10	5.847927278e-10	5.854879682e-10	5.855562413e-10	5.862088298e-10	5.855858565e-10	5.826894485e-10	5.844182806e-10	5.870934415e-10	5.872946437e-10	5.889760765e-10	5.896038727e-10	5.894601676e-10	5.901843450e-10	5.913238881e-10	5.911719691e-10	5.925131667e-10	5.924947797e-10	5.928834692e-10	5.921560516e-10	5.941897013e-10	5.931204659e-10	5.955238907e-10	5.955463470e-10	5.951235962e-10	5.960504076e-10	5.959270487e-10	5.961449802e-10	5.979614521e-10	5.983845043e-10	5.991841136e-10	5.993849391e-10	6.002395588e-10	6.003144633e-10	5.995816199e-10	6.001541043e-10	6.020344033e-10	6.002298378e-10	6.009678054e-10	6.022069700e-10	6.021695931e-10	6.025598652e-10	6.034214931e-10	6.037422863e-10	6.021425401e-10	6.030998709e-10	6.034638435e-10	6.040452954e-10	6.040306008e-10	6.044338342e-10	6.045779161e-10	6.065986799e-10	6.074484768e-10	6.078745432e-10	6.057945492e-10	6.073306190e-10	6.021908437e-10	6.017433760e-10	6.026634806e-10	6.025551931e-10	6.014832448e-10	6.032933114e-10	6.022428398e-10	5.998208019e-10	6.013887476e-10	6.028973123e-10	6.032737187e-10	6.017685451e-10	5.996783778e-10	6.010786550e-10	5.996372331e-10	5.981740332e-10	5.981181185e-10	5.951586370e-10	5.917686430e-10	5.862310600e-10	5.814697258e-10	1.054086478e-10	1.059658348e-10	1.102271023e-10	1.138202578e-10	1.202728212e-10	1.234342585e-10	1.277139130e-10	1.289704851e-10	1.360305737e-10	1.394858265e-10	1.409074296e-10	1.467318200e-10	1.484712021e-10	1.509679184e-10	1.545207581e-10	1.611892183e-10	1.619497175e-10	1.658868008e-10	1.842573188e-10	2.119688958e-10	2.152283721e-10	2.194417128e-10	2.206706289e-10	2.248985134e-10	2.299443190e-10	2.354244049e-10	2.387443925e-10	2.385103348e-10	2.441060178e-10	2.462652870e-10	2.519749846e-10	2.568782907e-10	2.611059492e-10	2.632250534e-10	2.641594004e-10	2.676988266e-10	2.215073891e-10	2.252900666e-10	2.233738978e-10	2.295902181e-10	2.323705768e-10	2.371738093e-10	2.345259276e-10	2.373912886e-10	2.335218757e-10	2.319271030e-10	2.438501066e-10	2.489227391e-10	2.453660562e-10	3.268750429e-10	2.784567411e-10	2.808571517e-10	2.838487351e-10	2.827759579e-10	2.558706970e-10	2.599603021e-10	2.697044437e-10	2.673628867e-10	2.659517582e-10	2.672128516e-10	2.742499565e-10	2.778590876e-10	2.749393944e-10	2.848850397e-10	3.147770611e-10	3.351785915e-10	3.448444375e-10	3.608599851e-10	3.719855647e-10	3.903001681e-10	4.101168555e-10	4.206549547e-10	2.771285049e-10	2.781852312e-10	2.816716063e-10	2.851469794e-10	2.867822185e-10	2.859802731e-10	2.863070949e-10	2.855435814e-10
3.139255311e-10	3.218209481e-10	3.192348588e-10	3.214036984e-10	3.154383157e-10	3.217966833e-10	3.161559370e-10	3.117823881e-10	3.207493766e-10	3.214994766e-10	3.232983905e-10	3.076225506e-10	3.139703683e-10	3.129581778e-10	3.010393188e-10	3.010613983e-10	2.974991391e-10	2.933749453e-10	2.986275294e-10	2.858640732e-10	3.040075417e-10	2.926230367e-10	2.903045388e-10	2.854754590e-10	2.739296154e-10	2.815501314e-10	2.809486347e-10	2.771314438e-10	2.723939223e-10	2.764166861e-10	2.815871315e-10	2.819111651e-10	2.841622941e-10	2.722031193e-10	2.736606675e-10	2.726786197e-10	2.733338458e-10	2.615374413e-10	2.689134250e-10	2.564467986e-10	2.603663991e-10	2.615236511e-10	2.583520406e-10	2.612843184e-10	2.610084377e-10	2.667862577e-10	2.588417081e-10	2.586144325e-10	2.528620830e-10	2.478572715e-10	2.581084126e-10	2.523251669e-10	2.374721463e-10	2.495017042e-10	2.436232077e-10	2.470228474e-10	2.426152373e-10	2.421104985e-10	2.468208916e-10	2.415401240e-10	2.380580442e-10	2.294487737e-10	2.232173067e-10	2.254997841e-10	2.282813486e-10	2.212241988e-10	2.180054905e-10	2.245162292e-10	2.162308415e-10	2.175571185e-10	2.208437985e-10	2.184626792e-10	2.174374521e-10	2.155947561e-10	2.140427106e-10	2.119604558e-10	2.154388432e-10	2.147943932e-10	2.156559457e-10	2.108738130e-10	2.118928609e-10	2.155048556e-10	2.067026721e-10	2.100885968e-10	2.102398376e-10	2.136727095e-10	2.123260863e-10	2.085354964e-10	2.121835869e-10	2.149095381e-10	2.188082648e-10	2.186533316e-10	2.146006512e-10	2.179303599e-10	2.217311230e-10	2.205218749e-10	2.255413810e-10	2.280343295e-10	2.248104215e-10	2.238989829e-10	2.265966754e-10	2.206347592e-10	2.223583163e-10	2.199749364e-10	2.201640816e-10	2.170907362e-10	2.140880753e-10	2.185834759e-10	2.189798519e-10	2.213244232e-10	2.111459259e-10	2.135167966e-10	2.117098950e-10	2.084529808e-10	2.103339580e-10	2.141439900e-10	2.175754301e-10	2.182904893e-10	2.164157667e-10	2.229298211e-10	2.197674795e-10	2.208364135e-10	2.226439934e-10	2.224873269e-10	2.205350623e-10	2.156701127e-10	2.228920674e-10	2.195445746e-10	2.198675532e-10	2.241250528e-10	2.203865344e-10	2.193487227e-10	2.191915287e-10	2.223115952e-10	2.206808774e-10	2.238028278e-10	2.270139252e-10	2.227979470e-10	2.296610534e-10	2.339344533e-10	2.378695772e-10	2.426892375e-10	2.444645647e-10	2.459521802e-10	2.489887515e-10	2.519570497e-10	2.586846648e-10	2.622960567e-10	2.596991913e-10	2.616954642e-10	2.649550159e-10	2.681835959e-10	2.733854651e-10	2.766306989e-10	2.783516186e-10	2.871345862e-10	2.901621901e-10	2.914054240e-10	2.979715499e-10	3.698874850e-10	3.059128591e-10	3.116157746e-10	3.156561717e-10	3.244042492e-10	3.298398747e-10	3.381440261e-10	3.460790808e-10	3.522666902e-10	3.587198564e-10	3.667864837e-10	3.760885079e-10	3.856277548e-10	1.160948228e-10	1.202083913e-10	1.258558442e-10	1.296461327e-10	1.360035960e-10	1.404562694e-10	1.440057181e-10	1.499304835e-10	1.541916757e-10	1.604032485e-10	1.643260893e-10	1.706959111e-10	1.725859311e-10	1.813020573e-10	1.835376629e-10	1.880482855e-10	1.935481148e-10	1.972373501e-10	2.018436757e-10	2.055296705e-10	2.072030402e-10	2.111799117e-10	2.162564628e-10	2.217140924e-10	2.273129403e-10	2.311736873e-10	2.368637168e-10	2.364805282e-10	2.385079987e-10	2.428447736e-10	2.442916212e-10	2.482241830e-10	2.509181077e-10	2.517091264e-10	2.555337775e-10	2.554495288e-10	2.613770070e-10	2.558421369e-10	2.639248905e-10	2.651599106e-10	2.793907867e-10	2.812199939e-10	2.793446685e-10	2.855689766e-10	2.895270090e-10	2.968758642e-10	2.904078528e-10	3.063066729e-10	3.007011936e-10	3.124349766e-10	3.240765985e-10	3.119070280e-10	3.148536235e-10	3.214413013e-10	3.242318332e-10	3.143283123e-10	3.169406257e-10	3.264616363e-10	3.204829909e-10	3.286214331e-10	3.302354217e-10	3.337532206e-10	3.303132651e-10	3.351920050e-10	3.441606513e-10	3.342416070e-10	3.299140256e-10	3.285999564e-10	3.192667346e-10	3.150270191e-10	3.073827658e-10	3.020680877e-10	3.051393231e-10	3.147259693e-10	3.128795055e-10	3.173119833e-10	3.201178879e-10	3.316052548e-10	3.329684565e-10
1.001560636e-10	1.000562914e-10	1.002637483e-10	1.001732449e-10	1.002158214e-10	1.013120345e-10	1.019603277e-10	9.922857403e-11	9.929496324e-11	9.960603546e-11	9.997257018e-11	9.906113157e-11	9.776439444e-11	9.943083127e-11	9.932148878e-11	9.820334689e-11	9.927702836e-11	1.002604326e-10	9.959254663e-11	9.908479356e-11	9.833989313e-11	9.804178224e-11	9.668589015e-11	9.770177307e-11	9.764661200e-11	9.630812729e-11	9.568869567e-11	9.710705843e-11	9.574528851e-11	9.570150630e-11	9.608657876e-11	9.411645465e-11	9.447620727e-11	9.493362210e-11	9.437198903e-11	9.399143798e-11	9.404622226e-11	9.533753371e-11	9.616246290e-11	9.652801798e-11	9.465661108e-11	9.532163346e-11	9.417108822e-11	9.481606574e-11	9.490589085e-11	9.501395228e-11	9.500189522e-11	9.623789490e-11	9.464666400e-11	9.373778751e-11	9.522397125e-11	9.449670428e-11	9.331850315e-11	9.199554190e-11	9.432888503e-11	9.207489245e-11	9.231211516e-11	9.279319198e-11	9.179192825e-11	9.247676943e-11	9.236637195e-11	9.118802010e-11	9.185560461e-11	9.187791018e-11	9.219900484e-11	9.216788255e-11	9.203578235e-11	9.164000925e-11	9.163224752e-11	9.258437872e-11	9.264232798e-11	9.356476866e-11	9.361525761e-11	9.073369489e-11	9.240879774e-11	9.287126146e-11	9.307359405e-11	9.447372050e-11	9.172659404e-11	9.259281866e-11	9.463309980e-11	9.295091344e-11	9.178461865e-11	9.388978187e-11	9.137852170e-11	9.213984987e-11	9.547814921e-11	9.451041919e-11	9.421517185e-11	9.313749649e-11	9.218589278e-11	9.260314252e-11	9.360824944e-11	9.508750037e-11	9.266101643e-11	9.395217717e-11	9.408668878e-11	9.378300150e-11	9.218122067e-11	9.128620981e-11	9.135644220e-11	9.255830532e-11	9.149660556e-11	9.195379432e-11	9.147422464e-11	9.142139963e-11	9.003657058e-11	9.109058396e-11	9.139532623e-11	9.254835824e-11	9.131612640e-11	9.088048964e-11	9.230714162e-11	9.044191397e-11	9.228182179e-11	9.294654275e-11	9.377682226e-11	9.470385969e-11	9.361917616e-11	9.337886382e-11	9.359069134e-11	9.067182709e-11	9.438336788e-11	9.529691648e-11	9.633080964e-11	8.291589520e-11	8.322176782e-11	8.361497879e-11	8.341083764e-11	8.660430151e-11	8.666827930e-11	8.719524831e-11	8.796810605e-11	8.944818590e-11	9.115064321e-11	9.442647188e-11	9.572546972e-11	9.949616548e-11	1.016990663e-10	1.051279443e-10	1.085686533e-10	1.117552597e-10	1.144014083e-10	1.175289351e-10	1.232716388e-10	1.273436105e-10	1.306351133e-10	1.373622763e-10	1.396409859e-10	1.465657340e-10	1.516856905e-10	1.607473269e-10	1.680786241e-10	1.750560465e-10	1.802523393e-10	1.907110879e-10	1.991383721e-10	2.087458921e-10	2.178169482e-10	2.261821385e-10	2.341697167e-10	2.452526445e-10	2.525796463e-10	2.669071297e-10	2.762827020e-10	2.888395303e-10	3.019894908e-10	3.132552337e-10	1.021347784e-10	1.074359676e-10	1.135779109e-10	1.192289056e-10	1.257724998e-10	1.315426334e-10	1.380982847e-10	1.449697556e-10	1.496922811e-10	1.562162826e-10	1.622264271e-10	1.690119915e-10	1.742525940e-10	1.792245500e-10	1.863178709e-10	1.917251623e-10	1.978568570e-10	2.041518497e-10	2.098893538e-10	2.171189949e-10	2.213199018e-10	2.263850740e-10	2.345994003e-10	2.406493331e-10	2.477593079e-10	2.533865653e-10	2.595197672e-10	2.677991263e-10	2.731178736e-10	2.785418188e-10	2.990825329e-10	3.034970004e-10	3.050811478e-10	3.034753731e-10	3.114501407e-10	3.151497751e-10	2.990902192e-10	3.087464950e-10	3.148769840e-10	3.227794846e-10	3.274132400e-10	3.341421362e-10	2.644081527e-10	2.689134250e-10	2.751444398e-10	2.780110066e-10	2.813799007e-10	2.872918555e-10	2.950062659e-10	3.004987103e-10	3.056146728e-10	3.141696112e-10	3.257781515e-10	3.474474067e-10	3.665371286e-10	3.583587474e-10	3.651361732e-10	3.696586269e-10	3.294921791e-10	3.167217901e-10	3.197221902e-10	3.266083557e-10	3.262564402e-10	3.271672759e-10	3.306929119e-10	3.266048139e-10	3.202670187e-10	3.284986771e-10	3.286881237e-10	3.304362471e-10	3.299557732e-10	3.252630889e-10	3.271755652e-10	3.258101028e-10	3.264284794e-10	3.251153145e-10	3.211884044e-10	3.510707049e-10	3.490867905e-10	3.388033214e-10	3.704531120e-10	3.226479119e-10	3.209572102e-10
5.807533102e-11	5.691483870e-11	5.906581875e-11	5.924042010e-11	5.740729437e-11	5.817306859e-11	5.811881181e-11	5.740428011e-11	5.874027805e-11	5.850644638e-11	5.751897292e-11	5.725108005e-11	5.747383429e-11	6.584422425e-11	6.743153660e-11	6.700072267e-11	6.807975446e-11	6.707404468e-11	6.681820888e-11	6.730976027e-11	6.722423048e-11	6.692491389e-11	6.781555406e-11	6.707924429e-11	6.712302650e-11	6.707766180e-11	6.663486616e-11	6.755421722e-11	6.756981605e-11	6.729348323e-11	6.639410168e-11	6.786400839e-11	6.812715379e-11	6.836528078e-11	6.811705600e-11	6.796038953e-11	6.835766976e-11	6.764200771e-11	6.590247494e-11	6.702385716e-11	6.633630314e-11	6.578130145e-11	6.638935422e-11	6.691541895e-11	6.681421498e-11	6.593970112e-11	6.770688978e-11	6.671225744e-11	6.656923053e-11	6.701647221e-11	6.617564277e-11	5.692832754e-11	5.669178304e-11	5.670527188e-11	5.738099490e-11	5.694844777e-11	5.707308766e-11	5.685447803e-11	5.668628200e-11	5.704460284e-11	5.769357426e-11	5.604680552e-11	5.761505264e-11	5.693390393e-11	5.651379064e-11	5.646066421e-11	5.715040357e-11	5.726667887e-11	5.637603870e-11	5.769380033e-11	5.758362892e-11	5.752341896e-11	5.635245207e-11	5.650874175e-11	5.678884239e-11	5.654649543e-11	5.715160928e-11	5.634785531e-11	5.724505152e-11	5.714686181e-11	5.797292134e-11	5.681009297e-11	5.744271200e-11	5.625833162e-11	5.651778454e-11	5.668409666e-11	5.649593112e-11	5.713239333e-11	5.743577918e-11	5.708295938e-11	5.630904664e-11	5.664370550e-11	5.629088569e-11	5.630173705e-11	5.700391026e-11	5.764625029e-11	5.719606970e-11	5.681996469e-11	5.705952346e-11	5.753344139e-11	5.684091383e-11	5.648643618e-11	5.739056520e-11	5.815551049e-11	5.686698723e-11	5.692350472e-11	5.707067624e-11	5.655719607e-11	5.746788111e-11	5.684249632e-11	5.671114969e-11	5.754029885e-11	5.654137117e-11	5.739026377e-11	5.744655518e-11	5.794232655e-11	5.770608347e-11	5.856582742e-11	5.841044202e-11	5.804240017e-11	5.837185942e-11	5.784330792e-11	5.887531716e-11	5.940379330e-11	5.972963543e-11	6.028689782e-11	6.055034464e-11	6.075915790e-11	6.165092843e-11	6.271556710e-11	6.250494528e-11	6.358849847e-11	6.423151671e-11	6.581159483e-11	6.626599539e-11	6.826686501e-11	6.997128158e-11	7.236001185e-11	7.326956654e-11	7.616597452e-11	7.913118311e-11	8.229699108e-11	8.503341690e-11	8.862913454e-11	9.350199657e-11	9.827591534e-11	1.075789191e-10	1.111867692e-10	1.187711140e-10	1.244643085e-10	1.316396174e-10	1.396735399e-10	1.476863626e-10	1.537434543e-10	1.617686355e-10	1.717261118e-10	1.795218320e-10	1.875011963e-10	1.959771609e-10	2.057496366e-10	2.155007110e-10	2.249340818e-10	2.353207895e-10	2.448705863e-10	2.563471017e-10	2.647604450e-10	9.074688231e-11	9.759936339e-11	1.032236065e-10	1.092001420e-10	1.154683076e-10	1.224615549e-10	1.291000231e-10	1.350081347e-10	1.416507476e-10	1.486794878e-10	1.561628548e-10	1.616076737e-10	1.697431017e-10	1.766257254e-10	1.847143569e-10	1.922056362e-10	1.999917861e-10	2.087201955e-10	2.159174332e-10	2.247706332e-10	2.333287366e-10	2.418403449e-10	2.512345302e-10	2.608975881e-10	2.691031730e-10	2.794952311e-10	2.884048732e-10	2.980664992e-10	3.073068816e-10	3.103633471e-10	3.279410379e-10	3.364908521e-10	3.463984422e-10	3.547370317e-10	3.633770477e-10	3.690236718e-10	3.719474342e-10	3.710221300e-10	3.376939963e-10	3.521229851e-10	3.580746528e-10	3.619682553e-10	3.576086473e-10	3.474828997e-10	3.331727483e-10	3.197833044e-10	3.109219659e-10	3.010375856e-10	2.791106861e-10	2.658717294e-10	2.424816299e-10	2.256438660e-10	2.067261833e-10	1.891802177e-10	1.776991054e-10	2.252168199e-10	2.867373813e-10	2.266128017e-10	1.603201301e-10	1.353275716e-10	1.318642556e-10	1.332787751e-10	1.208481692e-10	1.218148442e-10	1.188759351e-10	1.089814570e-10	1.017328260e-10	9.813115522e-11	9.823198241e-11	1.080911936e-10	1.424254892e-10	1.541910728e-10	1.616763236e-10	1.721535346e-10	1.833483670e-10	1.965514539e-10	2.190397604e-10	2.331790029e-10	2.234179061e-10	2.154748637e-10	2.051988549e-10	2.104843699e-10	1.787191330e-10	1.546777260e-10	1.469663299e-10
5.416341691e-11	5.419476528e-11	5.479385060e-11	5.426914228e-11	5.340887083e-11	5.490989983e-11	5.415407269e-11	5.309915503e-11	5.352612577e-11	5.435693277e-11	5.376794524e-11	5.394503336e-11	5.443575582e-11	5.337955710e-11	5.338528420e-11	5.272342680e-11	5.315348717e-11	5.386824494e-11	5.408557350e-11	5.335242871e-11	5.333675452e-11	5.403606418e-11	4.724665661e-11	4.701629135e-11	4.749390176e-11	4.730453052e-11	4.648223882e-11	4.685826847e-11	4.730618836e-11	4.782418993e-11	4.717559530e-11	4.716225717e-11	4.713399843e-11	4.652564424e-11	4.754190395e-11	4.711470713e-11	4.765531570e-11	4.696994702e-11	4.682006265e-11	4.751341913e-11	4.719428375e-11	4.693701616e-11	4.726218008e-11	4.668253678e-11	4.691742344e-11	4.742336794e-11	4.644154623e-11	4.647907384e-11	4.683242114e-11	4.615586919e-11	4.579619193e-11	4.621027669e-11	4.624637252e-11	4.625752530e-11	4.648525308e-11	4.600417627e-11	4.645737112e-11	4.581337324e-11	4.681486304e-11	4.601178729e-11	4.625270248e-11	4.614192821e-11	4.703467837e-11	4.686595485e-11	4.664832486e-11	4.709571726e-11	4.650499652e-11	4.611080592e-11	4.618088760e-11	4.569031584e-11	4.651328575e-11	4.620809134e-11	4.639166013e-11	4.598096642e-11	4.521526756e-11	4.508844233e-11	4.520479298e-11	4.405145955e-11	4.448385597e-11	4.522220037e-11	4.403465501e-11	4.468777105e-11	4.443261345e-11	4.381860751e-11	4.459199275e-11	4.412161658e-11	4.407617652e-11	4.355553747e-11	4.385183979e-11	4.427587163e-11	4.477684260e-11	4.451791717e-11	4.414603213e-11	4.468151645e-11	4.394769345e-11	4.454067488e-11	4.448438347e-11	4.401596657e-11	4.413540685e-11	4.411279985e-11	4.434188405e-11	4.390059554e-11	4.358040516e-11	4.442997597e-11	4.505988216e-11	4.440224472e-11	4.506900031e-11	4.521119830e-11	4.569966007e-11	4.514887835e-11	4.463321284e-11	4.444693121e-11	4.393292354e-11	4.513456059e-11	4.461829222e-11	4.407677938e-11	4.430013647e-11	4.597237576e-11	4.645126724e-11	4.482333765e-11	4.596318225e-11	4.543108899e-11	4.635865392e-11	4.624705073e-11	4.679481818e-11	4.820345992e-11	4.820632348e-11	4.828763330e-11	4.910329361e-11	4.898829937e-11	5.075722124e-11	5.012806862e-11	5.067116395e-11	5.184190477e-11	5.255884789e-11	5.347571218e-11	5.471344506e-11	5.755326019e-11	6.038207326e-11	6.263915546e-11	6.541084819e-11	6.879971184e-11	7.211992558e-11	7.678759147e-11	8.258349705e-11	8.767918868e-11	8.889167708e-11	9.113037227e-11	9.881026930e-11	1.074903751e-10	1.164200620e-10	1.261188389e-10	1.353498771e-10	1.429057371e-10	1.523164256e-10	1.626041146e-10	1.704450488e-10	1.817836616e-10	1.905798166e-10	2.005641952e-10	2.112833010e-10	2.198542150e-10	2.284440435e-10	2.374123885e-10	7.884045717e-11	8.510560857e-11	8.766509699e-11	9.311217665e-11	9.910521521e-11	1.051920728e-10	1.111613740e-10	1.177244856e-10	1.243148009e-10	1.312754187e-10	1.375691303e-10	1.500793129e-10	1.596526209e-10	1.682288853e-10	1.776298527e-10	1.847937828e-10	1.949076241e-10	2.042862859e-10	2.135687927e-10	2.232466204e-10	2.339362618e-10	2.485262878e-10	2.613788156e-10	2.708315530e-10	2.817355087e-10	2.917024799e-10	2.954145482e-10	2.943682966e-10	2.841007277e-10	2.683373235e-10	2.790315616e-10	2.280160178e-10	2.458747889e-10	2.831351077e-10	1.524188352e-10	1.429410040e-10	1.121866011e-10	9.299484636e-11	9.279477447e-11	2.373219605e-10	2.348836456e-10	2.225556754e-10	2.071383842e-10	1.842652313e-10	1.627284531e-10	1.405117319e-10	7.411197847e-11	6.447928936e-11	6.405902535e-11	6.096284691e-11	5.564447640e-11	5.217761862e-11	5.038827511e-11	5.068246745e-11	5.025466778e-11	5.059467696e-11	4.938015392e-11	4.855597831e-11	4.813835178e-11	4.780783754e-11	4.954940495e-11	4.798507637e-11	4.795131659e-11	4.795252230e-11	4.747054120e-11	4.831235028e-11	4.816540482e-11	4.779344442e-11	4.691094276e-11	7.293739445e-11	9.132245636e-11	1.079746169e-10	1.251889379e-10	1.535679487e-10	1.913614911e-10	1.903053677e-10	1.692944282e-10	1.393912540e-10	1.064073494e-10	4.646234466e-11	4.686964732e-11	4.582957492e-11	4.622738265e-11	4.506462963e-11	4.485694671e-11	4.520712904e-11	4.503923444e-11
3.345292433e-11	3.343280410e-11	3.354568836e-11	3.413060663e-11	3.376663404e-11	3.405314000e-11	3.313800891e-11	3.344033977e-11	3.374214313e-11	3.347688774e-11	3.466594023e-11	3.412894878e-11	3.364772125e-11	3.365148908e-11	3.347673703e-11	3.399210112e-11	3.420822397e-11	3.442555253e-11	3.422578207e-11	3.374817166e-11	3.373068892e-11	3.415879001e-11	3.334840466e-11	3.373377854e-11	3.396263667e-11	3.378931639e-11	3.460037995e-11	3.394138610e-11	3.413640909e-11	3.426685144e-11	3.445727768e-11	3.424055197e-11	3.405735997e-11	3.264171005e-11	3.413196305e-11	3.395404601e-11	3.349045194e-11	3.377808825e-11	3.479163511e-11	3.442095578e-11	3.395841670e-11	3.405238643e-11	3.430144014e-11	3.414929508e-11	3.381576657e-11	3.335842710e-11	3.414288976e-11	3.370175197e-11	3.408848226e-11	3.376987437e-11	3.367304109e-11	3.392887689e-11	3.381976047e-11	3.389330856e-11	3.386618016e-11	3.384183997e-11	3.434009810e-11	3.413791622e-11	3.398599723e-11	3.322994402e-11	3.323017009e-11	3.351418928e-11	3.334124578e-11	3.385186240e-11	3.459457749e-11	3.374229384e-11	3.330017641e-11	3.339135795e-11	3.353144595e-11	3.318910072e-11	3.361795538e-11	3.381086839e-11	3.315338167e-11	3.385593166e-11	3.343227661e-11	3.326603985e-11	3.316031448e-11	3.389466498e-11	3.346354961e-11	3.348886945e-11	3.398546973e-11	3.374048528e-11	3.407634984e-11	3.320236349e-11	3.313469322e-11	3.364832411e-11	3.354779834e-11	3.398124976e-11	3.381132053e-11	3.707674999e-11	3.705497192e-11	3.756717103e-11	3.704517555e-11	3.424951941e-11	3.441485189e-11	3.413497731e-11	3.350205686e-11	3.341554743e-11	3.394824355e-11	3.347010564e-11	3.384997849e-11	3.292791459e-11	3.343272875e-11	3.405253715e-11	3.426428932e-11	3.414145799e-11	3.446353228e-11	3.548921157e-11	3.474883254e-11	3.370295767e-11	3.406248422e-11	3.358329132e-11	3.409624400e-11	3.382880327e-11	3.367062967e-11	3.505365016e-11	3.757945416e-11	3.875742922e-11	3.842118788e-11	3.840310228e-11	3.853143465e-11	3.841237115e-11	3.927143689e-11	3.891560282e-11	3.639047703e-11	3.592891758e-11	3.619590617e-11	3.645581124e-11	3.722226367e-11	3.818177982e-11	3.781494367e-11	3.828946446e-11	3.864899101e-11	3.865637596e-11	4.033682913e-11	4.032138102e-11	4.224651720e-11	4.407263476e-11	4.439365407e-11	4.602294007e-11	4.921256075e-11	5.045067041e-11	5.392664634e-11	5.732108637e-11	6.229952307e-11	6.748662231e-11	7.613364652e-11	8.494442071e-11	9.550618188e-11	1.068216602e-10	1.177130313e-10	1.296770290e-10	1.425494509e-10	1.541842907e-10	1.650249468e-10	1.752224340e-10	1.861462085e-10	1.961355606e-10	2.062828602e-10	2.177509357e-10	2.233274781e-10	2.283672551e-10	2.333251948e-10	1.279476693e-10	7.527767039e-11	8.113423807e-11	8.715493251e-11	9.314857391e-11	9.887002712e-11	1.046481485e-10	1.106280750e-10	1.186751096e-10	1.242411774e-10	1.318467728e-10	1.395102421e-10	1.493926631e-10	1.577769187e-10	1.683768103e-10	1.754335079e-10	1.885500101e-10	1.990379971e-10	2.119980588e-10	2.235934117e-10	2.362066822e-10	2.424348335e-10	2.390648843e-10	2.558798152e-10	1.829668363e-10	1.470008432e-10	9.420989689e-11	7.509832158e-11	6.243742573e-11	5.530439186e-11	5.017689972e-11	4.865981976e-11	4.766360493e-11	4.608812357e-11	4.497721592e-11	4.388409244e-11	4.439787404e-11	4.312035285e-11	4.193484212e-11	4.342878759e-11	4.224026260e-11	4.225284716e-11	4.095166399e-11	4.032394314e-11	4.007617050e-11	3.971174576e-11	4.072536799e-11	3.926186660e-11	3.988996423e-11	3.931017021e-11	3.885456394e-11	3.877830301e-11	3.849888058e-11	3.891447247e-11	3.774116952e-11	4.161359675e-11	4.244410233e-11	4.228050305e-11	4.221629919e-11	4.220137857e-11	4.169769476e-11	4.240182725e-11	4.034240552e-11	3.729566104e-11	3.716016979e-11	3.711427760e-11	3.683952727e-11	3.719603956e-11	3.755255184e-11	7.986470468e-11	1.035707746e-10	1.317106787e-10	1.477874159e-10	1.198738831e-10	3.648437141e-11	3.676921952e-11	3.603554724e-11	3.651089695e-11	3.632356033e-11	3.701721824e-11	3.664382607e-11	3.676190993e-11	3.627126282e-11	3.636229365e-11	3.609673683e-11	3.642031826e-11	3.639582735e-11	3.588603965e-11
2.645327172e-11	2.637527760e-11	2.596217247e-11	2.606616464e-11	2.621687793e-11	2.608123597e-11	2.669750261e-11	2.592502165e-11	2.585659781e-11	2.589977717e-11	2.635884985e-11	2.634950562e-11	2.596541281e-11	2.704987027e-11	2.692349718e-11	2.709327570e-11	2.669004230e-11	2.656758775e-11	2.643254864e-11	2.681980644e-11	2.694444633e-11	2.691106333e-11	2.691015906e-11	2.711377271e-11	2.750329120e-11	2.691490652e-11	2.688966205e-11	2.691837293e-11	2.737111565e-11	2.747375140e-11	2.686178009e-11	2.697398613e-11	2.712078088e-11	2.674249052e-11	2.684670876e-11	2.651084420e-11	2.654663860e-11	2.696268264e-11	2.699440778e-11	2.715325959e-11	2.701769299e-11	2.618266601e-11	2.596691994e-11	2.619449701e-11	2.637588045e-11	2.685529942e-11	2.666517461e-11	2.663427838e-11	2.661543922e-11	2.643661790e-11	2.631544442e-11	2.648364045e-11	2.692967643e-11	2.682440319e-11	2.691264582e-11	2.653661617e-11	2.672221958e-11	2.634325102e-11	2.598786909e-11	2.579714142e-11	2.561877224e-11	2.650775458e-11	2.698385785e-11	2.634061354e-11	2.633247502e-11	2.628982316e-11	2.642290299e-11	2.647158339e-11	2.613308134e-11	2.677187961e-11	2.671536213e-11	2.703901892e-11	2.698468678e-11	2.723728225e-11	2.701309623e-11	2.699493528e-11	2.708136935e-11	2.654498076e-11	2.660790356e-11	2.702085797e-11	2.599698724e-11	2.680360476e-11	2.668861052e-11	2.689026490e-11	2.663638837e-11	2.669998937e-11	2.607581029e-11	2.668115021e-11	2.654400112e-11	2.615817510e-11	2.637505153e-11	2.713050188e-11	2.687760498e-11	2.731211140e-11	2.694957058e-11	2.745747436e-11	2.743456594e-11	2.725838211e-11	2.749319341e-11	2.741135610e-11	2.710081136e-11	2.707843044e-11	2.699870311e-11	2.748211598e-11	2.737526026e-11	2.697127329e-11	2.669750261e-11	2.678785522e-11	2.668220521e-11	2.728860012e-11	2.725092180e-11	2.724964074e-11	2.757977820e-11	2.805829289e-11	2.826680472e-11	2.692997785e-11	2.763659710e-11	2.726214994e-11	2.744481445e-11	2.724828432e-11	2.676856392e-11	2.690413052e-11	2.702914720e-11	2.726591777e-11	2.705951592e-11	2.759484952e-11	2.718649187e-11	2.703969713e-11	2.750969652e-11	2.774398032e-11	2.801880600e-11	2.783629221e-11	2.818850917e-11	2.850319851e-11	2.886046436e-11	2.876559035e-11	2.912888473e-11	3.049690925e-11	3.081770248e-11	3.060466925e-11	3.225520583e-11	3.420603863e-11	3.561701643e-11	3.836143006e-11	4.224938076e-11	4.725698047e-11	5.493280825e-11	6.646975976e-11	8.332553392e-11	1.003015019e-10	1.157687546e-10	1.310209394e-10	1.522281829e-10	1.627684675e-10	1.725256457e-10	1.867022651e-10	1.973404380e-10	2.052464803e-10	2.070236160e-10	2.131168789e-10	2.156371065e-10	2.159138915e-10	6.384124465e-11	6.829090377e-11	7.264109213e-11	7.813753040e-11	8.392906528e-11	9.056670457e-11	9.617225926e-11	1.016549073e-10	1.094368372e-10	1.161480246e-10	1.240493194e-10	1.316236418e-10	1.410468394e-10	1.505777971e-10	1.638117048e-10	1.677652158e-10	1.792015662e-10	1.867375321e-10	1.854580516e-10	1.419199969e-10	8.669111236e-11	5.661491926e-11	4.016674918e-11	3.930866308e-11	3.710674193e-11	3.629002662e-11	3.478899763e-11	3.480753536e-11	3.461514985e-11	3.391847768e-11	3.406738240e-11	3.309271957e-11	3.288209775e-11	3.272075917e-11	3.291261719e-11	3.250998664e-11	3.194601751e-11	3.246530015e-11	3.191610093e-11	3.141467782e-11	3.140631323e-11	3.111912906e-11	3.095213873e-11	3.019329733e-11	3.056179132e-11	3.067851876e-11	3.062780374e-11	3.055561207e-11	3.034333241e-11	3.034250348e-11	3.053993789e-11	3.022517319e-11	2.957642784e-11	2.990746958e-11	3.024476592e-11	3.035817767e-11	2.983889503e-11	2.996534348e-11	2.953890023e-11	2.936761458e-11	2.959383522e-11	2.911419018e-11	2.885850509e-11	2.880914649e-11	2.879075947e-11	2.867523773e-11	2.840018598e-11	2.845527169e-11	2.833666033e-11	1.198481111e-10	1.358870193e-10	1.209959436e-10	7.923434635e-11	2.834668276e-11	2.823319566e-11	2.856717630e-11	2.859799717e-11	2.793538620e-11	2.819416092e-11	2.848511292e-11	2.869181619e-11	2.847561798e-11	2.844592746e-11	2.947853956e-11	2.900884160e-11	2.867056562e-11	2.870733966e-11	2.917153659e-11	2.876408321e-11
1.551261734e-11	1.501601705e-11	1.495882136e-11	1.513070987e-11	1.470434197e-11	1.450999719e-11	1.403329106e-11	1.451482001e-11	1.455091585e-11	1.406546835e-11	1.439198868e-11	1.444571797e-11	1.420186387e-11	1.432612698e-11	1.498625118e-11	1.414579853e-11	1.367293559e-11	1.388513990e-11	1.444375870e-11	1.396976541e-11	1.380737184e-11	1.447646348e-11	1.451150432e-11	1.465581230e-11	1.399629095e-11	1.414594924e-11	1.441097856e-11	1.397586930e-11	1.375032686e-11	1.357173161e-11	1.376245928e-11	1.390179371e-11	1.375334113e-11	1.376547354e-11	1.368740406e-11	1.385507259e-11	1.367662806e-11	1.359795572e-11	1.360564210e-11	1.372221883e-11	1.350051958e-11	1.310135544e-11	1.354166431e-11	1.299947326e-11	1.311499499e-11	1.308530447e-11	1.278244612e-11	1.266142335e-11	1.250347583e-11	1.273745821e-11	1.221116740e-11	1.189843733e-11	1.158284370e-11	1.193792421e-11	1.178284024e-11	1.154162362e-11	1.199738060e-11	1.158804331e-11	1.192586715e-11	1.146001237e-11	1.188555134e-11	1.175435543e-11	1.188547599e-11	1.157274591e-11	1.129814630e-11	1.101420247e-11	1.115617438e-11	1.112949813e-11	1.096936526e-11	1.051006652e-11	1.114170591e-11	1.068172895e-11	1.135383486e-11	1.122979783e-11	1.108277701e-11	1.067909147e-11	1.040230652e-11	1.083884756e-11	1.071111804e-11	1.089385791e-11	1.050102372e-11	1.082370087e-11	1.058662887e-11	1.039371586e-11	1.050637404e-11	1.085979670e-11	1.055407480e-11	1.074005500e-11	1.015378030e-11	1.067004867e-11	1.043945734e-11	1.080478635e-11	1.014858070e-11	1.031918814e-11	1.072114048e-11	1.038391949e-11	1.044194411e-11	1.016892699e-11	1.042423530e-11	1.057163290e-11	1.094916968e-11	9.954838763e-12	1.023727547e-11	1.009198786e-11	1.031383782e-11	1.036560783e-11	9.558688885e-12	1.001519944e-11	9.742785166e-12	9.916105448e-12	1.025611463e-11	1.018309404e-11	9.753033670e-12	9.836001335e-12	9.728090621e-12	9.821231433e-12	9.495690730e-12	1.009726282e-11	9.574287710e-12	9.228250000e-12	9.487702926e-12	9.623947739e-12	9.557257109e-12	9.049127257e-12	9.302627008e-12	8.860132793e-12	9.168718251e-12	9.088840208e-12	9.007831816e-12	8.784550079e-12	8.553129825e-12	8.812808821e-12	8.812205968e-12	8.572345769e-12	7.980117903e-12	8.338589459e-12	7.953441651e-12	8.101291387e-12	8.051329932e-12	8.085240422e-12	7.877256084e-12	7.454731380e-12	7.411778093e-12	8.071826939e-12	8.100462464e-12	8.817254863e-12	1.007563546e-11	1.362184378e-11	1.869628484e-11	3.053835540e-11	3.849066670e-11	5.364496320e-11	6.815737180e-11	8.298032513e-11	9.612192102e-11	1.095020960e-10	1.171523026e-10	1.281336495e-10	1.363906277e-10	1.401942544e-10	1.451533244e-10	5.683910528e-11	6.023188747e-11	6.469842648e-11	6.976661294e-11	7.475883990e-11	8.121931572e-11	8.678101284e-11	9.410771328e-11	1.024852621e-10	1.109204588e-10	1.212828263e-10	1.311256097e-10	1.423673139e-10	1.587478137e-10	3.520963842e-11	2.502503725e-11	2.393342090e-11	2.242063627e-11	2.118410909e-11	2.057002780e-11	2.017319971e-11	1.983854085e-11	1.911014353e-11	1.873614851e-11	1.848694408e-11	1.831776842e-11	1.783164271e-11	1.771943666e-11	1.762207588e-11	1.702751196e-11	1.714243084e-11	1.724175090e-11	1.660770009e-11	1.576197248e-11	1.579362227e-11	1.587523351e-11	1.628758507e-11	1.720452471e-11	1.691085987e-11	1.715848180e-11	1.664771447e-11	1.637025131e-11	1.672307111e-11	1.660385690e-11	1.691251772e-11	1.657800957e-11	1.660317869e-11	1.667823391e-11	1.663626026e-11	1.626113489e-11	1.627349338e-11	1.624252180e-11	1.611547049e-11	1.668810563e-11	1.625872347e-11	1.559558500e-11	1.623121830e-11	1.533266567e-11	1.595375513e-11	1.535271054e-11	1.508180341e-11	1.537034400e-11	1.393698527e-11	1.388634560e-11	1.400390197e-11	1.441851422e-11	1.443094807e-11	1.374588082e-11	1.423878863e-11	1.425205140e-11	1.355620814e-11	1.376381570e-11	1.367436736e-11	1.378604591e-11	1.375635539e-11	1.413683109e-11	1.432816161e-11	1.419802068e-11	1.339758241e-11	1.372794594e-11	1.387436390e-11	1.363819617e-11	1.391038437e-11	1.377014566e-11	1.349592283e-11	1.338869032e-11	1.383043097e-11	1.349810817e-11	1.361212277e-11	1.355801670e-11
4.313489668e-12	4.037382924e-12	4.032258672e-12	3.458869967e-12	3.336189350e-12	3.587729828e-12	3.793905607e-12	3.734750641e-12	3.814251901e-12	3.781697830e-12	3.151339502e-12	2.961666829e-12	2.922179947e-12	3.063247585e-12	3.160608369e-12	3.422698778e-12	3.835201048e-12	3.628949913e-12	3.936631091e-12	3.193162440e-12	3.663312542e-12	3.194368146e-12	3.425713043e-12	3.206199139e-12	3.182537153e-12	2.503272362e-12	2.800705037e-12	3.079901403e-12	2.850666492e-12	2.866566744e-12	3.442743645e-12	3.088341348e-12	3.053978718e-12	2.618191245e-12	2.634543636e-12	3.266710524e-12	2.891735863e-12	3.045086634e-12	3.708903312e-12	3.360454190e-12	3.452841435e-12	4.062175260e-12	2.958275780e-12	3.329030469e-12	3.130917851e-12	3.071310746e-12	2.915096423e-12	2.811330324e-12	2.917733905e-12	2.979450997e-12	3.180351810e-12	3.136418886e-12	2.710201707e-12	3.130842495e-12	3.492629743e-12	3.434680484e-12	3.162416929e-12	3.236040370e-12	2.928359192e-12	2.353538710e-12	2.546602433e-12	3.229032202e-12	3.361358469e-12	3.209966971e-12	3.238602496e-12	3.049381962e-12	3.713349354e-12	3.185249992e-12	3.658037577e-12	3.548393660e-12	3.630457046e-12	3.662408263e-12	3.820205076e-12	3.616968206e-12	3.547715450e-12	3.317500902e-12	3.297606748e-12	3.487656205e-12	4.018920546e-12	3.782828180e-12	4.106484967e-12	3.781622474e-12	3.820205076e-12	4.021105889e-12	3.548770443e-12	3.784259956e-12	3.805962670e-12	3.523978107e-12	3.313205574e-12	3.316898049e-12	3.846956684e-12	3.512674611e-12	3.687049885e-12	3.964739119e-12	3.997896042e-12	4.095482897e-12	3.730003173e-12	4.160515681e-12	3.965794112e-12	3.699860515e-12	3.804455537e-12	4.072348407e-12	3.734072431e-12	4.193597247e-12	3.851854866e-12	3.272286916e-12	3.394063253e-12	2.682922602e-12	2.998365514e-12	2.932880591e-12	2.445549173e-12	2.625425482e-12	3.524505604e-12	3.841455649e-12	3.273266552e-12	2.907033262e-12	2.986911304e-12	2.677346210e-12	2.688197567e-12	2.376748557e-12	1.930863293e-12	2.246381562e-12	2.603572056e-12	3.023308564e-12	3.010347221e-12	2.303577255e-12	2.507115551e-12	2.215033198e-12	2.513897649e-12	2.505985201e-12	1.698312689e-12	2.377502123e-12	2.575539384e-12	2.257082206e-12	2.645922490e-12	2.615327692e-12	2.405836221e-12	2.584130041e-12	2.451050208e-12	1.604493667e-12	2.122193813e-12	2.320306430e-12	1.562444660e-12	1.701929808e-12	1.414896351e-12	1.929959014e-12	1.971405168e-12	3.550805073e-12	6.288135172e-12	1.133250893e-11	1.798250671e-11	2.715001925e-11	3.727425975e-11	4.875996874e-11	6.113872932e-11	7.520050519e-11	8.969241679e-11	1.044826653e-10	1.152604740e-10	1.239419362e-10	4.411807482e-11	4.861694183e-11	5.223564324e-11	5.650746068e-11	6.237329722e-11	6.684119265e-11	7.206634700e-11	7.854196951e-11	8.544102099e-11	9.246034168e-11	1.023382413e-10	1.150380212e-10	7.081376886e-11	2.296229982e-11	1.846833099e-11	1.875182269e-11	1.785711325e-11	1.844421687e-11	1.947200614e-11	1.845732892e-11	1.827941189e-11	1.913011304e-11	1.797843745e-11	1.821905121e-11	1.802297323e-11	1.798115029e-11	1.725780186e-11	1.671244583e-11	1.608434820e-11	1.775703963e-11	1.639187866e-11	1.829666856e-11	1.973334298e-11	1.886448087e-11	1.810307734e-11	1.728372455e-11	1.833600473e-11	1.896048524e-11	1.855197687e-11	1.987026600e-11	1.958240362e-11	1.804384702e-11	1.813774140e-11	1.709744292e-11	1.653995447e-11	1.650318043e-11	1.781920886e-11	1.752079655e-11	1.605804873e-11	1.899582750e-11	1.711613137e-11	1.614041354e-11	1.814587991e-11	1.856961032e-11	1.542309365e-11	1.646067928e-11	1.694439358e-11	1.599354344e-11	1.603453746e-11	1.831739164e-11	1.452431495e-11	1.797632746e-11	1.579060800e-11	1.532633572e-11	1.599113203e-11	1.936228686e-11	1.801604042e-11	1.192760035e-11	1.271673513e-11	1.673980029e-11	1.640001718e-11	1.267167185e-11	1.025875211e-11	9.693049781e-12	1.161027352e-11	1.106175251e-11	1.121359615e-11	1.291469703e-11	1.359855858e-11	1.553221007e-11	8.881684794e-12	1.354987819e-11	1.001693264e-11	9.052367593e-12	9.890860972e-12	1.038158344e-11	1.619783531e-11	1.191810541e-11	1.538292856e-11	1.265810766e-11	1.351483735e-11
-2.677421567e-12	-2.660390965e-12	-3.023609990e-12	-2.927831695e-12	-3.120970774e-12	-3.897520992e-12	-3.347191420e-12	-3.170254020e-12	-3.436262974e-12	-3.302504930e-12	-3.466104205e-12	-3.049909459e-12	-3.128506439e-12	-3.138453516e-12	-2.693547889e-12	-2.938456982e-12	-3.094520592e-12	-3.291276790e-12	-3.190751027e-12	-3.053978718e-12	-2.938758409e-12	-3.348773910e-12	-2.912232870e-12	-3.012909347e-12	-3.323228007e-12	-2.793470799e-12	-3.444552204e-12	-3.568890667e-12	-3.015998969e-12	-3.033255641e-12	-3.625483507e-12	-3.187359978e-12	-4.108142813e-12	-3.531287702e-12	-3.231594328e-12	-3.377409435e-12	-3.451334302e-12	-3.664066109e-12	-3.550654359e-12	-3.450806806e-12	-4.068128435e-12	-3.465199925e-12	-3.891718531e-12	-3.793378110e-12	-3.635204514e-12	-3.227977209e-12	-3.522320261e-12	-3.905810223e-12	-3.986667903e-12	-4.294499794e-12	-3.800461635e-12	-4.021558029e-12	-3.183140006e-12	-3.282233993e-12	-3.060534746e-12	-3.458719254e-12	-3.724502137e-12	-3.690139508e-12	-4.273701360e-12	-4.077548015e-12	-3.712068291e-12	-3.837311034e-12	-4.183122674e-12	-3.998574252e-12	-3.917113720e-12	-3.888327482e-12	-3.796618446e-12	-4.128112324e-12	-3.990737161e-12	-4.046048938e-12	-4.011535595e-12	-4.436396355e-12	-4.504744831e-12	-4.171593107e-12	-4.341070200e-12	-3.745903424e-12	-3.779512488e-12	-3.795488096e-12	-3.537542303e-12	-3.540933352e-12	-3.475448429e-12	-3.196779558e-12	-3.471228456e-12	-3.402503197e-12	-3.871598307e-12	-4.077321945e-12	-3.999403175e-12	-3.700840151e-12	-3.843640992e-12	-3.174021852e-12	-3.543796905e-12	-3.423979841e-12	-3.421342358e-12	-3.554723618e-12	-3.580118807e-12	-3.109365851e-12	-3.581399870e-12	-3.600540458e-12	-3.262189126e-12	-3.516819226e-12	-3.402352484e-12	-3.340107896e-12	-3.239431419e-12	-3.190901740e-12	-3.731359592e-12	-3.694736263e-12	-3.589613744e-12	-3.205068789e-12	-3.631738109e-12	-3.471002387e-12	-3.579515954e-12	-3.147270243e-12	-3.579742024e-12	-3.461281379e-12	-3.367613071e-12	-3.291201434e-12	-3.736559201e-12	-3.454649995e-12	-3.297757462e-12	-3.191881377e-12	-3.473413799e-12	-3.177940397e-12	-3.701066221e-12	-3.353446022e-12	-3.408908512e-12	-3.637239144e-12	-3.663161829e-12	-3.979584378e-12	-3.527444513e-12	-3.045538774e-12	-3.302655643e-12	-3.263168762e-12	-2.840945485e-12	-3.043880927e-12	-2.976888871e-12	-3.407099952e-12	-2.717134518e-12	-2.886084115e-12	-2.709523497e-12	-3.306800259e-12	-2.951267612e-12	-3.553593269e-12	-3.668813577e-12	-3.230991475e-12	-3.079599977e-12	-2.712160980e-12	-2.053242483e-12	-1.075716095e-12	2.003507098e-12	6.796867876e-12	1.585835362e-11	2.860033323e-11	4.713723877e-11	6.877424129e-11	9.920898131e-11	1.309113708e-10	1.549788512e-10	1.756837673e-10	2.302936724e-11	2.389822934e-11	2.523324765e-11	2.749779017e-11	3.014137660e-11	3.253206614e-11	3.613433980e-11	3.939683035e-11	4.374287409e-11	4.949175711e-11	-1.337354364e-12	-1.723105025e-12	-1.951661727e-12	-1.612481472e-12	-1.779622508e-12	-2.299357283e-12	-2.468382236e-12	-2.961214689e-12	-2.658054909e-12	-2.618040531e-12	-3.182838579e-12	-2.591514993e-12	-2.782393372e-12	-2.252560807e-12	-2.232742010e-12	-2.526256139e-12	-2.396944137e-12	-2.595584251e-12	-2.823010603e-12	-2.952021178e-12	-2.434396390e-12	-2.478555383e-12	-3.044031641e-12	-3.355556008e-12	-2.991357346e-12	-3.076284284e-12	-2.754586771e-12	-3.093540956e-12	-2.714798462e-12	-2.907334688e-12	-2.512089090e-12	-2.446378096e-12	-2.762348505e-12	-3.154127698e-12	-3.445682554e-12	-3.201979167e-12	-2.832882324e-12	-2.733185484e-12	-2.916754269e-12	-3.012607920e-12	-2.816529932e-12	-3.099644844e-12	-3.345006078e-12	-3.130767138e-12	-2.832430184e-12	-2.871088142e-12	-3.119840425e-12	-3.207254132e-12	-2.949232982e-12	-3.191956733e-12	-3.190751027e-12	-3.157443390e-12	-2.985931668e-12	-2.724067330e-12	-3.161588006e-12	-2.778926967e-12	-2.978848144e-12	-3.308081322e-12	-3.106276229e-12	-3.124889320e-12	-3.029412452e-12	-3.266183028e-12	-3.400317854e-12	-3.786972795e-12	-3.607096486e-12	-3.687728095e-12	-3.475147002e-12	-3.544173688e-12	-4.131880156e-12	-3.243651391e-12	-3.256462021e-12	-3.064980788e-12	-3.149832369e-12	-3.535432317e-12	-3.640780906e-12	-3.749445187e-12	-3.734147788e-12	-3.476804848e-12	-3.584037353e-12	-3.861651230e-12	-3.807093019e-12	-3.354425658e-12	-3.764064376e-12
-3.935123958e-12	-4.031881889e-12	-3.767153998e-12	-4.389750592e-12	-4.132181582e-12	-4.624109755e-12	-4.297966200e-12	-4.712578456e-12	-4.240770507e-12	-4.415597921e-12	-3.798427005e-12	-4.103319988e-12	-4.374980690e-12	-3.900158475e-12	-3.664895032e-12	-3.545831534e-12	-3.651180123e-12	-3.755096935e-12	-3.767455425e-12	-4.000382812e-12	-3.963759483e-12	-3.984482560e-12	-3.940851063e-12	-3.614632150e-12	-3.858636964e-12	-3.582680933e-12	-3.427144820e-12	-3.738292403e-12	-4.278072045e-12	-4.100757862e-12	-4.186212296e-12	-3.936781804e-12	-3.972802280e-12	-4.102114281e-12	-4.017111987e-12	-4.193371177e-12	-4.162776380e-12	-4.085686533e-12	-4.007089553e-12	-4.200002562e-12	-4.175662366e-12	-3.983653637e-12	-3.485395506e-12	-3.818321159e-12	-3.141693852e-12	-3.220366188e-12	-3.550277576e-12	-3.236115727e-12	-3.432721211e-12	-3.601972234e-12	-3.948236014e-12	-3.744471648e-12	-3.966773748e-12	-3.759241550e-12	-3.846730614e-12	-3.283741126e-12	-3.871372237e-12	-3.551633996e-12	-3.882525020e-12	-3.868584041e-12	-3.261510916e-12	-3.481929100e-12	-2.932729877e-12	-2.631378657e-12	-3.375450162e-12	-3.833317132e-12	-3.118182579e-12	-2.852022911e-12	-3.096253795e-12	-3.289468231e-12	-2.936346996e-12	-3.024664983e-12	-3.312075224e-12	-2.630549734e-12	-3.074927865e-12	-3.355254581e-12	-2.834464813e-12	-3.381554050e-12	-3.084648872e-12	-3.800386278e-12	-3.605966136e-12	-4.012289162e-12	-3.755850501e-12	-3.947859231e-12	-3.708375816e-12	-3.960895930e-12	-4.098045023e-12	-3.671601773e-12	-4.139491177e-12	-4.101888211e-12	-3.896616713e-12	-4.046501078e-12	-4.003095651e-12	-4.077171232e-12	-3.542741912e-12	-3.597375479e-12	-3.570774583e-12	-3.681172067e-12	-3.817793663e-12	-3.583283786e-12	-4.335418452e-12	-4.106032827e-12	-3.412902414e-12	-4.133387289e-12	-4.115150981e-12	-3.754041942e-12	-4.064662029e-12	-4.185383373e-12	-3.677554948e-12	-3.921484405e-12	-3.396399309e-12	-3.608452905e-12	-3.803325187e-12	-3.553668625e-12	-3.250358132e-12	-3.555326471e-12	-3.784335313e-12	-3.425411617e-12	-3.582454863e-12	-3.917038363e-12	-3.518401716e-12	-3.448998246e-12	-3.993450000e-12	-3.798502362e-12	-3.477030918e-12	-3.232800034e-12	-3.298586385e-12	-3.136569600e-12	-3.539652289e-12	-3.300847084e-12	-2.917959975e-12	-3.736257774e-12	-3.422774134e-12	-3.340333966e-12	-3.691345214e-12	-3.800461635e-12	-3.329934749e-12	-3.250282776e-12	-3.426089827e-12	-3.467912764e-12	-3.378539784e-12	-3.441839365e-12	-3.808072656e-12	-3.726762837e-12	-3.345684287e-12	-3.043278074e-12	-2.748633596e-12	-1.187017859e-12	2.398451270e-12	8.741220009e-12	2.228032219e-11	4.043366242e-11	6.701217688e-11	1.010023187e-10	1.440323943e-10	1.844377980e-10	2.126560730e-10	3.414786330e-11	3.628497773e-11	4.011980199e-11	4.308425702e-11	4.688532151e-11	5.119421442e-11	5.650565213e-11	6.305648056e-11	7.042869641e-11	-3.956675958e-12	-2.983369542e-12	-3.709656879e-12	-3.720131452e-12	-3.735127424e-12	-3.712219004e-12	-4.363149697e-12	-4.097140743e-12	-4.077849442e-12	-3.881243957e-12	-3.822088992e-12	-3.973932630e-12	-4.220800996e-12	-3.944392825e-12	-4.088399372e-12	-3.680343144e-12	-4.009877749e-12	-3.568664597e-12	-4.010555959e-12	-3.264751251e-12	-3.564067842e-12	-3.878305048e-12	-4.137908687e-12	-3.597902975e-12	-3.388260791e-12	-3.711314725e-12	-3.418629519e-12	-3.649446920e-12	-3.922313328e-12	-3.450656093e-12	-3.825706111e-12	-4.174532016e-12	-3.870241887e-12	-4.239941584e-12	-4.024723008e-12	-4.066847372e-12	-4.212587122e-12	-4.312585388e-12	-4.115301694e-12	-4.024798364e-12	-4.505649111e-12	-4.422380019e-12	-3.777402502e-12	-3.582907003e-12	-3.383136539e-12	-3.595717633e-12	-3.403482833e-12	-3.675595675e-12	-3.633697381e-12	-3.618550696e-12	-4.070615204e-12	-3.977022252e-12	-3.830302866e-12	-4.306330787e-12	-3.992168938e-12	-3.764591872e-12	-3.584188066e-12	-3.587579115e-12	-2.984876675e-12	-3.413053127e-12	-3.334305434e-12	-3.605815423e-12	-3.575371339e-12	-3.601896877e-12	-3.629175983e-12	-3.788555285e-12	-3.792624544e-12	-3.593306220e-12	-3.832412852e-12	-3.848313104e-12	-4.270988521e-12	-3.659695424e-12	-3.975515119e-12	-4.003547791e-12	-4.095407540e-12	-3.830679649e-12	-3.968582308e-12	-3.534754108e-12	-3.533699114e-12	-3.767756851e-12	-3.773408600e-12	-3.734750641e-12	-3.701443004e-12	-3.792247761e-12	-3.609055759e-12
-2.949232982e-12	-3.094520592e-12	-3.552688989e-12	-3.551784709e-12	-3.625332794e-12	-3.295722832e-12	-3.421342358e-12	-3.514181744e-12	-3.103412676e-12	-3.246288874e-12	-3.545228681e-12	-3.267991587e-12	-3.297380678e-12	-3.291653573e-12	-3.236492510e-12	-3.532794835e-12	-3.504762163e-12	-3.375902302e-12	-3.142372061e-12	-2.637859329e-12	-3.212453740e-12	-3.100775194e-12	-3.005675109e-12	-3.339806469e-12	-2.885179835e-12	-3.595717633e-12	-3.775820012e-12	-3.605137213e-12	-3.507851786e-12	-3.018937878e-12	-3.072215026e-12	-3.433097995e-12	-3.212453740e-12	-3.214940510e-12	-3.597601549e-12	-3.227525069e-12	-3.400996064e-12	-3.322097658e-12	-3.742135592e-12	-3.693681270e-12	-3.515688877e-12	-3.328729042e-12	-3.751027676e-12	-3.855547342e-12	-3.294969266e-12	-3.252769545e-12	-3.293386776e-12	-3.171233656e-12	-3.126019670e-12	-3.425713043e-12	-3.196930272e-12	-3.371682330e-12	-3.331969378e-12	-3.874235789e-12	-3.909125916e-12	-3.884107510e-12	-3.722015368e-12	-3.941830699e-12	-3.603856150e-12	-4.065340239e-12	-4.082672267e-12	-4.047179288e-12	-3.798200935e-12	-3.246439587e-12	-3.572281716e-12	-3.291578217e-12	-3.163622635e-12	-3.415615253e-12	-3.603780794e-12	-4.000684238e-12	-3.624880654e-12	-3.843414922e-12	-4.056372798e-12	-3.986140406e-12	-4.283799150e-12	-3.926081161e-12	-4.194275457e-12	-4.377919599e-12	-3.917565860e-12	-4.101812855e-12	-3.768887201e-12	-4.274680996e-12	-4.022160882e-12	-4.156144995e-12	-4.094201834e-12	-3.637163787e-12	-3.668210724e-12	-4.211004632e-12	-3.968733021e-12	-4.033916518e-12	-4.022613022e-12	-4.054639596e-12	-4.222986339e-12	-4.110177442e-12	-3.966849105e-12	-3.650125130e-12	-3.448696820e-12	-3.713726137e-12	-3.473263086e-12	-3.562711422e-12	-3.608905045e-12	-3.324659784e-12	-3.789308851e-12	-3.576652402e-12	-4.053509246e-12	-3.899630979e-12	-3.989003958e-12	-3.986893972e-12	-3.492629743e-12	-3.754117299e-12	-4.166167429e-12	-3.937309301e-12	-4.049213917e-12	-4.259685024e-12	-4.041527539e-12	-3.711390081e-12	-3.990963231e-12	-3.913119818e-12	-3.565951758e-12	-3.394666106e-12	-3.723673214e-12	-3.704080487e-12	-4.109800659e-12	-3.402126414e-12	-3.846730614e-12	-3.625182080e-12	-3.857129831e-12	-3.868734754e-12	-3.558491450e-12	-3.642288039e-12	-4.191110478e-12	-3.677253522e-12	-3.193087083e-12	-3.555175758e-12	-3.781170334e-12	-3.549750080e-12	-2.965886801e-12	-3.277637238e-12	-3.054581571e-12	-3.130767138e-12	-2.847501513e-12	-3.155182691e-12	-2.811254967e-12	-3.247720650e-12	-2.562502685e-12	-2.711784197e-12	-1.839606397e-12	-8.804670303e-13	2.962043612e-12	1.044013555e-11	2.474327875e-11	4.911007571e-11	8.041578782e-11	1.210230719e-10	1.679416257e-10	2.126877982e-10	2.322166232e-10	5.030485530e-11	5.534907835e-11	6.032397328e-11	6.635333374e-11	7.348501119e-11	8.184997547e-11	9.456279205e-11	-2.699425707e-12	-2.808466771e-12	-2.549164559e-12	-2.778700897e-12	-3.149681656e-12	-3.116298662e-12	-3.156840537e-12	-3.367311644e-12	-3.548845800e-12	-3.301902077e-12	-3.492328317e-12	-3.567006751e-12	-3.717720040e-12	-3.201150244e-12	-3.296250329e-12	-3.791192768e-12	-3.463240652e-12	-3.506796793e-12	-3.351938889e-12	-3.534000541e-12	-2.922782800e-12	-2.667549847e-12	-2.822030967e-12	-3.290221797e-12	-3.240712482e-12	-3.408531729e-12	-3.186907838e-12	-3.127828229e-12	-3.012758633e-12	-3.259325573e-12	-3.415690610e-12	-2.969880703e-12	-3.335737210e-12	-3.035290270e-12	-2.846974016e-12	-2.874479191e-12	-3.416293463e-12	-3.037324899e-12	-3.238301069e-12	-3.343574301e-12	-3.138754942e-12	-3.331065098e-12	-3.314486637e-12	-3.488560485e-12	-3.452087869e-12	-3.347116064e-12	-3.623976374e-12	-3.515914946e-12	-3.855698055e-12	-3.868056545e-12	-3.264073042e-12	-3.659017214e-12	-3.765797578e-12	-4.028340127e-12	-3.698805522e-12	-4.034745441e-12	-4.066847372e-12	-3.712972571e-12	-3.527369156e-12	-3.429330162e-12	-3.060760816e-12	-3.232950748e-12	-3.717795396e-12	-3.238602496e-12	-3.442442218e-12	-3.557813241e-12	-3.511393548e-12	-4.035725078e-12	-3.836858894e-12	-3.481250890e-12	-3.543269408e-12	-3.906563790e-12	-4.059160994e-12	-3.554798975e-12	-3.795638810e-12	-4.054714952e-12	-3.511092121e-12	-3.799708068e-12	-3.561204290e-12	-3.715911480e-12	-4.159159261e-12	-3.501521827e-12	-3.659318640e-12	-3.714856487e-12	-3.867604405e-12	-4.340994843e-12	-3.811765131e-12
-2.628138322e-12	-2.858428226e-12	-2.864682828e-12	-3.179673600e-12	-3.222928314e-12	-3.589312318e-12	-3.260531279e-12	-3.631813465e-12	-3.068748620e-12	-3.019691445e-12	-3.143050271e-12	-3.157368034e-12	-2.776590911e-12	-3.521792765e-12	-3.496472932e-12	-3.361584539e-12	-3.032577431e-12	-3.554648262e-12	-3.307026329e-12	-3.064227221e-12	-2.715175246e-12	-3.012231137e-12	-3.174172565e-12	-2.875458828e-12	-3.333777938e-12	-3.243274608e-12	-3.424808764e-12	-3.559621800e-12	-3.464220289e-12	-3.193162440e-12	-2.894750129e-12	-2.986383808e-12	-3.142447418e-12	-3.288111811e-12	-3.766174362e-12	-3.631888822e-12	-2.975833878e-12	-3.200848817e-12	-3.011628284e-12	-3.493458667e-12	-3.194820286e-12	-3.721563228e-12	-3.254728818e-12	-2.960385766e-12	-3.445305771e-12	-3.682377773e-12	-3.319158749e-12	-3.702196571e-12	-3.350356399e-12	-3.305519196e-12	-2.930921318e-12	-2.945465150e-12	-2.914794996e-12	-3.050361599e-12	-2.959481486e-12	-3.348321770e-12	-3.258722720e-12	-2.615553762e-12	-2.801835386e-12	-3.109968704e-12	-3.215995503e-12	-3.124889320e-12	-3.280726860e-12	-3.347116064e-12	-3.121422914e-12	-3.430535869e-12	-3.165205125e-12	-3.161889432e-12	-3.017053962e-12	-3.114640816e-12	-3.221195111e-12	-3.273191196e-12	-3.483210163e-12	-3.157368034e-12	-3.229936482e-12	-3.365050945e-12	-3.242068902e-12	-3.504686806e-12	-3.602650444e-12	-3.099192704e-12	-2.900552590e-12	-3.247720650e-12	-3.160231586e-12	-2.826024869e-12	-3.386226162e-12	-3.161135866e-12	-3.092033823e-12	-3.392932903e-12	-3.027528536e-12	-3.317048763e-12	-2.959481486e-12	-3.072667166e-12	-3.505214303e-12	-3.371606973e-12	-3.510263198e-12	-3.487957631e-12	-3.314486637e-12	-3.534754108e-12	-3.379670134e-12	-3.056917627e-12	-4.130222310e-12	-3.214789796e-12	-3.464521715e-12	-3.583359143e-12	-3.457061407e-12	-3.354501015e-12	-3.480120540e-12	-3.534151254e-12	-3.731434949e-12	-3.457287477e-12	-3.952380629e-12	-4.212134982e-12	-3.999026392e-12	-3.617269633e-12	-3.825253971e-12	-3.877777552e-12	-3.095952369e-12	-3.408456372e-12	-3.156162327e-12	-3.303107783e-12	-3.069803613e-12	-3.412525631e-12	-3.370476623e-12	-3.087060285e-12	-3.307779895e-12	-3.165506551e-12	-2.867244954e-12	-3.123909684e-12	-3.350657826e-12	-2.975381738e-12	-3.055636564e-12	-3.652687256e-12	-2.957371500e-12	-3.264299112e-12	-3.122477907e-12	-3.277486524e-12	-3.592326584e-12	-2.783900505e-12	-3.066035781e-12	-3.323680147e-12	-2.803643946e-12	-3.212755167e-12	-3.023157850e-12	-2.912006800e-12	-3.187133908e-12	-2.443740613e-12	-2.476596110e-12	-1.095987033e-12	4.461716187e-12	1.179904192e-11	3.033670102e-11	5.628809749e-11	8.641040886e-11	1.250888643e-10	1.710155740e-10	5.393862804e-11	5.912987190e-11	6.454756248e-11	7.075114749e-11	7.804838349e-11	8.813780922e-11	1.007919230e-10	-2.897236898e-12	-2.914644283e-12	-3.052471585e-12	-3.114640816e-12	-3.096027725e-12	-2.810275331e-12	-3.022328927e-12	-2.849837569e-12	-3.104392313e-12	-3.231745041e-12	-3.665648598e-12	-3.220215475e-12	-3.495267226e-12	-3.343423588e-12	-3.413505267e-12	-3.391124344e-12	-3.184345712e-12	-3.568061744e-12	-3.573261353e-12	-3.496623646e-12	-3.473187729e-12	-3.251413125e-12	-3.278993657e-12	-3.385095812e-12	-3.016149682e-12	-2.967469290e-12	-2.915699276e-12	-2.975833878e-12	-3.875290782e-12	-3.401749631e-12	-2.983143472e-12	-3.488334415e-12	-3.624880654e-12	-3.918018000e-12	-3.320289098e-12	-3.559245017e-12	-3.263620902e-12	-3.142447418e-12	-3.425411617e-12	-3.197382412e-12	-3.228127922e-12	-3.259250216e-12	-3.336566133e-12	-3.543495478e-12	-3.093390243e-12	-3.479140904e-12	-2.988117011e-12	-3.362187392e-12	-3.714178277e-12	-3.085779222e-12	-3.087964564e-12	-3.395947169e-12	-3.706642613e-12	-3.042976648e-12	-3.356460287e-12	-3.616666780e-12	-3.453821072e-12	-3.613577157e-12	-3.266559811e-12	-3.532342695e-12	-3.020972508e-12	-3.368140567e-12	-3.154278411e-12	-3.126999306e-12	-3.443421855e-12	-2.901833653e-12	-3.643644458e-12	-3.221797964e-12	-3.311698441e-12	-3.292783923e-12	-3.101679474e-12	-3.293763559e-12	-3.167013684e-12	-3.004017263e-12	-3.265429461e-12	-3.079976760e-12	-3.530986275e-12	-3.589839814e-12	-3.604986500e-12	-3.462562442e-12	-3.311547728e-12	-3.034461347e-12	-3.528574863e-12	-3.159251950e-12	-3.695414473e-12	-3.299339951e-12	-3.065282214e-12	-2.649012112e-12	-3.098815921e-12
-3.303635280e-12	-3.859616600e-12	-3.382759756e-12	-3.705964403e-12	-3.375148735e-12	-3.290447867e-12	-3.398509295e-12	-3.432344428e-12	-3.421643785e-12	-3.391802554e-12	-3.244706384e-12	-3.483511589e-12	-3.419684512e-12	-3.147647026e-12	-2.822935247e-12	-2.963324675e-12	-3.623599591e-12	-3.027151752e-12	-3.331441882e-12	-3.026925683e-12	-3.713273998e-12	-3.645377661e-12	-3.768736488e-12	-3.790213131e-12	-3.342896091e-12	-3.756604068e-12	-3.219763335e-12	-3.309889881e-12	-3.111852620e-12	-3.044483781e-12	-3.225942580e-12	-2.756922827e-12	-3.096103082e-12	-3.254352035e-12	-3.000174074e-12	-3.068145767e-12	-2.794375079e-12	-3.221270468e-12	-3.286906105e-12	-3.072139669e-12	-3.163396565e-12	-3.253598468e-12	-3.343272875e-12	-2.972066046e-12	-3.566403898e-12	-3.290598580e-12	-3.019992871e-12	-2.895503695e-12	-3.110345488e-12	-3.095801655e-12	-3.462637799e-12	-3.202054524e-12	-3.129712145e-12	-3.233779671e-12	-3.071160033e-12	-3.185551418e-12	-3.079072480e-12	-3.046593767e-12	-3.708149746e-12	-3.127602159e-12	-3.294064986e-12	-3.358871700e-12	-3.511242835e-12	-3.348547840e-12	-3.205671642e-12	-3.210720538e-12	-3.306950972e-12	-4.037985777e-12	-3.480648037e-12	-3.408531729e-12	-3.685090613e-12	-3.275225825e-12	-3.073872872e-12	-3.322549798e-12	-2.947047640e-12	-3.291578217e-12	-3.366859504e-12	-3.415464540e-12	-3.331441882e-12	-3.476201995e-12	-3.807017663e-12	-3.536638024e-12	-3.955093469e-12	-3.617721773e-12	-3.356460287e-12	-3.420965575e-12	-4.070238421e-12	-3.749445187e-12	-4.156220352e-12	-4.221554562e-12	-4.165112436e-12	-3.890663538e-12	-3.440407589e-12	-4.024044798e-12	-3.796015593e-12	-3.618324626e-12	-3.619379619e-12	-3.957806308e-12	-3.555929325e-12	-3.602876514e-12	-3.509132848e-12	-3.685392039e-12	-4.072499120e-12	-3.504536093e-12	-3.666176095e-12	-3.703929774e-12	-4.106861750e-12	-3.812217271e-12	-3.823520768e-12	-3.846805971e-12	-3.633772738e-12	-3.791192768e-12	-3.753740515e-12	-3.553141129e-12	-3.398509295e-12	-3.301073154e-12	-3.770545047e-12	-3.934973245e-12	-3.679212794e-12	-4.071293414e-12	-3.596847982e-12	-4.129167317e-12	-3.889834615e-12	-3.969637301e-12	-4.033690448e-12	-4.065641666e-12	-3.852080936e-12	-3.789911705e-12	-4.056222085e-12	-3.573788849e-12	-3.981619007e-12	-3.612974304e-12	-3.709807592e-12	-3.909879482e-12	-3.961875567e-12	-4.134969778e-12	-3.408757798e-12	-3.406647812e-12	-3.940549636e-12	-3.538069800e-12	-3.183893572e-12	-3.339354329e-12	-3.502953604e-12	-3.281932566e-12	-2.874554548e-12	-2.815625652e-12	-2.401691606e-12	-9.427116184e-13	2.113829225e-12	1.500848139e-11	3.065508284e-11	5.906664768e-11	9.321556597e-11	1.297997849e-10	1.744773075e-10	5.687904430e-11	6.163977565e-11	6.819105622e-11	7.566651068e-11	8.512060454e-11	9.773824568e-11	1.594094451e-12	-2.349996948e-12	-2.636126126e-12	-2.487070684e-12	-3.049984816e-12	-2.974251388e-12	-2.812309960e-12	-3.169726523e-12	-2.730924784e-12	-3.622770668e-12	-2.973121039e-12	-3.336113994e-12	-3.050813739e-12	-3.031522438e-12	-3.932486475e-12	-3.374244455e-12	-3.333853294e-12	-3.305594553e-12	-2.926776702e-12	-3.030467445e-12	-3.205294859e-12	-3.547715450e-12	-3.192785656e-12	-3.245686021e-12	-3.313883783e-12	-3.115545096e-12	-3.313280930e-12	-3.402503197e-12	-3.998272826e-12	-3.210042328e-12	-3.529705212e-12	-3.630683116e-12	-3.322775867e-12	-3.065809711e-12	-3.471228456e-12	-3.677554948e-12	-3.657811507e-12	-4.070012351e-12	-3.989531455e-12	-3.423678414e-12	-3.687351312e-12	-3.340333966e-12	-3.877023985e-12	-3.319836958e-12	-3.775141802e-12	-3.528047366e-12	-3.810710138e-12	-3.579214528e-12	-3.325790133e-12	-3.227298999e-12	-2.987288088e-12	-3.007785095e-12	-2.947499780e-12	-3.358268847e-12	-3.167089041e-12	-3.424658050e-12	-3.248775643e-12	-3.240787839e-12	-3.120367921e-12	-2.761293512e-12	-3.496096149e-12	-3.496171506e-12	-3.672279983e-12	-3.754117299e-12	-3.866549412e-12	-3.456910694e-12	-3.645980514e-12	-3.405894246e-12	-3.689762725e-12	-3.419835225e-12	-3.777553215e-12	-3.929170783e-12	-3.895260293e-12	-3.505666443e-12	-3.302128147e-12	-3.253372398e-12	-2.860236786e-12	-2.903792926e-12	-3.151791642e-12	-3.427370890e-12	-3.360830973e-12	-3.350356399e-12	-3.392556120e-12	-3.709581522e-12	-3.795035956e-12	-3.840626726e-12	-3.836934251e-12	-4.012892015e-12	-3.971671930e-12	-3.967979455e-12
-3.999553889e-12	-4.778138736e-12	-4.461339404e-12	-4.719586624e-12	-4.066470589e-12	-4.052002113e-12	-4.265412129e-12	-4.316127151e-12	-4.204373247e-12	-3.923669748e-12	-3.892698167e-12	-3.935274671e-12	-3.897596349e-12	-3.952455986e-12	-3.779663201e-12	-3.744396292e-12	-4.175134870e-12	-4.161646030e-12	-4.353805473e-12	-4.099250729e-12	-4.115979904e-12	-4.393669138e-12	-4.253053640e-12	-4.253355066e-12	-4.322607822e-12	-4.401656942e-12	-3.908824489e-12	-3.970616937e-12	-3.710485802e-12	-3.542515842e-12	-3.899480265e-12	-3.881093244e-12	-3.901138111e-12	-4.300226899e-12	-3.704155844e-12	-4.072725190e-12	-3.660448990e-12	-3.719528599e-12	-3.924724741e-12	-3.829172516e-12	-4.362998983e-12	-4.080637638e-12	-4.372569277e-12	-4.571209391e-12	-4.189603345e-12	-4.394648774e-12	-4.054413526e-12	-4.782434065e-12	-4.497133810e-12	-4.261418227e-12	-4.155994282e-12	-3.774765019e-12	-3.867076908e-12	-4.095859680e-12	-3.901891678e-12	-3.807319089e-12	-3.943111762e-12	-4.285683067e-12	-4.086967596e-12	-3.833769272e-12	-3.995107847e-12	-4.060442057e-12	-4.549431321e-12	-4.235646255e-12	-3.706190473e-12	-4.237530171e-12	-3.987873609e-12	-4.740385057e-12	-4.468347572e-12	-4.464579740e-12	-4.232481276e-12	-4.135346561e-12	-4.815289562e-12	-4.125022701e-12	-4.501504495e-12	-4.828703044e-12	-4.243257276e-12	-4.108519596e-12	-3.965115902e-12	-3.754494082e-12	-3.972425497e-12	-4.081089778e-12	-3.953209553e-12	-4.030073330e-12	-4.148609331e-12	-4.162022813e-12	-4.045069302e-12	-3.892321384e-12	-3.835803901e-12	-3.986065049e-12	-3.889457832e-12	-4.167975988e-12	-3.982297217e-12	-3.419307729e-12	-3.036571333e-12	-3.350130329e-12	-3.756227285e-12	-4.383571347e-12	-4.102340351e-12	-4.268652465e-12	-4.353504046e-12	-4.045898225e-12	-4.533757139e-12	-3.830076796e-12	-3.478538051e-12	-4.306632214e-12	-4.117487037e-12	-3.809278362e-12	-4.296534423e-12	-4.275283850e-12	-3.876421132e-12	-4.025099791e-12	-3.861651230e-12	-3.620133185e-12	-3.885313216e-12	-4.066545945e-12	-4.139265107e-12	-4.169483121e-12	-3.967225888e-12	-4.271516017e-12	-4.126153051e-12	-3.420513435e-12	-3.873180796e-12	-3.862254083e-12	-4.151548240e-12	-4.182670534e-12	-4.347023375e-12	-4.159008548e-12	-4.215827457e-12	-4.241448716e-12	-4.199625779e-12	-4.204448604e-12	-3.844168488e-12	-4.081014421e-12	-4.056297442e-12	-4.537524971e-12	-4.036629358e-12	-4.186212296e-12	-4.158405695e-12	-4.782057282e-12	-4.136250841e-12	-3.836632824e-12	-3.955244182e-12	-4.426223208e-12	-3.632416318e-12	-3.952380629e-12	-3.729324963e-12	-3.288865378e-12	-1.111435145e-12	6.833717275e-12	3.111083983e-11	6.815300112e-11	1.131477751e-10	1.659285483e-10	1.826415970e-10	5.920251571e-11	6.447559688e-11	7.252557039e-11	8.185351723e-11	9.491078904e-11	-2.753682491e-12	-3.087135641e-12	-2.967017150e-12	-3.490067618e-12	-3.746807704e-12	-3.465802778e-12	-3.716438977e-12	-3.325337993e-12	-3.393460400e-12	-3.091430970e-12	-3.514483170e-12	-3.430008372e-12	-3.598430472e-12	-3.734599928e-12	-3.575597409e-12	-3.984783986e-12	-4.007617050e-12	-3.922011902e-12	-4.310701472e-12	-3.983126140e-12	-3.831659285e-12	-3.988777889e-12	-4.030525469e-12	-4.388092746e-12	-3.930075063e-12	-3.850423090e-12	-3.918168713e-12	-3.950421357e-12	-4.004753497e-12	-4.156521778e-12	-4.630816497e-12	-4.393593781e-12	-4.535339629e-12	-4.340844130e-12	-4.238359094e-12	-3.670169997e-12	-4.040623260e-12	-3.627894920e-12	-3.538069800e-12	-3.898199202e-12	-3.961875567e-12	-4.192090114e-12	-3.764817942e-12	-4.008069189e-12	-4.174079877e-12	-3.638444850e-12	-3.892848881e-12	-3.269498720e-12	-3.092485963e-12	-3.598882612e-12	-3.533397688e-12	-3.263696258e-12	-3.441236512e-12	-3.659620067e-12	-3.685542752e-12	-3.283288986e-12	-4.053509246e-12	-3.909728769e-12	-3.945372462e-12	-3.711992935e-12	-3.505591086e-12	-3.699709802e-12	-2.980053850e-12	-3.860746950e-12	-3.591346947e-12	-3.874311146e-12	-4.014549861e-12	-4.495928104e-12	-3.554723618e-12	-3.558114667e-12	-3.843264209e-12	-3.924649384e-12	-4.170085974e-12	-3.750726250e-12	-3.721186445e-12	-3.697599816e-12	-3.767003285e-12	-3.815683677e-12	-3.882826447e-12	-3.614255367e-12	-3.763461523e-12	-3.874160433e-12	-3.103940173e-12	-3.413731337e-12	-3.207254132e-12	-2.874479191e-12	-3.105070523e-12	-2.706735301e-12	-3.414861687e-12	-2.482850712e-12	-3.079373907e-12
-3.774840376e-12	-4.387942033e-12	-4.587561783e-12	-4.199550422e-12	-4.735185449e-12	-5.130355691e-12	-5.361173092e-12	-5.065850403e-12	-5.034577396e-12	-5.015587522e-12	-4.529085027e-12	-4.101210002e-12	-4.130975876e-12	-4.434286369e-12	-4.706625281e-12	-4.219143150e-12	-4.093825051e-12	-3.984030420e-12	-4.020503036e-12	-4.312283962e-12	-3.998800322e-12	-3.981091511e-12	-4.255540409e-12	-3.970541581e-12	-4.303994731e-12	-4.507533027e-12	-4.497812020e-12	-4.265412129e-12	-4.472718257e-12	-4.577916133e-12	-3.877852908e-12	-4.218615653e-12	-4.478143936e-12	-4.226000604e-12	-4.413261865e-12	-3.804832320e-12	-3.872653300e-12	-3.855095202e-12	-4.427052131e-12	-3.809429075e-12	-4.290505892e-12	-3.973781916e-12	-4.061497050e-12	-4.411377949e-12	-4.071519484e-12	-4.297966200e-12	-4.266843905e-12	-4.460661194e-12	-4.454331236e-12	-4.601050622e-12	-4.168051345e-12	-3.720131452e-12	-4.384550984e-12	-4.121179512e-12	-4.187493359e-12	-4.576258286e-12	-4.463826173e-12	-4.098421806e-12	-4.170161331e-12	-4.117713107e-12	-4.087344379e-12	-3.763310809e-12	-4.523885419e-12	-4.371514284e-12	-4.434964579e-12	-4.867737786e-12	-4.531496440e-12	-4.829758037e-12	-4.251245080e-12	-5.148591999e-12	-4.626219741e-12	-4.558474118e-12	-4.691478595e-12	-4.603537392e-12	-4.440691684e-12	-4.455913726e-12	-4.636845028e-12	-4.189527989e-12	-4.599694203e-12	-5.227113622e-12	-4.396231264e-12	-4.639708581e-12	-5.036009172e-12	-4.789140806e-12	-4.954548640e-12	-4.870676695e-12	-5.315356252e-12	-5.238115692e-12	-4.933976276e-12	-4.942114794e-12	-4.723505169e-12	-5.010915410e-12	-5.004208669e-12	-4.998406207e-12	-5.026815662e-12	-4.747845365e-12	-5.504350716e-12	-5.367427693e-12	-5.350171022e-12	-5.212569790e-12	-5.082202795e-12	-4.509793726e-12	-4.738727211e-12	-4.976175997e-12	-5.070221089e-12	-5.113475803e-12	-5.430501205e-12	-4.922823493e-12	-4.663822707e-12	-4.484549250e-12	-4.707755630e-12	-4.303542591e-12	-4.482966761e-12	-4.515144048e-12	-4.440616327e-12	-4.375658900e-12	-4.225774534e-12	-4.735712945e-12	-4.204900744e-12	-4.531797866e-12	-4.456516579e-12	-4.541292804e-12	-4.660808441e-12	-5.217694041e-12	-4.711975603e-12	-4.765554177e-12	-5.065398264e-12	-4.552144160e-12	-4.477767152e-12	-4.762238484e-12	-5.229525035e-12	-4.937744108e-12	-4.674674064e-12	-5.004510095e-12	-4.973387801e-12	-4.717175211e-12	-4.914232835e-12	-4.998858347e-12	-5.275718657e-12	-5.119202908e-12	-4.873841674e-12	-5.000666906e-12	-4.972935661e-12	-4.740008274e-12	-4.929304164e-12	-5.272402965e-12	-4.927420248e-12	-4.390880942e-12	-2.067334176e-12	9.479338339e-12	2.836220623e-11	7.162875097e-11	1.251655774e-10	1.763804395e-10	5.040854605e-11	5.487885289e-11	6.057558912e-11	6.905713013e-11	7.912794277e-11	9.385006891e-11	-3.028056032e-12	-3.466028848e-12	-3.880867174e-12	-4.231275569e-12	-4.641893923e-12	-4.076568379e-12	-4.498339516e-12	-4.525392552e-12	-4.746564302e-12	-4.613258399e-12	-4.992603745e-12	-4.704063155e-12	-4.643928553e-12	-5.090868809e-12	-4.847240779e-12	-4.978738123e-12	-5.108502264e-12	-4.847014709e-12	-5.195388475e-12	-5.270895832e-12	-4.869018849e-12	-5.307669875e-12	-4.794415771e-12	-4.528934314e-12	-4.769623435e-12	-5.043544837e-12	-4.814686709e-12	-4.324039598e-12	-4.804061422e-12	-4.555610566e-12	-5.122217173e-12	-5.074139634e-12	-4.664124133e-12	-4.941436584e-12	-4.833751939e-12	-4.984465228e-12	-4.928625954e-12	-4.919809227e-12	-5.014532529e-12	-5.366071274e-12	-4.990870543e-12	-4.664425560e-12	-4.525166482e-12	-4.948896892e-12	-5.298853147e-12	-5.061705788e-12	-5.121915747e-12	-4.870149199e-12	-5.272252252e-12	-4.770452358e-12	-4.856811073e-12	-4.688916469e-12	-4.197365080e-12	-4.411679376e-12	-4.431046033e-12	-4.805417841e-12	-4.387414536e-12	-4.328033501e-12	-4.956583269e-12	-4.271289947e-12	-4.475506453e-12	-4.630364357e-12	-4.814460639e-12	-4.529235740e-12	-5.118524698e-12	-5.109331187e-12	-5.054772977e-12	-4.968791046e-12	-5.012799326e-12	-5.178282517e-12	-4.839629758e-12	-4.442801670e-12	-4.579724692e-12	-4.486960663e-12	-4.593439601e-12	-4.905114682e-12	-4.335569165e-12	-4.441822033e-12	-4.040171120e-12	-4.299774759e-12	-4.381235291e-12	-4.124947345e-12	-4.460359768e-12	-4.284703430e-12	-4.179580912e-12	-4.013947008e-12	-4.535339629e-12	-4.314017165e-12	-4.719285197e-12	-4.243181919e-12	-4.757792442e-12
-5.397570351e-12	-5.780382103e-12	-5.833734607e-12	-5.354767777e-12	-5.943981378e-12	-5.560340702e-12	-5.546625793e-12	-5.248364196e-12	-5.501713233e-12	-5.713992900e-12	-5.479332310e-12	-5.806455502e-12	-5.463205988e-12	-5.884072846e-12	-5.094636642e-12	-5.026966375e-12	-4.634584329e-12	-5.371044812e-12	-5.479256953e-12	-5.834638887e-12	-5.364187358e-12	-5.167807943e-12	-5.541049402e-12	-5.353637428e-12	-5.243164587e-12	-5.252132028e-12	-4.519213307e-12	-4.823428079e-12	-5.106241565e-12	-4.794641841e-12	-4.914911045e-12	-5.071200725e-12	-5.407969568e-12	-5.206541258e-12	-5.375189428e-12	-4.730437980e-12	-5.129752838e-12	-5.085443131e-12	-5.375415498e-12	-5.033296333e-12	-5.124176446e-12	-5.222215440e-12	-5.285816448e-12	-5.700654774e-12	-5.561094269e-12	-5.345875693e-12	-5.454690687e-12	-5.312492700e-12	-4.961556808e-12	-5.220256167e-12	-5.118826124e-12	-5.115058292e-12	-5.128170348e-12	-5.352582435e-12	-4.984163801e-12	-5.865836538e-12	-5.773901432e-12	-5.525299863e-12	-6.036443980e-12	-5.762221152e-12	-5.480462660e-12	-5.643534438e-12	-5.593949766e-12	-5.788143838e-12	-5.692365543e-12	-5.726276033e-12	-5.788068481e-12	-5.956113798e-12	-5.944433518e-12	-5.845038104e-12	-6.083843309e-12	-5.863048342e-12	-5.990476427e-12	-6.137195813e-12	-5.621982437e-12	-5.729817795e-12	-5.606534325e-12	-5.941871392e-12	-5.899747028e-12	-5.604424339e-12	-5.251001678e-12	-5.754157991e-12	-5.613241067e-12	-5.712259697e-12	-5.707210802e-12	-5.376319777e-12	-5.553257178e-12	-5.303073119e-12	-5.075722124e-12	-5.617234969e-12	-5.542405821e-12	-5.740066299e-12	-5.965608735e-12	-5.595833682e-12	-5.787917768e-12	-5.850313069e-12	-5.558381430e-12	-5.712259697e-12	-5.299154574e-12	-5.313773763e-12	-5.165773314e-12	-5.518065625e-12	-5.854080901e-12	-5.515352786e-12	-5.268635133e-12	-5.300887777e-12	-5.671039613e-12	-5.247535273e-12	-5.636224843e-12	-5.379710826e-12	-5.382046882e-12	-5.619344955e-12	-5.187702097e-12	-5.707286159e-12	-5.800653041e-12	-5.816402579e-12	-5.408421708e-12	-5.364790211e-12	-5.350773875e-12	-5.296517091e-12	-5.706155809e-12	-5.390336113e-12	-4.816344555e-12	-5.325077259e-12	-5.848881293e-12	-4.961255381e-12	-5.703970466e-12	-5.021992837e-12	-5.945714581e-12	-5.406010295e-12	-5.668100704e-12	-5.300812420e-12	-5.875632902e-12	-5.631175948e-12	-5.509625681e-12	-5.106316921e-12	-4.862613534e-12	-5.103227299e-12	-5.345951050e-12	-5.888443531e-12	-5.646397990e-12	-5.789726327e-12	-5.630949878e-12	-5.681589543e-12	-5.820773265e-12	-5.729290299e-12	-5.209856950e-12	-4.973915298e-12	-2.569510852e-12	9.710005026e-12	4.571571103e-11	1.020472893e-10	1.600043104e-10	4.248765847e-11	4.725155480e-11	5.009996059e-11	5.588087019e-11	6.361577757e-11	7.618164870e-11	-4.716572358e-12	-4.029169050e-12	-4.834731576e-12	-4.534435349e-12	-4.588616776e-12	-4.746413589e-12	-5.012271830e-12	-4.920713507e-12	-4.851837534e-12	-5.102247663e-12	-4.947766542e-12	-4.982505955e-12	-4.888460863e-12	-5.309327721e-12	-4.900593283e-12	-4.493441334e-12	-4.822297730e-12	-4.997954067e-12	-5.074365704e-12	-4.747694652e-12	-5.087327047e-12	-5.467124534e-12	-5.095842348e-12	-4.846110429e-12	-4.924029199e-12	-4.634282902e-12	-5.318069091e-12	-5.127115355e-12	-5.191243859e-12	-5.386718994e-12	-5.363659861e-12	-5.221386517e-12	-5.261250182e-12	-5.283857175e-12	-5.682267753e-12	-5.811429041e-12	-5.801934104e-12	-5.056958319e-12	-5.145653090e-12	-5.199985230e-12	-5.039626291e-12	-5.034275970e-12	-5.754233348e-12	-5.505782492e-12	-5.497342548e-12	-4.985897004e-12	-5.341580364e-12	-5.180769286e-12	-4.893509758e-12	-4.707529561e-12	-5.069015383e-12	-4.409870816e-12	-4.800444303e-12	-4.503086985e-12	-4.858544275e-12	-5.255297007e-12	-5.458835303e-12	-5.061856501e-12	-4.785900470e-12	-5.190339580e-12	-5.143919887e-12	-5.031261704e-12	-4.828853758e-12	-5.140604195e-12	-5.563882465e-12	-5.074968557e-12	-4.687861476e-12	-5.435248673e-12	-5.188757090e-12	-5.069015383e-12	-5.164115467e-12	-5.027493872e-12	-5.079113173e-12	-5.196217398e-12	-5.591010857e-12	-5.513242800e-12	-5.511811024e-12	-5.486641904e-12	-5.024479606e-12	-5.561320339e-12	-5.344217847e-12	-4.806096051e-12	-4.786051184e-12	-5.103679439e-12	-5.417765932e-12	-5.337812532e-12	-5.689275921e-12	-4.896147241e-12	-4.788839380e-12	-5.132616390e-12	-5.129752838e-12	-4.616724804e-12
-4.726067295e-12	-5.468028813e-12	-5.848278440e-12	-5.475941261e-12	-5.836296733e-12	-5.232765370e-12	-4.912876416e-12	-4.986123074e-12	-5.320857287e-12	-5.464185625e-12	-5.808188705e-12	-5.657626130e-12	-5.987763588e-12	-6.098236428e-12	-6.151965716e-12	-5.766742551e-12	-5.625072060e-12	-5.594251192e-12	-5.053567270e-12	-5.570212423e-12	-5.325981539e-12	-5.121388250e-12	-5.546927220e-12	-5.477222324e-12	-5.298476364e-12	-5.321158714e-12	-5.855738748e-12	-5.022972473e-12	-5.234875356e-12	-5.432987974e-12	-5.897410972e-12	-5.841119559e-12	-5.660037543e-12	-4.745283239e-12	-5.464260981e-12	-5.498322184e-12	-5.894773489e-12	-5.737428816e-12	-5.767043977e-12	-5.361323805e-12	-5.540823332e-12	-5.619118885e-12	-6.010521295e-12	-5.489882240e-12	-5.849936286e-12	-5.444065401e-12	-5.262983385e-12	-4.863517814e-12	-5.113023663e-12	-5.699675138e-12	-5.049347298e-12	-5.277677930e-12	-5.006996864e-12	-4.935634122e-12	-5.158539076e-12	-4.916418178e-12	-5.512564590e-12	-4.919055661e-12	-4.909711437e-12	-5.276698294e-12	-4.718606987e-12	-4.897654374e-12	-5.148591999e-12	-5.404427806e-12	-4.693890008e-12	-4.929002738e-12	-5.146858796e-12	-5.178056447e-12	-5.268032280e-12	-4.702932805e-12	-5.068111103e-12	-5.095993061e-12	-5.533136954e-12	-5.140076698e-12	-5.392446099e-12	-5.356124197e-12	-5.698544788e-12	-5.173233621e-12	-5.528540199e-12	-5.378128337e-12	-5.328995805e-12	-5.408723134e-12	-4.972332808e-12	-4.687861476e-12	-5.276020084e-12	-4.617101588e-12	-4.473923964e-12	-5.163814041e-12	-4.990116976e-12	-5.147913789e-12	-5.031939914e-12	-5.351452085e-12	-5.032618123e-12	-4.743399323e-12	-5.450772142e-12	-4.737220078e-12	-4.848823268e-12	-4.771205925e-12	-4.885145171e-12	-5.267881566e-12	-5.079489956e-12	-5.145502376e-12	-4.882658402e-12	-4.731040834e-12	-4.985670934e-12	-5.387020421e-12	-5.209555524e-12	-4.764574540e-12	-4.938271605e-12	-5.042414487e-12	-4.382290284e-12	-4.802177506e-12	-5.217844755e-12	-4.838499408e-12	-5.003078319e-12	-4.469402565e-12	-4.712879882e-12	-4.676482623e-12	-4.603235965e-12	-4.559679825e-12	-4.524714342e-12	-4.740611127e-12	-5.378731190e-12	-4.530592160e-12	-4.765930960e-12	-4.854248947e-12	-4.836163352e-12	-4.885672667e-12	-4.930208444e-12	-5.329598658e-12	-5.099685537e-12	-4.812652079e-12	-4.651464217e-12	-4.670906231e-12	-4.539936384e-12	-4.504443405e-12	-4.642722847e-12	-4.752894260e-12	-4.335267738e-12	-5.053491914e-12	-4.230522003e-12	-4.880322346e-12	-4.595700301e-12	-4.714010232e-12	-4.238961947e-12	-4.655834903e-12	-4.093372911e-12	-3.927814363e-12	3.458869967e-14	1.084073147e-11	4.669399099e-11	1.009952352e-10	1.676264842e-10	5.056973391e-11	5.516008389e-11	6.107829329e-11	6.875057930e-11	8.037908913e-11	-3.639273773e-12	-4.435718145e-12	-4.856660359e-12	-5.228620755e-12	-4.888460863e-12	-4.977607773e-12	-4.962084304e-12	-4.935935549e-12	-5.090567383e-12	-5.417539862e-12	-4.853796807e-12	-4.413186508e-12	-4.869998485e-12	-4.885748024e-12	-4.756586736e-12	-5.011292193e-12	-4.519213307e-12	-5.129149985e-12	-4.526070761e-12	-4.838951548e-12	-5.323268700e-12	-4.670303378e-12	-5.037667019e-12	-5.005715801e-12	-5.403523526e-12	-5.351828868e-12	-5.021766767e-12	-5.152359831e-12	-5.102323019e-12	-5.284912168e-12	-5.389130407e-12	-5.111365817e-12	-5.508872114e-12	-4.928927381e-12	-4.930133087e-12	-4.905566821e-12	-5.339168952e-12	-4.920412080e-12	-5.258160559e-12	-5.442332198e-12	-5.373305512e-12	-5.222667580e-12	-4.951459018e-12	-5.201869146e-12	-5.058164026e-12	-5.071502152e-12	-5.193956699e-12	-5.470817009e-12	-5.606383612e-12	-4.902477199e-12	-5.455519610e-12	-5.370065176e-12	-5.287474294e-12	-5.326735106e-12	-4.987253424e-12	-5.122367887e-12	-5.585660535e-12	-5.294331749e-12	-5.561847835e-12	-5.105337285e-12	-4.903230765e-12	-5.492821149e-12	-5.291242126e-12	-5.264716587e-12	-5.919189042e-12	-4.934428416e-12	-4.737747575e-12	-5.269991553e-12	-5.257256280e-12	-5.683096676e-12	-6.039232176e-12	-5.793192733e-12	-5.287549651e-12	-5.880229657e-12	-6.177210192e-12	-5.636450913e-12	-5.281370406e-12	-5.154620530e-12	-5.176323244e-12	-5.523491303e-12	-5.047463382e-12	-5.182050349e-12	-5.651522242e-12	-5.542330465e-12	-5.412189540e-12	-5.374134435e-12	-5.058465452e-12	-4.957186123e-12	-5.154243747e-12	-5.075571411e-12	-5.122970740e-12	-5.064192557e-12	-5.285364308e-12
-6.455125495e-12	-6.018433742e-12	-5.904946636e-12	-6.149026807e-12	-6.018433742e-12	-6.171106303e-12	-6.058372764e-12	-5.370818742e-12	-5.390034687e-12	-5.597868311e-12	-5.164718321e-12	-5.186496391e-12	-5.769832173e-12	-5.673526382e-12	-5.746622327e-12	-5.858225517e-12	-5.795754859e-12	-5.935918217e-12	-6.099442135e-12	-6.066511281e-12	-5.655290074e-12	-5.779628537e-12	-5.726502103e-12	-5.779402467e-12	-5.036536669e-12	-5.743834131e-12	-5.860109433e-12	-5.619571025e-12	-5.913989433e-12	-5.744210914e-12	-5.600581150e-12	-5.654611864e-12	-5.740292369e-12	-5.670738186e-12	-5.701559054e-12	-5.405708869e-12	-5.510756031e-12	-5.376169064e-12	-5.997936735e-12	-5.895376342e-12	-6.082260820e-12	-5.912859084e-12	-6.257012878e-12	-5.803215167e-12	-6.004568120e-12	-5.578953794e-12	-5.958223784e-12	-6.132975841e-12	-5.332085427e-12	-5.664408228e-12	-5.412641680e-12	-5.483401569e-12	-4.960501815e-12	-5.466521680e-12	-5.532232674e-12	-4.751462484e-12	-5.115284362e-12	-5.033220977e-12	-5.564711388e-12	-5.585057682e-12	-5.589428367e-12	-5.763426858e-12	-6.108937072e-12	-5.782341376e-12	-6.052796372e-12	-5.539617625e-12	-5.657927557e-12	-5.579933430e-12	-5.969225854e-12	-5.942700315e-12	-5.756870830e-12	-5.562073905e-12	-6.108334219e-12	-5.809695838e-12	-5.799598048e-12	-6.177813045e-12	-5.721076424e-12	-5.390562183e-12	-6.229733773e-12	-5.615426409e-12	-5.698695501e-12	-5.522813094e-12	-5.611733934e-12	-5.288604644e-12	-6.070354470e-12	-6.257088234e-12	-5.596436535e-12	-5.984297182e-12	-6.136216177e-12	-5.475639834e-12	-5.985050749e-12	-5.925519000e-12	-5.971109770e-12	-5.572849905e-12	-5.599149374e-12	-5.935692147e-12	-5.891156370e-12	-5.819492202e-12	-5.597943668e-12	-5.485210128e-12	-5.487847611e-12	-5.522737737e-12	-6.268768514e-12	-6.177134835e-12	-5.723035697e-12	-6.243674752e-12	-6.161686723e-12	-6.161159226e-12	-5.928457909e-12	-6.161008513e-12	-6.185725492e-12	-5.975555812e-12	-5.796357712e-12	-5.760186523e-12	-6.183464793e-12	-6.088440065e-12	-5.725371753e-12	-6.108937072e-12	-5.390938966e-12	-6.411644712e-12	-6.373137466e-12	-6.301021158e-12	-6.060934890e-12	-6.098236428e-12	-5.895074916e-12	-6.233803031e-12	-5.506460702e-12	-5.657173990e-12	-6.425284264e-12	-6.075328009e-12	-6.403958334e-12	-6.101476764e-12	-6.095674303e-12	-6.095372876e-12	-6.070806610e-12	-6.193185800e-12	-6.261986416e-12	-6.256108598e-12	-6.074800512e-12	-6.435683481e-12	-6.239530136e-12	-6.469669328e-12	-6.340281969e-12	-6.513300824e-12	-6.235008738e-12	-5.931020035e-12	-5.818286495e-12	-4.975422431e-12	1.186641076e-12	1.896478057e-11	6.332309237e-11	1.300272866e-10	4.818168185e-11	5.266871787e-11	5.758091608e-11	6.470664035e-11	7.512153143e-11	-4.936839829e-12	-4.870752052e-12	-5.412641680e-12	-5.800728397e-12	-5.070145732e-12	-5.602012927e-12	-5.116866852e-12	-5.336003973e-12	-5.023424613e-12	-5.186722461e-12	-5.263284811e-12	-4.879945562e-12	-5.029980641e-12	-5.436605093e-12	-4.981677032e-12	-5.591161570e-12	-5.133746740e-12	-5.633285934e-12	-5.642102661e-12	-5.585886605e-12	-5.655440787e-12	-5.423417680e-12	-5.253337734e-12	-5.583249122e-12	-5.489882240e-12	-5.382649736e-12	-5.301641343e-12	-5.126587859e-12	-5.075269984e-12	-5.739463446e-12	-5.239095328e-12	-5.580084143e-12	-6.000800288e-12	-5.578727724e-12	-5.996580315e-12	-5.385362575e-12	-5.461548142e-12	-5.809469768e-12	-5.610678941e-12	-5.328392952e-12	-5.311588420e-12	-5.316561959e-12	-5.065096837e-12	-5.299305287e-12	-5.531328394e-12	-5.521833457e-12	-5.096294488e-12	-5.654687221e-12	-5.661770745e-12	-5.778121404e-12	-5.370592672e-12	-5.770359670e-12	-5.419800561e-12	-5.296818518e-12	-5.809846551e-12	-5.324097623e-12	-5.296667805e-12	-5.227942545e-12	-5.167581873e-12	-5.232765370e-12	-5.020485704e-12	-5.124854656e-12	-5.524320227e-12	-5.661770745e-12	-6.208407842e-12	-5.472625569e-12	-5.365543777e-12	-4.952664724e-12	-5.597642241e-12	-5.546625793e-12	-5.866439391e-12	-5.712561124e-12	-5.689125207e-12	-5.487244758e-12	-5.376169064e-12	-5.350397092e-12	-5.520250968e-12	-5.244596363e-12	-5.192298852e-12	-5.040982711e-12	-5.123422880e-12	-5.261099469e-12	-5.525978073e-12	-5.126060362e-12	-4.925385619e-12	-4.788613310e-12	-5.571192059e-12	-5.233669650e-12	-5.252358098e-12	-4.785900470e-12	-4.741666120e-12	-4.893132975e-12	-4.586130007e-12	-4.587863210e-12
-5.372778015e-12	-5.518668478e-12	-5.525752003e-12	-5.394179302e-12	-5.038194515e-12	-5.032994907e-12	-5.726878886e-12	-5.653556871e-12	-5.848052370e-12	-5.332386854e-12	-5.555065737e-12	-5.504501429e-12	-5.576391668e-12	-5.630120955e-12	-5.696058019e-12	-5.519422045e-12	-5.031713844e-12	-5.157182656e-12	-5.083935998e-12	-5.642856228e-12	-5.842325265e-12	-6.158295674e-12	-5.780532817e-12	-5.981132203e-12	-6.328903116e-12	-6.019790162e-12	-5.825972873e-12	-5.976083308e-12	-6.169297744e-12	-6.121898415e-12	-5.855964817e-12	-5.053190487e-12	-5.392898239e-12	-5.466370967e-12	-5.110687607e-12	-5.406236365e-12	-5.005715801e-12	-4.986575214e-12	-5.168335440e-12	-5.572623835e-12	-5.243842797e-12	-5.151832334e-12	-4.909937507e-12	-4.762389197e-12	-4.790949366e-12	-4.914006766e-12	-5.222592223e-12	-5.361097735e-12	-5.343162854e-12	-5.271950825e-12	-5.396590715e-12	-4.672262651e-12	-4.621020133e-12	-4.632248273e-12	-4.872334541e-12	-4.973011018e-12	-5.527409849e-12	-5.353336001e-12	-5.388527554e-12	-5.300963133e-12	-4.685374707e-12	-4.971880668e-12	-5.110762963e-12	-4.959898962e-12	-5.003681172e-12	-4.890194066e-12	-5.761542942e-12	-4.802554289e-12	-5.439544002e-12	-5.421910547e-12	-5.328694378e-12	-5.243164587e-12	-5.615200339e-12	-5.479332310e-12	-5.710451138e-12	-5.216412979e-12	-4.934353059e-12	-4.947540472e-12	-5.328694378e-12	-4.991624109e-12	-5.154545174e-12	-5.213021930e-12	-5.082052082e-12	-5.737730243e-12	-5.320103721e-12	-5.175343607e-12	-5.200814153e-12	-5.271875469e-12	-5.156353733e-12	-4.884090178e-12	-4.980697396e-12	-5.104056222e-12	-5.388904337e-12	-5.207520895e-12	-5.161704055e-12	-4.974292081e-12	-4.878137003e-12	-5.084011355e-12	-5.493424002e-12	-4.997954067e-12	-4.887556583e-12	-4.571812244e-12	-5.028699578e-12	-4.863743884e-12	-4.747317869e-12	-5.014231102e-12	-4.916870318e-12	-5.220406881e-12	-4.797053254e-12	-5.087929900e-12	-5.257256280e-12	-5.002852249e-12	-5.769907530e-12	-5.303525259e-12	-5.891834580e-12	-5.318144448e-12	-5.721679278e-12	-5.776011418e-12	-5.795980929e-12	-5.777518551e-12	-5.385287218e-12	-5.179563580e-12	-5.867569741e-12	-5.373079442e-12	-5.420026631e-12	-5.201492363e-12	-5.460417792e-12	-5.987914301e-12	-5.385814715e-12	-5.419951274e-12	-5.451977848e-12	-5.377977624e-12	-5.651672955e-12	-5.390863610e-12	-5.292146406e-12	-5.059294375e-12	-5.224777566e-12	-5.810449404e-12	-4.995768724e-12	-4.955226850e-12	-4.835183716e-12	-4.912198206e-12	-4.633830763e-12	-4.804965701e-12	-4.943697283e-12	-4.955076137e-12	-4.750256778e-12	-4.156898562e-12	1.864172663e-12	2.573452005e-11	7.592490861e-11	1.493774411e-10	5.299109360e-11	5.803456308e-11	6.447017120e-11	7.395681914e-11	8.852913627e-11	-5.290865343e-12	-5.270895832e-12	-5.581365206e-12	-5.540974045e-12	-5.575562745e-12	-5.536226576e-12	-4.949198318e-12	-5.339771805e-12	-5.415580589e-12	-5.650693319e-12	-5.583249122e-12	-5.870584006e-12	-5.648357263e-12	-5.697037655e-12	-5.936295000e-12	-6.171257017e-12	-5.877592174e-12	-6.275249186e-12	-5.708944005e-12	-5.846545237e-12	-5.647829766e-12	-5.711807557e-12	-5.645116927e-12	-5.444216114e-12	-5.667874634e-12	-5.638259473e-12	-5.171274349e-12	-5.566519947e-12	-5.458609233e-12	-5.353788141e-12	-5.448360729e-12	-5.511434240e-12	-5.763728285e-12	-5.440071498e-12	-5.505028926e-12	-6.058975617e-12	-5.740443082e-12	-5.565615668e-12	-5.505707135e-12	-5.098479830e-12	-4.790120443e-12	-4.798108247e-12	-5.058691522e-12	-4.862312108e-12	-5.135630656e-12	-5.345649623e-12	-5.662825739e-12	-5.351678155e-12	-5.649789039e-12	-5.910673741e-12	-5.475263051e-12	-5.529896618e-12	-5.552880395e-12	-6.041191449e-12	-5.859958720e-12	-5.634491640e-12	-5.640670885e-12	-5.776764984e-12	-5.875783615e-12	-5.708491865e-12	-5.245802070e-12	-5.021389983e-12	-4.944676920e-12	-4.830813030e-12	-5.020711774e-12	-5.196744894e-12	-4.762012414e-12	-4.504368048e-12	-5.076626404e-12	-5.669457123e-12	-5.407442071e-12	-5.433515470e-12	-5.314753399e-12	-5.387773987e-12	-5.335627190e-12	-5.260270545e-12	-5.775408565e-12	-5.401564253e-12	-5.457102100e-12	-5.239622825e-12	-5.288227860e-12	-5.290262490e-12	-5.099986963e-12	-5.079640669e-12	-4.948972248e-12	-4.970750319e-12	-5.045051970e-12	-5.078736390e-12	-5.351452085e-12	-4.803986065e-12	-5.251905958e-12	-5.087477760e-12	-4.848446485e-12	-5.452731415e-12
-5.263510881e-12	-5.270443692e-12	-5.159895495e-12	-5.387623274e-12	-5.244219580e-12	-5.496965765e-12	-5.179563580e-12	-5.770133600e-12	-5.358987749e-12	-5.142262041e-12	-5.738785236e-12	-5.384156868e-12	-5.674732088e-12	-5.247233846e-12	-5.577898801e-12	-5.048443019e-12	-5.419423778e-12	-4.811069590e-12	-5.066905397e-12	-5.182879272e-12	-4.741289337e-12	-5.583023052e-12	-5.607137178e-12	-5.276999720e-12	-5.435700813e-12	-5.309779861e-12	-5.293578182e-12	-4.895242961e-12	-5.184084978e-12	-4.926440612e-12	-5.209480167e-12	-5.515428143e-12	-4.859147129e-12	-4.978738123e-12	-4.944676920e-12	-5.396666071e-12	-4.624109755e-12	-5.149722348e-12	-4.865778513e-12	-4.853193954e-12	-5.255372364e-12	-4.979868473e-12	-5.199909873e-12	-4.427881054e-12	-5.014532529e-12	-5.425904449e-12	-5.606308255e-12	-4.851762177e-12	-4.864723520e-12	-5.412340253e-12	-5.522134884e-12	-5.694475529e-12	-5.450244645e-12	-4.717551994e-12	-4.641818567e-12	-4.758470652e-12	-4.856509646e-12	-4.858318205e-12	-4.558850902e-12	-4.696301421e-12	-4.843397590e-12	-4.715291295e-12	-4.852591101e-12	-5.207294825e-12	-5.010387913e-12	-4.913328556e-12	-4.890796919e-12	-4.984465228e-12	-5.430425848e-12	-5.353486714e-12	-5.287474294e-12	-5.158237649e-12	-5.243541370e-12	-5.253187021e-12	-5.714897180e-12	-5.680157767e-12	-4.820187744e-12	-5.597190101e-12	-5.028850291e-12	-5.368181260e-12	-4.952664724e-12	-4.821544163e-12	-4.843548303e-12	-4.979567046e-12	-5.161930125e-12	-4.902703269e-12	-4.982053815e-12	-5.282048616e-12	-5.212795860e-12	-5.218899748e-12	-5.202622713e-12	-5.539692982e-12	-5.250775608e-12	-5.343765707e-12	-5.246178853e-12	-5.227641119e-12	-5.317315525e-12	-5.667648564e-12	-5.688823781e-12	-5.125834292e-12	-5.172253985e-12	-4.890495493e-12	-5.071577508e-12	-4.896222597e-12	-5.091245593e-12	-5.170822209e-12	-5.027418515e-12	-5.292899972e-12	-5.073461425e-12	-5.549263276e-12	-5.632381654e-12	-5.818964705e-12	-5.523566660e-12	-5.103001229e-12	-5.074516418e-12	-4.711975603e-12	-4.964345004e-12	-5.289207497e-12	-4.928927381e-12	-4.927495605e-12	-4.503539125e-12	-4.658924525e-12	-4.969619969e-12	-5.153640894e-12	-5.078887103e-12	-5.209781594e-12	-5.514297793e-12	-5.349040672e-12	-5.117394348e-12	-5.354240281e-12	-5.036536669e-12	-5.490635807e-12	-4.506628747e-12	-4.820112387e-12	-4.673016218e-12	-5.023575326e-12	-4.799464666e-12	-4.681154735e-12	-5.089889173e-12	-5.255221650e-12	-4.794265058e-12	-4.918980304e-12	-4.929228808e-12	-4.966681060e-12	-5.018978571e-12	-4.882356975e-12	-4.336096661e-12	-4.524337559e-12	9.640375487e-13	3.613516872e-11	9.109171431e-11	1.668230317e-10	5.792024705e-11	6.456542200e-11	7.278811294e-11	8.547191722e-11	-4.332328829e-12	-4.658698455e-12	-4.811069590e-12	-5.177001454e-12	-4.929756304e-12	-4.663069140e-12	-4.754175323e-12	-4.861784611e-12	-4.300151542e-12	-4.794491128e-12	-5.049950152e-12	-4.712050959e-12	-4.640612861e-12	-4.539710314e-12	-4.318839990e-12	-4.853872163e-12	-4.272118871e-12	-4.682209728e-12	-5.171575775e-12	-5.097952334e-12	-5.090718096e-12	-4.720189477e-12	-4.920261367e-12	-4.871430262e-12	-4.844527940e-12	-4.602407042e-12	-4.411679376e-12	-4.284175934e-12	-4.101888211e-12	-5.102096949e-12	-5.088984893e-12	-4.138888324e-12	-5.160196922e-12	-4.564502650e-12	-4.663370567e-12	-4.403390145e-12	-4.195556520e-12	-4.510321223e-12	-4.397889110e-12	-4.327430647e-12	-4.370082508e-12	-4.575127937e-12	-4.233385555e-12	-4.484323181e-12	-4.217183877e-12	-4.503614481e-12	-4.772939128e-12	-4.518535097e-12	-5.047764809e-12	-4.824332359e-12	-4.780776219e-12	-4.365410396e-12	-4.880322346e-12	-4.364129333e-12	-4.843171520e-12	-4.539936384e-12	-4.570606538e-12	-4.845809003e-12	-4.998632277e-12	-4.901798989e-12	-4.900743996e-12	-4.737069365e-12	-4.246799038e-12	-4.960727885e-12	-4.701727099e-12	-4.791853645e-12	-4.549657391e-12	-4.651765644e-12	-4.909410010e-12	-4.906923241e-12	-4.741967547e-12	-4.544608496e-12	-4.542649223e-12	-4.342426620e-12	-4.683566148e-12	-4.427052131e-12	-4.515596188e-12	-4.219444576e-12	-4.789592946e-12	-5.326207609e-12	-4.674900134e-12	-5.125683579e-12	-5.291166770e-12	-4.730890120e-12	-5.159518712e-12	-4.551993447e-12	-4.799012527e-12	-4.871204192e-12	-4.894715465e-12	-4.202263261e-12	-4.879191996e-12	-4.507759097e-12	-5.052210851e-12	-4.885672667e-12	-4.630439714e-12
-4.001061022e-12	-4.053283176e-12	-4.036554001e-12	-4.121179512e-12	-4.536168552e-12	-4.104148911e-12	-4.152301806e-12	-4.211758199e-12	-4.679120106e-12	-4.682887938e-12	-4.423887152e-12	-5.069241452e-12	-5.141885257e-12	-5.261174825e-12	-4.840157254e-12	-4.618005867e-12	-4.705344218e-12	-4.578443629e-12	-4.518911880e-12	-4.271139234e-12	-4.616800161e-12	-4.483795684e-12	-3.973329776e-12	-4.523131852e-12	-4.513184775e-12	-4.543402790e-12	-4.842342597e-12	-4.406027627e-12	-4.479048215e-12	-4.478219292e-12	-4.637372525e-12	-4.386962396e-12	-4.400828019e-12	-4.604215601e-12	-4.088550085e-12	-5.147235579e-12	-4.896524024e-12	-4.762615267e-12	-4.301884745e-12	-4.353202620e-12	-4.178601275e-12	-4.124043065e-12	-4.497209167e-12	-4.174155233e-12	-4.019975539e-12	-4.088851512e-12	-4.168503485e-12	-4.774973757e-12	-4.931338794e-12	-4.755456386e-12	-4.340090564e-12	-4.502031992e-12	-4.256143262e-12	-4.404068355e-12	-4.933222710e-12	-4.969243186e-12	-5.144296670e-12	-4.978738123e-12	-5.055149760e-12	-4.849275408e-12	-5.411662044e-12	-4.780399435e-12	-4.599166706e-12	-4.739706848e-12	-4.501278425e-12	-4.997577284e-12	-4.566914063e-12	-4.678291183e-12	-4.208970003e-12	-5.025082459e-12	-4.773315911e-12	-4.701877812e-12	-4.757792442e-12	-5.248364196e-12	-4.755833169e-12	-4.787332247e-12	-5.138720278e-12	-4.749653925e-12	-5.010237200e-12	-4.814460639e-12	-5.121765033e-12	-4.732020470e-12	-4.866984220e-12	-4.670228022e-12	-4.393066284e-12	-4.459681558e-12	-4.312811458e-12	-4.613861252e-12	-4.672940861e-12	-4.685676134e-12	-4.272043514e-12	-4.577690063e-12	-4.741213980e-12	-4.680777952e-12	-4.900819353e-12	-4.980169899e-12	-4.757943155e-12	-4.560734818e-12	-3.940398923e-12	-4.262548577e-12	-4.022386952e-12	-3.842284572e-12	-4.279579178e-12	-4.146574701e-12	-4.105505330e-12	-4.812953506e-12	-4.604592385e-12	-4.434135656e-12	-4.716949141e-12	-4.261493584e-12	-4.845582933e-12	-4.059010281e-12	-4.239489444e-12	-4.321778899e-12	-4.465785446e-12	-4.017865553e-12	-3.931732909e-12	-4.152527876e-12	-4.075136603e-12	-4.100531792e-12	-4.278750255e-12	-4.340994843e-12	-4.167071709e-12	-4.651238147e-12	-4.224719541e-12	-4.331876689e-12	-4.418536830e-12	-4.738877924e-12	-4.787482960e-12	-4.901648276e-12	-4.640160721e-12	-4.647244245e-12	-4.769774149e-12	-4.721319826e-12	-4.681983658e-12	-4.636091462e-12	-4.267823542e-12	-4.199173639e-12	-4.465484019e-12	-4.820639883e-12	-4.065415596e-12	-4.426675348e-12	-4.220499569e-12	-4.536545335e-12	-4.193898674e-12	-4.882733758e-12	-4.422003236e-12	-4.110855652e-12	2.823914883e-12	4.901158458e-11	1.006002157e-10	5.716803703e-11	6.300569018e-11	7.011408242e-11	8.089957748e-11	9.798662118e-11	-3.724728207e-12	-4.481082845e-12	-4.834053366e-12	-4.904511828e-12	-4.482288551e-12	-4.251621863e-12	-4.094352547e-12	-4.351996913e-12	-4.290731962e-12	-4.322155682e-12	-4.036026504e-12	-4.457797642e-12	-3.681473494e-12	-4.452145893e-12	-4.075362673e-12	-3.819300796e-12	-3.668436794e-12	-4.217485304e-12	-4.109951372e-12	-4.462771180e-12	-4.232707346e-12	-4.543478146e-12	-4.278750255e-12	-4.174908800e-12	-4.361416494e-12	-3.906488433e-12	-4.619286930e-12	-4.708132414e-12	-4.870525982e-12	-4.951383661e-12	-4.409267963e-12	-4.062702756e-12	-4.441897390e-12	-4.700521393e-12	-4.586958930e-12	-4.453200886e-12	-4.033087595e-12	-4.334890955e-12	-4.264206423e-12	-4.082596911e-12	-4.372192494e-12	-3.889985328e-12	-3.750349466e-12	-3.952682056e-12	-4.158782478e-12	-4.401581585e-12	-4.551089167e-12	-4.837142988e-12	-3.986818616e-12	-4.384550984e-12	-3.944694252e-12	-4.135271205e-12	-3.950722783e-12	-4.734959379e-12	-4.526372188e-12	-4.128036967e-12	-4.757641729e-12	-4.615594455e-12	-4.587185000e-12	-4.617403014e-12	-4.393970564e-12	-4.719661980e-12	-4.547019908e-12	-5.019506067e-12	-4.938497675e-12	-4.547170622e-12	-4.886200164e-12	-4.750181421e-12	-4.824106289e-12	-5.029528501e-12	-5.005941871e-12	-4.705871714e-12	-4.643853196e-12	-4.867210289e-12	-4.596303154e-12	-4.649806371e-12	-5.155223383e-12	-4.377618172e-12	-4.616649448e-12	-4.440993110e-12	-3.988627175e-12	-4.085159036e-12	-4.498113446e-12	-3.914250167e-12	-4.367068242e-12	-4.737898288e-12	-4.189527989e-12	-4.120802729e-12	-4.090810785e-12	-3.976570112e-12	-3.884258223e-12	-4.263151430e-12	-4.313941808e-12	-4.564728720e-12	-4.316654647e-12
-3.734072431e-12	-4.104073554e-12	-3.840174586e-12	-4.388318816e-12	-3.949441720e-12	-4.412206872e-12	-3.777101075e-12	-3.851252013e-12	-3.924423314e-12	-4.237379458e-12	-4.140922953e-12	-3.827665383e-12	-3.855999482e-12	-4.229240940e-12	-3.983653637e-12	-3.996539623e-12	-3.891944601e-12	-3.993902140e-12	-4.500374146e-12	-4.649881728e-12	-4.592309252e-12	-4.382290284e-12	-4.396834117e-12	-4.524111489e-12	-4.166242786e-12	-4.444911656e-12	-4.308290060e-12	-3.819752936e-12	-4.341673053e-12	-4.368876802e-12	-3.839797803e-12	-4.213039262e-12	-3.803701971e-12	-3.730379956e-12	-4.068053078e-12	-3.843414922e-12	-4.080562281e-12	-4.321552829e-12	-4.659452022e-12	-4.543026006e-12	-4.921617787e-12	-4.318086424e-12	-4.667364469e-12	-4.750181421e-12	-4.592083182e-12	-4.234365192e-12	-4.528858957e-12	-4.199550422e-12	-4.177395569e-12	-4.414316858e-12	-4.384249557e-12	-4.117788463e-12	-4.313338955e-12	-4.164132800e-12	-4.529989307e-12	-4.348304438e-12	-4.367143599e-12	-4.409870816e-12	-4.402561222e-12	-4.657492749e-12	-4.158782478e-12	-4.332780969e-12	-4.684093644e-12	-4.113191708e-12	-4.052228183e-12	-4.210024996e-12	-4.487940299e-12	-4.412131515e-12	-4.513184775e-12	-4.766835239e-12	-4.651464217e-12	-4.619211574e-12	-4.415823991e-12	-4.659678091e-12	-4.621170846e-12	-4.466915796e-12	-4.551842734e-12	-5.256352000e-12	-4.702028526e-12	-4.501203069e-12	-5.081826012e-12	-4.929454878e-12	-5.208274461e-12	-5.106090851e-12	-5.401714967e-12	-5.340223945e-12	-5.107296558e-12	-5.054622264e-12	-4.731417617e-12	-4.763142764e-12	-4.948670822e-12	-4.534510706e-12	-4.556590202e-12	-4.562015881e-12	-4.663445924e-12	-4.674598707e-12	-4.573997587e-12	-4.141525806e-12	-4.615293028e-12	-4.640989644e-12	-4.481761055e-12	-4.553500580e-12	-4.774220191e-12	-4.265110703e-12	-4.461113334e-12	-4.931037367e-12	-4.498339516e-12	-4.922748136e-12	-5.011668976e-12	-5.203074853e-12	-5.385287218e-12	-5.165321174e-12	-5.226962909e-12	-4.820263100e-12	-5.306916308e-12	-5.229977174e-12	-5.252358098e-12	-4.958165759e-12	-5.046257676e-12	-4.698336050e-12	-5.050553005e-12	-4.880020919e-12	-4.493290621e-12	-4.321176046e-12	-4.575655433e-12	-4.298870479e-12	-4.611751266e-12	-4.874369171e-12	-4.709488833e-12	-4.629761504e-12	-4.831491240e-12	-4.520720440e-12	-4.865477087e-12	-4.101285358e-12	-4.266014982e-12	-4.290053752e-12	-4.584396804e-12	-4.722902316e-12	-4.355011179e-12	-4.423585725e-12	-3.949818504e-12	-4.036478644e-12	-4.187418003e-12	-4.329842060e-12	-4.204448604e-12	-4.208970003e-12	-4.048686421e-12	-3.261284846e-12	3.722919648e-12	5.718318371e-11	1.059661362e-10	5.859710043e-11	6.458184975e-11	7.251019764e-11	8.570024785e-11	-2.680887973e-12	-3.776498222e-12	-3.962855203e-12	-3.893074950e-12	-4.037985777e-12	-4.431121390e-12	-4.610620916e-12	-3.938891790e-12	-4.606777727e-12	-4.624411182e-12	-4.839479044e-12	-4.370082508e-12	-5.235252140e-12	-4.713105952e-12	-4.773617337e-12	-4.733678316e-12	-4.940381591e-12	-4.982053815e-12	-4.722676246e-12	-4.343255543e-12	-4.496380244e-12	-5.100213033e-12	-4.906018961e-12	-4.688916469e-12	-4.983937731e-12	-4.668796245e-12	-4.617553727e-12	-4.228713444e-12	-4.813481002e-12	-4.969996752e-12	-4.365862536e-12	-4.399546956e-12	-3.972425497e-12	-4.830360891e-12	-4.257951821e-12	-4.872937394e-12	-4.467443292e-12	-4.377618172e-12	-4.579498622e-12	-5.077530683e-12	-4.747770009e-12	-4.466539013e-12	-4.996371578e-12	-4.410322956e-12	-4.351167990e-12	-3.486224429e-12	-4.205955737e-12	-4.420420746e-12	-4.538730678e-12	-4.157727485e-12	-4.452522677e-12	-4.080562281e-12	-3.849594167e-12	-4.805191771e-12	-4.186815149e-12	-4.644003910e-12	-4.614464105e-12	-4.271666731e-12	-4.663747350e-12	-4.368349305e-12	-4.411754732e-12	-4.201283625e-12	-4.368500018e-12	-4.187418003e-12	-4.511602286e-12	-4.076040882e-12	-4.533380356e-12	-3.884032153e-12	-4.350112997e-12	-4.261644297e-12	-3.900761328e-12	-4.069334141e-12	-4.246799038e-12	-4.501429139e-12	-4.589671769e-12	-4.037533637e-12	-4.415371851e-12	-4.550938454e-12	-4.236098395e-12	-4.692006092e-12	-4.366239319e-12	-4.630891853e-12	-4.591404972e-12	-4.345516242e-12	-4.362546844e-12	-4.059914561e-12	-4.754175323e-12	-3.839722446e-12	-4.290279822e-12	-4.350489781e-12	-4.214395681e-12	-4.323059962e-12	-4.147328268e-12	-4.075211959e-12	-4.215526031e-12	-4.594268524e-12
-4.222308129e-12	-4.385003124e-12	-4.297664773e-12	-4.551692020e-12	-4.515219405e-12	-4.128564463e-12	-4.132256939e-12	-4.335041668e-12	-4.296609780e-12	-4.237756241e-12	-4.432101026e-12	-4.769095939e-12	-4.457797642e-12	-4.908581087e-12	-4.600673839e-12	-4.757264946e-12	-4.761108135e-12	-4.552973083e-12	-4.601427406e-12	-4.777686596e-12	-4.741063267e-12	-4.679873672e-12	-4.458249782e-12	-4.239489444e-12	-4.090735428e-12	-3.922991538e-12	-4.217636017e-12	-4.402184438e-12	-4.365184326e-12	-4.438732411e-12	-4.772034848e-12	-4.972031382e-12	-4.474074677e-12	-4.903456835e-12	-4.825236639e-12	-5.087402404e-12	-5.014381816e-12	-4.602708469e-12	-4.593213531e-12	-4.864949590e-12	-5.245425287e-12	-5.003078319e-12	-4.687861476e-12	-4.675502987e-12	-4.677537616e-12	-4.363149697e-12	-4.759073505e-12	-4.466991152e-12	-4.540689950e-12	-4.430669250e-12	-5.311286994e-12	-4.552445587e-12	-4.513862985e-12	-4.529763237e-12	-4.570907965e-12	-4.180108408e-12	-4.110026729e-12	-4.663370567e-12	-4.443479879e-12	-4.682209728e-12	-4.321025333e-12	-4.802177506e-12	-4.658924525e-12	-4.522905782e-12	-4.909108584e-12	-4.853344667e-12	-4.779043016e-12	-4.817927044e-12	-5.065247550e-12	-4.307611850e-12	-4.787859743e-12	-4.757566372e-12	-4.647244245e-12	-4.624335825e-12	-4.519816160e-12	-4.421852523e-12	-4.447850565e-12	-4.473999320e-12	-4.635187182e-12	-4.859825338e-12	-4.676331910e-12	-4.787709030e-12	-4.694492861e-12	-4.697883910e-12	-4.988911270e-12	-4.690800386e-12	-5.127416782e-12	-4.699617113e-12	-4.843849730e-12	-4.957939689e-12	-5.013703606e-12	-4.882507688e-12	-5.096068418e-12	-5.163814041e-12	-4.920562794e-12	-4.917021031e-12	-4.721470540e-12	-5.310005931e-12	-5.105035858e-12	-4.796073617e-12	-4.830586960e-12	-5.087779187e-12	-5.174891468e-12	-4.677688329e-12	-4.670529448e-12	-4.769623435e-12	-4.493064551e-12	-4.623280832e-12	-4.353051906e-12	-4.999913340e-12	-4.791702932e-12	-4.803157142e-12	-5.069241452e-12	-5.151756978e-12	-5.345574267e-12	-5.477674464e-12	-5.492444366e-12	-4.816419911e-12	-4.895845814e-12	-4.872108471e-12	-4.771884135e-12	-4.928249171e-12	-4.654026343e-12	-5.139775271e-12	-4.994261592e-12	-5.303449903e-12	-4.953644360e-12	-5.093054152e-12	-4.596152440e-12	-4.399546956e-12	-4.823051296e-12	-4.407534760e-12	-4.857413926e-12	-5.319500868e-12	-4.694492861e-12	-5.003681172e-12	-4.845055436e-12	-5.077681397e-12	-4.977155633e-12	-4.772336275e-12	-4.850028975e-12	-4.879267353e-12	-4.933298066e-12	-5.242787804e-12	-4.827798765e-12	-4.260438591e-12	-4.089981862e-12	-3.503707170e-12	1.200122379e-11	6.672627377e-11	1.087181609e-10	5.702501012e-11	6.315127922e-11	7.334575211e-11	8.980115642e-11	-2.575690097e-12	-4.219143150e-12	-4.180334478e-12	-4.266542479e-12	-4.004150644e-12	-4.512355852e-12	-4.782132638e-12	-4.950931521e-12	-4.866984220e-12	-4.043863595e-12	-4.511828356e-12	-4.335569165e-12	-4.484247824e-12	-4.855605366e-12	-4.541971013e-12	-4.461264047e-12	-4.431347460e-12	-4.426901418e-12	-5.162156195e-12	-4.632022203e-12	-4.654704553e-12	-4.222232772e-12	-3.915079091e-12	-4.252902926e-12	-3.901665608e-12	-4.165338506e-12	-4.525995405e-12	-4.000458168e-12	-4.545286706e-12	-4.135949415e-12	-4.288471262e-12	-4.157576771e-12	-4.145444352e-12	-4.408439040e-12	-4.783338345e-12	-5.045654823e-12	-4.950931521e-12	-4.344159822e-12	-4.698260693e-12	-4.875650234e-12	-4.677839043e-12	-4.619136217e-12	-4.552671657e-12	-4.847542205e-12	-4.613032329e-12	-4.618533364e-12	-4.199022926e-12	-4.534284636e-12	-5.015210739e-12	-4.388620242e-12	-4.456667292e-12	-4.632398986e-12	-4.133914785e-12	-4.319442843e-12	-4.332780969e-12	-3.968733021e-12	-4.154110366e-12	-4.062552043e-12	-3.779211061e-12	-4.001814588e-12	-4.091413638e-12	-3.918771566e-12	-3.675897102e-12	-3.760296543e-12	-3.823972908e-12	-3.792624544e-12	-4.365259683e-12	-4.074081610e-12	-4.270611738e-12	-4.223363122e-12	-4.659527378e-12	-4.624335825e-12	-3.914250167e-12	-4.670906231e-12	-4.054714952e-12	-4.509190873e-12	-4.621020133e-12	-4.362396130e-12	-4.374980690e-12	-4.570003685e-12	-4.417557194e-12	-4.589671769e-12	-4.388921669e-12	-4.479274285e-12	-4.488317083e-12	-4.753873897e-12	-4.818303827e-12	-4.759299575e-12	-4.858996415e-12	-4.642798203e-12	-4.746262876e-12	-4.930811297e-12	-4.903607549e-12	-4.877986290e-12	-4.542498510e-12	-4.850857898e-12
-4.110855652e-12	-4.673769784e-12	-4.408815823e-12	-5.037817732e-12	-5.181974992e-12	-4.882206262e-12	-4.734130456e-12	-4.862613534e-12	-4.669022315e-12	-5.040605928e-12	-4.623054762e-12	-4.598563853e-12	-4.663144497e-12	-4.891173702e-12	-4.383345277e-12	-4.267145332e-12	-4.400225166e-12	-4.238961947e-12	-4.139641890e-12	-4.291937668e-12	-4.426298565e-12	-4.443329166e-12	-4.536469978e-12	-4.427805697e-12	-4.287340913e-12	-4.272495654e-12	-4.180183765e-12	-4.213491401e-12	-4.534284636e-12	-4.096161106e-12	-4.057051008e-12	-4.118089890e-12	-4.016433777e-12	-4.213868185e-12	-4.211908912e-12	-3.930150419e-12	-3.987873609e-12	-4.393819851e-12	-4.789442233e-12	-4.493818118e-12	-4.808884247e-12	-4.629836860e-12	-4.570154398e-12	-4.629083294e-12	-4.701048889e-12	-4.714763798e-12	-4.740083631e-12	-4.695999994e-12	-4.091715064e-12	-4.242729779e-12	-4.649354231e-12	-4.311907179e-12	-4.163680660e-12	-4.437903488e-12	-4.352072270e-12	-4.447021642e-12	-4.449734481e-12	-4.709413477e-12	-4.537751041e-12	-4.461640831e-12	-4.550335601e-12	-4.338884857e-12	-4.920110654e-12	-4.601578119e-12	-4.759676358e-12	-4.316353221e-12	-4.657568105e-12	-4.079431931e-12	-4.261493584e-12	-4.331952046e-12	-4.174079877e-12	-4.374905333e-12	-4.524865055e-12	-4.709187407e-12	-4.546944552e-12	-4.463750817e-12	-4.363225053e-12	-4.369102872e-12	-4.236098395e-12	-4.256293975e-12	-4.376638536e-12	-4.453050173e-12	-4.594569951e-12	-4.013494868e-12	-4.573319377e-12	-4.498113446e-12	-4.529612524e-12	-4.321703542e-12	-4.350941920e-12	-4.764800610e-12	-4.899312220e-12	-4.667063043e-12	-4.392086648e-12	-4.614991602e-12	-4.820639883e-12	-4.606400944e-12	-5.063288278e-12	-4.906697171e-12	-4.423133585e-12	-4.129544100e-12	-4.681305448e-12	-4.256595402e-12	-4.601728832e-12	-4.267748185e-12	-4.155391429e-12	-4.140470813e-12	-4.392689501e-12	-4.261644297e-12	-4.451467684e-12	-3.958032378e-12	-4.246874395e-12	-3.769942194e-12	-4.151774310e-12	-3.957655595e-12	-4.361416494e-12	-4.244839765e-12	-4.171593107e-12	-4.295630144e-12	-4.298644409e-12	-4.200228632e-12	-4.731568330e-12	-4.504292691e-12	-4.131126589e-12	-4.024120155e-12	-4.598413140e-12	-3.797824152e-12	-3.869186894e-12	-3.790891341e-12	-4.281463094e-12	-4.360060074e-12	-3.746430921e-12	-4.122535932e-12	-4.217711374e-12	-3.537617660e-12	-3.781547117e-12	-3.966698392e-12	-3.923292965e-12	-3.775669299e-12	-4.315750368e-12	-3.261736986e-12	-4.005582420e-12	-4.041753609e-12	-4.035499008e-12	-3.690893074e-12	-3.612446808e-12	-3.239205349e-12	-3.110194774e-12	-2.510958740e-12	2.345400193e-11	7.548557938e-11	5.187980917e-11	5.618094035e-11	6.342060386e-11	7.517804891e-11	-1.416704910e-14	-2.934839863e-12	-3.361961322e-12	-3.231368258e-12	-4.019900183e-12	-3.763009383e-12	-4.098723232e-12	-3.732716012e-12	-3.881846810e-12	-4.148910757e-12	-4.403164075e-12	-4.319970340e-12	-4.392764858e-12	-4.352675123e-12	-4.186136940e-12	-3.964060909e-12	-3.527218443e-12	-3.519758135e-12	-3.678082445e-12	-3.909351986e-12	-3.842284572e-12	-3.613577157e-12	-3.900761328e-12	-3.503556457e-12	-4.071820910e-12	-3.900836685e-12	-4.229768437e-12	-3.610035395e-12	-4.067148798e-12	-4.187870142e-12	-4.010631315e-12	-4.502559488e-12	-4.365033613e-12	-4.539936384e-12	-4.156672492e-12	-4.752668190e-12	-4.484624607e-12	-4.149061471e-12	-4.200379345e-12	-4.249964017e-12	-4.217033164e-12	-4.187794786e-12	-4.220876353e-12	-4.368349305e-12	-3.774011453e-12	-4.202489331e-12	-4.192240828e-12	-4.439485977e-12	-4.515068691e-12	-4.562468021e-12	-4.402485865e-12	-4.592459965e-12	-4.877609506e-12	-4.316428577e-12	-4.325848158e-12	-4.604818455e-12	-4.401656942e-12	-4.573093307e-12	-4.504141978e-12	-4.957939689e-12	-4.496983097e-12	-3.852759146e-12	-4.243860129e-12	-4.236399821e-12	-4.383797417e-12	-4.141375093e-12	-4.427881054e-12	-4.495702034e-12	-4.327355291e-12	-4.322080326e-12	-4.388469529e-12	-4.693588581e-12	-4.158405695e-12	-4.819434177e-12	-4.996145508e-12	-4.800745729e-12	-4.757038876e-12	-4.882055548e-12	-4.330444913e-12	-4.017413413e-12	-4.568195125e-12	-4.690046819e-12	-3.863158363e-12	-3.703628347e-12	-3.928718643e-12	-4.235269472e-12	-4.074835176e-12	-4.419064327e-12	-3.714479704e-12	-3.857808041e-12	-4.006185273e-12	-4.296835850e-12	-3.881319314e-12	-4.224192045e-12	-4.273023150e-12	-4.180108408e-12	-4.311379682e-12
-3.957504881e-12	-4.113719205e-12	-4.185986226e-12	-4.158405695e-12	-4.274379570e-12	-3.657886864e-12	-4.204750031e-12	-4.435190649e-12	-3.693304487e-12	-3.996539623e-12	-4.237982311e-12	-4.348982648e-12	-4.230522003e-12	-4.691780022e-12	-4.327882787e-12	-4.160591037e-12	-4.273701360e-12	-4.342200550e-12	-4.018543763e-12	-4.371815711e-12	-4.789065450e-12	-4.478520719e-12	-4.376789249e-12	-4.686505057e-12	-4.689443966e-12	-4.219519933e-12	-4.211908912e-12	-3.971521217e-12	-4.211381415e-12	-4.542875293e-12	-4.487262090e-12	-3.861425160e-12	-4.407007264e-12	-3.896767426e-12	-3.631059899e-12	-4.026154784e-12	-4.137004408e-12	-3.799557355e-12	-4.129996240e-12	-4.172798814e-12	-3.895260293e-12	-4.008822756e-12	-4.137908687e-12	-4.585301084e-12	-4.054338169e-12	-4.265035346e-12	-4.457270145e-12	-4.489296719e-12	-4.047782141e-12	-4.038437917e-12	-3.951777776e-12	-3.811915845e-12	-3.958484518e-12	-4.407986900e-12	-4.128036967e-12	-3.833015705e-12	-4.367671095e-12	-4.024723008e-12	-4.041301470e-12	-4.289752325e-12	-4.197289723e-12	-4.221177779e-12	-4.143485079e-12	-4.069183428e-12	-3.780190698e-12	-3.881922167e-12	-3.868207258e-12	-3.725255704e-12	-3.542666555e-12	-3.470625603e-12	-3.633245241e-12	-3.419157015e-12	-3.446360764e-12	-3.580043451e-12	-3.603630080e-12	-3.741457382e-12	-3.740703816e-12	-3.695715899e-12	-3.752459452e-12	-3.399488931e-12	-3.652988682e-12	-3.502953604e-12	-3.489992261e-12	-3.395796456e-12	-3.739121326e-12	-3.770545047e-12	-3.548695087e-12	-3.502350751e-12	-3.628648486e-12	-3.317124119e-12	-3.888252125e-12	-3.502652177e-12	-3.706944039e-12	-3.415690610e-12	-3.595642276e-12	-3.976419399e-12	-4.088097946e-12	-4.046501078e-12	-4.133764072e-12	-4.119220240e-12	-4.146951485e-12	-4.291259458e-12	-4.156898562e-12	-4.095859680e-12	-3.975891902e-12	-4.332554899e-12	-4.559453755e-12	-4.081315848e-12	-4.095558253e-12	-4.106409610e-12	-4.331575263e-12	-4.142354729e-12	-4.176189863e-12	-4.388544886e-12	-3.911914112e-12	-3.777402502e-12	-4.083049050e-12	-3.941227846e-12	-4.131503373e-12	-4.123440212e-12	-4.260061808e-12	-4.466162229e-12	-4.489748859e-12	-4.619814427e-12	-4.801951436e-12	-4.552219517e-12	-4.757566372e-12	-4.534736775e-12	-4.775124470e-12	-4.526598258e-12	-4.761560274e-12	-4.489673502e-12	-4.307837920e-12	-5.030658851e-12	-4.864346737e-12	-4.547472048e-12	-4.294499794e-12	-4.748598932e-12	-4.280106675e-12	-4.442650956e-12	-4.135045135e-12	-4.215676744e-12	-4.271742087e-12	-4.043788239e-12	-3.865042279e-12	-3.901439538e-12	-3.754268012e-12	-3.295270692e-12	4.341755945e-11	8.256239719e-11	4.980184970e-11	5.585871534e-11	6.393883150e-11	7.732676826e-11	-2.393553088e-12	-2.727081595e-12	-2.917959975e-12	-3.350507113e-12	-3.862028013e-12	-3.964513049e-12	-4.381913501e-12	-4.416426844e-12	-4.122912715e-12	-4.289676969e-12	-4.054036742e-12	-4.756209953e-12	-4.115075624e-12	-4.365108969e-12	-4.030751539e-12	-4.081014421e-12	-4.220574926e-12	-4.605119881e-12	-4.282141304e-12	-4.106711037e-12	-4.588993559e-12	-4.052303540e-12	-4.280860241e-12	-4.243709416e-12	-3.932863259e-12	-4.229391653e-12	-3.756830138e-12	-4.290204465e-12	-4.334664885e-12	-4.159611401e-12	-4.163379233e-12	-3.724878921e-12	-4.133914785e-12	-4.462243684e-12	-4.380029585e-12	-3.664593605e-12	-3.974761553e-12	-3.872653300e-12	-3.820581859e-12	-3.808223369e-12	-4.283196297e-12	-4.529913950e-12	-4.093523624e-12	-4.284778787e-12	-3.658414361e-12	-3.923292965e-12	-4.122912715e-12	-3.356686357e-12	-3.758563341e-12	-3.487505492e-12	-3.116223306e-12	-3.611994668e-12	-3.422698778e-12	-3.719151816e-12	-3.742738445e-12	-4.129242673e-12	-4.145821135e-12	-3.804832320e-12	-4.214697108e-12	-4.083576547e-12	-4.070313778e-12	-3.776422865e-12	-3.647035507e-12	-3.649899060e-12	-3.563464989e-12	-3.967225888e-12	-3.943187119e-12	-3.840249943e-12	-4.048535707e-12	-3.902494531e-12	-3.577405968e-12	-3.816814027e-12	-3.733544935e-12	-3.474468792e-12	-3.226771503e-12	-3.762858669e-12	-3.157141964e-12	-3.567835674e-12	-4.237530171e-12	-3.934973245e-12	-3.824877188e-12	-3.837838530e-12	-3.579591311e-12	-4.049741414e-12	-3.283062916e-12	-4.157802841e-12	-4.200605415e-12	-4.471813978e-12	-4.757867799e-12	-4.098195736e-12	-4.279353108e-12	-3.845600265e-12	-4.037759707e-12	-3.809655145e-12	-4.048761777e-12	-4.121104156e-12	-4.091715064e-12
-3.855924125e-12	-4.224719541e-12	-3.905358083e-12	-4.388168103e-12	-3.516668513e-12	-4.143409722e-12	-3.942810336e-12	-4.243860129e-12	-3.797598082e-12	-4.586883573e-12	-4.181314114e-12	-3.896541356e-12	-3.781547117e-12	-4.439787404e-12	-4.516877251e-12	-4.204448604e-12	-4.285306283e-12	-4.255917192e-12	-4.655307406e-12	-3.884408936e-12	-4.099702869e-12	-4.404369781e-12	-4.492235628e-12	-4.237454814e-12	-3.489615478e-12	-4.325546731e-12	-4.369328942e-12	-4.040472546e-12	-4.476787516e-12	-4.869546345e-12	-4.602331685e-12	-4.329389920e-12	-3.997594616e-12	-4.501203069e-12	-4.036930784e-12	-4.167523848e-12	-4.460661194e-12	-4.428031767e-12	-4.438129558e-12	-4.283120941e-12	-4.081315848e-12	-4.442650956e-12	-4.185534086e-12	-4.043185386e-12	-4.074609106e-12	-4.407082620e-12	-4.961556808e-12	-4.920864220e-12	-4.786804750e-12	-4.786503324e-12	-5.032618123e-12	-4.539785671e-12	-4.630665783e-12	-4.543779573e-12	-4.680702595e-12	-4.780625505e-12	-4.501504495e-12	-4.584924300e-12	-4.664048777e-12	-4.735486876e-12	-3.974309413e-12	-4.011234169e-12	-4.349962284e-12	-4.275585276e-12	-4.780399435e-12	-4.196536156e-12	-4.426675348e-12	-4.021331959e-12	-4.494571684e-12	-4.183650170e-12	-4.238735877e-12	-4.161721387e-12	-4.359381865e-12	-4.111383149e-12	-4.220273499e-12	-4.271440661e-12	-4.127735540e-12	-4.285909136e-12	-3.818848656e-12	-4.057427791e-12	-3.877551482e-12	-3.829021803e-12	-4.326526368e-12	-4.186136940e-12	-3.621489605e-12	-4.748448218e-12	-4.335343095e-12	-4.554480216e-12	-3.933842895e-12	-3.920203342e-12	-4.007993833e-12	-4.103847484e-12	-3.939645357e-12	-4.123138785e-12	-4.105957470e-12	-3.842736712e-12	-4.146574701e-12	-4.314243235e-12	-4.629836860e-12	-4.361190424e-12	-4.069484854e-12	-4.343180186e-12	-4.635036469e-12	-4.213265331e-12	-4.703309588e-12	-4.537449615e-12	-4.135346561e-12	-4.268275682e-12	-4.472341474e-12	-4.876253087e-12	-4.169483121e-12	-4.516349754e-12	-4.404143711e-12	-4.870525982e-12	-4.801047156e-12	-4.732472610e-12	-4.423811795e-12	-4.433306732e-12	-4.673468357e-12	-4.792456498e-12	-4.787256890e-12	-4.234214479e-12	-4.696226064e-12	-4.042055036e-12	-4.680702595e-12	-4.601502762e-12	-4.318764633e-12	-4.652142427e-12	-4.646566035e-12	-4.236701248e-12	-4.094804687e-12	-4.515897614e-12	-4.592912105e-12	-4.480555348e-12	-4.041904323e-12	-4.362923627e-12	-4.096914673e-12	-3.890060685e-12	-4.337679151e-12	-4.246346898e-12	-4.176868072e-12	-4.437752774e-12	-4.079582645e-12	-4.097743596e-12	-4.334288102e-12	-3.960293077e-12	-3.984783986e-12	-2.908540395e-12	6.237766791e-11	4.503508982e-11	4.956884696e-11	5.582947696e-11	6.564407701e-11	1.419568463e-11	-2.339371661e-12	-2.739892225e-12	-3.469872037e-12	-4.185157303e-12	-4.373548914e-12	-3.711540795e-12	-4.148835401e-12	-3.636636290e-12	-4.090132575e-12	-3.802797691e-12	-3.780190698e-12	-3.749294473e-12	-3.905508797e-12	-3.669642501e-12	-3.950572070e-12	-4.055996015e-12	-3.359173127e-12	-4.049213917e-12	-3.934747175e-12	-3.599108682e-12	-4.398115180e-12	-4.318161780e-12	-4.068505218e-12	-4.216807094e-12	-4.436170285e-12	-3.836180684e-12	-4.174004520e-12	-4.042055036e-12	-4.512506565e-12	-3.726084627e-12	-4.296308353e-12	-4.382968494e-12	-4.034670085e-12	-4.100155009e-12	-3.569945660e-12	-3.255256314e-12	-4.046651791e-12	-3.897144209e-12	-4.242729779e-12	-3.577933465e-12	-4.080863708e-12	-4.365787179e-12	-4.220650283e-12	-4.566311209e-12	-3.938967147e-12	-4.255088269e-12	-4.357724018e-12	-4.057729218e-12	-4.013645581e-12	-4.196686870e-12	-3.952908126e-12	-4.181163401e-12	-3.825253971e-12	-3.862028013e-12	-4.161344604e-12	-3.966547679e-12	-3.304464203e-12	-3.749746613e-12	-3.994580350e-12	-4.058256714e-12	-4.231275569e-12	-4.523885419e-12	-4.379878872e-12	-4.263076073e-12	-4.075965526e-12	-3.892999594e-12	-4.029018337e-12	-3.907694139e-12	-3.969335874e-12	-3.920580126e-12	-4.218088157e-12	-3.924649384e-12	-4.194953667e-12	-3.770394334e-12	-4.286210563e-12	-4.238585164e-12	-4.062099903e-12	-3.968959091e-12	-4.265939626e-12	-4.202790758e-12	-3.767832208e-12	-4.026606924e-12	-3.975665832e-12	-4.152527876e-12	-4.329389920e-12	-4.774446261e-12	-4.279955962e-12	-4.155014646e-12	-4.658547742e-12	-4.249135094e-12	-4.327430647e-12	-4.631720777e-12	-4.259006815e-12	-4.874896667e-12	-4.732623323e-12	-4.382591711e-12	-4.033087595e-12
-4.226377388e-12	-4.448378061e-12	-4.346194452e-12	-4.691252525e-12	-4.318312493e-12	-4.397436970e-12	-4.287265556e-12	-4.175210226e-12	-4.486734593e-12	-4.212436408e-12	-3.781547117e-12	-4.129167317e-12	-4.141977946e-12	-4.256972185e-12	-4.179279485e-12	-3.890512825e-12	-4.320874619e-12	-4.019824826e-12	-4.627199378e-12	-4.747543939e-12	-4.294047654e-12	-4.403917641e-12	-4.533606426e-12	-4.495174537e-12	-4.392011291e-12	-4.032936882e-12	-4.239263374e-12	-3.374395169e-12	-3.786671369e-12	-4.073930896e-12	-4.135949415e-12	-3.866398698e-12	-3.987496826e-12	-4.293294088e-12	-4.256746115e-12	-4.176642002e-12	-3.966020182e-12	-3.974234056e-12	-4.116808827e-12	-4.568421195e-12	-4.172271317e-12	-4.622451909e-12	-4.423208942e-12	-4.703460302e-12	-4.708057057e-12	-3.932260405e-12	-3.826685747e-12	-3.901891678e-12	-4.496832383e-12	-4.706474568e-12	-4.643024273e-12	-4.202413975e-12	-3.667306445e-12	-4.011912378e-12	-4.400828019e-12	-4.459982984e-12	-4.663822707e-12	-4.362622200e-12	-4.754175323e-12	-4.768945226e-12	-4.356518312e-12	-4.857941422e-12	-4.745057169e-12	-4.224041332e-12	-4.513938342e-12	-4.733904386e-12	-4.684847211e-12	-4.554404860e-12	-4.778666233e-12	-4.745283239e-12	-4.696376777e-12	-4.766157030e-12	-4.148232548e-12	-4.357874732e-12	-4.100004295e-12	-4.407534760e-12	-4.145896492e-12	-4.495099181e-12	-3.823068628e-12	-4.050268910e-12	-3.941529273e-12	-3.993073217e-12	-3.995936770e-12	-4.379728158e-12	-4.634885756e-12	-3.957278811e-12	-3.877928265e-12	-4.033012239e-12	-3.693907340e-12	-3.664141466e-12	-4.066169162e-12	-4.050947120e-12	-4.039718980e-12	-3.919525133e-12	-3.713349354e-12	-3.521340625e-12	-3.694660906e-12	-3.822013635e-12	-3.570247087e-12	-3.611542528e-12	-3.571904933e-12	-3.400920707e-12	-4.158179625e-12	-3.443195785e-12	-3.746054138e-12	-3.454649995e-12	-3.569267451e-12	-3.181180733e-12	-3.419759869e-12	-3.745903424e-12	-4.090584715e-12	-3.774162166e-12	-3.999704602e-12	-3.179899670e-12	-3.778457495e-12	-4.278222759e-12	-4.187191933e-12	-3.720357522e-12	-4.160817107e-12	-4.096161106e-12	-4.130146953e-12	-3.781848544e-12	-3.801516628e-12	-3.829775369e-12	-4.335870592e-12	-4.049816770e-12	-4.185684800e-12	-4.319970340e-12	-4.314092521e-12	-4.114924911e-12	-4.603386678e-12	-4.104827121e-12	-4.401732299e-12	-4.294876577e-12	-4.268049612e-12	-3.949893860e-12	-4.116884184e-12	-3.958710588e-12	-4.341974480e-12	-3.998724966e-12	-4.210703206e-12	-4.423435012e-12	-4.067902365e-12	-4.107012463e-12	-4.205805024e-12	-3.946653524e-12	-4.235570898e-12	-3.163396565e-12	7.068890291e-11	4.445770721e-11	4.944232315e-11	5.656307389e-11	6.861448520e-11	-1.374806616e-12	-2.647881762e-12	-3.557285744e-12	-4.071519484e-12	-4.740761841e-12	-4.292163738e-12	-4.497812020e-12	-4.229768437e-12	-4.685600777e-12	-4.198796856e-12	-4.293444801e-12	-4.468196859e-12	-4.275811346e-12	-4.171743821e-12	-4.029169050e-12	-3.828343593e-12	-4.655759546e-12	-4.568647265e-12	-4.479274285e-12	-3.945297105e-12	-4.205805024e-12	-3.585469129e-12	-3.831809999e-12	-3.690742361e-12	-4.379954228e-12	-3.677479592e-12	-4.442575600e-12	-4.142806869e-12	-4.481384271e-12	-4.419742536e-12	-4.339789137e-12	-4.223589192e-12	-4.467744719e-12	-4.175963793e-12	-4.455310873e-12	-4.208970003e-12	-4.249285807e-12	-4.513410845e-12	-4.341522340e-12	-4.579423265e-12	-4.134969778e-12	-4.473321110e-12	-4.178601275e-12	-4.280483458e-12	-4.300452969e-12	-4.695095714e-12	-4.303994731e-12	-4.022085525e-12	-4.212888548e-12	-3.905810223e-12	-4.352147627e-12	-4.181540184e-12	-4.304974367e-12	-4.303090451e-12	-4.248532241e-12	-3.915079091e-12	-4.196084017e-12	-3.983879707e-12	-3.780567481e-12	-3.827137887e-12	-3.830905719e-12	-4.156747848e-12	-4.055769945e-12	-4.384701697e-12	-4.075965526e-12	-3.757206921e-12	-3.788027789e-12	-3.799180572e-12	-4.335117025e-12	-4.110102086e-12	-4.077924799e-12	-4.595323517e-12	-4.376713893e-12	-4.061647763e-12	-4.445213082e-12	-4.221780632e-12	-4.636618958e-12	-3.954038476e-12	-4.313941808e-12	-4.026832994e-12	-4.561262314e-12	-4.144238645e-12	-4.212285695e-12	-4.348078368e-12	-4.109574589e-12	-4.125324128e-12	-4.107615316e-12	-3.870467957e-12	-4.132332296e-12	-4.743926820e-12	-4.273701360e-12	-3.928341860e-12	-3.934370391e-12	-4.521700076e-12	-4.270310311e-12	-4.377542816e-12	-3.857657328e-12	-3.952003846e-12
-4.766985953e-12	-5.046483746e-12	-4.577011853e-12	-5.140905621e-12	-4.749277141e-12	-4.441143823e-12	-4.904963968e-12	-4.405500131e-12	-4.218992436e-12	-4.304296158e-12	-4.260061808e-12	-4.174155233e-12	-3.710033662e-12	-3.792473831e-12	-3.773333243e-12	-4.000458168e-12	-4.017639483e-12	-4.522679712e-12	-4.448528775e-12	-4.373774984e-12	-4.912499633e-12	-4.838876191e-12	-4.803157142e-12	-4.372870704e-12	-4.874972024e-12	-4.766609170e-12	-4.269330675e-12	-4.664877700e-12	-4.817173478e-12	-4.717401281e-12	-4.956055773e-12	-4.496681670e-12	-4.959672892e-12	-5.145502376e-12	-4.652669924e-12	-5.090190600e-12	-4.326451011e-12	-4.520494370e-12	-4.224267402e-12	-4.513561558e-12	-4.627199378e-12	-4.508512663e-12	-4.703158875e-12	-4.623883686e-12	-4.341296270e-12	-4.828627688e-12	-4.437602061e-12	-4.719661980e-12	-4.556891629e-12	-5.001571186e-12	-4.402335152e-12	-5.332989707e-12	-4.873163464e-12	-4.773843407e-12	-4.759525645e-12	-4.776028750e-12	-4.514842621e-12	-5.105563355e-12	-4.579724692e-12	-4.571284748e-12	-4.630741140e-12	-4.942039437e-12	-4.981074179e-12	-4.618458007e-12	-5.244144224e-12	-5.111290460e-12	-4.648826735e-12	-4.991322682e-12	-5.169164363e-12	-5.525676646e-12	-4.861784611e-12	-5.122292530e-12	-4.887029087e-12	-4.629158651e-12	-4.664274847e-12	-4.934805199e-12	-5.068111103e-12	-4.999009060e-12	-5.370140533e-12	-5.201115580e-12	-4.857564639e-12	-5.346704616e-12	-5.060349368e-12	-5.139925985e-12	-4.821544163e-12	-5.323645483e-12	-4.896674737e-12	-4.960049675e-12	-4.749503211e-12	-4.559152328e-12	-4.978285983e-12	-5.484456562e-12	-5.333969343e-12	-5.272327608e-12	-4.907978234e-12	-4.510622649e-12	-4.504141978e-12	-4.384626340e-12	-4.974970291e-12	-4.729609057e-12	-4.415447208e-12	-4.440465614e-12	-4.816721338e-12	-4.683264721e-12	-4.633680049e-12	-4.418838257e-12	-4.453879096e-12	-4.883562681e-12	-4.711146679e-12	-4.648977448e-12	-4.856208219e-12	-4.779419799e-12	-4.633604693e-12	-4.737370792e-12	-4.115829191e-12	-4.284854143e-12	-4.560734818e-12	-4.504820188e-12	-4.426373921e-12	-4.452296607e-12	-4.261945724e-12	-4.393443068e-12	-4.248155458e-12	-4.174004520e-12	-3.980262588e-12	-4.262850003e-12	-4.188472996e-12	-4.196460800e-12	-4.305577221e-12	-4.603612748e-12	-3.750123397e-12	-3.974535483e-12	-4.247552605e-12	-3.977700462e-12	-4.397889110e-12	-4.118240603e-12	-4.154562506e-12	-4.102415708e-12	-3.906111650e-12	-4.449734481e-12	-4.290958032e-12	-4.342501976e-12	-4.306707570e-12	-3.965568042e-12	-4.068279148e-12	-4.220047429e-12	-3.799331285e-12	1.142278619e-11	4.266354087e-11	4.568526695e-11	5.225689381e-11	6.160548838e-11	2.021215910e-11	-1.870954761e-12	-2.144273310e-12	-2.827908785e-12	-3.011402214e-12	-3.119162215e-12	-3.070180396e-12	-3.347794273e-12	-3.568363171e-12	-3.547338667e-12	-3.392782190e-12	-3.647412291e-12	-3.929321496e-12	-3.344252511e-12	-3.589387675e-12	-3.902343818e-12	-3.979885805e-12	-3.842209216e-12	-3.757206921e-12	-3.910934475e-12	-3.608076122e-12	-3.745526641e-12	-3.357213854e-12	-3.665271815e-12	-4.076568379e-12	-4.126303764e-12	-3.611165745e-12	-4.279729892e-12	-4.004678140e-12	-4.222157416e-12	-3.793076684e-12	-4.618156581e-12	-4.249964017e-12	-4.293595514e-12	-4.211004632e-12	-3.883730727e-12	-3.634601661e-12	-3.693229130e-12	-3.703251564e-12	-3.303710637e-12	-4.013494868e-12	-3.885313216e-12	-4.100983932e-12	-3.781773187e-12	-3.592025157e-12	-3.683960263e-12	-3.791343481e-12	-3.644021242e-12	-4.120199876e-12	-3.736408487e-12	-3.526766303e-12	-3.631436682e-12	-3.698880878e-12	-4.020201609e-12	-3.490670471e-12	-3.524505604e-12	-3.717569326e-12	-3.582605577e-12	-2.893242996e-12	-3.218180845e-12	-3.509735702e-12	-3.530232709e-12	-3.589086248e-12	-3.685768822e-12	-3.967225888e-12	-4.221027066e-12	-4.028566197e-12	-3.730229242e-12	-4.081014421e-12	-4.115527764e-12	-4.541971013e-12	-3.978604742e-12	-4.058256714e-12	-3.883429300e-12	-4.178978058e-12	-4.228562730e-12	-4.465182593e-12	-4.043863595e-12	-4.182067681e-12	-3.904303090e-12	-4.159309974e-12	-4.347550871e-12	-4.204825387e-12	-4.084631540e-12	-4.563146230e-12	-4.556966986e-12	-4.408740466e-12	-4.567667629e-12	-4.438280271e-12	-4.774672330e-12	-4.760053142e-12	-4.410699739e-12	-4.258931458e-12	-4.262096437e-12	-4.559755181e-12	-4.579423265e-12	-4.021181246e-12	-4.180259121e-12	-4.181389471e-12
-4.430669250e-12	-4.184780520e-12	-4.756963519e-12	-4.980622039e-12	-5.405407442e-12	-4.736315799e-12	-4.794265058e-12	-4.101812855e-12	-4.538429251e-12	-4.721696610e-12	-4.700596749e-12	-4.709112050e-12	-4.963742151e-12	-5.133897453e-12	-4.657869532e-12	-4.980094542e-12	-4.741590764e-12	-4.876253087e-12	-4.862839604e-12	-4.616724804e-12	-4.172045247e-12	-4.785146904e-12	-4.227357024e-12	-4.434813865e-12	-4.569099405e-12	-4.515370118e-12	-4.721470540e-12	-4.216128884e-12	-4.552973083e-12	-4.911293926e-12	-4.214847821e-12	-4.259911094e-12	-4.014700574e-12	-4.632248273e-12	-4.519364020e-12	-4.674523350e-12	-4.329917417e-12	-4.512129782e-12	-4.379954228e-12	-3.990586448e-12	-4.346269808e-12	-4.526522901e-12	-4.103093918e-12	-4.033765805e-12	-3.938590364e-12	-4.106334253e-12	-4.442274173e-12	-4.592459965e-12	-4.519891517e-12	-4.366616102e-12	-4.614539462e-12	-4.545211349e-12	-4.184102310e-12	-4.675201560e-12	-4.740987911e-12	-4.586657503e-12	-4.666083406e-12	-4.952287941e-12	-4.642722847e-12	-4.947917255e-12	-4.732095827e-12	-4.628631154e-12	-4.315072158e-12	-4.352147627e-12	-4.572264384e-12	-4.213340688e-12	-4.540916020e-12	-4.755682456e-12	-4.876780583e-12	-4.406027627e-12	-4.942340864e-12	-4.513787628e-12	-3.989380742e-12	-3.741005243e-12	-4.113568491e-12	-3.940097496e-12	-4.065641666e-12	-3.924950811e-12	-4.298493696e-12	-4.418838257e-12	-4.165338506e-12	-4.000307455e-12	-3.905810223e-12	-4.346948018e-12	-4.138963680e-12	-4.395779124e-12	-4.381762788e-12	-4.509567656e-12	-4.033162952e-12	-3.894958867e-12	-4.360135431e-12	-3.873180796e-12	-4.159837471e-12	-3.728571396e-12	-3.989230028e-12	-4.008596686e-12	-4.279428465e-12	-4.182067681e-12	-4.261795010e-12	-3.903700237e-12	-4.337905221e-12	-4.107615316e-12	-4.466765082e-12	-4.186363010e-12	-4.648977448e-12	-4.443479879e-12	-4.811823156e-12	-4.784770121e-12	-4.681606875e-12	-4.159536044e-12	-4.659452022e-12	-4.399999096e-12	-4.517254034e-12	-4.633604693e-12	-4.541368160e-12	-4.222458842e-12	-3.535206247e-12	-3.867905831e-12	-4.305200437e-12	-4.275962059e-12	-4.332027403e-12	-4.160063541e-12	-4.227583094e-12	-4.442198816e-12	-4.903758262e-12	-4.448453418e-12	-4.539408887e-12	-4.083049050e-12	-4.057955288e-12	-3.652385829e-12	-4.135647988e-12	-4.283723794e-12	-4.176792716e-12	-4.261116801e-12	-4.506704104e-12	-4.039116127e-12	-4.280182032e-12	-4.784091911e-12	-4.503689838e-12	-4.686881840e-12	-4.854701087e-12	-4.606250231e-12	-4.837067632e-12	-4.435642788e-12	-4.785448331e-12	-4.658472385e-12	-4.647093532e-12	4.584946907e-11	5.060809044e-11	5.537605603e-11	6.492856567e-11	7.817611300e-11	-6.171709157e-13	-3.476955561e-12	-4.067299512e-12	-4.624787965e-12	-4.890269423e-12	-5.450093932e-12	-4.991473396e-12	-4.570229755e-12	-4.435416718e-12	-4.560207321e-12	-4.461716187e-12	-4.344310536e-12	-4.507080887e-12	-4.774973757e-12	-4.626144385e-12	-4.448830201e-12	-4.574449727e-12	-4.702706735e-12	-4.394347347e-12	-4.440616327e-12	-4.927797031e-12	-4.771130568e-12	-5.383780085e-12	-5.239622825e-12	-4.781228359e-12	-5.470214156e-12	-5.367201623e-12	-4.719812694e-12	-4.986424501e-12	-4.673468357e-12	-5.054546907e-12	-4.734431882e-12	-4.761409561e-12	-4.466765082e-12	-4.234214479e-12	-3.955168825e-12	-4.722073393e-12	-4.928324528e-12	-4.589596412e-12	-4.607832720e-12	-4.535339629e-12	-5.184160335e-12	-4.957412193e-12	-5.003078319e-12	-4.863291744e-12	-5.336682183e-12	-5.423869820e-12	-4.449357698e-12	-4.779344442e-12	-5.059143662e-12	-5.350472448e-12	-5.054546907e-12	-5.018149648e-12	-5.215584055e-12	-5.154168390e-12	-5.096068418e-12	-4.907752164e-12	-4.797128610e-12	-4.651614931e-12	-5.285138238e-12	-5.485586911e-12	-5.100137677e-12	-5.064870767e-12	-5.216412979e-12	-5.240979245e-12	-4.943245143e-12	-4.742118260e-12	-4.917548528e-12	-4.959748249e-12	-5.160950488e-12	-5.188832447e-12	-4.827949478e-12	-5.157107300e-12	-5.228394685e-12	-5.410456337e-12	-4.759827072e-12	-5.248364196e-12	-5.034049900e-12	-5.257633063e-12	-5.152887327e-12	-4.743097897e-12	-5.327036532e-12	-5.069618236e-12	-5.514071723e-12	-5.470214156e-12	-5.289282853e-12	-5.128547131e-12	-5.243239944e-12	-5.052361564e-12	-5.944433518e-12	-5.449717149e-12	-5.587619808e-12	-5.418971638e-12	-5.339545735e-12	-5.488224394e-12	-5.079489956e-12	-5.254769510e-12	-5.401036757e-12	-5.826877153e-12
-4.820639883e-12	-5.571041346e-12	-5.393651806e-12	-5.149722348e-12	-5.360268812e-12	-5.140001341e-12	-5.127793565e-12	-4.697281057e-12	-4.861633898e-12	-5.021766767e-12	-4.447247712e-12	-4.816872051e-12	-5.205486265e-12	-4.746564302e-12	-4.697657840e-12	-4.490351712e-12	-4.501504495e-12	-4.649278875e-12	-4.744605029e-12	-5.090944166e-12	-4.783413701e-12	-4.912725703e-12	-5.068035746e-12	-4.863969954e-12	-5.271423329e-12	-4.972031382e-12	-5.613090353e-12	-5.061856501e-12	-5.206842685e-12	-5.389959330e-12	-5.410908477e-12	-5.508570688e-12	-5.588976227e-12	-5.202547356e-12	-4.939703381e-12	-5.472700925e-12	-4.738953281e-12	-5.255749147e-12	-5.404804589e-12	-5.414902379e-12	-5.082956362e-12	-5.495458632e-12	-5.310910210e-12	-5.376621204e-12	-5.418745568e-12	-5.315733036e-12	-5.572623835e-12	-5.276999720e-12	-5.294708532e-12	-5.458609233e-12	-5.399831050e-12	-6.049329966e-12	-5.745039837e-12	-6.096804652e-12	-5.353411358e-12	-5.360042742e-12	-5.191243859e-12	-5.105638712e-12	-5.154243747e-12	-5.906679839e-12	-5.510002464e-12	-5.661695389e-12	-5.586866241e-12	-5.347759609e-12	-5.580084143e-12	-5.234724643e-12	-5.225455776e-12	-5.412340253e-12	-5.496061485e-12	-5.415354519e-12	-5.090190600e-12	-5.292673902e-12	-5.079037816e-12	-5.340073232e-12	-5.071954292e-12	-5.311814490e-12	-5.046634459e-12	-5.085141704e-12	-5.105940138e-12	-4.825839492e-12	-5.108200838e-12	-5.064870767e-12	-4.836163352e-12	-5.260873399e-12	-4.672714791e-12	-5.364488784e-12	-5.071878935e-12	-5.521381317e-12	-5.386869708e-12	-5.346327833e-12	-5.532609457e-12	-5.225154349e-12	-5.377148701e-12	-5.389808617e-12	-5.263134098e-12	-5.863877265e-12	-5.243164587e-12	-5.528841625e-12	-5.549790772e-12	-5.117318991e-12	-4.895695101e-12	-4.707830987e-12	-5.053642627e-12	-5.278356140e-12	-4.947314402e-12	-5.402242463e-12	-5.289508923e-12	-5.006243298e-12	-4.940306234e-12	-4.736240442e-12	-5.235779636e-12	-5.237136056e-12	-5.333969343e-12	-5.128622488e-12	-4.952514011e-12	-4.916041395e-12	-4.869998485e-12	-5.265696224e-12	-5.251378461e-12	-5.066151830e-12	-4.700672106e-12	-4.536319265e-12	-4.509944440e-12	-4.212737835e-12	-4.731643687e-12	-4.884240891e-12	-4.655533476e-12	-5.159594069e-12	-4.857564639e-12	-4.920487437e-12	-4.903381479e-12	-4.993734095e-12	-5.167506516e-12	-5.150626628e-12	-4.554329503e-12	-5.290413203e-12	-4.812199939e-12	-4.835485142e-12	-4.766609170e-12	-4.825688779e-12	-4.805719268e-12	-4.938648388e-12	-4.749352498e-12	-4.804890345e-12	-4.726670148e-12	-4.663671994e-12	-4.829682681e-12	4.988451594e-11	5.464012304e-11	5.967010368e-11	7.277160984e-11	3.796965087e-11	-3.593607647e-12	-4.200831485e-12	-4.989061983e-12	-4.858770345e-12	-4.851460751e-12	-5.220331524e-12	-4.843020807e-12	-4.629912217e-12	-5.066754683e-12	-5.279712560e-12	-5.534418017e-12	-5.609096451e-12	-5.683925599e-12	-5.237738909e-12	-5.061705788e-12	-5.323570127e-12	-5.328995805e-12	-5.965608735e-12	-5.442030771e-12	-5.443236477e-12	-5.337887889e-12	-5.527861989e-12	-5.152284474e-12	-4.937894822e-12	-5.386266854e-12	-5.172027915e-12	-5.244370294e-12	-5.765160061e-12	-5.844435251e-12	-5.216714405e-12	-4.862387464e-12	-5.064192557e-12	-5.721001068e-12	-5.439694715e-12	-5.216186909e-12	-5.620475304e-12	-5.137891355e-12	-5.268635133e-12	-5.391692533e-12	-5.152133761e-12	-5.090115243e-12	-5.081599942e-12	-5.149270209e-12	-5.815121516e-12	-5.346252476e-12	-5.140830264e-12	-5.121765033e-12	-5.659962186e-12	-5.175343607e-12	-5.053642627e-12	-5.110461537e-12	-5.484155135e-12	-5.098555187e-12	-5.380991889e-12	-5.257708420e-12	-5.212645146e-12	-5.294331749e-12	-5.067357536e-12	-5.685432732e-12	-5.491314016e-12	-5.932075028e-12	-5.032994907e-12	-5.410305624e-12	-5.089663103e-12	-5.568403863e-12	-5.877366104e-12	-6.432819929e-12	-5.635094493e-12	-5.121689677e-12	-5.346177120e-12	-5.399981764e-12	-5.049874795e-12	-5.059369732e-12	-5.458910659e-12	-5.239773538e-12	-4.909862150e-12	-4.945731913e-12	-5.016793228e-12	-5.089210963e-12	-5.479407667e-12	-5.185139971e-12	-5.560792842e-12	-5.498171471e-12	-5.317541595e-12	-4.943847997e-12	-5.202848783e-12	-5.115209005e-12	-5.449415722e-12	-5.648734046e-12	-5.551222549e-12	-5.424774100e-12	-5.067432893e-12	-5.516633849e-12	-5.383855442e-12	-5.539090129e-12	-5.331859357e-12	-5.464336338e-12	-5.437358659e-12	-5.565841737e-12
-5.720548928e-12	-5.241883524e-12	-5.116942208e-12	-5.454087834e-12	-5.717986802e-12	-5.195765258e-12	-5.030960277e-12	-5.333215777e-12	-5.109783327e-12	-5.821225405e-12	-5.103227299e-12	-5.098027691e-12	-5.253262378e-12	-4.910465003e-12	-5.210384447e-12	-4.900065786e-12	-4.945581199e-12	-5.338792169e-12	-5.565163528e-12	-5.474509485e-12	-4.908053591e-12	-5.129149985e-12	-4.831491240e-12	-5.263134098e-12	-5.169315076e-12	-4.994713731e-12	-4.860428192e-12	-5.372024449e-12	-4.818605254e-12	-4.948896892e-12	-4.988911270e-12	-5.087251690e-12	-4.902853982e-12	-5.011744333e-12	-5.085367774e-12	-5.461322072e-12	-5.598395808e-12	-5.565615668e-12	-5.247987412e-12	-5.204581985e-12	-4.713332022e-12	-5.381067246e-12	-5.015286095e-12	-4.694116078e-12	-5.009860417e-12	-5.367729120e-12	-5.434570463e-12	-5.492369009e-12	-5.407743498e-12	-4.686052917e-12	-5.184763188e-12	-5.163361901e-12	-5.570061710e-12	-5.475865904e-12	-5.623489570e-12	-5.516784562e-12	-5.402920673e-12	-6.112102051e-12	-5.446853596e-12	-5.499377177e-12	-5.489128674e-12	-5.449189652e-12	-5.303073119e-12	-5.364940924e-12	-5.462603135e-12	-5.262079105e-12	-5.413169176e-12	-5.576617738e-12	-4.814988135e-12	-4.821996303e-12	-5.459513513e-12	-5.473981988e-12	-4.962310374e-12	-5.051984781e-12	-5.115811859e-12	-4.832772303e-12	-5.240527105e-12	-5.074893201e-12	-5.193881342e-12	-4.979717759e-12	-5.359289176e-12	-5.079640669e-12	-5.033899186e-12	-4.931188080e-12	-4.874745954e-12	-5.058088669e-12	-4.871656332e-12	-4.430292467e-12	-4.569024049e-12	-4.600372413e-12	-4.414392215e-12	-4.223815262e-12	-4.779118372e-12	-4.013947008e-12	-4.652594567e-12	-4.354935823e-12	-5.243239944e-12	-4.879191996e-12	-4.952514011e-12	-5.027117088e-12	-4.488166369e-12	-4.608134147e-12	-4.751613197e-12	-4.565557643e-12	-4.544231713e-12	-4.632625056e-12	-4.111684575e-12	-4.960125032e-12	-4.530893587e-12	-4.309947906e-12	-4.633227909e-12	-4.416351488e-12	-4.199324352e-12	-4.096839316e-12	-3.925553664e-12	-4.405650844e-12	-4.546793839e-12	-4.668796245e-12	-4.860729618e-12	-5.184461761e-12	-5.016943941e-12	-5.103604082e-12	-5.406613148e-12	-5.124703943e-12	-5.320555861e-12	-4.697733197e-12	-4.976929563e-12	-4.744454316e-12	-5.020259634e-12	-4.855153226e-12	-5.017245368e-12	-5.357631330e-12	-5.018752501e-12	-5.325001903e-12	-4.497209167e-12	-4.564578007e-12	-4.617478371e-12	-4.798334317e-12	-4.536771405e-12	-4.615745168e-12	-4.648600665e-12	-4.660733085e-12	-4.518911880e-12	-4.657342036e-12	-4.336021305e-12	-4.835183716e-12	-4.760882065e-12	5.237166198e-11	5.736788285e-11	6.563299958e-11	7.123320395e-11	3.071310746e-12	-2.957974353e-12	-4.011158812e-12	-3.844469915e-12	-4.654327770e-12	-4.727273001e-12	-4.618910147e-12	-4.789366876e-12	-4.977381703e-12	-4.504292691e-12	-4.550938454e-12	-4.187041219e-12	-4.953342934e-12	-4.940758374e-12	-4.891625842e-12	-4.585150370e-12	-4.586054650e-12	-4.698411407e-12	-4.659828805e-12	-5.796282355e-12	-4.914986402e-12	-4.403390145e-12	-4.520720440e-12	-4.818529897e-12	-4.609867350e-12	-4.600447769e-12	-4.595097447e-12	-4.454858733e-12	-4.666686259e-12	-4.304974367e-12	-4.679120106e-12	-4.652669924e-12	-4.924933479e-12	-4.714085589e-12	-5.358234183e-12	-5.158237649e-12	-4.754928890e-12	-5.087477760e-12	-4.999159773e-12	-4.866607436e-12	-4.898860080e-12	-4.915061759e-12	-4.577313279e-12	-4.563221587e-12	-4.594343881e-12	-4.790346512e-12	-5.181070712e-12	-4.967057843e-12	-4.841438317e-12	-4.921617787e-12	-4.859071772e-12	-4.889063716e-12	-5.215584055e-12	-5.225380419e-12	-5.276849007e-12	-5.165848670e-12	-5.173308978e-12	-5.143317034e-12	-5.132616390e-12	-4.965023214e-12	-5.060123299e-12	-4.881377339e-12	-4.796450401e-12	-4.645360329e-12	-4.916794961e-12	-5.310081287e-12	-5.175117538e-12	-5.500884310e-12	-4.168503485e-12	-4.951986514e-12	-4.847768275e-12	-4.908505730e-12	-5.200889510e-12	-4.739480778e-12	-5.044675186e-12	-4.961858235e-12	-4.881829478e-12	-4.896976164e-12	-5.259743049e-12	-4.571962958e-12	-4.374302480e-12	-4.515972971e-12	-4.769472722e-12	-5.031110991e-12	-5.026363522e-12	-4.668871602e-12	-4.494948467e-12	-4.446644858e-12	-4.844000443e-12	-4.724409449e-12	-4.392538788e-12	-4.599543489e-12	-4.895544388e-12	-4.918754234e-12	-4.905491465e-12	-4.622979406e-12	-4.807000331e-12	-4.858694989e-12	-4.889214430e-12	-4.638427518e-12
-4.279127038e-12	-4.806246764e-12	-4.453351600e-12	-4.666008050e-12	-4.692533588e-12	-4.693739295e-12	-4.538429251e-12	-4.674749420e-12	-5.262154462e-12	-4.818153114e-12	-4.996070151e-12	-5.431932981e-12	-5.206465901e-12	-5.181974992e-12	-5.205184839e-12	-5.290714630e-12	-5.124779299e-12	-4.810918876e-12	-5.023952109e-12	-4.865853870e-12	-4.778741589e-12	-4.698034623e-12	-4.605421308e-12	-4.724334092e-12	-5.271950825e-12	-5.376395134e-12	-5.264641231e-12	-5.433138687e-12	-4.993281955e-12	-4.582060748e-12	-4.536394622e-12	-4.075362673e-12	-4.551541307e-12	-4.609264497e-12	-4.932996640e-12	-4.697883910e-12	-4.717476638e-12	-4.579875405e-12	-4.422606089e-12	-4.446644858e-12	-4.718908414e-12	-4.254636129e-12	-4.758018512e-12	-4.775651967e-12	-4.357874732e-12	-4.405424774e-12	-4.444911656e-12	-4.357271878e-12	-4.179505555e-12	-4.396758760e-12	-3.868207258e-12	-3.725406417e-12	-4.246271542e-12	-4.441294537e-12	-4.759902428e-12	-4.368047879e-12	-4.335569165e-12	-4.197289723e-12	-4.385379907e-12	-4.307310423e-12	-4.281613808e-12	-4.230220576e-12	-4.673393001e-12	-4.498716300e-12	-4.132256939e-12	-4.011837022e-12	-3.564218555e-12	-3.876044349e-12	-3.816286530e-12	-4.091413638e-12	-4.130900519e-12	-4.639708581e-12	-4.121179512e-12	-3.962403063e-12	-4.285155570e-12	-4.465936159e-12	-4.173175597e-12	-4.222684912e-12	-3.941981413e-12	-4.844829366e-12	-4.475280383e-12	-4.547321335e-12	-4.338282004e-12	-3.900610615e-12	-3.915757300e-12	-4.025702644e-12	-4.135045135e-12	-3.927136154e-12	-3.721864655e-12	-4.439862760e-12	-4.086364743e-12	-4.378145669e-12	-4.414392215e-12	-4.886652304e-12	-4.243483346e-12	-4.692608945e-12	-4.103772128e-12	-4.151698953e-12	-4.135723345e-12	-4.202263261e-12	-4.533455713e-12	-4.697054987e-12	-4.356292242e-12	-4.532702146e-12	-4.633604693e-12	-4.060818840e-12	-4.065415596e-12	-3.974836909e-12	-4.627350091e-12	-4.168428128e-12	-4.507457670e-12	-4.909711437e-12	-4.463374033e-12	-4.388243459e-12	-4.526673615e-12	-4.536696048e-12	-4.731719043e-12	-4.634584329e-12	-4.449885194e-12	-4.415597921e-12	-4.200530059e-12	-4.289300185e-12	-4.033313665e-12	-4.033162952e-12	-3.550126863e-12	-4.035649721e-12	-3.791795621e-12	-3.862555510e-12	-4.014775931e-12	-3.796015593e-12	-4.195933303e-12	-4.377166033e-12	-3.970692294e-12	-4.378070312e-12	-4.221554562e-12	-3.698278025e-12	-4.387715963e-12	-4.330444913e-12	-4.182971961e-12	-4.629384721e-12	-4.323587459e-12	-4.832923016e-12	-4.475355740e-12	-4.289526255e-12	-4.079808715e-12	-4.067073442e-12	-3.964211623e-12	5.123837341e-11	5.828874104e-11	6.790500240e-11	1.297392735e-11	-1.539536240e-13	-2.958125066e-12	-3.561505716e-12	-3.808374082e-12	-4.254033276e-12	-4.546869195e-12	-4.538956748e-12	-4.597659573e-12	-4.826894485e-12	-5.017094655e-12	-4.639783937e-12	-5.153791607e-12	-5.070070376e-12	-4.887481227e-12	-5.011593620e-12	-4.936161619e-12	-4.985218794e-12	-4.969695326e-12	-5.040304501e-12	-4.787935100e-12	-4.928852024e-12	-4.907978234e-12	-4.769548079e-12	-4.754853533e-12	-5.396816785e-12	-5.259516979e-12	-4.815364918e-12	-4.922069926e-12	-5.085141704e-12	-4.758696722e-12	-4.515445475e-12	-4.849426121e-12	-4.359683291e-12	-4.748372862e-12	-4.790572582e-12	-5.023801396e-12	-5.012271830e-12	-5.163512614e-12	-4.708584554e-12	-5.087628474e-12	-4.727046931e-12	-4.702254595e-12	-4.964420360e-12	-5.005339018e-12	-4.957788976e-12	-4.706549924e-12	-4.554706286e-12	-5.066905397e-12	-4.482213194e-12	-4.419290397e-12	-4.549808104e-12	-4.697808553e-12	-4.866456723e-12	-4.535942482e-12	-4.953870430e-12	-4.798635743e-12	-4.595775657e-12	-4.935106626e-12	-5.113777229e-12	-5.138795635e-12	-4.215601387e-12	-4.735336162e-12	-4.774446261e-12	-4.726444078e-12	-4.901648276e-12	-4.490351712e-12	-5.004811522e-12	-4.906169675e-12	-4.620191210e-12	-4.382817781e-12	-5.109331187e-12	-4.880473059e-12	-4.764951323e-12	-4.457948355e-12	-4.906923241e-12	-4.960351102e-12	-4.371740354e-12	-4.468498285e-12	-4.515445475e-12	-4.184253023e-12	-4.166619569e-12	-4.360738284e-12	-4.488317083e-12	-4.521775433e-12	-4.758998148e-12	-4.772336275e-12	-4.656663826e-12	-4.898257227e-12	-4.859147129e-12	-4.941285871e-12	-5.012874683e-12	-4.997125144e-12	-5.069467522e-12	-5.050100865e-12	-5.059294375e-12	-4.918528164e-12	-5.104056222e-12	-4.843548303e-12	-4.560885531e-12	-4.030600826e-12
-4.068279148e-12	-4.598036357e-12	-4.797580750e-12	-4.705645644e-12	-4.783262988e-12	-4.687786120e-12	-4.939477311e-12	-4.600673839e-12	-4.753647827e-12	-4.610771629e-12	-4.355387962e-12	-4.946937619e-12	-4.725012302e-12	-4.892605479e-12	-4.573922230e-12	-4.877835576e-12	-5.075722124e-12	-4.831189814e-12	-5.005791158e-12	-4.843925086e-12	-5.133369957e-12	-5.351226015e-12	-5.250926322e-12	-4.752216051e-12	-5.004736165e-12	-5.176473957e-12	-5.361851302e-12	-5.161930125e-12	-5.236834629e-12	-4.806623548e-12	-4.838122625e-12	-4.679798315e-12	-5.367729120e-12	-5.387397204e-12	-5.106392278e-12	-4.940984444e-12	-4.629460077e-12	-4.633529336e-12	-4.853344667e-12	-5.066151830e-12	-4.830963744e-12	-5.375038714e-12	-4.931564864e-12	-5.263360168e-12	-4.216354954e-12	-4.321100689e-12	-4.884165534e-12	-4.625466175e-12	-4.659150595e-12	-4.428333194e-12	-4.705042791e-12	-5.091471663e-12	-4.757641729e-12	-4.804438205e-12	-4.576032216e-12	-4.642044637e-12	-4.418536830e-12	-4.514390482e-12	-4.540689950e-12	-4.644908189e-12	-4.069409498e-12	-4.362697557e-12	-4.573319377e-12	-4.624335825e-12	-4.852817170e-12	-4.796751827e-12	-4.259308241e-12	-4.761560274e-12	-3.784259956e-12	-4.289978395e-12	-4.638653588e-12	-4.910314290e-12	-4.645134259e-12	-4.862990317e-12	-4.877308080e-12	-4.406027627e-12	-4.419591823e-12	-4.148458618e-12	-4.979190263e-12	-4.491105279e-12	-4.546341699e-12	-4.272420297e-12	-4.081767987e-12	-4.557569839e-12	-4.634282902e-12	-5.009785060e-12	-4.534736775e-12	-4.576484356e-12	-4.767438093e-12	-5.111968670e-12	-5.173459691e-12	-5.262983385e-12	-4.461113334e-12	-4.387263823e-12	-4.600146343e-12	-4.625616888e-12	-4.658849168e-12	-4.790647939e-12	-4.297740130e-12	-4.283120941e-12	-4.128413750e-12	-4.086741526e-12	-4.438657054e-12	-4.808582820e-12	-4.350263711e-12	-4.523734705e-12	-4.220424213e-12	-4.580402902e-12	-4.776706960e-12	-4.234289835e-12	-4.530215377e-12	-4.367068242e-12	-4.778967659e-12	-4.216957807e-12	-4.807527827e-12	-4.564427293e-12	-4.622150483e-12	-4.349585501e-12	-4.718305561e-12	-4.589144273e-12	-4.951986514e-12	-4.311002899e-12	-4.484247824e-12	-4.604667741e-12	-4.925988472e-12	-4.879191996e-12	-5.100966600e-12	-4.118391317e-12	-4.536243908e-12	-4.379351375e-12	-4.636392888e-12	-4.290430535e-12	-4.613861252e-12	-4.276790983e-12	-4.352750480e-12	-4.540313167e-12	-4.966982486e-12	-4.755456386e-12	-4.470156131e-12	-4.304974367e-12	-4.152075736e-12	-4.374754620e-12	-4.241147290e-12	-4.286210563e-12	-4.493365978e-12	-4.276037416e-12	-4.262096437e-12	5.101787987e-11	5.752643323e-11	5.325454043e-11	4.624411182e-12	-3.136569600e-12	-3.913948741e-12	-4.020879819e-12	-4.853947520e-12	-4.920562794e-12	-4.686429700e-12	-4.734733309e-12	-4.315976437e-12	-4.223664548e-12	-4.518007600e-12	-4.417331124e-12	-4.339939850e-12	-4.490653139e-12	-4.557419125e-12	-4.690498959e-12	-4.831340527e-12	-4.894187968e-12	-4.440465614e-12	-4.704063155e-12	-5.025911382e-12	-4.963742151e-12	-5.575638101e-12	-4.769472722e-12	-5.273608671e-12	-4.973990654e-12	-4.887481227e-12	-4.554178790e-12	-5.216337622e-12	-5.015060025e-12	-5.254543440e-12	-5.300887777e-12	-4.981149535e-12	-5.147537006e-12	-4.936463045e-12	-4.875424164e-12	-4.687861476e-12	-4.688313616e-12	-4.446418789e-12	-4.545512776e-12	-4.831868023e-12	-4.568722622e-12	-4.932619857e-12	-5.257180923e-12	-5.080243523e-12	-5.759282243e-12	-5.206918041e-12	-5.618591388e-12	-5.907659475e-12	-5.464487051e-12	-5.716856452e-12	-5.395460365e-12	-5.771791446e-12	-5.345423553e-12	-5.348814602e-12	-5.595155472e-12	-5.707361515e-12	-5.721151781e-12	-5.793720229e-12	-5.892814216e-12	-5.989722861e-12	-5.910146245e-12	-5.641725878e-12	-5.665312508e-12	-5.654687221e-12	-5.764029712e-12	-5.095917705e-12	-5.072858571e-12	-5.045202683e-12	-4.872334541e-12	-5.079489956e-12	-5.124779299e-12	-5.503898576e-12	-5.084312781e-12	-4.967283913e-12	-4.937442682e-12	-4.450864831e-12	-4.382742424e-12	-4.656663826e-12	-4.593439601e-12	-4.755908526e-12	-4.878815213e-12	-4.770075575e-12	-4.871354905e-12	-5.510454604e-12	-4.576936496e-12	-4.652067070e-12	-4.981149535e-12	-4.634885756e-12	-4.730513337e-12	-4.984088445e-12	-5.515654212e-12	-5.371949092e-12	-5.106241565e-12	-5.054697620e-12	-5.098178404e-12	-5.113626516e-12	-5.401865680e-12	-5.043394124e-12	-4.908430374e-12	-4.925611689e-12
-4.991624109e-12	-5.778950327e-12	-5.727858522e-12	-5.395234295e-12	-5.293954965e-12	-5.709697571e-12	-5.884901769e-12	-5.552729681e-12	-5.607287892e-12	-5.847675587e-12	-5.359289176e-12	-5.295763525e-12	-5.143166320e-12	-5.442935051e-12	-5.445346463e-12	-5.260270545e-12	-5.218899748e-12	-5.129376055e-12	-5.471193792e-12	-4.861031045e-12	-4.980471326e-12	-4.669323742e-12	-4.845733646e-12	-5.198025957e-12	-5.474584841e-12	-5.563957821e-12	-5.131033901e-12	-5.799899474e-12	-5.572020982e-12	-5.721076424e-12	-5.610452871e-12	-5.603444703e-12	-5.583927332e-12	-5.437207946e-12	-5.180467859e-12	-5.436454379e-12	-5.851443419e-12	-5.870734720e-12	-5.246630993e-12	-5.789877041e-12	-5.746396257e-12	-5.510605317e-12	-5.715349319e-12	-5.611733934e-12	-5.560491416e-12	-5.500055387e-12	-5.362378798e-12	-5.446928953e-12	-5.180844642e-12	-5.242637091e-12	-5.466747750e-12	-5.381896169e-12	-5.404051022e-12	-6.281654500e-12	-5.508193905e-12	-4.987027354e-12	-5.439694715e-12	-4.790045086e-12	-5.157031943e-12	-5.485812981e-12	-5.559210353e-12	-5.171048279e-12	-5.798467698e-12	-5.480085876e-12	-5.866740818e-12	-5.578953794e-12	-5.319500868e-12	-5.404051022e-12	-5.052210851e-12	-5.676691361e-12	-6.027853323e-12	-5.873146132e-12	-5.787917768e-12	-5.877968958e-12	-5.344142490e-12	-5.550318269e-12	-5.342032504e-12	-5.063137564e-12	-5.546550437e-12	-4.931188080e-12	-5.302620979e-12	-4.995768724e-12	-5.117168278e-12	-5.108050124e-12	-4.487036020e-12	-5.102398376e-12	-5.285515021e-12	-5.236985342e-12	-5.733660984e-12	-5.592744059e-12	-5.134651020e-12	-5.207144111e-12	-5.507138912e-12	-5.218824391e-12	-4.987178067e-12	-5.315582322e-12	-4.875047380e-12	-4.745735379e-12	-4.853043240e-12	-4.590274622e-12	-4.989061983e-12	-5.121915747e-12	-4.998180137e-12	-4.645058903e-12	-5.163512614e-12	-5.235252140e-12	-4.758621365e-12	-4.768945226e-12	-5.271197259e-12	-5.122970740e-12	-5.009860417e-12	-5.271724755e-12	-5.113249733e-12	-5.418142715e-12	-5.410908477e-12	-5.037290235e-12	-4.812049226e-12	-5.258914126e-12	-5.432535834e-12	-5.243616727e-12	-5.142262041e-12	-5.061102935e-12	-5.221009734e-12	-5.235553566e-12	-5.104508362e-12	-5.458609233e-12	-5.283028252e-12	-5.102775159e-12	-5.221160447e-12	-5.003530459e-12	-5.296893874e-12	-4.878363073e-12	-5.121765033e-12	-5.018375718e-12	-5.216412979e-12	-5.300058854e-12	-5.119353621e-12	-5.025157816e-12	-4.965098570e-12	-4.690800386e-12	-4.620794063e-12	-4.832696946e-12	-5.034125256e-12	-5.309478434e-12	-4.959898962e-12	-4.841965814e-12	4.996213329e-11	5.101644809e-11	5.975013244e-11	1.149452572e-11	1.722652885e-13	-3.428651953e-12	-4.283799150e-12	-4.911972136e-12	-4.386811683e-12	-4.864572807e-12	-4.563221587e-12	-4.502634845e-12	-4.727046931e-12	-4.876328443e-12	-4.976477424e-12	-4.608134147e-12	-4.941587297e-12	-5.326584392e-12	-4.958165759e-12	-5.024931746e-12	-5.530424115e-12	-5.562299975e-12	-5.809545125e-12	-5.432535834e-12	-5.484833345e-12	-5.744135558e-12	-5.046106963e-12	-5.611658577e-12	-5.420704841e-12	-5.643459081e-12	-5.532006604e-12	-5.244822433e-12	-5.419423778e-12	-5.459061373e-12	-5.203225566e-12	-5.448285373e-12	-5.419348421e-12	-5.527861989e-12	-5.203225566e-12	-5.172856838e-12	-5.062157928e-12	-4.783262988e-12	-4.991548752e-12	-4.957638262e-12	-5.373004085e-12	-5.048216949e-12	-5.250926322e-12	-5.291166770e-12	-5.456273177e-12	-5.862520846e-12	-5.975480455e-12	-5.401564253e-12	-5.247535273e-12	-5.410230267e-12	-5.004886878e-12	-5.546701150e-12	-5.467425960e-12	-5.945036371e-12	-5.898013825e-12	-5.557703220e-12	-5.252659524e-12	-5.945639224e-12	-5.314904112e-12	-5.467727387e-12	-5.331030434e-12	-5.918962972e-12	-5.844661321e-12	-5.822958607e-12	-5.719267865e-12	-5.823260034e-12	-5.304128112e-12	-5.320028364e-12	-5.464788478e-12	-5.371421596e-12	-5.091923802e-12	-5.130506404e-12	-5.247007776e-12	-5.254618797e-12	-5.598019025e-12	-5.288680000e-12	-5.681966326e-12	-5.328242238e-12	-5.479709093e-12	-5.286946797e-12	-5.345649623e-12	-5.641575165e-12	-5.223119720e-12	-5.279034350e-12	-4.682887938e-12	-4.769095939e-12	-4.803006429e-12	-4.896222597e-12	-5.359967386e-12	-5.484004422e-12	-5.526505569e-12	-5.355445987e-12	-4.768794512e-12	-4.859749982e-12	-4.810240667e-12	-4.596152440e-12	-4.916794961e-12	-4.689067183e-12	-4.718757701e-12	-4.803533925e-12	-4.786804750e-12
-5.787164201e-12	-5.981433630e-12	-5.873975055e-12	-5.535623723e-12	-5.601184004e-12	-5.734715977e-12	-6.006753462e-12	-5.427336226e-12	-5.819040062e-12	-5.583550549e-12	-5.095993061e-12	-5.225832559e-12	-5.162532978e-12	-5.073461425e-12	-5.301264560e-12	-5.779101040e-12	-5.931999671e-12	-6.045637491e-12	-6.042095729e-12	-5.984975392e-12	-5.846771307e-12	-6.173894499e-12	-6.248799003e-12	-6.259650360e-12	-6.363567173e-12	-6.208483199e-12	-6.236817297e-12	-6.043376792e-12	-5.615275696e-12	-5.929738972e-12	-5.980680064e-12	-6.568311175e-12	-6.381652767e-12	-5.872618636e-12	-6.058824904e-12	-5.900123811e-12	-6.259951787e-12	-6.373438893e-12	-6.457612264e-12	-6.036519337e-12	-6.025592623e-12	-5.447079666e-12	-6.051967449e-12	-6.389489858e-12	-5.915421210e-12	-5.804571586e-12	-5.561847835e-12	-6.115794527e-12	-6.353770809e-12	-5.655064004e-12	-5.425678379e-12	-5.876386468e-12	-5.205335552e-12	-5.691009123e-12	-5.682267753e-12	-6.064928792e-12	-5.544515807e-12	-5.011744333e-12	-5.539316199e-12	-5.294105679e-12	-5.245349930e-12	-5.341278938e-12	-5.216488335e-12	-5.338415385e-12	-5.060876865e-12	-5.674430662e-12	-5.367879833e-12	-5.366598770e-12	-5.664558941e-12	-5.585208395e-12	-5.261853035e-12	-5.736825963e-12	-5.338340029e-12	-5.124327159e-12	-5.877818244e-12	-5.583851975e-12	-5.635848060e-12	-5.825972873e-12	-6.080000121e-12	-5.950989546e-12	-5.449792505e-12	-6.236063731e-12	-5.868850804e-12	-5.675937795e-12	-5.742326998e-12	-5.765988984e-12	-5.783547082e-12	-5.472324142e-12	-5.387773987e-12	-5.421835190e-12	-5.463733485e-12	-5.494328282e-12	-5.120936110e-12	-5.619721738e-12	-5.142714181e-12	-5.407140645e-12	-5.567047444e-12	-5.381067246e-12	-5.141207048e-12	-5.614823556e-12	-5.303525259e-12	-5.446627526e-12	-5.579104507e-12	-5.269840839e-12	-5.333818630e-12	-5.835166384e-12	-5.897184902e-12	-5.408723134e-12	-5.351075302e-12	-5.274965091e-12	-5.441653988e-12	-5.601636143e-12	-5.650617962e-12	-5.642102661e-12	-5.239698182e-12	-4.909862150e-12	-5.018827858e-12	-5.002475466e-12	-5.353411358e-12	-5.245425287e-12	-5.515654212e-12	-5.364262714e-12	-5.734942047e-12	-5.900651307e-12	-5.670436760e-12	-5.631100591e-12	-5.298174937e-12	-5.265319441e-12	-5.337812532e-12	-5.062308641e-12	-5.340223945e-12	-5.027493872e-12	-5.148139859e-12	-4.870450625e-12	-5.236307133e-12	-5.339545735e-12	-5.302922406e-12	-4.952815437e-12	-4.539785671e-12	-5.111215103e-12	-5.398323918e-12	-4.496003460e-12	-5.455293541e-12	-5.249871329e-12	-5.207219468e-12	-5.597340815e-12	5.550906051e-11	5.143249213e-11	5.633105078e-11	6.891817248e-12	-1.738477781e-13	-3.525560597e-12	-4.094427904e-12	-4.049289274e-12	-5.045504110e-12	-5.080243523e-12	-5.071502152e-12	-5.040078431e-12	-5.093657005e-12	-5.800426971e-12	-5.721302494e-12	-5.963724819e-12	-5.802536957e-12	-5.593874409e-12	-5.733736341e-12	-5.316034462e-12	-4.930509871e-12	-5.264264448e-12	-5.247761342e-12	-5.383629372e-12	-5.338340029e-12	-4.818680611e-12	-4.915589255e-12	-5.334722910e-12	-4.583793951e-12	-5.333667917e-12	-5.261250182e-12	-5.108276194e-12	-4.943847997e-12	-4.986123074e-12	-5.294859245e-12	-4.769849505e-12	-4.782735491e-12	-5.202245929e-12	-5.422588757e-12	-5.172404698e-12	-5.519798828e-12	-5.482120506e-12	-5.137665285e-12	-5.216865118e-12	-5.378354407e-12	-5.337360392e-12	-5.384307582e-12	-4.931790934e-12	-5.487320114e-12	-4.858167492e-12	-4.737747575e-12	-4.969770682e-12	-4.988760557e-12	-5.087251690e-12	-5.276246154e-12	-4.848371128e-12	-4.700069253e-12	-4.587863210e-12	-4.805417841e-12	-5.164341537e-12	-5.517613485e-12	-5.120785397e-12	-5.108426907e-12	-5.479030883e-12	-5.551900758e-12	-5.767797544e-12	-5.204129846e-12	-5.658756480e-12	-5.680459193e-12	-5.837050300e-12	-5.447230380e-12	-5.683096676e-12	-6.141641855e-12	-6.074574442e-12	-6.025291197e-12	-5.700654774e-12	-5.873146132e-12	-6.069977687e-12	-6.036067197e-12	-5.966814441e-12	-5.668402130e-12	-5.484833345e-12	-5.603067920e-12	-5.369914463e-12	-5.286871441e-12	-5.234573930e-12	-5.509098184e-12	-5.375942994e-12	-5.158539076e-12	-4.870601338e-12	-4.946937619e-12	-5.178659300e-12	-5.176021817e-12	-4.965249284e-12	-5.281295049e-12	-5.301189203e-12	-5.156579803e-12	-5.936370357e-12	-5.528163415e-12	-5.960183056e-12	-6.054152792e-12	-5.881586077e-12	-5.781512453e-12	-5.611206437e-12	-5.081147802e-12
-5.751143725e-12	-5.721754634e-12	-5.496815051e-12	-6.336212711e-12	-5.642178018e-12	-6.009014162e-12	-6.663561973e-12	-5.893718496e-12	-6.127550163e-12	-5.863123699e-12	-5.750842299e-12	-6.134332261e-12	-6.050008176e-12	-5.799221264e-12	-5.868624734e-12	-6.327245270e-12	-6.492728461e-12	-6.662130197e-12	-6.562659426e-12	-6.359950054e-12	-6.173367003e-12	-6.080075477e-12	-5.710978634e-12	-5.768852537e-12	-5.750540872e-12	-6.058975617e-12	-6.051816736e-12	-5.827178579e-12	-6.151212149e-12	-5.794247726e-12	-6.351962249e-12	-5.862294776e-12	-6.620307259e-12	-6.364622166e-12	-6.082863673e-12	-6.549547370e-12	-6.079020484e-12	-6.439451313e-12	-6.421591789e-12	-6.552486279e-12	-6.311947871e-12	-5.982714693e-12	-6.233426248e-12	-6.407650809e-12	-5.766516481e-12	-5.883846776e-12	-5.628387752e-12	-5.419348421e-12	-5.496438268e-12	-5.823712174e-12	-5.949783839e-12	-5.540823332e-12	-5.589051584e-12	-5.412943106e-12	-5.261551608e-12	-5.820396481e-12	-5.899445601e-12	-5.842249908e-12	-6.176305912e-12	-5.710978634e-12	-5.603444703e-12	-5.290563916e-12	-5.734339194e-12	-6.190171534e-12	-5.993189267e-12	-6.212251031e-12	-5.757021544e-12	-6.127324093e-12	-6.040814666e-12	-6.316695340e-12	-6.453769076e-12	-6.310063955e-12	-6.154377128e-12	-5.683850242e-12	-5.392144673e-12	-6.263267479e-12	-6.233275535e-12	-6.113307757e-12	-5.529595192e-12	-5.985352176e-12	-5.966889798e-12	-5.802536957e-12	-5.781512453e-12	-6.083843309e-12	-5.806003362e-12	-6.184745856e-12	-6.221896682e-12	-6.528070727e-12	-6.368163928e-12	-5.696434802e-12	-5.985578245e-12	-5.833056398e-12	-5.846017740e-12	-6.109012429e-12	-6.347817634e-12	-6.149855730e-12	-6.130639785e-12	-5.888217461e-12	-6.407274026e-12	-6.561378363e-12	-6.615936574e-12	-6.699733162e-12	-6.641859259e-12	-6.454748712e-12	-6.270953857e-12	-5.991908204e-12	-5.781512453e-12	-5.813463670e-12	-5.936445713e-12	-5.670135333e-12	-6.185951562e-12	-5.701483697e-12	-6.279845941e-12	-6.364170026e-12	-6.146766107e-12	-6.353544739e-12	-6.164399562e-12	-6.242242975e-12	-6.179320178e-12	-5.794624509e-12	-5.794775222e-12	-5.602465067e-12	-5.802989097e-12	-5.702086550e-12	-5.940590329e-12	-5.583625906e-12	-5.925217573e-12	-5.818286495e-12	-5.871714356e-12	-6.300267591e-12	-6.193411870e-12	-5.970959056e-12	-6.307200403e-12	-6.051515309e-12	-5.644514074e-12	-5.805099083e-12	-5.236985342e-12	-6.072615169e-12	-6.063723085e-12	-6.353017242e-12	-6.256711451e-12	-5.800426971e-12	-6.145258974e-12	-6.034560064e-12	-5.654536508e-12	-5.730269935e-12	6.463037943e-11	5.336147150e-11	1.966333666e-11	1.226655454e-12	-3.213734803e-12	-5.085066348e-12	-5.352130295e-12	-5.833583894e-12	-5.617159612e-12	-5.604424339e-12	-5.416786295e-12	-5.523265234e-12	-5.756343334e-12	-6.100421771e-12	-6.100120345e-12	-6.278564878e-12	-6.217073856e-12	-5.969979420e-12	-6.237570864e-12	-6.112930974e-12	-6.218731702e-12	-5.939233909e-12	-5.967266581e-12	-6.156562471e-12	-6.415713970e-12	-6.202002527e-12	-5.610226801e-12	-5.747225180e-12	-5.574658465e-12	-6.153548205e-12	-5.741347362e-12	-6.091152904e-12	-5.980077210e-12	-6.031922582e-12	-6.313681074e-12	-5.738634523e-12	-5.377751554e-12	-6.174346639e-12	-5.808640845e-12	-5.516558492e-12	-5.322967273e-12	-5.694023389e-12	-5.522210241e-12	-6.026647617e-12	-6.226870220e-12	-5.896958832e-12	-5.761995082e-12	-5.895828482e-12	-5.774353572e-12	-5.571644199e-12	-5.688070214e-12	-5.880907867e-12	-5.956339868e-12	-5.427185512e-12	-6.094016456e-12	-5.718740368e-12	-5.652275808e-12	-5.679931697e-12	-5.587393738e-12	-5.613994633e-12	-5.095540921e-12	-5.864630832e-12	-5.748732313e-12	-6.070203757e-12	-5.732379921e-12	-6.138853660e-12	-5.896129909e-12	-6.444048068e-12	-5.853854831e-12	-5.520250968e-12	-5.090492026e-12	-5.218146181e-12	-5.528540199e-12	-5.381067246e-12	-5.566444591e-12	-5.783245656e-12	-5.352130295e-12	-5.355747414e-12	-5.407366715e-12	-5.256125930e-12	-5.496664338e-12	-5.479633737e-12	-5.545420087e-12	-5.478352674e-12	-5.922429378e-12	-5.844133824e-12	-6.209462835e-12	-5.755514411e-12	-5.373908365e-12	-5.959278777e-12	-5.873296846e-12	-5.496890408e-12	-5.366071274e-12	-5.127944278e-12	-5.577145234e-12	-5.900952734e-12	-6.099366778e-12	-5.881284650e-12	-5.484230492e-12	-5.338490742e-12	-5.017320725e-12	-5.401488897e-12	-6.045486778e-12	-5.773675362e-12	-5.879702160e-12
-5.869905797e-12	-6.228000570e-12	-5.435248673e-12	-5.991682134e-12	-5.634868424e-12	-5.983317546e-12	-5.918284762e-12	-5.560340702e-12	-5.736825963e-12	-5.626051696e-12	-5.658153627e-12	-5.579556647e-12	-5.284610741e-12	-5.631778801e-12	-5.448737512e-12	-5.457931023e-12	-5.675033515e-12	-5.926724706e-12	-5.864706188e-12	-5.799145908e-12	-5.850840566e-12	-5.849182720e-12	-5.707135445e-12	-5.971787980e-12	-5.670813543e-12	-5.928307196e-12	-5.559059640e-12	-5.467501317e-12	-5.641575165e-12	-5.917681909e-12	-5.758754747e-12	-5.723713907e-12	-5.372627302e-12	-5.600279724e-12	-5.866740818e-12	-5.913461937e-12	-5.780382103e-12	-5.901254161e-12	-5.881360007e-12	-6.087611142e-12	-5.872693992e-12	-5.940213546e-12	-5.937199280e-12	-5.644514074e-12	-5.888744958e-12	-5.912557657e-12	-5.950612763e-12	-5.884675699e-12	-5.902761294e-12	-5.937576063e-12	-5.866062608e-12	-6.023784064e-12	-6.178566611e-12	-6.073444093e-12	-6.089947198e-12	-6.519781496e-12	-5.987236092e-12	-6.531461776e-12	-6.185725492e-12	-6.201851814e-12	-6.157918891e-12	-6.084596876e-12	-6.513979034e-12	-6.051138526e-12	-6.590692098e-12	-6.497023789e-12	-6.439300600e-12	-6.593555651e-12	-6.610284826e-12	-6.095297519e-12	-6.298609745e-12	-6.325662781e-12	-6.326943843e-12	-5.852423055e-12	-5.724316760e-12	-5.608267528e-12	-6.311872515e-12	-6.350229047e-12	-5.682569179e-12	-5.830569628e-12	-5.511434240e-12	-5.543159388e-12	-5.864555475e-12	-5.907584119e-12	-5.734113124e-12	-5.960258413e-12	-5.859732650e-12	-6.117075589e-12	-5.421910547e-12	-5.282576112e-12	-5.240753175e-12	-5.330050798e-12	-5.954983448e-12	-5.838708146e-12	-5.807962635e-12	-5.772469656e-12	-5.668176060e-12	-6.337870557e-12	-6.196350779e-12	-6.506066587e-12	-5.961916259e-12	-6.359950054e-12	-6.235234808e-12	-5.622585291e-12	-5.759131530e-12	-5.495533988e-12	-5.449265009e-12	-5.455067471e-12	-5.523943443e-12	-6.313982501e-12	-6.041342162e-12	-6.425585691e-12	-6.190096178e-12	-6.087535785e-12	-5.757021544e-12	-6.158220317e-12	-6.438848460e-12	-6.159652093e-12	-6.302151508e-12	-5.758377963e-12	-5.984824679e-12	-5.842777405e-12	-5.796056285e-12	-6.149026807e-12	-5.777141768e-12	-5.661092536e-12	-5.229072895e-12	-5.814066523e-12	-5.780683530e-12	-6.050008176e-12	-5.780457460e-12	-5.702614047e-12	-6.149705016e-12	-6.171106303e-12	-6.080301547e-12	-5.635169850e-12	-6.116095953e-12	-6.008486665e-12	-6.250532206e-12	-5.469460590e-12	-5.883696063e-12	-6.196275423e-12	-6.308782892e-12	-6.119788429e-12	-5.813991167e-12	-5.725221040e-12	9.239485676e-11	6.150405833e-11	9.954386623e-12	2.252184024e-12	-2.257458989e-12	-4.853344667e-12	-5.224626853e-12	-5.778046047e-12	-5.684679165e-12	-5.528464842e-12	-5.939686049e-12	-5.524018800e-12	-5.262757315e-12	-5.180241789e-12	-5.395686435e-12	-5.177001454e-12	-5.538788702e-12	-5.537281569e-12	-5.581063780e-12	-5.862897629e-12	-5.627784899e-12	-6.066888064e-12	-5.705929739e-12	-5.791836313e-12	-5.883017853e-12	-5.921223671e-12	-6.116548093e-12	-6.154000345e-12	-6.193110443e-12	-5.655666857e-12	-6.014289127e-12	-5.890327447e-12	-5.996128176e-12	-6.285271619e-12	-6.172161296e-12	-6.049932820e-12	-5.904042356e-12	-5.957847000e-12	-6.052419589e-12	-6.188513688e-12	-6.135764037e-12	-6.368239284e-12	-6.031997938e-12	-6.206674639e-12	-6.137421883e-12	-5.671039613e-12	-5.447607163e-12	-5.840516705e-12	-5.853854831e-12	-5.535171583e-12	-5.795980929e-12	-5.948427420e-12	-5.784978859e-12	-5.807058355e-12	-6.625130084e-12	-6.255128962e-12	-6.085877939e-12	-5.607287892e-12	-5.479784450e-12	-5.788972761e-12	-5.338566099e-12	-5.755966551e-12	-5.589051584e-12	-5.883469993e-12	-5.699222998e-12	-5.834186747e-12	-5.601108647e-12	-5.034200613e-12	-5.452053205e-12	-5.457177457e-12	-5.723487837e-12	-6.242921185e-12	-5.582344843e-12	-5.522813094e-12	-5.389582547e-12	-5.539014772e-12	-5.258386629e-12	-5.188455664e-12	-5.046031606e-12	-5.165924027e-12	-5.060424725e-12	-5.013402179e-12	-5.019430711e-12	-5.740367725e-12	-5.326282966e-12	-5.484757988e-12	-5.347985679e-12	-5.433892254e-12	-5.085367774e-12	-5.446928953e-12	-5.317315525e-12	-5.226510769e-12	-5.191545286e-12	-5.301490630e-12	-5.584454829e-12	-5.711581487e-12	-5.746019474e-12	-5.667347137e-12	-6.073745519e-12	-5.581591276e-12	-5.405332085e-12	-5.742326998e-12	-5.790555250e-12	-5.510379247e-12	-5.580536283e-12
-4.841438317e-12	-5.476996254e-12	-5.278883637e-12	-5.403071386e-12	-5.018074291e-12	-5.606308255e-12	-5.181146069e-12	-4.884240891e-12	-5.171274349e-12	-4.709338120e-12	-4.728177281e-12	-4.510321223e-12	-4.165187793e-12	-4.551465950e-12	-4.811823156e-12	-4.803383212e-12	-4.952514011e-12	-4.651765644e-12	-4.856886429e-12	-4.867436359e-12	-5.233745007e-12	-5.155826237e-12	-4.314996801e-12	-4.983410235e-12	-4.498640943e-12	-4.649957084e-12	-4.906998598e-12	-5.474509485e-12	-5.044449117e-12	-4.917699241e-12	-5.246555636e-12	-4.440616327e-12	-4.740234344e-12	-4.940833731e-12	-4.783639771e-12	-4.952664724e-12	-4.806924974e-12	-4.434738509e-12	-5.018149648e-12	-4.843699017e-12	-4.967811409e-12	-5.066076473e-12	-4.880849842e-12	-5.209329454e-12	-5.211665510e-12	-5.105864782e-12	-5.179186796e-12	-5.084614208e-12	-5.499980030e-12	-5.157559439e-12	-5.006544725e-12	-5.838331363e-12	-5.674430662e-12	-5.496287555e-12	-5.535397653e-12	-5.525978073e-12	-5.623640284e-12	-5.300812420e-12	-5.476016618e-12	-5.053039774e-12	-5.442482911e-12	-5.289358210e-12	-5.346629260e-12	-5.038194515e-12	-5.372099805e-12	-4.785372974e-12	-4.741666120e-12	-4.848295772e-12	-4.966681060e-12	-4.735637589e-12	-4.584020021e-12	-4.593967098e-12	-4.905491465e-12	-4.620718706e-12	-4.681832945e-12	-4.963214654e-12	-4.669775882e-12	-5.086347411e-12	-5.183934265e-12	-5.365920561e-12	-5.200060587e-12	-5.579858073e-12	-5.201869146e-12	-4.929454878e-12	-5.422739470e-12	-5.627483472e-12	-5.557703220e-12	-5.263586238e-12	-5.191319216e-12	-5.573377402e-12	-5.054923690e-12	-4.817324191e-12	-4.743474680e-12	-4.516199041e-12	-4.670755518e-12	-5.498849681e-12	-5.161327272e-12	-5.033899186e-12	-5.325454043e-12	-5.297572084e-12	-5.538411919e-12	-5.635998773e-12	-5.029076361e-12	-5.388301484e-12	-5.162382265e-12	-5.604424339e-12	-5.178659300e-12	-5.105186572e-12	-5.383026519e-12	-5.360268812e-12	-4.952664724e-12	-5.259667692e-12	-5.437735442e-12	-5.075571411e-12	-5.598471164e-12	-5.074441061e-12	-5.040229144e-12	-4.960803242e-12	-5.356425623e-12	-5.001269759e-12	-4.881377339e-12	-4.372418564e-12	-4.672564078e-12	-4.697507127e-12	-4.569928328e-12	-5.037817732e-12	-4.836314065e-12	-4.729533701e-12	-5.043846263e-12	-4.976251354e-12	-5.233142154e-12	-4.944224780e-12	-4.954171857e-12	-5.244219580e-12	-5.163889398e-12	-5.636752340e-12	-5.622509934e-12	-5.249494545e-12	-5.340826798e-12	-5.371572309e-12	-5.455745680e-12	-5.440523638e-12	-5.782868873e-12	-5.493424002e-12	-6.096578582e-12	-5.627935612e-12	1.489286169e-10	5.656940385e-11	1.168005377e-11	5.667573207e-12	2.560543412e-12	-3.311170944e-12	-4.842493310e-12	-5.689501991e-12	-5.028774935e-12	-5.000742263e-12	-5.002550822e-12	-4.992151606e-12	-5.028021368e-12	-5.004284025e-12	-5.125156082e-12	-5.208349818e-12	-4.727122288e-12	-5.462678492e-12	-4.918000668e-12	-5.116113285e-12	-5.008353284e-12	-5.369085540e-12	-4.976402067e-12	-5.218447608e-12	-5.005489732e-12	-5.540220478e-12	-5.424849456e-12	-5.254317371e-12	-5.146632726e-12	-5.121765033e-12	-5.333893987e-12	-5.605479332e-12	-5.582872339e-12	-5.570589206e-12	-5.593723696e-12	-5.728838159e-12	-5.477448394e-12	-5.516558492e-12	-5.110084754e-12	-5.302922406e-12	-5.307519161e-12	-5.319425511e-12	-5.694550886e-12	-5.019656781e-12	-5.570890633e-12	-5.413018463e-12	-5.596135108e-12	-5.691913403e-12	-5.199307020e-12	-5.447757876e-12	-5.129752838e-12	-5.050025508e-12	-5.379107973e-12	-5.362830938e-12	-5.154093034e-12	-5.479030883e-12	-4.959672892e-12	-5.132917817e-12	-5.579330577e-12	-5.404578519e-12	-5.456951387e-12	-5.536226576e-12	-5.430199778e-12	-5.134651020e-12	-5.802009460e-12	-5.756192621e-12	-5.673074242e-12	-5.963197322e-12	-5.590935500e-12	-5.407291358e-12	-5.369311610e-12	-5.468933093e-12	-5.395837148e-12	-5.698469431e-12	-5.477448394e-12	-5.721829991e-12	-5.688371641e-12	-5.376997987e-12	-5.938932483e-12	-5.579782717e-12	-5.030960277e-12	-4.987102710e-12	-5.456047107e-12	-5.362981651e-12	-5.512715303e-12	-5.616632116e-12	-5.320103721e-12	-5.081147802e-12	-5.273307245e-12	-5.443763974e-12	-5.167280447e-12	-5.533513737e-12	-5.376395134e-12	-4.881980192e-12	-5.037440949e-12	-5.147009509e-12	-5.637731976e-12	-5.623188144e-12	-5.617611752e-12	-5.378279050e-12	-5.510153177e-12	-5.304730965e-12	-5.300586350e-12	-5.088457397e-12	-5.769982887e-12
-4.695020358e-12	-5.049874795e-12	-4.774747687e-12	-4.425771068e-12	-5.317089455e-12	-5.170520782e-12	-4.824633786e-12	-4.541142090e-12	-5.027343158e-12	-4.818529897e-12	-4.796224331e-12	-4.652217784e-12	-4.830210177e-12	-4.716346288e-12	-4.554329503e-12	-4.944676920e-12	-5.183632838e-12	-5.237814265e-12	-5.070447159e-12	-4.848747912e-12	-5.170897565e-12	-5.226058629e-12	-5.374285148e-12	-5.583475192e-12	-5.579255220e-12	-5.242787804e-12	-5.728461376e-12	-5.682644536e-12	-5.655290074e-12	-5.215734769e-12	-5.483476925e-12	-5.581440563e-12	-5.384458295e-12	-4.947766542e-12	-5.435173317e-12	-4.932243073e-12	-5.385588645e-12	-5.512413877e-12	-5.188154237e-12	-5.009634347e-12	-5.220180811e-12	-5.215357986e-12	-4.953945787e-12	-5.281370406e-12	-5.315808392e-12	-5.241054601e-12	-4.951459018e-12	-4.787709030e-12	-4.881000555e-12	-4.732095827e-12	-4.816193841e-12	-4.987630207e-12	-5.253036308e-12	-4.910238933e-12	-4.882206262e-12	-5.535020870e-12	-4.976628137e-12	-5.648809403e-12	-4.647168889e-12	-4.675276917e-12	-4.470834341e-12	-4.816043128e-12	-5.042791270e-12	-4.668344106e-12	-4.985897004e-12	-4.895469031e-12	-5.198025957e-12	-5.164642964e-12	-5.630949878e-12	-5.340525371e-12	-4.576258286e-12	-4.998180137e-12	-5.036988809e-12	-4.783564414e-12	-4.756285309e-12	-4.775576610e-12	-4.530893587e-12	-4.953795074e-12	-4.646339965e-12	-4.709338120e-12	-4.344988745e-12	-4.886124807e-12	-4.864045310e-12	-4.798786457e-12	-4.744605029e-12	-5.155524810e-12	-5.727557096e-12	-5.606534325e-12	-6.089495058e-12	-5.820622551e-12	-6.071258750e-12	-6.280825577e-12	-5.891533154e-12	-6.297177969e-12	-5.899973098e-12	-6.029285099e-12	-5.838256006e-12	-5.863801908e-12	-5.537658353e-12	-5.493424002e-12	-5.321836924e-12	-4.929756304e-12	-5.385588645e-12	-5.551297905e-12	-6.146841464e-12	-5.300887777e-12	-5.846243810e-12	-5.625373486e-12	-5.544515807e-12	-5.753253712e-12	-5.748506243e-12	-5.854080901e-12	-5.728838159e-12	-5.597566885e-12	-5.724392117e-12	-5.573528115e-12	-5.452882128e-12	-5.588222661e-12	-5.452429988e-12	-5.962820539e-12	-5.719343222e-12	-5.386794351e-12	-5.797563418e-12	-5.661695389e-12	-6.044507141e-12	-5.749335166e-12	-5.634265570e-12	-5.384081512e-12	-5.657400060e-12	-5.418670211e-12	-5.800200901e-12	-5.975781882e-12	-5.975857238e-12	-6.133352625e-12	-6.094996093e-12	-5.711053991e-12	-6.138476876e-12	-5.704874746e-12	-5.623188144e-12	-5.764029712e-12	-5.824390384e-12	-6.355277942e-12	-5.716253599e-12	-6.045712847e-12	-5.905097349e-12	-6.081356540e-12	1.269467824e-10	1.417903081e-11	3.644021242e-12	-3.119765068e-12	-4.538127824e-12	-5.262757315e-12	-5.647603696e-12	-5.733133488e-12	-5.872241853e-12	-5.828233572e-12	-5.714445040e-12	-5.882490356e-12	-5.926649350e-12	-6.005773826e-12	-5.915797993e-12	-5.867645097e-12	-6.340055900e-12	-6.292656570e-12	-5.536528003e-12	-6.226342724e-12	-6.429202810e-12	-6.169222387e-12	-6.341789102e-12	-6.221369185e-12	-6.180224457e-12	-6.076081575e-12	-6.257163591e-12	-5.478352674e-12	-5.908639112e-12	-5.703141543e-12	-5.208877314e-12	-6.165379198e-12	-5.379183330e-12	-5.798543055e-12	-5.531026968e-12	-5.532006604e-12	-5.683398102e-12	-5.443311834e-12	-5.564786744e-12	-5.405558155e-12	-5.300812420e-12	-5.558758213e-12	-5.329900085e-12	-5.306464168e-12	-5.203150209e-12	-5.807585852e-12	-5.363810574e-12	-5.632607724e-12	-5.627257402e-12	-5.348211749e-12	-4.980546682e-12	-5.747149823e-12	-5.697866578e-12	-5.617385682e-12	-5.140604195e-12	-5.623414214e-12	-5.670888899e-12	-5.916551559e-12	-5.347458183e-12	-5.900877377e-12	-5.579707360e-12	-5.512338520e-12	-5.240527105e-12	-5.320555861e-12	-6.214587087e-12	-5.885278552e-12	-5.688220928e-12	-5.616255332e-12	-5.791007390e-12	-5.459588869e-12	-5.871036146e-12	-5.691611977e-12	-5.993113910e-12	-6.175401632e-12	-5.830494272e-12	-5.603520060e-12	-5.830268202e-12	-5.610829654e-12	-6.026346190e-12	-5.591387640e-12	-6.420084656e-12	-5.935013937e-12	-5.833885321e-12	-6.276831675e-12	-6.096729296e-12	-6.085727226e-12	-5.790253824e-12	-6.105922806e-12	-5.596210465e-12	-5.962971252e-12	-5.607287892e-12	-6.301322584e-12	-5.984447896e-12	-5.725371753e-12	-5.648357263e-12	-5.454012478e-12	-5.623263500e-12	-5.837879223e-12	-5.960861266e-12	-5.853704118e-12	-6.203811087e-12	-6.170277380e-12	-6.134482974e-12	-5.968623001e-12	-5.913838720e-12
-4.936689115e-12	-5.360645595e-12	-5.741573432e-12	-5.870810076e-12	-5.107597984e-12	-5.612336787e-12	-5.572548479e-12	-5.599450801e-12	-6.001704567e-12	-5.363057008e-12	-5.503295723e-12	-5.404352449e-12	-5.621907081e-12	-5.758076537e-12	-5.577597374e-12	-5.767496117e-12	-5.652351165e-12	-5.952044539e-12	-5.602238997e-12	-5.590784787e-12	-5.679931697e-12	-5.531629821e-12	-5.473529848e-12	-5.613391780e-12	-5.595909039e-12	-5.415203806e-12	-5.200437370e-12	-5.254995580e-12	-5.451751778e-12	-5.552202185e-12	-5.600656507e-12	-5.505179639e-12	-5.357405260e-12	-5.504953569e-12	-5.507817121e-12	-5.680082410e-12	-5.519271331e-12	-6.286929465e-12	-6.024612987e-12	-5.632532368e-12	-5.387547917e-12	-5.802310887e-12	-4.989438766e-12	-5.190716363e-12	-5.479106240e-12	-5.124854656e-12	-5.261626965e-12	-5.718665012e-12	-5.444291470e-12	-5.480387303e-12	-6.026798330e-12	-6.156713184e-12	-5.636375556e-12	-5.567876367e-12	-5.541576898e-12	-6.117000233e-12	-6.270124934e-12	-5.959203420e-12	-6.001855281e-12	-6.737788267e-12	-6.139381156e-12	-6.475396432e-12	-6.528221440e-12	-6.668158728e-12	-6.165906695e-12	-5.967643364e-12	-6.202605381e-12	-6.051590666e-12	-5.712033627e-12	-6.451583733e-12	-6.146615394e-12	-5.724919613e-12	-5.515654212e-12	-5.716555026e-12	-5.736072397e-12	-6.086028652e-12	-6.178868038e-12	-6.037725043e-12	-6.152945352e-12	-5.582118773e-12	-5.800803754e-12	-5.955209518e-12	-5.751068369e-12	-6.007280959e-12	-6.081884037e-12	-6.135839394e-12	-5.856944454e-12	-5.946091364e-12	-6.628144350e-12	-5.963272679e-12	-6.237947647e-12	-6.481274251e-12	-6.290923368e-12	-6.619478336e-12	-6.692951064e-12	-6.161686723e-12	-5.781286383e-12	-6.418050026e-12	-6.451583733e-12	-6.394764823e-12	-6.710961302e-12	-6.317448906e-12	-6.258444654e-12	-6.251436486e-12	-6.234556598e-12	-6.013158777e-12	-6.413679341e-12	-6.066360568e-12	-6.333499872e-12	-6.505991230e-12	-6.302754361e-12	-6.468840404e-12	-6.059277043e-12	-6.638242140e-12	-6.314811424e-12	-6.431086726e-12	-6.353996879e-12	-6.565598336e-12	-6.323326725e-12	-6.406746530e-12	-6.469970754e-12	-6.275625969e-12	-5.752198718e-12	-6.827613387e-12	-6.673132267e-12	-6.065757715e-12	-5.976158665e-12	-6.117000233e-12	-6.282181997e-12	-6.418351453e-12	-6.647058868e-12	-6.488131705e-12	-6.306748263e-12	-6.050083533e-12	-5.967417294e-12	-6.272536346e-12	-6.000649574e-12	-5.918209406e-12	-5.774278215e-12	-6.092509324e-12	-5.877290748e-12	-6.418728236e-12	-6.256485381e-12	-6.430936012e-12	-6.445479845e-12	-6.197481129e-12	1.207586455e-10	1.039484621e-11	3.891643174e-12	-9.977973253e-13	-3.759015481e-12	-5.238718545e-12	-5.665387864e-12	-5.661017179e-12	-6.101099981e-12	-6.146690751e-12	-5.659208620e-12	-5.755966551e-12	-6.002533490e-12	-5.509701038e-12	-6.004417406e-12	-6.183992290e-12	-6.311043592e-12	-5.990853211e-12	-6.293259424e-12	-6.089947198e-12	-5.887840678e-12	-5.775333208e-12	-5.581892703e-12	-5.567047444e-12	-4.947012976e-12	-5.169541146e-12	-5.477071611e-12	-5.394103945e-12	-5.975028315e-12	-5.592970129e-12	-5.668628200e-12	-5.887614608e-12	-5.777443194e-12	-6.025743337e-12	-6.108635645e-12	-5.665161794e-12	-5.766968621e-12	-6.256334668e-12	-6.068696624e-12	-6.340508039e-12	-6.521062559e-12	-6.385269886e-12	-5.506611415e-12	-5.592744059e-12	-5.904268426e-12	-5.935692147e-12	-5.623112787e-12	-6.028456176e-12	-6.197707199e-12	-5.892211363e-12	-5.959881630e-12	-5.990024287e-12	-6.144128625e-12	-6.313756431e-12	-6.344954081e-12	-6.111122415e-12	-6.257314304e-12	-6.455728348e-12	-6.111649911e-12	-6.257615731e-12	-5.898315252e-12	-5.994922469e-12	-6.064627365e-12	-6.067716988e-12	-6.120768065e-12	-5.831021768e-12	-6.140210079e-12	-5.789123474e-12	-6.290471228e-12	-5.539617625e-12	-5.477900534e-12	-5.341354295e-12	-5.915496566e-12	-6.226116654e-12	-5.952948819e-12	-6.022955141e-12	-5.578275584e-12	-6.046391057e-12	-5.710903277e-12	-5.774504285e-12	-5.456876030e-12	-5.857848734e-12	-5.922730804e-12	-5.196066685e-12	-5.459739583e-12	-5.799824118e-12	-5.596059752e-12	-5.416183442e-12	-5.464713121e-12	-5.568177793e-12	-5.213323356e-12	-5.501110380e-12	-5.859808006e-12	-5.885730692e-12	-5.798919838e-12	-5.573302045e-12	-5.659585403e-12	-5.828911782e-12	-5.626127053e-12	-5.680685263e-12	-5.775333208e-12	-5.570137066e-12	-5.558908926e-12	-5.331934714e-12	-4.811898513e-12
-4.700747463e-12	-4.787709030e-12	-4.700219966e-12	-4.858092136e-12	-5.371723022e-12	-5.127642852e-12	-5.197272391e-12	-4.846939352e-12	-4.899010793e-12	-4.740309701e-12	-5.021917480e-12	-5.103001229e-12	-4.754024610e-12	-4.688916469e-12	-4.704439938e-12	-4.904436472e-12	-4.879342709e-12	-4.828024835e-12	-5.033823830e-12	-4.537901755e-12	-5.048819802e-12	-4.749126428e-12	-4.725690512e-12	-5.130732474e-12	-4.681908302e-12	-4.822825226e-12	-4.452673390e-12	-4.726293365e-12	-4.281387738e-12	-4.072197694e-12	-4.332554899e-12	-4.903908975e-12	-5.168410796e-12	-5.015512165e-12	-5.322062994e-12	-5.212871216e-12	-5.400810687e-12	-5.439694715e-12	-5.583851975e-12	-5.702086550e-12	-5.413470603e-12	-6.162289576e-12	-6.201399674e-12	-6.146766107e-12	-6.263342836e-12	-5.311362350e-12	-5.291844979e-12	-5.161628698e-12	-5.360042742e-12	-4.944526206e-12	-5.214001566e-12	-4.884617674e-12	-4.696452134e-12	-4.800218233e-12	-4.718757701e-12	-4.950705451e-12	-4.989514123e-12	-5.674355305e-12	-5.724015334e-12	-6.105169240e-12	-5.835995307e-12	-5.731852425e-12	-6.111047058e-12	-5.787993124e-12	-5.926649350e-12	-6.268843871e-12	-5.852272342e-12	-5.598546521e-12	-5.728762802e-12	-5.492821149e-12	-5.658455053e-12	-5.727557096e-12	-6.160631730e-12	-5.882565713e-12	-5.497794688e-12	-5.825746803e-12	-5.750013376e-12	-6.002834917e-12	-6.058598834e-12	-6.077136568e-12	-6.024612987e-12	-5.915571923e-12	-5.978193294e-12	-5.479407667e-12	-5.306313455e-12	-5.256653427e-12	-5.079489956e-12	-5.054697620e-12	-5.862520846e-12	-5.772921796e-12	-5.390411470e-12	-5.870810076e-12	-6.271858137e-12	-6.081130470e-12	-5.758076537e-12	-6.045712847e-12	-5.946543504e-12	-5.863575839e-12	-5.782341376e-12	-6.232220542e-12	-6.196200066e-12	-6.344954081e-12	-5.819416845e-12	-5.626729906e-12	-5.499452534e-12	-5.541049402e-12	-5.286494658e-12	-5.365242351e-12	-5.102473733e-12	-5.147989146e-12	-5.219804028e-12	-5.645493710e-12	-5.583098409e-12	-4.872560611e-12	-4.806849618e-12	-4.908505730e-12	-4.846411856e-12	-5.094711998e-12	-4.826743772e-12	-5.267429427e-12	-5.291844979e-12	-4.921919213e-12	-4.897503660e-12	-4.621095490e-12	-4.198194003e-12	-4.515746901e-12	-5.006620081e-12	-4.961255381e-12	-5.126663215e-12	-5.089512390e-12	-4.938271605e-12	-4.828853758e-12	-5.142262041e-12	-5.007524361e-12	-4.612806259e-12	-4.678818679e-12	-4.803609282e-12	-4.994336948e-12	-4.944526206e-12	-5.351452085e-12	-4.828401618e-12	-5.213474069e-12	-5.171274349e-12	-5.035632389e-12	-4.849049338e-12	-4.612278762e-12	1.415193256e-10	3.334908287e-11	1.748583107e-11	5.493122576e-12	-1.361016350e-12	-3.405291393e-12	-3.954565972e-12	-4.757566372e-12	-4.954247213e-12	-5.215659412e-12	-5.057561173e-12	-5.133671383e-12	-4.646566035e-12	-5.472474855e-12	-5.285816448e-12	-5.206089118e-12	-5.223797930e-12	-5.797111278e-12	-5.038948082e-12	-5.030809564e-12	-5.004133312e-12	-5.540597262e-12	-5.254317371e-12	-5.369537679e-12	-5.562450688e-12	-5.509701038e-12	-5.498020758e-12	-5.229374321e-12	-5.123875019e-12	-5.254091301e-12	-5.115058292e-12	-5.414374883e-12	-5.278431497e-12	-5.287926434e-12	-5.312944840e-12	-5.345046770e-12	-5.128923915e-12	-5.410682407e-12	-5.032542767e-12	-5.058239382e-12	-4.954322570e-12	-4.792908638e-12	-5.157634796e-12	-4.991473396e-12	-5.477674464e-12	-5.520175611e-12	-5.471495219e-12	-5.664634298e-12	-5.637129123e-12	-5.590784787e-12	-5.692290186e-12	-5.599526157e-12	-5.457478883e-12	-5.306464168e-12	-5.296969231e-12	-5.095616278e-12	-5.446627526e-12	-5.162156195e-12	-5.434796533e-12	-5.414751666e-12	-5.351753511e-12	-5.330050798e-12	-5.055375830e-12	-5.700880844e-12	-5.242260307e-12	-5.475489121e-12	-5.524395583e-12	-5.690029487e-12	-5.564334605e-12	-5.613241067e-12	-4.746865729e-12	-5.197197034e-12	-4.781680498e-12	-5.320932644e-12	-5.631251305e-12	-5.606458969e-12	-5.669381767e-12	-5.161101202e-12	-5.778046047e-12	-5.717082522e-12	-5.595984395e-12	-5.498623611e-12	-6.105998163e-12	-6.009918442e-12	-5.644966214e-12	-5.887765321e-12	-5.339771805e-12	-5.876085041e-12	-5.533212311e-12	-5.551071835e-12	-5.686487725e-12	-5.890854944e-12	-5.870357937e-12	-5.372778015e-12	-5.253789874e-12	-4.933147353e-12	-4.768568442e-12	-4.938422318e-12	-5.040379858e-12	-4.871656332e-12	-5.564636031e-12	-5.475413764e-12	-5.597491528e-12	-5.654611864e-12	-5.593949766e-12
-4.720415547e-12	-4.615368385e-12	-5.064117201e-12	-5.147461649e-12	-5.162457621e-12	-5.458232450e-12	-5.788143838e-12	-5.812408677e-12	-5.354089567e-12	-5.177302880e-12	-4.719812694e-12	-5.026062095e-12	-4.960049675e-12	-5.202924139e-12	-4.747543939e-12	-4.830511604e-12	-5.145427020e-12	-4.882055548e-12	-5.198779524e-12	-4.929756304e-12	-4.901874346e-12	-5.089663103e-12	-4.901798989e-12	-5.151380195e-12	-4.402711935e-12	-4.727046931e-12	-5.382046882e-12	-4.742947183e-12	-4.559227685e-12	-5.246480280e-12	-4.875198094e-12	-5.073009285e-12	-5.277753287e-12	-5.716479669e-12	-5.337360392e-12	-5.552051472e-12	-5.235026070e-12	-5.176775384e-12	-5.410079554e-12	-5.229223608e-12	-5.590483360e-12	-5.175343607e-12	-5.266525147e-12	-4.612730902e-12	-4.874218457e-12	-4.346872662e-12	-4.865627800e-12	-5.078661033e-12	-4.557117699e-12	-4.686655770e-12	-4.860955688e-12	-4.679195462e-12	-5.123196810e-12	-5.133294600e-12	-5.734715977e-12	-5.108879047e-12	-5.383252589e-12	-5.562752115e-12	-5.396138575e-12	-5.404653876e-12	-5.418142715e-12	-5.608945738e-12	-5.584982325e-12	-5.385588645e-12	-5.402694603e-12	-4.871580975e-12	-4.665329840e-12	-4.823880219e-12	-4.630138287e-12	-4.782810848e-12	-4.776782317e-12	-4.185308017e-12	-4.911519996e-12	-4.698637477e-12	-4.446494145e-12	-4.684847211e-12	-5.016265732e-12	-5.045127326e-12	-4.730513337e-12	-5.206918041e-12	-4.468875068e-12	-5.039626291e-12	-4.760203855e-12	-4.960953955e-12	-5.004510095e-12	-5.052210851e-12	-4.934503773e-12	-5.123196810e-12	-5.043318767e-12	-5.395987862e-12	-5.703292256e-12	-4.913027129e-12	-5.266073007e-12	-4.914534262e-12	-4.872485255e-12	-4.526522901e-12	-5.241431384e-12	-4.860126765e-12	-4.901648276e-12	-5.595456899e-12	-5.030658851e-12	-4.884466961e-12	-5.171575775e-12	-5.321610854e-12	-5.239622825e-12	-5.394028589e-12	-5.667648564e-12	-5.200362013e-12	-5.165848670e-12	-5.237964979e-12	-4.913931409e-12	-4.657568105e-12	-4.401656942e-12	-4.991171969e-12	-4.886803017e-12	-5.224777566e-12	-4.863216387e-12	-5.045880893e-12	-5.452505345e-12	-5.335627190e-12	-5.018677144e-12	-5.030658851e-12	-4.819810960e-12	-4.712201672e-12	-5.055903326e-12	-4.886200164e-12	-5.046483746e-12	-5.108200838e-12	-4.824181646e-12	-4.746639659e-12	-4.687786120e-12	-5.240527105e-12	-4.612655546e-12	-5.076475690e-12	-4.824407716e-12	-5.007750431e-12	-4.885295884e-12	-5.035330963e-12	-5.559436423e-12	-5.299908140e-12	-5.274814378e-12	-5.531479108e-12	-5.541878325e-12	-5.328845092e-12	-5.223647216e-12	-5.406763862e-12	1.303755097e-10	5.765310775e-12	-6.667555875e-13	-3.442819002e-12	-3.830302866e-12	-4.589897839e-12	-5.172706125e-12	-4.997954067e-12	-5.259441622e-12	-5.890930300e-12	-5.429144785e-12	-5.295537455e-12	-5.220557594e-12	-5.195689901e-12	-5.345122127e-12	-5.082881005e-12	-5.381519386e-12	-5.222893650e-12	-5.692516256e-12	-5.446024673e-12	-5.507063555e-12	-5.713992900e-12	-5.381067246e-12	-4.916870318e-12	-5.468707023e-12	-5.532232674e-12	-5.238417119e-12	-5.323419413e-12	-4.851686821e-12	-4.848446485e-12	-5.021842123e-12	-5.255749147e-12	-5.224551496e-12	-5.041736277e-12	-5.240301035e-12	-5.745868760e-12	-5.091697732e-12	-4.967509983e-12	-4.914911045e-12	-5.008277927e-12	-5.008277927e-12	-4.850179688e-12	-4.767890232e-12	-4.714311659e-12	-5.025459242e-12	-5.074290348e-12	-4.962461088e-12	-5.040605928e-12	-5.420478771e-12	-5.628915249e-12	-5.391993959e-12	-5.380841176e-12	-5.145653090e-12	-4.847542205e-12	-5.551373262e-12	-5.211439440e-12	-4.705268861e-12	-4.777460526e-12	-4.800218233e-12	-4.808507464e-12	-4.762615267e-12	-5.361775945e-12	-5.249268475e-12	-5.239170685e-12	-5.075797481e-12	-5.409778127e-12	-5.031186347e-12	-4.691780022e-12	-4.479952495e-12	-4.619663713e-12	-5.018752501e-12	-4.917322458e-12	-5.034728109e-12	-5.445045037e-12	-5.377073344e-12	-4.774973757e-12	-5.071351439e-12	-5.216412979e-12	-4.727423715e-12	-4.368273949e-12	-4.842342597e-12	-4.614991602e-12	-5.165697957e-12	-4.781002289e-12	-5.080168166e-12	-5.002626179e-12	-4.968263549e-12	-5.218296895e-12	-4.904285758e-12	-4.857941422e-12	-5.137062432e-12	-4.693814651e-12	-4.623732972e-12	-4.902627912e-12	-4.874369171e-12	-5.002023326e-12	-4.890646206e-12	-5.473379135e-12	-5.099986963e-12	-5.484757988e-12	-5.220406881e-12	-5.502994296e-12	-5.679027417e-12	-5.448285373e-12	-5.653330801e-12
