X-data:	uhfli - Oscillators - Frequency 1	Hz
Y-data:	I-meas	A
Parameter #1 (next row contains parameters values):	DC12-G1	
-3.125000000e+00	-3.126500000e+00	-3.128000000e+00	-3.129500000e+00	-3.131000000e+00	-3.132500000e+00	-3.134000000e+00	-3.135500000e+00	-3.137000000e+00	-3.138500000e+00	-3.140000000e+00	-3.141500000e+00	-3.143000000e+00	-3.144500000e+00	-3.146000000e+00	-3.147500000e+00	-3.149000000e+00	-3.150500000e+00	-3.152000000e+00	-3.153500000e+00	-3.155000000e+00	-3.156500000e+00	-3.158000000e+00	-3.159500000e+00	-3.161000000e+00	-3.162500000e+00	-3.164000000e+00	-3.165500000e+00	-3.167000000e+00	-3.168500000e+00	-3.170000000e+00	-3.171500000e+00	-3.173000000e+00	-3.174500000e+00	-3.176000000e+00	-3.177500000e+00	-3.179000000e+00	-3.180500000e+00	-3.182000000e+00	-3.183500000e+00	-3.185000000e+00	-3.186500000e+00	-3.188000000e+00	-3.189500000e+00	-3.191000000e+00	-3.192500000e+00	-3.194000000e+00	-3.195500000e+00	-3.197000000e+00	-3.198500000e+00	-3.200000000e+00	-3.201500000e+00	-3.203000000e+00	-3.204500000e+00	-3.206000000e+00	-3.207500000e+00	-3.209000000e+00	-3.210500000e+00	-3.212000000e+00	-3.213500000e+00	-3.215000000e+00	-3.216500000e+00	-3.218000000e+00	-3.219500000e+00	-3.221000000e+00	-3.222500000e+00	-3.224000000e+00	-3.225500000e+00	-3.227000000e+00	-3.228500000e+00	-3.230000000e+00	-3.231500000e+00	-3.233000000e+00	-3.234500000e+00	-3.236000000e+00	-3.237500000e+00	-3.239000000e+00	-3.240500000e+00	-3.242000000e+00	-3.243500000e+00	-3.245000000e+00	-3.246500000e+00	-3.248000000e+00	-3.249500000e+00	-3.251000000e+00	-3.252500000e+00	-3.254000000e+00	-3.255500000e+00	-3.257000000e+00	-3.258500000e+00	-3.260000000e+00	-3.261500000e+00	-3.263000000e+00	-3.264500000e+00	-3.266000000e+00	-3.267500000e+00	-3.269000000e+00	-3.270500000e+00	-3.272000000e+00	-3.273500000e+00	-3.275000000e+00	-3.276500000e+00	-3.278000000e+00	-3.279500000e+00	-3.281000000e+00	-3.282500000e+00	-3.284000000e+00	-3.285500000e+00	-3.287000000e+00	-3.288500000e+00	-3.290000000e+00	-3.291500000e+00	-3.293000000e+00	-3.294500000e+00	-3.296000000e+00	-3.297500000e+00	-3.299000000e+00	-3.300500000e+00	-3.302000000e+00	-3.303500000e+00	-3.305000000e+00	-3.306500000e+00	-3.308000000e+00	-3.309500000e+00	-3.311000000e+00	-3.312500000e+00	-3.314000000e+00	-3.315500000e+00	-3.317000000e+00	-3.318500000e+00	-3.320000000e+00	-3.321500000e+00	-3.323000000e+00	-3.324500000e+00	-3.326000000e+00	-3.327500000e+00	-3.329000000e+00	-3.330500000e+00	-3.332000000e+00	-3.333500000e+00	-3.335000000e+00	-3.336500000e+00	-3.338000000e+00	-3.339500000e+00	-3.341000000e+00	-3.342500000e+00	-3.344000000e+00	-3.345500000e+00	-3.347000000e+00	-3.348500000e+00	-3.350000000e+00	-3.351500000e+00	-3.353000000e+00	-3.354500000e+00	-3.356000000e+00	-3.357500000e+00	-3.359000000e+00	-3.360500000e+00	-3.362000000e+00	-3.363500000e+00	-3.365000000e+00	-3.366500000e+00	-3.368000000e+00	-3.369500000e+00	-3.371000000e+00	-3.372500000e+00	-3.374000000e+00	-3.375500000e+00	-3.377000000e+00	-3.378500000e+00	-3.380000000e+00	-3.381500000e+00	-3.383000000e+00	-3.384500000e+00	-3.386000000e+00	-3.387500000e+00	-3.389000000e+00	-3.390500000e+00	-3.392000000e+00	-3.393500000e+00	-3.395000000e+00	-3.396500000e+00	-3.398000000e+00	-3.399500000e+00	-3.401000000e+00	-3.402500000e+00	-3.404000000e+00	-3.405500000e+00	-3.407000000e+00	-3.408500000e+00	-3.410000000e+00	-3.411500000e+00	-3.413000000e+00	-3.414500000e+00	-3.416000000e+00	-3.417500000e+00	-3.419000000e+00	-3.420500000e+00	-3.422000000e+00	-3.423500000e+00	-3.425000000e+00
First row is x-data, the following rows are y-data
2.800000000e+08	2.801000000e+08	2.802000000e+08	2.803000000e+08	2.804000000e+08	2.805000000e+08	2.806000000e+08	2.807000000e+08	2.808000000e+08	2.809000000e+08	2.810000000e+08	2.811000000e+08	2.812000000e+08	2.813000000e+08	2.814000000e+08	2.815000000e+08	2.816000000e+08	2.817000000e+08	2.818000000e+08	2.819000000e+08	2.820000000e+08	2.821000000e+08	2.822000000e+08	2.823000000e+08	2.824000000e+08	2.825000000e+08	2.826000000e+08	2.827000000e+08	2.828000000e+08	2.829000000e+08	2.830000000e+08	2.831000000e+08	2.832000000e+08	2.833000000e+08	2.834000000e+08	2.835000000e+08	2.836000000e+08	2.837000000e+08	2.838000000e+08	2.839000000e+08	2.840000000e+08	2.841000000e+08	2.842000000e+08	2.843000000e+08	2.844000000e+08	2.845000000e+08	2.846000000e+08	2.847000000e+08	2.848000000e+08	2.849000000e+08	2.850000000e+08	2.851000000e+08	2.852000000e+08	2.853000000e+08	2.854000000e+08	2.855000000e+08	2.856000000e+08	2.857000000e+08	2.858000000e+08	2.859000000e+08	2.860000000e+08	2.861000000e+08	2.862000000e+08	2.863000000e+08	2.864000000e+08	2.865000000e+08	2.866000000e+08	2.867000000e+08	2.868000000e+08	2.869000000e+08	2.870000000e+08	2.871000000e+08	2.872000000e+08	2.873000000e+08	2.874000000e+08	2.875000000e+08	2.876000000e+08	2.877000000e+08	2.878000000e+08	2.879000000e+08	2.880000000e+08	2.881000000e+08	2.882000000e+08	2.883000000e+08	2.884000000e+08	2.885000000e+08	2.886000000e+08	2.887000000e+08	2.888000000e+08	2.889000000e+08	2.890000000e+08	2.891000000e+08	2.892000000e+08	2.893000000e+08	2.894000000e+08	2.895000000e+08	2.896000000e+08	2.897000000e+08	2.898000000e+08	2.899000000e+08	2.900000000e+08	2.901000000e+08	2.902000000e+08	2.903000000e+08	2.904000000e+08	2.905000000e+08	2.906000000e+08	2.907000000e+08	2.908000000e+08	2.909000000e+08	2.910000000e+08	2.911000000e+08	2.912000000e+08	2.913000000e+08	2.914000000e+08	2.915000000e+08	2.916000000e+08	2.917000000e+08	2.918000000e+08	2.919000000e+08	2.920000000e+08	2.921000000e+08	2.922000000e+08	2.923000000e+08	2.924000000e+08	2.925000000e+08	2.926000000e+08	2.927000000e+08	2.928000000e+08	2.929000000e+08	2.930000000e+08	2.931000000e+08	2.932000000e+08	2.933000000e+08	2.934000000e+08	2.935000000e+08	2.936000000e+08	2.937000000e+08	2.938000000e+08	2.939000000e+08	2.940000000e+08	2.941000000e+08	2.942000000e+08	2.943000000e+08	2.944000000e+08	2.945000000e+08	2.946000000e+08	2.947000000e+08	2.948000000e+08	2.949000000e+08	2.950000000e+08	2.951000000e+08	2.952000000e+08	2.953000000e+08	2.954000000e+08	2.955000000e+08	2.956000000e+08	2.957000000e+08	2.958000000e+08	2.959000000e+08	2.960000000e+08	2.961000000e+08	2.962000000e+08	2.963000000e+08	2.964000000e+08	2.965000000e+08	2.966000000e+08	2.967000000e+08	2.968000000e+08	2.969000000e+08	2.970000000e+08	2.971000000e+08	2.972000000e+08	2.973000000e+08	2.974000000e+08	2.975000000e+08	2.976000000e+08	2.977000000e+08	2.978000000e+08	2.979000000e+08	2.980000000e+08	2.981000000e+08	2.982000000e+08	2.983000000e+08	2.984000000e+08	2.985000000e+08	2.986000000e+08	2.987000000e+08	2.988000000e+08	2.989000000e+08	2.990000000e+08	2.991000000e+08	2.992000000e+08	2.993000000e+08	2.994000000e+08	2.995000000e+08	2.996000000e+08	2.997000000e+08	2.998000000e+08	2.999000000e+08	3.000000000e+08	3.001000000e+08	3.002000000e+08	3.003000000e+08	3.004000000e+08	3.005000000e+08	3.006000000e+08	3.007000000e+08	3.008000000e+08	3.009000000e+08	3.010000000e+08	3.011000000e+08	3.012000000e+08	3.013000000e+08	3.014000000e+08	3.015000000e+08	3.016000000e+08	3.017000000e+08	3.018000000e+08	3.019000000e+08	3.020000000e+08	3.021000000e+08	3.022000000e+08	3.023000000e+08	3.024000000e+08	3.025000000e+08	3.026000000e+08	3.027000000e+08	3.028000000e+08	3.029000000e+08	3.030000000e+08	3.031000000e+08	3.032000000e+08	3.033000000e+08	3.034000000e+08	3.035000000e+08	3.036000000e+08	3.037000000e+08	3.038000000e+08	3.039000000e+08	3.040000000e+08	3.041000000e+08	3.042000000e+08	3.043000000e+08	3.044000000e+08	3.045000000e+08	3.046000000e+08	3.047000000e+08	3.048000000e+08	3.049000000e+08	3.050000000e+08
-4.326074228e-12	-4.818906681e-12	-4.802252862e-12	-4.880849842e-12	-4.466539013e-12	-4.347776941e-12	-4.892077982e-12	-4.824633786e-12	-5.098630544e-12	-5.001646543e-12	-4.648525308e-12	-4.651539574e-12	-5.422211974e-12	-5.007675074e-12	-4.653875630e-12	-4.651087434e-12	-4.746338232e-12	-4.200077919e-12	-4.312660745e-12	-4.532250006e-12	-4.181992324e-12	-4.719435910e-12	-4.811672443e-12	-4.734055099e-12	-4.739405421e-12	-4.438958481e-12	-4.079356575e-12	-4.135723345e-12	-4.318387850e-12	-4.439259907e-12	-4.372041781e-12	-4.848898625e-12	-4.904963968e-12	-4.863442457e-12	-4.521097223e-12	-4.780173365e-12	-4.473547180e-12	-4.324491738e-12	-4.589747126e-12	-4.269104605e-12	-4.494948467e-12	-4.811371016e-12	-4.015454141e-12	-4.651087434e-12	-4.958994682e-12	-4.840383324e-12	-4.926515968e-12	-4.659376665e-12	-4.990493759e-12	-4.345139459e-12	-4.603612748e-12	-5.038646655e-12	-5.075797481e-12	-4.724484805e-12	-4.782584778e-12	-4.917473171e-12	-5.046785173e-12	-4.601352049e-12	-5.124854656e-12	-5.050779075e-12	-4.972332808e-12	-5.005565088e-12	-4.709413477e-12	-4.541744943e-12	-4.368349305e-12	-4.936839829e-12	-5.032618123e-12	-4.665179127e-12	-4.838122625e-12	-4.756963519e-12	-4.854776443e-12	-5.049874795e-12	-4.667515182e-12	-4.772034848e-12	-4.700370679e-12	-4.913253199e-12	-4.542799936e-12	-4.710091686e-12	-4.830210177e-12	-4.566160496e-12	-5.171123635e-12	-4.677914399e-12	-4.239037304e-12	-3.602801157e-12	-2.035759742e-12	7.783399383e-11	6.395616353e-11	5.702033800e-11	5.177611842e-11	4.746797908e-11	4.354204863e-11	4.091993884e-11	3.882879197e-11	3.638309208e-11	3.507429788e-11	3.392586263e-11	3.227638104e-11	3.080685112e-11	2.962254611e-11	2.828428746e-11	2.788678116e-11	2.588093801e-11	2.531342712e-11	2.438797218e-11	2.328595661e-11	2.229825708e-11	2.169932247e-11	2.045699283e-11	2.042993980e-11	1.949468849e-11	1.919469369e-11	1.854640048e-11	1.817037082e-11	1.691153808e-11	1.656444538e-11	1.683942177e-11	-4.951157591e-12	-5.288077147e-12	-5.446326100e-12	-5.461548142e-12	-5.190565650e-12	-5.260119832e-12	-4.971729955e-12	-5.397193568e-12	-5.300963133e-12	-5.501035024e-12	-5.710903277e-12	-5.495157205e-12	-5.246404923e-12	-5.264490517e-12	-5.162985118e-12	-5.065624334e-12	-5.032693480e-12	-4.766006316e-12	-4.446192719e-12	-4.601352049e-12	-5.068337173e-12	-5.042489844e-12	-5.164793677e-12	-5.259441622e-12	-4.604969168e-12	-5.361022379e-12	-5.016341088e-12	-5.159669425e-12	-5.047764809e-12	-4.882884471e-12	-4.825914848e-12	-4.516726538e-12	-5.229374321e-12	-4.517254034e-12	-4.755230316e-12	-4.620643350e-12	-5.327111889e-12	-4.375206760e-12	-4.753572470e-12	-4.837293702e-12	-4.554706286e-12	-4.569024049e-12	-4.955603633e-12	-4.688388973e-12	-4.469402565e-12	-4.482589978e-12	-4.317784997e-12	-4.887782653e-12	-5.049498012e-12	-4.929228808e-12	-5.073009285e-12	-4.842794737e-12	-4.583869307e-12	-4.756511379e-12	-5.396515358e-12	-4.612128049e-12	-4.888385507e-12	-4.904059688e-12	-4.967509983e-12	-4.886953730e-12	-4.860880331e-12	-4.632474343e-12	-4.693663938e-12	-4.289375542e-12	-4.951308304e-12	-4.723806596e-12	-4.283347011e-12	-4.325094591e-12	-3.978906168e-12	-4.210853919e-12	-3.773408600e-12	-4.000759595e-12	-4.444007376e-12	-4.175285583e-12	-4.318312493e-12	-4.787106177e-12	-4.240092297e-12	-4.351243347e-12	-4.364430760e-12	-3.982523287e-12	-3.708225102e-12	-4.010254532e-12	-3.961423427e-12	-4.181314114e-12	-4.052228183e-12	-4.104148911e-12	-3.902569888e-12	-4.170462758e-12	-3.977926532e-12	-4.033539735e-12	-4.571284748e-12	-4.339939850e-12	-4.235495542e-12	-4.232481276e-12	-4.091790421e-12	-3.897596349e-12	-4.315976437e-12	-4.272872437e-12	-4.631419350e-12	-4.157124632e-12	-4.540614594e-12	-4.305501864e-12	-4.477616439e-12	-4.394422704e-12	-4.438506341e-12	-4.554254146e-12	-4.588616776e-12	-4.268351038e-12	-4.455009446e-12	-4.454708019e-12	-4.891324416e-12	-4.322984605e-12	-4.780248722e-12	-4.637146455e-12	-4.461716187e-12	-4.508588020e-12	-4.873464891e-12	-4.824181646e-12	-5.044901256e-12	-4.836766205e-12	-5.186496391e-12	-4.677085476e-12	-4.725087659e-12	-4.551315237e-12	-4.159234618e-12	-4.690875742e-12	-4.669474455e-12	-4.639030371e-12	-4.207839653e-12	-4.519891517e-12	-4.460736551e-12	-4.612052692e-12	-4.398416606e-12	-4.666309476e-12	-4.843020807e-12
-4.594494594e-12	-4.968791046e-12	-5.347985679e-12	-5.490786520e-12	-5.046333033e-12	-5.419951274e-12	-5.521456674e-12	-5.148893425e-12	-5.132465677e-12	-4.713708805e-12	-5.046257676e-12	-5.259290909e-12	-5.267655497e-12	-5.352205651e-12	-5.288152504e-12	-5.330879721e-12	-5.192901706e-12	-4.865703157e-12	-5.154997314e-12	-5.253337734e-12	-4.905491465e-12	-4.781454428e-12	-4.724710875e-12	-4.178375205e-12	-4.858242849e-12	-4.594494594e-12	-4.477088943e-12	-4.556062706e-12	-4.315901081e-12	-3.888327482e-12	-3.927663650e-12	-4.137682617e-12	-3.950647427e-12	-4.243709416e-12	-4.534962845e-12	-4.572113671e-12	-4.257047542e-12	-4.313188242e-12	-4.775425897e-12	-4.553123797e-12	-4.656287043e-12	-4.037081497e-12	-4.721470540e-12	-4.471060411e-12	-4.952287941e-12	-4.299322619e-12	-4.080260855e-12	-4.800218233e-12	-5.082805648e-12	-4.310098619e-12	-4.276112773e-12	-4.572490454e-12	-4.712277029e-12	-4.631042567e-12	-4.535113559e-12	-4.730890120e-12	-4.272269584e-12	-3.954113832e-12	-3.654947955e-12	-4.051926756e-12	-4.279579178e-12	-4.373398200e-12	-4.024647651e-12	-4.152075736e-12	-4.415447208e-12	-4.053961386e-12	-4.411528662e-12	-4.418235404e-12	-4.690046819e-12	-4.162625667e-12	-4.428107124e-12	-4.177772352e-12	-4.564050510e-12	-4.807904611e-12	-4.359607934e-12	-4.402335152e-12	-4.858544275e-12	-4.425921781e-12	-4.977909200e-12	-4.576559713e-12	-4.830059464e-12	-4.819961674e-12	-4.092317918e-12	-4.123515568e-12	-2.714044896e-12	3.379217994e-12	6.405962821e-11	5.725725929e-11	4.940502162e-11	4.813526216e-11	4.152618304e-11	4.176830394e-11	3.690177186e-11	3.575725515e-11	3.376015337e-11	3.245768913e-11	3.125966920e-11	2.936731315e-11	2.721542882e-11	2.589864682e-11	2.652071592e-11	2.604205051e-11	2.444953855e-11	2.466287321e-11	2.671430714e-11	2.538735199e-11	2.495096166e-11	2.353877815e-11	2.244045506e-11	1.946997151e-11	1.854172836e-11	2.006724827e-11	1.864549446e-11	1.616806943e-11	1.709239403e-11	-4.930133087e-12	-4.878438429e-12	-4.909786793e-12	-4.787859743e-12	-5.046483746e-12	-4.588842846e-12	-4.694568218e-12	-4.917699241e-12	-5.323344057e-12	-4.641893923e-12	-4.855454653e-12	-4.883788751e-12	-4.789442233e-12	-4.356669025e-12	-4.395703767e-12	-3.917942643e-12	-4.500072719e-12	-4.610168776e-12	-4.518082957e-12	-4.897126877e-12	-4.325396018e-12	-5.013025396e-12	-4.193597247e-12	-4.669625169e-12	-4.707077421e-12	-4.937744108e-12	-5.277301147e-12	-4.429162117e-12	-4.942868360e-12	-5.167883300e-12	-5.135781369e-12	-4.703686372e-12	-4.919583157e-12	-4.919357087e-12	-4.915664612e-12	-4.833978009e-12	-4.691930735e-12	-5.001495829e-12	-5.023047830e-12	-4.899462933e-12	-4.975121004e-12	-5.502165373e-12	-5.256728783e-12	-5.124854656e-12	-5.110536893e-12	-5.040907354e-12	-4.653197420e-12	-4.922145283e-12	-4.626295098e-12	-4.887405870e-12	-4.441294537e-12	-4.792682568e-12	-4.999913340e-12	-4.854927156e-12	-4.554329503e-12	-5.288906070e-12	-4.843171520e-12	-4.862161394e-12	-4.888310150e-12	-4.999009060e-12	-4.637221812e-12	-5.404201736e-12	-5.009106850e-12	-5.036913452e-12	-4.768040946e-12	-4.605722734e-12	-4.768568442e-12	-5.179563580e-12	-4.920336724e-12	-4.877006653e-12	-4.851310038e-12	-4.664651630e-12	-5.151003411e-12	-4.848446485e-12	-5.214453706e-12	-4.740837197e-12	-5.165924027e-12	-4.997501927e-12	-5.124176446e-12	-4.960803242e-12	-5.012573256e-12	-5.682569179e-12	-4.953795074e-12	-5.051984781e-12	-4.772034848e-12	-4.944224780e-12	-5.090944166e-12	-5.045579466e-12	-5.104734432e-12	-4.964420360e-12	-5.247836699e-12	-5.697941935e-12	-5.339319665e-12	-5.359665959e-12	-4.994713731e-12	-5.622509934e-12	-5.426130519e-12	-5.200437370e-12	-4.794189701e-12	-4.718079491e-12	-5.408949204e-12	-5.077078543e-12	-5.199683804e-12	-5.157031943e-12	-5.400132477e-12	-5.331482574e-12	-4.917021031e-12	-5.458307806e-12	-5.266073007e-12	-5.573151332e-12	-5.297044588e-12	-5.351150658e-12	-5.202698069e-12	-5.164567607e-12	-5.460945289e-12	-5.415128449e-12	-5.292523189e-12	-5.175720391e-12	-5.808188705e-12	-5.515352786e-12	-5.421156981e-12	-5.212494433e-12	-5.365091637e-12	-5.462150995e-12	-5.346177120e-12	-5.327714742e-12	-5.108276194e-12	-5.584379472e-12	-5.358384896e-12	-5.173459691e-12	-4.913102486e-12	-5.004660808e-12	-5.070447159e-12	-5.060650795e-12	-5.152133761e-12	-5.325077259e-12
-4.863216387e-12	-4.979943829e-12	-5.025308529e-12	-4.260061808e-12	-4.874519884e-12	-4.971428528e-12	-5.005414375e-12	-4.967585340e-12	-5.260571972e-12	-5.202321286e-12	-4.979114906e-12	-4.877082010e-12	-4.792230429e-12	-5.205787692e-12	-4.912725703e-12	-4.527125754e-12	-5.006394011e-12	-5.367126267e-12	-5.196518824e-12	-4.846939352e-12	-4.721244470e-12	-5.448360729e-12	-5.178207160e-12	-5.355973484e-12	-5.357179190e-12	-5.690330914e-12	-5.350246379e-12	-5.343765707e-12	-5.211364083e-12	-4.998858347e-12	-5.270669762e-12	-4.762916694e-12	-4.677612973e-12	-4.863743884e-12	-5.167506516e-12	-4.785523687e-12	-4.809487100e-12	-4.759299575e-12	-4.119069526e-12	-4.481987125e-12	-4.894112611e-12	-5.081675299e-12	-5.300812420e-12	-5.065021480e-12	-4.882809115e-12	-4.768869869e-12	-4.946033339e-12	-4.615368385e-12	-4.474225390e-12	-5.066830040e-12	-4.809411743e-12	-4.520645083e-12	-4.396532690e-12	-4.672714791e-12	-4.632474343e-12	-4.440540970e-12	-4.607455937e-12	-4.897202234e-12	-4.626822595e-12	-4.503011628e-12	-4.648299238e-12	-4.161193890e-12	-4.319066060e-12	-4.301507962e-12	-4.651238147e-12	-4.494270258e-12	-4.353880829e-12	-4.570681895e-12	-5.034728109e-12	-5.163512614e-12	-5.123648950e-12	-5.048066235e-12	-5.667121067e-12	-5.618365318e-12	-5.437207946e-12	-4.808055324e-12	-4.976477424e-12	-4.743776106e-12	-4.766307743e-12	-4.681079378e-12	-4.705419574e-12	-4.951911158e-12	-4.793812918e-12	-4.117185610e-12	-2.217595324e-12	3.545304038e-12	5.311045852e-11	4.630613034e-11	4.149129292e-11	3.782541825e-11	3.555379221e-11	3.300221624e-11	3.098092497e-11	2.915458134e-11	2.737503419e-11	2.594039440e-11	2.482496535e-11	2.361805334e-11	2.290661126e-11	2.188643302e-11	2.081862937e-11	1.981646136e-11	1.925987718e-11	1.878573318e-11	1.782071599e-11	1.700912494e-11	1.650272829e-11	1.552557868e-11	1.521141683e-11	1.536506903e-11	1.424489252e-11	1.380239830e-11	1.350278028e-11	1.310730861e-11	1.256805647e-11	1.222751979e-11	1.206369445e-11	1.169211084e-11	1.157975408e-11	-4.890495493e-12	-4.993960165e-12	-5.251755245e-12	-5.193956699e-12	-5.471570576e-12	-5.151530908e-12	-5.334421483e-12	-5.173158265e-12	-5.051607998e-12	-5.180543216e-12	-5.562526045e-12	-5.182427132e-12	-5.058314739e-12	-4.853872163e-12	-4.823503436e-12	-4.965399997e-12	-5.140754908e-12	-5.474961625e-12	-5.183256055e-12	-5.075496054e-12	-4.925913115e-12	-5.184461761e-12	-5.095390208e-12	-5.054019410e-12	-4.940833731e-12	-5.252584168e-12	-5.321384784e-12	-4.816796695e-12	-5.080318879e-12	-5.444291470e-12	-5.687316648e-12	-5.395008225e-12	-5.364036644e-12	-5.279863273e-12	-5.201266293e-12	-4.993206599e-12	-4.843020807e-12	-4.584924300e-12	-4.915212472e-12	-4.704741365e-12	-4.928550598e-12	-5.243767440e-12	-5.404126379e-12	-5.525752003e-12	-5.568931360e-12	-5.219879384e-12	-5.530348758e-12	-5.302244196e-12	-5.549489346e-12	-5.317918378e-12	-5.318144448e-12	-5.348588532e-12	-5.425301596e-12	-5.326735106e-12	-5.280164699e-12	-5.648507976e-12	-5.502843583e-12	-5.033899186e-12	-4.953192220e-12	-5.373983721e-12	-5.109331187e-12	-4.981978459e-12	-4.989363410e-12	-4.700069253e-12	-4.641291070e-12	-4.935408052e-12	-5.159820139e-12	-5.236533203e-12	-5.261702322e-12	-5.131335327e-12	-5.259140196e-12	-5.511811024e-12	-5.460493149e-12	-5.188154237e-12	-5.274060811e-12	-5.208801957e-12	-4.828175548e-12	-4.737672218e-12	-5.196744894e-12	-4.900970066e-12	-5.058013313e-12	-5.029905284e-12	-5.301113847e-12	-5.488977960e-12	-5.118976838e-12	-5.005188305e-12	-5.203677706e-12	-5.547605430e-12	-5.428165149e-12	-5.433440114e-12	-5.395008225e-12	-5.183632838e-12	-5.200512727e-12	-5.369386966e-12	-5.093355579e-12	-5.304655609e-12	-5.177001454e-12	-5.035557033e-12	-5.096143774e-12	-4.844527940e-12	-4.496154174e-12	-5.254543440e-12	-4.806623548e-12	-4.855002513e-12	-4.793888275e-12	-4.370308578e-12	-4.617478371e-12	-4.739706848e-12	-5.110009397e-12	-5.224928279e-12	-5.286419301e-12	-4.536469978e-12	-4.888385507e-12	-5.191771356e-12	-5.283329679e-12	-4.738425785e-12	-4.647696385e-12	-4.683566148e-12	-4.636091462e-12	-4.906094318e-12	-4.998556920e-12	-5.129376055e-12	-5.072632501e-12	-5.247912056e-12	-4.987178067e-12	-4.819660247e-12	-4.669399099e-12	-4.265864269e-12	-4.792155072e-12	-4.422756802e-12	-4.527879321e-12	-4.532551433e-12
-4.859373199e-12	-4.797957534e-12	-4.616498734e-12	-5.140830264e-12	-5.010689340e-12	-5.226510769e-12	-5.298627077e-12	-5.024554962e-12	-4.840383324e-12	-4.506553391e-12	-4.692533588e-12	-5.124703943e-12	-4.964947857e-12	-4.809863883e-12	-4.419064327e-12	-5.054923690e-12	-4.770452358e-12	-4.442123460e-12	-5.163964754e-12	-4.891098346e-12	-5.025007102e-12	-5.591312283e-12	-4.942566934e-12	-5.239472112e-12	-5.510002464e-12	-5.396590715e-12	-5.662222885e-12	-5.345649623e-12	-5.494855779e-12	-5.617536395e-12	-5.207973034e-12	-5.249494545e-12	-5.224928279e-12	-5.415128449e-12	-5.235779636e-12	-5.465918827e-12	-4.768719156e-12	-4.892379409e-12	-5.511509597e-12	-4.840910821e-12	-5.228545398e-12	-4.678441896e-12	-5.039249508e-12	-5.306238098e-12	-4.754024610e-12	-4.591103545e-12	-4.729006204e-12	-5.178056447e-12	-4.660280945e-12	-5.123196810e-12	-4.859900695e-12	-4.715969505e-12	-4.613409112e-12	-4.965173927e-12	-5.389205764e-12	-4.642572133e-12	-5.310759497e-12	-4.951232948e-12	-5.422739470e-12	-4.975723857e-12	-4.965550710e-12	-4.537223545e-12	-5.148365929e-12	-5.071200725e-12	-5.042037704e-12	-5.399228197e-12	-5.380916533e-12	-5.406085652e-12	-4.739179351e-12	-5.102549089e-12	-4.776706960e-12	-4.951006878e-12	-4.702556022e-12	-4.781077645e-12	-4.846411856e-12	-4.630741140e-12	-4.286662703e-12	-4.855680723e-12	-3.938288937e-12	-3.910105552e-12	-3.984859343e-12	-4.210024996e-12	-3.859390531e-12	-3.491348680e-12	-1.361619203e-12	8.471345259e-11	6.310403060e-11	5.476883219e-11	4.768508157e-11	4.340716024e-11	4.096206320e-11	3.862864472e-11	3.598573649e-11	3.387062621e-11	3.167111648e-11	2.959549307e-11	2.829739952e-11	2.688129746e-11	2.532714203e-11	2.492571719e-11	2.372814940e-11	2.291037910e-11	2.185523537e-11	2.071094472e-11	2.034094360e-11	1.896485592e-11	1.889914493e-11	1.847300311e-11	1.826366235e-11	1.675389198e-11	1.632157091e-11	1.600318909e-11	1.547056833e-11	1.498919009e-11	1.502302522e-11	-4.756209953e-12	-4.828778401e-12	-5.179638936e-12	-4.875273450e-12	-5.240376391e-12	-4.839102261e-12	-5.072481788e-12	-4.398642676e-12	-4.826969842e-12	-4.621999769e-12	-4.480781418e-12	-5.060123299e-12	-4.864422094e-12	-4.976251354e-12	-5.164115467e-12	-4.739179351e-12	-5.695229096e-12	-5.255523077e-12	-5.800879111e-12	-5.373606938e-12	-4.862538178e-12	-5.295311385e-12	-4.905340751e-12	-4.924179912e-12	-4.957336836e-12	-5.404879946e-12	-5.115736502e-12	-5.074064278e-12	-5.052813704e-12	-5.044901256e-12	-4.820790597e-12	-5.012648613e-12	-4.960125032e-12	-4.987479494e-12	-4.938271605e-12	-4.983787018e-12	-5.049347298e-12	-5.257482350e-12	-4.698562120e-12	-5.249419189e-12	-5.113626516e-12	-5.518065625e-12	-5.057033676e-12	-5.085367774e-12	-4.984163801e-12	-5.014231102e-12	-5.009182207e-12	-5.228771468e-12	-5.161251915e-12	-5.145427020e-12	-5.285138238e-12	-5.331784001e-12	-5.292523189e-12	-5.232840727e-12	-5.279712560e-12	-5.483702995e-12	-5.179186796e-12	-4.851686821e-12	-5.175871104e-12	-4.855002513e-12	-4.881980192e-12	-5.064644697e-12	-4.925159549e-12	-4.649052805e-12	-4.694191435e-12	-4.993960165e-12	-4.685374707e-12	-4.614313392e-12	-5.027267802e-12	-4.624185112e-12	-5.584605542e-12	-5.607212535e-12	-4.966681060e-12	-5.528992338e-12	-5.240150321e-12	-5.130204978e-12	-5.584078045e-12	-5.470440226e-12	-5.240376391e-12	-5.311286994e-12	-4.996145508e-12	-4.526522901e-12	-5.432535834e-12	-4.900291856e-12	-5.180995356e-12	-5.061102935e-12	-5.202999496e-12	-5.497116478e-12	-5.289282853e-12	-5.052361564e-12	-4.882959828e-12	-4.826668415e-12	-4.730136554e-12	-5.177001454e-12	-5.600430437e-12	-5.213700139e-12	-5.432460477e-12	-5.519120618e-12	-5.228997538e-12	-5.306162742e-12	-5.034200613e-12	-5.397871778e-12	-5.560868199e-12	-5.345122127e-12	-5.482497289e-12	-4.899312220e-12	-4.962461088e-12	-4.875348807e-12	-4.985444864e-12	-4.974894934e-12	-5.680007053e-12	-4.925460975e-12	-5.618666745e-12	-5.208651244e-12	-5.569232786e-12	-5.506686772e-12	-5.957168791e-12	-5.960861266e-12	-5.817005432e-12	-5.865459755e-12	-5.006394011e-12	-4.659678091e-12	-4.626219741e-12	-5.102850516e-12	-4.803458569e-12	-5.123121453e-12	-4.781680498e-12	-4.890495493e-12	-4.557419125e-12	-4.775802680e-12	-4.988835913e-12	-4.417783264e-12	-4.903004695e-12	-4.832470877e-12	-5.028247438e-12	-5.023876753e-12
-5.135253873e-12	-5.430275135e-12	-5.836296733e-12	-5.232840727e-12	-4.794792554e-12	-5.301490630e-12	-5.359892029e-12	-5.899144175e-12	-5.818587922e-12	-5.940816399e-12	-5.269690126e-12	-5.446326100e-12	-5.149420922e-12	-4.711523463e-12	-4.592309252e-12	-5.267429427e-12	-5.258386629e-12	-5.463205988e-12	-5.080771019e-12	-4.984540584e-12	-4.356066172e-12	-5.311211637e-12	-5.277301147e-12	-5.032241340e-12	-5.510379247e-12	-5.279938630e-12	-5.499000394e-12	-5.139172418e-12	-5.188531020e-12	-4.877986290e-12	-4.629234007e-12	-5.111968670e-12	-5.198176671e-12	-4.737370792e-12	-4.894715465e-12	-4.570681895e-12	-4.737370792e-12	-4.542121727e-12	-4.675653700e-12	-4.502484132e-12	-4.827271268e-12	-5.044750543e-12	-5.023123186e-12	-5.395912505e-12	-4.927872388e-12	-5.126286432e-12	-4.782961561e-12	-4.859373199e-12	-4.852063604e-12	-4.891324416e-12	-4.941813367e-12	-5.064720054e-12	-5.076927830e-12	-4.856660359e-12	-4.638955014e-12	-4.778289449e-12	-4.485227460e-12	-4.586280720e-12	-4.660959154e-12	-4.961255381e-12	-5.123648950e-12	-4.972332808e-12	-4.186212296e-12	-4.612580189e-12	-4.380557082e-12	-4.800745729e-12	-4.788914736e-12	-4.970750319e-12	-4.895695101e-12	-4.495928104e-12	-4.726670148e-12	-4.109951372e-12	-4.561865167e-12	-4.723128386e-12	-4.665857336e-12	-4.653197420e-12	-4.526447545e-12	-4.146122562e-12	-4.362396130e-12	-4.449282341e-12	-4.009199539e-12	-3.696695536e-12	-3.200547391e-12	-2.958652563e-12	2.295890878e-12	2.884154985e-11	8.157100517e-11	6.746499495e-11	6.024017670e-11	5.345845551e-11	4.994856909e-11	4.553779399e-11	4.240469080e-11	4.142369801e-11	3.956050498e-11	3.762451743e-11	3.586727585e-11	3.383196825e-11	3.239634882e-11	3.078763518e-11	3.007521347e-11	2.918668328e-11	2.757457859e-11	2.694821416e-11	2.580000497e-11	2.482345822e-11	2.431314303e-11	2.406303433e-11	2.295898413e-11	2.265326223e-11	2.160904521e-11	2.112917410e-11	2.059316229e-11	1.970244675e-11	1.979355294e-11	1.860638437e-11	1.807067398e-11	1.783405412e-11	-4.041226113e-12	-4.342577333e-12	-4.094126477e-12	-4.347852298e-12	-4.468422929e-12	-3.504310023e-12	-4.054036742e-12	-3.884258223e-12	-3.949592434e-12	-3.550955786e-12	-3.162718355e-12	-3.334079364e-12	-3.354048875e-12	-3.354877798e-12	-3.540104429e-12	-3.473037016e-12	-3.302504930e-12	-3.769490054e-12	-3.559018947e-12	-3.773634669e-12	-3.404839253e-12	-3.765872935e-12	-4.041301470e-12	-3.908824489e-12	-3.982674000e-12	-3.998951036e-12	-4.329314564e-12	-3.949743147e-12	-4.664877700e-12	-4.312133249e-12	-3.791268124e-12	-3.860822307e-12	-3.828268236e-12	-4.125098058e-12	-4.018920546e-12	-3.832940348e-12	-4.052831036e-12	-3.821561495e-12	-3.628799199e-12	-4.015906280e-12	-3.597375479e-12	-3.700840151e-12	-3.829398586e-12	-3.371305546e-12	-3.816814027e-12	-3.739724180e-12	-3.573713493e-12	-3.756453355e-12	-3.692098781e-12	-4.288998759e-12	-4.322909249e-12	-4.062476687e-12	-3.802345551e-12	-4.218163513e-12	-4.140169387e-12	-4.503614481e-12	-4.139340464e-12	-3.835351761e-12	-4.669097672e-12	-4.115527764e-12	-4.332253473e-12	-4.527803964e-12	-4.504518761e-12	-4.456139796e-12	-4.545362062e-12	-4.513712272e-12	-4.460510481e-12	-4.380933865e-12	-4.471813978e-12	-4.129318030e-12	-4.074307680e-12	-4.221855989e-12	-3.960594504e-12	-3.860596237e-12	-4.230145220e-12	-4.134668352e-12	-4.210024996e-12	-4.398341250e-12	-4.662993784e-12	-4.282367374e-12	-4.282744157e-12	-4.202112548e-12	-4.503614481e-12	-4.587486426e-12	-4.291410171e-12	-4.585979294e-12	-4.749201785e-12	-4.680627239e-12	-4.721319826e-12	-4.398567319e-12	-4.455009446e-12	-4.294349081e-12	-4.014323791e-12	-4.267672829e-12	-4.306556857e-12	-4.453426956e-12	-4.808959604e-12	-4.530667517e-12	-4.489447432e-12	-4.357196522e-12	-4.528858957e-12	-4.736843295e-12	-4.887481227e-12	-4.692910372e-12	-5.239170685e-12	-4.526146118e-12	-5.267580140e-12	-4.639256441e-12	-4.333911319e-12	-4.447775208e-12	-4.291259458e-12	-4.656513112e-12	-4.911067856e-12	-5.006770794e-12	-4.153356799e-12	-4.594343881e-12	-4.688991826e-12	-4.669474455e-12	-4.665329840e-12	-4.626295098e-12	-4.626069028e-12	-4.418612187e-12	-4.429162117e-12	-4.428860690e-12	-4.863593171e-12	-4.326601724e-12	-4.541669587e-12	-4.597584217e-12	-4.475129670e-12	-4.766081673e-12	-4.756586736e-12	-4.875499520e-12	-4.814159212e-12
-3.962026280e-12	-4.230069863e-12	-4.171593107e-12	-3.855396628e-12	-3.635355227e-12	-3.729626389e-12	-3.932034336e-12	-3.851553440e-12	-4.095482897e-12	-4.257801108e-12	-4.373699627e-12	-3.781622474e-12	-4.333007039e-12	-4.109047093e-12	-4.535641055e-12	-4.089981862e-12	-3.690516291e-12	-4.130222310e-12	-3.774463593e-12	-3.640780906e-12	-3.607473269e-12	-3.508228569e-12	-3.455931058e-12	-4.277243122e-12	-3.665121102e-12	-4.320573193e-12	-4.849878261e-12	-4.396984830e-12	-4.340391990e-12	-4.482213194e-12	-4.391860578e-12	-4.035875791e-12	-4.109800659e-12	-4.285758423e-12	-4.199625779e-12	-3.793905607e-12	-3.468138834e-12	-3.749068403e-12	-3.934822531e-12	-4.188548352e-12	-4.090057218e-12	-3.700689438e-12	-4.325546731e-12	-3.945975315e-12	-3.928115790e-12	-4.128639820e-12	-3.688632375e-12	-4.091639708e-12	-4.066319875e-12	-3.926533300e-12	-3.953963119e-12	-3.747259844e-12	-3.537919087e-12	-3.896089216e-12	-3.453293575e-12	-4.027209777e-12	-3.942433552e-12	-3.752534809e-12	-3.988175035e-12	-4.165037079e-12	-3.997594616e-12	-3.819451509e-12	-3.897445636e-12	-3.796241663e-12	-4.325923515e-12	-4.233536269e-12	-3.927739007e-12	-4.079055148e-12	-3.779738558e-12	-3.375525518e-12	-4.348681221e-12	-4.378145669e-12	-4.081014421e-12	-4.237379458e-12	-3.615762500e-12	-3.778834278e-12	-4.186513723e-12	-4.166996352e-12	-3.766551145e-12	-3.871598307e-12	-3.761125467e-12	-3.765420795e-12	-3.185702132e-12	-1.903358118e-12	3.617269633e-12	3.122161409e-11	9.895849582e-11	7.931897186e-11	6.906828292e-11	6.165514840e-11	5.660338969e-11	5.247339345e-11	4.974759292e-11	4.641818567e-11	4.395372198e-11	4.131420480e-11	3.929683208e-11	3.694065589e-11	3.505478051e-11	3.376053015e-11	3.247954256e-11	3.113359753e-11	3.005938857e-11	2.928095444e-11	2.817479426e-11	2.686291044e-11	2.622139933e-11	2.583376475e-11	2.544582875e-11	2.435918594e-11	2.381435740e-11	2.223706748e-11	2.131281824e-11	2.155795340e-11	2.067612995e-11	2.041140206e-11	1.967516765e-11	-4.353051906e-12	-4.600447769e-12	-4.312434675e-12	-4.712804526e-12	-4.081617274e-12	-4.718531631e-12	-5.042037704e-12	-4.936613759e-12	-4.718682344e-12	-4.517178677e-12	-4.961406095e-12	-4.524488272e-12	-4.532023936e-12	-4.863743884e-12	-4.129845526e-12	-4.558172692e-12	-4.462921894e-12	-4.765704890e-12	-4.013419511e-12	-4.429011404e-12	-4.500072719e-12	-3.673485689e-12	-3.889834615e-12	-4.338131291e-12	-4.171367037e-12	-4.255540409e-12	-4.150568604e-12	-4.041376826e-12	-4.668193392e-12	-4.235495542e-12	-4.217334590e-12	-4.402033725e-12	-4.483418901e-12	-3.992621077e-12	-4.303994731e-12	-4.596378510e-12	-4.149513611e-12	-4.454934089e-12	-4.246497612e-12	-4.643401056e-12	-4.779419799e-12	-4.719737337e-12	-4.409795459e-12	-4.741063267e-12	-5.029227074e-12	-4.495852747e-12	-4.377994956e-12	-4.559679825e-12	-4.315373584e-12	-4.465860803e-12	-4.902703269e-12	-4.788085813e-12	-4.486734593e-12	-4.629234007e-12	-4.249964017e-12	-5.018601788e-12	-4.561639097e-12	-4.403691571e-12	-4.318011067e-12	-4.499017726e-12	-4.328787067e-12	-4.011158812e-12	-4.382139571e-12	-4.155843569e-12	-4.270988521e-12	-3.976871539e-12	-3.886368209e-12	-3.882600377e-12	-3.769716124e-12	-3.912366251e-12	-4.041150756e-12	-4.836087995e-12	-4.211758199e-12	-4.307762563e-12	-4.001889945e-12	-4.038739344e-12	-4.737370792e-12	-4.493818118e-12	-4.850330401e-12	-4.865929227e-12	-4.726971575e-12	-4.397060187e-12	-4.612429476e-12	-4.716044861e-12	-4.177244856e-12	-4.097291456e-12	-3.919675846e-12	-3.902871314e-12	-4.345214815e-12	-3.736333131e-12	-4.098120379e-12	-4.121631652e-12	-4.024120155e-12	-4.176566646e-12	-4.642647490e-12	-4.565180860e-12	-4.498867013e-12	-4.958617899e-12	-4.647696385e-12	-4.689067183e-12	-4.382591711e-12	-4.600749196e-12	-4.278825612e-12	-4.703234232e-12	-4.459681558e-12	-5.276396867e-12	-4.743776106e-12	-4.810918876e-12	-4.987178067e-12	-5.117092922e-12	-5.161327272e-12	-4.912574989e-12	-4.778590876e-12	-4.488844579e-12	-4.993809452e-12	-4.509341586e-12	-4.623582259e-12	-4.671659798e-12	-5.043318767e-12	-4.883487325e-12	-4.966530346e-12	-4.593138175e-12	-5.029980641e-12	-4.864798877e-12	-4.666761616e-12	-5.376244421e-12	-4.929454878e-12	-4.813707072e-12	-5.391315750e-12	-4.757340302e-12	-4.873690961e-12	-5.015210739e-12	-4.747543939e-12	-4.866758150e-12
-4.783036918e-12	-5.064870767e-12	-4.482966761e-12	-4.589671769e-12	-4.925234905e-12	-4.557645195e-12	-4.947841899e-12	-4.821996303e-12	-4.607455937e-12	-5.489204030e-12	-5.268635133e-12	-5.157936223e-12	-5.480764086e-12	-5.260571972e-12	-4.988006990e-12	-5.113927942e-12	-5.304052756e-12	-4.954548640e-12	-5.308423441e-12	-5.172480055e-12	-4.858092136e-12	-4.504518761e-12	-4.308666843e-12	-5.058766879e-12	-4.662617001e-12	-4.377467459e-12	-4.428785334e-12	-4.962837871e-12	-4.619513000e-12	-4.431347460e-12	-4.098497162e-12	-3.711239368e-12	-3.709355452e-12	-3.800989131e-12	-3.925402951e-12	-4.292314451e-12	-4.008521329e-12	-4.130975876e-12	-4.897654374e-12	-4.526899684e-12	-4.720038763e-12	-4.201208268e-12	-4.768493086e-12	-4.654553840e-12	-5.150325202e-12	-4.651238147e-12	-4.976477424e-12	-4.947917255e-12	-4.924029199e-12	-4.918980304e-12	-4.903532192e-12	-5.638108759e-12	-5.006770794e-12	-4.873841674e-12	-4.357874732e-12	-5.277904000e-12	-4.946485479e-12	-5.000742263e-12	-4.829833394e-12	-4.622677979e-12	-5.126587859e-12	-4.824030932e-12	-4.709036693e-12	-4.555911992e-12	-4.555836636e-12	-4.374528550e-12	-4.794340415e-12	-5.113475803e-12	-4.438506341e-12	-4.824332359e-12	-4.389072382e-12	-5.147310936e-12	-4.505121614e-12	-4.716270931e-12	-4.994110878e-12	-4.416276131e-12	-4.153206086e-12	-3.978303315e-12	-4.408363683e-12	-3.919223706e-12	-4.148383261e-12	-3.850649160e-12	-3.357138497e-12	-1.599294059e-12	1.311213144e-11	2.919346537e-11	1.489326862e-10	1.011539363e-10	8.613392534e-11	7.625075074e-11	6.883151234e-11	6.437733182e-11	5.929445081e-11	5.625079595e-11	5.228990002e-11	4.880171632e-11	4.739767133e-11	4.504307763e-11	4.211697913e-11	4.012334376e-11	3.872050447e-11	3.783302927e-11	3.593728217e-11	3.496570896e-11	3.366324472e-11	3.286227895e-11	3.201534563e-11	3.124000112e-11	3.017769850e-11	2.896588831e-11	2.890929547e-11	2.681362719e-11	2.678551917e-11	2.556504296e-11	2.485036054e-11	2.462376311e-11	2.399604227e-11	2.314466290e-11	2.348128103e-11	2.224558278e-11	-4.109574589e-12	-3.912366251e-12	-3.782376040e-12	-3.076133571e-12	-3.574843842e-12	-3.502350751e-12	-3.884710363e-12	-4.161043177e-12	-4.508964803e-12	-3.891944601e-12	-4.104676407e-12	-4.412206872e-12	-4.435416718e-12	-4.499997363e-12	-5.079188530e-12	-4.384852410e-12	-4.261568940e-12	-4.407007264e-12	-4.823804862e-12	-4.435718145e-12	-4.261192157e-12	-4.428785334e-12	-4.595323517e-12	-4.233084129e-12	-4.711674176e-12	-4.388544886e-12	-4.167523848e-12	-4.220800996e-12	-4.939025171e-12	-4.544382426e-12	-4.370233221e-12	-4.672639434e-12	-4.705645644e-12	-5.093355579e-12	-4.662164861e-12	-4.954473283e-12	-4.394573417e-12	-4.494873111e-12	-4.725012302e-12	-4.581307182e-12	-4.408589753e-12	-4.656060973e-12	-4.794491128e-12	-4.067902365e-12	-4.671056945e-12	-4.760806708e-12	-4.434587795e-12	-4.680401169e-12	-4.931037367e-12	-4.988233060e-12	-4.664274847e-12	-4.465031880e-12	-4.518836524e-12	-4.973237088e-12	-4.838876191e-12	-4.427956411e-12	-5.011141480e-12	-4.464805810e-12	-4.325019235e-12	-4.112664212e-12	-4.466011516e-12	-4.358628298e-12	-4.353805473e-12	-4.454105166e-12	-4.827949478e-12	-4.711900246e-12	-4.755531743e-12	-4.795093981e-12	-4.461942257e-12	-4.394196634e-12	-4.694116078e-12	-4.523810062e-12	-4.765704890e-12	-4.124269135e-12	-4.418009334e-12	-4.117411680e-12	-4.258780745e-12	-3.816663313e-12	-4.395628410e-12	-4.888988360e-12	-3.916510867e-12	-3.648693353e-12	-3.860973020e-12	-3.921409049e-12	-4.383345277e-12	-4.304446871e-12	-4.136702981e-12	-4.432929949e-12	-4.286285920e-12	-4.909636080e-12	-4.425771068e-12	-4.022462308e-12	-4.170688828e-12	-3.973103707e-12	-3.821335425e-12	-3.862630866e-12	-3.862404796e-12	-3.662634333e-12	-3.860144097e-12	-3.613275731e-12	-3.977926532e-12	-4.040171120e-12	-4.095332183e-12	-4.060140631e-12	-4.147102198e-12	-4.066998085e-12	-3.913496601e-12	-4.043185386e-12	-4.093749694e-12	-4.675276917e-12	-4.617553727e-12	-4.682059015e-12	-4.426147851e-12	-4.039945050e-12	-4.741892190e-12	-4.253053640e-12	-4.322231039e-12	-4.164660296e-12	-4.165112436e-12	-3.793679537e-12	-4.878363073e-12	-4.621999769e-12	-4.071896267e-12	-4.217862087e-12	-4.439712047e-12	-4.216430311e-12	-4.228562730e-12	-4.473999320e-12	-4.177621639e-12	-4.494270258e-12	-4.363074340e-12
-4.532551433e-12	-4.879644136e-12	-4.634056832e-12	-4.756963519e-12	-4.467744719e-12	-4.858318205e-12	-4.770150932e-12	-4.861558541e-12	-4.800293589e-12	-4.835635856e-12	-4.498791656e-12	-5.279712560e-12	-5.016265732e-12	-4.947088332e-12	-5.040831998e-12	-4.982204528e-12	-5.037290235e-12	-4.256972185e-12	-5.162306908e-12	-4.884768388e-12	-5.364714854e-12	-4.497585950e-12	-4.996145508e-12	-5.115133649e-12	-4.781755855e-12	-5.425678379e-12	-4.539032104e-12	-4.952287941e-12	-4.661486651e-12	-4.353127263e-12	-4.514917978e-12	-4.746715015e-12	-4.272646367e-12	-4.500600216e-12	-4.018317693e-12	-3.930451846e-12	-4.881754122e-12	-4.708961337e-12	-4.601427406e-12	-4.889214430e-12	-4.991322682e-12	-4.431498173e-12	-4.289074116e-12	-4.616498734e-12	-4.810240667e-12	-4.776028750e-12	-5.028021368e-12	-4.650936721e-12	-4.170688828e-12	-4.387113110e-12	-4.423962509e-12	-3.832186782e-12	-3.796090949e-12	-3.447265044e-12	-3.630457046e-12	-4.384701697e-12	-3.965944825e-12	-4.449960551e-12	-4.594946734e-12	-4.462620467e-12	-4.114472771e-12	-4.323813528e-12	-4.241147290e-12	-4.285456997e-12	-4.270762451e-12	-4.181766254e-12	-3.885916069e-12	-4.089605078e-12	-4.347249445e-12	-4.466086873e-12	-3.765797578e-12	-4.192542254e-12	-4.105354617e-12	-3.349753546e-12	-3.945749245e-12	-3.327523336e-12	-3.096932005e-12	-3.777779285e-12	-4.134894422e-12	-4.549732748e-12	-4.380557082e-12	-4.059311707e-12	-3.125190747e-12	-2.112246736e-13	2.712824118e-11	2.833831818e-11	1.540233289e-10	1.240367349e-10	9.905962444e-11	8.505753103e-11	7.624238615e-11	6.942200700e-11	6.477604382e-11	6.121190062e-11	5.859936113e-11	5.503182688e-11	5.192072782e-11	4.788447525e-11	4.547509727e-11	4.235367435e-11	4.194177494e-11	3.989855489e-11	3.838011851e-11	3.683364945e-11	3.400672031e-11	3.264299112e-11	3.301480080e-11	3.200396677e-11	3.113224111e-11	3.026812648e-11	2.762258077e-11	2.798429266e-11	2.746749680e-11	2.669313192e-11	2.597716844e-11	2.679199984e-11	2.562186187e-11	2.454810504e-11	2.436212485e-11	2.358037502e-11	-4.140094030e-12	-4.521700076e-12	-4.611826622e-12	-4.399094816e-12	-4.041226113e-12	-4.165413862e-12	-4.371815711e-12	-4.828401618e-12	-4.376186396e-12	-4.291259458e-12	-4.297137276e-12	-4.320045696e-12	-4.384701697e-12	-4.879267353e-12	-4.851912891e-12	-4.488618509e-12	-4.444987012e-12	-4.415522564e-12	-4.556966986e-12	-4.477541083e-12	-4.177546282e-12	-3.735579564e-12	-4.601804189e-12	-4.506779460e-12	-4.051776043e-12	-3.639575200e-12	-4.296760493e-12	-4.582512888e-12	-3.933089329e-12	-4.175813079e-12	-3.918997636e-12	-3.638143423e-12	-3.015998969e-12	-3.178091111e-12	-3.479743757e-12	-3.719001102e-12	-3.901138111e-12	-4.205277527e-12	-4.422982872e-12	-3.952983483e-12	-4.169633835e-12	-3.922539398e-12	-4.076945162e-12	-4.500298789e-12	-3.612672878e-12	-4.550410957e-12	-4.318086424e-12	-4.749955351e-12	-4.643401056e-12	-4.617704441e-12	-4.447172355e-12	-4.614464105e-12	-4.700822819e-12	-4.744303603e-12	-5.059821872e-12	-4.220424213e-12	-4.843472947e-12	-4.169181695e-12	-4.601502762e-12	-4.207613583e-12	-4.538353894e-12	-4.681154735e-12	-4.675276917e-12	-4.853043240e-12	-3.805736600e-12	-4.979868473e-12	-4.809411743e-12	-4.863442457e-12	-4.763142764e-12	-4.843020807e-12	-4.864798877e-12	-4.509643013e-12	-4.440314900e-12	-4.464202957e-12	-4.711598819e-12	-4.892002625e-12	-4.947314402e-12	-5.328016169e-12	-4.942642290e-12	-4.807151044e-12	-4.913328556e-12	-4.874143101e-12	-4.968640333e-12	-5.327111889e-12	-5.177905733e-12	-5.258160559e-12	-5.697489795e-12	-5.121765033e-12	-5.726200676e-12	-4.918226738e-12	-5.062233285e-12	-4.465107236e-12	-5.425000170e-12	-5.069768949e-12	-4.801348583e-12	-4.747996078e-12	-4.669549812e-12	-4.982581312e-12	-4.626747238e-12	-4.201434338e-12	-4.800821086e-12	-4.671433728e-12	-4.824633786e-12	-4.683415434e-12	-5.255447720e-12	-4.746790372e-12	-5.137062432e-12	-5.175720391e-12	-4.738350428e-12	-4.740987911e-12	-4.516952607e-12	-4.796827184e-12	-4.577765419e-12	-4.858694989e-12	-4.634207546e-12	-5.127115355e-12	-4.773165198e-12	-4.901120779e-12	-4.439712047e-12	-4.685148637e-12	-5.210836587e-12	-4.717853421e-12	-4.190130842e-12	-4.885898737e-12	-4.667364469e-12	-4.319894983e-12	-4.235194115e-12	-4.176943429e-12	-4.257575038e-12	-3.682829913e-12	-3.470851673e-12
-4.845130793e-12	-4.918528164e-12	-5.181447496e-12	-5.369763749e-12	-4.874143101e-12	-4.607832720e-12	-4.711975603e-12	-4.913102486e-12	-4.835033002e-12	-4.435416718e-12	-4.425017502e-12	-4.701501029e-12	-4.928625954e-12	-4.845884359e-12	-4.638955014e-12	-4.773466624e-12	-4.274605640e-12	-4.689745393e-12	-4.779269086e-12	-4.615594455e-12	-4.884919101e-12	-4.589671769e-12	-4.833978009e-12	-4.948218682e-12	-5.248439552e-12	-4.843774373e-12	-4.955829703e-12	-5.142337397e-12	-4.804061422e-12	-4.816796695e-12	-4.811898513e-12	-4.519514733e-12	-4.616574091e-12	-4.784920834e-12	-4.938874458e-12	-5.039174151e-12	-5.667045711e-12	-5.038345228e-12	-5.111290460e-12	-4.877910933e-12	-4.615443741e-12	-4.503237698e-12	-4.867662429e-12	-5.020787130e-12	-5.058390096e-12	-5.230881454e-12	-4.584170734e-12	-4.977230990e-12	-5.367729120e-12	-5.244521007e-12	-5.495307919e-12	-5.267881566e-12	-5.515202073e-12	-5.263134098e-12	-5.254920224e-12	-5.202698069e-12	-5.117997201e-12	-5.339093595e-12	-5.391617176e-12	-5.332236141e-12	-5.575638101e-12	-5.266374434e-12	-5.206164475e-12	-5.081675299e-12	-4.947917255e-12	-4.729458344e-12	-5.007750431e-12	-4.804438205e-12	-5.483024786e-12	-5.268936560e-12	-5.341957148e-12	-5.216714405e-12	-5.772243586e-12	-5.530650185e-12	-5.183482125e-12	-5.108728334e-12	-5.114154012e-12	-5.453258911e-12	-5.751821935e-12	-5.918812259e-12	-5.756569404e-12	-5.430953344e-12	-4.743399323e-12	-3.122477907e-12	8.004834882e-12	5.755966551e-12	9.078742418e-12	8.948842635e-11	5.849567038e-11	4.335373238e-11	3.532546158e-11	3.267268163e-11	2.991161419e-11	2.747450496e-11	2.070242942e-11	2.425557055e-11	2.366552803e-11	2.080566803e-11	1.947788396e-11	1.757550547e-11	1.699654038e-11	1.574614758e-11	1.405386342e-11	1.307158957e-11	1.216045238e-11	1.294988859e-11	1.211825266e-11	1.106567105e-11	1.050366120e-11	1.012951546e-11	9.978350036e-12	9.855895489e-12	9.290193162e-12	9.347539568e-12	8.165721318e-12	8.282750186e-12	7.176363936e-12	6.853837499e-12	-5.062157928e-12	-5.398022491e-12	-5.462452422e-12	-5.466069541e-12	-5.032618123e-12	-4.953719717e-12	-5.065699690e-12	-5.129300698e-12	-4.986424501e-12	-5.254317371e-12	-5.132314964e-12	-4.945581199e-12	-5.298853147e-12	-5.743381991e-12	-5.240677818e-12	-4.966228920e-12	-5.498774324e-12	-4.899086150e-12	-5.330879721e-12	-4.690423602e-12	-5.439167219e-12	-5.120333257e-12	-5.261928392e-12	-5.387924701e-12	-5.322665847e-12	-4.827271268e-12	-4.412131515e-12	-4.777008386e-12	-4.199022926e-12	-4.899161507e-12	-4.766985953e-12	-4.748674288e-12	-4.442198816e-12	-4.525769335e-12	-4.791250792e-12	-4.297363346e-12	-4.703912442e-12	-4.351394060e-12	-4.393669138e-12	-4.393292354e-12	-4.227357024e-12	-4.437375991e-12	-3.878455762e-12	-4.525317195e-12	-5.057711886e-12	-4.551842734e-12	-4.667515182e-12	-4.432628523e-12	-4.746865729e-12	-4.070464491e-12	-4.106711037e-12	-4.321854256e-12	-4.524865055e-12	-5.005715801e-12	-4.820639883e-12	-4.615293028e-12	-5.042640557e-12	-5.095314851e-12	-4.638728944e-12	-4.269481388e-12	-4.488769223e-12	-4.680099742e-12	-4.977532417e-12	-5.022369620e-12	-5.442935051e-12	-4.902627912e-12	-5.528992338e-12	-5.107597984e-12	-5.322289064e-12	-4.798937170e-12	-5.156655160e-12	-5.362454155e-12	-5.314828756e-12	-5.075872837e-12	-5.043620193e-12	-4.525693978e-12	-4.870902765e-12	-5.150928055e-12	-5.383930798e-12	-4.907450737e-12	-4.599392776e-12	-4.914986402e-12	-5.185139971e-12	-4.789065450e-12	-4.777912666e-12	-4.907978234e-12	-4.575127937e-12	-4.967359270e-12	-5.014381816e-12	-4.931790934e-12	-5.650693319e-12	-5.213624783e-12	-5.102021593e-12	-4.959672892e-12	-5.029679214e-12	-4.393066284e-12	-4.814837422e-12	-4.896222597e-12	-4.809562457e-12	-4.550938454e-12	-4.839629758e-12	-4.979114906e-12	-4.859674625e-12	-4.802102149e-12	-4.283271654e-12	-4.933900920e-12	-5.149119495e-12	-4.928701311e-12	-4.699617113e-12	-4.547773475e-12	-5.059972585e-12	-4.874745954e-12	-5.125532866e-12	-5.104056222e-12	-5.393501092e-12	-5.122443243e-12	-5.102398376e-12	-5.279109706e-12	-5.345348197e-12	-5.169013649e-12	-4.727122288e-12	-4.582814314e-12	-4.470382201e-12	-4.436245642e-12	-4.646792105e-12	-4.594268524e-12	-4.931564864e-12	-4.856660359e-12	-4.987328780e-12	-5.061630431e-12	-5.221989370e-12	-4.808356750e-12	-4.630138287e-12
-5.500281457e-12	-4.766157030e-12	-5.111968670e-12	-4.769548079e-12	-4.756963519e-12	-4.980019186e-12	-5.011819690e-12	-4.943094430e-12	-4.949047605e-12	-5.199608447e-12	-4.822900583e-12	-4.777686596e-12	-4.513486202e-12	-4.495852747e-12	-4.551842734e-12	-4.875348807e-12	-4.921391717e-12	-5.000440836e-12	-5.016341088e-12	-4.980697396e-12	-5.128170348e-12	-4.468875068e-12	-4.981526319e-12	-4.872259185e-12	-5.189887440e-12	-5.096671271e-12	-5.161628698e-12	-5.257859133e-12	-5.523265234e-12	-4.998632277e-12	-5.370065176e-12	-4.840157254e-12	-5.209480167e-12	-4.975045647e-12	-5.548132926e-12	-4.909485367e-12	-4.603914175e-12	-4.643401056e-12	-4.682285085e-12	-4.872786681e-12	-4.809637813e-12	-4.550410957e-12	-4.427052131e-12	-5.233745007e-12	-5.527786632e-12	-4.996446934e-12	-5.456800673e-12	-5.832001405e-12	-4.910691073e-12	-5.245274573e-12	-5.353712784e-12	-5.171048279e-12	-5.307067021e-12	-5.235327496e-12	-4.771884135e-12	-5.242637091e-12	-5.251378461e-12	-5.588825514e-12	-5.577597374e-12	-5.997258525e-12	-5.650241179e-12	-5.272478322e-12	-5.993641406e-12	-5.895225629e-12	-5.286570014e-12	-5.338792169e-12	-5.306614882e-12	-4.870978122e-12	-4.879719492e-12	-4.373624270e-12	-4.781454428e-12	-4.567893699e-12	-5.184386405e-12	-5.122593957e-12	-5.056732250e-12	-4.976402067e-12	-5.342333931e-12	-4.984992724e-12	-5.051381928e-12	-5.287775721e-12	-5.132541034e-12	-5.173685761e-12	-4.761484918e-12	-9.672025278e-13	6.125967674e-12	5.140453481e-12	4.976251354e-12	5.077003187e-11	4.381506575e-11	3.331019884e-11	2.799898721e-11	2.500785593e-11	2.294541994e-11	2.101026131e-11	1.941345402e-11	1.719065909e-11	1.672201612e-11	1.541714047e-11	1.487253800e-11	1.417918152e-11	1.285938526e-11	1.302516987e-11	1.211131985e-11	1.141509981e-11	1.134833383e-11	1.073251933e-11	1.083425080e-11	1.007239513e-11	9.523723402e-12	8.465866831e-12	8.139045066e-12	9.044756572e-12	7.871679692e-12	7.985016085e-12	7.539658318e-12	7.159484048e-12	6.971017081e-12	6.975010983e-12	6.781344408e-12	6.288285885e-12	-4.862764247e-12	-4.754552106e-12	-4.781303715e-12	-4.851611464e-12	-4.706775994e-12	-4.565331573e-12	-4.659904161e-12	-4.694492861e-12	-4.632474343e-12	-5.000591550e-12	-4.995994794e-12	-5.172932195e-12	-4.723580526e-12	-4.839102261e-12	-4.538353894e-12	-5.152661258e-12	-4.751161057e-12	-5.268409063e-12	-4.988685200e-12	-4.783790484e-12	-4.483192831e-12	-5.072105005e-12	-4.552596300e-12	-4.540087097e-12	-4.209723569e-12	-4.651388861e-12	-4.671132301e-12	-4.851686821e-12	-4.892906905e-12	-4.884843744e-12	-5.215885482e-12	-4.678517253e-12	-4.946184053e-12	-4.325019235e-12	-4.442877026e-12	-4.581683965e-12	-4.963968221e-12	-5.111516530e-12	-4.561036244e-12	-4.668720889e-12	-4.790271156e-12	-4.681305448e-12	-4.563824440e-12	-4.705419574e-12	-4.585979294e-12	-4.337905221e-12	-4.316880717e-12	-4.908505730e-12	-4.738275071e-12	-4.674372637e-12	-4.450563404e-12	-4.676407266e-12	-4.679496889e-12	-5.025459242e-12	-5.246329566e-12	-5.415806659e-12	-5.183934265e-12	-4.930057731e-12	-4.394724131e-12	-4.510547293e-12	-4.634584329e-12	-4.925084192e-12	-4.700521393e-12	-4.365937893e-12	-4.579197196e-12	-4.935483409e-12	-4.503840551e-12	-4.351921557e-12	-4.544533139e-12	-4.802026792e-12	-4.573244021e-12	-4.655759546e-12	-4.612655546e-12	-4.664576273e-12	-4.648449952e-12	-4.860729618e-12	-5.017772865e-12	-4.392237361e-12	-4.423208942e-12	-4.243407989e-12	-4.418838257e-12	-4.826819128e-12	-5.023650683e-12	-4.706248498e-12	-4.915212472e-12	-4.723505169e-12	-4.581005755e-12	-4.722600889e-12	-4.565783713e-12	-4.547472048e-12	-4.986047717e-12	-4.821996303e-12	-5.186873174e-12	-5.200211300e-12	-5.010161843e-12	-5.187626740e-12	-4.805342485e-12	-4.925385619e-12	-4.615594455e-12	-4.971880668e-12	-4.679346176e-12	-4.627124021e-12	-4.630816497e-12	-4.814611352e-12	-4.519590090e-12	-4.901346849e-12	-4.972634235e-12	-4.596378510e-12	-5.220331524e-12	-4.825462709e-12	-4.720415547e-12	-4.832094093e-12	-4.730739407e-12	-4.470608271e-12	-4.930057731e-12	-5.167355803e-12	-5.532308031e-12	-5.701332984e-12	-5.783019586e-12	-5.213474069e-12	-5.175645034e-12	-4.989363410e-12	-5.077756753e-12	-5.013025396e-12	-5.347382826e-12	-5.243315300e-12	-5.575261318e-12	-5.065775047e-12	-5.348287106e-12	-5.118600054e-12	-5.694475529e-12
-5.086121341e-12	-4.821920946e-12	-5.045880893e-12	-5.134198880e-12	-4.984766654e-12	-5.026514235e-12	-4.987554850e-12	-4.415221138e-12	-4.700672106e-12	-4.553425223e-12	-4.614840888e-12	-4.739028638e-12	-4.350263711e-12	-4.730437980e-12	-4.963214654e-12	-4.897126877e-12	-5.291468196e-12	-5.319350154e-12	-5.128848558e-12	-5.393576449e-12	-4.737596862e-12	-5.026514235e-12	-4.807000331e-12	-4.597282790e-12	-4.941436584e-12	-4.855906793e-12	-4.759148862e-12	-4.315298228e-12	-4.543930286e-12	-4.548677755e-12	-4.411980802e-12	-4.376638536e-12	-4.938271605e-12	-4.816495268e-12	-4.925159549e-12	-4.177621639e-12	-4.289450899e-12	-4.480404635e-12	-4.420420746e-12	-4.491331348e-12	-4.101888211e-12	-4.237756241e-12	-4.472567544e-12	-4.681682232e-12	-4.302789025e-12	-4.273249220e-12	-4.236851961e-12	-4.359005081e-12	-4.516349754e-12	-4.948670822e-12	-4.291410171e-12	-4.382893137e-12	-4.548979181e-12	-4.209120716e-12	-4.108368883e-12	-3.910482335e-12	-3.791343481e-12	-3.798200935e-12	-3.774388236e-12	-4.228864157e-12	-4.552445587e-12	-4.129920883e-12	-4.595700301e-12	-4.475205027e-12	-3.870091174e-12	-4.041678253e-12	-4.003246364e-12	-4.410021529e-12	-4.530441447e-12	-4.915966038e-12	-4.765780246e-12	-4.868114569e-12	-4.972558878e-12	-5.003605815e-12	-4.884693031e-12	-5.129149985e-12	-4.606099517e-12	-4.925008836e-12	-4.659225952e-12	-4.216731737e-12	-4.327355291e-12	-4.258027178e-12	-3.949893860e-12	8.123069457e-12	6.476376069e-12	5.752952285e-12	5.357706686e-12	1.229292936e-11	5.328377880e-11	3.779587844e-11	3.136034568e-11	2.722243699e-11	2.529323154e-11	2.262771632e-11	2.057040458e-11	2.017983110e-11	1.823645860e-11	1.726232326e-11	1.595646797e-11	1.528051888e-11	1.401422583e-11	1.301115354e-11	1.264680416e-11	1.256677541e-11	1.175970575e-11	1.102113528e-11	1.040630042e-11	9.896286651e-12	1.014632000e-11	9.721609949e-12	9.638642284e-12	9.179268181e-12	8.567598301e-12	7.942514938e-12	7.769797509e-12	7.286459994e-12	7.156545139e-12	6.926029165e-12	7.124141782e-12	6.776144799e-12	6.747057135e-12	3.430083729e-12	-4.453954453e-12	-4.781454428e-12	-4.777008386e-12	-5.123347523e-12	-5.230203244e-12	-4.713558092e-12	-5.211590153e-12	-4.783941198e-12	-4.578594342e-12	-4.316202507e-12	-4.603914175e-12	-4.791627575e-12	-5.015512165e-12	-5.194634908e-12	-4.809788527e-12	-5.064418627e-12	-4.888234793e-12	-4.805945338e-12	-4.336850228e-12	-4.658472385e-12	-4.253279710e-12	-4.591781755e-12	-4.337076298e-12	-4.162625667e-12	-4.850255045e-12	-4.665179127e-12	-4.537449615e-12	-4.838800835e-12	-4.596529224e-12	-4.851912891e-12	-4.029922616e-12	-4.298192269e-12	-4.183348744e-12	-4.181163401e-12	-4.451919824e-12	-4.616950874e-12	-4.037910421e-12	-4.062702756e-12	-4.238735877e-12	-4.239941584e-12	-4.532174650e-12	-4.792230429e-12	-4.779344442e-12	-5.062157928e-12	-4.747317869e-12	-4.682435798e-12	-4.922974206e-12	-4.581910035e-12	-4.631796133e-12	-4.907300024e-12	-4.759450288e-12	-4.867210289e-12	-5.219351888e-12	-5.076852474e-12	-4.664048777e-12	-4.736843295e-12	-5.183029985e-12	-5.277828644e-12	-4.374227123e-12	-4.479500355e-12	-4.201961835e-12	-3.963834839e-12	-4.257725752e-12	-4.193145108e-12	-4.300076186e-12	-4.541895657e-12	-4.559529111e-12	-4.550712384e-12	-4.568270482e-12	-3.867076908e-12	-4.471286481e-12	-4.428182481e-12	-4.527803964e-12	-4.374227123e-12	-4.772788414e-12	-4.443630593e-12	-4.471060411e-12	-4.673920497e-12	-4.380783151e-12	-4.525467908e-12	-5.031412417e-12	-4.384249557e-12	-4.176189863e-12	-4.673619071e-12	-4.610545559e-12	-4.569476188e-12	-4.574072944e-12	-4.653122063e-12	-4.843623660e-12	-4.477013586e-12	-4.867285646e-12	-4.797354680e-12	-4.285004857e-12	-4.226603458e-12	-4.399320886e-12	-4.247552605e-12	-4.232330562e-12	-4.028114057e-12	-4.039568267e-12	-4.115904547e-12	-4.074383036e-12	-4.251320437e-12	-4.283648437e-12	-4.186438366e-12	-4.225322395e-12	-4.507005530e-12	-4.675502987e-12	-4.154336436e-12	-4.665103770e-12	-4.509944440e-12	-4.921994570e-12	-4.520117587e-12	-4.484549250e-12	-4.686203630e-12	-4.406102984e-12	-4.729609057e-12	-4.744228246e-12	-4.608360217e-12	-4.326224941e-12	-4.143937219e-12	-5.082127439e-12	-5.044675186e-12	-4.682963295e-12	-4.223739905e-12	-4.660883798e-12	-4.419968606e-12	-4.412056159e-12	-4.499394509e-12	-4.161721387e-12
-4.539408887e-12	-4.399773026e-12	-4.111533862e-12	-4.995467298e-12	-4.977683130e-12	-4.986349144e-12	-4.781906568e-12	-4.763218121e-12	-4.440164187e-12	-3.869714391e-12	-4.564879433e-12	-4.530366090e-12	-4.199098282e-12	-4.265939626e-12	-4.216053527e-12	-4.609942706e-12	-4.506176607e-12	-4.395553054e-12	-4.236550535e-12	-4.291937668e-12	-4.547396692e-12	-4.466388299e-12	-4.232707346e-12	-4.688464330e-12	-4.293670871e-12	-4.055543875e-12	-4.109725302e-12	-4.042055036e-12	-3.991867511e-12	-4.270988521e-12	-4.495099181e-12	-4.273249220e-12	-4.742721113e-12	-4.225699178e-12	-4.425921781e-12	-4.200077919e-12	-4.185458730e-12	-4.070916631e-12	-4.733226176e-12	-4.109951372e-12	-4.354634396e-12	-4.522302929e-12	-4.307461137e-12	-3.885388573e-12	-4.162248883e-12	-4.134517638e-12	-4.386585613e-12	-4.360361501e-12	-3.980940798e-12	-4.208442506e-12	-4.108670309e-12	-4.169709191e-12	-4.558248048e-12	-4.829305897e-12	-4.567969056e-12	-5.053190487e-12	-4.970901032e-12	-4.786277254e-12	-4.622979406e-12	-4.310550759e-12	-5.174363971e-12	-4.890947632e-12	-4.789366876e-12	-4.760580638e-12	-4.744529673e-12	-5.088306683e-12	-5.328694378e-12	-4.601879545e-12	-4.812049226e-12	-4.978135270e-12	-4.938723745e-12	-5.466370967e-12	-5.177076810e-12	-5.141583831e-12	-5.207445538e-12	-5.584831612e-12	-4.991699466e-12	-5.276773650e-12	-5.059294375e-12	-5.191469929e-12	-4.503539125e-12	-4.330068130e-12	-3.598053689e-12	1.165119218e-11	9.288459959e-12	7.707251495e-12	7.031905250e-12	8.158261010e-12	7.435492829e-11	5.785581712e-11	4.488874722e-11	3.769844230e-11	3.378147930e-11	3.141505460e-11	2.802445775e-11	2.649140218e-11	2.349024847e-11	2.267880813e-11	2.182486664e-11	2.034312894e-11	1.905128999e-11	1.839161793e-11	1.781189927e-11	1.633814938e-11	1.572286238e-11	1.560485387e-11	1.406727690e-11	1.417081693e-11	1.349607354e-11	1.338936853e-11	1.312938811e-11	1.252336998e-11	1.190303408e-11	1.203875140e-11	1.110478115e-11	1.100063827e-11	1.086959307e-11	9.505336381e-12	9.691693362e-12	9.240759203e-12	8.789297548e-12	8.852747842e-12	8.181395500e-12	8.045301400e-12	7.708155774e-12	-4.698788190e-12	-4.391634508e-12	-4.184705163e-12	-4.631343993e-12	-4.406178341e-12	-4.220047429e-12	-4.584773587e-12	-4.916794961e-12	-5.071125369e-12	-4.441671320e-12	-4.245819402e-12	-3.764441159e-12	-3.853738782e-12	-4.074835176e-12	-3.881846810e-12	-3.967376602e-12	-4.214244968e-12	-4.793888275e-12	-4.398039823e-12	-4.303316521e-12	-4.543628859e-12	-4.793737561e-12	-4.319292130e-12	-4.185534086e-12	-4.410247599e-12	-4.609565923e-12	-4.779193729e-12	-4.384777054e-12	-4.502484132e-12	-4.229693080e-12	-4.326074228e-12	-4.857263212e-12	-4.876855940e-12	-4.965626067e-12	-4.605270594e-12	-4.995768724e-12	-4.526748971e-12	-4.586431433e-12	-4.567969056e-12	-4.582588245e-12	-5.026288165e-12	-4.838122625e-12	-4.427504271e-12	-4.421852523e-12	-4.147177555e-12	-4.527879321e-12	-4.470231488e-12	-4.552294874e-12	-4.087193666e-12	-4.163153163e-12	-4.162927093e-12	-4.295554787e-12	-4.279654535e-12	-4.303844018e-12	-4.577237923e-12	-4.500976999e-12	-4.451166257e-12	-4.493968831e-12	-4.575127937e-12	-4.222760269e-12	-4.566009783e-12	-4.557494482e-12	-4.049515344e-12	-4.388092746e-12	-4.225322395e-12	-4.369781081e-12	-4.811446373e-12	-5.054622264e-12	-5.108803691e-12	-5.095616278e-12	-4.567140132e-12	-4.659527378e-12	-4.562920160e-12	-4.484775320e-12	-4.754778176e-12	-4.803307855e-12	-4.979943829e-12	-4.929078094e-12	-5.139699915e-12	-4.867436359e-12	-4.649881728e-12	-5.271197259e-12	-4.880925199e-12	-4.779269086e-12	-5.206013762e-12	-4.704364581e-12	-4.553877363e-12	-4.956055773e-12	-4.616950874e-12	-5.155976950e-12	-5.239848895e-12	-5.010538627e-12	-4.899538290e-12	-5.243842797e-12	-5.279787916e-12	-4.974593507e-12	-5.251604531e-12	-5.173685761e-12	-4.889139073e-12	-5.110612250e-12	-5.250624895e-12	-5.515428143e-12	-5.379484756e-12	-5.607137178e-12	-5.119127551e-12	-5.476619471e-12	-5.389657903e-12	-5.581289850e-12	-5.357857400e-12	-5.488525821e-12	-4.666535546e-12	-4.798635743e-12	-4.833224443e-12	-4.913629982e-12	-4.979943829e-12	-4.899462933e-12	-4.937894822e-12	-4.484021754e-12	-4.707529561e-12	-5.029528501e-12	-4.893208332e-12	-5.138117425e-12	-5.076626404e-12	-5.180543216e-12	-4.414015432e-12	-5.014984669e-12
-4.523810062e-12	-4.835635856e-12	-4.751688554e-12	-4.940607661e-12	-4.639708581e-12	-4.706851351e-12	-4.877534150e-12	-4.562317307e-12	-4.171216324e-12	-4.094578617e-12	-4.582738958e-12	-4.072197694e-12	-4.312811458e-12	-4.244839765e-12	-4.597433503e-12	-4.660657728e-12	-4.747996078e-12	-4.557042342e-12	-4.574751154e-12	-4.662843071e-12	-4.706775994e-12	-4.837745842e-12	-4.535716412e-12	-4.862839604e-12	-4.624863322e-12	-4.605421308e-12	-4.081089778e-12	-4.001739231e-12	-4.222910982e-12	-4.898106514e-12	-4.782961561e-12	-4.748749645e-12	-4.364882900e-12	-5.139925985e-12	-4.781755855e-12	-4.784167268e-12	-4.765930960e-12	-5.134424950e-12	-5.221914014e-12	-5.271574042e-12	-5.079640669e-12	-4.837896555e-12	-5.379107973e-12	-4.929304164e-12	-5.387547917e-12	-5.563279612e-12	-5.012648613e-12	-5.338716812e-12	-4.809034960e-12	-5.059972585e-12	-5.460643862e-12	-4.926892752e-12	-5.132541034e-12	-5.096595914e-12	-4.807226401e-12	-4.816269198e-12	-4.975573144e-12	-4.528708244e-12	-4.682586511e-12	-4.655608833e-12	-4.757340302e-12	-4.638502874e-12	-3.961272713e-12	-4.700822819e-12	-4.395326984e-12	-4.064586673e-12	-4.265713556e-12	-4.612806259e-12	-4.555987349e-12	-4.673166931e-12	-4.528030034e-12	-4.169407765e-12	-4.128187680e-12	-4.443479879e-12	-4.594720664e-12	-4.467820075e-12	-4.437677418e-12	-4.790045086e-12	-4.797430037e-12	-4.993357312e-12	-4.684319714e-12	-4.785071547e-12	-2.184287688e-12	1.189632734e-11	9.410613079e-12	8.330224872e-12	7.838372055e-12	7.505446401e-12	1.168254054e-11	9.192304881e-11	5.700639703e-11	4.564811612e-11	3.857144903e-11	3.527218443e-11	3.123698685e-11	2.946814034e-11	2.832904931e-11	2.569925314e-11	2.511086846e-11	2.260006044e-11	2.114266294e-11	2.025134455e-11	1.880999802e-11	1.825228349e-11	1.754174570e-11	1.703595190e-11	1.580032901e-11	1.524449840e-11	1.485912452e-11	1.449899512e-11	1.353759505e-11	1.341272909e-11	1.268101608e-11	1.253911952e-11	1.230453428e-11	1.168284197e-11	2.650368532e-12	-4.544382426e-12	-4.634961112e-12	-4.456893362e-12	-4.581231825e-12	-4.420722173e-12	-4.687333980e-12	-4.338809501e-12	-4.815515632e-12	-4.487638873e-12	-4.541594230e-12	-4.789894373e-12	-4.838047268e-12	-4.744152890e-12	-4.546492412e-12	-4.500223432e-12	-4.586657503e-12	-4.764273114e-12	-4.350263711e-12	-4.578895769e-12	-4.336850228e-12	-4.644079266e-12	-4.401656942e-12	-4.549657391e-12	-4.727574428e-12	-4.503162342e-12	-4.458777278e-12	-4.509266230e-12	-4.482213194e-12	-4.785297617e-12	-4.131277303e-12	-4.698863546e-12	-4.520569726e-12	-4.141299736e-12	-4.645661756e-12	-4.115377051e-12	-4.722224106e-12	-4.548376328e-12	-4.559604468e-12	-4.764649897e-12	-4.444760942e-12	-4.915363185e-12	-4.411001166e-12	-4.607229867e-12	-5.334948980e-12	-5.304655609e-12	-4.963666794e-12	-5.185742824e-12	-4.678366539e-12	-5.335777903e-12	-4.923878486e-12	-5.365166994e-12	-4.798937170e-12	-4.801122513e-12	-4.725389085e-12	-4.732774036e-12	-5.281370406e-12	-4.712804526e-12	-5.065021480e-12	-5.119805761e-12	-4.580402902e-12	-4.841287604e-12	-4.884542318e-12	-4.778214093e-12	-4.428031767e-12	-3.851252013e-12	-3.928794000e-12	-4.368575375e-12	-4.289903039e-12	-4.299473332e-12	-4.501278425e-12	-4.489372076e-12	-4.629761504e-12	-5.018601788e-12	-4.492235628e-12	-4.619588357e-12	-4.005280994e-12	-4.335795235e-12	-4.599694203e-12	-4.284628074e-12	-4.785900470e-12	-5.060047942e-12	-4.906546458e-12	-4.860126765e-12	-5.452279275e-12	-4.961858235e-12	-4.580779685e-12	-5.065247550e-12	-4.748448218e-12	-4.624863322e-12	-4.680099742e-12	-4.681305448e-12	-4.311756465e-12	-4.273701360e-12	-4.355614032e-12	-4.441897390e-12	-4.743776106e-12	-4.672488721e-12	-4.849727548e-12	-5.199909873e-12	-5.047990879e-12	-4.543101363e-12	-5.211364083e-12	-4.875047380e-12	-4.937744108e-12	-4.932695213e-12	-4.786503324e-12	-4.591555685e-12	-4.317332857e-12	-4.887255157e-12	-4.822825226e-12	-5.081750655e-12	-4.929078094e-12	-4.885220527e-12	-5.524395583e-12	-5.261626965e-12	-5.360645595e-12	-4.945204416e-12	-5.509324254e-12	-5.304203469e-12	-5.109707970e-12	-5.530122688e-12	-5.378731190e-12	-4.935408052e-12	-5.180392503e-12	-5.053341201e-12	-5.041058068e-12	-4.540689950e-12	-4.751462484e-12	-4.965626067e-12	-4.947540472e-12	-4.724710875e-12	-5.018978571e-12	-5.227490405e-12	-4.938120892e-12
-4.331273836e-12	-4.939703381e-12	-4.721470540e-12	-4.936689115e-12	-4.801951436e-12	-5.137665285e-12	-5.202095216e-12	-4.555987349e-12	-4.652217784e-12	-4.813254932e-12	-5.032090627e-12	-4.683340078e-12	-5.489204030e-12	-5.178357873e-12	-5.230429314e-12	-5.264641231e-12	-4.948067969e-12	-5.004434739e-12	-5.068186459e-12	-5.167883300e-12	-5.251077035e-12	-4.815515632e-12	-5.333140420e-12	-4.984540584e-12	-4.937819465e-12	-4.777083743e-12	-4.866908863e-12	-5.169013649e-12	-4.487714230e-12	-5.114154012e-12	-5.057410459e-12	-5.320254434e-12	-4.948067969e-12	-5.217392615e-12	-4.403465501e-12	-4.950630095e-12	-4.957110766e-12	-4.751236414e-12	-5.406839218e-12	-5.322590490e-12	-5.079188530e-12	-4.816118485e-12	-5.148441285e-12	-4.741515407e-12	-5.090416669e-12	-4.841438317e-12	-4.990267689e-12	-4.687032553e-12	-4.833827296e-12	-5.173685761e-12	-5.209103384e-12	-4.566085139e-12	-4.449282341e-12	-4.481685698e-12	-4.609113783e-12	-4.633755406e-12	-4.593741028e-12	-4.611148413e-12	-4.356669025e-12	-4.381159935e-12	-3.948085301e-12	-4.686429700e-12	-4.282442731e-12	-4.913102486e-12	-4.534058566e-12	-4.864648164e-12	-4.499771293e-12	-4.755079603e-12	-4.780776219e-12	-4.811295660e-12	-4.589897839e-12	-4.777159100e-12	-4.842041170e-12	-4.674071211e-12	-4.976025284e-12	-5.391692533e-12	-5.023650683e-12	-4.958015046e-12	-4.596227797e-12	-5.078585676e-12	-4.377542816e-12	-4.582889671e-12	-4.182293751e-14	-4.356593669e-12	-4.131503373e-12	-4.297589416e-12	-4.515068691e-12	-4.621547630e-12	-4.451090900e-12	-5.019430711e-12	-4.861859968e-12	-4.570832608e-12	-5.052135494e-12	-5.202170573e-12	-4.947314402e-12	-4.374679263e-12	-4.415371851e-12	-4.602633112e-12	-3.793227397e-12	-4.322532466e-12	-4.268501752e-12	-4.144540072e-12	-3.782677467e-12	-4.327882787e-12	-4.215601387e-12	-4.399170173e-12	-4.400903375e-12	-4.384550984e-12	-4.746639659e-12	-4.743323967e-12	-4.954247213e-12	-4.674674064e-12	-4.682963295e-12	-4.866456723e-12	-4.969619969e-12	-4.819208107e-12	-4.994864445e-12	-4.013042728e-12	-4.245216549e-12	-4.602331685e-12	-4.373096774e-12	-4.279202395e-12	-4.376337109e-12	-4.813857785e-12	-4.756436023e-12	-4.733904386e-12	-4.653574203e-12	-4.878815213e-12	-4.571962958e-12	-4.013871651e-12	-4.430066397e-12	-4.499922006e-12	-4.146800771e-12	-4.540991377e-12	-4.611977336e-12	-4.831868023e-12	-4.350188354e-12	-4.782961561e-12	-4.695623211e-12	-4.846110429e-12	-4.723806596e-12	-4.555911992e-12	-4.478822146e-12	-4.363827907e-12	-4.831491240e-12	-4.893961898e-12	-5.104809789e-12	-5.053190487e-12	-5.136610292e-12	-4.780022652e-12	-4.843397590e-12	-5.101268026e-12	-4.829456611e-12	-4.781529785e-12	-4.499846649e-12	-4.668720889e-12	-4.602859182e-12	-5.161854768e-12	-4.507608384e-12	-4.609565923e-12	-4.885672667e-12	-4.618533364e-12	-5.028548865e-12	-4.894263325e-12	-4.994186235e-12	-4.547547405e-12	-4.943772640e-12	-5.135479943e-12	-4.976778850e-12	-4.555911992e-12	-5.054848333e-12	-5.122593957e-12	-5.117017565e-12	-4.453728383e-12	-4.509718370e-12	-5.034502040e-12	-4.846713282e-12	-4.660130231e-12	-4.590048552e-12	-4.472040048e-12	-5.026438879e-12	-4.783639771e-12	-4.636618958e-12	-4.731719043e-12	-4.698938903e-12	-4.581759321e-12	-4.968188193e-12	-4.625089392e-12	-4.365711823e-12	-4.833601226e-12	-4.717099854e-12	-4.289224829e-12	-5.047161956e-12	-4.567215489e-12	-4.640989644e-12	-4.362320774e-12	-4.215450674e-12	-4.073930896e-12	-4.565783713e-12	-4.463449390e-12	-4.919507801e-12	-4.752140694e-12	-4.654855266e-12	-4.695698567e-12	-4.853872163e-12	-4.354408326e-12	-4.836163352e-12	-4.675653700e-12	-4.666761616e-12	-4.748975715e-12	-4.729835127e-12	-4.882356975e-12	-5.035406319e-12	-4.632549700e-12	-4.921391717e-12	-4.845658289e-12	-4.887858010e-12	-4.423661082e-12	-4.072649833e-12	-4.916192108e-12	-4.563899797e-12	-4.180937331e-12	-4.208216436e-12	-4.381612075e-12	-4.591178902e-12	-4.693588581e-12	-4.238660521e-12	-4.562392664e-12	-4.517027964e-12	-4.133311932e-12	-4.094427904e-12	-4.716195575e-12	-4.880774485e-12	-4.728101924e-12	-4.146650058e-12	-4.346646592e-12	-4.296006927e-12	-4.113342421e-12	-4.351167990e-12	-4.070991987e-12	-4.004753497e-12	-4.815967771e-12	-4.808658177e-12	-4.685525420e-12	-4.452221250e-12	-4.664500917e-12	-4.034670085e-12	-4.488693866e-12	-4.922672780e-12	-4.240921220e-12	-4.819660247e-12
-4.176943429e-12	-3.534301968e-12	-4.098949302e-12	-3.921333692e-12	-4.271968157e-12	-4.190281555e-12	-4.457119432e-12	-4.202866115e-12	-4.279955962e-12	-4.399923739e-12	-4.106183540e-12	-4.013419511e-12	-4.536620692e-12	-4.123214142e-12	-3.893074950e-12	-4.075890169e-12	-4.375131403e-12	-4.101963568e-12	-4.094653974e-12	-3.850875230e-12	-4.411604019e-12	-4.448905558e-12	-4.213039262e-12	-4.703611015e-12	-4.575580077e-12	-3.993600714e-12	-4.000156742e-12	-4.008596686e-12	-3.509509632e-12	-3.808072656e-12	-3.766099005e-12	-3.607623982e-12	-4.099100016e-12	-4.353127263e-12	-4.088248659e-12	-4.091187568e-12	-3.633622025e-12	-3.763913662e-12	-3.320138385e-12	-3.654797242e-12	-3.351863532e-12	-3.528122723e-12	-3.688557018e-12	-4.112438142e-12	-3.726988907e-12	-3.461356736e-12	-3.085402438e-12	-3.762632599e-12	-3.645603731e-12	-3.954716685e-12	-3.967678028e-12	-4.058708854e-12	-3.931808266e-12	-3.961574140e-12	-3.795262026e-12	-3.959313441e-12	-3.596019059e-12	-3.557511814e-12	-3.649672990e-12	-3.565273548e-12	-4.171668464e-12	-4.359457221e-12	-4.216204241e-12	-4.283799150e-12	-4.132633722e-12	-4.626822595e-12	-4.041602896e-12	-4.522453642e-12	-4.338734144e-12	-4.313565025e-12	-3.919675846e-12	-3.695941969e-12	-4.188699066e-12	-4.231200213e-12	-4.021407315e-12	-4.295253360e-12	-4.713181309e-12	-4.344235179e-12	-4.313263598e-12	-4.737822931e-12	-4.440314900e-12	-4.092770057e-12	1.475581056e-11	1.186701361e-11	1.052121930e-11	9.748361558e-12	8.697437799e-12	8.049747442e-12	8.637453910e-12	1.621968873e-11	9.326515064e-11	5.890327447e-11	4.782788241e-11	4.080449246e-11	3.666221309e-11	3.316604158e-11	3.090360906e-11	2.810350687e-11	2.659057153e-11	2.493875389e-11	2.451615383e-11	2.269282446e-11	2.214912628e-11	2.114921897e-11	2.041140206e-11	1.941586544e-11	1.883403679e-11	1.789124981e-11	1.686421411e-11	1.637620448e-11	1.576302747e-11	-3.697298389e-12	-3.699860515e-12	-4.121782365e-12	-3.691495927e-12	-3.885463929e-12	-3.902268461e-12	-3.285097545e-12	-3.757583704e-12	-3.255557741e-12	-3.359926693e-12	-3.332647588e-12	-3.218030132e-12	-3.471755953e-12	-3.668587508e-12	-3.437016540e-12	-3.777327145e-12	-3.939645357e-12	-4.249813304e-12	-3.897822419e-12	-3.913119818e-12	-3.802571621e-12	-3.901740965e-12	-4.226678814e-12	-3.658263647e-12	-3.825555397e-12	-4.002266728e-12	-4.092091848e-12	-3.952154559e-12	-4.073328043e-12	-3.867302978e-12	-4.011837022e-12	-4.024120155e-12	-4.228185947e-12	-4.347927655e-12	-4.401883012e-12	-4.468950425e-12	-4.205126814e-12	-4.517706174e-12	-4.735411519e-12	-4.564125867e-12	-4.193672604e-12	-4.309269696e-12	-3.930150419e-12	-4.157727485e-12	-4.217862087e-12	-4.105354617e-12	-4.413035795e-12	-4.596830650e-12	-4.573168664e-12	-4.336624158e-12	-3.880339678e-12	-3.306197406e-12	-3.894657440e-12	-3.914853021e-12	-3.975289049e-12	-3.983578280e-12	-3.940851063e-12	-4.624561895e-12	-4.022462308e-12	-4.276715626e-12	-4.107464603e-12	-3.942659622e-12	-3.991038588e-12	-4.565482286e-12	-4.292540521e-12	-4.422003236e-12	-4.487262090e-12	-4.791627575e-12	-4.003999931e-12	-4.387113110e-12	-4.191261191e-12	-4.672488721e-12	-4.466011516e-12	-4.390504159e-12	-4.025702644e-12	-4.581005755e-12	-4.503840551e-12	-4.402033725e-12	-4.162927093e-12	-4.608284860e-12	-4.613032329e-12	-4.254711486e-12	-4.455084803e-12	-4.350263711e-12	-4.308214703e-12	-3.693756627e-12	-3.815834390e-12	-4.251395793e-12	-4.226904884e-12	-4.310400046e-12	-4.314620018e-12	-4.288923402e-12	-3.865795845e-12	-4.118843456e-12	-4.107992100e-12	-3.949215650e-12	-4.137908687e-12	-4.251998647e-12	-3.782300684e-12	-4.131503373e-12	-4.036855428e-12	-3.894506727e-12	-4.178224492e-12	-3.956223818e-12	-4.427579627e-12	-4.112212072e-12	-4.240770507e-12	-4.453653026e-12	-4.588993559e-12	-4.094955400e-12	-3.979885805e-12	-3.894657440e-12	-4.242126926e-12	-4.028264770e-12	-4.661562008e-12	-4.738802568e-12	-4.633378623e-12	-4.529612524e-12	-4.206257164e-12	-4.492687768e-12	-4.342200550e-12	-4.452221250e-12	-4.439561334e-12	-4.610997699e-12	-4.319216773e-12	-4.355387962e-12	-4.121405582e-12	-4.280257388e-12	-4.049213917e-12	-3.942659622e-12	-4.391031655e-12	-3.649296207e-12	-3.461658163e-12	-4.010179175e-12	-3.874838643e-12	-3.735579564e-12	-3.307101686e-12	-3.927362224e-12	-3.672204626e-12	-3.713424711e-12
-3.441537939e-12	-3.830378223e-12	-3.421568428e-12	-3.737764907e-12	-3.799331285e-12	-3.783431033e-12	-3.812744768e-12	-4.132181582e-12	-3.942961049e-12	-3.770545047e-12	-3.878832545e-12	-4.084706897e-12	-3.590668737e-12	-3.785691733e-12	-3.491725464e-12	-3.381177267e-12	-3.261134133e-12	-3.530157352e-12	-2.924591360e-12	-3.782376040e-12	-3.653139395e-12	-3.605589353e-12	-3.470700960e-12	-3.598204402e-12	-3.619756402e-12	-3.823294698e-12	-3.841907789e-12	-3.748314837e-12	-3.956902028e-12	-3.837084964e-12	-3.713123284e-12	-3.877250055e-12	-3.256688091e-12	-3.606418276e-12	-3.993826784e-12	-3.825706111e-12	-3.891191034e-12	-3.748164124e-12	-3.961122000e-12	-3.676952095e-12	-3.935726811e-12	-3.863459789e-12	-3.881093244e-12	-3.955847035e-12	-4.100456435e-12	-3.893451734e-12	-3.953963119e-12	-4.163906730e-12	-3.679514221e-12	-4.044391092e-12	-3.799858782e-12	-4.222835625e-12	-4.029470476e-12	-3.959464154e-12	-3.942885692e-12	-4.158631764e-12	-4.405424774e-12	-4.158556408e-12	-4.210024996e-12	-4.388997026e-12	-4.049666057e-12	-4.351318704e-12	-4.317784997e-12	-4.495174537e-12	-4.070313778e-12	-4.011912378e-12	-4.408589753e-12	-4.459530845e-12	-4.193069751e-12	-4.416577557e-12	-4.356066172e-12	-4.545512776e-12	-4.483343544e-12	-4.573620804e-12	-4.244086199e-12	-4.450412691e-12	-4.082672267e-12	-4.461791544e-12	-4.174456660e-12	-3.962101637e-12	-3.991792154e-12	-3.896692069e-12	1.603046820e-11	1.373495410e-11	1.206836656e-11	1.088594546e-11	1.007096335e-11	9.294639204e-12	9.449120324e-12	1.018121012e-11	2.560437913e-11	9.999532789e-11	6.509924847e-11	5.243209801e-11	4.488121155e-11	4.127434114e-11	3.695391866e-11	3.467875086e-11	3.195084034e-11	3.031047691e-11	2.858021300e-11	2.733908907e-11	2.601861460e-11	2.464463691e-11	2.378240618e-11	2.222252365e-11	2.135426439e-11	2.137189785e-11	2.018299607e-11	1.940426051e-11	1.842793983e-11	1.767927157e-11	1.720535364e-11	1.666941718e-11	1.595624190e-11	1.548699608e-11	1.545187988e-11	1.459258807e-11	3.745451285e-12	-3.783204963e-12	-3.479593044e-12	-3.823972908e-12	-4.365711823e-12	-4.211230702e-12	-4.626370455e-12	-4.543252076e-12	-4.331123123e-12	-4.178676632e-12	-3.917565860e-12	-4.129845526e-12	-3.970616937e-12	-4.060818840e-12	-4.531270370e-12	-4.529537167e-12	-5.151530908e-12	-4.870525982e-12	-4.794566485e-12	-4.992000892e-12	-4.284552717e-12	-4.345516242e-12	-4.119446310e-12	-4.590952832e-12	-4.178601275e-12	-3.856074838e-12	-3.959539511e-12	-3.889834615e-12	-3.909050559e-12	-4.385530620e-12	-4.937518038e-12	-4.234892688e-12	-4.354182256e-12	-3.989380742e-12	-4.725615155e-12	-4.152377163e-12	-4.313037528e-12	-4.094578617e-12	-4.473095041e-12	-4.198420073e-12	-4.458626565e-12	-4.219067793e-12	-4.436923851e-12	-4.701501029e-12	-4.111232435e-12	-3.995333917e-12	-4.408815823e-12	-4.614539462e-12	-4.398115180e-12	-4.986424501e-12	-4.379276019e-12	-3.932034336e-12	-4.005280994e-12	-4.014097721e-12	-4.215450674e-12	-3.946050671e-12	-4.335343095e-12	-4.054112099e-12	-4.120049163e-12	-4.214169611e-12	-4.135723345e-12	-4.257725752e-12	-3.812443341e-12	-3.730379956e-12	-3.985688266e-12	-3.555175758e-12	-3.794207033e-12	-3.782903537e-12	-3.782300684e-12	-4.512958705e-12	-3.969411231e-12	-4.171743821e-12	-4.135874058e-12	-4.503011628e-12	-4.302035458e-12	-4.681908302e-12	-4.248155458e-12	-3.974686196e-12	-4.242202283e-12	-4.339487710e-12	-4.191110478e-12	-4.161269247e-12	-4.495099181e-12	-3.724803564e-12	-3.557135031e-12	-3.879887538e-12	-3.627141353e-12	-3.412148847e-12	-3.937535371e-12	-3.960971287e-12	-4.088776155e-12	-4.048837134e-12	-3.952983483e-12	-3.876044349e-12	-4.133010505e-12	-4.043411456e-12	-4.010254532e-12	-4.283347011e-12	-4.159611401e-12	-3.850197020e-12	-3.840702083e-12	-3.619605689e-12	-3.927211510e-12	-3.367387001e-12	-3.799934138e-12	-3.742813802e-12	-3.695489829e-12	-3.882148237e-12	-4.164886366e-12	-3.954490615e-12	-4.421927879e-12	-4.448378061e-12	-4.537072831e-12	-3.927889720e-12	-4.084104043e-12	-4.058934924e-12	-4.630364357e-12	-4.309420409e-12	-4.330670983e-12	-4.138360827e-12	-4.631193280e-12	-4.615519098e-12	-4.360210788e-12	-4.712653812e-12	-4.694116078e-12	-4.947389759e-12	-4.266843905e-12	-4.715215938e-12	-4.621246203e-12	-4.103772128e-12	-4.485152104e-12	-4.278825612e-12	-3.922237972e-12
-3.241842832e-12	-3.779286418e-12	-4.124269135e-12	-4.401581585e-12	-3.846052405e-12	-4.062476687e-12	-3.973555846e-12	-4.153130729e-12	-4.406102984e-12	-3.903549524e-12	-4.118994170e-12	-4.071594840e-12	-4.588842846e-12	-4.272495654e-12	-4.196762226e-12	-4.138134757e-12	-4.129393387e-12	-4.161193890e-12	-3.747033774e-12	-3.896842783e-12	-3.905659510e-12	-3.654043675e-12	-4.378221026e-12	-4.403314788e-12	-4.308440773e-12	-4.568647265e-12	-4.260815374e-12	-4.330218843e-12	-4.480027852e-12	-4.395402340e-12	-4.169106338e-12	-4.356895095e-12	-4.507156244e-12	-4.311530395e-12	-4.341899123e-12	-4.222609555e-12	-4.677688329e-12	-4.213340688e-12	-4.467443292e-12	-4.707002064e-12	-4.426901418e-12	-3.932109692e-12	-4.427428914e-12	-3.921785832e-12	-3.937987510e-12	-4.043863595e-12	-3.996464266e-12	-4.140094030e-12	-3.877476125e-12	-4.049138561e-12	-3.750726250e-12	-3.703100851e-12	-3.748766977e-12	-4.185684800e-12	-4.206860017e-12	-3.901062755e-12	-4.145670422e-12	-4.327807431e-12	-4.052981749e-12	-3.900309188e-12	-3.630155619e-12	-4.068957358e-12	-4.124495205e-12	-4.232707346e-12	-3.556381464e-12	-3.449450386e-12	-3.246364230e-12	-3.415163113e-12	-3.511318191e-12	-3.907920209e-12	-4.154487149e-12	-4.018016266e-12	-4.069484854e-12	-2.991734130e-12	-4.080336211e-12	-3.992018224e-12	-4.001889945e-12	-3.750650893e-12	-4.143861862e-12	-3.595416206e-12	-3.773408600e-12	-3.612145381e-12	1.829418179e-11	1.637733483e-11	1.457194035e-11	1.313519057e-11	1.210642167e-11	1.107727598e-11	1.087471732e-11	1.109114160e-11	1.274122604e-11	4.135783630e-11	1.108834587e-10	7.328132218e-11	5.932286027e-11	5.181982528e-11	4.724929410e-11	4.272932722e-11	3.931853480e-11	3.669099933e-11	3.450271774e-11	3.270433142e-11	3.102772145e-11	2.964824272e-11	2.807193244e-11	2.639449354e-11	2.483958454e-11	2.402867170e-11	2.326749423e-11	2.276938682e-11	2.189464689e-11	2.075246623e-11	1.960689453e-11	1.936997324e-11	1.892084764e-11	1.776133496e-11	1.762750156e-11	1.741454368e-11	1.700098642e-11	1.599128274e-11	1.571268923e-11	1.553831396e-11	1.552806545e-11	1.465927870e-11	1.436388066e-11	2.808466771e-12	-3.344855364e-12	-3.898500629e-12	-3.898952769e-12	-3.933164685e-12	-3.273567979e-12	-3.484717296e-12	-3.803551257e-12	-3.975364406e-12	-3.993148574e-12	-4.074910533e-12	-3.637314500e-12	-3.888402839e-12	-4.081165134e-12	-3.532493408e-12	-4.185534086e-12	-3.777251788e-12	-4.125776268e-12	-3.684563116e-12	-4.003623147e-12	-3.726913550e-12	-3.880113608e-12	-4.111533862e-12	-3.893677804e-12	-4.062024547e-12	-4.177244856e-12	-4.064360603e-12	-3.642288039e-12	-4.019372686e-12	-3.552312206e-12	-4.151472883e-12	-4.195481163e-12	-4.274982423e-12	-4.243407989e-12	-3.881319314e-12	-3.884785720e-12	-3.344403224e-12	-3.286680035e-12	-3.904227734e-12	-3.755624432e-12	-3.623750304e-12	-3.440784372e-12	-3.870317244e-12	-3.207480202e-12	-3.789384208e-12	-3.551181856e-12	-3.278842944e-12	-3.382985826e-12	-3.441387225e-12	-3.209514831e-12	-3.491725464e-12	-3.480798750e-12	-3.900233832e-12	-3.484415869e-12	-3.387507225e-12	-3.076736424e-12	-3.174473992e-12	-3.150736649e-12	-3.122327194e-12	-2.983143472e-12	-3.377032651e-12	-3.725933914e-12	-3.900158475e-12	-3.520511702e-12	-3.051491949e-12	-3.645226948e-12	-3.637917353e-12	-3.464069575e-12	-3.928944713e-12	-3.547037240e-12	-3.669717857e-12	-3.537240877e-12	-4.119370953e-12	-3.679062081e-12	-3.545605464e-12	-4.174004520e-12	-3.688029522e-12	-4.126002338e-12	-3.421417715e-12	-3.974836909e-12	-3.462487086e-12	-3.460979953e-12	-3.756453355e-12	-3.931205412e-12	-3.607925409e-12	-3.875441496e-12	-4.015680211e-12	-3.629326696e-12	-3.727968543e-12	-3.983050784e-12	-4.337000941e-12	-4.230446646e-12	-4.268124968e-12	-4.279051682e-12	-4.132106226e-12	-3.832036069e-12	-3.951476350e-12	-3.748314837e-12	-3.973405133e-12	-4.041678253e-12	-4.134140855e-12	-4.013947008e-12	-3.785767089e-12	-3.594813353e-12	-4.005959203e-12	-4.029545833e-12	-3.646281941e-12	-3.641911255e-12	-4.506930174e-12	-4.082370841e-12	-3.798803789e-12	-4.056824938e-12	-4.056523512e-12	-3.774689663e-12	-3.452238582e-12	-3.648467284e-12	-3.545228681e-12	-4.003999931e-12	-3.615913213e-12	-3.704457270e-12	-3.559546443e-12	-3.739272040e-12	-3.564444625e-12	-3.975439763e-12	-4.272797080e-12	-4.103922841e-12
-2.463408698e-12	-2.799499330e-12	-2.739590798e-12	-2.760313875e-12	-2.929564898e-12	-2.623541566e-12	-2.453386264e-12	-2.774104141e-12	-2.889475164e-12	-2.818489205e-12	-3.227751139e-12	-3.039434885e-12	-3.363393099e-12	-3.163170495e-12	-2.713215973e-12	-3.344177154e-12	-3.238225713e-12	-2.844185820e-12	-2.903491499e-12	-2.697014294e-12	-2.542533174e-12	-2.989699500e-12	-2.421962543e-12	-2.765212057e-12	-3.015019333e-12	-2.742831134e-12	-2.364540780e-12	-2.836424086e-12	-2.405459438e-12	-2.199359016e-12	-2.770034883e-12	-2.639517175e-12	-3.525711310e-12	-3.084196732e-12	-2.993844116e-12	-2.821955610e-12	-2.677949063e-12	-2.565366237e-12	-2.500785593e-12	-2.889550520e-12	-3.512599254e-12	-3.522621688e-12	-3.483737659e-12	-3.228353992e-12	-2.811481037e-12	-3.292708566e-12	-3.245459951e-12	-3.207480202e-12	-3.466857771e-12	-3.213885517e-12	-3.349376763e-12	-3.481552317e-12	-3.513202107e-12	-3.393535756e-12	-3.338148623e-12	-3.434680484e-12	-3.276205461e-12	-3.425788400e-12	-3.251563839e-12	-3.575069912e-12	-3.442894358e-12	-3.503330387e-12	-3.554798975e-12	-3.188641041e-12	-2.742002211e-12	-2.884350912e-12	-3.278767587e-12	-3.488485128e-12	-3.671375703e-12	-3.205897712e-12	-3.324735140e-12	-3.380951197e-12	-3.722542865e-12	-3.491951534e-12	-3.254954888e-12	-3.239883559e-12	-3.327297266e-12	-2.650368532e-12	-2.596187105e-12	-2.489708166e-12	-2.354593703e-12	-2.627686182e-13	8.877223680e-11	-2.747201819e-12	-2.594906042e-12	-2.950966185e-12	-3.088115278e-12	-2.496942404e-12	-3.015245403e-12	-3.024664983e-12	-3.236115727e-12	-3.398660008e-12	-3.168671530e-12	-3.611843954e-12	-3.214865153e-12	-3.290975364e-12	-3.550805073e-12	-3.219914048e-12	-3.728496040e-12	-3.506796793e-12	-3.379971560e-12	-3.692776990e-12	-3.300470301e-12	-3.229182915e-12	-3.344553938e-12	-3.595792989e-12	-3.567308178e-12	-3.279370440e-12	-3.366708791e-12	-3.070331110e-12	-3.138905656e-12	-3.654495815e-12	-3.623373521e-12	-3.794659173e-12	-3.676575312e-12	-3.393686470e-12	-3.784862809e-12	-3.579968094e-12	-3.280048650e-12	-3.433474778e-12	-3.552086136e-12	-4.028415483e-12	-3.190600314e-12	-3.585770556e-12	-3.592552654e-12	-3.625031367e-12	-3.255934524e-12	-3.630607759e-12	-3.518477072e-12	-3.297305322e-12	-3.155031978e-12	-2.925194213e-12	-3.202582020e-12	-3.838215314e-12	-3.062117235e-12	-3.142899558e-12	-3.195423139e-12	-3.140262075e-12	-3.049758746e-12	-3.135966747e-12	-3.189319251e-12	-3.350733182e-12	-3.115545096e-12	-3.780567481e-12	-3.021952144e-12	-3.228655419e-12	-3.376580511e-12	-3.374696595e-12	-3.831809999e-12	-3.707320823e-12	-3.828946446e-12	-3.712897214e-12	-3.689461298e-12	-2.973874605e-12	-3.536788737e-12	-3.651330836e-12	-3.474242722e-12	-4.032560099e-12	-4.028340127e-12	-3.652461186e-12	-3.939419287e-12	-3.760824040e-12	-3.881093244e-12	-4.128715177e-12	-4.224794898e-12	-3.853814139e-12	-3.639575200e-12	-3.734976711e-12	-3.859465887e-12	-3.689084515e-12	-3.937912154e-12	-3.600540458e-12	-3.602876514e-12	-3.673636403e-12	-3.748540907e-12	-3.706190473e-12	-3.265052678e-12	-2.899422241e-12	-3.133178551e-12	-3.082915669e-12	-3.086156005e-12	-3.474318079e-12	-3.356234217e-12	-3.521491338e-12	-3.844771342e-12	-3.864665496e-12	-3.795186670e-12	-3.703854417e-12	-4.097291456e-12	-3.730681382e-12	-3.572432430e-12	-3.679740291e-12	-3.674088543e-12	-3.621866388e-12	-3.668964291e-12	-3.567308178e-12	-3.367688427e-12	-3.393837183e-12	-3.581249157e-12	-3.247042440e-12	-3.268443727e-12	-3.519004569e-12	-3.434605127e-12	-3.373340176e-12	-3.424356624e-12	-3.217201209e-12	-3.196553489e-12	-3.078544984e-12	-3.278089378e-12	-3.261736986e-12	-3.594737996e-12	-3.334531504e-12	-3.434303701e-12	-2.742303638e-12	-3.369044847e-12	-2.906957905e-12	-2.986157738e-12	-2.895579052e-12	-2.902361150e-12	-2.741550071e-12	-3.029638522e-12	-3.159025880e-12	-3.070331110e-12	-3.694058053e-12	-3.332195448e-12	-2.793395442e-12	-2.930167751e-12	-3.063172228e-12	-2.994974465e-12	-3.567383534e-12	-3.130088928e-12	-3.452163226e-12	-2.897086185e-12	-2.977491724e-12	-3.660599703e-12	-3.099569487e-12	-3.235211447e-12	-2.743433987e-12	-3.184722495e-12	-3.386753658e-12	-2.886686968e-12	-3.126095026e-12	-3.177262188e-12	-3.125793600e-12	-2.821126687e-12	-3.224134020e-12	-3.155936257e-12	-3.083367809e-12	-3.075907501e-12	-3.032276004e-12	-3.296627112e-12
-2.518343691e-12	-2.277729926e-12	-2.887591247e-12	-2.618492671e-12	-2.966414297e-12	-2.937251276e-12	-2.421962543e-12	-2.363109004e-12	-2.458510516e-12	-1.586332716e-12	-2.235831632e-12	-2.381872809e-12	-1.892280691e-12	-2.200263296e-12	-2.311414346e-12	-2.408096921e-12	-2.767623470e-12	-2.801684673e-12	-2.854961821e-12	-2.627610825e-12	-2.779153037e-12	-2.619924447e-12	-2.217972107e-12	-2.754812840e-12	-2.595885678e-12	-2.738234379e-12	-2.735446183e-12	-2.449166292e-12	-2.293027325e-12	-2.738309735e-12	-2.591590349e-12	-2.220006737e-12	-2.216615688e-12	-2.119254904e-12	-2.265220723e-12	-1.909914146e-12	-2.507266264e-12	-2.066053113e-12	-1.932295069e-12	-1.821746873e-12	-1.998985700e-12	-2.149096135e-12	-2.110136750e-12	-1.949024244e-12	-1.835763208e-12	-1.506077890e-12	-1.847368132e-12	-2.304255465e-12	-1.815567628e-12	-1.486786589e-12	-1.725667151e-12	-2.236133059e-12	-1.645336969e-12	-2.068765952e-12	-2.010063126e-12	-1.975323713e-12	-2.032594763e-12	-1.899364216e-12	-2.130407687e-12	-2.202147212e-12	-2.075849477e-12	-2.275092444e-12	-2.170045282e-12	-2.252485451e-12	-2.603421342e-12	-2.594906042e-12	-2.342461284e-12	-2.571771552e-12	-2.688122210e-12	-1.958217755e-12	-2.660390965e-12	-2.519323327e-12	-2.296343017e-12	-2.482473928e-12	-2.038397224e-12	-2.274791017e-12	-1.864775516e-12	-2.179314149e-12	-2.050605001e-12	-1.725139655e-12	-1.886026090e-12	1.008118171e-10	8.606633043e-11	-1.926944748e-12	-2.274489591e-12	-2.227467045e-12	-2.425052166e-12	-2.406439075e-12	-2.212772499e-12	-1.867036216e-12	-2.201695072e-12	-2.330328864e-12	-2.469361872e-12	-2.033574399e-12	-1.731243543e-12	-2.150678624e-12	-2.387599913e-12	-2.228748108e-12	-2.567551580e-12	-2.445323103e-12	-2.636502909e-12	-2.826853792e-12	-2.312469339e-12	-2.624295133e-12	-2.803041093e-12	-2.519624754e-12	-2.395361648e-12	-2.373809648e-12	-2.416235438e-12	-2.418646851e-12	-2.549993482e-12	-2.731000141e-12	-2.777118407e-12	-2.605606685e-12	-2.232214513e-12	-2.756169260e-12	-2.135682652e-12	-2.143821170e-12	-2.200866149e-12	-2.559337706e-12	-1.831241810e-12	-1.542927289e-12	-2.103128582e-12	-2.502217369e-12	-1.913455908e-12	-2.872143135e-12	-2.601462070e-12	-2.760841372e-12	-2.654889930e-12	-2.439219215e-12	-2.734767973e-12	-2.100943239e-12	-1.958067042e-12	-2.162358904e-12	-2.576292950e-12	-2.196269394e-12	-2.043898259e-12	-2.060024581e-12	-1.740361697e-12	-2.285943801e-12	-1.819184747e-12	-1.852869167e-12	-2.247888695e-12	-1.706752634e-12	-2.088358680e-12	-1.952038510e-12	-2.164242820e-12	-2.721053064e-12	-2.332363493e-12	-2.354442990e-12	-1.979995825e-12	-2.072910567e-12	-2.018050931e-12	-2.632961147e-12	-1.841867097e-12	-1.835009642e-12	-1.546393695e-12	-1.682412437e-12	-1.632375626e-12	-1.718056130e-12	-1.955957056e-12	-2.101093952e-12	-1.736819935e-12	-1.731771039e-12	-1.595676940e-12	-1.931541503e-12	-1.766736522e-12	-1.571110674e-12	-1.432680519e-12	-1.602383681e-12	-1.732524606e-12	-2.053694623e-12	-1.897028160e-12	-1.866810146e-12	-2.248265478e-12	-1.502988268e-12	-1.535316268e-12	-1.300052825e-12	-1.184154306e-12	-1.432529805e-12	-1.502083988e-12	-1.388521525e-12	-1.329366560e-12	-1.356193525e-12	-1.436372994e-12	-1.462973890e-12	-1.350014280e-12	-1.937871461e-12	-1.766435096e-12	-1.979845112e-12	-1.995594651e-12	-1.508413946e-12	-2.189035156e-12	-1.520169583e-12	-1.476236659e-12	-1.655962255e-12	-1.615797164e-12	-1.602986535e-12	-1.757844438e-12	-1.516929247e-12	-1.422808798e-12	-1.648878731e-12	-1.638404157e-12	-1.647522311e-12	-1.417985973e-12	-1.216633020e-12	-1.524464911e-12	-1.459055344e-12	-1.399222169e-12	-1.406833190e-12	-1.589573052e-12	-1.760481921e-12	-1.622880689e-12	-1.993484665e-12	-1.742320970e-12	-2.135984079e-12	-2.084440134e-12	-2.044877896e-12	-1.691832018e-12	-2.074643770e-12	-2.004185308e-12	-1.624538535e-12	-2.048871798e-12	-1.682412437e-12	-1.599896912e-12	-2.013981672e-12	-1.256270615e-12	-1.470283484e-12	-1.582037387e-12	-1.597033360e-12	-1.761612270e-12	-1.819636886e-12	-1.874647237e-12	-1.712027599e-12	-1.936741111e-12	-2.029429784e-12	-1.971179098e-12	-1.858294845e-12	-1.826494341e-12	-1.971706594e-12	-2.092427938e-12	-2.254821506e-12	-2.238243045e-12	-2.272530318e-12	-1.912476272e-12	-2.175395604e-12	-2.520905817e-12	-2.978622074e-12	-2.135230512e-12	-1.979468329e-12	-1.805921977e-12
-8.209352815e-13	-8.961412123e-13	-1.132082865e-12	-1.210227705e-12	-1.287920405e-12	-1.242857132e-12	-1.260189160e-12	-1.072098976e-12	-9.430130450e-13	-1.005860486e-12	-1.107365886e-12	-9.261331567e-13	-4.864271380e-13	-7.754198684e-13	-6.405314753e-13	3.210193041e-14	-8.588396735e-13	-1.374655903e-12	-1.396810756e-12	-1.287543622e-12	-1.213166614e-12	-8.731574359e-13	-1.151675593e-12	-1.335470448e-12	-8.123446240e-13	-1.102844487e-12	-1.286413272e-12	-1.233889691e-12	-1.124019704e-12	-1.532829499e-12	-1.338409357e-12	-7.193545251e-13	-1.420397386e-12	-1.558978254e-12	-1.105180543e-12	-8.124953373e-13	-7.268901895e-13	-1.050471620e-12	-1.280158671e-12	-7.993832812e-13	-1.197718502e-12	-1.219873356e-12	-1.102090921e-12	-1.128993243e-12	-1.263203426e-12	-1.468173498e-12	-1.035626361e-12	-1.122964711e-12	-1.124923984e-12	-1.069386137e-12	-1.227936517e-12	-1.420020603e-12	-8.507011559e-13	-8.736849324e-13	-1.299826755e-12	-1.043990948e-12	-8.962919256e-13	-1.474654170e-12	-1.437654057e-12	-1.208720572e-12	-1.093274193e-12	-1.294175007e-12	-1.664477556e-12	-1.478195932e-12	-1.697257696e-12	-1.247755314e-12	-1.925136188e-12	-1.495904743e-12	-1.069310781e-12	-1.503591121e-12	-1.211810195e-12	-1.433961582e-12	-1.011436878e-12	-1.225072964e-12	-1.529589163e-12	-9.531108353e-13	-7.186763153e-13	-4.671358371e-13	-4.885371241e-13	-5.073762851e-13	2.175546317e-13	1.201282872e-10	8.732968456e-11	-2.910273597e-13	-5.700730131e-13	-8.687867505e-13	-8.383426663e-13	-9.169396461e-13	-9.945569896e-13	-9.131718139e-13	-8.714242330e-13	-8.632103588e-13	-1.131932152e-12	-1.038866696e-12	-9.271127931e-13	-9.580090172e-13	-1.298621049e-12	-1.120704012e-12	-1.572241024e-12	-8.354791138e-13	-5.574884535e-13	-9.002104711e-13	-1.181366110e-12	-7.482161198e-13	-6.831079793e-13	-4.183047317e-13	-9.564265276e-13	-1.307889916e-12	-1.565911066e-12	-1.341649693e-12	-1.058911564e-12	-1.092822054e-12	-9.653939683e-13	-7.134013502e-13	-7.844626657e-13	-1.016561130e-12	-1.409621386e-12	-1.155368068e-12	-1.281289021e-12	-1.399598952e-12	-1.565684996e-12	-1.616550730e-12	-1.383924770e-12	-1.819335460e-12	-1.541043373e-12	-1.423411651e-12	-1.637801304e-12	-1.531096296e-12	-1.790021725e-12	-1.416478840e-12	-1.842545306e-12	-1.490177638e-12	-1.387466532e-12	-1.178276488e-12	-4.125776268e-13	-1.099980935e-12	-9.806160104e-13	-1.634033472e-12	-1.153408795e-12	-1.047231284e-12	-1.159437327e-12	-6.649470280e-13	-3.767078641e-13	-3.885388573e-13	-4.537223545e-13	-3.479216261e-13	-9.437666114e-13	-6.765519512e-13	-9.086504153e-13	-7.207109447e-13	-1.186113579e-12	-1.132685718e-12	-1.280761524e-12	-1.360639567e-12	-1.672239291e-12	-1.830865026e-12	-1.958594538e-12	-1.495452603e-12	-1.485580883e-12	-1.438407624e-12	-1.337279007e-12	-1.239918223e-12	-1.090636711e-12	-1.321077329e-12	-1.738703851e-12	-1.310376685e-12	-1.327105860e-12	-1.605774730e-12	-1.611803262e-12	-1.631169919e-12	-1.502762198e-12	-1.668094675e-12	-1.487766226e-12	-1.769223292e-12	-1.890321419e-12	-1.498994366e-12	-1.725365725e-12	-1.879545419e-12	-1.680302451e-12	-1.557018982e-12	-1.817602257e-12	-2.032971546e-12	-1.987983630e-12	-1.689797389e-12	-1.741492046e-12	-1.453705022e-12	-1.418136686e-12	-1.729661053e-12	-1.518737806e-12	-1.684823850e-12	-1.860480188e-12	-2.017297364e-12	-1.748500214e-12	-1.829357894e-12	-1.581660604e-12	-1.439462617e-12	-1.616776800e-12	-1.366894168e-12	-2.228522038e-12	-1.655359402e-12	-2.030484777e-12	-1.522505639e-12	-1.904337755e-12	-1.657695458e-12	-1.760481921e-12	-2.400033760e-12	-1.455362869e-12	-1.429364826e-12	-1.782938201e-12	-1.566363205e-12	-1.917449811e-12	-1.222058698e-12	-1.592511961e-12	-1.660860437e-12	-1.709766899e-12	-2.008782063e-12	-1.986551853e-12	-1.741718116e-12	-1.617982507e-12	-1.987531490e-12	-1.963040580e-12	-1.587463066e-12	-1.533507709e-12	-1.431173386e-12	-1.597033360e-12	-1.546845835e-12	-1.895445670e-12	-1.352576406e-12	-1.700648745e-12	-1.743828102e-12	-1.872386537e-12	-2.419249704e-12	-2.032444050e-12	-1.794467767e-12	-2.645168923e-12	-2.419626487e-12	-1.827850761e-12	-1.803811991e-12	-1.270588377e-12	-1.787610313e-12	-2.068841309e-12	-1.591532325e-12	-1.887910006e-12	-1.594848017e-12	-2.071328078e-12	-2.339522375e-12	-2.115788498e-12	-1.844504579e-12	-1.677514256e-12	-1.924457978e-12	-2.364013284e-12
-6.001403141e-13	-6.250080066e-13	-5.561320339e-13	-3.328502972e-13	-1.705320857e-13	-2.818338491e-14	-1.585503793e-13	-5.021766767e-13	-4.161193890e-13	-4.486734593e-13	-8.667521211e-13	-1.000962304e-12	-1.121080795e-12	-1.164486222e-12	-1.369305581e-12	-1.330572266e-12	-1.383020490e-12	-1.084080683e-12	-9.869459685e-13	-1.118744739e-12	-8.818234499e-13	-1.329291203e-12	-1.469379204e-12	-1.015732207e-12	-1.306608853e-12	-6.304336850e-13	-6.065456288e-13	-1.525972044e-12	-1.320173049e-12	-4.705268861e-13	-8.572571839e-13	-7.818251831e-13	-8.304302186e-13	-9.818217167e-13	-1.047758780e-12	-1.140146026e-12	-8.263609598e-13	-7.827294629e-13	-1.347226084e-12	-1.529061667e-12	-1.344890028e-12	-1.299751398e-12	-9.746628355e-13	-1.054088738e-12	-8.674303309e-13	-8.390208761e-13	-3.529705212e-13	-5.756494047e-13	-7.746663019e-13	-5.173233621e-13	-6.565824405e-13	-7.878537147e-13	-4.731643687e-13	-4.638955014e-13	-1.677438899e-13	-2.356402263e-13	-6.103888177e-15	-7.268901895e-13	-5.361625232e-13	-3.498808988e-13	-2.717360588e-13	-3.507851786e-13	-3.825856824e-13	-7.006660774e-13	-4.825839492e-13	-6.504031957e-13	-8.956137158e-13	-6.513828321e-13	-6.628370420e-13	-5.983317546e-13	-8.757949184e-13	-5.272704392e-13	-6.729348323e-13	-5.317164812e-13	-9.733817726e-13	-7.283973224e-13	-7.160388328e-13	-7.956154490e-13	-7.043585529e-13	8.040553932e-14	1.942845000e-12	1.374206777e-10	9.213246492e-11	6.545478112e-13	-7.238759238e-13	-1.176091145e-12	-1.301484601e-12	-7.052628327e-13	-9.927484301e-13	-1.235999677e-12	-1.040750612e-12	-9.870966818e-13	-1.068180431e-12	-9.440680380e-13	-1.534864128e-12	-3.406873882e-13	-5.993867476e-13	-3.773107173e-13	-4.986349144e-13	-8.673549743e-14	-2.314202542e-13	-2.280292052e-13	6.277208458e-14	-3.578687031e-13	-6.454296572e-13	-3.811539061e-13	-7.900390573e-13	-7.127984971e-13	-3.511619618e-13	-6.164173492e-13	-1.476387372e-12	-1.001715871e-12	-8.087275051e-13	-2.582472195e-13	-3.907995566e-13	-9.376627233e-13	-5.259893762e-13	-5.626127053e-13	-8.272652396e-13	-6.954664689e-13	-4.901949702e-13	-3.525937380e-13	-5.193579915e-13	-5.286268588e-13	-1.011512235e-12	-4.840157254e-13	-8.161878129e-13	-1.059439060e-12	-1.000811591e-12	-6.459571537e-13	-7.409818820e-13	-1.047984850e-12	-4.518384384e-13	-1.130198949e-12	-4.844678653e-13	-1.703813724e-12	-1.696202703e-12	-1.748048075e-12	-2.227391688e-12	-2.089941169e-12	-2.166352806e-12	-1.919861223e-12	-2.074568414e-12	-1.894315321e-12	-2.085645840e-12	-2.325882822e-12	-2.459414795e-12	-1.840586034e-12	-1.355892098e-12	-2.114055295e-12	-2.444418823e-12	-1.872838677e-12	-2.561899831e-12	-2.126037002e-12	-1.827700047e-12	-1.932144356e-12	-1.539084100e-12	-1.466063512e-12	-2.006898147e-12	-1.933952916e-12	-1.856636999e-12	-1.481586981e-12	-2.090091882e-12	-1.969144468e-12	-1.815718341e-12	-2.133949449e-12	-2.307646514e-12	-2.194084051e-12	-1.712931878e-12	-1.493116547e-12	-1.660785081e-12	-1.731771039e-12	-1.450313973e-12	-1.976378706e-12	-1.996725000e-12	-1.369983791e-12	-1.862288747e-12	-1.558450758e-12	-1.605322590e-12	-2.021818763e-12	-2.398225200e-12	-1.882333614e-12	-1.823706145e-12	-1.860630901e-12	-1.725968578e-12	-2.279161703e-12	-2.552706321e-12	-2.087981896e-12	-1.868166565e-12	-1.924156552e-12	-2.039075434e-12	-1.750610200e-12	-1.991223965e-12	-1.692962368e-12	-1.685125277e-12	-1.798763096e-12	-2.344797340e-12	-2.000718902e-12	-1.662518283e-12	-1.877887572e-12	-2.118049197e-12	-1.998985700e-12	-2.017372721e-12	-2.373282151e-12	-2.209456807e-12	-1.464782449e-12	-1.835612495e-12	-2.151582904e-12	-1.936288972e-12	-1.494397610e-12	-1.970877671e-12	-2.042541840e-12	-1.631848129e-12	-1.944126063e-12	-1.794392411e-12	-1.694168074e-12	-1.520621722e-12	-1.574652436e-12	-1.919484440e-12	-1.815492271e-12	-1.661764717e-12	-2.083761924e-12	-1.762441194e-12	-1.661538647e-12	-2.082179435e-12	-1.584674870e-12	-1.880223628e-12	-1.189052488e-12	-1.462597106e-12	-1.687084549e-12	-2.115562428e-12	-1.849553474e-12	-1.924457978e-12	-1.338786140e-12	-1.700573389e-12	-1.409546029e-12	-1.471489190e-12	-1.725968578e-12	-1.731771039e-12	-1.860781614e-12	-2.191747995e-12	-2.156179659e-12	-2.280367409e-12	-1.934178986e-12	-1.736819935e-12	-1.389651875e-12	-1.527705247e-12	-1.726194648e-12	-1.606679010e-12	-1.743225249e-12	-1.750836270e-12
-1.195608516e-12	-1.241123929e-12	-9.420334086e-13	-1.147832404e-12	-1.845559572e-12	-2.237866262e-12	-1.851437390e-12	-1.646241248e-12	-1.596958003e-12	-1.574803150e-12	-1.051451256e-12	-1.043689522e-12	-4.736165085e-13	-8.261348899e-13	-1.155368068e-12	-1.152127733e-12	-7.254584133e-13	-1.002695507e-12	-6.317147480e-13	-4.941135157e-13	-6.472382167e-13	-5.172480055e-13	-1.259360237e-12	-1.252879566e-12	-1.112037998e-12	-1.466364939e-12	-1.562067877e-12	-1.100207005e-12	-1.246474251e-12	-1.502008631e-12	-1.738854564e-12	-1.355666028e-12	-1.235999677e-12	-1.355289245e-12	-1.477291652e-12	-1.243459985e-12	-1.132233578e-12	-1.571261387e-12	-1.465309946e-12	-1.458527848e-12	-1.541721583e-12	-1.311431678e-12	-1.428309833e-12	-1.650988717e-12	-1.659202591e-12	-1.270588377e-12	-1.286262559e-12	-1.003750500e-12	-1.463953526e-12	-1.217160516e-12	-1.260339874e-12	-1.538631960e-12	-9.735324859e-13	-1.013772934e-12	-1.109626585e-12	-8.153588898e-13	-1.266443762e-12	-8.380412397e-13	-5.381971526e-13	-6.628370420e-13	-7.501000359e-13	-9.870966818e-13	-1.022137521e-12	-1.011361521e-12	-6.877047346e-13	-5.770811810e-13	-1.042408459e-12	-9.449723177e-13	-6.988575179e-13	-9.551454647e-13	-8.501736594e-13	-9.558990311e-13	-9.400741359e-13	-7.609513927e-13	-4.855982150e-13	-7.536417982e-13	-4.220725639e-13	-7.009675040e-13	6.895132940e-14	2.095668274e-13	2.146383296e-12	1.437453609e-10	1.167280447e-10	1.284906140e-12	5.880078944e-13	1.845484215e-13	-2.238092331e-14	-2.856016814e-14	4.215450674e-13	4.423435012e-14	-2.935141290e-13	-1.854527013e-13	-3.525183814e-13	-4.944902990e-13	-4.470156131e-13	-7.834076727e-13	-7.335969309e-13	-3.852231649e-13	-2.785181568e-13	-3.519908849e-13	-8.016439805e-13	-5.948653490e-13	-9.152817999e-13	-4.795696834e-13	-8.245524004e-13	-9.485140800e-13	-7.737620222e-13	-1.082950333e-12	-6.315640347e-13	-4.650258511e-13	-5.216186909e-13	-5.084312781e-13	-5.455067471e-13	-4.958467186e-13	-5.548509709e-13	-4.948670822e-13	-7.356315603e-13	-6.907190003e-13	-7.388718960e-13	-5.975781882e-13	-4.975799214e-13	-6.972750284e-13	-1.017314696e-12	-8.280188060e-13	-8.330677012e-13	-6.237269437e-13	-3.832638922e-13	-3.308910245e-13	-4.700747463e-13	-8.297520088e-13	-8.274913095e-13	-1.111435145e-12	-5.736147753e-13	-7.582385535e-13	-1.083703900e-12	-9.918441504e-13	-1.014149717e-12	-6.384968459e-13	-7.207109447e-13	-7.243280636e-13	-1.272321580e-12	-4.121254869e-13	-1.208343789e-12	-9.273388630e-13	-6.290772654e-13	-7.644177983e-13	-2.609600587e-13	-1.765606173e-13	-5.247083133e-13	-6.128002303e-13	-6.921507766e-13	-9.568033109e-13	-7.690145536e-13	-5.206390545e-13	-8.665260512e-13	-1.466817079e-12	-9.039029467e-13	-1.137357830e-12	-1.382568350e-12	-1.124697914e-12	-1.001941941e-12	-1.209549495e-12	-1.301333888e-12	-8.840087926e-13	-9.919195070e-13	-3.662332906e-13	-6.696191400e-13	-5.177001454e-13	-1.199602418e-12	-5.303600616e-13	-7.058656858e-13	-8.950862193e-13	-6.527392517e-13	-2.826627722e-13	-6.292279787e-13	-6.113684541e-13	-8.369108900e-13	-5.654762578e-13	-5.040605928e-13	-2.240353031e-13	-5.977289015e-13	-3.653290109e-13	-5.103905509e-13	-5.462603135e-13	-2.039150791e-13	-1.179406838e-12	-5.522134884e-13	-7.204095181e-13	-5.014231102e-13	-1.184380376e-12	-1.559505751e-12	-1.226504740e-12	-1.160416963e-12	-3.391802554e-13	-5.220708307e-13	-9.969684022e-13	-1.110983005e-12	-4.480706062e-13	-4.895167604e-13	-6.637413217e-13	-6.623095455e-13	-1.068180431e-12	-5.873296846e-13	-1.026960347e-12	-4.945656556e-13	-1.050622333e-12	-1.117388320e-12	-1.037434920e-12	-2.948705486e-13	-4.967509983e-13	-7.076742453e-13	-5.569609570e-13	-6.018735169e-13	-2.044425756e-13	-8.543936315e-13	-7.350287071e-13	-5.335250406e-13	-3.016526466e-13	-5.505556422e-13	-2.478480026e-13	-4.764047044e-13	-2.586993594e-13	-3.376731225e-13	7.739127355e-14	-6.236515870e-13	-3.220742971e-13	-2.648786042e-13	-1.561389667e-13	-8.945587228e-13	-1.605096521e-13	-6.143073632e-13	-8.919965969e-13	-8.840087926e-13	-9.002104711e-13	-4.540991377e-13	-5.945639224e-14	-8.204077849e-13	-3.755021578e-13	6.887597276e-14	-1.195156376e-13	-5.875557545e-13	-6.277962025e-13	-4.513862985e-13	-5.900425238e-14	-4.512355852e-13	-1.710595822e-14	-7.226702175e-14	-5.409853484e-13	-3.534226611e-13	-3.818321159e-13	-5.363132365e-13
-2.781112309e-12	-3.171761153e-12	-2.804774296e-12	-2.308249367e-12	-3.100699837e-12	-2.725574463e-12	-2.717511302e-12	-3.078544984e-12	-2.639366462e-12	-2.399656977e-12	-2.720600924e-12	-2.359265815e-12	-2.154597170e-12	-2.674407301e-12	-2.847200086e-12	-2.704173176e-12	-2.921501737e-12	-2.865963891e-12	-3.135665320e-12	-2.509225537e-12	-2.288581283e-12	-2.615704475e-12	-2.625199413e-12	-2.556700223e-12	-2.525201146e-12	-2.619999804e-12	-2.380214962e-12	-2.114432078e-12	-2.816077792e-12	-2.278408136e-12	-2.581341846e-12	-2.105464638e-12	-2.460620502e-12	-2.466422963e-12	-2.289786989e-12	-2.866114604e-12	-2.907786828e-12	-3.256537377e-12	-3.209364118e-12	-3.031296368e-12	-3.022027501e-12	-3.197231698e-12	-3.128129656e-12	-2.797992198e-12	-2.886913038e-12	-2.872143135e-12	-3.447114330e-12	-2.918638185e-12	-2.513445509e-12	-2.019331993e-12	-2.048042875e-12	-2.633413287e-12	-2.323622123e-12	-2.753607134e-12	-2.521207244e-12	-2.418948277e-12	-2.568983356e-12	-3.002434773e-12	-2.898065821e-12	-3.334004007e-12	-2.404555158e-12	-2.494681705e-12	-2.790305820e-12	-3.013662913e-12	-3.048703753e-12	-2.752627498e-12	-3.343272875e-12	-3.332949014e-12	-2.927680982e-12	-2.434848529e-12	-2.124982009e-12	-2.945841933e-12	-2.748256812e-12	-2.464765117e-12	-2.863929261e-12	-3.265128035e-12	-2.926324563e-12	-2.880733793e-12	-2.784503358e-12	-2.495510628e-12	-1.540139093e-12	1.010202536e-10	7.599039354e-11	-1.820541166e-12	-2.279312416e-12	-2.188658373e-12	-1.745485949e-12	-2.065676330e-12	-1.917073027e-12	-2.030032637e-12	-2.552178824e-12	-2.331082430e-12	-2.282703465e-12	-1.826192915e-12	-1.477894505e-12	-1.779245725e-12	-2.232139157e-12	-2.307797227e-12	-2.867320310e-12	-2.415029732e-12	-2.614197342e-12	-2.625048699e-12	-2.567702293e-12	-2.865813177e-12	-2.912232870e-12	-2.980430633e-12	-3.321118021e-12	-2.974477458e-12	-2.751346435e-12	-2.350449088e-12	-2.579081146e-12	-2.505608418e-12	-2.508471971e-12	-2.663179161e-12	-2.484659271e-12	-2.029128357e-12	-2.591439636e-12	-1.952415293e-12	-2.157234652e-12	-2.755415694e-12	-2.579457930e-12	-3.033783137e-12	-2.985102745e-12	-2.680209763e-12	-2.223096359e-12	-2.766568477e-12	-2.636276839e-12	-2.420380054e-12	-2.733034770e-12	-2.381345312e-12	-2.781489093e-12	-2.392573452e-12	-2.171703128e-12	-1.789117446e-12	-1.567116772e-12	-2.005767798e-12	-2.166051380e-12	-1.797255963e-12	-2.538840698e-12	-2.733788337e-12	-2.379084613e-12	-2.075924833e-12	-2.316161815e-12	-2.183760191e-12	-2.458510516e-12	-1.572693164e-12	-2.275846010e-12	-1.624990675e-12	-2.503573789e-12	-1.223189048e-12	-2.487748894e-12	-2.545773510e-12	-2.380214962e-12	-2.711633483e-12	-2.825497373e-12	-2.673879805e-12	-2.640722881e-12	-2.372302515e-12	-2.556775580e-12	-2.797916841e-12	-2.621808364e-12	-2.514952642e-12	-2.611635217e-12	-2.659562042e-12	-2.285642374e-12	-2.463785481e-12	-2.264165730e-12	-2.440349564e-12	-2.992487696e-12	-2.681114042e-12	-2.560241985e-12	-3.067392200e-12	-2.906430409e-12	-2.312243269e-12	-2.487296754e-12	-2.550445622e-12	-2.326711745e-12	-2.571093342e-12	-2.588952867e-12	-2.272756388e-12	-2.606661678e-12	-1.863795880e-12	-2.195591184e-12	-2.789552253e-12	-2.802136813e-12	-3.022856424e-12	-2.804548226e-12	-2.852399695e-12	-2.998139444e-12	-2.924666716e-12	-2.911403947e-12	-3.129184649e-12	-2.599201370e-12	-2.969729990e-12	-3.138679586e-12	-2.867546380e-12	-2.832430184e-12	-3.267162664e-12	-2.651800308e-12	-2.965962157e-12	-3.081709963e-12	-3.091657040e-12	-2.693171106e-12	-2.858051443e-12	-2.883672702e-12	-3.037550969e-12	-2.606510965e-12	-2.889023024e-12	-3.114264033e-12	-3.294441769e-12	-3.052396228e-12	-2.896784758e-12	-2.706207805e-12	-2.300110850e-12	-2.428367858e-12	-2.394155942e-12	-2.506211271e-12	-3.044333067e-12	-3.121950411e-12	-3.188942467e-12	-3.043504144e-12	-3.111325124e-12	-3.278918301e-12	-3.180577880e-12	-2.399958403e-12	-2.685936868e-12	-2.617588391e-12	-1.960101671e-12	-2.182705198e-12	-2.096421840e-12	-2.751421791e-12	-2.498600250e-12	-2.604250265e-12	-2.932955947e-12	-2.343064137e-12	-2.646600699e-12	-2.841925121e-12	-2.806507498e-12	-2.755717120e-12	-2.472526851e-12	-2.320231074e-12	-2.696185371e-12	-2.463936194e-12	-2.325732109e-12	-2.833334464e-12	-3.003037626e-12	-2.819393485e-12	-2.751195722e-12	-3.136795670e-12	-3.315466273e-12	-2.973271752e-12
-2.236811269e-12	-2.227467045e-12	-2.455646963e-12	-2.261528248e-12	-1.844278509e-12	-2.446528809e-12	-1.800194872e-12	-2.250676891e-12	-2.190617646e-12	-2.184363044e-12	-2.030484777e-12	-2.794149009e-12	-2.735898323e-12	-2.328671018e-12	-2.609902014e-12	-2.238695185e-12	-2.685409371e-12	-2.963776815e-12	-3.022630354e-12	-2.567853006e-12	-2.582924335e-12	-2.390840249e-12	-2.179540219e-12	-2.751798575e-12	-2.324752472e-12	-2.397019494e-12	-2.473054348e-12	-1.975474427e-12	-2.578704363e-12	-2.272228891e-12	-2.636578266e-12	-2.630248308e-12	-2.920823528e-12	-2.569209426e-12	-2.404178375e-12	-2.130181617e-12	-2.404630515e-12	-2.433039970e-12	-2.829189848e-12	-2.974552815e-12	-2.850591135e-12	-2.605832755e-12	-2.300487633e-12	-2.952624031e-12	-3.029789235e-12	-3.208836622e-12	-3.064754718e-12	-3.090752760e-12	-2.932277737e-12	-2.876287751e-12	-2.870862072e-12	-3.005750466e-12	-2.855866100e-12	-2.666946993e-12	-2.790305820e-12	-2.581793985e-12	-2.633187217e-12	-2.848330436e-12	-2.866039247e-12	-2.374864641e-12	-2.664008084e-12	-2.883672702e-12	-2.571244055e-12	-2.189185869e-12	-2.221287800e-12	-2.336658822e-12	-2.450070571e-12	-2.326862458e-12	-2.237866262e-12	-2.535600363e-12	-2.233646289e-12	-2.381722095e-12	-2.084364777e-12	-2.003959238e-12	-2.108931043e-12	-1.624237108e-12	-1.938474314e-12	-2.135456582e-12	-2.050680357e-12	-9.072939957e-13	7.437406887e-11	8.470041589e-11	5.546934755e-11	1.195909943e-13	-2.033046903e-12	-2.113678512e-12	-1.689872745e-12	-2.265145367e-12	-2.041110064e-12	-2.775159134e-12	-2.419551131e-12	-2.642531441e-12	-2.293931605e-12	-2.446679523e-12	-2.416989005e-12	-2.448262012e-12	-2.037342231e-12	-2.551802041e-12	-2.357155829e-12	-2.524296866e-12	-2.770034883e-12	-2.305988668e-12	-2.210361086e-12	-2.335528472e-12	-2.243216583e-12	-2.173134904e-12	-2.289636276e-12	-2.297548724e-12	-2.608394881e-12	-2.339070235e-12	-2.433944250e-12	-2.567777650e-12	-2.729191581e-12	-2.212018933e-12	-2.242613730e-12	-2.124605225e-12	-1.782184634e-12	-2.332288137e-12	-2.644716783e-12	-2.948027276e-12	-2.459640865e-12	-2.488427103e-12	-2.719319861e-12	-2.323998906e-12	-2.948404059e-12	-2.593398909e-12	-2.385640641e-12	-2.787140841e-12	-2.722936980e-12	-2.419174347e-12	-2.812988170e-12	-2.684279022e-12	-2.491215299e-12	-2.926324563e-12	-2.571093342e-12	-2.917357122e-12	-2.791210100e-12	-2.997611948e-12	-2.699048924e-12	-2.564612671e-12	-2.695808588e-12	-2.112171379e-12	-1.849704187e-12	-2.190316219e-12	-2.299809423e-12	-2.343139493e-12	-2.782694799e-12	-3.275301182e-12	-2.523015803e-12	-2.220911017e-12	-2.248868332e-12	-2.245703353e-12	-2.821352757e-12	-2.432813900e-12	-2.390614179e-12	-1.861007684e-12	-2.103128582e-12	-1.912099489e-12	-1.795824187e-12	-2.060024581e-12	-2.160851771e-12	-1.950154594e-12	-1.509016799e-12	-1.634334898e-12	-2.054598903e-12	-1.693489864e-12	-2.113301729e-12	-1.471037051e-12	-2.042315770e-12	-1.993258595e-12	-2.288882710e-12	-2.204332555e-12	-2.215937478e-12	-2.653081371e-12	-2.575614741e-12	-2.353237284e-12	-2.033725113e-12	-2.055653896e-12	-2.058065309e-12	-1.942618930e-12	-1.984215797e-12	-2.006370651e-12	-2.225357059e-12	-2.051283211e-12	-2.011268833e-12	-1.384904406e-12	-1.515723541e-12	-1.409998169e-12	-1.859349838e-12	-2.115788498e-12	-2.446001313e-12	-1.698614116e-12	-1.744807739e-12	-2.217067828e-12	-2.485111411e-12	-2.219629954e-12	-2.040883994e-12	-2.258212555e-12	-2.439822068e-12	-1.225600461e-12	-2.121289533e-12	-1.817602257e-12	-2.142464750e-12	-2.193255128e-12	-1.928753307e-12	-2.225658485e-12	-2.252033311e-12	-1.997327853e-12	-2.132593030e-12	-2.423620389e-12	-1.931089363e-12	-1.542399793e-12	-1.994690371e-12	-2.428292501e-12	-1.666135402e-12	-2.199359016e-12	-2.045480749e-12	-2.213752135e-12	-2.338768808e-12	-2.482926068e-12	-2.156933226e-12	-2.673276951e-12	-2.245778709e-12	-2.132743743e-12	-2.338316668e-12	-2.719772001e-12	-2.640572168e-12	-2.517740838e-12	-2.366650766e-12	-2.344119130e-12	-2.546753146e-12	-2.179917002e-12	-2.562276615e-12	-2.285039521e-12	-2.524899719e-12	-2.160474988e-12	-1.733805669e-12	-2.302823689e-12	-2.176902736e-12	-2.018427714e-12	-2.081199798e-12	-2.391593816e-12	-2.229803101e-12	-2.409905480e-12	-1.861911964e-12	-1.751815907e-12	-1.998307490e-12	-2.135833365e-12	-1.658449025e-12	-2.020989840e-12	-2.097778260e-12
-7.010428606e-13	-1.017766836e-12	-9.353266673e-13	-1.002092654e-12	-1.675253556e-12	-1.457849638e-12	-1.324242308e-12	-1.556416128e-12	-1.512181778e-12	-1.639459150e-12	-9.532615486e-13	-9.160353664e-13	-1.331853329e-12	-8.158863863e-13	-8.260595333e-13	-1.062604039e-12	-8.435422747e-13	-1.119573662e-12	-8.500229461e-13	-1.012190444e-12	-9.130964573e-13	-1.062151899e-12	-8.800148905e-13	-1.059137634e-12	-9.410537722e-13	-5.868775447e-13	-6.385722026e-13	-9.684835907e-13	-7.334462176e-13	-8.913183871e-13	-2.721128421e-13	5.870282580e-14	-7.179227489e-13	-8.384180229e-13	-7.607253228e-13	-5.627634186e-13	-8.643407085e-13	-9.200292685e-13	-1.370888071e-12	-1.075490025e-12	-7.197313083e-13	-8.258334633e-13	-1.143913858e-12	-1.394022560e-12	-9.130964573e-13	-1.170439397e-12	-1.156649131e-12	-1.172624740e-12	-6.468614334e-13	-8.909416039e-13	-6.752708883e-13	-7.150591964e-13	-6.115945240e-13	-1.121683648e-12	-1.091164207e-12	-1.315425580e-12	-1.231327566e-12	-1.191463901e-12	-1.261620936e-12	-1.780376075e-12	-1.574878506e-12	-1.502611485e-12	-1.804942341e-12	-1.936515042e-12	-2.081124442e-12	-1.897404943e-12	-1.909009866e-12	-1.667341109e-12	-1.865001586e-12	-1.624613891e-12	-1.880374342e-12	-1.691982731e-12	-1.131329299e-12	-1.750986984e-12	-9.904877308e-13	-8.412815754e-13	-7.124970705e-13	-5.320179078e-14	3.021801431e-14	6.836354758e-13	9.918516861e-11	9.636622726e-11	5.854088437e-11	2.261000751e-12	2.368459326e-13	-6.681873637e-13	-3.293838916e-13	7.317130148e-14	-3.196628845e-13	-5.803968733e-13	-9.517544157e-13	-6.775315876e-13	-4.403088718e-13	-3.362413462e-13	-4.263678926e-13	-3.959991650e-13	-6.990835879e-13	-3.460377100e-13	2.577197230e-13	-2.953980451e-13	-6.403054054e-13	-4.935860192e-14	-1.572693164e-13	-4.354106899e-13	5.274965091e-16	2.593022125e-13	1.889191069e-13	2.989398074e-13	-3.022554997e-13	5.339018239e-13	-2.745996113e-13	-3.040640592e-13	-5.794925936e-14	-7.113667208e-14	6.051138526e-14	-2.938909122e-15	5.742176285e-14	-4.240318367e-13	2.163489254e-13	-3.684186333e-13	1.168027984e-14	3.372209826e-13	-1.558375401e-13	-2.945691220e-13	3.097158075e-14	-4.366163962e-13	1.292366447e-13	1.105481970e-13	2.596789958e-13	3.674389969e-13	1.994690371e-13	-1.830412887e-13	2.518419048e-13	1.138638893e-13	-4.687936833e-13	-1.783691767e-13	-3.646508011e-13	-1.589271625e-13	-6.544724545e-13	3.470927030e-13	-4.966002850e-14	-1.004504067e-13	2.320984640e-14	2.613368419e-13	-8.537907783e-14	6.342768739e-13	3.369949127e-13	7.304319518e-13	2.305913311e-14	2.033122259e-13	-1.095685606e-13	-4.906471101e-13	-2.788195834e-15	-4.988609843e-14	-3.393309686e-13	-1.082121410e-13	-3.458116400e-13	1.096439172e-13	-4.838650121e-13	-3.563615702e-13	-4.564351937e-13	3.118257935e-13	8.688621071e-14	-1.281062951e-13	2.855263247e-13	4.573394734e-13	-9.005118977e-14	1.697785193e-13	2.723389120e-13	1.296134280e-14	-1.215502670e-13	-1.208720572e-13	-4.470156131e-13	-4.265186059e-13	-2.635975413e-13	-7.999861344e-13	-1.089657075e-13	-5.446778240e-13	-1.858294845e-13	-2.918562828e-13	-2.461147998e-13	-7.226702175e-14	-3.709807592e-13	-7.865726517e-13	1.408415679e-13	-2.504854852e-13	-7.927518965e-14	7.708984697e-14	-4.085837246e-13	6.691670001e-14	-5.172480055e-13	-5.761769012e-13	-6.947129025e-13	-5.596737962e-13	-5.109934040e-13	-4.211682842e-13	-1.697031626e-13	-4.205654310e-13	-1.061775116e-13	-2.406891214e-13	1.089657075e-13	6.397779089e-14	-3.905734867e-13	-1.281062951e-13	-1.341348266e-13	2.645018210e-13	-1.446094001e-13	4.221479206e-13	3.452841435e-13	6.066209855e-14	3.685693466e-13	-3.089622410e-15	4.670604805e-13	7.873262182e-13	4.472416831e-13	-1.054993018e-15	-2.227542401e-13	9.374366533e-14	-3.559847870e-13	-4.216957807e-13	7.520593087e-14	-2.210210373e-13	-6.224458807e-13	-7.108392243e-13	-3.892170671e-13	-1.929883657e-13	-3.327749406e-13	-1.773141837e-13	-3.300621014e-14	1.036153857e-13	1.275034419e-13	-4.584698231e-13	-1.957765615e-13	-1.987908273e-13	-2.492797789e-13	4.409870816e-13	-1.281816517e-13	7.822019664e-14	8.259088200e-14	2.949459052e-13	3.198135978e-13	6.480671398e-15	2.453612334e-13	-4.380481725e-13	-2.105464638e-13	-4.677386903e-13	-4.885371241e-13	5.372928728e-14	-3.577179898e-13	-4.085837246e-13	-2.855263247e-13
1.714439011e-12	1.401633581e-12	1.202164544e-12	1.041504179e-12	1.262525216e-12	1.228162586e-12	1.464405666e-12	1.400503232e-12	1.511880352e-12	1.218140153e-12	1.485505526e-12	2.307043661e-12	1.788966732e-12	1.581434534e-12	1.185661439e-12	1.981653671e-12	1.881655405e-12	1.920087293e-12	1.369004154e-12	1.602459038e-12	1.801852718e-12	2.096195771e-12	1.919635153e-12	2.001849252e-12	1.807881250e-12	1.377745525e-12	1.675404270e-12	1.880525055e-12	1.653852269e-12	1.804640914e-12	2.069368805e-12	1.934706482e-12	2.231008807e-12	2.054222120e-12	2.035835099e-12	2.273208528e-12	2.427463578e-12	2.255725786e-12	2.601989566e-12	1.972535517e-12	1.796577753e-12	2.214656415e-12	2.001020329e-12	2.382400305e-12	2.369589676e-12	1.978564049e-12	2.569962992e-12	2.554967020e-12	2.904546492e-12	2.310510067e-12	2.205688974e-12	2.403424809e-12	2.574032251e-12	2.374563214e-12	2.581643272e-12	2.224452779e-12	2.383832081e-12	2.931147388e-12	2.510958740e-12	2.440801704e-12	2.509979104e-12	1.908407013e-12	2.771768085e-12	2.486618544e-12	2.223322429e-12	2.006973504e-12	1.990244329e-12	2.306214738e-12	2.676065147e-12	2.899346884e-12	2.730698714e-12	2.213299996e-12	2.512465873e-12	1.829131824e-12	1.841490313e-12	1.953847070e-12	2.445398460e-12	2.955789010e-12	2.507492334e-12	5.890553517e-12	1.165361113e-10	1.098672743e-10	6.322399838e-11	7.347423519e-12	3.385849379e-12	2.609826657e-12	2.635824699e-12	2.605380615e-12	2.502443439e-12	2.325053899e-12	2.389634543e-12	1.906824524e-12	2.094462568e-12	1.715644718e-12	2.146458652e-12	1.677137472e-12	2.212772499e-12	1.834105362e-12	1.881127908e-12	1.824836495e-12	1.669601808e-12	2.263939660e-12	2.230858094e-12	1.834180719e-12	1.896802090e-12	2.235078066e-12	2.163413897e-12	1.661689360e-12	2.054598903e-12	1.880826482e-12	2.252786877e-12	2.070574512e-12	1.746088802e-12	2.152336470e-12	2.069820945e-12	1.573672800e-12	2.054448190e-12	2.095818987e-12	1.570055681e-12	1.539913023e-12	1.781355711e-12	1.255667762e-12	1.587990562e-12	2.178862009e-12	2.044651826e-12	1.549709387e-12	1.932445783e-12	2.074794484e-12	2.035684385e-12	1.502762198e-12	2.065148833e-12	1.355590672e-12	1.134946418e-12	1.580002758e-12	1.671410367e-12	1.015656850e-12	1.434413722e-12	1.929205447e-12	1.980824748e-12	1.845634929e-12	1.885498593e-12	1.812327292e-12	1.751363767e-12	2.451200921e-12	1.842168523e-12	2.290163773e-12	1.526348827e-12	1.812327292e-12	1.404195707e-12	1.467043148e-12	1.989566119e-12	1.852417027e-12	2.192576918e-12	2.189185869e-12	1.732901389e-12	2.096497197e-12	1.939378594e-12	1.742094900e-12	2.288731996e-12	2.114055295e-12	2.206668611e-12	2.315935745e-12	1.800873082e-12	1.815567628e-12	1.495603317e-12	1.958293112e-12	1.860781614e-12	2.102525729e-12	2.333418486e-12	1.673520353e-12	2.261226821e-12	2.431683550e-12	2.315106822e-12	2.447960585e-12	2.368534683e-12	2.581417202e-12	2.640948951e-12	2.845391527e-12	2.720299497e-12	2.106821057e-12	2.622863357e-12	2.693020392e-12	2.624973343e-12	1.959498818e-12	2.628741175e-12	3.100925907e-12	2.674934798e-12	2.792566519e-12	2.632358294e-12	2.869957793e-12	1.955580273e-12	2.040959350e-12	2.299131213e-12	2.294006961e-12	2.320984640e-12	2.033725113e-12	2.152185757e-12	2.588199300e-12	2.308324724e-12	2.569209426e-12	2.862422128e-12	2.618040531e-12	1.837571768e-12	2.520453677e-12	2.899120814e-12	2.348113032e-12	3.057972620e-12	1.834331432e-12	1.811950509e-12	1.455362869e-12	1.949551741e-12	1.614591458e-12	1.963266650e-12	1.854602369e-12	2.539971048e-12	2.007953140e-12	1.691304521e-12	1.727400354e-12	1.186867145e-12	1.558978254e-12	1.740512410e-12	2.256931493e-12	1.949250314e-12	1.367647735e-12	1.536220548e-12	1.796803823e-12	1.488067652e-12	1.831166453e-12	1.569377471e-12	1.672992857e-12	1.931842930e-12	1.899590286e-12	1.943372496e-12	2.049323938e-12	1.762064410e-12	2.164845673e-12	1.297189273e-12	1.613084325e-12	1.566589275e-12	1.559430394e-12	1.729510340e-12	1.547373331e-12	1.539536240e-12	1.279781888e-12	1.441045106e-12	1.582414171e-12	1.514442478e-12	1.123492208e-12	1.303368517e-12	1.192443537e-12	1.030125326e-12
4.295404074e-12	4.200228632e-12	4.493139908e-12	4.167975988e-12	4.395025557e-12	4.033313665e-12	4.158857834e-12	4.213114618e-12	4.249813304e-12	4.379200662e-12	4.272118871e-12	4.653800273e-12	4.666686259e-12	4.603537392e-12	4.675126204e-12	5.061931858e-12	4.433984942e-12	4.660205588e-12	5.381519386e-12	5.106542991e-12	5.722131417e-12	6.179696961e-12	5.876009685e-12	5.488525821e-12	5.635320563e-12	5.258688056e-12	5.833734607e-12	6.097332149e-12	6.421516432e-12	5.773600005e-12	6.096804652e-12	6.061311673e-12	6.044883924e-12	6.304035424e-12	6.610736965e-12	6.260705353e-12	6.622794028e-12	5.995073183e-12	6.160179590e-12	5.961313406e-12	6.394312683e-12	6.210593185e-12	5.688597711e-12	6.492351677e-12	6.148122527e-12	6.943135123e-12	7.004249361e-12	6.433799565e-12	6.867778479e-12	6.820303793e-12	7.628428445e-12	7.144864859e-12	6.896414003e-12	7.541240807e-12	6.678181162e-12	6.800183569e-12	7.277417196e-12	6.980662732e-12	7.215474035e-12	7.804235496e-12	7.084052047e-12	7.520593087e-12	7.375832974e-12	7.607931438e-12	7.695495858e-12	7.132883153e-12	7.047956215e-12	7.044489809e-12	7.255337699e-12	7.357219882e-12	7.324439742e-12	7.501904639e-12	7.705970432e-12	7.511022793e-12	7.364001980e-12	7.338983575e-12	8.237159416e-12	9.922133980e-12	1.288071119e-11	1.572226706e-10	1.478682736e-10	1.291773391e-10	8.303036195e-11	2.250782390e-11	1.068775748e-11	9.374366533e-12	7.837844559e-12	7.533102290e-12	6.960241081e-12	7.419615184e-12	6.886542283e-12	7.050216914e-12	7.149084831e-12	7.349985645e-12	7.213891545e-12	6.974332773e-12	6.565070839e-12	6.715331987e-12	6.898297919e-12	6.681421498e-12	7.004776858e-12	7.613281759e-12	7.015100718e-12	6.872149164e-12	7.241924217e-12	7.322254400e-12	7.219317224e-12	7.135445279e-12	7.000029389e-12	6.890159402e-12	6.476526782e-12	6.381803480e-12	5.944659588e-12	6.248949717e-12	6.023181211e-12	5.657400060e-12	5.838557433e-12	6.125967674e-12	5.760714019e-12	5.862144062e-12	5.301490630e-12	5.248816336e-12	4.716572358e-12	4.572791881e-12	4.809185673e-12	4.739556134e-12	5.505028926e-12	5.199985230e-12	5.188531020e-12	5.583927332e-12	5.381896169e-12	5.680911333e-12	5.481819079e-12	5.494931135e-12	5.648507976e-12	5.750088732e-12	5.710300424e-12	5.832981041e-12	5.666894997e-12	5.675937795e-12	6.510060489e-12	6.126721240e-12	6.335534501e-12	6.538997440e-12	7.013216802e-12	6.845623625e-12	6.993247291e-12	7.384122204e-12	5.608418241e-12	6.829045163e-12	6.795436100e-12	6.518575790e-12	7.145392356e-12	6.667857302e-12	6.633796098e-12	5.977665798e-12	6.562508713e-12	6.662582337e-12	6.931379486e-12	7.054060103e-12	6.247668654e-12	6.651806336e-12	6.433121355e-12	6.501771258e-12	6.539374223e-12	6.768835205e-12	6.126118387e-12	6.338398053e-12	6.341110893e-12	6.419707872e-12	6.517972936e-12	6.179772317e-12	6.613525161e-12	5.759583670e-12	6.029134386e-12	6.320086389e-12	6.103812820e-12	5.923032231e-12	5.865610468e-12	5.587092311e-12	5.843003475e-12	5.937048567e-12	6.078643701e-12	5.885655335e-12	5.572473122e-12	6.027250470e-12	5.860862999e-12	5.887087112e-12	5.230504671e-12	5.082052082e-12	5.527861989e-12	5.156278376e-12	4.987630207e-12	4.921391717e-12	5.056355466e-12	4.794867911e-12	4.561262314e-12	4.790723296e-12	4.846637926e-12	4.461339404e-12	4.599844916e-12	4.366239319e-12	4.966530346e-12	5.216111552e-12	5.050929788e-12	5.366297344e-12	5.722960341e-12	5.556798940e-12	5.097274124e-12	4.593741028e-12	5.520175611e-12	4.871053478e-12	4.959446822e-12	4.534284636e-12	4.745660022e-12	4.608134147e-12	4.777234456e-12	4.562844804e-12	5.296667805e-12	4.820639883e-12	5.449641792e-12	4.799690736e-12	4.811521729e-12	5.432083694e-12	5.111968670e-12	5.913160510e-12	5.519422045e-12	5.684528452e-12	6.129434079e-12	5.464034911e-12	5.949557770e-12	5.113626516e-12	5.447230380e-12	5.570137066e-12	5.436077596e-12	5.435022603e-12	4.959672892e-12	4.949650458e-12	5.116037929e-12	4.799163240e-12	4.978512053e-12	5.381217959e-12	5.424548030e-12	4.986273787e-12	4.977833843e-12	5.439694715e-12	5.174966824e-12	5.232916084e-12	4.436547068e-12	4.808658177e-12	5.248213482e-12
1.033199877e-11	9.491093975e-12	9.840447377e-12	9.764713950e-12	1.005031563e-11	1.015611636e-11	1.034428190e-11	1.055030697e-11	9.877070706e-12	1.089438540e-11	1.072272297e-11	1.043207239e-11	1.127621752e-11	1.170740824e-11	1.158389870e-11	1.168977478e-11	1.150273959e-11	1.130003022e-11	1.221365417e-11	1.121540471e-11	1.116921108e-11	1.116800538e-11	1.085941992e-11	1.145518955e-11	1.192564108e-11	1.141773730e-11	1.142715688e-11	1.110734328e-11	1.235012505e-11	1.280120993e-11	1.290105748e-11	1.317294425e-11	1.286466022e-11	1.264439275e-11	1.332652109e-11	1.359177648e-11	1.358386403e-11	1.368740406e-11	1.456101364e-11	1.396577151e-11	1.391573469e-11	1.387255534e-11	1.434134902e-11	1.384957156e-11	1.388920915e-11	1.403381855e-11	1.426667059e-11	1.410427702e-11	1.329622772e-11	1.317143712e-11	1.345553167e-11	1.356630593e-11	1.311499499e-11	1.305908036e-11	1.278252148e-11	1.213995537e-11	1.199451705e-11	1.221131812e-11	1.214771711e-11	1.255976724e-11	1.287453194e-11	1.289043219e-11	1.279616103e-11	1.325161659e-11	1.359313290e-11	1.422409408e-11	1.419048502e-11	1.407782683e-11	1.375635539e-11	1.318108277e-11	1.373570767e-11	1.422982119e-11	1.399003634e-11	1.343360288e-11	1.689179464e-11	4.836675777e-11	4.244884979e-11	3.839014094e-11	3.492931170e-11	3.182167905e-11	2.811345395e-11	2.727134345e-11	2.501237733e-11	2.335920327e-11	2.140588370e-11	1.959762566e-11	1.895415528e-11	1.821151555e-11	1.721062860e-11	1.641689707e-11	1.511759781e-11	1.428957901e-11	1.331762901e-11	1.300753642e-11	1.210378418e-11	1.246089932e-11	1.265057199e-11	1.564931429e-11	3.132801768e-11	1.403928191e-10	1.182292244e-10	9.025932482e-11	7.756368955e-11	6.523406150e-11	5.879031486e-11	5.418828460e-11	5.013153502e-11	4.642014494e-11	4.436727924e-11	4.218442333e-11	3.997232904e-11	3.839345663e-11	3.698941164e-11	3.502064395e-11	3.419586548e-11	3.369195560e-11	3.257939011e-11	3.206628672e-11	3.144625225e-11	3.181188269e-11	3.081416072e-11	1.305810073e-11	1.237182777e-11	1.217032410e-11	1.210076992e-11	1.207220975e-11	1.178351845e-11	1.229436114e-11	1.253798917e-11	1.209406318e-11	1.226075207e-11	1.214093501e-11	1.130425019e-11	1.173476270e-11	1.132587755e-11	1.108383201e-11	1.176754284e-11	1.133168001e-11	1.189278558e-11	1.144004286e-11	1.186512969e-11	1.130733981e-11	1.037193779e-11	1.088134870e-11	1.076997158e-11	1.070448666e-11	1.085097998e-11	1.107056924e-11	1.104125550e-11	1.054043524e-11	1.029906791e-11	9.997113841e-12	1.035400291e-11	1.112331889e-11	1.100237147e-11	1.119641483e-11	1.152293517e-11	1.104570154e-11	1.059506881e-11	1.036281963e-11	1.069506708e-11	1.014624464e-11	1.082083732e-11	9.955592330e-12	1.051812968e-11	1.040916397e-11	1.091005958e-11	1.075474954e-11	1.078157651e-11	1.063319927e-11	1.086695558e-11	1.105647754e-11	1.100613931e-11	1.162074810e-11	9.811284356e-12	1.220822849e-11	1.234311689e-11	1.205359666e-11	1.242751633e-11	1.200830732e-11	1.146867839e-11	1.222314911e-11	1.237378704e-11	1.168419839e-11	1.272969647e-11	1.260754335e-11	1.271982475e-11	1.246044718e-11	1.360458711e-11	1.313843091e-11	1.302192954e-11	1.313986269e-11	1.379742476e-11	1.385371618e-11	1.171245713e-11	1.400495696e-11	1.421211237e-11	1.373080949e-11	1.464300167e-11	1.460125409e-11	1.458075708e-11	1.485972737e-11	1.487615512e-11	1.357135483e-11	1.427910443e-11	1.448083417e-11	1.504133689e-11	1.477005297e-11	1.504653650e-11	1.485460312e-11	1.515294008e-11	1.528127244e-11	1.448904804e-11	1.479718136e-11	1.516680570e-11	1.506884206e-11	1.499521862e-11	1.497283770e-11	1.553160721e-11	1.460992010e-11	1.515821504e-11	1.558028761e-11	1.575609466e-11	1.576671994e-11	1.528443742e-11	1.475385129e-11	1.598502814e-11	1.510689717e-11	1.421610628e-11	1.472152329e-11	1.428475618e-11	1.387722745e-11	1.355296781e-11	1.302788271e-11	1.310354078e-11	1.347640546e-11	1.303255482e-11	1.396901184e-11	1.354837105e-11	1.395070018e-11	1.468994886e-11	1.478218539e-11	1.473651926e-11	1.441911708e-11	1.374475047e-11	1.413660502e-11	1.411859478e-11	1.414549710e-11	1.464367988e-11	1.410088597e-11	1.464194667e-11
3.004032334e-11	2.991485453e-11	3.085402438e-11	3.058221297e-11	3.107368900e-11	2.993693402e-11	3.097971927e-11	2.981975444e-11	3.110669521e-11	3.088183099e-11	2.963528138e-11	3.037701683e-11	2.740819112e-11	2.908216361e-11	2.881268825e-11	2.774360354e-11	2.861352064e-11	2.902775611e-11	2.914568926e-11	2.908630823e-11	2.898344641e-11	2.871698531e-11	2.834623062e-11	2.806582855e-11	2.809702620e-11	2.856672416e-11	2.790509283e-11	2.797359202e-11	2.913611897e-11	2.806085501e-11	2.803583661e-11	2.785603565e-11	2.731241282e-11	2.718264868e-11	2.712673405e-11	2.736290177e-11	2.674022982e-11	2.680021371e-11	2.710352420e-11	2.793990760e-11	2.776967694e-11	2.634310031e-11	2.629713276e-11	2.715597243e-11	2.552924855e-11	2.574876246e-11	2.542156391e-11	2.473438667e-11	2.464923366e-11	2.493875389e-11	2.455187288e-11	2.369582140e-11	2.457696664e-11	2.423816317e-11	2.483295316e-11	2.603202808e-11	2.538041918e-11	2.515547960e-11	2.491855831e-11	2.484274952e-11	2.546007115e-11	2.544756195e-11	2.528456553e-11	2.571899658e-11	2.557672324e-11	2.471215646e-11	2.562698612e-11	2.578274830e-11	2.518803367e-11	2.566835692e-11	2.542894886e-11	2.628047894e-11	2.725642284e-11	2.838639571e-11	3.039615741e-11	3.337764304e-11	4.020548250e-11	2.249439535e-10	2.262774647e-10	2.204499847e-10	1.932290548e-10	1.631693648e-10	1.238362108e-10	7.380271480e-11	4.640959501e-11	3.811516455e-11	3.557896133e-11	3.438448316e-11	3.286574536e-11	3.191353880e-11	3.023549705e-11	2.839438352e-11	3.021364362e-11	3.036684368e-11	2.866672243e-11	3.116946730e-11	3.218135631e-11	3.177209438e-11	3.241842832e-11	3.229695341e-11	3.288511201e-11	3.253636146e-11	3.329414788e-11	3.548009341e-11	3.527949403e-11	3.484981044e-11	3.601911949e-11	3.620201006e-11	3.705188230e-11	3.684804257e-11	3.773159923e-11	3.772828353e-11	3.929818850e-11	3.835216119e-11	3.785314949e-11	3.813453120e-11	3.893398984e-11	3.882042738e-11	4.018634191e-11	3.928078112e-11	3.905817759e-11	4.072144944e-11	3.905086800e-11	3.977866246e-11	3.939494643e-11	3.985944479e-11	3.866775482e-11	3.861711515e-11	3.936932517e-11	4.031866818e-11	3.981257295e-11	4.035890862e-11	4.126868939e-11	4.058000502e-11	4.019764541e-11	3.982003326e-11	3.942177340e-11	3.853527784e-11	3.835306547e-11	3.807808908e-11	3.807138233e-11	3.795706631e-11	3.804772035e-11	3.860799700e-11	3.858501322e-11	3.741148420e-11	3.661534126e-11	3.635814903e-11	3.554497548e-11	3.646168906e-11	3.569975803e-11	3.476345173e-11	3.502071931e-11	3.481529710e-11	3.476669206e-11	3.586825549e-11	3.570774583e-11	3.602386696e-11	3.643132033e-11	3.654752028e-11	3.666575485e-11	3.597398086e-11	3.719943061e-11	3.631572324e-11	3.650230629e-11	3.649160565e-11	3.729061214e-11	3.612461879e-11	3.643169711e-11	3.660923737e-11	3.537180591e-11	3.501227937e-11	3.528929039e-11	3.594135143e-11	3.702987816e-11	3.555612827e-11	3.471801167e-11	3.374025921e-11	3.373129177e-11	3.281774317e-11	3.307998430e-11	3.253447755e-11	3.186199486e-11	3.205626428e-11	3.143042736e-11	3.164074775e-11	3.120375457e-11	3.015290617e-11	3.041981940e-11	2.893325888e-11	2.993746152e-11	2.967167864e-11	2.996481598e-11	2.934432937e-11	2.914350392e-11	2.727880376e-11	2.701249338e-11	2.725167537e-11	2.731595458e-11	2.629366635e-11	2.646314344e-11	2.638017578e-11	2.726501349e-11	2.704271139e-11	2.618424850e-11	2.590693605e-11	2.592683021e-11	2.673947626e-11	2.666931922e-11	2.637459939e-11	2.562600648e-11	2.617030752e-11	2.574537141e-11	2.679976157e-11	2.584823323e-11	2.603172665e-11	2.534454942e-11	2.490582303e-11	2.508230829e-11	2.531191999e-11	2.472308317e-11	2.494244636e-11	2.510024318e-11	2.490228127e-11	2.452301128e-11	2.428081503e-11	2.426363371e-11	2.458096054e-11	2.478668418e-11	2.444569536e-11	2.478909559e-11	2.499316138e-11	2.307593764e-11	2.380267712e-11	2.461984457e-11	2.503430611e-11	2.503837537e-11	2.527190561e-11	2.506286628e-11	2.570279490e-11	2.636186411e-11	2.607204246e-11	2.630836090e-11	2.630918982e-11	2.639931636e-11	2.663216839e-11	2.613903452e-11	2.643526148e-11	2.637949757e-11	2.627769074e-11	2.599555547e-11
4.710008794e-11	4.889689176e-11	4.608699322e-11	4.626724631e-11	4.500148076e-11	4.471829049e-11	4.316835503e-11	4.365568645e-11	4.573763981e-11	4.282623587e-11	4.117600072e-11	4.206174271e-11	4.100893504e-11	4.082250270e-11	4.362411202e-11	4.271840051e-11	4.064398281e-11	4.257537360e-11	4.211524593e-11	4.133862036e-11	4.437556847e-11	4.270039027e-11	4.374031196e-11	4.433781479e-11	4.153567798e-11	4.089650292e-11	4.245638546e-11	4.308342809e-11	4.482718084e-11	4.414113395e-11	4.637304704e-11	4.666264262e-11	4.542182012e-11	4.705796358e-11	4.550501385e-11	4.577418779e-11	4.680250455e-11	4.792049573e-11	5.129828194e-11	5.185087222e-11	5.013876926e-11	5.035217928e-11	5.155479596e-11	5.195004156e-11	4.978429161e-11	5.077372434e-11	5.097786549e-11	5.193775843e-11	5.229758640e-11	5.247173561e-11	5.479513166e-11	5.588539159e-11	5.413651459e-11	5.311716526e-11	5.312809198e-11	5.418949031e-11	5.279298098e-11	5.580498605e-11	5.636631769e-11	5.574078219e-11	5.587559522e-11	5.639857033e-11	4.624652323e-11	5.286743335e-11	5.774346036e-11	5.534960585e-11	5.519859113e-11	5.511298598e-11	6.022879784e-11	5.921050351e-11	6.358970417e-11	6.484439230e-11	6.842179827e-11	7.153967942e-11	1.339584167e-10	2.595420727e-10	2.643008448e-10	2.670582951e-10	2.561766450e-10	2.395570386e-10	2.222024788e-10	1.931225005e-10	1.610817597e-10	1.097809910e-10	9.163496036e-11	7.494338832e-11	6.828947200e-11	6.177225263e-11	6.042713653e-11	4.741960011e-11	5.599209660e-11	5.503574542e-11	5.569918532e-11	5.457735096e-11	5.344677523e-11	5.470862223e-11	5.454140584e-11	5.321693746e-11	5.438715079e-11	5.302937477e-11	5.542805211e-11	5.436499593e-11	5.474049809e-11	5.558162895e-11	5.628960463e-11	5.625200166e-11	5.934509048e-11	5.827743754e-11	6.266816777e-11	6.389972141e-11	6.671414135e-11	6.313635860e-11	6.437959252e-11	6.612809273e-11	6.615348792e-11	6.386046059e-11	6.402858127e-11	6.609131869e-11	6.638837458e-11	6.422043928e-11	6.555915007e-11	6.371102837e-11	6.613932087e-11	6.528959935e-11	6.787139334e-11	6.586125485e-11	6.620239438e-11	6.551069575e-11	6.506330335e-11	6.774064956e-11	6.415442686e-11	6.617971203e-11	6.375285131e-11	5.303992470e-11	6.525380495e-11	6.059186615e-11	6.151053900e-11	5.960785910e-11	5.936084002e-11	5.741927608e-11	5.904434211e-11	6.005231258e-11	5.699953957e-11	5.820615016e-11	5.651469492e-11	5.593821659e-11	5.485210128e-11	5.406289115e-11	5.262787457e-11	5.250956464e-11	5.225877773e-11	5.226277163e-11	5.056528787e-11	4.960629921e-11	4.895657423e-11	4.848454021e-11	4.869327811e-11	4.720129191e-11	4.725479513e-11	4.595323517e-11	4.636031177e-11	4.626038886e-11	4.721530825e-11	4.555527674e-11	4.602738611e-11	4.761062921e-11	4.753836218e-11	4.869651845e-11	4.963870257e-11	5.018729894e-11	4.954917888e-11	5.179126511e-11	5.185667468e-11	5.368942362e-11	5.455662788e-11	5.225711988e-11	5.308596761e-11	5.419860846e-11	5.499023001e-11	5.664845297e-11	5.761791619e-11	5.708717935e-11	5.788384979e-11	5.860780107e-11	5.662539383e-11	5.697791221e-11	5.800833897e-11	5.552413183e-11	5.519866649e-11	5.392491313e-11	5.353901176e-11	5.387404740e-11	5.515917961e-11	5.331158541e-11	5.294663318e-11	5.483296069e-11	5.421277551e-11	5.281679368e-11	5.263134098e-11	5.331987464e-11	5.114824687e-11	5.129240413e-11	5.061133078e-11	5.204039418e-11	4.986612892e-11	4.916636712e-11	4.969295935e-11	4.921926749e-11	5.106731383e-11	5.098841542e-11	5.043944227e-11	5.080891590e-11	5.133369957e-11	5.196330433e-11	5.257580313e-11	5.344112348e-11	5.213270606e-11	5.323788661e-11	5.429951101e-11	5.302304482e-11	5.446393921e-11	5.337729640e-11	5.199977694e-11	5.351964510e-11	5.438828114e-11	5.693850069e-11	5.565261491e-11	5.419966346e-11	5.384352796e-11	5.370637886e-11	5.418361249e-11	5.378904510e-11	5.343456745e-11	5.348272034e-11	5.407170788e-11	5.340223945e-11	5.493213004e-11	5.271099295e-11	5.355950877e-11	5.310653998e-11	5.242637091e-11	5.274625986e-11	5.152668793e-11	5.220437023e-11	5.224378176e-11	4.992897636e-11	5.001970576e-11	4.994728803e-11	4.821378379e-11	4.847444242e-11	4.708320805e-11
1.095109881e-10	1.089956994e-10	1.095380412e-10	1.100112055e-10	1.140429367e-10	1.097844574e-10	1.115856319e-10	1.124961662e-10	1.132186104e-10	1.166963949e-10	1.183340455e-10	1.118040155e-10	1.135889129e-10	1.138876267e-10	1.164324205e-10	1.155377865e-10	1.195662019e-10	1.161570674e-10	1.091304371e-10	1.109485668e-10	1.085951035e-10	1.108145074e-10	1.117016811e-10	1.106833868e-10	1.099751097e-10	1.112456981e-10	1.109482654e-10	1.146966556e-10	1.134954707e-10	1.158499137e-10	1.126668490e-10	1.160310711e-10	1.131126589e-10	1.103214488e-10	1.103069050e-10	1.113459978e-10	1.135356358e-10	1.157310763e-10	1.172937470e-10	1.182579352e-10	1.189862572e-10	1.171548647e-10	1.188586031e-10	1.232250684e-10	1.246964069e-10	1.233938673e-10	1.219463415e-10	1.233936413e-10	1.214287921e-10	1.192808263e-10	1.164125264e-10	1.188103748e-10	1.218554614e-10	1.194339510e-10	1.212640625e-10	1.202600106e-10	1.199973927e-10	1.206495291e-10	1.194680876e-10	1.189784955e-10	1.205572172e-10	1.211389705e-10	1.155038760e-10	1.186635047e-10	1.224350294e-10	1.205135103e-10	1.238239277e-10	1.242518027e-10	1.290241390e-10	1.341627086e-10	1.443810695e-10	1.991982053e-10	3.056177625e-10	3.193955945e-10	3.253990323e-10	3.320093171e-10	3.331048520e-10	3.267749692e-10	3.112965638e-10	2.997852336e-10	2.763640871e-10	2.526187564e-10	2.164772577e-10	1.882129398e-10	1.660153592e-10	1.562245718e-10	1.461968632e-10	1.386508749e-10	1.380245859e-10	1.350062508e-10	1.290787726e-10	1.365324489e-10	1.314107593e-10	1.362523483e-10	1.388128164e-10	1.159267021e-10	1.324086320e-10	1.328795356e-10	1.324419396e-10	1.335477983e-10	1.324541474e-10	1.336982856e-10	1.163022796e-10	1.305680459e-10	1.266231256e-10	1.263766340e-10	1.259165817e-10	1.206933113e-10	1.237646220e-10	1.213669243e-10	1.184347973e-10	1.205756795e-10	1.125110868e-10	1.231772923e-10	1.259513965e-10	1.128073892e-10	1.219611868e-10	1.201660408e-10	1.189289862e-10	1.200861628e-10	1.176076828e-10	1.210732595e-10	1.169940536e-10	1.204869848e-10	1.248939920e-10	1.245864616e-10	1.234710325e-10	1.226810688e-10	1.224729338e-10	1.166951892e-10	1.181476885e-10	1.163443286e-10	1.186940995e-10	1.197745631e-10	1.185338913e-10	1.171858363e-10	1.198000336e-10	1.165590951e-10	1.183371351e-10	1.183294487e-10	1.157898544e-10	1.171559197e-10	1.150132289e-10	1.200906088e-10	1.237162430e-10	1.259300705e-10	1.265585450e-10	1.280477430e-10	1.289487823e-10	1.308970530e-10	1.300831259e-10	1.333364230e-10	1.340783845e-10	1.340877287e-10	1.328591140e-10	1.342803403e-10	1.337566116e-10	1.317986199e-10	1.331380843e-10	1.357700658e-10	1.372980725e-10	1.362865602e-10	1.351562859e-10	1.346947265e-10	1.357311064e-10	1.331467503e-10	1.293045411e-10	1.306365451e-10	1.279169992e-10	1.293601543e-10	1.289884953e-10	1.277867075e-10	1.224773798e-10	1.178719585e-10	1.216000024e-10	1.210171941e-10	1.231505407e-10	1.052566534e-10	1.266354087e-10	1.244502168e-10	1.210299294e-10	1.195915218e-10	1.207598512e-10	1.225412069e-10	1.210108642e-10	1.228425581e-10	1.255864442e-10	1.193476677e-10	1.227066147e-10	1.214359510e-10	1.188669676e-10	1.200473541e-10	1.179396288e-10	1.182960657e-10	1.142483589e-10	1.138624575e-10	1.115238395e-10	1.115502143e-10	1.124680582e-10	1.098342681e-10	1.109794631e-10	1.134906479e-10	1.151356080e-10	1.125366327e-10	1.155851858e-10	1.159762114e-10	1.169979722e-10	1.187486577e-10	1.196798398e-10	1.214424317e-10	1.239038057e-10	1.253531401e-10	1.250150902e-10	1.226850627e-10	1.225777549e-10	1.229935728e-10	1.235257415e-10	1.234267982e-10	1.246514944e-10	1.241162361e-10	1.252926287e-10	1.256894568e-10	1.227042787e-10	1.214256271e-10	1.212440176e-10	1.182763223e-10	1.181779818e-10	1.142174627e-10	1.130828931e-10	1.075285055e-10	1.071051519e-10	1.029675446e-10	1.018843682e-10	1.010363046e-10	9.873370695e-11	9.906075479e-11	9.919926030e-11	9.546066647e-11	9.278769094e-11	9.248234582e-11	8.907208089e-11	9.085554659e-11	8.792914667e-11	9.036459805e-11	9.234677922e-11	9.248415438e-11	9.248829900e-11	9.348195171e-11	9.636419263e-11	9.780064098e-11	9.653269009e-11
1.346623985e-10	1.441528142e-10	1.424319699e-10	1.445308785e-10	1.443681082e-10	1.426621091e-10	1.422557861e-10	1.274326820e-10	1.515119934e-10	1.481085106e-10	1.540308646e-10	1.438657054e-10	1.301656414e-10	1.458649925e-10	1.294106432e-10	1.255608230e-10	1.350864303e-10	1.285716977e-10	1.462135924e-10	1.474072416e-10	1.416275377e-10	1.410842163e-10	1.347837227e-10	1.377496848e-10	1.482929836e-10	1.350106969e-10	1.367111196e-10	1.375855580e-10	1.426723576e-10	1.335667882e-10	1.405180619e-10	1.341850141e-10	1.447396164e-10	1.254831303e-10	1.293804252e-10	1.275238636e-10	1.349690247e-10	1.192316938e-10	1.208489227e-10	1.392932903e-10	1.315819696e-10	1.259920137e-10	1.500976999e-10	1.403383363e-10	1.468463621e-10	1.572571086e-10	1.470128249e-10	1.516216373e-10	1.518485362e-10	1.493549094e-10	1.485588419e-10	1.400178445e-10	1.375692057e-10	1.463831448e-10	1.488187469e-10	1.398789622e-10	1.511062732e-10	1.595389831e-10	1.330955831e-10	1.292775634e-10	1.371187990e-10	1.265571132e-10	1.417204525e-10	1.386897590e-10	1.025503703e-10	9.610805540e-11	9.363688497e-11	8.608313496e-11	8.535767654e-11	7.675594168e-11	7.071859342e-11	6.245377812e-11	5.804044090e-11	5.028413223e-11	4.609528245e-11	4.222202629e-11	4.264892168e-11	4.065920485e-11	3.646146299e-11	3.275346396e-11	3.175905768e-11	2.626977829e-11	2.590384643e-11	2.524281795e-11	2.363312467e-11	2.053800123e-11	1.736239688e-11	1.574087261e-11	1.778318838e-11	1.508127591e-11	1.476801834e-11	1.391339864e-11	1.228855868e-11	1.176965282e-11	1.151841377e-11	1.112716208e-11	1.051436185e-11	1.063334999e-11	1.022717768e-11	1.054608699e-11	1.217371515e-11	1.961955445e-11	1.066624316e-10	1.377698804e-10	9.541582927e-11	7.733121430e-11	6.947015990e-11	6.394817573e-11	5.707971904e-11	5.156504446e-11	4.686610556e-11	4.609588530e-11	4.957442335e-11	4.844354619e-11	4.576461749e-11	3.840913081e-11	4.153801404e-11	3.919314134e-11	3.854763633e-11	3.947052915e-11	3.778216353e-11	4.013306476e-11	3.891175963e-11	3.725059777e-11	4.250182551e-11	4.760610781e-11	6.552516422e-11	1.408187349e-10	1.554952702e-10	1.405278582e-10	1.248746254e-10	1.158330338e-10	1.069045525e-10	9.425503552e-11	9.120452321e-11	1.450231835e-10	1.242031223e-10	1.336649026e-10	1.421120810e-10	1.461680016e-10	1.281963463e-10	1.211374633e-10	1.338251108e-10	1.220299874e-10	1.203526239e-10	1.213868185e-10	1.261104743e-10	1.325601742e-10	1.405202472e-10	1.554097404e-10	1.527121987e-10	1.436916316e-10	1.416333402e-10	1.473654187e-10	1.498240799e-10	1.401086492e-10	1.499258114e-10	1.518239699e-10	1.517284930e-10	1.345795062e-10	1.385560763e-10	1.510007739e-10	1.271557464e-10	1.450769881e-10	1.419273818e-10	1.327469833e-10	1.439598259e-10	1.553471191e-10	1.562303743e-10	1.524326255e-10	1.542377939e-10	1.588391460e-10	1.595667897e-10	1.589450221e-10	1.584539982e-10	1.700213938e-10	1.768127606e-10	1.450793995e-10	1.621910849e-10	1.646975222e-10	1.689084515e-10	1.744253867e-10	1.688544208e-10	1.639166767e-10	1.705729290e-10	1.695651846e-10	1.507135144e-10	1.717818757e-10	1.624336579e-10	1.582763825e-10	1.421437307e-10	1.383492976e-10	1.277708826e-10	1.319308708e-10	1.389811631e-10	1.423664096e-10	1.491763896e-10	1.602703194e-10	1.591908354e-10	1.554236061e-10	1.575337428e-10	1.521183883e-10	1.576707412e-10	1.560932252e-10	1.416096028e-10	1.459795346e-10	1.475092745e-10	1.372595652e-10	1.471351288e-10	1.479430274e-10	1.461938489e-10	1.398142308e-10	1.409530204e-10	1.380679913e-10	1.474920178e-10	1.444808417e-10	1.537800023e-10	1.494326021e-10	1.509887922e-10	1.401638856e-10	1.417203018e-10	1.467857000e-10	1.434397897e-10	1.431569008e-10	1.459458502e-10	1.466006241e-10	1.408581464e-10	1.446242454e-10	1.476563707e-10	1.560720500e-10	1.507109523e-10	1.527089583e-10	1.612271980e-10	1.567950216e-10	1.648899077e-10	1.543182748e-10	1.667855795e-10	1.623390099e-10	1.681839727e-10	1.590775744e-10	1.683468938e-10	1.614366895e-10	1.559046829e-10	1.581361438e-10	1.690852382e-10	1.568553070e-10	1.657910978e-10	1.656033091e-10	1.483255377e-10	1.517682060e-10	1.507656612e-10
1.890717041e-10	1.868314264e-10	1.919135539e-10	1.805070447e-10	1.948936831e-10	1.938764437e-10	1.984518731e-10	2.022170678e-10	1.972952240e-10	1.948162164e-10	1.960714321e-10	1.944237590e-10	1.949650458e-10	2.001673671e-10	1.987829148e-10	1.989299357e-10	1.886855767e-10	1.949197565e-10	1.951528346e-10	1.921426381e-10	2.008949355e-10	2.004284779e-10	2.050614044e-10	1.996501191e-10	2.018529445e-10	2.072386085e-10	2.096965915e-10	2.041751349e-10	2.102718642e-10	2.119373214e-10	2.125306042e-10	2.077950420e-10	2.096441433e-10	2.068143506e-10	2.064625858e-10	2.086189162e-10	2.061101428e-10	2.087394114e-10	2.070653636e-10	2.073643034e-10	2.149163956e-10	2.120827597e-10	2.085726472e-10	2.077889381e-10	2.008623814e-10	2.008361573e-10	1.928152715e-10	1.830213945e-10	1.774005424e-10	1.576005842e-10	1.387701645e-10	1.230219823e-10	1.105831625e-10	9.872692485e-11	8.973748006e-11	8.953092750e-11	7.905386719e-11	7.512160678e-11	7.072680730e-11	6.690079976e-11	6.632175931e-11	6.366174512e-11	5.870237366e-11	5.703638897e-11	5.219969812e-11	4.923599666e-11	4.705864179e-11	4.320633478e-11	4.081165134e-11	3.837815923e-11	3.430822224e-11	3.210140291e-11	2.971478264e-11	2.742499565e-11	2.641009236e-11	2.338557809e-11	2.148900207e-11	1.899854034e-11	1.802862497e-11	1.565571961e-11	1.426682130e-11	1.361347919e-11	1.244620478e-11	1.136227481e-11	1.116152471e-11	9.695611907e-12	9.209260126e-12	8.430072425e-12	7.908529091e-12	7.549605395e-12	7.478242653e-12	6.658739148e-12	6.436437047e-12	6.111122415e-12	6.044808568e-12	5.319953008e-12	5.498698968e-12	4.671659798e-12	5.157408726e-12	5.118901481e-12	5.654536508e-12	7.239512804e-12	1.609045209e-11	7.899222546e-11	8.102120310e-11	5.861609030e-11	4.889048645e-11	4.161924850e-11	4.026094499e-11	3.484506297e-11	3.318902536e-11	2.981078700e-11	2.677255782e-11	2.638597824e-11	2.477952530e-11	2.457553486e-11	2.348022604e-11	2.240255067e-11	2.227127940e-11	2.204664124e-11	2.293713071e-11	2.418827707e-11	2.690774764e-11	3.283394485e-11	3.319241641e-11	5.697346617e-11	8.252599993e-11	9.808767444e-11	1.108971736e-10	1.033930083e-10	1.004135573e-10	9.775407058e-11	9.589457003e-11	9.087468718e-11	8.563679755e-11	1.865052075e-10	1.819065683e-10	1.886622161e-10	1.734978218e-10	1.916257668e-10	1.844236309e-10	1.832103890e-10	1.865964644e-10	1.868623980e-10	1.836929729e-10	1.777841831e-10	1.764224885e-10	1.802916001e-10	1.794783512e-10	1.828977343e-10	1.774821537e-10	1.914002998e-10	1.818483930e-10	1.741470193e-10	1.767194691e-10	1.722871420e-10	1.773382978e-10	1.729584943e-10	1.779768700e-10	1.744655518e-10	1.727976832e-10	1.708225102e-10	1.667327544e-10	1.715891134e-10	1.633800620e-10	1.667760092e-10	1.643122237e-10	1.674969462e-10	1.681209745e-10	1.648092007e-10	1.700763287e-10	1.670616862e-10	1.723328081e-10	1.833908681e-10	1.827599069e-10	1.839172343e-10	1.892368859e-10	1.933937844e-10	1.964790362e-10	2.005088081e-10	2.005521381e-10	1.775933047e-10	2.059680201e-10	1.888674122e-10	2.025931728e-10	2.058137651e-10	2.069189456e-10	1.977664291e-10	1.529752687e-10	1.992596963e-10	2.033147881e-10	2.038338446e-10	1.939952058e-10	1.627796956e-10	1.903769565e-10	1.892527861e-10	1.957180094e-10	1.947382977e-10	1.887509862e-10	1.887503080e-10	1.754621435e-10	1.823400951e-10	1.860811757e-10	1.821348236e-10	1.826499616e-10	1.786695483e-10	1.786187579e-10	1.818467351e-10	1.778753646e-10	1.760512817e-10	1.737741546e-10	1.745844646e-10	1.778700143e-10	1.750899570e-10	1.713017785e-10	1.676420831e-10	1.741448340e-10	1.692319575e-10	1.767832208e-10	1.797882177e-10	1.797968837e-10	1.806590391e-10	1.790225188e-10	1.794577788e-10	1.814856261e-10	1.853466745e-10	1.897643070e-10	2.165322681e-10	2.051042069e-10	1.637646823e-10	2.196873001e-10	2.076996405e-10	2.184521293e-10	2.085804843e-10	2.144786488e-10	2.104382516e-10	2.036738625e-10	2.147154194e-10	2.108467600e-10	2.054861898e-10	2.127498921e-10	2.118708568e-10	2.092675108e-10	2.143193449e-10	2.175194401e-10	2.155468293e-10	2.132666126e-10	2.220160464e-10	2.210808705e-10	2.177613350e-10	2.187965092e-10
3.223705995e-10	3.193784885e-10	3.188454156e-10	3.150108174e-10	2.987175053e-10	2.957603598e-10	2.917460361e-10	2.865293216e-10	2.839547619e-10	2.806647662e-10	2.783548590e-10	2.705413546e-10	2.692991003e-10	2.616623073e-10	2.613570375e-10	2.519430334e-10	2.486179215e-10	2.429059632e-10	2.392006016e-10	2.343388170e-10	2.268644176e-10	2.260426534e-10	2.239340991e-10	2.193371177e-10	2.194695947e-10	2.171644350e-10	2.222485217e-10	2.236655280e-10	2.235926582e-10	2.282146579e-10	2.268791121e-10	2.239859445e-10	2.232723171e-10	2.176553835e-10	2.128562956e-10	2.101681734e-10	2.066948350e-10	2.006612546e-10	1.966993036e-10	1.893655950e-10	1.843047182e-10	1.809084696e-10	1.725787722e-10	1.612081328e-10	1.502364315e-10	1.191330520e-10	1.154493931e-10	1.124242006e-10	1.088195909e-10	1.061940147e-10	1.009942556e-10	1.005532685e-10	9.602975985e-11	9.041139453e-11	8.713933368e-11	8.532188214e-11	8.104780399e-11	7.823391154e-11	7.497292813e-11	7.065092316e-11	6.777282685e-11	6.328300263e-11	6.183359294e-11	5.930311683e-11	5.676209079e-11	5.345182412e-11	5.022746403e-11	4.702314881e-11	4.423141121e-11	4.153748654e-11	3.802247587e-11	3.650614948e-11	3.338502799e-11	2.991470381e-11	2.826168047e-11	2.601303821e-11	2.361940976e-11	2.179268935e-11	2.007335216e-11	1.745787375e-11	1.664801590e-11	1.587553494e-11	1.441391747e-11	1.351905732e-11	1.203249680e-11	1.163808012e-11	1.094638149e-11	1.028166053e-11	9.978274679e-12	8.769554107e-12	8.479054244e-12	7.968362267e-12	7.972506882e-12	6.844643989e-12	7.361741281e-12	6.809527793e-12	6.621889749e-12	5.405407442e-12	5.120483971e-12	4.107512831e-10	4.055167846e-10	4.002690986e-10	4.019906211e-10	3.990992620e-10	4.019686170e-10	3.931379486e-10	3.934738132e-10	4.033809512e-10	4.058044962e-10	3.974723121e-10	3.929359928e-10	3.909724247e-10	3.767949764e-10	3.756151174e-10	3.468947411e-10	3.757267960e-10	3.708880705e-10	3.800184322e-10	3.785347353e-10	3.772827600e-10	3.712891186e-10	3.767835976e-10	3.692033220e-10	3.753641045e-10	3.690539652e-10	3.640413919e-10	3.626436769e-10	3.720810415e-10	3.674769013e-10	3.681293391e-10	3.751473788e-10	3.820430392e-10	3.702390237e-10	3.728615103e-10	3.655649525e-10	3.532760171e-10	3.505974652e-10	3.477565197e-10	3.563065599e-10	3.614695450e-10	3.557428922e-10	3.517953344e-10	3.591965625e-10	3.538188863e-10	3.479449113e-10	3.499326688e-10	3.437804771e-10	3.434097224e-10	3.374771198e-10	3.304984164e-10	3.275750307e-10	3.350110737e-10	3.207731893e-10	3.124412312e-10	3.109250556e-10	3.140665233e-10	3.148266458e-10	3.102052489e-10	3.143567218e-10	2.907653447e-10	3.017054716e-10	3.027484829e-10	3.075293345e-10	2.933430694e-10	2.927973366e-10	2.904918001e-10	3.072867614e-10	3.063914491e-10	3.087592302e-10	3.162986625e-10	3.108677092e-10	3.139586126e-10	3.089956240e-10	3.145375024e-10	3.166664029e-10	3.253775556e-10	3.079978267e-10	3.089868827e-10	3.061720859e-10	3.217373776e-10	3.309751979e-10	3.314574050e-10	3.296372407e-10	3.351949439e-10	3.415401994e-10	3.323071266e-10	3.476287902e-10	3.507829932e-10	3.546265588e-10	3.560347485e-10	3.624983893e-10	3.738886214e-10	3.648663964e-10	3.557173463e-10	3.589961139e-10	3.525892920e-10	3.590516517e-10	3.696550097e-10	3.663612462e-10	3.642359628e-10	3.653765609e-10	3.685552549e-10	3.438962249e-10	3.666332837e-10	3.710634254e-10	3.698958496e-10	3.743346573e-10	3.739639780e-10	3.672683895e-10	3.630535416e-10	3.586512065e-10	3.508776412e-10	3.440872540e-10	3.391753572e-10	3.404473020e-10	3.145858813e-10	3.451781167e-10	3.524302895e-10	3.469535193e-10	3.550891733e-10	3.584622120e-10	3.523878637e-10	3.641578933e-10	3.718723036e-10	3.794023163e-10	3.851044782e-10	3.890781094e-10	3.933489472e-10	3.918110688e-10	4.019234783e-10	3.971139159e-10	4.006697699e-10	4.001251674e-10	3.972105231e-10	4.081544178e-10	4.062038111e-10	4.094302812e-10	4.083448441e-10	3.937755412e-10	4.074982122e-10	4.160867596e-10	4.097060865e-10	4.103439805e-10	4.084122883e-10	4.112918917e-10	4.170789052e-10	4.236889639e-10	4.186402195e-10	4.189716380e-10	4.189772898e-10	4.186993745e-10
2.828741476e-10	2.674543697e-10	2.654266731e-10	2.624653077e-10	2.624836947e-10	2.590740326e-10	2.559082247e-10	2.633080210e-10	2.536274805e-10	2.514141805e-10	2.471314363e-10	2.435400894e-10	2.393742987e-10	2.368556536e-10	2.328644643e-10	2.317780476e-10	2.246999487e-10	2.200454702e-10	2.206865292e-10	2.160137390e-10	2.111405002e-10	2.063358359e-10	2.035217174e-10	1.929304164e-10	1.911602889e-10	1.919305091e-10	1.875543981e-10	1.851519529e-10	1.879946316e-10	1.806597173e-10	1.835979482e-10	1.954899048e-10	1.980244502e-10	1.963599727e-10	1.931199384e-10	1.948269924e-10	2.471795892e-10	2.073656598e-10	2.199515758e-10	2.450236356e-10	2.032618877e-10	1.378158480e-10	1.350455116e-10	1.324390007e-10	1.280105921e-10	1.264128806e-10	2.017614616e-10	2.967710432e-10	3.126679040e-10	3.126575048e-10	3.259433333e-10	3.286804373e-10	3.234344846e-10	3.281326699e-10	3.197444958e-10	3.315759410e-10	3.354862727e-10	3.416962630e-10	3.507719158e-10	3.416408005e-10	3.834007399e-10	3.554107954e-10	3.554153168e-10	3.521395635e-10	3.537913812e-10	3.539848970e-10	3.557673831e-10	3.681093696e-10	3.468349833e-10	3.424811024e-10	3.467664841e-10	3.412102126e-10	3.376515705e-10	3.323197111e-10	3.391289375e-10	3.386200541e-10	3.373910626e-10	3.310672083e-10	3.391623205e-10	3.445069151e-10	3.440155144e-10	3.421998714e-10	3.569097898e-10	3.525182307e-10	3.561223129e-10	3.705370593e-10	3.529922993e-10	3.551086153e-10	3.504428333e-10	3.496790937e-10	3.587917466e-10	3.619763184e-10	3.619421819e-10	3.692644363e-10	3.708497893e-10	3.701745185e-10	3.786055705e-10	3.801303369e-10	3.861368642e-10	3.740691005e-10	4.169648906e-10	3.715728363e-10	3.712262711e-10	3.716295045e-10	3.753346400e-10	3.777632339e-10	3.843115756e-10	3.748201802e-10	3.838907088e-10	3.855947485e-10	3.796719424e-10	3.800466156e-10	3.770575943e-10	3.701868769e-10	3.660671292e-10	3.686915751e-10	3.556727351e-10	3.607988709e-10	3.499068969e-10	3.423346091e-10	3.475975171e-10	3.457681593e-10	3.402574032e-10	3.443314095e-10	3.425627890e-10	3.413438953e-10	3.366936368e-10	3.326230970e-10	3.293418426e-10	3.340595453e-10	3.251199113e-10	3.215892264e-10	3.194934074e-10	3.120523910e-10	3.166471116e-10	3.170275120e-10	3.201395906e-10	3.106023030e-10	2.941790007e-10	3.030886428e-10	3.059987657e-10	3.161282811e-10	3.299230684e-10	3.341223928e-10	3.466340825e-10	3.512225485e-10	3.393819097e-10	3.393736205e-10	3.430625543e-10	3.375144967e-10	3.380260176e-10	3.446404471e-10	3.415739592e-10	3.421934661e-10	3.378131351e-10	3.402984726e-10	3.385413817e-10	3.409677903e-10	3.420659627e-10	3.322888149e-10	3.481399343e-10	3.501076470e-10	3.518850841e-10	3.468175759e-10	3.459796854e-10	3.473447710e-10	3.642660301e-10	3.512475669e-10	3.409571650e-10	3.379407139e-10	3.337919539e-10	3.405488827e-10	3.362620693e-10	3.376126111e-10	3.372418564e-10	3.402629796e-10	3.404442123e-10	3.489756395e-10	3.433531295e-10	3.542905436e-10	3.507609137e-10	3.533063858e-10	3.517697885e-10	3.547701886e-10	3.565351919e-10	3.601749932e-10	3.628908467e-10	3.681368748e-10	3.656109201e-10	3.665059309e-10	3.672747194e-10	3.653816098e-10	3.757855742e-10	3.786436256e-10	3.735483861e-10	3.802211416e-10	3.715895655e-10	3.719357539e-10	3.657545498e-10	3.652243405e-10	3.667550600e-10	3.605776991e-10	3.514896878e-10	3.436174053e-10	3.354292277e-10	3.294537472e-10	3.316264300e-10	3.383291774e-10	3.444892063e-10	3.506729725e-10	3.535253722e-10	3.573299785e-10	3.563660916e-10	3.584646234e-10	3.607170335e-10	3.655041397e-10	3.639969315e-10	3.551258720e-10	3.609926881e-10	3.573947098e-10	3.652518457e-10	3.640931619e-10	3.605508721e-10	3.612152917e-10	3.692312040e-10	3.787550027e-10	3.795368279e-10	3.792245500e-10	3.834030006e-10	3.848965692e-10	3.904532175e-10	3.909994024e-10	3.798313217e-10	3.906575847e-10	3.939684542e-10	3.911152256e-10	3.943211233e-10	3.897906065e-10	3.848536913e-10	3.821313572e-10	3.778257800e-10	3.762762213e-10	3.758780368e-10	3.575861157e-10	3.552066543e-10	3.494492560e-10	3.396633668e-10	3.350627683e-10	3.269367600e-10	3.253915720e-10	3.237147359e-10
2.374933215e-10	2.370943834e-10	2.436245642e-10	2.469041607e-10	2.511606054e-10	2.517015153e-10	2.517905115e-10	2.507794514e-10	2.463318270e-10	2.467379239e-10	2.411546748e-10	2.411763775e-10	2.422300895e-10	2.440999892e-10	2.449091689e-10	2.445794082e-10	2.353871033e-10	2.306778405e-10	2.330054566e-10	2.352498789e-10	2.385281190e-10	2.326627346e-10	2.260409202e-10	2.254390466e-10	2.206548794e-10	2.137187524e-10	2.095005889e-10	2.012944764e-10	1.904219445e-10	1.838720957e-10	1.781307483e-10	1.911526025e-10	2.052198794e-10	2.014974872e-10	2.045329282e-10	2.088971329e-10	1.912920876e-10	1.816194595e-10	1.708242434e-10	1.647124428e-10	1.605808641e-10	1.551141917e-10	1.515317368e-10	1.471106379e-10	1.441077510e-10	1.408283052e-10	1.342139511e-10	1.330213568e-10	1.276164015e-10	1.222485217e-10	1.166834335e-10	1.119531463e-10	1.093117452e-10	1.045712847e-10	1.004539484e-10	1.022767503e-10	9.771805010e-11	9.391050494e-11	9.121077781e-11	8.561012130e-11	8.187341139e-11	7.722134432e-11	7.393383536e-11	6.930090888e-11	6.489299733e-11	6.172402438e-11	5.935986038e-11	5.589285189e-11	5.222283261e-11	4.971797776e-11	4.610824379e-11	4.282442731e-11	3.963834839e-11	3.780024913e-11	3.388411505e-11	2.977634902e-11	2.744586944e-11	2.524198902e-11	2.491803081e-11	2.240978491e-11	2.139759447e-11	1.919650225e-11	1.773330229e-11	1.671960471e-11	1.508820872e-11	1.410073525e-11	1.306269748e-11	1.245577507e-11	1.167312096e-11	1.161080102e-11	1.100485824e-11	1.041700106e-11	1.001143160e-11	9.483181527e-12	8.795100010e-12	8.125405513e-12	7.450812834e-12	7.273347937e-12	7.519161311e-12	7.951180952e-12	7.659550739e-12	7.568972052e-12	8.089385037e-12	9.494258954e-12	1.911360994e-11	7.980457008e-11	9.669289831e-11	7.097766957e-11	5.811881181e-11	4.996446934e-11	4.544947601e-11	4.134675887e-11	3.852465255e-11	3.707388644e-11	3.628158668e-11	3.563065599e-11	3.565605118e-11	3.705527334e-11	4.019546006e-11	6.074333301e-11	8.076114732e-11	1.136141574e-10	1.467014513e-10	1.625426236e-10	1.725390592e-10	1.544967193e-10	1.301306006e-10	1.213134211e-10	1.115162284e-10	1.039090506e-10	9.758775846e-11	9.275212261e-11	9.052887554e-11	8.562368550e-11	5.730518612e-11	5.718868475e-11	5.724783971e-11	5.942572209e-11	5.793471552e-11	5.646684345e-11	5.776569057e-11	5.941283610e-11	6.003121272e-11	5.939316802e-11	5.927018597e-11	6.120828350e-11	5.935699683e-11	5.993988047e-11	6.088560635e-11	6.162319719e-11	6.027838251e-11	5.948171207e-11	5.701363126e-11	5.767435832e-11	5.716215921e-11	5.781512453e-11	5.541516613e-11	5.357985506e-11	5.455067471e-11	5.167913442e-11	5.264053449e-11	5.067018431e-11	5.075013771e-11	5.092089587e-11	5.277647788e-11	5.148064502e-11	5.144145957e-11	5.120725112e-11	5.150362880e-11	4.829019542e-11	5.035391248e-11	5.104847467e-11	4.998097245e-11	5.227286942e-11	4.988956484e-11	4.984517977e-11	5.048789659e-11	5.033153156e-11	5.053635091e-11	4.922393960e-11	4.931097652e-11	5.104764575e-11	4.988783164e-11	5.068894812e-11	5.015745771e-11	5.014464708e-11	5.235335032e-11	5.346877937e-11	5.452897199e-11	5.490402201e-11	5.442837087e-11	5.528758733e-11	5.439204897e-11	5.268228207e-11	5.339395022e-11	5.410750228e-11	5.389431834e-11	5.375724460e-11	5.225757202e-11	5.150219702e-11	5.195742651e-11	5.009445955e-11	4.985640791e-11	4.883705859e-11	4.849863190e-11	4.983289664e-11	4.784242624e-11	4.960712814e-11	4.910570503e-11	5.031178812e-11	5.227234193e-11	5.518043018e-11	5.699697745e-11	5.801188073e-11	5.847042591e-11	6.018056959e-11	5.933160164e-11	6.053678045e-11	6.199839792e-11	6.088733956e-11	6.066413318e-11	6.110836059e-11	5.911201238e-11	5.942926385e-11	5.877215391e-11	5.853847296e-11	5.695605879e-11	5.577748087e-11	5.538864059e-11	5.556000160e-11	5.619005850e-11	5.500876775e-11	5.500326671e-11	5.150219702e-11	5.396605786e-11	5.320601075e-11	5.452640987e-11	5.519791292e-11	5.293126042e-11	5.331022899e-11	5.269170165e-11	5.320548325e-11	5.362273299e-11	5.418986709e-11	5.260338366e-11	5.236179026e-11	4.960358637e-11	4.912198206e-11	4.851204538e-11	4.689059647e-11	4.539122532e-11
2.581424738e-11	2.532216849e-11	2.531086500e-11	2.527115204e-11	2.484975769e-11	2.483717313e-11	2.483890633e-11	2.457010918e-11	2.476852323e-11	2.474320340e-11	2.570294562e-11	2.573640397e-11	2.656939631e-11	2.477138678e-11	2.651740023e-11	2.632802898e-11	2.531832530e-11	2.551606114e-11	2.622961320e-11	2.542668816e-11	2.403334381e-11	2.416062118e-11	2.389257760e-11	2.419181883e-11	2.426265408e-11	2.398895874e-11	2.294150139e-11	2.300736310e-11	2.282017719e-11	2.203367990e-11	2.114891754e-11	2.083181678e-11	2.128260023e-11	2.101199452e-11	2.174800286e-11	2.099767675e-11	2.137589175e-11	2.201310753e-11	2.192750239e-11	2.204543554e-11	2.305619420e-11	2.502104334e-11	3.081611999e-11	1.212296999e-10	4.309556051e-11	5.667324530e-11	7.890390747e-11	8.033658799e-11	8.503522546e-11	1.199278385e-10	1.478060290e-10	1.842270255e-10	1.771266210e-10	1.633242981e-10	1.562379853e-10	1.509590263e-10	1.456384705e-10	1.309706765e-10	1.208816275e-10	1.147381018e-10	1.122371654e-10	1.065383192e-10	1.033028064e-10	9.782784473e-11	9.248897721e-11	8.747519824e-11	8.093024763e-11	7.629287510e-11	7.150064468e-11	6.623864093e-11	6.175996950e-11	5.804157125e-11	5.419762883e-11	4.914293121e-11	4.574916938e-11	4.158239910e-11	3.859006212e-11	3.493345632e-11	3.118484005e-11	2.809220338e-11	2.640594775e-11	2.458043304e-11	2.256140248e-11	1.964193537e-11	1.884707349e-11	1.691899839e-11	1.636881953e-11	1.503123910e-11	1.497200877e-11	1.436290102e-11	1.327151074e-11	1.241365071e-11	1.136348051e-11	1.171848566e-11	1.126287939e-11	1.144049500e-11	1.096544672e-11	1.050901152e-11	9.894930231e-12	9.684308411e-12	9.412496995e-12	9.508275290e-12	9.681520215e-12	9.948885588e-12	1.190130088e-11	1.995896077e-11	8.512339274e-11	1.148191855e-10	8.133958492e-11	6.491809110e-11	5.669698264e-11	5.076475690e-11	4.757355374e-11	4.500750929e-11	4.250529192e-11	4.364264975e-11	4.686083060e-11	5.411978541e-11	7.405056280e-11	1.128508700e-10	1.418737279e-10	1.738392628e-10	1.837746595e-10	1.823598385e-10	1.681299420e-10	1.406642537e-10	1.253089811e-10	1.184110599e-10	1.093585416e-10	1.049138561e-10	3.818946620e-11	2.565803306e-11	2.588297264e-11	2.589261829e-11	2.617806926e-11	2.627015508e-11	2.783945719e-11	2.747548460e-11	2.804570833e-11	2.678906093e-11	2.657301343e-11	2.748686345e-11	2.715717813e-11	2.684052952e-11	2.685537477e-11	2.704037534e-11	2.636932442e-11	2.671393035e-11	2.635591094e-11	2.697745254e-11	2.628002680e-11	2.702877041e-11	2.642501298e-11	2.732009920e-11	2.771210446e-11	2.753953775e-11	2.834344243e-11	3.005637431e-11	3.007913201e-11	3.065515820e-11	3.130880173e-11	3.131603597e-11	3.327206838e-11	3.121927804e-11	3.190916812e-11	3.148159452e-11	3.129086685e-11	3.161979860e-11	3.156825466e-11	3.210479396e-11	3.219703050e-11	3.180351810e-11	3.200200750e-11	3.171437119e-11	3.252890116e-11	3.287463744e-11	3.385043063e-11	3.442954644e-11	3.422992669e-11	3.455448775e-11	3.441907186e-11	3.534158790e-11	3.520014348e-11	3.535884457e-11	3.599078539e-11	3.532862656e-11	3.587375652e-11	3.689596940e-11	3.482750487e-11	3.533819685e-11	3.310251593e-11	3.298691884e-11	3.437212467e-11	3.338691191e-11	3.374515739e-11	3.389443891e-11	3.489509978e-11	3.571686399e-11	3.629289018e-11	3.660087278e-11	3.564369269e-11	3.589621280e-11	3.536668166e-11	3.590141241e-11	3.506435081e-11	3.563367025e-11	3.588498466e-11	3.566087400e-11	3.516344479e-11	3.465260210e-11	3.496156434e-11	3.508251176e-11	3.419066587e-11	3.327764477e-11	3.273221338e-11	3.311698441e-11	3.254864460e-11	3.258119867e-11	3.214578798e-11	3.082945812e-11	3.146215250e-11	3.021786359e-11	2.999812362e-11	3.067693627e-11	3.035380698e-11	3.025169873e-11	3.029239131e-11	3.069743328e-11	3.131241885e-11	3.127097270e-11	3.189575463e-11	3.097595143e-11	3.113736537e-11	3.100360732e-11	3.117685225e-11	3.201587312e-11	3.087384318e-11	3.259672214e-11	3.326656735e-11	3.491574750e-11	3.482991629e-11	3.577217576e-11	3.584195602e-11	3.716838367e-11	3.778073176e-11	3.788035324e-11	3.865479347e-11	3.817861484e-11	3.886368209e-11	3.858674642e-11	3.790778306e-11
2.103196403e-11	1.990214186e-11	1.970839993e-11	1.904164434e-11	1.865250263e-11	1.928843735e-11	1.862424389e-11	1.819727314e-11	1.860208904e-11	1.832063197e-11	1.705803140e-11	1.731288757e-11	1.810420769e-11	1.822975186e-11	1.851467533e-11	1.842002738e-11	1.728560846e-11	1.837421054e-11	1.752968863e-11	1.775221680e-11	1.858505844e-11	1.900117782e-11	1.800074302e-11	1.789584657e-11	1.703369120e-11	1.820322632e-11	1.843464657e-11	1.864300769e-11	1.828611863e-11	1.868030923e-11	1.912189917e-11	1.850420076e-11	1.856192395e-11	1.714506832e-11	1.709902541e-11	1.679458457e-11	1.706812919e-11	1.744340528e-11	1.679496135e-11	1.764867678e-11	1.694409215e-11	1.724951263e-11	1.788280987e-11	1.737942749e-11	1.720135974e-11	1.729856981e-11	1.767912086e-11	1.807391432e-11	1.759615319e-11	1.861957178e-11	1.780700108e-11	1.867556176e-11	1.837021664e-11	2.218936673e-11	3.101521225e-11	9.118606083e-11	1.264167991e-10	1.603486149e-10	1.529334458e-10	1.468784641e-10	1.354888348e-10	1.324798440e-10	1.231814369e-10	1.170456729e-10	1.081675299e-10	9.833288496e-11	9.029481780e-11	8.224054896e-11	7.525106950e-11	7.313950097e-11	6.846331978e-11	6.429820734e-11	5.651492099e-11	5.222607295e-11	4.751251485e-11	4.567961520e-11	4.174916335e-11	3.826437070e-11	3.510052200e-11	3.280410362e-11	3.099230383e-11	2.881231147e-11	2.668077343e-11	2.452534734e-11	2.338972271e-11	2.188831693e-11	2.034132038e-11	1.927690779e-11	1.813367214e-11	1.761356058e-11	1.666572471e-11	1.590213583e-11	1.506831457e-11	1.445257543e-11	1.338869032e-11	1.325410336e-11	1.283504506e-11	1.211245020e-11	1.152059912e-11	1.095519821e-11	1.002936648e-11	9.664188187e-12	9.619727767e-12	1.038188487e-11	1.238704981e-11	2.020017739e-11	6.801781130e-11	1.290999478e-10	1.007944097e-10	8.042528276e-11	7.087533524e-11	6.441116695e-11	5.853704118e-11	5.609390342e-11	5.423839677e-11	5.701800195e-11	6.434613417e-11	8.285839808e-11	1.167183990e-10	1.635193964e-10	1.909823718e-10	1.995333917e-10	1.890674841e-10	1.698773872e-10	1.538668132e-10	1.335498330e-10	1.239629607e-10	1.171658668e-10	1.116604610e-10	1.076083836e-10	1.036963188e-10	9.910679770e-11	9.290374018e-11	5.440418139e-11	1.735478586e-11	1.824113071e-11	1.860947399e-11	1.904465861e-11	1.868792025e-11	1.863102599e-11	1.807466788e-11	1.807934000e-11	1.806457009e-11	1.674643167e-11	1.643551016e-11	1.678373321e-11	1.571005175e-11	1.609406921e-11	1.770805781e-11	1.629075005e-11	1.695192924e-11	1.676828510e-11	1.638848761e-11	1.597749248e-11	1.588533130e-11	1.582240850e-11	1.631727559e-11	1.625050960e-11	1.646052857e-11	1.618803894e-11	1.648705411e-11	1.646625567e-11	1.686421411e-11	1.675215878e-11	1.746571084e-11	1.591441897e-11	1.532399966e-11	1.561962377e-11	1.526680397e-11	1.546152553e-11	1.581645533e-11	1.587681600e-11	1.588050848e-11	1.607093472e-11	1.536838472e-11	1.488979468e-11	1.654078339e-11	1.665607906e-11	1.604764951e-11	1.614531172e-11	1.677453970e-11	1.756872338e-11	1.816720584e-11	1.779283404e-11	1.762938547e-11	1.848792372e-11	1.927524994e-11	1.877412826e-11	1.923440664e-11	2.049617829e-11	2.046369957e-11	1.871700792e-11	1.977350807e-11	2.049738399e-11	2.027907580e-11	1.974705789e-11	1.965791098e-11	2.129367765e-11	2.046746741e-11	1.993582628e-11	2.065985292e-11	2.107921264e-11	2.120671609e-11	1.989746975e-11	1.729872052e-11	1.851505211e-11	1.846908456e-11	1.975527176e-11	1.963251579e-11	1.918037592e-11	1.959822852e-11	1.822372333e-11	1.763044047e-11	1.728779381e-11	1.803284495e-11	1.843841441e-11	1.846117211e-11	1.650830468e-11	1.699925322e-11	1.639873612e-11	1.633739581e-11	1.552128335e-11	1.585262652e-11	1.575993785e-11	1.592971637e-11	1.668916062e-11	1.657981813e-11	1.774370150e-11	1.758477434e-11	1.800481228e-11	1.959822852e-11	1.928836200e-11	1.972648552e-11	2.028276827e-11	2.073679205e-11	2.064169197e-11	2.094666031e-11	2.089767849e-11	2.039542645e-11	2.059504620e-11	2.118508873e-11	2.004433985e-11	1.987282813e-11	1.916718851e-11	1.948707747e-11	1.947343791e-11	1.980621285e-11	2.040024928e-11	2.109564039e-11	2.158538322e-11	2.170203531e-11
1.119566127e-11	1.078526898e-11	1.051767754e-11	1.029266260e-11	1.040795826e-11	9.911056553e-12	9.237142084e-12	9.955215546e-12	9.021998865e-12	9.245732742e-12	9.604279655e-12	9.531711206e-12	9.756424719e-12	9.427417611e-12	9.270299008e-12	9.513324185e-12	9.534499402e-12	9.545124689e-12	9.256207315e-12	9.455977779e-12	9.901109476e-12	9.595990424e-12	9.387177163e-12	9.540301864e-12	9.668106732e-12	9.525305891e-12	1.043463452e-11	9.970512945e-12	9.894101308e-12	1.004172497e-11	9.479639765e-12	9.907514791e-12	9.974657561e-12	1.013034439e-11	9.905630875e-12	1.032521667e-11	1.022167664e-11	1.030147933e-11	1.057216039e-11	1.039153052e-11	1.017992906e-11	1.000939697e-11	9.599833613e-12	9.894101308e-12	9.591619738e-12	1.014873141e-11	9.805934034e-12	1.036410070e-11	1.003825857e-11	9.605937501e-12	9.108960432e-12	8.835867954e-12	8.601207364e-12	9.111070419e-12	9.039255537e-12	9.077084572e-12	9.691090509e-12	9.317547624e-12	9.172109300e-12	9.159147957e-12	9.840221307e-12	9.225989301e-12	8.072203722e-12	7.609287857e-12	7.890142070e-12	8.347858326e-12	1.229345686e-10	1.115131388e-10	1.046091891e-10	9.221030834e-11	8.608697815e-11	7.903028056e-11	7.142249984e-11	6.510422201e-11	6.016007258e-11	5.313246266e-11	4.836856633e-11	4.443027740e-11	4.244824694e-11	3.758668840e-11	3.438915527e-11	3.197073449e-11	2.964409811e-11	2.714881355e-11	2.510295602e-11	2.395941894e-11	2.240013926e-11	2.287511219e-11	2.090250131e-11	1.989016016e-11	1.922913167e-11	1.818446251e-11	1.872190610e-11	1.778725764e-11	1.680091453e-11	1.636557919e-11	1.541834618e-11	1.502264844e-11	1.397104647e-11	1.336759046e-11	1.265818302e-11	1.227273378e-11	1.191810541e-11	1.212767224e-11	1.230506178e-11	1.299314330e-11	1.920034543e-11	5.524372976e-11	1.426262393e-10	1.182059392e-10	9.160594805e-11	8.107184276e-11	7.295058187e-11	6.690961649e-11	6.741849991e-11	7.474595391e-11	9.782460440e-11	1.352333004e-10	1.800241593e-10	2.016326017e-10	2.041516236e-10	1.919051893e-10	1.738142444e-10	1.585857216e-10	9.068267845e-12	8.836395451e-12	9.062314670e-12	9.335105722e-12	8.700904204e-12	9.202854811e-12	9.555222479e-12	9.093286251e-12	8.994870473e-12	8.832929045e-12	9.406619177e-12	8.627958973e-12	9.499533919e-12	9.488155066e-12	9.301722728e-12	9.263592266e-12	9.192983091e-12	8.808965632e-12	8.603995560e-12	9.006400040e-12	8.778822974e-12	7.961730882e-12	7.962409092e-12	8.124727303e-12	8.813562387e-12	8.109429904e-12	8.209352815e-12	8.319825655e-12	8.447178383e-12	8.411534691e-12	8.473101069e-12	9.235936378e-12	8.890501521e-12	8.371218886e-12	8.856289605e-12	8.039197512e-12	8.903613577e-12	9.241135986e-12	9.283486420e-12	9.455600996e-12	9.611664606e-12	9.510686702e-12	1.000073096e-11	9.994250288e-12	9.657782872e-12	1.032408632e-11	9.925901812e-12	1.120952689e-11	1.146671911e-11	1.112889528e-11	1.123454529e-11	1.111518037e-11	1.064631133e-11	1.042476280e-11	1.041692571e-11	1.075836666e-11	1.000954769e-11	1.043704593e-11	1.003064755e-11	9.796966594e-12	9.650473277e-12	9.698776886e-12	9.732310593e-12	9.718294257e-12	9.166608265e-12	9.493128604e-12	9.750546901e-12	9.603978228e-12	9.055532572e-12	9.668935655e-12	8.517712202e-12	9.144830195e-12	9.418902310e-12	9.104212964e-12	8.644688148e-12	8.371218886e-12	8.150273206e-12	8.330224872e-12	8.154116394e-12	8.572195056e-12	8.748077464e-12	8.130755835e-12	8.547176650e-12	8.606180903e-12	8.241605458e-12	8.825016597e-12	9.086052013e-12	9.011147508e-12	9.645349026e-12	9.523120549e-12	9.134581692e-12	9.209109413e-12	8.847849660e-12	9.351382757e-12	9.011222865e-12	9.130964573e-12	9.294639204e-12	8.978216655e-12	9.131868852e-12	8.688168932e-12	8.959226781e-12	8.451322999e-12	8.689751421e-12	9.096903369e-12	8.848980010e-12	9.089895202e-12	8.703466330e-12	9.140384153e-12	9.092306614e-12	8.660965183e-12	8.458481880e-12	8.462400426e-12	8.728409379e-12	8.843252905e-12	8.652223812e-12	8.425400313e-12	8.843026835e-12	8.388927698e-12	8.366998914e-12	8.529995335e-12	8.608743029e-12	7.983735022e-12	9.044455145e-12	8.113499163e-12	8.795100010e-12	8.552903755e-12	8.494200929e-12
4.349585501e-12	4.059989917e-12	4.141977946e-12	3.672581410e-12	3.937836797e-12	4.003999931e-12	4.086138673e-12	4.020201609e-12	4.188096212e-12	4.228713444e-12	4.193672604e-12	4.019221973e-12	4.444082733e-12	4.355463319e-12	3.891869244e-12	3.840551369e-12	3.967527315e-12	3.765948292e-12	4.164886366e-12	3.842133859e-12	3.957580238e-12	3.870995454e-12	4.349962284e-12	3.507625716e-12	3.824500404e-12	4.115000268e-12	3.924875454e-12	4.060366701e-12	4.233460912e-12	4.335117025e-12	3.844997411e-12	4.320723906e-12	4.472416831e-12	4.327129221e-12	4.275886703e-12	4.072197694e-12	4.221027066e-12	4.106258897e-12	3.841154223e-12	3.970315511e-12	3.479894471e-12	3.940172853e-12	3.727817830e-12	4.204825387e-12	4.994412305e-12	4.326677081e-12	4.654478483e-12	4.558323405e-12	4.522453642e-12	4.514993335e-12	4.251169724e-12	4.440993110e-12	4.643476413e-12	4.596453867e-12	4.549582034e-12	4.379200662e-12	4.445363796e-12	4.670152665e-12	4.602105615e-12	4.466463656e-12	4.762087771e-12	4.541142090e-12	3.946578168e-12	4.154110366e-12	4.279051682e-12	4.636166819e-12	4.141751876e-12	4.646264609e-12	4.199098282e-12	4.613258399e-12	4.586506790e-12	5.445120394e-12	5.352054938e-12	7.558271409e-12	2.563685784e-11	8.102730699e-11	7.466087626e-11	6.003829625e-11	4.714613085e-11	3.736084454e-11	2.882760887e-11	2.099940996e-11	1.408151931e-11	9.292152434e-12	6.891515822e-12	5.850237713e-12	4.880397702e-12	3.688783088e-12	3.868960824e-12	4.104148911e-12	3.785616376e-12	4.355689389e-12	3.998197469e-12	4.003849217e-12	3.788253858e-12	3.551332569e-12	4.049590700e-12	3.575069912e-12	3.591497661e-12	3.280576147e-12	3.118257935e-12	3.682227060e-12	3.195649209e-12	3.438146890e-12	3.351185322e-12	3.869563677e-12	3.863761216e-12	3.966472322e-12	4.032635455e-12	3.768887201e-12	3.741155956e-12	3.904453804e-12	4.435039935e-12	4.475355740e-12	4.371288214e-12	4.400375879e-12	4.930585227e-12	4.305878647e-12	4.213189975e-12	4.218691010e-12	3.995484630e-12	4.335117025e-12	3.788856712e-12	3.942810336e-12	3.271382636e-12	3.616666780e-12	4.072875903e-12	4.310776829e-12	4.292239095e-12	3.721789298e-12	3.722392151e-12	3.322248371e-12	4.026983707e-12	3.725783200e-12	3.349376763e-12	3.175152202e-12	3.532267338e-12	3.513654247e-12	3.428124456e-12	3.302580287e-12	3.097986998e-12	2.951267612e-12	2.955035444e-12	2.510883383e-12	3.133103194e-12	3.089773124e-12	2.442233481e-12	3.071913599e-12	3.022856424e-12	3.181783586e-12	3.517196009e-12	3.088341348e-12	2.924516003e-12	3.754870865e-12	3.083217096e-12	3.586524122e-12	4.208970003e-12	3.564293912e-12	3.673033550e-12	4.164886366e-12	4.409267963e-12	4.009500966e-12	3.836708181e-12	4.160214254e-12	4.036252574e-12	3.931582196e-12	3.543796905e-12	3.740025606e-12	4.066922729e-12	3.824425048e-12	4.189829415e-12	4.543327433e-12	4.462092971e-12	4.825914848e-12	4.724560162e-12	4.384626340e-12	4.224644185e-12	3.834296768e-12	4.211607485e-12	4.090434002e-12	3.808072656e-12	3.756528711e-12	3.883580013e-12	4.206257164e-12	4.009953106e-12	4.184403737e-12	3.998348182e-12	3.484265156e-12	3.209590188e-12	3.669190361e-12	3.688632375e-12	3.832262139e-12	4.260740017e-12	3.969185161e-12	4.381310648e-12	4.017714840e-12	4.169558478e-12	4.167975988e-12	3.699333018e-12	3.587126975e-12	3.904453804e-12	3.481024820e-12	3.582002723e-12	3.627065997e-12	3.583811283e-12	3.595642276e-12	2.778625540e-12	3.287282888e-12	3.505666443e-12	3.031673151e-12	3.897144209e-12	3.849066670e-12	3.522772401e-12	3.559169660e-12	3.478010554e-12	3.477181631e-12	4.090283288e-12	4.025175148e-12	3.597450835e-12	3.493534023e-12	3.152695922e-12	3.534452681e-12	3.644699451e-12	3.036797403e-12	3.101453404e-12	3.109968704e-12	3.379896204e-12	3.100925907e-12	2.505306992e-12	3.246062804e-12	2.848255079e-12	3.270553713e-12	3.338525406e-12	3.535658387e-12	3.217427279e-12	3.122251837e-12	3.236718580e-12	2.860462856e-12	3.123532900e-12	2.865963891e-12	2.857523946e-12	3.009141515e-12	3.265354105e-12	3.070933963e-12	3.326392986e-12	3.334606861e-12	3.443421855e-12	3.419835225e-12	3.500843618e-12	3.405668176e-12	3.505591086e-12
1.557094338e-12	1.719789333e-12	1.799064523e-12	1.466666365e-12	7.877783580e-13	9.237217441e-13	8.735342191e-13	1.657695458e-12	1.592210534e-12	1.693715934e-12	1.068557214e-12	5.903439503e-13	1.149414893e-12	1.395077553e-12	1.044970585e-12	1.229895789e-12	1.078202865e-12	1.049718053e-12	1.163355873e-12	8.532632818e-13	1.035249577e-12	1.203068824e-12	1.236527174e-12	1.652721920e-12	1.330798336e-12	1.181516824e-12	1.755659096e-12	1.431098029e-12	8.800902471e-13	1.347376798e-12	1.300957105e-12	1.358152798e-12	9.492676465e-13	1.250844936e-12	5.815272230e-13	8.239495472e-13	1.136830334e-12	8.056378827e-13	1.067728291e-12	1.148812040e-12	1.286036489e-12	7.584646234e-13	1.234266475e-12	9.568786675e-13	1.016184346e-12	8.311837851e-13	8.795627506e-13	1.271718727e-12	1.316103790e-12	1.168480124e-12	1.392289357e-12	1.384753693e-12	1.166596208e-12	1.412334225e-12	8.639639253e-13	1.425295568e-12	9.149050167e-13	1.445265078e-12	1.640363430e-12	1.394022560e-12	1.643528409e-12	1.895747097e-12	1.241651426e-12	1.498391512e-12	1.723933948e-12	1.455815008e-12	2.009761700e-12	1.968390902e-12	1.540440520e-12	1.703889081e-12	1.806223404e-12	1.643076269e-12	1.812779432e-12	1.500727568e-12	2.071026651e-12	1.500727568e-12	1.660257584e-12	7.779797336e-11	6.151460826e-11	4.659436950e-11	3.413618302e-11	2.292718363e-11	1.680114060e-11	9.386197526e-12	4.974216724e-12	2.705680308e-12	2.031012273e-12	1.484978030e-12	1.777512522e-12	1.645713752e-12	1.736819935e-12	1.177070782e-12	1.797858816e-12	1.898987433e-12	1.697182340e-12	1.723331095e-12	2.073287351e-12	1.763948326e-12	2.369438962e-12	2.218650317e-12	1.878113642e-12	1.950908161e-12	2.240051604e-12	1.932445783e-12	1.812704075e-12	1.628457080e-12	1.566815345e-12	2.411261900e-12	2.061004218e-12	1.897178873e-12	1.957765615e-12	2.288731996e-12	2.248792975e-12	2.753983917e-12	2.223849926e-12	2.356703689e-12	2.295589451e-12	2.206216471e-12	2.044877896e-12	1.687536689e-12	2.445775243e-12	2.298829787e-12	1.890848915e-12	2.152863967e-12	2.236660555e-12	1.767640802e-12	2.024305532e-12	2.191747995e-12	2.156179659e-12	1.994690371e-12	1.879997558e-12	1.908859153e-12	1.690777025e-12	2.139751911e-12	1.807730537e-12	2.180218429e-12	1.938097531e-12	2.072684498e-12	2.203277562e-12	1.662518283e-12	1.898459936e-12	1.714212941e-12	2.627535468e-12	2.337035605e-12	2.118652050e-12	1.970802315e-12	1.711274032e-12	1.896651377e-12	1.668094675e-12	1.143537075e-12	1.282042587e-12	1.387767959e-12	1.291612881e-12	1.392967567e-12	1.197040292e-12	1.450992183e-12	1.154614502e-12	8.993061914e-13	9.775263880e-13	9.934266399e-13	7.959922322e-13	1.120402585e-12	1.163883369e-12	1.712102955e-12	1.755131599e-12	1.696278060e-12	1.335696518e-12	1.234266475e-12	1.794769194e-12	1.376389106e-12	1.737950284e-12	1.374731259e-12	7.420368750e-13	2.299055857e-12	1.689420605e-12	2.440349564e-12	2.122796666e-12	2.270797115e-12	2.499278460e-12	2.603496699e-12	2.573504755e-12	2.187452667e-12	2.272982458e-12	2.496867048e-12	2.730774071e-12	2.185493394e-12	2.241106597e-12	1.752268047e-12	2.035684385e-12	1.799215236e-12	1.838325334e-12	1.729585697e-12	2.039301504e-12	1.719713976e-12	1.674726060e-12	1.892958901e-12	2.076904470e-12	2.264391800e-12	2.330705647e-12	2.157912862e-12	2.229275604e-12	2.159269282e-12	1.972761587e-12	2.539368195e-12	2.551500615e-12	2.310133283e-12	2.683224029e-12	2.303200472e-12	3.034838130e-12	2.746222183e-12	2.903566856e-12	3.001605850e-12	2.557830573e-12	2.489934236e-12	1.963266650e-12	2.451200921e-12	2.407041928e-12	2.432738543e-12	2.371172165e-12	2.910499667e-12	2.600708503e-12	2.828134855e-12	2.095366847e-12	2.136963715e-12	2.734617260e-12	2.651951021e-12	2.816303862e-12	2.340878794e-12	2.633187217e-12	2.476972893e-12	2.406288361e-12	1.791378145e-12	2.571093342e-12	2.044501113e-12	2.132291603e-12	2.135079799e-12	1.939981447e-12	1.948722818e-12	2.403349452e-12	2.101395379e-12	1.947893895e-12	2.335151689e-12	2.166202093e-12	1.554155429e-12	1.556039345e-12	1.678644605e-12	1.569226758e-12	1.780602145e-12	1.580530255e-12	1.917299097e-12	1.901926342e-12
-2.327842095e-12	-2.161228554e-12	-1.830563600e-12	-1.931089363e-12	-6.661527344e-14	2.113753869e-13	-1.550915093e-12	-1.056349438e-12	-9.868706119e-13	-1.316179147e-12	-1.634410255e-12	-1.133891425e-12	-1.092897410e-12	-1.421226309e-12	-1.158909831e-12	-3.601294024e-13	-8.629089322e-13	-1.290633244e-12	-5.910975168e-13	-4.440013474e-13	-6.574867203e-13	-5.757247614e-14	-6.339754473e-13	-7.370633365e-13	-9.742860523e-13	-8.497215195e-13	-5.905700203e-13	-4.623130119e-13	-2.580965062e-13	-4.941888724e-13	-4.244086199e-13	-8.406033656e-13	-4.495023824e-13	-4.406102984e-13	-1.117162250e-12	-6.110670275e-13	-5.370668029e-13	-8.252306102e-13	-1.299902112e-12	-5.091094879e-13	-4.299096549e-13	-1.226806167e-13	-2.014283098e-13	-5.096369844e-13	-1.220777635e-13	4.095633610e-13	-3.809278362e-13	-7.497232527e-13	8.967440655e-14	-1.388822952e-13	4.581683965e-14	-8.422612117e-13	-8.633610721e-13	-7.268901895e-13	-7.931286798e-13	-4.912499633e-13	-2.317970374e-13	-3.300621014e-13	-1.816999404e-12	-1.769374005e-12	-2.443589900e-12	-2.034403322e-12	-1.957238119e-12	-1.609467206e-12	-1.496356883e-12	-1.259435594e-12	-7.171691824e-13	-1.557094338e-12	-1.476764156e-12	-1.331702616e-12	-1.439990113e-12	-1.458452491e-12	-1.414368854e-12	-1.507358953e-12	-1.166520852e-12	-1.376991959e-12	-9.531108353e-13	-1.013999004e-12	5.351331514e-11	4.673490964e-11	3.436473972e-11	2.295212668e-11	1.465867585e-11	5.481140869e-12	1.053636599e-12	-5.837125656e-13	-7.742895187e-13	-1.239164657e-12	-1.315727007e-12	-1.686180270e-12	-1.280686167e-12	-7.345012106e-13	-6.364622166e-13	-8.261348899e-13	-1.495603317e-12	-1.535768408e-12	-1.821219376e-12	-2.050981784e-12	-1.254160629e-12	-1.347000014e-12	-1.480230561e-12	-1.328311567e-12	-1.872009754e-12	-1.233588265e-12	-1.310828825e-12	-1.911647349e-12	-1.440969750e-12	-1.868015852e-12	-1.614365388e-12	-1.130877159e-12	-1.148736684e-12	-9.950844861e-13	-2.314956109e-13	-4.531195013e-13	-6.702973498e-13	-1.022891088e-12	-1.060343340e-12	-6.613299091e-13	-8.987033382e-13	-7.448250709e-13	-1.708259766e-12	-1.626271738e-12	-9.929745001e-13	-1.022815731e-12	-9.846852692e-13	-8.905648207e-13	-8.438437013e-13	-5.549263276e-13	-5.828836426e-13	-7.386458260e-13	-1.240370363e-13	-3.428727309e-13	-3.779889271e-13	7.837090992e-15	-5.145351663e-13	-5.898164538e-13	-9.617768494e-13	-1.025829997e-12	-1.179256124e-12	-8.803163170e-13	-1.193423174e-12	-4.615594455e-13	-6.758737414e-13	-1.099302725e-12	-1.422658085e-12	-1.133891425e-12	-1.385657973e-12	-1.159814110e-12	-1.680829948e-12	-1.227710447e-12	-1.499898645e-12	-1.054540878e-12	-1.317535566e-12	-1.503666478e-12	-1.160416963e-12	-1.247378531e-12	-1.680001025e-12	-7.879290713e-13	-1.016335060e-12	-7.979515050e-13	-1.020630388e-12	-1.143009579e-12	-1.602383681e-12	-1.081895340e-12	-1.112339424e-12	-1.652571206e-12	-1.154840572e-12	-4.081315848e-13	-8.657724847e-13	-9.036015201e-13	-6.496496293e-13	-1.309999902e-12	-1.061549046e-12	-6.398532655e-13	-7.065438956e-13	-3.703025494e-13	-5.100137677e-13	-2.961516115e-13	-1.877134006e-13	-2.941923388e-13	-1.369230224e-13	-6.652484546e-13	-1.157553411e-12	-2.097928973e-13	-7.335969309e-13	-1.070441130e-12	-6.829572660e-13	-6.805458534e-13	-5.084312781e-13	-6.805458534e-13	-1.778416802e-13	-5.149119495e-13	-6.459571537e-13	-8.985526249e-13	-9.708196467e-13	-8.586136035e-13	-1.074284319e-12	-9.145282335e-13	-3.607322556e-13	-6.513828321e-13	-9.189742755e-13	-7.944097427e-13	-8.602714497e-13	-1.005031563e-12	-8.929008766e-13	-1.227333663e-12	-1.989340049e-12	-1.847970985e-12	-1.659202591e-12	-1.198472069e-12	-1.806750900e-12	-1.147229551e-12	-1.423562365e-12	-1.346246448e-12	-1.680227095e-12	-1.545414058e-12	-1.701929808e-12	-1.826042201e-12	-1.882559684e-12	-1.707807627e-12	-1.499672575e-12	-1.739231347e-12	-1.979317615e-12	-2.079315882e-12	-2.230782737e-12	-2.569962992e-12	-2.150151128e-12	-2.511561593e-12	-2.556775580e-12	-2.459113369e-12	-2.297850150e-12	-2.870560646e-12	-2.497394544e-12	-2.106142848e-12	-2.372528585e-12	-2.331534570e-12	-1.888738929e-12	-2.271023185e-12	-1.714137585e-12	-2.440801704e-12	-2.299507996e-12	-1.711500102e-12	-2.087228330e-12	-2.172230624e-12	-2.136888358e-12	-1.779396438e-12	-2.036965448e-12	-1.929883657e-12	-2.350373731e-12	-2.038397224e-12	-2.036814735e-12
-2.444946320e-12	-2.519398684e-12	-3.013436843e-12	-2.885255192e-12	-3.020369654e-12	-3.043880927e-12	-2.949383696e-12	-3.048402326e-12	-3.150435222e-12	-3.248323503e-12	-2.759258882e-12	-2.468759019e-12	-2.732884057e-12	-2.716908448e-12	-2.622712643e-12	-2.494681705e-12	-2.825422016e-12	-2.477500390e-12	-2.727232309e-12	-2.702892113e-12	-2.511184810e-12	-2.593549622e-12	-2.585486461e-12	-2.257835772e-12	-2.768301680e-12	-2.130709114e-12	-2.283381675e-12	-2.884727695e-12	-2.278784919e-12	-2.446905592e-12	-2.671694462e-12	-2.802890379e-12	-2.912082157e-12	-3.037098829e-12	-2.706283162e-12	-2.943656591e-12	-2.979526353e-12	-2.867094240e-12	-2.950815472e-12	-2.725348393e-12	-3.170706160e-12	-2.809898547e-12	-2.992789123e-12	-2.855187890e-12	-2.721203777e-12	-2.822332394e-12	-2.918713542e-12	-2.868073877e-12	-2.791511526e-12	-2.784880141e-12	-2.737706882e-12	-2.349620165e-12	-2.257232919e-12	-2.239900891e-12	-2.647128196e-12	-2.643058937e-12	-1.862665530e-12	-2.823312030e-12	-2.356929759e-12	-2.898668674e-12	-2.358964389e-12	-2.199509730e-12	-2.477123607e-12	-2.539594265e-12	-2.530400754e-12	-3.138528873e-12	-2.796183638e-12	-2.840493345e-12	-2.496867048e-12	-2.783297652e-12	-2.504704139e-12	-2.167332443e-12	-2.581341846e-12	-2.632810434e-12	-2.699048924e-12	-1.993409308e-12	-2.280668835e-12	-1.672766787e-12	-2.238695185e-12	-1.513688911e-12	4.408921322e-11	2.991779344e-11	1.692359514e-11	6.398155872e-12	-3.198889544e-13	-1.731469613e-12	-2.376070347e-12	-2.585712531e-12	-2.460846572e-12	-2.396944137e-12	-2.543211384e-12	-2.417365788e-12	-2.245251213e-12	-2.091975798e-12	-2.312921479e-12	-2.601537426e-12	-2.540347831e-12	-2.637708615e-12	-2.797313988e-12	-2.808692841e-12	-2.268084276e-12	-2.300789059e-12	-2.109533897e-12	-2.596940671e-12	-2.741851498e-12	-2.886234828e-12	-3.022328927e-12	-2.917733905e-12	-3.145386327e-12	-2.692568252e-12	-2.845316170e-12	-2.788346547e-12	-2.817208142e-12	-3.108084788e-12	-3.331215812e-12	-2.912685010e-12	-2.776892337e-12	-3.111023697e-12	-2.743735414e-12	-2.369288249e-12	-2.376597843e-12	-2.591590349e-12	-2.527235775e-12	-2.201695072e-12	-2.255273646e-12	-2.823990240e-12	-2.825874156e-12	-2.621054797e-12	-2.386318851e-12	-2.729191581e-12	-2.147965785e-12	-2.123625589e-12	-2.355271913e-12	-2.177731660e-12	-2.361978654e-12	-2.375693564e-12	-2.251505814e-12	-2.494757061e-12	-2.454365900e-12	-2.628364392e-12	-2.883823415e-12	-3.160382299e-12	-2.788346547e-12	-3.237396790e-12	-2.747277176e-12	-3.250282776e-12	-3.386000092e-12	-2.824140953e-12	-2.623089426e-12	-2.497093117e-12	-2.745317903e-12	-2.529270405e-12	-2.897236898e-12	-2.310133283e-12	-2.676592644e-12	-2.548034209e-12	-2.976210661e-12	-2.593624979e-12	-2.785332281e-12	-2.743433987e-12	-2.928660619e-12	-2.191898709e-12	-2.478329313e-12	-2.272379605e-12	-2.257458989e-12	-2.568832643e-12	-2.378707829e-12	-2.772295582e-12	-2.397923774e-12	-2.837328366e-12	-2.247737982e-12	-2.839362995e-12	-3.065131501e-12	-2.705002099e-12	-2.956391864e-12	-2.846371163e-12	-2.743283274e-12	-2.266275716e-12	-2.161077841e-12	-2.519323327e-12	-2.805000365e-12	-2.625500839e-12	-2.176902736e-12	-2.544266377e-12	-2.291595549e-12	-1.910667713e-12	-2.384585648e-12	-2.723464477e-12	-2.296267661e-12	-2.598598517e-12	-2.461449425e-12	-2.785935135e-12	-3.113209040e-12	-2.974628171e-12	-2.616307329e-12	-2.894524059e-12	-3.210268398e-12	-2.894071919e-12	-2.613066993e-12	-2.454591970e-12	-2.333493843e-12	-2.373658934e-12	-2.331007074e-12	-2.237790905e-12	-2.609374517e-12	-2.117295631e-12	-2.158365002e-12	-2.343968417e-12	-2.353312640e-12	-2.411111186e-12	-1.900645279e-12	-2.715099889e-12	-2.481720362e-12	-2.873198128e-12	-2.689252560e-12	-3.281781853e-12	-2.850741848e-12	-2.498298824e-12	-2.955562941e-12	-3.143050271e-12	-3.342971448e-12	-3.292105713e-12	-2.810049261e-12	-2.797087918e-12	-2.288731996e-12	-2.575313314e-12	-2.902210436e-12	-3.011100787e-12	-3.251036342e-12	-2.945314437e-12	-2.649012112e-12	-2.183609478e-12	-2.682319749e-12	-2.522714376e-12	-2.865587107e-12	-2.592720699e-12	-2.222945646e-12	-2.745091833e-12	-2.531606460e-12	-2.379386039e-12	-2.270043549e-12	-2.190994429e-12	-1.857390565e-12	-1.902227768e-12	-2.172833478e-12	-2.427538935e-12	-2.559639132e-12	-1.594019094e-12	-1.808785530e-12	-1.993936804e-12	-2.032745476e-12
-1.964999853e-12	-2.604702405e-12	-1.927246174e-12	-2.034930819e-12	-1.985120077e-12	-2.067183463e-12	-2.901607583e-12	-2.707714938e-12	-2.609977370e-12	-2.571168699e-12	-2.484207131e-12	-2.325807465e-12	-2.431758907e-12	-2.441479914e-12	-2.710729204e-12	-2.810652114e-12	-2.588802153e-12	-1.913681978e-12	-2.280744192e-12	-1.959800245e-12	-1.960101671e-12	-1.821746873e-12	-2.235906989e-12	-1.852944523e-12	-2.071328078e-12	-2.198153310e-12	-2.388805620e-12	-2.532812167e-12	-2.462881201e-12	-2.142238680e-12	-1.963342007e-12	-1.890848915e-12	-1.650009080e-12	-2.191069786e-12	-1.840812103e-12	-2.226035268e-12	-2.492270292e-12	-1.874873307e-12	-2.050077504e-12	-2.386092781e-12	-2.097401477e-12	-2.164016750e-12	-2.000643546e-12	-2.450673425e-12	-1.872009754e-12	-2.160625701e-12	-1.939303237e-12	-2.058140665e-12	-2.113075659e-12	-2.391518459e-12	-2.622788000e-12	-2.418948277e-12	-2.402972669e-12	-2.186925170e-12	-2.468080809e-12	-2.707564225e-12	-2.759786379e-12	-2.802965736e-12	-2.445097033e-12	-2.260021115e-12	-1.979920469e-12	-2.080747658e-12	-1.644960185e-12	-1.964095573e-12	-1.983688301e-12	-1.792282425e-12	-1.994690371e-12	-1.674726060e-12	-2.107423911e-12	-2.087981896e-12	-1.914134118e-12	-1.849628831e-12	-1.676007123e-12	-2.173813114e-12	-1.837647124e-12	-1.489725498e-12	-1.842394593e-12	-1.534562702e-12	-1.858068775e-12	-1.847443488e-12	-8.826523730e-13	3.657005191e-11	1.982053062e-11	7.678615970e-12	2.666118070e-13	-1.214598391e-12	-2.210813226e-12	-2.205312191e-12	-2.308550794e-12	-2.312846122e-12	-2.793169372e-12	-2.136813002e-12	-2.090996162e-12	-2.291896975e-12	-3.018410382e-12	-2.438164222e-12	-2.511938376e-12	-2.549842768e-12	-2.328520304e-12	-2.139299771e-12	-2.028751574e-12	-2.388202767e-12	-2.343139493e-12	-2.414803662e-12	-2.397019494e-12	-2.517891551e-12	-2.074116274e-12	-2.363184361e-12	-1.952189224e-12	-2.271927465e-12	-1.886930370e-12	-2.430779271e-12	-2.571846908e-12	-2.326636388e-12	-2.697918574e-12	-2.449995215e-12	-2.389257760e-12	-2.663179161e-12	-2.581341846e-12	-2.509677677e-12	-2.514726572e-12	-1.732072466e-12	-2.199735800e-12	-2.040507211e-12	-2.480590012e-12	-2.687896140e-12	-2.859784646e-12	-2.379461396e-12	-2.442233481e-12	-2.457756949e-12	-2.752100001e-12	-2.486919970e-12	-2.344872696e-12	-2.690458266e-12	-3.044709851e-12	-3.362488819e-12	-2.961968255e-12	-2.737782239e-12	-3.034913487e-12	-2.889776590e-12	-2.683148672e-12	-2.938080199e-12	-2.494229565e-12	-3.018636452e-12	-2.991131277e-12	-2.625576196e-12	-2.951945822e-12	-3.541988345e-12	-2.542909957e-12	-3.126999306e-12	-2.943656591e-12	-2.925646353e-12	-2.911780730e-12	-2.733712980e-12	-2.384133508e-12	-2.842603331e-12	-2.729417651e-12	-2.120159183e-12	-3.089923837e-12	-2.681038686e-12	-2.790682603e-12	-3.055259781e-12	-2.696788224e-12	-3.047950186e-12	-2.648635329e-12	-2.327540668e-12	-2.493852782e-12	-2.925043500e-12	-2.912006800e-12	-3.030994941e-12	-2.994070186e-12	-2.224302066e-12	-2.534168586e-12	-2.805904645e-12	-2.517213341e-12	-2.354066207e-12	-2.261980388e-12	-2.370117172e-12	-2.339522375e-12	-2.123098092e-12	-1.624237108e-12	-1.840209250e-12	-1.998006063e-12	-2.368836109e-12	-2.793847582e-12	-2.243668723e-12	-1.731846396e-12	-2.766342407e-12	-2.558810209e-12	-2.339974514e-12	-2.073965561e-12	-2.547205286e-12	-2.649765679e-12	-2.939587332e-12	-2.634920420e-12	-3.095048089e-12	-3.347116064e-12	-3.638444850e-12	-3.452464652e-12	-3.490218331e-12	-3.735052068e-12	-3.758035844e-12	-3.332270805e-12	-3.144708117e-12	-3.414258833e-12	-3.673259619e-12	-3.161738719e-12	-3.416971673e-12	-3.504083953e-12	-3.419383085e-12	-3.044182354e-12	-2.620828727e-12	-2.273736024e-12	-2.360546878e-12	-2.538840698e-12	-2.596865314e-12	-2.525653286e-12	-2.167483156e-12	-2.439219215e-12	-2.451577704e-12	-2.090920805e-12	-2.323094626e-12	-2.299809423e-12	-2.004938874e-12	-2.734014407e-12	-2.645470350e-12	-2.645771776e-12	-2.585034321e-12	-2.252862234e-12	-3.106502299e-12	-2.685258658e-12	-3.008011165e-12	-2.845391527e-12	-2.688348280e-12	-2.915473206e-12	-2.731226211e-12	-2.539142125e-12	-2.629419385e-12	-2.750894295e-12	-2.948554773e-12	-2.725273036e-12	-2.811556394e-12	-2.466347607e-12	-2.811330324e-12	-2.738083665e-12	-2.959406129e-12	-3.245233881e-12	-2.725122323e-12	-2.302748332e-12	-1.894315321e-12	-2.219328527e-12
-2.693623245e-12	-3.045011277e-12	-3.035516340e-12	-2.710653847e-12	-2.683073315e-12	-2.570565846e-12	-2.531003607e-12	-2.448864865e-12	-2.371548948e-12	-2.619698377e-12	-2.981259556e-12	-2.759409596e-12	-2.407267998e-12	-2.855866100e-12	-2.922782800e-12	-2.702590686e-12	-2.601612783e-12	-2.403801592e-12	-2.533867160e-12	-2.467101173e-12	-2.455496250e-12	-2.595508895e-12	-2.577950797e-12	-2.084590847e-12	-2.375919634e-12	-2.846446520e-12	-2.289033423e-12	-2.778474827e-12	-2.560166629e-12	-3.213734803e-12	-2.832806967e-12	-3.083744592e-12	-3.036872760e-12	-3.298360315e-12	-3.283213629e-12	-2.764157064e-12	-3.214639083e-12	-3.224510804e-12	-2.766191694e-12	-2.814570659e-12	-2.829717345e-12	-3.168294747e-12	-2.967770717e-12	-2.490386376e-12	-2.652629231e-12	-2.367931829e-12	-2.360546878e-12	-2.750291442e-12	-2.667549847e-12	-2.424072529e-12	-2.433341396e-12	-2.245326569e-12	-2.683224029e-12	-2.669810546e-12	-3.001907277e-12	-2.845014744e-12	-2.842829401e-12	-2.970408199e-12	-3.115243669e-12	-3.213508733e-12	-2.946972283e-12	-3.554346835e-12	-3.498582918e-12	-2.887063751e-12	-3.127828229e-12	-3.295873546e-12	-3.580420234e-12	-3.205144146e-12	-2.963626101e-12	-3.221797964e-12	-3.504837520e-12	-3.091657040e-12	-2.612539496e-12	-2.591665706e-12	-2.731452281e-12	-3.054430858e-12	-2.809220338e-12	-3.225415083e-12	-2.573278685e-12	-2.477425033e-12	-2.698446071e-12	-1.806901614e-12	3.560624043e-11	1.402537861e-11	2.098983966e-12	-1.900193139e-12	-2.381646739e-12	-2.587671804e-12	-2.626480475e-12	-2.476746824e-12	-2.603496699e-12	-2.336734179e-12	-2.522563663e-12	-2.715024532e-12	-2.985856311e-12	-2.783448365e-12	-3.196252062e-12	-3.291502860e-12	-3.030392088e-12	-2.698370714e-12	-3.068070410e-12	-2.882768422e-12	-3.092109180e-12	-3.281631140e-12	-3.069351473e-12	-2.882165569e-12	-3.431515505e-12	-3.566479255e-12	-3.508982135e-12	-3.666929661e-12	-3.582304150e-12	-3.484114443e-12	-3.316445909e-12	-3.116072593e-12	-3.221647251e-12	-3.084573515e-12	-3.098966634e-12	-2.941697318e-12	-3.363242385e-12	-3.302052790e-12	-3.426315897e-12	-3.336038637e-12	-3.025117123e-12	-3.224887587e-12	-2.408398347e-12	-3.068145767e-12	-2.952699388e-12	-2.770562379e-12	-2.714421679e-12	-2.274791017e-12	-3.258722720e-12	-2.654588504e-12	-3.090752760e-12	-2.797766128e-12	-2.583753258e-12	-2.796485065e-12	-2.412316893e-12	-2.707262798e-12	-2.955261514e-12	-2.969729990e-12	-3.224510804e-12	-3.019013235e-12	-3.031899221e-12	-3.217351922e-12	-2.401239466e-12	-2.854208254e-12	-3.193689936e-12	-3.343725015e-12	-3.404236400e-12	-3.207781629e-12	-3.284720762e-12	-3.112681544e-12	-3.141543138e-12	-3.301676007e-12	-2.878171667e-12	-3.217050496e-12	-2.953754381e-12	-2.685032588e-12	-3.060911529e-12	-2.949835836e-12	-2.701234266e-12	-2.461449425e-12	-2.298377647e-12	-2.350298375e-12	-2.919014968e-12	-3.035817767e-12	-2.717888085e-12	-2.954507947e-12	-2.841397625e-12	-2.577950797e-12	-2.730472644e-12	-3.279897937e-12	-3.075078578e-12	-2.825798799e-12	-2.736049036e-12	-2.662576308e-12	-2.820975974e-12	-3.033707780e-12	-2.791210100e-12	-2.991281990e-12	-3.020671081e-12	-3.505138946e-12	-2.815022799e-12	-3.104844453e-12	-2.860688926e-12	-2.927454912e-12	-2.974176032e-12	-2.708996001e-12	-2.932880591e-12	-2.713517399e-12	-3.176659334e-12	-3.145235614e-12	-3.083819949e-12	-3.097610215e-12	-2.735898323e-12	-2.705002099e-12	-2.833259107e-12	-2.822407750e-12	-2.672071245e-12	-3.198437405e-12	-3.422246638e-12	-3.240260342e-12	-3.146441320e-12	-2.968448927e-12	-3.086457431e-12	-3.402955337e-12	-3.521189912e-12	-2.769130603e-12	-3.313733070e-12	-3.424205911e-12	-2.972292116e-12	-3.396323952e-12	-3.566931395e-12	-3.291050720e-12	-3.338751476e-12	-3.192333516e-12	-3.003414410e-12	-3.044935920e-12	-2.590233930e-12	-3.026398186e-12	-3.223305097e-12	-2.973271752e-12	-2.781338379e-12	-2.969127136e-12	-2.736877959e-12	-2.924214577e-12	-3.569719590e-12	-3.553743982e-12	-2.899648311e-12	-2.609299161e-12	-2.846521876e-12	-2.432512473e-12	-2.571771552e-12	-2.607942741e-12	-2.778625540e-12	-2.450748781e-12	-2.734918686e-12	-2.484357845e-12	-2.537634992e-12	-2.636502909e-12	-2.250149395e-12	-2.550747048e-12	-2.165147100e-12	-2.631227944e-12	-2.300336920e-12	-2.531907887e-12	-2.706810658e-12	-2.259870402e-12	-2.397999130e-12	-2.664234154e-12	-2.498524894e-12
-2.511561593e-12	-2.658959189e-12	-2.552103468e-12	-2.634618993e-12	-2.201619716e-12	-2.136963715e-12	-2.733486910e-12	-2.558433426e-12	-2.702666043e-12	-2.383606011e-12	-2.689101847e-12	-2.215485338e-12	-1.954902063e-12	-2.551274545e-12	-2.470266152e-12	-2.185493394e-12	-2.488125677e-12	-2.738535805e-12	-2.621808364e-12	-2.307872584e-12	-2.828586995e-12	-2.780434099e-12	-3.111023697e-12	-2.365897200e-12	-2.753531778e-12	-2.789250827e-12	-2.507718404e-12	-2.682093679e-12	-3.125115390e-12	-2.619547664e-12	-2.703118183e-12	-2.571168699e-12	-2.681867609e-12	-2.524522936e-12	-2.747126463e-12	-2.721279134e-12	-2.719018434e-12	-3.342443952e-12	-3.113133683e-12	-2.866717457e-12	-2.854434324e-12	-3.389692567e-12	-2.856770380e-12	-3.266861238e-12	-3.156388397e-12	-2.964982521e-12	-3.273492622e-12	-2.986986661e-12	-3.399639645e-12	-3.282761489e-12	-3.263771615e-12	-3.395042889e-12	-3.054656928e-12	-3.365578441e-12	-3.300018161e-12	-3.583208430e-12	-3.380574414e-12	-2.756546043e-12	-2.514500502e-12	-3.253598468e-12	-3.300621014e-12	-3.104015529e-12	-2.783071582e-12	-2.883371275e-12	-2.995275892e-12	-3.093088816e-12	-3.900158475e-12	-3.389315784e-12	-2.900627947e-12	-2.843055471e-12	-3.253899895e-12	-3.173268285e-12	-2.825874156e-12	-3.463089939e-12	-2.816605289e-12	-2.919391751e-12	-3.130390355e-12	-3.335661854e-12	-3.087210998e-12	-3.299942804e-12	-3.185852845e-12	-3.334305434e-12	5.079399528e-11	2.118124554e-11	3.423678414e-12	-2.520905817e-12	-3.034838130e-12	-3.084196732e-12	-3.154655194e-12	-3.444702918e-12	-3.755323005e-12	-3.103261963e-12	-3.568137101e-12	-3.258044510e-12	-2.983444899e-12	-3.906789860e-12	-3.951325636e-12	-3.706944039e-12	-3.550880429e-12	-3.613275731e-12	-3.509660345e-12	-2.958049710e-12	-3.401297491e-12	-2.809521764e-12	-3.147722383e-12	-3.433700848e-12	-3.235286804e-12	-3.308232035e-12	-3.105296592e-12	-3.707471536e-12	-3.387205798e-12	-2.995200535e-12	-2.990000927e-12	-2.720374854e-12	-3.327146553e-12	-3.204692006e-12	-3.327447979e-12	-3.588408038e-12	-3.308684175e-12	-3.304916343e-12	-3.193689936e-12	-3.142899558e-12	-3.100549124e-12	-2.883597345e-12	-3.264675895e-12	-3.283665769e-12	-3.506570723e-12	-3.214865153e-12	-3.123758970e-12	-2.998666941e-12	-2.903566856e-12	-3.210419111e-12	-3.228655419e-12	-3.549071870e-12	-3.003414410e-12	-3.565499618e-12	-3.435961547e-12	-3.486676569e-12	-3.555929325e-12	-3.574467059e-12	-3.341841098e-12	-3.247268510e-12	-3.542515842e-12	-3.799934138e-12	-3.542440485e-12	-3.307026329e-12	-3.417348456e-12	-3.612371451e-12	-3.281254357e-12	-3.102056257e-12	-3.486149072e-12	-3.571000653e-12	-2.953603668e-12	-3.215844789e-12	-3.159779446e-12	-3.475900568e-12	-3.370928763e-12	-3.496397576e-12	-3.556908961e-12	-3.685392039e-12	-3.537316233e-12	-3.871221524e-12	-3.268820510e-12	-3.703251564e-12	-3.508680709e-12	-3.526690947e-12	-3.669190361e-12	-3.577330611e-12	-3.708978669e-12	-3.313883783e-12	-3.224058664e-12	-3.523149184e-12	-3.562862136e-12	-4.106484967e-12	-3.931958979e-12	-4.260137164e-12	-4.073629470e-12	-3.802044124e-12	-4.045295372e-12	-3.460377100e-12	-3.453971785e-12	-3.484868009e-12	-3.264600538e-12	-3.283213629e-12	-3.025795333e-12	-3.330311532e-12	-3.378313714e-12	-3.101754830e-12	-3.251563839e-12	-3.476201995e-12	-3.316973406e-12	-3.476503422e-12	-3.254578105e-12	-3.127300733e-12	-3.624277801e-12	-3.344553938e-12	-3.530609492e-12	-3.607397912e-12	-3.313657714e-12	-3.083292452e-12	-3.347342133e-12	-3.326920483e-12	-3.356535644e-12	-3.783506390e-12	-3.454725351e-12	-3.176885404e-12	-3.313280930e-12	-3.214488370e-12	-3.256537377e-12	-3.066638634e-12	-3.269875503e-12	-3.214186943e-12	-3.442743645e-12	-3.098514494e-12	-3.219461908e-12	-3.411244568e-12	-3.059781179e-12	-3.421040931e-12	-3.725557131e-12	-3.351336036e-12	-3.520436345e-12	-3.171384369e-12	-3.420890218e-12	-3.583585213e-12	-3.381629407e-12	-3.325262637e-12	-3.297154608e-12	-3.553141129e-12	-3.329482609e-12	-3.588483395e-12	-3.269046580e-12	-3.189620677e-12	-3.238753209e-12	-3.525409884e-12	-4.077171232e-12	-3.571754220e-12	-3.724200711e-12	-3.780341411e-12	-4.248532241e-12	-3.933918252e-12	-3.881394671e-12	-3.151866999e-12	-3.474468792e-12	-3.385397239e-12	-3.037550969e-12	-3.372888036e-12	-3.209213405e-12	-3.145537040e-12	-3.383965463e-12	-3.120820061e-12	-3.683055983e-12
-3.322926581e-12	-3.462110303e-12	-3.642589465e-12	-3.081107110e-12	-3.613878584e-12	-3.470098107e-12	-3.629326696e-12	-2.990905207e-12	-3.591874444e-12	-3.636711647e-12	-3.907995566e-12	-3.522772401e-12	-3.907844853e-12	-3.942885692e-12	-4.063531680e-12	-4.035423651e-12	-3.999478532e-12	-3.666251452e-12	-3.298209601e-12	-3.365879868e-12	-3.252844902e-12	-4.060366701e-12	-3.564218555e-12	-3.300696371e-12	-3.222777601e-12	-3.597300122e-12	-3.658640430e-12	-3.605513996e-12	-3.508379282e-12	-3.900007762e-12	-3.158347670e-12	-3.768058278e-12	-3.014491836e-12	-3.406647812e-12	-3.518627786e-12	-3.650727983e-12	-3.383437966e-12	-3.359323840e-12	-3.486525855e-12	-3.259250216e-12	-3.820129719e-12	-3.486450499e-12	-3.681925634e-12	-3.746054138e-12	-3.790062418e-12	-3.889156405e-12	-3.940172853e-12	-3.170781516e-12	-3.141844565e-12	-3.367462357e-12	-3.600465101e-12	-3.511092121e-12	-3.881771454e-12	-3.803249831e-12	-3.405442106e-12	-3.434002274e-12	-3.385246525e-12	-3.582454863e-12	-3.687200599e-12	-3.027905319e-12	-3.524957744e-12	-3.676424599e-12	-3.517798863e-12	-3.410491001e-12	-3.441613295e-12	-3.943187119e-12	-3.775518586e-12	-3.783657103e-12	-3.368668064e-12	-3.534377324e-12	-3.557285744e-12	-3.436489044e-12	-3.643267675e-12	-3.498884345e-12	-3.673636403e-12	-3.555703255e-12	-3.211323391e-12	-3.352993882e-12	-3.783958530e-12	-3.428953379e-12	-3.327146553e-12	-3.738518473e-12	-2.379762822e-12	2.767615934e-11	6.537791734e-12	-3.072516452e-12	-3.749369830e-12	-3.947708517e-12	-4.089077582e-12	-4.128865890e-12	-3.880339678e-12	-3.998498896e-12	-4.090283288e-12	-3.785164236e-12	-4.190206198e-12	-4.745057169e-12	-4.288019123e-12	-4.507683740e-12	-4.706399211e-12	-3.931883622e-12	-4.029545833e-12	-4.291485528e-12	-3.789685635e-12	-3.976720825e-12	-3.996388910e-12	-4.048912491e-12	-3.852533076e-12	-3.632793102e-12	-3.666025382e-12	-3.330914385e-12	-3.621489605e-12	-3.249604566e-12	-3.238451783e-12	-3.214714440e-12	-3.162567642e-12	-3.758940124e-12	-3.682905270e-12	-3.651029409e-12	-3.760070474e-12	-3.881168601e-12	-3.605890780e-12	-3.565122835e-12	-3.852156293e-12	-3.531513772e-12	-3.336942917e-12	-3.447340400e-12	-3.759618334e-12	-3.478161268e-12	-3.179522887e-12	-3.921861189e-12	-3.833693915e-12	-3.584640206e-12	-3.807017663e-12	-3.844695985e-12	-3.893527090e-12	-3.577782751e-12	-3.642589465e-12	-3.664066109e-12	-3.715911480e-12	-3.668135368e-12	-3.969411231e-12	-4.137305834e-12	-3.982900070e-12	-3.566629968e-12	-3.652009046e-12	-3.825253971e-12	-3.762783313e-12	-3.733168152e-12	-4.140169387e-12	-4.097894309e-12	-3.561430360e-12	-3.540933352e-12	-3.902193104e-12	-4.030977609e-12	-3.837235677e-12	-3.881319314e-12	-4.320271766e-12	-3.758337271e-12	-3.691721997e-12	-4.204297891e-12	-4.007315623e-12	-3.963156630e-12	-3.980940798e-12	-4.123892352e-12	-4.086816883e-12	-3.845901691e-12	-3.880038251e-12	-3.805284460e-12	-3.717343256e-12	-3.931054699e-12	-3.640102696e-12	-3.651782976e-12	-3.754268012e-12	-3.650275843e-12	-3.505365016e-12	-3.596621912e-12	-3.766325075e-12	-4.273098507e-12	-4.084857610e-12	-3.503707170e-12	-3.542967982e-12	-3.651707619e-12	-3.569945660e-12	-3.628949913e-12	-4.124796631e-12	-4.456064439e-12	-4.247175821e-12	-3.769037914e-12	-3.821109355e-12	-3.692927704e-12	-3.698127312e-12	-3.593004793e-12	-3.773408600e-12	-4.255465052e-12	-3.680343144e-12	-3.656379731e-12	-3.883504657e-12	-4.310475402e-12	-3.993525357e-12	-3.748691620e-12	-3.564218555e-12	-3.275979391e-12	-3.116976872e-12	-3.278466161e-12	-3.322173014e-12	-3.087813851e-12	-3.409134582e-12	-3.352089602e-12	-3.636108794e-12	-3.492252960e-12	-3.492328317e-12	-3.738669187e-12	-3.405969603e-12	-4.081617274e-12	-3.123834327e-12	-3.318028399e-12	-3.006956172e-12	-3.311999867e-12	-3.412600987e-12	-3.506344653e-12	-3.663463256e-12	-3.710636515e-12	-3.490142974e-12	-3.441311869e-12	-3.781170334e-12	-3.899178839e-12	-4.311078256e-12	-4.319894983e-12	-3.623222808e-12	-3.678082445e-12	-3.773860739e-12	-3.861500517e-12	-3.414786330e-12	-3.343498945e-12	-3.715383984e-12	-3.389993994e-12	-3.107255865e-12	-3.218482272e-12	-3.276431531e-12	-3.339429686e-12	-3.421342358e-12	-3.673184263e-12	-3.451334302e-12	-3.612898947e-12	-3.384945099e-12	-3.660524347e-12	-3.703552990e-12	-4.011083455e-12	-4.211155345e-12	-3.645754444e-12	-3.821938278e-12
-4.745660022e-12	-4.401280159e-12	-4.611901979e-12	-4.215827457e-12	-4.994035522e-12	-4.594268524e-12	-4.785071547e-12	-4.468196859e-12	-4.692382875e-12	-4.438732411e-12	-4.930886654e-12	-4.721998036e-12	-4.922145283e-12	-4.954473283e-12	-4.539107461e-12	-4.386585613e-12	-4.368123235e-12	-4.450337334e-12	-4.829833394e-12	-4.647696385e-12	-4.013193441e-12	-4.329314564e-12	-3.929020070e-12	-4.129544100e-12	-4.424263935e-12	-4.862990317e-12	-4.841664387e-12	-4.125474841e-12	-4.278072045e-12	-4.679647602e-12	-4.620567993e-12	-4.390654872e-12	-4.391935935e-12	-4.072649833e-12	-4.185006590e-12	-4.884316248e-12	-4.258328605e-12	-4.245819402e-12	-3.906262363e-12	-4.176189863e-12	-4.493139908e-12	-4.793059352e-12	-4.679722959e-12	-4.289827682e-12	-4.249135094e-12	-4.752442120e-12	-4.961933591e-12	-4.555911992e-12	-5.002701536e-12	-4.346194452e-12	-4.299021193e-12	-4.180183765e-12	-4.082295484e-12	-4.243483346e-12	-4.221554562e-12	-4.466915796e-12	-4.366766816e-12	-4.545889559e-12	-4.606250231e-12	-4.910088220e-12	-4.542950650e-12	-4.547245978e-12	-4.868265283e-12	-4.885295884e-12	-4.885521954e-12	-4.916418178e-12	-4.754326037e-12	-5.149119495e-12	-5.021389983e-12	-4.656287043e-12	-4.877383436e-12	-4.604215601e-12	-4.104601051e-12	-4.335343095e-12	-4.095708967e-12	-4.336473445e-12	-4.369178228e-12	-4.728855491e-12	-4.528934314e-12	-4.542121727e-12	-4.202338618e-12	-4.340994843e-12	-3.749219117e-12	2.633639357e-11	5.705025459e-12	-3.554648262e-12	-4.374528550e-12	-4.437752774e-12	-4.677763686e-12	-5.103604082e-12	-4.861859968e-12	-4.794038988e-12	-5.341505008e-12	-5.156579803e-12	-4.880849842e-12	-5.422362687e-12	-5.435248673e-12	-5.175720391e-12	-5.643082298e-12	-5.769756817e-12	-5.841722412e-12	-4.739103994e-12	-4.827648051e-12	-5.142111327e-12	-4.985595577e-12	-5.333291134e-12	-5.297195301e-12	-5.148742712e-12	-5.551373262e-12	-4.927118822e-12	-5.327036532e-12	-4.764649897e-12	-4.604366315e-12	-4.779796582e-12	-4.943546570e-12	-5.051381928e-12	-4.883562681e-12	-4.862086038e-12	-5.510982101e-12	-5.220030097e-12	-5.187777454e-12	-5.320329791e-12	-4.570455825e-12	-5.224024000e-12	-4.766307743e-12	-4.720264833e-12	-4.750106064e-12	-4.951835801e-12	-5.281822546e-12	-5.256352000e-12	-4.970448892e-12	-5.134651020e-12	-5.165999384e-12	-5.289282853e-12	-5.454313904e-12	-5.255372364e-12	-5.250248112e-12	-4.867963856e-12	-4.629535434e-12	-4.717099854e-12	-5.162683691e-12	-5.377148701e-12	-5.237362126e-12	-5.186496391e-12	-4.989061983e-12	-5.392898239e-12	-5.159443356e-12	-5.429069428e-12	-4.953192220e-12	-5.024705676e-12	-5.031487774e-12	-5.021540697e-12	-4.584246091e-12	-4.558021979e-12	-4.927495605e-12	-5.241958881e-12	-5.265545511e-12	-5.204205202e-12	-5.449717149e-12	-4.955377563e-12	-4.954473283e-12	-4.571284748e-12	-5.111215103e-12	-5.168034013e-12	-5.544741877e-12	-4.632700413e-12	-4.982129172e-12	-4.886878374e-12	-4.352825836e-12	-4.522378286e-12	-4.592761391e-12	-5.045880893e-12	-5.100288390e-12	-5.206541258e-12	-4.851385394e-12	-4.973915298e-12	-4.957487549e-12	-4.948218682e-12	-4.727348358e-12	-4.476184663e-12	-4.701199602e-12	-4.852515744e-12	-4.840760107e-12	-4.176415933e-12	-4.416200774e-12	-4.435793502e-12	-4.455386229e-12	-4.844603296e-12	-4.845206149e-12	-5.056280110e-12	-4.813556359e-12	-4.524036132e-12	-4.855605366e-12	-4.518309027e-12	-4.794114345e-12	-4.892605479e-12	-4.953795074e-12	-5.323419413e-12	-4.785222261e-12	-5.141809901e-12	-4.690122176e-12	-5.171726489e-12	-4.673995854e-12	-4.446946285e-12	-4.187644072e-12	-4.420043963e-12	-4.531873223e-12	-4.643401056e-12	-4.544382426e-12	-4.548074901e-12	-4.458174425e-12	-4.291184102e-12	-4.288772689e-12	-4.150643960e-12	-4.662767714e-12	-4.627350091e-12	-4.473773250e-12	-3.908447706e-12	-4.235269472e-12	-4.496154174e-12	-4.300679039e-12	-4.389147739e-12	-3.803626614e-12	-4.481836411e-12	-4.246422255e-12	-4.299322619e-12	-4.031731176e-12	-4.110328156e-12	-4.315147514e-12	-4.214018898e-12	-4.266014982e-12	-4.742645757e-12	-4.663219854e-12	-4.849652191e-12	-4.390654872e-12	-4.827874121e-12	-5.005188305e-12	-4.393895208e-12	-4.985369508e-12	-4.621547630e-12	-4.332931682e-12	-4.112287428e-12	-4.247929388e-12	-4.397060187e-12	-4.217183877e-12	-4.356744382e-12	-4.964194291e-12	-4.699466400e-12	-4.443932019e-12	-4.195782590e-12	-3.901740965e-12
-4.721395183e-12	-4.650484581e-12	-4.597132077e-12	-4.721018400e-12	-4.660582371e-12	-4.818454541e-12	-4.587938566e-12	-4.825311995e-12	-4.512205139e-12	-4.238208381e-12	-4.739782204e-12	-5.224852923e-12	-4.918980304e-12	-4.892906905e-12	-4.789216163e-12	-4.655759546e-12	-4.928475241e-12	-4.998858347e-12	-4.537524971e-12	-4.859599268e-12	-4.528858957e-12	-4.353654760e-12	-4.633453979e-12	-4.863819241e-12	-4.515144048e-12	-5.037968445e-12	-4.469628635e-12	-4.687560050e-12	-4.685450064e-12	-4.404897278e-12	-4.429463544e-12	-4.466312943e-12	-4.702405309e-12	-4.294123011e-12	-4.137456547e-12	-4.312660745e-12	-4.312886815e-12	-4.553575937e-12	-4.434286369e-12	-4.490653139e-12	-4.082747624e-12	-4.392162005e-12	-4.318387850e-12	-4.182067681e-12	-5.044373760e-12	-5.012347186e-12	-4.406931907e-12	-4.937819465e-12	-4.374076410e-12	-4.580628972e-12	-4.599769559e-12	-4.379502089e-12	-4.684319714e-12	-4.708057057e-12	-4.218766367e-12	-4.810014597e-12	-5.177830377e-12	-4.344762676e-12	-4.245141192e-12	-4.255238982e-12	-4.261418227e-12	-4.147102198e-12	-4.277469192e-12	-4.329163850e-12	-4.479048215e-12	-4.434135656e-12	-4.720415547e-12	-4.713105952e-12	-4.603235965e-12	-4.695020358e-12	-4.223438478e-12	-4.412659012e-12	-4.420646816e-12	-4.565180860e-12	-4.723505169e-12	-4.172798814e-12	-3.979132238e-12	-4.361567207e-12	-4.014097721e-12	-3.767681495e-12	-4.107163177e-12	-4.015002001e-12	-4.070238421e-12	3.020151120e-11	9.260804070e-12	-2.511636950e-12	-4.287039486e-12	-4.581307182e-12	-4.527653251e-12	-4.522679712e-12	-4.623356189e-12	-4.487563516e-12	-4.463976887e-12	-4.502634845e-12	-4.015529497e-12	-4.477465726e-12	-4.385078480e-12	-4.467367936e-12	-4.418461474e-12	-4.370911431e-12	-4.166468855e-12	-4.135271205e-12	-4.163605303e-12	-4.670001952e-12	-4.373021417e-12	-3.884032153e-12	-3.913044461e-12	-3.680870641e-12	-4.239640157e-12	-3.886292852e-12	-4.626671881e-12	-4.330520270e-12	-3.713876851e-12	-4.352976550e-12	-3.985160770e-12	-3.822013635e-12	-4.025401218e-12	-3.928794000e-12	-4.327355291e-12	-4.444233446e-12	-3.678082445e-12	-4.140320100e-12	-4.083425834e-12	-4.007315623e-12	-4.134216212e-12	-4.420119320e-12	-3.933466112e-12	-4.008144546e-12	-4.106484967e-12	-4.383269921e-12	-4.724861589e-12	-4.677688329e-12	-4.658321672e-12	-4.211004632e-12	-4.328485640e-12	-3.984708630e-12	-4.176717359e-12	-4.038061134e-12	-3.843113495e-12	-4.170387401e-12	-4.050042840e-12	-3.762105103e-12	-4.337377724e-12	-4.069258785e-12	-4.458325138e-12	-4.488241726e-12	-4.154110366e-12	-4.696678204e-12	-4.375357473e-12	-4.121330226e-12	-4.146800771e-12	-4.273173864e-12	-4.700370679e-12	-4.512732635e-12	-5.129376055e-12	-4.333233109e-12	-4.533304999e-12	-4.594645308e-12	-4.769548079e-12	-4.753421757e-12	-4.596227797e-12	-4.216656380e-12	-4.303391878e-12	-4.278147402e-12	-4.620794063e-12	-4.844452583e-12	-4.617403014e-12	-4.500524859e-12	-4.242352996e-12	-4.609641280e-12	-4.609038427e-12	-4.351167990e-12	-4.936613759e-12	-4.684696497e-12	-4.532400720e-12	-4.793436135e-12	-4.222684912e-12	-4.620417280e-12	-4.339261641e-12	-3.753589802e-12	-4.225849891e-12	-4.140772240e-12	-4.866908863e-12	-4.765177393e-12	-5.033220977e-12	-4.376864606e-12	-4.384400270e-12	-4.380783151e-12	-4.502936272e-12	-4.313037528e-12	-4.514239768e-12	-4.379426732e-12	-4.656287043e-12	-4.699617113e-12	-4.468272215e-12	-4.223739905e-12	-4.407459403e-12	-4.471889334e-12	-4.684093644e-12	-4.332705612e-12	-4.553425223e-12	-4.212662478e-12	-4.595248161e-12	-4.542875293e-12	-4.655910259e-12	-4.572339741e-12	-4.675729057e-12	-4.710016330e-12	-4.375658900e-12	-4.138134757e-12	-4.282292018e-12	-4.424037865e-12	-4.669022315e-12	-4.502333418e-12	-4.325094591e-12	-4.353805473e-12	-4.426750704e-12	-4.580176832e-12	-4.145971848e-12	-4.148684687e-12	-4.124796631e-12	-4.439033837e-12	-4.144615429e-12	-4.076493022e-12	-4.170914897e-12	-3.916887650e-12	-3.718322893e-12	-4.208216436e-12	-3.494136876e-12	-3.551106499e-12	-4.068429861e-12	-3.854793775e-12	-3.646508011e-12	-4.144540072e-12	-3.740553103e-12	-3.708601886e-12	-3.862781580e-12	-4.009576322e-12	-3.753589802e-12	-3.953209553e-12	-3.858938391e-12	-3.759467620e-12	-3.532493408e-12	-3.986291119e-12	-4.305049724e-12	-4.137682617e-12	-4.926139185e-12	-4.567366202e-12	-4.290807318e-12	-4.255540409e-12	-4.519966873e-12
-4.021482672e-12	-3.629778836e-12	-3.755549075e-12	-3.954942755e-12	-3.332873658e-12	-4.234591262e-12	-3.947633161e-12	-3.774011453e-12	-4.284326647e-12	-3.967527315e-12	-4.092845414e-12	-4.696904274e-12	-4.224267402e-12	-4.579724692e-12	-4.194878310e-12	-4.560282678e-12	-4.595474231e-12	-4.470005418e-12	-4.915664612e-12	-4.277318479e-12	-4.690046819e-12	-5.148139859e-12	-4.681154735e-12	-4.783036918e-12	-4.542272440e-12	-4.922220640e-12	-4.404595851e-12	-4.398642676e-12	-4.681230092e-12	-4.709338120e-12	-4.505423041e-12	-4.281689164e-12	-4.090358645e-12	-4.359834004e-12	-4.887481227e-12	-4.039417553e-12	-4.223739905e-12	-4.168503485e-12	-4.399170173e-12	-4.474451460e-12	-4.793210065e-12	-4.419817893e-12	-4.692759658e-12	-4.836992275e-12	-4.681079378e-12	-4.528482174e-12	-4.913705339e-12	-5.098856614e-12	-4.591329615e-12	-4.620266567e-12	-4.918528164e-12	-4.578895769e-12	-4.703535658e-12	-4.861709254e-12	-4.483494257e-12	-4.568496552e-12	-4.586431433e-12	-4.763670260e-12	-4.942943717e-12	-5.016039662e-12	-5.393048952e-12	-5.333215777e-12	-4.981375605e-12	-5.206993398e-12	-4.605195238e-12	-5.046031606e-12	-4.513260132e-12	-4.623205476e-12	-4.855605366e-12	-4.311304326e-12	-4.650258511e-12	-4.782132638e-12	-4.823428079e-12	-5.056204753e-12	-4.980169899e-12	-4.774220191e-12	-4.782886205e-12	-4.534209279e-12	-4.617026231e-12	-4.713181309e-12	-4.913856052e-12	-4.350791207e-12	-4.205126814e-12	-4.127057331e-12	2.139706697e-11	-1.103673410e-12	-4.220122786e-12	-4.431272103e-12	-4.380707795e-12	-4.095935037e-12	-4.440239544e-12	-4.440314900e-12	-4.533229643e-12	-4.476486090e-12	-4.577313279e-12	-4.623582259e-12	-4.888913003e-12	-4.832847660e-12	-4.784016554e-12	-5.395083582e-12	-5.384533652e-12	-4.643476413e-12	-4.777385170e-12	-5.270594406e-12	-4.756209953e-12	-4.486282453e-12	-4.707454204e-12	-4.628932581e-12	-4.699240330e-12	-4.871656332e-12	-4.775350540e-12	-5.103754796e-12	-4.533380356e-12	-4.610620916e-12	-4.686505057e-12	-4.673242287e-12	-4.695020358e-12	-4.666158763e-12	-4.206407877e-12	-4.604893811e-12	-4.765403463e-12	-4.318387850e-12	-4.902627912e-12	-4.252375430e-12	-4.254786842e-12	-4.626144385e-12	-4.087193666e-12	-4.424188578e-12	-4.531421083e-12	-4.675050847e-12	-4.366766816e-12	-4.090509358e-12	-4.679195462e-12	-4.782283352e-12	-4.206709303e-12	-4.450488047e-12	-4.600070986e-12	-4.236324465e-12	-4.447172355e-12	-4.490050285e-12	-4.944074067e-12	-4.739028638e-12	-4.556288776e-12	-4.329615990e-12	-4.596378510e-12	-4.487186733e-12	-4.990343046e-12	-4.517781531e-12	-4.802931072e-12	-4.736165085e-12	-4.550335601e-12	-4.450111264e-12	-4.429991040e-12	-4.570380468e-12	-4.762841337e-12	-5.210083020e-12	-4.858770345e-12	-4.322457109e-12	-4.476335376e-12	-4.737898288e-12	-4.878965926e-12	-4.849426121e-12	-4.898483297e-12	-4.903908975e-12	-4.894640108e-12	-4.691101812e-12	-5.124477873e-12	-5.477297681e-12	-4.938949815e-12	-4.983485591e-12	-5.244445650e-12	-5.260345902e-12	-5.157936223e-12	-5.770736453e-12	-5.129978908e-12	-4.916418178e-12	-4.844075800e-12	-4.414693641e-12	-4.916945675e-12	-4.880246989e-12	-4.957713619e-12	-5.426884086e-12	-4.943546570e-12	-4.880774485e-12	-4.555309139e-12	-4.786729394e-12	-4.989740193e-12	-5.177905733e-12	-4.343029473e-12	-5.222366153e-12	-4.833978009e-12	-5.116942208e-12	-5.114078656e-12	-5.230956811e-12	-5.123347523e-12	-5.082428865e-12	-5.134500306e-12	-4.505272328e-12	-5.253940587e-12	-4.608360217e-12	-4.553199153e-12	-5.151530908e-12	-4.592007825e-12	-4.951685088e-12	-4.963139298e-12	-5.059671159e-12	-4.658170959e-12	-4.795169338e-12	-5.052436921e-12	-5.082579579e-12	-5.157258013e-12	-5.277075077e-12	-4.898483297e-12	-5.067508250e-12	-5.614145346e-12	-5.114455439e-12	-5.448285373e-12	-5.927176846e-12	-5.012573256e-12	-5.362454155e-12	-4.989815550e-12	-5.173685761e-12	-5.370140533e-12	-5.526279499e-12	-5.219276531e-12	-5.059143662e-12	-4.770527715e-12	-5.401338183e-12	-5.307067021e-12	-5.878270384e-12	-5.248138126e-12	-5.267504783e-12	-5.233292867e-12	-5.214227636e-12	-5.143317034e-12	-4.583944664e-12	-4.466614369e-12	-4.470457558e-12	-4.534284636e-12	-4.336322731e-12	-4.380029585e-12	-4.373398200e-12	-3.961197357e-12	-4.353579403e-12	-4.387866676e-12	-4.357121165e-12	-4.544231713e-12	-4.658246315e-12	-4.773089841e-12	-4.879870206e-12	-4.657869532e-12
-4.393970564e-12	-4.201132912e-12	-4.514767265e-12	-4.540539237e-12	-4.765704890e-12	-4.466162229e-12	-4.929756304e-12	-5.245877426e-12	-4.219595290e-12	-4.468875068e-12	-4.946937619e-12	-5.107371914e-12	-5.102323019e-12	-4.814385282e-12	-4.949725815e-12	-4.977004920e-12	-5.036612026e-12	-5.185968894e-12	-5.079791383e-12	-4.951006878e-12	-5.228620755e-12	-5.211439440e-12	-5.004057955e-12	-5.068487886e-12	-4.616197308e-12	-5.009106850e-12	-4.815892415e-12	-5.063212921e-12	-5.068638599e-12	-4.979793116e-12	-5.019958207e-12	-4.982355242e-12	-4.911595353e-12	-4.580478258e-12	-5.103980865e-12	-4.222232772e-12	-4.998707634e-12	-4.539258174e-12	-4.937442682e-12	-4.966153563e-12	-4.327807431e-12	-4.235721611e-12	-4.865552443e-12	-4.896373311e-12	-4.850481114e-12	-4.868868136e-12	-4.945204416e-12	-4.849426121e-12	-5.269614769e-12	-4.377392102e-12	-4.781077645e-12	-5.021088557e-12	-4.560131965e-12	-5.160498349e-12	-5.449717149e-12	-4.831415884e-12	-4.699617113e-12	-4.087118309e-12	-4.293972297e-12	-4.537072831e-12	-4.306707570e-12	-4.580930398e-12	-4.089680435e-12	-4.345139459e-12	-4.586506790e-12	-4.338809501e-12	-4.027059064e-12	-4.459756915e-12	-4.190281555e-12	-4.433457446e-12	-4.570229755e-12	-4.772185561e-12	-4.374302480e-12	-4.593891741e-12	-4.587561783e-12	-4.598413140e-12	-4.855756080e-12	-5.006544725e-12	-4.992453032e-12	-4.947088332e-12	-4.433608159e-12	-4.721545896e-12	-4.450563404e-12	-4.483569614e-12	3.020475154e-11	4.315675011e-13	-4.934202346e-12	-5.127416782e-12	-5.435550100e-12	-5.480085876e-12	-4.959220752e-12	-4.884919101e-12	-4.982430598e-12	-4.535038202e-12	-4.768191659e-12	-5.044750543e-12	-4.924632052e-12	-4.836841562e-12	-4.878363073e-12	-4.781755855e-12	-4.599468133e-12	-5.226058629e-12	-4.869621702e-12	-4.816872051e-12	-4.732246540e-12	-4.544759209e-12	-4.308214703e-12	-4.453276243e-12	-4.258780745e-12	-4.014474504e-12	-4.099627512e-12	-3.912969105e-12	-4.039342197e-12	-4.539032104e-12	-5.092828082e-12	-4.867511716e-12	-4.655382763e-12	-4.717702707e-12	-4.579272552e-12	-3.859013747e-12	-4.304522228e-12	-4.200228632e-12	-4.716873784e-12	-4.515294761e-12	-4.548828468e-12	-4.597961000e-12	-4.338508074e-12	-4.032861525e-12	-4.373247487e-12	-4.601201336e-12	-4.114095988e-12	-4.067827008e-12	-4.094955400e-12	-4.377241389e-12	-4.098572519e-12	-4.204900744e-12	-4.410172243e-12	-4.396381977e-12	-4.207086087e-12	-4.085535820e-12	-3.678911368e-12	-4.145444352e-12	-4.155542142e-12	-4.083576547e-12	-4.116130617e-12	-4.247477248e-12	-4.273626003e-12	-4.019749469e-12	-4.314770731e-12	-4.318086424e-12	-4.466237586e-12	-3.931808266e-12	-4.348455151e-12	-3.943187119e-12	-3.902117748e-12	-4.403088718e-12	-4.638728944e-12	-4.661788078e-12	-5.101117313e-12	-5.249117762e-12	-4.495551321e-12	-4.648525308e-12	-4.618231937e-12	-4.406630480e-12	-4.661788078e-12	-4.746036806e-12	-5.002852249e-12	-4.729307631e-12	-4.051926756e-12	-4.292314451e-12	-4.512355852e-12	-4.502408775e-12	-4.219067793e-12	-4.310098619e-12	-3.674540682e-12	-4.157802841e-12	-4.027887987e-12	-4.338960214e-12	-3.875215426e-12	-4.049138561e-12	-3.805284460e-12	-4.088173302e-12	-4.174155233e-12	-4.252224717e-12	-4.372267851e-12	-4.094427904e-12	-4.342426620e-12	-4.274605640e-12	-4.395326984e-12	-4.005130280e-12	-4.252752213e-12	-3.994580350e-12	-4.624185112e-12	-4.362546844e-12	-4.429237474e-12	-4.015378784e-12	-4.351017277e-12	-4.220047429e-12	-4.480178565e-12	-4.232556632e-12	-4.134140855e-12	-4.214772464e-12	-4.472341474e-12	-3.686070249e-12	-3.516668513e-12	-4.026908350e-12	-4.050947120e-12	-4.139641890e-12	-3.728043900e-12	-4.288923402e-12	-4.140169387e-12	-3.801441271e-12	-3.932863259e-12	-4.125550198e-12	-4.507231600e-12	-4.415296494e-12	-4.496304887e-12	-4.535414985e-12	-4.729156917e-12	-4.496907740e-12	-3.890512825e-12	-4.207161443e-12	-3.861877300e-12	-4.502710202e-12	-4.148383261e-12	-4.477917866e-12	-4.561111601e-12	-4.518459740e-12	-3.904453804e-12	-4.351846200e-12	-4.729458344e-12	-4.577237923e-12	-4.358402228e-12	-4.547848832e-12	-4.501278425e-12	-4.281010955e-12	-4.077246589e-12	-4.100456435e-12	-4.541669587e-12	-4.276037416e-12	-4.272721724e-12	-4.586883573e-12	-4.697507127e-12	-4.941436584e-12	-4.829456611e-12	-4.547924188e-12	-4.672036581e-12	-4.179580912e-12	-4.143485079e-12	-4.545814202e-12	-4.819208107e-12
-4.914534262e-12	-4.737973645e-12	-4.481534985e-12	-4.100305722e-12	-3.606192206e-12	-3.947859231e-12	-4.297438703e-12	-4.204599317e-12	-4.180108408e-12	-4.125776268e-12	-4.154336436e-12	-4.414995068e-12	-4.999461200e-12	-4.333082396e-12	-4.666987686e-12	-4.557117699e-12	-3.990511091e-12	-4.313640382e-12	-4.478822146e-12	-4.191637975e-12	-3.954565972e-12	-4.590726762e-12	-4.439938117e-12	-5.051834068e-12	-4.533154286e-12	-4.543026006e-12	-4.646339965e-12	-4.289074116e-12	-4.875273450e-12	-4.179128772e-12	-4.227357024e-12	-3.648467284e-12	-4.482891404e-12	-4.039040770e-12	-3.725029634e-12	-4.252902926e-12	-3.562108569e-12	-4.224116688e-12	-4.052378896e-12	-4.177244856e-12	-3.887272489e-12	-3.771072544e-12	-4.158707121e-12	-4.035649721e-12	-4.380707795e-12	-4.451618397e-12	-4.689820749e-12	-4.642948916e-12	-4.342125193e-12	-4.746639659e-12	-5.048970515e-12	-5.076701760e-12	-5.033597760e-12	-5.131636754e-12	-4.771959491e-12	-4.946636192e-12	-4.864271380e-12	-5.126060362e-12	-5.192901706e-12	-4.710317756e-12	-4.781153002e-12	-4.464429026e-12	-4.713633449e-12	-4.577690063e-12	-4.274605640e-12	-4.458023712e-12	-5.218146181e-12	-4.434512439e-12	-4.398115180e-12	-4.700069253e-12	-4.664274847e-12	-4.380104942e-12	-5.100514460e-12	-4.712804526e-12	-4.853043240e-12	-4.440164187e-12	-4.664274847e-12	-4.774596974e-12	-4.862990317e-12	-4.457270145e-12	-4.843020807e-12	-4.806322121e-12	-5.091094879e-12	-4.583718594e-12	4.205496061e-11	8.823961604e-12	-4.652669924e-12	-5.112194740e-12	-4.900442570e-12	-4.614238035e-12	-4.356819739e-12	-4.989664836e-12	-4.635262539e-12	-4.441369893e-12	-4.336172018e-12	-4.503162342e-12	-4.819358820e-12	-4.558624832e-12	-4.790195799e-12	-4.619060860e-12	-5.160498349e-12	-4.734657952e-12	-4.875800947e-12	-5.100891243e-12	-4.860202122e-12	-4.794641841e-12	-5.112948306e-12	-4.901572919e-12	-5.202170573e-12	-4.952514011e-12	-4.701576386e-12	-5.175042181e-12	-4.595248161e-12	-5.056882963e-12	-5.152133761e-12	-5.567122800e-12	-5.261174825e-12	-5.294708532e-12	-5.286343944e-12	-5.579255220e-12	-5.682870606e-12	-5.623866353e-12	-5.053341201e-12	-5.553332535e-12	-5.430350491e-12	-5.380916533e-12	-5.663428592e-12	-5.484908702e-12	-5.250474182e-12	-5.195765258e-12	-5.268107636e-12	-5.257783776e-12	-4.655910259e-12	-4.802705002e-12	-4.819509534e-12	-5.113023663e-12	-5.413169176e-12	-4.925234905e-12	-5.004434739e-12	-4.854776443e-12	-4.819810960e-12	-5.008277927e-12	-4.429689614e-12	-4.947766542e-12	-4.682285085e-12	-5.194559552e-12	-4.674900134e-12	-5.034803466e-12	-4.276866339e-12	-4.802629645e-12	-4.052680323e-12	-4.848973982e-12	-4.873389534e-12	-4.675653700e-12	-4.653800273e-12	-4.395402340e-12	-4.929228808e-12	-4.884768388e-12	-4.416577557e-12	-4.695020358e-12	-4.837369058e-12	-4.380104942e-12	-4.922220640e-12	-4.327656717e-12	-5.032618123e-12	-4.365561109e-12	-5.110612250e-12	-5.109105117e-12	-5.375566211e-12	-5.234046433e-12	-5.149044139e-12	-4.934805199e-12	-4.590726762e-12	-4.418687543e-12	-5.175268251e-12	-4.657266679e-12	-4.671207658e-12	-4.935483409e-12	-4.820413813e-12	-5.225606489e-12	-5.234950713e-12	-5.494026856e-12	-5.548132926e-12	-5.488902604e-12	-5.108502264e-12	-5.319199441e-12	-5.220331524e-12	-5.205184839e-12	-5.023499969e-12	-4.783262988e-12	-4.795395408e-12	-4.471361838e-12	-5.122970740e-12	-4.969243186e-12	-5.076249620e-12	-4.911595353e-12	-5.232087161e-12	-5.273457958e-12	-5.311211637e-12	-4.895469031e-12	-5.266826573e-12	-4.911821423e-12	-4.746187519e-12	-4.649278875e-12	-4.591631042e-12	-4.970674962e-12	-5.164718321e-12	-5.024253536e-12	-5.202396643e-12	-4.785825114e-12	-5.114078656e-12	-5.234649286e-12	-4.892530122e-12	-4.712503099e-12	-5.271046546e-12	-5.123573593e-12	-5.325303329e-12	-4.608963070e-12	-4.858996415e-12	-4.515068691e-12	-4.582060748e-12	-4.530290733e-12	-4.735863659e-12	-4.614162678e-12	-5.247685986e-12	-5.445873960e-12	-5.283932532e-12	-5.229298965e-12	-5.188757090e-12	-5.452806771e-12	-5.096294488e-12	-5.224400783e-12	-5.179789649e-12	-5.265470154e-12	-4.961330738e-12	-5.719870718e-12	-5.319877651e-12	-5.482949429e-12	-5.164869034e-12	-4.952212584e-12	-4.760882065e-12	-4.970298179e-12	-5.574884535e-12	-4.794641841e-12	-5.114229369e-12	-4.611751266e-12	-5.300510993e-12	-5.171877202e-12	-4.992151606e-12	-5.066151830e-12	-5.307368448e-12
-4.410699739e-12	-4.970599605e-12	-4.740083631e-12	-5.399680337e-12	-5.323419413e-12	-4.880096276e-12	-4.386208830e-12	-4.522905782e-12	-4.699164973e-12	-4.550260244e-12	-4.702782092e-12	-4.393895208e-12	-4.714914512e-12	-5.117469705e-12	-5.523642017e-12	-4.975196361e-12	-4.924255269e-12	-4.837595128e-12	-5.182276419e-12	-5.087779187e-12	-5.185818181e-12	-5.546776507e-12	-5.121689677e-12	-5.144221313e-12	-5.401488897e-12	-5.004585452e-12	-5.141207048e-12	-4.661637364e-12	-4.861257115e-12	-4.482288551e-12	-4.793586848e-12	-5.023575326e-12	-5.444818967e-12	-5.178810013e-12	-4.782057282e-12	-4.825839492e-12	-4.875574877e-12	-4.776179463e-12	-4.914308192e-12	-4.873163464e-12	-4.628405084e-12	-4.477315013e-12	-4.468196859e-12	-4.548602398e-12	-5.092978795e-12	-4.611901979e-12	-4.525844691e-12	-4.336398088e-12	-4.891173702e-12	-4.450111264e-12	-4.936538402e-12	-5.165095104e-12	-4.694417504e-12	-4.831943380e-12	-5.039475578e-12	-4.697657840e-12	-5.310759497e-12	-4.591103545e-12	-4.474828243e-12	-4.622753336e-12	-4.864346737e-12	-5.219653314e-12	-4.715140582e-12	-4.701501029e-12	-4.991624109e-12	-4.781002289e-12	-4.627952944e-12	-4.468272215e-12	-5.153188754e-12	-4.625315462e-12	-5.031487774e-12	-4.726670148e-12	-5.131184614e-12	-5.321987637e-12	-5.739388089e-12	-5.588373374e-12	-5.786636705e-12	-5.000064053e-12	-4.574977223e-12	-5.051683354e-12	-4.811144946e-12	-5.093732362e-12	-4.771205925e-12	-4.676407266e-12	6.790952380e-11	2.026415518e-11	-5.384458295e-12	-4.460962621e-12	-4.666761616e-12	-4.881829478e-12	-4.348153725e-12	-4.296157640e-12	-4.388770956e-12	-4.851988247e-12	-4.996597648e-12	-5.000064053e-12	-4.766759883e-12	-4.989288053e-12	-4.735562232e-12	-4.898860080e-12	-5.225229706e-12	-4.825010569e-12	-4.839177618e-12	-4.906395744e-12	-4.799389310e-12	-4.608887713e-12	-4.670981588e-12	-4.625541532e-12	-4.617403014e-12	-4.497133810e-12	-4.752216051e-12	-4.419365753e-12	-4.015906280e-12	-3.928944713e-12	-4.769020582e-12	-5.309101651e-12	-4.753647827e-12	-4.716044861e-12	-5.128923915e-12	-5.006921508e-12	-4.983410235e-12	-4.535641055e-12	-4.818454541e-12	-4.189226562e-12	-5.008127214e-12	-4.497812020e-12	-4.673317644e-12	-4.801273226e-12	-4.775275184e-12	-4.442198816e-12	-4.649655658e-12	-4.555911992e-12	-4.815063492e-12	-4.282744157e-12	-4.732774036e-12	-5.423417680e-12	-5.105337285e-12	-5.041510207e-12	-4.738727211e-12	-4.897277591e-12	-5.034351326e-12	-4.447473782e-12	-4.530140020e-12	-4.443479879e-12	-4.355538676e-12	-4.363451123e-12	-4.603160608e-12	-4.362471487e-12	-4.871580975e-12	-4.464429026e-12	-4.825311995e-12	-4.796148974e-12	-4.775576610e-12	-4.891851912e-12	-5.197498461e-12	-4.869320276e-12	-4.580478258e-12	-4.437677418e-12	-4.308440773e-12	-4.441143823e-12	-4.596755294e-12	-4.679647602e-12	-4.351469417e-12	-4.500750929e-12	-4.347174088e-12	-4.480932132e-12	-4.215526031e-12	-3.931732909e-12	-3.635430584e-12	-3.939796070e-12	-4.418310760e-12	-4.190281555e-12	-4.886727660e-12	-3.998800322e-12	-4.706097784e-12	-5.048141592e-12	-4.639783937e-12	-4.668042679e-12	-5.117921845e-12	-4.703384945e-12	-4.788990093e-12	-4.711900246e-12	-4.509869083e-12	-4.727423715e-12	-4.889967996e-12	-4.577840776e-12	-4.522528999e-12	-4.802931072e-12	-4.742947183e-12	-4.802478932e-12	-4.624335825e-12	-4.757189589e-12	-5.286117874e-12	-4.510245866e-12	-4.373172130e-12	-4.905717535e-12	-5.304203469e-12	-4.405500131e-12	-4.516877251e-12	-4.709564190e-12	-4.738651855e-12	-4.877383436e-12	-4.934126990e-12	-4.110328156e-12	-4.631720777e-12	-4.156144995e-12	-4.755230316e-12	-4.381762788e-12	-4.873238821e-12	-4.467367936e-12	-4.622828692e-12	-4.530968943e-12	-4.648826735e-12	-4.267522115e-12	-4.732246540e-12	-4.873690961e-12	-4.962687158e-12	-5.082504222e-12	-5.184009622e-12	-5.232162517e-12	-4.958843969e-12	-5.118826124e-12	-4.759374932e-12	-5.137213146e-12	-5.268484420e-12	-5.262908028e-12	-5.154846600e-12	-5.176624670e-12	-5.293352112e-12	-5.151154125e-12	-4.683189364e-12	-4.415145781e-12	-4.807452471e-12	-4.686731127e-12	-5.062157928e-12	-5.379936896e-12	-4.922446710e-12	-5.096671271e-12	-5.056280110e-12	-4.925385619e-12	-4.841664387e-12	-4.965776780e-12	-5.177679663e-12	-4.659904161e-12	-4.570832608e-12	-4.717551994e-12	-4.804890345e-12	-4.721545896e-12	-5.067809676e-12	-4.851988247e-12	-4.567441559e-12
-4.490879209e-12	-4.538429251e-12	-4.742570400e-12	-5.152359831e-12	-4.332705612e-12	-4.937668752e-12	-5.098329117e-12	-4.691403239e-12	-4.394121277e-12	-4.965550710e-12	-4.314393948e-12	-4.073328043e-12	-4.198118646e-12	-4.331725976e-12	-4.855379296e-12	-4.228864157e-12	-4.213566758e-12	-4.218691010e-12	-4.265562843e-12	-4.552747013e-12	-4.543930286e-12	-4.416652914e-12	-4.617252301e-12	-4.532777503e-12	-4.521097223e-12	-4.323587459e-12	-4.897126877e-12	-4.589219629e-12	-5.174137901e-12	-4.663069140e-12	-4.939552668e-12	-5.277451860e-12	-4.745735379e-12	-4.971051745e-12	-4.870676695e-12	-4.625541532e-12	-4.835259072e-12	-4.742042904e-12	-4.770301645e-12	-4.733150820e-12	-5.157936223e-12	-5.037290235e-12	-4.983787018e-12	-4.670228022e-12	-4.306029360e-12	-4.834128723e-12	-4.944526206e-12	-4.755456386e-12	-4.739330064e-12	-4.762389197e-12	-5.111365817e-12	-4.728252638e-12	-4.653272777e-12	-4.866004583e-12	-4.741892190e-12	-4.560131965e-12	-4.818454541e-12	-4.477691796e-12	-4.355614032e-12	-4.202338618e-12	-4.748975715e-12	-4.389675235e-12	-4.557720552e-12	-4.710920610e-12	-4.950780808e-12	-4.863442457e-12	-4.345666955e-12	-4.567290846e-12	-4.905190038e-12	-4.940532304e-12	-4.911519996e-12	-5.112194740e-12	-4.919206374e-12	-4.652971350e-12	-4.338809501e-12	-4.311379682e-12	-4.270536381e-12	-4.183499457e-12	-4.119823093e-12	-3.742663089e-12	-3.750500180e-12	-4.547170622e-12	-3.881997524e-12	-4.018845190e-12	-3.971521217e-12	3.890279219e-11	-4.009576322e-12	-4.348304438e-12	-4.432025669e-12	-4.208517863e-12	-4.019674113e-12	-4.128338394e-12	-4.073252687e-12	-4.314167878e-12	-4.535038202e-12	-4.511602286e-12	-4.719737337e-12	-4.247100465e-12	-3.819526866e-12	-4.340542703e-12	-4.005959203e-12	-4.068806645e-12	-4.624863322e-12	-4.573771517e-12	-4.471889334e-12	-4.609264497e-12	-4.535188915e-12	-4.663596637e-12	-3.905960937e-12	-4.251395793e-12	-4.094352547e-12	-4.010179175e-12	-4.191788688e-12	-4.312208605e-12	-4.478143936e-12	-4.417783264e-12	-4.075739456e-12	-4.282065948e-12	-4.591706398e-12	-3.957052741e-12	-3.833392488e-12	-4.370986788e-12	-4.463147964e-12	-4.818831324e-12	-4.556288776e-12	-4.514465838e-12	-4.439787404e-12	-4.579649335e-12	-4.042733246e-12	-4.819283464e-12	-4.428257837e-12	-4.300226899e-12	-4.288245192e-12	-4.632474343e-12	-4.148533974e-12	-4.794943268e-12	-4.769095939e-12	-4.811973869e-12	-4.593288888e-12	-4.878061646e-12	-4.710393113e-12	-4.266843905e-12	-4.423284299e-12	-4.321251403e-12	-4.319593556e-12	-4.260664661e-12	-4.681682232e-12	-4.736466512e-12	-4.477541083e-12	-4.637975378e-12	-4.751010344e-12	-4.153507513e-12	-4.367445025e-12	-4.113493135e-12	-4.275962059e-12	-4.047028574e-12	-4.812049226e-12	-4.879870206e-12	-4.376412466e-12	-4.124570561e-12	-4.675879770e-12	-3.951325636e-12	-4.261493584e-12	-4.283120941e-12	-3.878531118e-12	-4.175813079e-12	-4.410624383e-12	-4.722299463e-12	-4.431046033e-12	-4.796751827e-12	-4.518082957e-12	-4.239414087e-12	-3.938741077e-12	-4.531044300e-12	-4.564578007e-12	-4.284175934e-12	-4.288395906e-12	-4.585979294e-12	-4.930811297e-12	-3.883429300e-12	-4.595700301e-12	-4.703309588e-12	-4.463374033e-12	-4.582136105e-12	-4.385003124e-12	-4.253279710e-12	-4.765177393e-12	-4.080185498e-12	-3.959614867e-12	-4.813707072e-12	-4.423736439e-12	-3.896541356e-12	-4.037759707e-12	-3.756679425e-12	-3.697901242e-12	-3.525635954e-12	-3.815683677e-12	-4.096387176e-12	-4.180033051e-12	-4.003773861e-12	-3.958409161e-12	-4.247401891e-12	-3.831056432e-12	-3.981920434e-12	-4.032560099e-12	-4.117185610e-12	-3.861651230e-12	-3.937460014e-12	-4.140320100e-12	-4.315524298e-12	-4.092770057e-12	-4.040623260e-12	-4.578669699e-12	-4.643174986e-12	-3.954113832e-12	-4.081994057e-12	-4.411905445e-12	-4.078678365e-12	-4.636392888e-12	-4.724936945e-12	-4.686354344e-12	-4.793134708e-12	-5.122669313e-12	-4.882206262e-12	-5.364112001e-12	-4.759148862e-12	-5.284610741e-12	-5.013477536e-12	-4.875348807e-12	-4.756436023e-12	-4.416728271e-12	-4.734884022e-12	-4.598488496e-12	-4.291862311e-12	-5.019807494e-12	-4.849200052e-12	-4.775425897e-12	-4.093071484e-12	-4.394196634e-12	-4.700747463e-12	-4.262774647e-12	-4.186438366e-12	-4.625993672e-12	-4.830059464e-12	-4.925687045e-12	-5.054999047e-12	-4.990418403e-12	-4.840006541e-12	-4.803307855e-12	-4.719435910e-12	-4.580327545e-12
-4.708132414e-12	-4.284552717e-12	-4.764951323e-12	-4.753195687e-12	-4.281463094e-12	-4.443781306e-12	-4.607531294e-12	-4.694718931e-12	-5.037893089e-12	-4.605496664e-12	-4.304899011e-12	-4.522981139e-12	-4.364732186e-12	-4.252526143e-12	-4.205126814e-12	-4.626822595e-12	-4.138737610e-12	-4.011460238e-12	-3.820657215e-12	-3.908372349e-12	-4.164509583e-12	-4.368500018e-12	-4.291560885e-12	-3.841681719e-12	-3.882223594e-12	-4.170613471e-12	-4.281237025e-12	-4.205051457e-12	-4.267974255e-12	-3.869639034e-12	-4.024723008e-12	-4.254937556e-12	-4.236776604e-12	-4.267748185e-12	-3.802722334e-12	-4.219595290e-12	-4.712201672e-12	-3.998800322e-12	-4.376111040e-12	-4.002492798e-12	-4.485528887e-12	-4.557419125e-12	-4.318086424e-12	-3.994354280e-12	-4.018468406e-12	-4.096914673e-12	-3.997669973e-12	-3.903097384e-12	-4.057352435e-12	-4.441822033e-12	-4.564201223e-12	-4.156371065e-12	-4.111383149e-12	-4.015906280e-12	-3.729174249e-12	-4.361567207e-12	-4.466312943e-12	-4.578895769e-12	-4.768568442e-12	-4.310475402e-12	-4.395326984e-12	-4.115452407e-12	-4.417858620e-12	-4.173778450e-12	-3.897822419e-12	-4.089831148e-12	-4.427504271e-12	-4.339110927e-12	-4.372569277e-12	-4.037835064e-12	-3.949517077e-12	-4.560659461e-12	-4.238208381e-12	-4.698411407e-12	-3.996162840e-12	-4.382591711e-12	-4.275359206e-12	-4.283497724e-12	-4.563372300e-12	-4.392990928e-12	-4.214621751e-12	-4.222986339e-12	-4.540614594e-12	-4.360436858e-12	-4.059914561e-12	1.158785492e-10	-4.876102374e-12	-4.633755406e-12	-4.890344779e-12	-4.878965926e-12	-4.916418178e-12	-4.583115741e-12	-4.629007937e-12	-4.551089167e-12	-4.336925585e-12	-4.753346400e-12	-4.376337109e-12	-4.524865055e-12	-4.321929612e-12	-4.754326037e-12	-4.544608496e-12	-4.784845477e-12	-4.672338008e-12	-4.953644360e-12	-5.390788253e-12	-5.134575663e-12	-5.391466463e-12	-5.107447271e-12	-4.895695101e-12	-5.163361901e-12	-5.444140757e-12	-5.001345116e-12	-5.032618123e-12	-4.786503324e-12	-5.243239944e-12	-5.457102100e-12	-4.855605366e-12	-4.982732025e-12	-4.707228134e-12	-5.015888948e-12	-4.763820974e-12	-4.596378510e-12	-4.894866178e-12	-4.443555236e-12	-4.915739968e-12	-4.716120218e-12	-4.967283913e-12	-5.021389983e-12	-4.447247712e-12	-5.163889398e-12	-5.485737625e-12	-5.346252476e-12	-5.075043914e-12	-5.125005369e-12	-5.155524810e-12	-5.138720278e-12	-5.434796533e-12	-6.023708707e-12	-5.198704167e-12	-5.045654823e-12	-5.271649399e-12	-4.956884696e-12	-5.498397541e-12	-5.290488560e-12	-5.559587136e-12	-5.004811522e-12	-4.893132975e-12	-4.903984332e-12	-4.986650570e-12	-4.347475515e-12	-4.754024610e-12	-5.280315413e-12	-5.442332198e-12	-5.250172755e-12	-5.422814827e-12	-5.013251466e-12	-4.967359270e-12	-4.564201223e-12	-5.070974655e-12	-5.169917929e-12	-5.308724868e-12	-5.078208893e-12	-4.984842011e-12	-5.468707023e-12	-4.912801059e-12	-4.963968221e-12	-4.669248385e-12	-5.256427357e-12	-4.811597086e-12	-5.695530522e-12	-5.236307133e-12	-5.253413091e-12	-4.872862038e-12	-5.139323132e-12	-5.059671159e-12	-5.071125369e-12	-4.982656668e-12	-4.336322731e-12	-4.880020919e-12	-4.929907017e-12	-4.768568442e-12	-5.123422880e-12	-5.115887215e-12	-5.286042518e-12	-5.562526045e-12	-5.367503050e-12	-5.212494433e-12	-5.188907803e-12	-5.276622937e-12	-4.925310262e-12	-4.735486876e-12	-4.829758037e-12	-4.261493584e-12	-4.823352723e-12	-4.727499071e-12	-5.010011130e-12	-5.169691859e-12	-4.783413701e-12	-5.067432893e-12	-5.153264111e-12	-4.666384833e-12	-5.494705065e-12	-4.742947183e-12	-4.901723633e-12	-4.568270482e-12	-4.529235740e-12	-5.035481676e-12	-4.822825226e-12	-4.866607436e-12	-4.863367101e-12	-4.702405309e-12	-4.700144609e-12	-5.250850965e-12	-5.386492924e-12	-5.198779524e-12	-4.693663938e-12	-4.783112275e-12	-5.181372139e-12	-5.374888001e-12	-4.899613646e-12	-4.873314178e-12	-5.001721899e-12	-5.815573656e-12	-5.340374658e-12	-4.871053478e-12	-4.958693256e-12	-5.428843358e-12	-5.524094157e-12	-4.733829029e-12	-5.525601290e-12	-5.251755245e-12	-5.193203132e-12	-5.380087610e-12	-4.680401169e-12	-4.336473445e-12	-4.719661980e-12	-4.813330289e-12	-4.869923129e-12	-5.052361564e-12	-5.131787467e-12	-4.759224218e-12	-4.888762290e-12	-4.796375044e-12	-4.924782766e-12	-5.194860978e-12	-5.088382040e-12	-4.570154398e-12	-4.370685361e-12	-4.298116913e-12	-4.760505281e-12	-4.836087995e-12
-4.649354231e-12	-5.151455551e-12	-5.540898688e-12	-5.284309315e-12	-5.197423104e-12	-5.162985118e-12	-5.550167555e-12	-5.204355915e-12	-5.468254883e-12	-5.095766991e-12	-5.074365704e-12	-5.191695999e-12	-5.337058966e-12	-5.566067807e-12	-5.319199441e-12	-5.218522965e-12	-5.010237200e-12	-5.632381654e-12	-5.402167106e-12	-5.672697459e-12	-5.330729008e-12	-5.517161345e-12	-5.382875805e-12	-5.869453657e-12	-5.754082635e-12	-5.579255220e-12	-5.376470491e-12	-5.912482301e-12	-5.126663215e-12	-5.193881342e-12	-4.747694652e-12	-5.515051359e-12	-5.578953794e-12	-5.637053766e-12	-5.190565650e-12	-5.420252701e-12	-4.898257227e-12	-4.398039823e-12	-4.348530508e-12	-4.551315237e-12	-4.619362287e-12	-5.064569341e-12	-5.451676422e-12	-5.013025396e-12	-5.294256392e-12	-5.213323356e-12	-5.454087834e-12	-5.585509822e-12	-5.001646543e-12	-5.071351439e-12	-5.052060138e-12	-4.835033002e-12	-5.088382040e-12	-4.734431882e-12	-5.127868922e-12	-4.951609731e-12	-4.751537841e-12	-4.644456049e-12	-5.363885931e-12	-4.725539798e-12	-4.972332808e-12	-4.792230429e-12	-4.670604805e-12	-4.945807269e-12	-5.269087273e-12	-5.521758101e-12	-5.249042405e-12	-5.132917817e-12	-5.091697732e-12	-4.868566709e-12	-4.659602735e-12	-4.613710539e-12	-5.113475803e-12	-5.134726376e-12	-4.914006766e-12	-5.237437482e-12	-5.389657903e-12	-5.417012365e-12	-5.342635357e-12	-5.186119608e-12	-5.579255220e-12	-5.333366490e-12	-5.692365543e-12	-5.402920673e-12	-5.725748536e-12	5.079075495e-11	4.377105747e-11	3.895885753e-11	3.528190544e-11	3.234714093e-11	3.052094802e-11	2.825384338e-11	2.732567559e-11	2.580791742e-11	2.536512178e-11	2.643202115e-11	2.765031201e-11	3.313137753e-11	4.471007662e-11	8.347044475e-11	1.772480206e-10	2.367866269e-10	2.060793219e-10	1.725514931e-10	1.504547397e-10	1.355333706e-10	1.260019608e-10	1.175928375e-10	1.095751920e-10	1.051441460e-10	9.966473829e-11	9.549879693e-11	9.197436668e-11	8.918217695e-11	8.667845245e-11	8.516242748e-11	8.332319786e-11	8.149022285e-11	7.784718125e-11	7.766361246e-11	7.613168724e-11	7.722051539e-11	8.278839176e-11	1.036349031e-10	1.281104397e-10	1.652236623e-10	1.915213225e-10	1.734397218e-10	1.516283440e-10	1.386997060e-10	1.295506559e-10	1.220404620e-10	1.167686619e-10	1.110230946e-10	1.084672986e-10	1.038367082e-10	1.010776000e-10	9.793952328e-11	9.611935890e-11	9.323824832e-11	9.162109474e-11	9.005254619e-11	8.977041091e-11	9.075991901e-11	-4.752216051e-12	-5.083860641e-12	-5.654009011e-12	-5.660715752e-12	-5.824616454e-12	-5.571041346e-12	-5.651748312e-12	-5.642554801e-12	-5.426884086e-12	-5.336757539e-12	-4.927495605e-12	-4.412960439e-12	-4.946410123e-12	-5.080846376e-12	-5.442482911e-12	-4.795169338e-12	-5.320932644e-12	-4.733376889e-12	-5.050402291e-12	-4.919055661e-12	-5.438639722e-12	-4.771281281e-12	-4.804814988e-12	-5.074516418e-12	-5.147687719e-12	-5.210384447e-12	-5.257557706e-12	-5.062836138e-12	-5.045880893e-12	-5.102624446e-12	-5.270443692e-12	-5.183858908e-12	-4.977909200e-12	-4.747543939e-12	-4.540916020e-12	-4.674297280e-12	-4.844151156e-12	-4.825387352e-12	-5.024781032e-12	-4.635488609e-12	-4.804362848e-12	-4.907149311e-12	-5.024781032e-12	-4.998104780e-12	-4.610620916e-12	-4.279805248e-12	-4.538579964e-12	-5.115887215e-12	-4.627726874e-12	-4.933825563e-12	-5.262229818e-12	-5.143543104e-12	-5.210158377e-12	-5.375114071e-12	-5.068638599e-12	-5.561395695e-12	-5.317240168e-12	-4.758546009e-12	-5.186119608e-12	-4.938573032e-12	-5.125758936e-12	-5.655817571e-12	-5.305861315e-12	-5.659886829e-12	-5.334572197e-12	-4.820489170e-12	-5.702840117e-12	-5.762371865e-12	-5.238341762e-12	-5.434193680e-12	-4.839403688e-12	-5.294030322e-12	-5.264867301e-12	-5.800426971e-12	-5.495835415e-12	-5.364564141e-12	-5.646397990e-12	-5.775860705e-12	-5.766742551e-12	-5.520326324e-12	-5.511584954e-12	-5.372778015e-12	-5.697188368e-12	-5.881058580e-12	-5.419197708e-12	-4.959145395e-12	-4.754853533e-12	-4.574901867e-12	-4.065189526e-12	-4.611600553e-12	-5.254769510e-12	-4.804362848e-12	-4.734657952e-12	-5.174665398e-12	-4.687107910e-12	-5.149797705e-12	-4.826216275e-12	-4.519213307e-12	-4.405424774e-12	-4.725464442e-12	-4.374453193e-12	-4.852817170e-12	-4.842342597e-12	-4.623506902e-12	-4.882356975e-12	-4.959371465e-12	-4.856961786e-12
-4.714387015e-12	-4.517781531e-12	-4.936990542e-12	-4.890947632e-12	-4.855379296e-12	-4.884919101e-12	-4.993508025e-12	-4.769774149e-12	-4.754853533e-12	-4.730965477e-12	-4.883110541e-12	-4.477917866e-12	-4.378673165e-12	-4.566386566e-12	-4.456968719e-12	-4.628405084e-12	-4.970448892e-12	-4.855379296e-12	-4.679044749e-12	-4.285306283e-12	-4.144690785e-12	-4.281086311e-12	-4.693287155e-12	-4.387715963e-12	-4.305577221e-12	-4.244538339e-12	-4.625315462e-12	-4.793586848e-12	-4.950253311e-12	-5.042941984e-12	-4.827271268e-12	-4.684093644e-12	-5.236985342e-12	-5.098329117e-12	-5.034577396e-12	-5.157936223e-12	-5.051909424e-12	-5.281144336e-12	-5.320706574e-12	-5.130431048e-12	-5.321912280e-12	-4.718004134e-12	-5.044147690e-12	-4.822523800e-12	-5.375490854e-12	-4.906923241e-12	-5.179563580e-12	-5.408044925e-12	-5.389507190e-12	-5.102549089e-12	-5.023876753e-12	-4.839705114e-12	-4.801725366e-12	-4.599091350e-12	-5.294331749e-12	-4.846487212e-12	-4.806924974e-12	-5.225380419e-12	-5.363283078e-12	-5.301038490e-12	-5.204506629e-12	-4.985595577e-12	-4.985972361e-12	-5.300586350e-12	-5.147838432e-12	-4.597056720e-12	-4.455235516e-12	-4.570229755e-12	-4.585150370e-12	-4.939025171e-12	-4.477088943e-12	-4.683641504e-12	-4.197139010e-12	-4.650861364e-12	-4.384927767e-12	-4.958241116e-12	-4.910314290e-12	-4.452221250e-12	-5.055375830e-12	-4.517027964e-12	-4.705721001e-12	-4.840081898e-12	-4.746262876e-12	-5.091547019e-12	-5.148667355e-12	-4.074458393e-12	5.979451750e-11	-4.927420248e-12	-5.053039774e-12	-5.049498012e-12	-5.016491802e-12	-4.884693031e-12	-4.785146904e-12	-4.937668752e-12	-4.826894485e-12	-5.155223383e-12	-4.710091686e-12	-4.899839716e-12	-5.070673229e-12	-4.656437756e-12	-4.314469305e-12	-4.092996127e-12	-4.437978844e-12	-4.135572631e-12	-4.260061808e-12	-4.191185835e-12	-4.400300522e-12	-4.137230478e-12	-4.776857673e-12	-4.664350203e-12	-4.331952046e-12	-4.754401393e-12	-4.827798765e-12	-4.934805199e-12	-5.050176222e-12	-4.938874458e-12	-5.296291021e-12	-5.172178628e-12	-5.046709816e-12	-4.819208107e-12	-4.755682456e-12	-4.779645869e-12	-4.934126990e-12	-4.855982150e-12	-4.966756416e-12	-4.491858845e-12	-4.738350428e-12	-5.458081736e-12	-4.771808778e-12	-5.147838432e-12	-4.943169787e-12	-5.239698182e-12	-4.801499296e-12	-4.645887826e-12	-4.621321560e-12	-5.066302543e-12	-4.812576722e-12	-4.689820749e-12	-4.582211461e-12	-4.683867574e-12	-4.550863097e-12	-4.384626340e-12	-4.716723071e-12	-4.566687993e-12	-5.157860866e-12	-5.251077035e-12	-4.369328942e-12	-4.259835738e-12	-4.525693978e-12	-4.958768612e-12	-4.726519435e-12	-4.820413813e-12	-5.254242014e-12	-4.825311995e-12	-4.532325363e-12	-4.818529897e-12	-4.335569165e-12	-4.302412242e-12	-4.321251403e-12	-5.149873062e-12	-5.666442857e-12	-5.277979357e-12	-5.086799551e-12	-5.089813816e-12	-4.956960053e-12	-5.152585901e-12	-5.119202908e-12	-5.025836025e-12	-5.066001117e-12	-4.944375493e-12	-4.772939128e-12	-4.746187519e-12	-5.074290348e-12	-5.291618909e-12	-4.778816946e-12	-4.772863771e-12	-4.932469143e-12	-5.203150209e-12	-4.882583045e-12	-4.788688666e-12	-4.999461200e-12	-4.699240330e-12	-4.621698343e-12	-4.550787741e-12	-4.259835738e-12	-4.210175709e-12	-4.365108969e-12	-4.455386229e-12	-4.204750031e-12	-4.512506565e-12	-4.884090178e-12	-4.898332584e-12	-4.532852859e-12	-4.736767938e-12	-4.473923964e-12	-4.161043177e-12	-4.238735877e-12	-4.682812581e-12	-4.433080663e-12	-4.625014035e-12	-4.776480890e-12	-4.318086424e-12	-4.454783376e-12	-4.585828580e-12	-4.553274510e-12	-4.868868136e-12	-4.343707683e-12	-4.685450064e-12	-4.197515793e-12	-4.708659910e-12	-4.115150981e-12	-4.620643350e-12	-4.963440724e-12	-4.979717759e-12	-4.988609843e-12	-4.628932581e-12	-4.446946285e-12	-4.932469143e-12	-4.714839155e-12	-5.105111215e-12	-5.084840278e-12	-4.936312332e-12	-4.991473396e-12	-5.062082571e-12	-5.125382152e-12	-5.429295498e-12	-5.254166657e-12	-5.159895495e-12	-5.429069428e-12	-4.798108247e-12	-4.870073842e-12	-5.061404361e-12	-4.991850179e-12	-4.968414263e-12	-4.560810174e-12	-4.808055324e-12	-4.633453979e-12	-4.574525084e-12	-4.476184663e-12	-4.772939128e-12	-4.688690399e-12	-4.651087434e-12	-4.048611064e-12	-4.604893811e-12	-4.459455488e-12	-4.361491851e-12	-4.165112436e-12	-3.995484630e-12	-4.270988521e-12	-4.179505555e-12	-4.012741301e-12
-4.012364518e-12	-4.311228969e-12	-4.105203904e-12	-3.866398698e-12	-4.469402565e-12	-4.283723794e-12	-4.032409386e-12	-4.033313665e-12	-4.095332183e-12	-3.874687929e-12	-3.908221636e-12	-3.955168825e-12	-3.217351922e-12	-3.906036293e-12	-3.876797915e-12	-3.652536542e-12	-4.288621976e-12	-4.124193778e-12	-4.163831373e-12	-4.643627126e-12	-4.459078705e-12	-4.008295259e-12	-4.713558092e-12	-4.856434289e-12	-4.682963295e-12	-4.286059850e-12	-4.634584329e-12	-4.679798315e-12	-4.702254595e-12	-4.386510256e-12	-3.982824714e-12	-4.428257837e-12	-4.080486924e-12	-4.237982311e-12	-4.227206311e-12	-4.245744045e-12	-4.494496327e-12	-4.334137389e-12	-4.804890345e-12	-4.706323854e-12	-4.685450064e-12	-4.728704778e-12	-4.750332134e-12	-4.718682344e-12	-5.300058854e-12	-5.002098683e-12	-4.780022652e-12	-4.882432332e-12	-5.259215552e-12	-4.811973869e-12	-4.980697396e-12	-4.538052468e-12	-5.014306459e-12	-4.373096774e-12	-4.783941198e-12	-4.850857898e-12	-4.564578007e-12	-4.539936384e-12	-4.002944938e-12	-4.839780471e-12	-4.201434338e-12	-4.842116527e-12	-4.369328942e-12	-4.322909249e-12	-4.324868521e-12	-4.362396130e-12	-4.235269472e-12	-4.436170285e-12	-4.757189589e-12	-4.776405533e-12	-4.727122288e-12	-4.712201672e-12	-4.840458681e-12	-4.661034511e-12	-4.439636691e-12	-4.621170846e-12	-4.647168889e-12	-4.557419125e-12	-4.376713893e-12	-4.316428577e-12	-4.864045310e-12	-4.664576273e-12	-4.326300298e-12	-4.332328829e-12	-4.646792105e-12	-3.783431033e-12	6.803160156e-11	5.717233236e-11	5.048118985e-11	4.627372698e-11	4.277823369e-11	3.991912725e-11	3.849081742e-11	3.805872242e-11	3.826015073e-11	4.200507452e-11	5.461834497e-11	9.119337042e-11	1.838886741e-10	2.479786711e-10	2.222764036e-10	1.851456229e-10	1.652855301e-10	1.495175291e-10	1.392705326e-10	1.290317500e-10	1.218975104e-10	1.165429687e-10	1.111519544e-10	1.060821855e-10	1.030456141e-10	9.954514730e-11	9.700464875e-11	9.360930444e-11	9.212342213e-11	8.844737431e-11	8.668772131e-11	8.486348767e-11	8.298725795e-11	8.139836310e-11	8.142594363e-11	7.954926177e-11	7.905055150e-11	7.926290652e-11	8.527003677e-11	9.679470514e-11	1.153801404e-10	1.618315583e-10	1.992807962e-10	1.935560273e-10	1.785092647e-10	1.631331183e-10	1.519534326e-10	1.224004407e-10	1.126599916e-10	1.081481632e-10	1.034318169e-10	1.010950074e-10	9.841653084e-11	9.560075447e-11	9.313900362e-11	9.039376107e-11	8.815672373e-11	8.765545134e-11	8.565284852e-11	-4.670755518e-12	-4.844603296e-12	-4.580855042e-12	-4.658095602e-12	-4.240016940e-12	-4.262699290e-12	-4.252074003e-12	-4.545663489e-12	-4.693136441e-12	-4.320196410e-12	-4.919733870e-12	-4.675201560e-12	-5.013552892e-12	-5.062007215e-12	-4.795018624e-12	-4.789216163e-12	-4.936010906e-12	-4.785825114e-12	-4.807151044e-12	-5.054019410e-12	-4.498942369e-12	-4.698863546e-12	-4.275208493e-12	-4.434964579e-12	-4.500374146e-12	-3.996162840e-12	-4.096311820e-12	-4.523433279e-12	-4.804814988e-12	-4.277544549e-12	-3.889457832e-12	-4.344988745e-12	-4.245819402e-12	-4.449885194e-12	-4.895318318e-12	-4.617252301e-12	-4.517404747e-12	-4.699843183e-12	-4.711146679e-12	-4.282894871e-12	-4.764348470e-12	-4.614539462e-12	-4.338206648e-12	-4.247251178e-12	-4.630967210e-12	-4.139717247e-12	-3.752158026e-12	-4.172045247e-12	-3.808901579e-12	-3.743868795e-12	-3.693003060e-12	-4.205503597e-12	-3.903172741e-12	-3.703176207e-12	-3.834372125e-12	-3.574165632e-12	-3.832714279e-12	-3.959539511e-12	-4.422229306e-12	-3.880490391e-12	-4.482665334e-12	-3.964814476e-12	-4.782886205e-12	-4.347249445e-12	-4.493818118e-12	-4.444836299e-12	-3.719754669e-12	-3.931958979e-12	-4.209874283e-12	-4.383571347e-12	-4.123515568e-12	-4.596227797e-12	-4.497058453e-12	-4.052981749e-12	-4.478370006e-12	-4.399697669e-12	-4.027812630e-12	-4.781755855e-12	-4.641818567e-12	-4.738877924e-12	-4.187267289e-12	-4.328711710e-12	-4.641969280e-12	-4.386510256e-12	-4.815063492e-12	-4.758018512e-12	-4.391257725e-12	-4.801876079e-12	-4.503463768e-12	-4.875876304e-12	-4.638276805e-12	-4.972257451e-12	-4.886200164e-12	-4.375960326e-12	-4.275962059e-12	-4.361115067e-12	-4.386359543e-12	-3.935726811e-12	-4.291033388e-12	-4.210853919e-12	-4.345893025e-12	-3.921333692e-12	-4.213416045e-12	-4.490125642e-12	-3.955696322e-12	-4.141977946e-12
-4.437752774e-12	-4.541368160e-12	-4.880849842e-12	-4.416125418e-12	-4.408589753e-12	-4.416426844e-12	-4.501052356e-12	-4.356593669e-12	-4.938045535e-12	-4.993281955e-12	-4.649354231e-12	-4.733979743e-12	-4.574072944e-12	-4.587185000e-12	-4.239564800e-12	-3.911688042e-12	-4.427202844e-12	-3.958409161e-12	-4.290958032e-12	-4.638276805e-12	-4.230220576e-12	-4.129242673e-12	-4.228110590e-12	-4.001287091e-12	-3.716062193e-12	-4.481761055e-12	-3.978680098e-12	-4.466463656e-12	-4.561714454e-12	-4.112212072e-12	-4.674824777e-12	-4.625014035e-12	-4.297287990e-12	-4.909183940e-12	-4.765855603e-12	-4.436094928e-12	-4.583492524e-12	-4.727423715e-12	-4.554706286e-12	-4.814686709e-12	-4.916116752e-12	-4.866908863e-12	-4.912801059e-12	-4.744529673e-12	-4.629761504e-12	-4.614614818e-12	-4.166920995e-12	-4.999611913e-12	-4.131126589e-12	-4.209648213e-12	-4.257499682e-12	-4.332630256e-12	-4.460811908e-12	-4.310098619e-12	-4.326375654e-12	-4.187568716e-12	-4.364958256e-12	-3.976645469e-12	-4.217183877e-12	-4.144841499e-12	-4.394874844e-12	-4.258554675e-12	-4.440088830e-12	-4.367897165e-12	-4.863593171e-12	-4.518761167e-12	-4.217183877e-12	-4.473923964e-12	-4.181690898e-12	-4.329917417e-12	-4.207764296e-12	-4.421852523e-12	-4.238133024e-12	-4.473773250e-12	-4.454783376e-12	-4.695623211e-12	-4.235420185e-12	-4.482363908e-12	-4.167071709e-12	-4.141601163e-12	-3.963834839e-12	-3.687125242e-12	-3.644624095e-12	-3.933692182e-12	-3.921032265e-12	-3.614632150e-12	6.917031581e-11	5.840765382e-11	5.194325946e-11	4.756564129e-11	4.374415515e-11	4.121194584e-11	3.916910257e-11	3.947384484e-11	4.029289620e-11	4.486825021e-11	6.023964920e-11	1.063194835e-10	2.060232566e-10	2.481125798e-10	2.080595438e-10	1.799084115e-10	1.598621878e-10	1.474793579e-10	1.359615470e-10	1.275835460e-10	1.209974507e-10	1.147436781e-10	1.089314955e-10	1.053713462e-10	1.030413188e-10	9.844290566e-11	9.566902759e-11	9.403092486e-11	9.122336237e-11	8.879461773e-11	8.606813898e-11	8.331008581e-11	8.307798734e-11	8.062573143e-11	8.034766541e-11	7.852441141e-11	7.875756487e-11	7.808734287e-11	8.087275051e-11	8.843494046e-11	9.592162306e-11	1.232876898e-10	1.740919336e-10	1.970410460e-10	1.889091598e-10	1.736183171e-10	1.236827093e-10	1.193387002e-10	1.144327566e-10	1.093417371e-10	1.063530172e-10	1.028700331e-10	1.002248642e-10	9.715807488e-11	9.502397472e-11	9.309446784e-11	9.069202267e-11	-3.668135368e-12	-3.369195560e-12	-3.902494531e-12	-3.722618221e-12	-2.785106211e-12	-3.633998808e-12	-3.934973245e-12	-4.059989917e-12	-4.078000155e-12	-4.487563516e-12	-4.546341699e-12	-4.189754059e-12	-4.106484967e-12	-4.089379009e-12	-3.992244294e-12	-4.005431707e-12	-4.156371065e-12	-3.805435173e-12	-4.133839429e-12	-4.032936882e-12	-4.422078592e-12	-4.244990479e-12	-4.515972971e-12	-4.255088269e-12	-4.756662093e-12	-4.289450899e-12	-4.694794288e-12	-4.662089504e-12	-5.022294263e-12	-4.968715689e-12	-4.699692470e-12	-4.751236414e-12	-4.522830426e-12	-4.398491963e-12	-5.080997089e-12	-4.036403288e-12	-4.438883124e-12	-4.737220078e-12	-4.168126702e-12	-4.590274622e-12	-4.420496103e-12	-4.050645693e-12	-4.306104717e-12	-4.762389197e-12	-4.248306171e-12	-4.222232772e-12	-4.608737000e-12	-4.317558927e-12	-4.542046370e-12	-4.754853533e-12	-4.106032827e-12	-4.004527427e-12	-4.142128659e-12	-4.028114057e-12	-3.803023761e-12	-3.877250055e-12	-3.682453130e-12	-3.612898947e-12	-3.880942531e-12	-3.693379843e-12	-3.796392376e-12	-4.067224155e-12	-3.974686196e-12	-3.961724853e-12	-4.046199651e-12	-4.291108745e-12	-3.870694027e-12	-4.349510144e-12	-4.173250953e-12	-4.549808104e-12	-3.797221299e-12	-4.133613359e-12	-4.092317918e-12	-3.943488545e-12	-4.187870142e-12	-3.914702307e-12	-4.296685137e-12	-4.340467347e-12	-4.668344106e-12	-4.541669587e-12	-4.146574701e-12	-4.470683628e-12	-4.737822931e-12	-4.316277864e-12	-3.805435173e-12	-4.386660970e-12	-4.277695262e-12	-4.594268524e-12	-4.361265781e-12	-4.443781306e-12	-4.442048103e-12	-4.627425448e-12	-4.411754732e-12	-4.394648774e-12	-4.387489893e-12	-4.701953169e-12	-4.969243186e-12	-4.507005530e-12	-4.957788976e-12	-4.399471599e-12	-5.209404811e-12	-4.565708356e-12	-4.684545784e-12	-4.657115966e-12	-5.202698069e-12	-4.759374932e-12	-4.698712833e-12	-4.930434514e-12
-4.615669811e-12	-4.544231713e-12	-4.896222597e-12	-4.932017003e-12	-5.076551047e-12	-5.108728334e-12	-4.890721562e-12	-5.545118660e-12	-5.345800337e-12	-4.693663938e-12	-4.592233895e-12	-4.392764858e-12	-4.703083519e-12	-4.602407042e-12	-4.416050061e-12	-4.504368048e-12	-4.298644409e-12	-4.485001390e-12	-4.853269310e-12	-4.588466063e-12	-4.706625281e-12	-4.106484967e-12	-4.909334654e-12	-4.641291070e-12	-4.204599317e-12	-4.812426009e-12	-4.831792667e-12	-4.723505169e-12	-4.918076024e-12	-5.031713844e-12	-5.177378237e-12	-4.682812581e-12	-4.810617450e-12	-4.821845590e-12	-4.661938791e-12	-4.352976550e-12	-4.666761616e-12	-4.397964466e-12	-4.757641729e-12	-4.903532192e-12	-5.112194740e-12	-4.925385619e-12	-4.991925536e-12	-4.790045086e-12	-4.483795684e-12	-4.691177169e-12	-4.935634122e-12	-4.383948131e-12	-4.494345614e-12	-4.476260020e-12	-4.548150258e-12	-5.044750543e-12	-5.070899299e-12	-4.916945675e-12	-5.308649511e-12	-4.925385619e-12	-4.477315013e-12	-4.455160159e-12	-4.895770458e-12	-4.984013088e-12	-4.757189589e-12	-4.962837871e-12	-4.651916357e-12	-5.196594181e-12	-4.523207209e-12	-5.189209230e-12	-5.086422767e-12	-4.466840439e-12	-4.943847997e-12	-4.240996577e-12	-4.592912105e-12	-4.700219966e-12	-4.408062257e-12	-4.598789923e-12	-4.843925086e-12	-4.740309701e-12	-4.771281281e-12	-5.059369732e-12	-4.313866451e-12	-4.332253473e-12	-4.753647827e-12	-4.760128498e-12	-4.491632775e-12	-5.010086487e-12	-4.960953955e-12	-4.731719043e-12	-4.181389471e-12	5.500816489e-11	4.507435063e-11	4.025551931e-11	3.678444157e-11	3.588340217e-11	3.245045489e-11	3.032253397e-11	3.048455076e-11	3.479366974e-11	6.113985967e-11	1.513614308e-10	2.087361711e-10	1.803432947e-10	1.478434812e-10	1.303053527e-10	1.212939037e-10	1.094811469e-10	1.000599839e-10	9.396355602e-11	8.517825237e-11	8.385559256e-11	8.019197859e-11	7.743814538e-11	7.497307884e-11	7.163349844e-11	6.652130370e-11	6.619222124e-11	6.565636014e-11	6.194534684e-11	6.234865560e-11	5.999782973e-11	5.800856504e-11	5.607574247e-11	5.587416345e-11	5.479618665e-11	5.514410828e-11	5.115186398e-11	5.227678797e-11	5.219336816e-11	5.113460731e-11	6.188973364e-11	7.257387400e-11	1.105994395e-10	1.503070406e-10	1.482359386e-10	1.427343761e-10	1.306079849e-10	1.186081929e-10	1.141424828e-10	9.998251726e-11	9.415021443e-11	9.103414183e-11	8.479717382e-11	-5.476091974e-12	-5.450018575e-12	-5.069919662e-12	-5.663051808e-12	-5.745115194e-12	-5.358912393e-12	-5.387623274e-12	-5.687467361e-12	-5.579858073e-12	-5.117092922e-12	-5.901781657e-12	-5.468556310e-12	-5.424020533e-12	-5.243164587e-12	-5.451525708e-12	-5.580084143e-12	-5.038269872e-12	-5.368784113e-12	-5.206767328e-12	-5.032994907e-12	-5.498096114e-12	-5.155675523e-12	-5.100439103e-12	-4.721621253e-12	-5.169465789e-12	-4.960275745e-12	-5.406085652e-12	-4.960652528e-12	-4.476033950e-12	-4.506930174e-12	-4.893132975e-12	-4.894640108e-12	-4.997351214e-12	-4.739330064e-12	-5.044223047e-12	-4.667364469e-12	-4.588089280e-12	-4.695095714e-12	-4.621773699e-12	-5.050779075e-12	-4.670378735e-12	-4.874143101e-12	-4.658547742e-12	-4.763293477e-12	-5.020937844e-12	-4.456968719e-12	-5.032090627e-12	-4.483192831e-12	-5.332085427e-12	-4.570380468e-12	-4.713859519e-12	-4.698034623e-12	-5.272252252e-12	-5.401714967e-12	-5.079565313e-12	-5.117997201e-12	-5.013326823e-12	-5.650015109e-12	-5.156429090e-12	-5.251152391e-12	-5.109105117e-12	-5.180241789e-12	-5.303751329e-12	-5.349718882e-12	-4.867888499e-12	-4.882356975e-12	-5.259667692e-12	-5.056280110e-12	-5.077379970e-12	-5.158991216e-12	-5.119428977e-12	-5.662976452e-12	-5.421835190e-12	-5.088306683e-12	-5.348287106e-12	-5.064870767e-12	-4.950705451e-12	-4.912650346e-12	-4.814008499e-12	-5.059520445e-12	-5.063815774e-12	-4.969619969e-12	-4.929907017e-12	-5.276095441e-12	-4.890646206e-12	-5.215433342e-12	-4.805417841e-12	-5.087929900e-12	-5.028473508e-12	-4.920336724e-12	-4.745358596e-12	-4.388544886e-12	-4.665932693e-12	-4.806020694e-12	-5.179186796e-12	-4.958241116e-12	-5.209103384e-12	-4.527803964e-12	-4.873464891e-12	-4.628857224e-12	-4.467367936e-12	-4.773014484e-12	-4.401355515e-12	-4.213792828e-12	-4.199776492e-12	-4.259911094e-12	-3.776498222e-12	-4.205805024e-12	-4.864798877e-12	-4.784920834e-12	-4.662089504e-12
-4.668042679e-12	-4.738501141e-12	-4.809788527e-12	-5.206390545e-12	-4.672714791e-12	-5.550921122e-12	-5.300284923e-12	-4.956131130e-12	-4.773315911e-12	-4.799615380e-12	-5.058766879e-12	-4.757717086e-12	-4.725012302e-12	-4.211532129e-12	-4.770150932e-12	-4.535038202e-12	-4.987102710e-12	-4.788613310e-12	-5.505179639e-12	-4.439712047e-12	-4.797128610e-12	-4.605722734e-12	-5.151229481e-12	-4.987479494e-12	-4.823880219e-12	-4.897126877e-12	-4.805116415e-12	-4.857790709e-12	-4.589897839e-12	-4.367595739e-12	-4.629912217e-12	-4.902100416e-12	-4.789969729e-12	-5.078359606e-12	-5.099534823e-12	-5.071878935e-12	-4.703837085e-12	-4.783262988e-12	-5.206993398e-12	-5.051005145e-12	-4.995467298e-12	-4.981903102e-12	-5.456951387e-12	-5.329221875e-12	-5.100589816e-12	-5.403222099e-12	-5.233669650e-12	-4.836012639e-12	-4.916267465e-12	-5.068035746e-12	-4.869018849e-12	-4.739480778e-12	-4.582136105e-12	-4.607606650e-12	-4.365711823e-12	-4.763142764e-12	-4.844301870e-12	-4.948520109e-12	-5.220783664e-12	-5.150023775e-12	-4.804664275e-12	-5.102775159e-12	-5.498548254e-12	-4.762313841e-12	-4.750407491e-12	-4.849124695e-12	-5.300737063e-12	-4.904511828e-12	-4.488392439e-12	-4.261418227e-12	-4.310701472e-12	-4.636543602e-12	-4.551315237e-12	-4.648299238e-12	-4.574148300e-12	-5.262908028e-12	-5.150099132e-12	-5.204205202e-12	-5.083935998e-12	-5.215433342e-12	-4.680024385e-12	-5.299832784e-12	-4.670906231e-12	-5.126738572e-12	-4.958768612e-12	-4.854625730e-12	-4.379652802e-12	2.775912701e-11	2.185636571e-11	1.926130896e-11	1.780956321e-11	1.568247122e-11	1.482491261e-11	1.577387883e-11	1.959498818e-11	4.115595585e-11	1.320694517e-10	1.768289623e-10	1.317632023e-10	1.089977340e-10	9.500573841e-11	8.522934418e-11	7.784333806e-11	7.305419725e-11	6.863159116e-11	6.503549675e-11	6.125598426e-11	5.706246237e-11	5.485285485e-11	5.295469634e-11	5.034788395e-11	4.753127866e-11	-4.790045086e-12	-4.871580975e-12	-4.843171520e-12	-4.520720440e-12	-4.845733646e-12	-5.011367550e-12	-4.818454541e-12	-5.328468308e-12	-5.133068530e-12	-4.940607661e-12	-4.868717422e-12	-4.653649560e-12	-4.438054201e-12	-4.861106401e-12	-4.575655433e-12	-4.743097897e-12	-4.804136778e-12	-4.143183652e-12	-4.144012576e-12	-4.451693754e-12	-4.348831934e-12	-4.338131291e-12	-4.854550373e-12	-4.203468968e-12	-4.573017951e-12	-4.665028413e-12	-4.765177393e-12	-5.288680000e-12	-5.471043079e-12	-4.989438766e-12	-5.436831163e-12	-5.096821984e-12	-5.734866690e-12	-4.867888499e-12	-4.703234232e-12	-4.777008386e-12	-4.705344218e-12	-4.548979181e-12	-4.597961000e-12	-4.919583157e-12	-4.988006990e-12	-5.049724082e-12	-4.823729506e-12	-5.145351663e-12	-4.993131242e-12	-4.961481451e-12	-4.874293814e-12	-5.173384335e-12	-4.925611689e-12	-5.242411021e-12	-5.253187021e-12	-5.454012478e-12	-5.258461986e-12	-5.464110268e-12	-5.527485206e-12	-5.400810687e-12	-5.487621541e-12	-5.275266518e-12	-5.456649960e-12	-5.688070214e-12	-5.337209679e-12	-5.227867188e-12	-5.317918378e-12	-5.338566099e-12	-5.530122688e-12	-5.773826075e-12	-5.952572035e-12	-5.156278376e-12	-5.558155360e-12	-5.141659188e-12	-5.142035971e-12	-5.894773489e-12	-5.929060762e-12	-5.292372476e-12	-5.046785173e-12	-4.947841899e-12	-5.209856950e-12	-5.098705900e-12	-5.172856838e-12	-5.261250182e-12	-5.050402291e-12	-5.478955527e-12	-4.856735716e-12	-5.304504896e-12	-5.258160559e-12	-5.510153177e-12	-5.398776057e-12	-5.282726825e-12	-5.310533427e-12	-4.756285309e-12	-4.950780808e-12	-4.866984220e-12	-4.983410235e-12	-4.867361003e-12	-5.156353733e-12	-5.357103833e-12	-5.087703830e-12	-4.789140806e-12	-4.495852747e-12	-4.629912217e-12	-4.532551433e-12	-4.723128386e-12	-4.616574091e-12	-4.777535883e-12	-5.214905846e-12	-5.228394685e-12	-5.099534823e-12	-4.924029199e-12	-4.736918652e-12	-4.948143325e-12	-5.144899523e-12	-4.905642178e-12	-4.335041668e-12	-4.619513000e-12	-4.388469529e-12	-4.954021144e-12	-5.122443243e-12	-5.021616053e-12	-4.957336836e-12	-5.198176671e-12	-4.872108471e-12	-5.082579579e-12	-5.413696673e-12	-4.566914063e-12	-4.820263100e-12	-4.710016330e-12	-4.800519659e-12	-5.348061036e-12	-5.070296446e-12	-5.199307020e-12	-5.046785173e-12	-4.918980304e-12	-5.122217173e-12	-5.309704504e-12	-4.992905172e-12	-5.273231888e-12	-5.245123860e-12	-5.200588083e-12	-4.997577284e-12
-4.892304052e-12	-5.346478546e-12	-5.057033676e-12	-4.750859631e-12	-4.567366202e-12	-4.615066958e-12	-4.443178453e-12	-4.465634733e-12	-4.885145171e-12	-4.934277703e-12	-4.810994233e-12	-5.218824391e-12	-4.673543714e-12	-4.512657279e-12	-4.499545223e-12	-4.349962284e-12	-4.843623660e-12	-4.448151991e-12	-4.589219629e-12	-4.060140631e-12	-4.645209616e-12	-5.064644697e-12	-4.253279710e-12	-4.796827184e-12	-5.301339916e-12	-4.526899684e-12	-4.962385731e-12	-5.261024112e-12	-5.199231664e-12	-5.041660921e-12	-5.088608110e-12	-5.175946461e-12	-4.857866066e-12	-4.199701136e-12	-4.843548303e-12	-4.654629196e-12	-4.836012639e-12	-4.643702483e-12	-5.036310599e-12	-4.766232386e-12	-4.642119993e-12	-4.498113446e-12	-4.706022428e-12	-4.403992998e-12	-4.774220191e-12	-4.947992612e-12	-4.717853421e-12	-4.371288214e-12	-4.873992387e-12	-4.791627575e-12	-5.056430823e-12	-4.537374258e-12	-5.016265732e-12	-5.100062320e-12	-4.971956025e-12	-5.230580028e-12	-5.408044925e-12	-5.061630431e-12	-5.383704729e-12	-5.266826573e-12	-5.065699690e-12	-5.313999833e-12	-4.905340751e-12	-5.021013200e-12	-4.916267465e-12	-4.608284860e-12	-4.360813641e-12	-4.526824328e-12	-4.353579403e-12	-4.364656830e-12	-4.374603907e-12	-4.484775320e-12	-4.545437419e-12	-4.587787853e-12	-4.443103096e-12	-4.389675235e-12	-4.519816160e-12	-4.239489444e-12	-4.337377724e-12	-4.378597809e-12	-4.463298677e-12	-4.447247712e-12	-4.348831934e-12	-4.536017838e-12	-4.985670934e-12	-4.219067793e-12	-4.537901755e-12	1.486146058e-11	2.701347301e-11	2.370787846e-11	2.038238976e-11	1.935618297e-11	1.940569229e-11	2.127559206e-11	3.105236307e-11	9.022481148e-11	1.979128470e-10	1.748659970e-10	1.365741212e-10	1.161380021e-10	1.023894838e-10	9.497740431e-11	8.771762057e-11	8.081849373e-11	7.513328706e-11	7.136666056e-11	6.737215557e-11	6.452834653e-11	6.105885128e-11	5.964214637e-11	5.608546348e-11	5.527560562e-11	5.265794187e-11	5.134959982e-11	5.002189111e-11	4.828265976e-11	4.720958115e-11	4.624524217e-11	8.391113040e-12	-4.027511204e-12	-4.092619344e-12	-3.832638922e-12	-3.770092907e-12	-4.029018337e-12	-3.939193217e-12	-4.013570224e-12	-4.174682730e-12	-3.774463593e-12	-3.947859231e-12	-3.615235003e-12	-3.771901467e-12	-4.276790983e-12	-4.472266117e-12	-3.926457944e-12	-4.423661082e-12	-4.377618172e-12	-4.652443854e-12	-4.183273387e-12	-4.172271317e-12	-4.366013249e-12	-4.465408663e-12	-4.433608159e-12	-4.654478483e-12	-4.404821921e-12	-4.734281169e-12	-4.762841337e-12	-4.544307069e-12	-4.577087209e-12	-4.404294424e-12	-4.651313504e-12	-4.458927991e-12	-4.507834454e-12	-4.391031655e-12	-4.626370455e-12	-4.384098844e-12	-3.915757300e-12	-4.064360603e-12	-4.356669025e-12	-4.792230429e-12	-5.115585789e-12	-4.756963519e-12	-4.879719492e-12	-4.887782653e-12	-4.774747687e-12	-4.750181421e-12	-4.726594791e-12	-4.536394622e-12	-4.422229306e-12	-4.572264384e-12	-4.849727548e-12	-5.226133986e-12	-4.926289899e-12	-4.817776331e-12	-4.952589367e-12	-4.652820637e-12	-5.069090739e-12	-4.794491128e-12	-4.776104107e-12	-4.581683965e-12	-4.824935212e-12	-4.779269086e-12	-5.455821037e-12	-5.174590041e-12	-5.269840839e-12	-5.126964642e-12	-5.474283415e-12	-5.038043802e-12	-4.946033339e-12	-4.941436584e-12	-4.923275633e-12	-4.980622039e-12	-5.137891355e-12	-4.963214654e-12	-5.649562969e-12	-5.679404200e-12	-5.304203469e-12	-5.475112338e-12	-5.356727050e-12	-5.510379247e-12	-5.320480504e-12	-5.405934939e-12	-5.205486265e-12	-5.539542269e-12	-5.689426634e-12	-5.343916420e-12	-5.122970740e-12	-5.295160672e-12	-5.060349368e-12	-4.742042904e-12	-4.655307406e-12	-4.666309476e-12	-4.874896667e-12	-4.886049451e-12	-4.985143438e-12	-4.911293926e-12	-4.532777503e-12	-4.506251964e-12	-4.943245143e-12	-5.053567270e-12	-4.648676021e-12	-5.019807494e-12	-4.688388973e-12	-5.200211300e-12	-4.779495156e-12	-4.920186010e-12	-5.030734207e-12	-4.265487486e-12	-4.930208444e-12	-4.995994794e-12	-4.634508972e-12	-4.928776668e-12	-5.262079105e-12	-4.722299463e-12	-4.980772752e-12	-4.994412305e-12	-5.259969119e-12	-5.138117425e-12	-4.971202458e-12	-5.138720278e-12	-5.359816672e-12	-5.098630544e-12	-4.920261367e-12	-4.680551882e-12	-4.878061646e-12	-4.483871041e-12	-4.947163689e-12	-5.077153900e-12	-4.930886654e-12	-4.756963519e-12	-4.875574877e-12	-4.805493198e-12
-4.799389310e-12	-4.742419687e-12	-5.270519049e-12	-4.979868473e-12	-4.791024722e-12	-4.644908189e-12	-5.164492251e-12	-4.695773924e-12	-5.038646655e-12	-4.845733646e-12	-4.992226962e-12	-4.614916245e-12	-4.798560387e-12	-4.866155296e-12	-4.352901193e-12	-4.516801894e-12	-4.054187456e-12	-4.145142925e-12	-4.079281218e-12	-4.142505443e-12	-4.470683628e-12	-4.067676295e-12	-4.734582596e-12	-4.345365529e-12	-4.399622312e-12	-4.279277752e-12	-4.436320998e-12	-3.952682056e-12	-4.404369781e-12	-4.533455713e-12	-4.620417280e-12	-4.518836524e-12	-4.607983434e-12	-4.603763462e-12	-4.714613085e-12	-4.409569390e-12	-4.811295660e-12	-4.937970178e-12	-4.748900358e-12	-4.771205925e-12	-5.387020421e-12	-5.044750543e-12	-5.410154911e-12	-5.074893201e-12	-5.031864557e-12	-4.473923964e-12	-4.558474118e-12	-5.043318767e-12	-5.229826461e-12	-5.188983160e-12	-4.955754346e-12	-4.937894822e-12	-5.093958432e-12	-5.132616390e-12	-4.889214430e-12	-4.908731800e-12	-4.724861589e-12	-4.733602959e-12	-4.229391653e-12	-4.562618734e-12	-4.911293926e-12	-4.734733309e-12	-4.714160945e-12	-4.650936721e-12	-5.145125593e-12	-4.858921059e-12	-5.151078768e-12	-4.253656493e-12	-5.081524585e-12	-4.583266454e-12	-4.724484805e-12	-4.802705002e-12	-4.214546394e-12	-4.723957309e-12	-4.789140806e-12	-4.571209391e-12	-4.797882177e-12	-5.020711774e-12	-4.389147739e-12	-4.381762788e-12	-4.217183877e-12	-4.454180523e-12	-4.592158538e-12	-4.716497001e-12	-4.775727323e-12	-4.572490454e-12	-4.653875630e-12	-4.001739231e-12	4.770482501e-11	3.712595788e-11	3.299407772e-11	3.164587200e-11	3.213440912e-11	4.238592700e-11	1.134268208e-10	2.376019858e-10	1.915549316e-10	1.509000974e-10	1.316474545e-10	1.167980510e-10	1.079113926e-10	9.979005639e-11	9.613691699e-11	8.851873705e-11	8.306713599e-11	7.890556531e-11	7.686129027e-11	7.331689051e-11	6.949442474e-11	6.760191798e-11	6.482329244e-11	6.324750965e-11	6.050249317e-11	5.800570148e-11	5.741520682e-11	5.528916982e-11	5.425369417e-11	5.276449617e-11	5.144635775e-11	5.115894751e-11	-3.628573129e-12	-4.221177779e-12	-4.343255543e-12	-5.099233397e-12	-4.918754234e-12	-4.908957870e-12	-5.211514797e-12	-4.799313953e-12	-5.066453257e-12	-5.472324142e-12	-4.904511828e-12	-4.965098570e-12	-4.394573417e-12	-4.970901032e-12	-4.520419013e-12	-5.095540921e-12	-4.825311995e-12	-4.490276355e-12	-4.953644360e-12	-4.224192045e-12	-4.806096051e-12	-5.025157816e-12	-5.127115355e-12	-5.299305287e-12	-5.290413203e-12	-4.518384384e-12	-5.006846151e-12	-5.123347523e-12	-4.434060299e-12	-4.789969729e-12	-4.445589865e-12	-5.045654823e-12	-5.112345453e-12	-5.189586013e-12	-5.185215328e-12	-5.422136617e-12	-5.047990879e-12	-4.674297280e-12	-5.077379970e-12	-5.091622376e-12	-4.697733197e-12	-5.039701648e-12	-4.869998485e-12	-5.029528501e-12	-4.551541307e-12	-4.695397141e-12	-4.271440661e-12	-4.588390706e-12	-4.751236414e-12	-4.684621141e-12	-4.624185112e-12	-5.054245480e-12	-5.024554962e-12	-5.140076698e-12	-4.580855042e-12	-4.576635070e-12	-4.134668352e-12	-4.352901193e-12	-4.660280945e-12	-4.994563018e-12	-4.956583269e-12	-4.381838144e-12	-4.761861701e-12	-4.377090676e-12	-4.905416108e-12	-4.796676471e-12	-4.336925585e-12	-5.232011804e-12	-4.845055436e-12	-5.096445201e-12	-5.255523077e-12	-5.052512277e-12	-4.781077645e-12	-4.496229530e-12	-4.085083680e-12	-4.308968270e-12	-4.460359768e-12	-4.899086150e-12	-4.668042679e-12	-4.676784050e-12	-4.325320661e-12	-4.155843569e-12	-4.621773699e-12	-4.621246203e-12	-4.699767826e-12	-4.415673278e-12	-4.406931907e-12	-4.467518649e-12	-4.784468694e-12	-5.052060138e-12	-4.821318093e-12	-4.765478820e-12	-4.432553166e-12	-4.767814876e-12	-4.904737898e-12	-4.845959716e-12	-4.728478708e-12	-4.806096051e-12	-5.260571972e-12	-5.369386966e-12	-5.187626740e-12	-4.809788527e-12	-5.256201287e-12	-5.002927606e-12	-5.084840278e-12	-5.154846600e-12	-4.762389197e-12	-5.129978908e-12	-4.811371016e-12	-5.373079442e-12	-5.178734656e-12	-5.511208170e-12	-5.151154125e-12	-5.263812308e-12	-4.914458905e-12	-5.145502376e-12	-5.572623835e-12	-5.229977174e-12	-5.279034350e-12	-4.975874570e-12	-5.304730965e-12	-5.260496615e-12	-5.156052307e-12	-4.756963519e-12	-5.309177007e-12	-5.288303217e-12	-5.121312894e-12	-5.369688393e-12	-5.525676646e-12	-5.351828868e-12	-4.903456835e-12
-4.847843632e-12	-5.307594518e-12	-4.806849618e-12	-4.825538065e-12	-5.207144111e-12	-5.095088781e-12	-5.159744782e-12	-5.490635807e-12	-5.497945401e-12	-5.525827359e-12	-5.212268363e-12	-5.490485093e-12	-4.789668303e-12	-5.291618909e-12	-5.487546184e-12	-5.288077147e-12	-5.793795586e-12	-5.216714405e-12	-5.400433904e-12	-5.481216226e-12	-5.516257066e-12	-5.398851414e-12	-5.666141431e-12	-5.361625232e-12	-5.231559664e-12	-5.368256617e-12	-5.313472336e-12	-4.878965926e-12	-5.378128337e-12	-5.498096114e-12	-5.455745680e-12	-5.287474294e-12	-5.393877876e-12	-4.730965477e-12	-4.916192108e-12	-4.860428192e-12	-4.942566934e-12	-4.878513786e-12	-5.279034350e-12	-5.096294488e-12	-5.166677593e-12	-5.263510881e-12	-5.248740979e-12	-5.114380082e-12	-5.527259136e-12	-5.313849119e-12	-5.231559664e-12	-5.494705065e-12	-5.608493598e-12	-5.826123586e-12	-5.398173204e-12	-5.378429763e-12	-5.533965877e-12	-6.044959281e-12	-5.662825739e-12	-5.436002240e-12	-5.639389822e-12	-5.185139971e-12	-5.503973933e-12	-5.129149985e-12	-5.457328170e-12	-5.037667019e-12	-5.430425848e-12	-5.399604980e-12	-5.665840004e-12	-5.570965989e-12	-5.357782043e-12	-5.026891018e-12	-5.437207946e-12	-5.577371304e-12	-5.494705065e-12	-5.370291246e-12	-5.496362912e-12	-5.851744845e-12	-5.388301484e-12	-6.182937296e-12	-5.373983721e-12	-5.557175723e-12	-5.214529062e-12	-5.754911558e-12	-5.114154012e-12	-5.581289850e-12	-5.621756367e-12	-5.445723247e-12	-5.410079554e-12	-5.707512228e-12	-5.538864059e-12	-5.189359943e-12	-3.752534809e-12	4.564917111e-11	3.795864880e-11	3.545628071e-11	3.875449031e-11	6.855811844e-11	1.992453032e-10	2.337597012e-10	1.781652616e-10	1.474630055e-10	1.307171014e-10	1.194659776e-10	1.101967336e-10	1.026186434e-10	9.689696411e-11	8.967930473e-11	8.535315515e-11	8.156934733e-11	7.815441029e-11	7.401552196e-11	7.039712198e-11	6.784192889e-11	6.653871108e-11	6.516827515e-11	6.337546523e-11	6.072811097e-11	5.951328651e-11	5.818731100e-11	5.733932268e-11	5.549391382e-11	5.309862753e-11	-5.618968172e-12	-5.484908702e-12	-5.297346014e-12	-5.905323419e-12	-5.876989321e-12	-5.817457572e-12	-5.379258687e-12	-5.438187582e-12	-5.468104170e-12	-5.314301259e-12	-6.257615731e-12	-5.685508088e-12	-5.913914077e-12	-5.520552394e-12	-5.637731976e-12	-5.591764423e-12	-5.323419413e-12	-5.428768002e-12	-5.572171696e-12	-5.965081238e-12	-5.729591725e-12	-5.877140034e-12	-5.260647329e-12	-5.919791895e-12	-6.051967449e-12	-5.464863834e-12	-5.673451025e-12	-5.691988760e-12	-5.892738860e-12	-5.903288790e-12	-6.426942110e-12	-6.260554640e-12	-5.750842299e-12	-6.060859533e-12	-6.461832237e-12	-6.032751505e-12	-6.149177520e-12	-6.014891980e-12	-6.021221938e-12	-6.368691424e-12	-5.752952285e-12	-5.956942721e-12	-5.506159275e-12	-6.091228261e-12	-6.271481353e-12	-5.771188593e-12	-6.401170138e-12	-6.516390447e-12	-6.414960404e-12	-5.824993237e-12	-5.957545574e-12	-6.184595143e-12	-5.418594855e-12	-5.794172369e-12	-5.864706188e-12	-6.071861603e-12	-6.194466863e-12	-6.194240793e-12	-6.471628600e-12	-5.942248175e-12	-6.052721015e-12	-5.922052594e-12	-6.166886331e-12	-6.616539427e-12	-6.426339257e-12	-5.926649350e-12	-6.103436037e-12	-5.905398776e-12	-6.099818918e-12	-6.012932707e-12	-6.018056959e-12	-5.953928455e-12	-6.192281520e-12	-6.281880570e-12	-6.053022442e-12	-5.770661096e-12	-5.988140371e-12	-6.124385184e-12	-5.580913066e-12	-6.200570751e-12	-6.187081912e-12	-5.824315027e-12	-6.041040736e-12	-5.778422831e-12	-5.917757266e-12	-5.932753238e-12	-5.795227362e-12	-5.784602075e-12	-5.927252203e-12	-5.729064229e-12	-5.611733934e-12	-5.391843246e-12	-5.450018575e-12	-5.318144448e-12	-5.370065176e-12	-5.636601626e-12	-5.310533427e-12	-5.815950439e-12	-5.439393289e-12	-5.467049177e-12	-5.981508987e-12	-6.193713297e-12	-5.750917656e-12	-5.744663054e-12	-6.143148988e-12	-5.892663503e-12	-5.825972873e-12	-5.735168117e-12	-6.126118387e-12	-5.907131979e-12	-5.845565601e-12	-5.736298467e-12	-5.219879384e-12	-5.513016730e-12	-5.433440114e-12	-5.351376728e-12	-4.872635968e-12	-5.095993061e-12	-5.325152616e-12	-5.608644311e-12	-5.455745680e-12	-5.461623499e-12	-5.608870381e-12	-5.411888113e-12	-5.491389373e-12	-5.317692308e-12	-5.540371192e-12	-5.436605093e-12	-5.652200452e-12	-5.761166159e-12	-5.974425462e-12	-5.477373037e-12
-5.415580589e-12	-5.363283078e-12	-5.258386629e-12	-5.275567944e-12	-5.199457734e-12	-5.407668141e-12	-5.370818742e-12	-5.641876591e-12	-5.669909263e-12	-5.944885658e-12	-5.459814939e-12	-5.250097398e-12	-5.566595304e-12	-5.807962635e-12	-5.720247501e-12	-5.889121741e-12	-5.748807669e-12	-6.101702834e-12	-6.022126218e-12	-6.172839506e-12	-5.230504671e-12	-5.436379023e-12	-5.517010632e-12	-5.462678492e-12	-5.354541707e-12	-5.310081287e-12	-5.604951836e-12	-4.993583382e-12	-5.356199553e-12	-5.843003475e-12	-5.841270272e-12	-6.268241018e-12	-5.814970803e-12	-5.771791446e-12	-5.587167668e-12	-5.833207111e-12	-6.267412095e-12	-5.611055724e-12	-5.658982550e-12	-5.834864957e-12	-5.457102100e-12	-5.726803529e-12	-5.264113734e-12	-5.939686049e-12	-6.396648739e-12	-6.014439840e-12	-6.248120794e-12	-6.714503064e-12	-6.437265971e-12	-6.668610868e-12	-5.936973210e-12	-5.961840903e-12	-6.130036932e-12	-5.994922469e-12	-6.239831563e-12	-5.530122688e-12	-6.122124485e-12	-5.762522579e-12	-6.160028877e-12	-5.932451811e-12	-6.118884149e-12	-6.533496405e-12	-6.201927171e-12	-6.414282194e-12	-6.073594806e-12	-6.161686723e-12	-6.747735344e-12	-5.785807782e-12	-6.359723984e-12	-6.086254722e-12	-6.355579368e-12	-5.488525821e-12	-6.061311673e-12	-5.735846327e-12	-5.185818181e-12	-5.615577123e-12	-5.608870381e-12	-5.661770745e-12	-5.845414887e-12	-5.827027866e-12	-5.522059527e-12	-5.775709991e-12	-6.132674415e-12	-6.280900934e-12	-6.300418305e-12	-6.019639449e-12	-6.208257129e-12	-5.520552394e-12	-4.331123123e-12	5.889965735e-11	4.823631542e-11	4.462936965e-11	5.385799643e-11	1.187307982e-10	2.462704113e-10	2.128610431e-10	1.716832338e-10	1.483025539e-10	1.347611910e-10	1.238668056e-10	1.148757030e-10	1.086690283e-10	1.029184121e-10	9.519337645e-11	9.128168841e-11	8.492188907e-11	8.381520139e-11	8.074441814e-11	7.848952128e-11	7.511783895e-11	7.229641084e-11	6.986427515e-11	6.874492756e-11	6.733462796e-11	6.595567673e-11	6.298074713e-11	6.246666410e-11	6.074401122e-11	5.896378586e-11	5.858225517e-11	5.764361281e-11	-6.223177744e-12	-5.920545462e-12	-5.680082410e-12	-5.900575951e-12	-5.782944229e-12	-5.675259585e-12	-5.440372925e-12	-5.834488174e-12	-5.746546970e-12	-5.509474968e-12	-6.158973884e-12	-5.423794463e-12	-5.881058580e-12	-5.554312171e-12	-5.414374883e-12	-5.443613261e-12	-5.603143276e-12	-5.696886942e-12	-6.092810750e-12	-5.538411919e-12	-5.293804252e-12	-5.731475641e-12	-6.018433742e-12	-5.442558268e-12	-5.669683193e-12	-6.200646108e-12	-5.343991777e-12	-5.487320114e-12	-4.753949253e-12	-5.037516305e-12	-5.232614657e-12	-5.647980480e-12	-5.480161233e-12	-5.105940138e-12	-5.491163303e-12	-5.564334605e-12	-5.237738909e-12	-5.411360617e-12	-4.954171857e-12	-5.325755469e-12	-4.946259409e-12	-5.241657454e-12	-5.376621204e-12	-5.293276756e-12	-5.134198880e-12	-5.473002352e-12	-5.320103721e-12	-5.839386356e-12	-5.035707746e-12	-4.676482623e-12	-5.519723471e-12	-5.506083919e-12	-5.461623499e-12	-4.811597086e-12	-5.073159998e-12	-4.875800947e-12	-4.929379521e-12	-5.067583606e-12	-5.067357536e-12	-5.164416894e-12	-4.723279099e-12	-5.073988921e-12	-5.138418852e-12	-5.625222773e-12	-5.483778352e-12	-5.300510993e-12	-5.448888226e-12	-5.346930686e-12	-4.708358484e-12	-4.872334541e-12	-4.910917143e-12	-4.965852137e-12	-4.778289449e-12	-5.378580477e-12	-5.603218633e-12	-5.206616615e-12	-5.680233123e-12	-5.725371753e-12	-5.338716812e-12	-6.071710890e-12	-5.556196087e-12	-5.207445538e-12	-5.577823444e-12	-5.821451474e-12	-5.759960453e-12	-5.765687558e-12	-5.662750382e-12	-5.307142378e-12	-5.543159388e-12	-5.868021881e-12	-5.572397766e-12	-5.275643301e-12	-5.123950376e-12	-4.840684751e-12	-5.032994907e-12	-5.043695550e-12	-5.422061260e-12	-5.422890184e-12	-5.195915971e-12	-4.898860080e-12	-5.282274686e-12	-5.095766991e-12	-5.156504446e-12	-5.612261430e-12	-5.082353509e-12	-5.054019410e-12	-4.781077645e-12	-5.107371914e-12	-5.293201399e-12	-4.994186235e-12	-4.658547742e-12	-5.047689452e-12	-4.794340415e-12	-4.971579242e-12	-5.384307582e-12	-5.198025957e-12	-5.466295611e-12	-4.811220303e-12	-5.285288951e-12	-4.772939128e-12	-5.243692084e-12	-5.096746628e-12	-4.896448667e-12	-5.020862487e-12	-5.325227973e-12	-5.308649511e-12	-5.541576898e-12	-5.597190101e-12	-4.958693256e-12	-5.563731751e-12
-5.121162180e-12	-5.520929178e-12	-4.892454765e-12	-5.303675972e-12	-5.449340366e-12	-5.426507302e-12	-5.690180200e-12	-5.288077147e-12	-6.277208458e-12	-5.936370357e-12	-6.008562022e-12	-6.054831001e-12	-6.599659539e-12	-6.134859758e-12	-6.302754361e-12	-6.109992065e-12	-6.155658191e-12	-6.214813157e-12	-5.788520621e-12	-5.851518775e-12	-6.090926834e-12	-5.551147192e-12	-5.506234632e-12	-5.718589655e-12	-5.713314690e-12	-5.682870606e-12	-5.774956425e-12	-6.009843085e-12	-5.237136056e-12	-5.073762851e-12	-5.543008674e-12	-5.551750045e-12	-5.834789600e-12	-5.480839443e-12	-5.507138912e-12	-5.091019523e-12	-5.198478097e-12	-5.405332085e-12	-5.128999271e-12	-5.942474245e-12	-5.426281233e-12	-5.858150160e-12	-5.150777341e-12	-5.905474133e-12	-5.826500370e-12	-5.761241516e-12	-5.866740818e-12	-5.181296782e-12	-5.224551496e-12	-5.161477985e-12	-5.221235804e-12	-5.377450127e-12	-4.801800722e-12	-4.936086262e-12	-5.155976950e-12	-5.537206213e-12	-5.331256504e-12	-5.376922631e-12	-5.394103945e-12	-5.375189428e-12	-5.553709318e-12	-5.393576449e-12	-5.319802294e-12	-5.572548479e-12	-5.685206662e-12	-5.746697683e-12	-5.353185288e-12	-5.293050686e-12	-5.579933430e-12	-5.724015334e-12	-5.440674352e-12	-5.510756031e-12	-5.406236365e-12	-5.285213595e-12	-6.376679229e-12	-5.966513014e-12	-5.782642803e-12	-6.047219980e-12	-5.574884535e-12	-5.201869146e-12	-5.326961176e-12	-5.670738186e-12	-5.578727724e-12	-5.724467473e-12	-6.134482974e-12	-6.142998275e-12	-6.011425574e-12	-5.255598433e-12	-5.081223159e-12	8.864812441e-11	6.020950654e-11	5.792770736e-11	8.205283556e-11	2.173677472e-10	2.443344991e-10	1.868387360e-10	1.589557981e-10	1.455982300e-10	1.320290605e-10	1.229378843e-10	1.165454555e-10	1.107193319e-10	1.055926687e-10	9.901011512e-11	9.400515289e-11	9.009369092e-11	8.667099214e-11	8.406885186e-11	8.116083896e-11	7.827174058e-11	7.657998392e-11	7.554081580e-11	7.267311870e-11	7.045657837e-11	6.903271458e-11	6.799543037e-11	6.561393435e-11	6.432669215e-11	6.224270416e-11	6.278037381e-11	-5.402242463e-12	-5.921223671e-12	-5.876838608e-12	-5.395460365e-12	-5.640143389e-12	-5.461020645e-12	-5.619495668e-12	-5.460945289e-12	-5.926573993e-12	-5.793494159e-12	-5.591839780e-12	-5.626805263e-12	-5.394631442e-12	-5.682267753e-12	-5.790705964e-12	-5.557251080e-12	-5.057636529e-12	-5.123799663e-12	-5.545420087e-12	-5.450696785e-12	-5.143543104e-12	-5.548057569e-12	-5.687090578e-12	-5.440146855e-12	-5.454163191e-12	-5.256352000e-12	-4.964043577e-12	-5.330201511e-12	-4.988609843e-12	-5.315582322e-12	-4.816872051e-12	-5.042188417e-12	-5.319048728e-12	-5.546324367e-12	-5.142488111e-12	-5.864027978e-12	-5.455368897e-12	-5.736147753e-12	-5.589126941e-12	-5.129451411e-12	-4.902401842e-12	-4.835033002e-12	-4.672488721e-12	-4.686580413e-12	-4.267672829e-12	-4.214998534e-12	-4.428333194e-12	-3.911235902e-12	-4.325019235e-12	-4.263151430e-12	-4.403164075e-12	-4.432101026e-12	-4.979114906e-12	-5.081072446e-12	-5.113249733e-12	-4.566537279e-12	-4.743248610e-12	-4.801650009e-12	-4.490125642e-12	-4.123289498e-12	-4.572565811e-12	-4.538655321e-12	-4.780399435e-12	-4.941285871e-12	-4.475506453e-12	-4.480856775e-12	-4.746639659e-12	-4.550260244e-12	-4.988006990e-12	-4.965023214e-12	-5.323720840e-12	-5.000214766e-12	-4.556364132e-12	-4.869998485e-12	-5.060047942e-12	-5.008428641e-12	-5.322816560e-12	-5.304957035e-12	-4.657191322e-12	-4.539258174e-12	-4.994186235e-12	-4.975573144e-12	-5.058616166e-12	-4.487488160e-12	-4.895092248e-12	-4.674146567e-12	-4.562543377e-12	-5.188455664e-12	-4.500524859e-12	-4.833450513e-12	-4.958241116e-12	-5.111139747e-12	-5.329146518e-12	-5.330126155e-12	-5.405934939e-12	-5.883696063e-12	-4.999235130e-12	-5.568780647e-12	-5.285062881e-12	-5.413922743e-12	-4.909033227e-12	-4.956281843e-12	-5.035557033e-12	-5.167958656e-12	-4.504066621e-12	-4.221403849e-12	-4.287265556e-12	-4.583643238e-12	-4.916192108e-12	-4.652067070e-12	-4.747091799e-12	-5.245199217e-12	-4.442424886e-12	-4.791024722e-12	-4.259308241e-12	-4.915137115e-12	-4.318011067e-12	-5.341128225e-12	-5.073913564e-12	-5.280993623e-12	-5.187777454e-12	-4.995316585e-12	-5.242787804e-12	-5.409250631e-12	-5.195689901e-12	-5.268710490e-12	-5.215659412e-12	-5.179789649e-12	-5.119504334e-12	-4.787859743e-12	-5.196895608e-12
-4.805417841e-12	-5.362906295e-12	-5.753178355e-12	-5.403372813e-12	-5.473379135e-12	-5.117846488e-12	-4.981677032e-12	-4.886501590e-12	-4.912951773e-12	-4.959522179e-12	-5.196066685e-12	-5.149948418e-12	-5.128697845e-12	-4.936990542e-12	-5.233292867e-12	-4.797505394e-12	-4.837519772e-12	-4.397135543e-12	-4.434512439e-12	-4.910917143e-12	-4.673769784e-12	-4.851008611e-12	-5.061329005e-12	-5.036310599e-12	-4.838499408e-12	-4.768493086e-12	-5.017622151e-12	-4.642346063e-12	-5.002927606e-12	-4.935709479e-12	-4.864497450e-12	-4.845582933e-12	-5.025836025e-12	-4.637975378e-12	-5.020711774e-12	-4.860880331e-12	-4.829908751e-12	-4.762313841e-12	-5.110913677e-12	-4.984615941e-12	-5.143467747e-12	-4.765855603e-12	-4.757943155e-12	-5.049874795e-12	-5.330578294e-12	-4.570079042e-12	-4.277770619e-12	-4.790346512e-12	-4.394724131e-12	-4.595474231e-12	-4.648223882e-12	-4.274982423e-12	-4.478445362e-12	-4.099778225e-12	-4.552445587e-12	-4.652820637e-12	-4.539710314e-12	-4.680777952e-12	-4.962611801e-12	-5.084990991e-12	-4.643325700e-12	-5.034275970e-12	-4.588390706e-12	-4.622828692e-12	-5.036159886e-12	-4.411302592e-12	-4.855680723e-12	-4.979717759e-12	-5.134500306e-12	-5.347458183e-12	-5.035330963e-12	-4.345365529e-12	-4.724936945e-12	-5.142488111e-12	-5.441201848e-12	-5.034803466e-12	-5.402619246e-12	-5.185441398e-12	-4.703912442e-12	-4.469703992e-12	-4.957261479e-12	-4.490502425e-12	-4.353654760e-12	-4.616121951e-12	-4.279880605e-12	-4.327053864e-12	-4.805643911e-12	-4.281839878e-12	-3.717946109e-12	-6.549245944e-13	7.378854775e-11	6.954604404e-11	1.233274028e-10	2.678814158e-10	2.284383918e-10	1.837730770e-10	1.619013386e-10	1.452206179e-10	1.335175803e-10	1.278627424e-10	1.192859506e-10	1.140719490e-10	1.072215026e-10	1.017963517e-10	9.815775612e-11	9.428110892e-11	9.124468830e-11	8.821776262e-11	8.584922793e-11	8.332689034e-11	7.964918468e-11	7.728034857e-11	7.584744198e-11	7.448243173e-11	7.328395966e-11	7.225677324e-11	7.055913876e-11	6.747524346e-11	6.615522112e-11	6.676349995e-11	6.521574984e-11	6.406867100e-11	6.306627692e-11	6.235536234e-11	6.108567824e-11	6.064062190e-11	5.969821171e-11	5.940808863e-11	5.860749964e-11	5.837525047e-11	5.780962350e-11	5.732937560e-11	5.670700508e-11	5.725944464e-11	5.710443602e-11	5.853952795e-11	6.513624858e-11	8.383622590e-11	1.097519787e-10	1.261455905e-10	1.349825135e-10	1.421977615e-10	1.481229037e-10	1.181199572e-10	1.183882269e-10	1.198819463e-10	1.217828176e-10	1.255560002e-10	1.268899635e-10	1.172361745e-10	1.180144579e-10	1.174709858e-10	1.098739057e-10	-5.305559889e-12	-4.757415659e-12	-4.720867687e-12	-5.777593908e-12	-4.972483521e-12	-4.657568105e-12	-4.552219517e-12	-5.048066235e-12	-4.798108247e-12	-4.819283464e-12	-4.657869532e-12	-4.953870430e-12	-4.787407603e-12	-4.836540135e-12	-4.318538563e-12	-4.286888773e-12	-4.594645308e-12	-4.440917753e-12	-4.663295210e-12	-4.553274510e-12	-4.115226337e-12	-4.698863546e-12	-5.099158040e-12	-4.789065450e-12	-4.672639434e-12	-4.956055773e-12	-4.922672780e-12	-4.993734095e-12	-4.726067295e-12	-5.041284138e-12	-4.505046258e-12	-4.183800884e-12	-4.530818230e-12	-4.348229081e-12	-4.108368883e-12	-4.549205251e-12	-4.705193505e-12	-4.774144834e-12	-4.724032666e-12	-4.698863546e-12	-4.209874283e-12	-4.670529448e-12	-4.506930174e-12	-4.227884520e-12	-4.771884135e-12	-4.664576273e-12	-4.929078094e-12	-4.626144385e-12	-4.908807157e-12	-5.031638487e-12	-4.806849618e-12	-5.300134210e-12	-5.175343607e-12	-5.082278152e-12	-5.183557482e-12	-5.109255831e-12	-5.252810238e-12	-4.730513337e-12	-4.656889896e-12	-4.579649335e-12	-5.142337397e-12	-5.049874795e-12	-4.637221812e-12	-4.698260693e-12	-5.085367774e-12	-4.333308466e-12	-4.353579403e-12	-4.482213194e-12	-4.807452471e-12	-5.014532529e-12	-4.864196024e-12	-4.922672780e-12	-4.620115853e-12	-4.875650234e-12	-5.074441061e-12	-4.556740916e-12	-4.681154735e-12	-4.802177506e-12	-4.594193168e-12	-5.081976725e-12	-5.303525259e-12	-4.528783601e-12	-4.705193505e-12	-4.990267689e-12	-4.634056832e-12	-5.201567720e-12	-4.817851688e-12	-5.210007664e-12	-4.943697283e-12	-5.601485430e-12	-4.572189028e-12	-4.939326598e-12	-5.182954629e-12	-5.715726103e-12	-5.590181934e-12	-5.331482574e-12	-5.245651356e-12	-5.458986016e-12
-4.635337895e-12	-4.870978122e-12	-5.080771019e-12	-5.178056447e-12	-5.048216949e-12	-5.222818293e-12	-4.731417617e-12	-4.812426009e-12	-5.099158040e-12	-5.070221089e-12	-5.171425062e-12	-4.971127102e-12	-5.025534599e-12	-5.195991328e-12	-4.737747575e-12	-5.172178628e-12	-5.586790885e-12	-5.017396081e-12	-5.060274012e-12	-5.085292418e-12	-4.647621028e-12	-5.069166096e-12	-5.152585901e-12	-4.659904161e-12	-5.309177007e-12	-5.317692308e-12	-5.254015944e-12	-5.173610405e-12	-5.018149648e-12	-5.460493149e-12	-4.986650570e-12	-4.814460639e-12	-4.866155296e-12	-4.732698680e-12	-5.097726264e-12	-4.890721562e-12	-4.768267016e-12	-5.203225566e-12	-4.774596974e-12	-4.967359270e-12	-4.732698680e-12	-4.723580526e-12	-4.482514621e-12	-4.581608608e-12	-4.742796470e-12	-4.929454878e-12	-4.788537953e-12	-4.327807431e-12	-5.001043690e-12	-4.941285871e-12	-4.340165920e-12	-4.803759995e-12	-4.692910372e-12	-4.260513947e-12	-4.308968270e-12	-4.172120604e-12	-4.289074116e-12	-4.351921557e-12	-4.798032890e-12	-5.018451074e-12	-4.656513112e-12	-4.954699353e-12	-4.902251129e-12	-4.815289562e-12	-4.766533813e-12	-4.637221812e-12	-4.708057057e-12	-4.736014372e-12	-4.928023101e-12	-4.707830987e-12	-4.562015881e-12	-4.881000555e-12	-5.390562183e-12	-6.138929016e-12	-5.292749259e-12	-5.557778577e-12	-5.021013200e-12	-5.020561060e-12	-5.241205314e-12	-5.330201511e-12	-5.024554962e-12	-5.213247999e-12	-4.812576722e-12	-5.006921508e-12	-5.011744333e-12	-4.720867687e-12	-4.692759658e-12	-4.595172804e-12	-4.260287877e-12	-2.728287302e-12	1.207608308e-10	9.766055298e-11	2.144999748e-10	2.538538518e-10	2.013543850e-10	1.682886431e-10	-5.152510544e-12	-4.858092136e-12	-5.113249733e-12	-5.285590378e-12	-5.127492138e-12	-5.075420697e-12	-4.687484693e-12	-5.891457797e-12	-5.500733597e-12	-5.552578968e-12	-5.864781545e-12	-5.149722348e-12	-5.444668254e-12	-5.481065513e-12	-5.392069316e-12	-5.755363698e-12	-5.206239832e-12	-5.221612587e-12	-5.445346463e-12	-4.882583045e-12	-4.822825226e-12	-4.704967435e-12	-4.791702932e-12	-4.806924974e-12	-4.998406207e-12	-4.917021031e-12	-5.051532641e-12	-5.207144111e-12	-4.819660247e-12	-5.035858459e-12	-4.357271878e-12	-5.023876753e-12	-4.912424276e-12	-4.758470652e-12	-5.044901256e-12	-4.438807767e-12	-5.219201174e-12	-4.448227348e-12	-4.425771068e-12	-4.677010120e-12	-4.294575151e-12	-4.819509534e-12	-5.005791158e-12	-4.869169562e-12	-4.882055548e-12	-5.182201062e-12	-5.294105679e-12	-5.266299077e-12	-5.040003075e-12	-4.819283464e-12	-4.845582933e-12	-5.001571186e-12	-5.082278152e-12	-5.289056783e-12	-5.212419076e-12	-4.908807157e-12	-5.219653314e-12	-5.151304838e-12	-4.801122513e-12	-4.564427293e-12	-5.093506292e-12	-4.809788527e-12	-5.059972585e-12	-4.767438093e-12	-5.265771580e-12	-5.157107300e-12	-5.171349705e-12	-4.820790597e-12	-4.956357200e-12	-4.777988023e-12	-4.804136778e-12	-4.748900358e-12	-5.020787130e-12	-5.051683354e-12	-4.630364357e-12	-5.519798828e-12	-5.217844755e-12	-5.301942770e-12	-4.874218457e-12	-4.771205925e-12	-4.721847323e-12	-4.825688779e-12	-5.101343383e-12	-4.540388524e-12	-5.128999271e-12	-5.123272166e-12	-4.717778064e-12	-4.634810399e-12	-4.726444078e-12	-4.623205476e-12	-4.781153002e-12	-5.052512277e-12	-5.104357649e-12	-5.105035858e-12	-5.385136505e-12	-5.453635694e-12	-5.076324977e-12	-5.264490517e-12	-5.258311273e-12	-5.122443243e-12	-4.693437868e-12	-4.295780857e-12	-4.177320212e-12	-4.408137613e-12	-4.289827682e-12	-4.299774759e-12	-4.337151654e-12	-4.011309525e-12	-3.886142139e-12	-4.217409947e-12	-3.962855203e-12	-3.902042391e-12	-4.323286032e-12	-4.622602623e-12	-4.674975490e-12	-4.754401393e-12	-4.698863546e-12	-4.330746340e-12	-4.510848719e-12	-4.423208942e-12	-4.684395071e-12	-4.320799263e-12	-4.474677530e-12	-4.628028301e-12	-4.563447657e-12	-4.241222646e-12	-5.158991216e-12	-4.813028862e-12	-4.643853196e-12	-4.867059576e-12	-4.617176944e-12	-4.575806147e-12	-4.357121165e-12	-4.727197645e-12	-4.577614706e-12	-4.300603682e-12	-4.366239319e-12	-4.435190649e-12	-4.645058903e-12	-4.070615204e-12	-4.313037528e-12	-4.328787067e-12	-4.079205862e-12	-4.536394622e-12	-4.277393836e-12	-4.870224555e-12	-4.478596076e-12	-4.980169899e-12	-5.036159886e-12	-5.197121678e-12	-4.924481339e-12	-4.711523463e-12	-5.403749596e-12	-4.840232611e-12	-5.226736839e-12
-4.440842397e-12	-4.767136666e-12	-4.411604019e-12	-4.725916582e-12	-5.291769623e-12	-5.273834741e-12	-5.042339131e-12	-4.775350540e-12	-5.363509148e-12	-5.357857400e-12	-5.028548865e-12	-4.813933142e-12	-5.073536781e-12	-5.115811859e-12	-4.829456611e-12	-4.990116976e-12	-5.020410347e-12	-4.774747687e-12	-5.208048391e-12	-4.849727548e-12	-5.052060138e-12	-4.327355291e-12	-4.497435237e-12	-4.745735379e-12	-5.336531469e-12	-4.871807045e-12	-4.743022540e-12	-4.713482735e-12	-4.412357585e-12	-4.742947183e-12	-4.463826173e-12	-4.372041781e-12	-4.650786007e-12	-4.661788078e-12	-4.081315848e-12	-4.292088381e-12	-4.801725366e-12	-4.562543377e-12	-4.524638985e-12	-4.330294200e-12	-4.413638648e-12	-4.527879321e-12	-4.447172355e-12	-4.648299238e-12	-4.734733309e-12	-4.620266567e-12	-4.848295772e-12	-4.223589192e-12	-4.369027515e-12	-4.279127038e-12	-4.344084466e-12	-4.886727660e-12	-4.459455488e-12	-4.902703269e-12	-4.321251403e-12	-4.571736888e-12	-4.730965477e-12	-4.655608833e-12	-4.746941085e-12	-5.297572084e-12	-4.853344667e-12	-4.923049563e-12	-5.021691410e-12	-4.959597535e-12	-4.695246428e-12	-4.522679712e-12	-4.427654984e-12	-4.181841611e-12	-4.263302143e-12	-4.566914063e-12	-4.987479494e-12	-5.217844755e-12	-4.860428192e-12	-5.482120506e-12	-4.765252750e-12	-5.329674015e-12	-4.919281731e-12	-4.605119881e-12	-4.915513898e-12	-4.711523463e-12	-5.258085203e-12	-4.892530122e-12	-5.362906295e-12	-5.002927606e-12	-4.970373535e-12	-5.196443468e-12	-5.108502264e-12	-5.136534936e-12	-3.634074165e-12	-2.266275716e-12	2.562351971e-12	1.233063029e-10	2.788183023e-10	2.329179675e-10	1.932866273e-10	1.716879059e-10	1.566177075e-10	1.459949074e-10	1.363701307e-10	1.300999304e-10	1.227063133e-10	1.182887561e-10	1.117270763e-10	1.076436505e-10	1.039877229e-10	9.955162797e-11	9.631001121e-11	9.320486533e-11	9.099879957e-11	8.813652815e-11	8.493424756e-11	8.339147098e-11	8.234258185e-11	7.966169388e-11	7.879433891e-11	7.561202782e-11	7.477632264e-11	7.353180766e-11	7.205270745e-11	7.070156282e-11	7.027933954e-11	6.975319945e-11	6.771435009e-11	6.796023882e-11	6.622447388e-11	6.566691007e-11	6.512637686e-11	6.364855771e-11	6.351057970e-11	6.285934758e-11	6.187812871e-11	6.133390303e-11	6.135115970e-11	6.042789010e-11	6.039352747e-11	6.044921603e-11	6.047084338e-11	6.211007646e-11	7.070502923e-11	8.714852719e-11	1.093748187e-10	1.283939314e-10	1.382664053e-10	1.429349755e-10	1.349480755e-10	1.251321190e-10	1.254211118e-10	1.264664591e-10	1.336578190e-10	1.356069940e-10	1.350729415e-10	1.321689225e-10	1.353470136e-10	1.232077364e-10	1.164765795e-10	-4.511376216e-12	-4.775275184e-12	-4.787633673e-12	-4.229240940e-12	-4.404746564e-12	-4.833224443e-12	-4.669851238e-12	-5.234423216e-12	-5.023650683e-12	-5.542255108e-12	-5.218824391e-12	-4.919884584e-12	-5.019355354e-12	-5.053416557e-12	-4.500072719e-12	-4.650107798e-12	-4.976251354e-12	-4.946334766e-12	-4.745132526e-12	-4.787935100e-12	-4.893811185e-12	-5.170520782e-12	-5.199608447e-12	-5.223722573e-12	-4.845884359e-12	-5.069015383e-12	-4.640763574e-12	-4.563146230e-12	-4.642044637e-12	-4.685073281e-12	-4.604140245e-12	-4.905114682e-12	-4.750256778e-12	-4.593364245e-12	-4.385003124e-12	-4.914006766e-12	-4.483343544e-12	-4.559830538e-12	-4.131352659e-12	-4.659075238e-12	-4.703460302e-12	-4.535791768e-12	-4.642421420e-12	-4.570832608e-12	-5.050854431e-12	-4.483946397e-12	-4.636543602e-12	-4.445514509e-12	-4.640612861e-12	-4.677462260e-12	-4.662692357e-12	-4.149815037e-12	-4.383420634e-12	-4.534887489e-12	-3.987421469e-12	-4.508286593e-12	-4.585602510e-12	-4.002718868e-12	-4.306556857e-12	-4.219595290e-12	-4.308591486e-12	-4.413563292e-12	-4.070238421e-12	-4.203016828e-12	-4.346269808e-12	-4.169935261e-12	-4.124269135e-12	-4.155466785e-12	-4.468046145e-12	-4.228336660e-12	-4.211230702e-12	-4.166318142e-12	-3.766777215e-12	-4.146951485e-12	-3.995861413e-12	-3.969034448e-12	-3.785239593e-12	-3.894657440e-12	-4.120501303e-12	-4.198646143e-12	-3.934747175e-12	-3.774312879e-12	-4.030374756e-12	-3.610412178e-12	-4.075362673e-12	-4.137682617e-12	-4.000910308e-12	-4.512280496e-12	-4.111533862e-12	-3.972651567e-12	-4.171291681e-12	-4.213792828e-12	-3.974535483e-12	-4.135271205e-12	-4.164811009e-12	-3.916510867e-12
-4.419893250e-12	-4.262096437e-12	-4.371288214e-12	-3.733846361e-12	-3.654797242e-12	-4.323059962e-12	-3.947181021e-12	-4.109876016e-12	-4.039191483e-12	-4.128564463e-12	-4.199625779e-12	-4.648374595e-12	-4.490803852e-12	-4.883788751e-12	-4.660657728e-12	-4.625541532e-12	-4.530215377e-12	-4.697808553e-12	-4.074006253e-12	-4.108971736e-12	-4.857564639e-12	-5.226962909e-12	-4.547848832e-12	-4.548074901e-12	-4.203996464e-12	-4.381687431e-12	-4.585903937e-12	-4.363375767e-12	-4.582588245e-12	-4.147705051e-12	-4.310400046e-12	-4.212134982e-12	-4.652594567e-12	-4.826969842e-12	-4.669851238e-12	-4.928927381e-12	-4.455235516e-12	-4.602256329e-12	-4.313037528e-12	-4.621246203e-12	-4.738425785e-12	-4.418009334e-12	-4.742118260e-12	-4.337679151e-12	-4.214169611e-12	-4.667891966e-12	-4.681154735e-12	-5.144145957e-12	-4.700596749e-12	-5.106015495e-12	-5.036913452e-12	-4.721545896e-12	-4.734130456e-12	-4.636920385e-12	-4.331123123e-12	-4.505950537e-12	-4.489070649e-12	-4.835786569e-12	-4.443781306e-12	-4.805643911e-12	-4.963742151e-12	-4.879719492e-12	-5.272402965e-12	-5.126211075e-12	-4.751311771e-12	-5.054546907e-12	-4.856961786e-12	-4.883713395e-12	-5.359364532e-12	-4.747920722e-12	-4.952438654e-12	-4.604215601e-12	-4.958467186e-12	-5.199005594e-12	-4.961029311e-12	-4.858318205e-12	-4.616348021e-12	-4.876403800e-12	-4.332479543e-12	-4.883788751e-12	-4.414768998e-12	-4.722902316e-12	-4.827497338e-12	-5.322665847e-12	-5.096143774e-12	-5.051080501e-12	-4.852440387e-12	-4.852063604e-12	-4.908053591e-12	-3.674163899e-12	-1.025980710e-12	1.041952551e-10	2.556808737e-10	2.061470675e-10	1.729551033e-10	1.541353842e-10	1.386162862e-10	1.290222551e-10	1.198974697e-10	1.143537075e-10	1.065784843e-10	9.943768872e-11	9.700600517e-11	9.216366257e-11	8.774520110e-11	8.678832243e-11	8.335055233e-11	8.101954525e-11	7.799163993e-11	7.213755903e-11	7.258555428e-11	7.056991476e-11	6.815526182e-11	6.574731561e-11	6.534219829e-11	6.626350862e-11	6.414523335e-11	6.540519644e-11	6.428155352e-11	6.295881835e-11	6.103556608e-11	5.929369725e-11	5.888850457e-11	5.876032292e-11	-5.235553566e-12	-5.114832222e-12	-4.881980192e-12	-4.614011965e-12	-4.898106514e-12	-4.892831549e-12	-4.988760557e-12	-5.029302431e-12	-4.550787741e-12	-4.714160945e-12	-5.013477536e-12	-4.891776555e-12	-4.575580077e-12	-4.428785334e-12	-4.395477697e-12	-4.712201672e-12	-4.826140918e-12	-5.175946461e-12	-4.633830763e-12	-5.059520445e-12	-4.724560162e-12	-4.969092472e-12	-5.165848670e-12	-4.976251354e-12	-5.042037704e-12	-4.966982486e-12	-4.990418403e-12	-5.154168390e-12	-5.084990991e-12	-5.348663889e-12	-5.306162742e-12	-5.405633512e-12	-5.037214879e-12	-5.318747301e-12	-5.272629035e-12	-5.201869146e-12	-5.417238435e-12	-5.574658465e-12	-5.549413989e-12	-5.226133986e-12	-5.468782380e-12	-6.057769911e-12	-5.541049402e-12	-5.515277429e-12	-5.426582659e-12	-5.475338408e-12	-5.378957260e-12	-5.311211637e-12	-5.669306410e-12	-5.293578182e-12	-5.781587810e-12	-4.936387689e-12	-5.581214493e-12	-5.645192284e-12	-5.610076088e-12	-5.424924813e-12	-5.535397653e-12	-4.574901867e-12	-4.829305897e-12	-4.892153339e-12	-4.147026841e-12	-4.489146006e-12	-4.720340190e-12	-4.675126204e-12	-5.294256392e-12	-4.413111152e-12	-4.850179688e-12	-4.737672218e-12	-4.953041507e-12	-4.775802680e-12	-4.692382875e-12	-4.569928328e-12	-4.186136940e-12	-4.511828356e-12	-4.336172018e-12	-4.039342197e-12	-4.203845751e-12	-4.419742536e-12	-3.733997075e-12	-4.059236351e-12	-4.328033501e-12	-4.382064214e-12	-4.456818005e-12	-4.069484854e-12	-4.336473445e-12	-4.466388299e-12	-4.340241277e-12	-4.050570337e-12	-4.248456884e-12	-4.645812469e-12	-4.380029585e-12	-4.200303989e-12	-4.323361389e-12	-4.137833331e-12	-4.048686421e-12	-3.989003958e-12	-3.718096823e-12	-4.187870142e-12	-4.096085750e-12	-4.710619183e-12	-3.988476462e-12	-4.522001503e-12	-4.183574814e-12	-4.182143037e-12	-4.472341474e-12	-4.931338794e-12	-4.631268637e-12	-4.310852186e-12	-4.442500243e-12	-4.502031992e-12	-4.554856999e-12	-4.432327096e-12	-4.341522340e-12	-4.194652240e-12	-4.506025894e-12	-4.315901081e-12	-4.676181197e-12	-4.117110254e-12	-4.115226337e-12	-4.001136378e-12	-4.244010842e-12	-4.499243796e-12	-4.322155682e-12	-4.526296831e-12	-4.505046258e-12	-4.173175597e-12	-4.423208942e-12
-5.410305624e-12	-5.431631554e-12	-5.441578631e-12	-5.320405147e-12	-5.224325426e-12	-5.551825402e-12	-5.415354519e-12	-5.202321286e-12	-5.188229594e-12	-5.395761792e-12	-5.620475304e-12	-4.944526206e-12	-4.957713619e-12	-5.342710714e-12	-5.215282629e-12	-5.062233285e-12	-5.433063330e-12	-5.514749933e-12	-5.078058180e-12	-5.317541595e-12	-5.296215665e-12	-5.273910098e-12	-5.140754908e-12	-5.574432395e-12	-5.209103384e-12	-5.077982823e-12	-5.320857287e-12	-5.216639048e-12	-5.187023887e-12	-5.336305399e-12	-5.725145683e-12	-5.318219805e-12	-5.388452197e-12	-5.035406319e-12	-4.891927269e-12	-4.729533701e-12	-4.774069477e-12	-5.339018239e-12	-5.080394236e-12	-5.594477262e-12	-5.542481178e-12	-5.556120730e-12	-5.657173990e-12	-5.549187919e-12	-5.069241452e-12	-5.477975890e-12	-4.965626067e-12	-5.162985118e-12	-4.860051408e-12	-4.913856052e-12	-5.584002689e-12	-5.414977736e-12	-5.265846937e-12	-5.231107524e-12	-5.222140083e-12	-5.391692533e-12	-5.650241179e-12	-5.308272728e-12	-5.544063667e-12	-5.851970915e-12	-5.471796646e-12	-6.055509211e-12	-5.224928279e-12	-5.196217398e-12	-5.235553566e-12	-5.169013649e-12	-5.097726264e-12	-5.499753961e-12	-5.288906070e-12	-5.753329068e-12	-5.243918154e-12	-5.961011979e-12	-5.861541209e-12	-5.242109594e-12	-5.376545847e-12	-5.736449180e-12	-5.007976501e-12	-4.941210514e-12	-5.105186572e-12	-5.123950376e-12	-5.355219917e-12	-5.694701599e-12	-5.629970242e-12	-5.609699304e-12	-4.841061534e-12	-5.250926322e-12	-4.973237088e-12	-4.740987911e-12	-5.033070263e-12	-4.505724467e-12	-2.749839302e-12	9.280170728e-13	1.788705245e-10	1.258904329e-10	1.068547418e-10	9.473972945e-11	8.656240321e-11	8.073597820e-11	7.415877494e-11	7.048461104e-11	6.817025779e-11	6.357433142e-11	5.953197495e-11	5.749696878e-11	5.526068501e-11	5.303668437e-11	5.067252037e-11	4.829441539e-11	4.772818557e-11	4.652376033e-11	4.435047471e-11	4.344031716e-11	4.240145046e-11	4.038264597e-11	3.934679354e-11	3.843867062e-11	3.812880410e-11	3.739814608e-11	3.659250819e-11	3.606101778e-11	3.510542018e-11	3.459186465e-11	3.412005670e-11	3.416572282e-11	3.366610827e-11	3.346950279e-11	3.358766201e-11	3.308465641e-11	3.194993606e-11	3.326166916e-11	3.284268622e-11	3.223900415e-11	3.175890697e-11	3.046593767e-11	2.990249604e-11	2.997069380e-11	3.040346701e-11	-5.362077372e-12	-5.132314964e-12	-5.998313518e-12	-5.501863947e-12	-5.406085652e-12	-5.801105181e-12	-5.513468870e-12	-5.428240505e-12	-5.700579417e-12	-5.604725766e-12	-5.759432956e-12	-6.107580652e-12	-5.488299751e-12	-5.510680674e-12	-5.735997040e-12	-5.618063892e-12	-5.782416733e-12	-5.717534662e-12	-5.823184677e-12	-5.548735779e-12	-5.738408453e-12	-5.539768339e-12	-5.267504783e-12	-5.466823107e-12	-5.307067021e-12	-5.801708034e-12	-5.571870269e-12	-5.847901657e-12	-6.191151171e-12	-5.491389373e-12	-6.061085603e-12	-5.582872339e-12	-5.571342773e-12	-5.590935500e-12	-5.874276482e-12	-5.870282580e-12	-5.699825851e-12	-6.091002191e-12	-5.965458021e-12	-6.193637940e-12	-5.541576898e-12	-5.292447832e-12	-5.888292818e-12	-5.723412480e-12	-5.718891082e-12	-5.642705515e-12	-6.236440514e-12	-5.649336899e-12	-5.458609233e-12	-5.496136842e-12	-5.592442633e-12	-5.187702097e-12	-5.142940250e-12	-5.363659861e-12	-5.594251192e-12	-5.439091862e-12	-5.174288614e-12	-4.916116752e-12	-5.164718321e-12	-6.014289127e-12	-5.153565537e-12	-5.602088283e-12	-5.485812981e-12	-5.686789151e-12	-5.666292144e-12	-5.902459867e-12	-5.953853098e-12	-5.929286832e-12	-5.802913740e-12	-5.921449741e-12	-5.584530185e-12	-5.813312957e-12	-5.726878886e-12	-5.481819079e-12	-5.643233011e-12	-5.411360617e-12	-5.817985069e-12	-5.374737288e-12	-5.270895832e-12	-5.312492700e-12	-5.353260644e-12	-5.248138126e-12	-5.234423216e-12	-5.264641231e-12	-5.257859133e-12	-5.087100977e-12	-4.849426121e-12	-4.781077645e-12	-5.286042518e-12	-5.135404586e-12	-4.802629645e-12	-4.677462260e-12	-4.613409112e-12	-4.729307631e-12	-4.634433616e-12	-4.785900470e-12	-4.796299687e-12	-4.463374033e-12	-4.838197981e-12	-4.992905172e-12	-4.531797866e-12	-5.096445201e-12	-5.237964979e-12	-4.942340864e-12	-4.967133200e-12	-4.628254371e-12	-5.231107524e-12	-5.313396980e-12	-5.425753736e-12	-5.113023663e-12	-5.176549314e-12	-5.131486041e-12	-4.798334317e-12	-4.726218008e-12
-5.279411133e-12	-5.373606938e-12	-5.329749371e-12	-5.415279162e-12	-5.291468196e-12	-5.498171471e-12	-5.410833120e-12	-5.141357761e-12	-5.040982711e-12	-4.881603409e-12	-4.888310150e-12	-5.011970403e-12	-5.378881903e-12	-5.435776170e-12	-5.366372700e-12	-5.163211188e-12	-5.323570127e-12	-5.166225454e-12	-4.873314178e-12	-5.338264672e-12	-5.078510320e-12	-4.898332584e-12	-4.953116864e-12	-5.141282404e-12	-5.129225341e-12	-5.110989033e-12	-5.557326437e-12	-5.428014435e-12	-5.559587136e-12	-5.208726601e-12	-5.160799775e-12	-5.381971526e-12	-5.597491528e-12	-4.934805199e-12	-5.371195526e-12	-5.526053429e-12	-5.655290074e-12	-5.850539139e-12	-5.611206437e-12	-5.374586575e-12	-5.296140308e-12	-5.609925374e-12	-5.693119109e-12	-5.168034013e-12	-5.814217237e-12	-5.291392839e-12	-5.724015334e-12	-5.519120618e-12	-5.990099644e-12	-5.506385345e-12	-5.455067471e-12	-5.713163977e-12	-5.802913740e-12	-5.820773265e-12	-5.844209181e-12	-5.600279724e-12	-5.818361852e-12	-5.486189765e-12	-5.536603360e-12	-5.669381767e-12	-5.374134435e-12	-5.196970964e-12	-5.413922743e-12	-5.610678941e-12	-5.195087048e-12	-5.654611864e-12	-5.622283864e-12	-4.795169338e-12	-5.203979132e-12	-5.579104507e-12	-5.080017453e-12	-5.668628200e-12	-5.328317595e-12	-5.618817458e-12	-5.314828756e-12	-5.306087385e-12	-5.178734656e-12	-5.300435637e-12	-5.724768900e-12	-6.024010134e-12	-5.211665510e-12	-5.659434690e-12	-5.411285260e-12	-5.386568281e-12	-5.435173317e-12	-5.969527280e-12	-5.748883026e-12	-5.683247389e-12	-5.509776394e-12	-4.413487935e-12	-3.379067281e-12	-1.072325046e-13	1.538496318e-10	1.211058889e-10	1.045678937e-10	9.332302454e-11	8.494698283e-11	7.781515467e-11	7.273619221e-11	6.747833308e-11	6.477099493e-11	6.035615057e-11	5.877531889e-11	5.632208334e-11	5.394752013e-11	5.064983802e-11	5.000923119e-11	4.763949080e-11	4.689330931e-11	4.489387147e-11	4.324243061e-11	4.167855418e-11	4.057774432e-11	3.969629765e-11	3.878470833e-11	3.766596359e-11	3.685520145e-11	3.641941398e-11	3.599146360e-11	3.491265788e-11	3.488982482e-11	3.442698431e-11	3.447272579e-11	3.320168528e-11	3.246025125e-11	3.212235206e-11	3.164459094e-11	3.071069605e-11	3.067972447e-11	3.059954500e-11	3.040354237e-11	2.972488043e-11	2.960363159e-11	2.867335382e-11	2.909866671e-11	2.790290749e-11	2.840998234e-11	2.820139515e-11	2.795264287e-11	-5.321610854e-12	-5.952647392e-12	-5.508646045e-12	-5.474961625e-12	-6.139607226e-12	-5.622886717e-12	-5.318822658e-12	-5.254694154e-12	-5.105789425e-12	-5.841194915e-12	-5.845264174e-12	-5.869378300e-12	-6.354976515e-12	-5.610000731e-12	-5.417841288e-12	-5.975329742e-12	-5.861691922e-12	-5.884072846e-12	-5.929060762e-12	-5.086573481e-12	-5.136761006e-12	-5.489580814e-12	-5.571116703e-12	-5.440222212e-12	-5.426431946e-12	-5.378731190e-12	-5.474584841e-12	-5.121237537e-12	-5.380389036e-12	-5.266449790e-12	-5.193881342e-12	-5.072406432e-12	-5.353637428e-12	-4.769774149e-12	-4.735712945e-12	-5.271800112e-12	-5.177076810e-12	-5.220859021e-12	-4.755079603e-12	-5.103980865e-12	-5.121689677e-12	-4.843623660e-12	-5.381142603e-12	-4.878438429e-12	-5.110160110e-12	-5.566143164e-12	-4.630590427e-12	-4.930735941e-12	-4.880322346e-12	-4.851837534e-12	-4.772939128e-12	-4.771884135e-12	-4.748523575e-12	-5.327337959e-12	-5.441277205e-12	-5.017923578e-12	-5.199382377e-12	-5.397494994e-12	-5.254468084e-12	-5.331105791e-12	-4.876479157e-12	-5.353185288e-12	-5.030583494e-12	-5.244144224e-12	-5.175343607e-12	-5.244144224e-12	-5.080544949e-12	-5.360344169e-12	-5.514147080e-12	-5.175268251e-12	-5.111516530e-12	-5.515428143e-12	-5.073235355e-12	-5.687165935e-12	-5.069542879e-12	-4.923652416e-12	-5.598772591e-12	-5.657927557e-12	-5.694927669e-12	-5.276396867e-12	-5.706834019e-12	-5.467802743e-12	-5.966588371e-12	-5.574206325e-12	-5.595230829e-12	-5.696585515e-12	-5.570890633e-12	-6.002005994e-12	-5.723563194e-12	-5.839386356e-12	-5.533664450e-12	-5.505481066e-12	-5.632758437e-12	-5.717760732e-12	-6.020468372e-12	-5.960032343e-12	-5.526053429e-12	-5.829740705e-12	-5.653707585e-12	-5.918435475e-12	-5.462527778e-12	-5.640670885e-12	-5.963875532e-12	-5.540823332e-12	-5.608418241e-12	-5.940364259e-12	-5.622585291e-12	-5.718212872e-12	-5.469460590e-12	-5.543837597e-12	-5.665011081e-12	-5.307895945e-12
-4.891324416e-12	-4.986876640e-12	-5.102323019e-12	-5.684377739e-12	-5.038872725e-12	-5.538411919e-12	-5.342258574e-12	-4.612881615e-12	-4.999611913e-12	-4.927118822e-12	-5.246028140e-12	-5.172404698e-12	-5.055225117e-12	-5.203074853e-12	-5.547379360e-12	-5.702387977e-12	-5.900500594e-12	-5.317315525e-12	-5.649110829e-12	-5.922730804e-12	-6.120692708e-12	-5.657626130e-12	-5.610829654e-12	-5.699675138e-12	-5.456951387e-12	-5.790027754e-12	-5.607287892e-12	-5.518668478e-12	-5.777970691e-12	-5.489731527e-12	-5.599224731e-12	-5.495533988e-12	-5.597792955e-12	-5.714068257e-12	-4.718531631e-12	-5.133068530e-12	-5.157333370e-12	-4.789592946e-12	-4.968263549e-12	-5.094862711e-12	-5.001495829e-12	-4.963365367e-12	-4.829079828e-12	-5.019732137e-12	-4.713030596e-12	-5.106241565e-12	-4.436396355e-12	-4.596604580e-12	-4.705796358e-12	-5.219728671e-12	-5.090115243e-12	-4.828476974e-12	-4.880096276e-12	-4.543779573e-12	-4.704289225e-12	-5.064267914e-12	-4.697657840e-12	-4.476862873e-12	-4.996974431e-12	-4.975799214e-12	-4.222760269e-12	-5.123121453e-12	-4.919809227e-12	-4.813405646e-12	-4.682887938e-12	-4.722525533e-12	-4.822222373e-12	-4.502031992e-12	-4.378145669e-12	-4.525091125e-12	-4.726820861e-12	-4.674146567e-12	-4.767814876e-12	-4.796148974e-12	-4.993734095e-12	-4.919884584e-12	-5.307142378e-12	-5.579330577e-12	-5.282802182e-12	-5.102473733e-12	-4.815214205e-12	-5.026815662e-12	-5.132390320e-12	-5.092451299e-12	-4.896750094e-12	-4.686580413e-12	-4.422681446e-12	-4.221027066e-12	-3.992244294e-12	-3.824274334e-12	-2.116089925e-12	4.366163962e-12	1.653343612e-10	1.301257778e-10	1.162575931e-10	1.043812353e-10	9.672289026e-11	9.062751738e-11	8.457826277e-11	7.950804168e-11	7.596318979e-11	7.188963567e-11	6.997233658e-11	6.631362079e-11	6.229153526e-11	6.058591298e-11	5.913981898e-11	5.741844716e-11	5.513717547e-11	5.395045903e-11	5.233104475e-11	5.084900563e-11	4.975527930e-11	4.776925494e-11	4.757897941e-11	4.607568972e-11	4.519688054e-11	4.409358391e-11	4.332389115e-11	-5.456649960e-12	-5.151907691e-12	-5.054999047e-12	-4.966304277e-12	-4.898407940e-12	-4.919658514e-12	-5.067583606e-12	-5.606685039e-12	-5.309779861e-12	-5.049045872e-12	-5.198854880e-12	-5.012422543e-12	-5.048141592e-12	-5.591689066e-12	-5.435022603e-12	-5.094485928e-12	-5.462075638e-12	-5.782416733e-12	-5.465843471e-12	-5.479106240e-12	-4.928399885e-12	-4.815590988e-12	-4.802252862e-12	-4.698863546e-12	-5.000290123e-12	-4.803986065e-12	-5.150400558e-12	-5.210987300e-12	-4.868491352e-12	-4.968188193e-12	-4.872937394e-12	-5.261551608e-12	-4.857112499e-12	-4.961029311e-12	-5.858677657e-12	-4.923878486e-12	-5.080695662e-12	-5.030357424e-12	-4.986951997e-12	-5.217166545e-12	-5.359892029e-12	-5.707286159e-12	-5.680082410e-12	-5.401413540e-12	-5.695229096e-12	-5.349040672e-12	-5.044524473e-12	-5.156579803e-12	-5.186571747e-12	-5.440146855e-12	-4.825764135e-12	-4.963214654e-12	-5.115585789e-12	-5.121011467e-12	-5.217467972e-12	-4.944676920e-12	-5.121991103e-12	-5.077907467e-12	-4.755230316e-12	-4.582965028e-12	-5.149119495e-12	-4.826969842e-12	-4.737446148e-12	-5.465617401e-12	-5.278883637e-12	-5.126060362e-12	-5.365393064e-12	-5.254694154e-12	-5.133143887e-12	-5.637581263e-12	-5.429521568e-12	-4.828250904e-12	-5.008353284e-12	-5.098931970e-12	-4.302789025e-12	-4.654327770e-12	-4.874519884e-12	-5.080997089e-12	-4.862613534e-12	-4.806924974e-12	-4.847165422e-12	-4.699466400e-12	-4.695698567e-12	-4.600297056e-12	-4.956055773e-12	-5.296893874e-12	-4.982355242e-12	-5.121388250e-12	-4.921165647e-12	-4.909183940e-12	-4.445363796e-12	-4.438807767e-12	-4.396909473e-12	-4.718079491e-12	-4.904059688e-12	-5.276999720e-12	-5.182803915e-12	-5.005188305e-12	-4.840157254e-12	-4.522152216e-12	-5.164642964e-12	-5.105940138e-12	-5.041736277e-12	-4.391408438e-12	-5.287022154e-12	-4.660431658e-12	-4.504217335e-12	-5.309930574e-12	-4.777535883e-12	-4.328636354e-12	-4.659904161e-12	-4.590576049e-12	-4.840307968e-12	-4.763594904e-12	-4.733000106e-12	-4.613710539e-12	-5.083785285e-12	-5.045654823e-12	-5.022671046e-12	-5.596888675e-12	-5.332763637e-12	-5.154620530e-12	-4.862613534e-12	-5.233368223e-12	-5.030809564e-12	-5.139549201e-12	-4.977080277e-12	-4.938346962e-12	-4.895996528e-12	-5.179488223e-12	-4.974367437e-12	-5.346177120e-12
-4.208367150e-12	-4.429011404e-12	-3.918168713e-12	-3.967075175e-12	-4.220198143e-12	-4.541066734e-12	-4.873690961e-12	-4.890495493e-12	-4.042883959e-12	-5.308423441e-12	-4.944375493e-12	-5.120107187e-12	-4.796676471e-12	-5.104659075e-12	-5.032241340e-12	-4.843020807e-12	-4.457194789e-12	-4.571887601e-12	-4.765554177e-12	-4.397964466e-12	-4.670755518e-12	-4.614690175e-12	-4.371514284e-12	-4.022914448e-12	-4.805417841e-12	-4.741138624e-12	-4.441294537e-12	-4.212285695e-12	-4.137305834e-12	-4.379878872e-12	-4.693663938e-12	-4.575354007e-12	-5.005414375e-12	-5.141885257e-12	-5.290865343e-12	-4.880548416e-12	-4.831491240e-12	-4.668871602e-12	-4.660582371e-12	-4.434060299e-12	-4.203318254e-12	-4.243784772e-12	-4.381461361e-12	-4.416502201e-12	-4.058181358e-12	-4.151171457e-12	-3.804907677e-12	-3.958635231e-12	-4.438280271e-12	-4.276263486e-12	-4.414392215e-12	-4.255615766e-12	-4.283196297e-12	-3.856828405e-12	-4.316051794e-12	-4.547698118e-12	-4.224644185e-12	-4.386058117e-12	-4.336398088e-12	-4.884919101e-12	-4.446192719e-12	-4.178073779e-12	-4.573093307e-12	-4.125248771e-12	-4.603235965e-12	-4.670303378e-12	-4.788311883e-12	-4.570606538e-12	-5.400509260e-12	-5.020108920e-12	-5.084840278e-12	-4.357347235e-12	-4.723957309e-12	-4.851008611e-12	-4.997275857e-12	-4.636016105e-12	-4.886501590e-12	-4.752668190e-12	-5.142563467e-12	-5.189962796e-12	-4.934729843e-12	-4.981300249e-12	-5.356274910e-12	-5.563581038e-12	-5.650015109e-12	-5.493122576e-12	-5.305258462e-12	-4.882809115e-12	-4.757566372e-12	-3.814402614e-12	-5.127266068e-13	1.500554248e-11	1.828847729e-10	1.465071065e-10	1.283438192e-10	1.167736354e-10	1.073201444e-10	1.005032317e-10	9.525140107e-11	8.905904419e-11	8.518299984e-11	8.067674788e-11	8.148042649e-11	7.793889028e-11	7.293249627e-11	7.077375449e-11	6.792323871e-11	6.555364903e-11	6.370515055e-11	6.170480843e-11	5.973792466e-11	5.866718211e-11	5.716080279e-11	5.494441317e-11	5.358701394e-11	5.288258003e-11	5.163618114e-11	5.037757447e-11	4.940758374e-11	-4.380180298e-12	-4.471738621e-12	-4.798711100e-12	-4.349133361e-12	-4.892906905e-12	-4.515445475e-12	-4.304296158e-12	-4.113267065e-12	-4.506327321e-12	-4.500826286e-12	-4.236701248e-12	-4.207312157e-12	-4.304522228e-12	-4.543176720e-12	-4.481685698e-12	-4.353277976e-12	-4.595172804e-12	-4.497887376e-12	-4.571058678e-12	-5.013402179e-12	-4.895544388e-12	-4.536771405e-12	-4.662390931e-12	-3.949366364e-12	-4.493441334e-12	-4.877534150e-12	-4.815364918e-12	-4.404671208e-12	-4.367294312e-12	-4.542875293e-12	-4.362546844e-12	-4.832018737e-12	-4.541066734e-12	-4.449282341e-12	-4.458626565e-12	-4.450940187e-12	-4.394724131e-12	-4.603386678e-12	-4.908656444e-12	-5.048819802e-12	-4.834128723e-12	-4.746639659e-12	-5.101418740e-12	-4.832546233e-12	-4.491708132e-12	-4.275208493e-12	-3.925176881e-12	-4.347023375e-12	-4.171668464e-12	-4.607380580e-12	-4.066093805e-12	-4.578594342e-12	-4.427504271e-12	-4.578820412e-12	-4.452748747e-12	-4.438054201e-12	-3.816286530e-12	-4.477239656e-12	-4.521021866e-12	-4.436019572e-12	-3.992771791e-12	-4.023894085e-12	-3.989456098e-12	-4.063908463e-12	-4.474978957e-12	-4.667138399e-12	-4.698863546e-12	-4.514013698e-12	-4.520645083e-12	-4.489070649e-12	-4.418009334e-12	-4.135798701e-12	-4.541292804e-12	-4.378899235e-12	-4.689670036e-12	-5.012950039e-12	-4.857489282e-12	-4.862161394e-12	-4.837821198e-12	-4.681757588e-12	-4.937819465e-12	-5.032844193e-12	-4.692006092e-12	-4.945656556e-12	-4.791702932e-12	-4.516575824e-12	-4.635563965e-12	-4.913177842e-12	-4.842568667e-12	-4.973387801e-12	-4.660054875e-12	-5.082956362e-12	-5.063740417e-12	-4.952363297e-12	-5.071351439e-12	-5.221537230e-12	-5.318370518e-12	-5.370969456e-12	-5.622057794e-12	-5.809469768e-12	-6.057619197e-12	-5.528238772e-12	-5.633587361e-12	-5.641575165e-12	-5.184386405e-12	-5.437961512e-12	-5.429973708e-12	-5.638334829e-12	-5.691913403e-12	-5.220482237e-12	-5.510379247e-12	-5.777593908e-12	-5.852347699e-12	-5.290789986e-12	-5.315582322e-12	-5.385061148e-12	-5.479256953e-12	-5.562375332e-12	-5.404578519e-12	-5.857547307e-12	-5.634340927e-12	-6.357840068e-12	-6.013912344e-12	-5.690330914e-12	-5.716027529e-12	-5.596059752e-12	-5.743155921e-12	-5.283254322e-12	-5.567198157e-12	-5.924162580e-12	-5.565389598e-12	-5.609322521e-12
-5.702538690e-12	-5.792363810e-12	-6.078794414e-12	-5.882716426e-12	-5.408647778e-12	-6.074423729e-12	-5.731626355e-12	-5.855889461e-12	-5.632306298e-12	-5.617611752e-12	-5.819567558e-12	-5.818587922e-12	-6.021372651e-12	-5.615124983e-12	-5.635471277e-12	-4.963892864e-12	-5.517236702e-12	-5.610076088e-12	-5.179262153e-12	-5.584605542e-12	-5.349040672e-12	-5.601410074e-12	-5.508043191e-12	-5.275115804e-12	-5.237889622e-12	-5.086498124e-12	-5.344896057e-12	-5.765988984e-12	-5.488299751e-12	-5.740819865e-12	-5.313623049e-12	-5.585208395e-12	-4.981827745e-12	-5.607137178e-12	-5.561395695e-12	-5.587167668e-12	-5.240602461e-12	-5.275643301e-12	-5.318747301e-12	-5.350547805e-12	-5.440222212e-12	-5.144748810e-12	-5.375415498e-12	-5.168184726e-12	-5.145728446e-12	-5.493574716e-12	-5.962745182e-12	-5.761844369e-12	-5.342258574e-12	-5.549037206e-12	-5.289810350e-12	-5.373682295e-12	-5.294557819e-12	-5.083559215e-12	-5.625448843e-12	-5.552880395e-12	-5.133671383e-12	-5.589428367e-12	-5.520024898e-12	-5.925217573e-12	-5.359364532e-12	-5.382348309e-12	-5.643534438e-12	-5.772092873e-12	-5.493650072e-12	-4.919733870e-12	-5.455444254e-12	-5.157107300e-12	-5.331633287e-12	-5.592970129e-12	-5.302620979e-12	-5.216865118e-12	-5.093280222e-12	-5.362303442e-12	-5.154695887e-12	-5.254091301e-12	-5.605856116e-12	-5.072255718e-12	-4.954774710e-12	-5.322213707e-12	-5.129074628e-12	-4.918603521e-12	-5.052286208e-12	-5.114681509e-12	-5.228394685e-12	-4.757189589e-12	-5.056882963e-12	-4.750332134e-12	-4.152980016e-12	-2.486091047e-12	3.987798252e-12	4.128489107e-11	2.271546160e-10	1.613208663e-10	1.407166266e-10	1.282635644e-10	1.184179174e-10	1.106834622e-10	1.043712129e-10	9.944236083e-11	9.443498719e-11	8.966302769e-11	8.872641996e-11	8.309727865e-11	7.852094500e-11	7.515596941e-11	7.160930896e-11	6.985982911e-11	6.798465437e-11	6.586818767e-11	6.390846278e-11	6.171746835e-11	6.023701172e-11	5.844171503e-11	5.599616585e-11	5.450267252e-11	5.387329383e-11	5.268846132e-11	5.173150729e-11	-5.154319104e-12	-5.228771468e-12	-5.024102823e-12	-5.068111103e-12	-4.968640333e-12	-5.008805424e-12	-4.813933142e-12	-5.130581761e-12	-4.872183828e-12	-4.845432219e-12	-4.582286818e-12	-5.169390433e-12	-4.986123074e-12	-4.918151381e-12	-4.550938454e-12	-4.906471101e-12	-5.009332920e-12	-5.583098409e-12	-5.066302543e-12	-5.125758936e-12	-4.880096276e-12	-5.181899635e-12	-5.389055050e-12	-5.227942545e-12	-5.118750768e-12	-5.385061148e-12	-5.414827023e-12	-4.995844081e-12	-5.473831275e-12	-5.058766879e-12	-5.481216226e-12	-5.300963133e-12	-5.656721850e-12	-5.371195526e-12	-5.582269486e-12	-4.997652641e-12	-4.660280945e-12	-4.970072109e-12	-5.194785622e-12	-5.114304726e-12	-5.699675138e-12	-5.663730018e-12	-4.835409786e-12	-4.781454428e-12	-5.316938742e-12	-5.000365480e-12	-4.799238596e-12	-4.805342485e-12	-5.246781706e-12	-4.921165647e-12	-4.665028413e-12	-4.786729394e-12	-5.445346463e-12	-5.289659637e-12	-5.272327608e-12	-5.293427469e-12	-5.352205651e-12	-5.228470042e-12	-5.300435637e-12	-5.687015221e-12	-5.615803193e-12	-5.264716587e-12	-5.138117425e-12	-4.914760332e-12	-4.644154623e-12	-4.760429925e-12	-5.252056671e-12	-4.886652304e-12	-5.156203020e-12	-4.822825226e-12	-4.817399548e-12	-4.498565586e-12	-4.514390482e-12	-4.179354842e-12	-4.373021417e-12	-4.377166033e-12	-4.208065723e-12	-4.747543939e-12	-4.526146118e-12	-5.070070376e-12	-5.052587634e-12	-4.929379521e-12	-4.496229530e-12	-4.364581473e-12	-4.728478708e-12	-4.961707521e-12	-4.833525870e-12	-5.277451860e-12	-5.161025845e-12	-4.864497450e-12	-5.099082684e-12	-4.890194066e-12	-4.944978346e-12	-4.954096500e-12	-4.731342260e-12	-4.581834678e-12	-4.467066509e-12	-4.817550261e-12	-4.749653925e-12	-4.454105166e-12	-4.724484805e-12	-4.276263486e-12	-4.985218794e-12	-4.627124021e-12	-4.921768500e-12	-5.191922069e-12	-4.873917031e-12	-5.022218907e-12	-4.447247712e-12	-5.093807718e-12	-4.894489395e-12	-4.372041781e-12	-4.609339853e-12	-5.060575438e-12	-4.708509197e-12	-4.891625842e-12	-4.445589865e-12	-4.574374370e-12	-4.540765307e-12	-4.522302929e-12	-4.440239544e-12	-4.715291295e-12	-4.764875967e-12	-4.226226674e-12	-4.703761728e-12	-5.111667243e-12	-4.651765644e-12	-4.896976164e-12	-4.759525645e-12	-4.803383212e-12	-5.162985118e-12	-5.404879946e-12
-5.258763413e-12	-4.781906568e-12	-5.378128337e-12	-5.048895159e-12	-5.051381928e-12	-4.566537279e-12	-4.896976164e-12	-4.460887264e-12	-4.302713668e-12	-4.497887376e-12	-4.344235179e-12	-4.475732523e-12	-4.234440549e-12	-4.196837583e-12	-4.027737274e-12	-4.086816883e-12	-4.510170509e-12	-4.739857561e-12	-4.939477311e-12	-4.995844081e-12	-4.514164412e-12	-5.176247887e-12	-4.969921395e-12	-5.353863497e-12	-5.343464281e-12	-4.786729394e-12	-5.520326324e-12	-5.163738684e-12	-5.254015944e-12	-4.984540584e-12	-5.376696561e-12	-5.153490181e-12	-5.249268475e-12	-5.118524698e-12	-5.103227299e-12	-5.257105566e-12	-5.410983834e-12	-5.275040448e-12	-5.461397429e-12	-5.204506629e-12	-4.945957983e-12	-5.005263662e-12	-5.245651356e-12	-4.941285871e-12	-4.618081224e-12	-4.618910147e-12	-4.507457670e-12	-4.770829142e-12	-4.629309364e-12	-4.523734705e-12	-5.078736390e-12	-4.550410957e-12	-4.575203293e-12	-4.464429026e-12	-4.687484693e-12	-4.758470652e-12	-4.041904323e-12	-4.183650170e-12	-4.673769784e-12	-4.630590427e-12	-4.586808217e-12	-4.799841450e-12	-5.348513176e-12	-4.921316360e-12	-5.249193119e-12	-4.868189926e-12	-4.954473283e-12	-5.060650795e-12	-4.804287492e-12	-5.007901144e-12	-5.059369732e-12	-5.157107300e-12	-5.166677593e-12	-4.943245143e-12	-4.159762114e-12	-4.170914897e-12	-4.329917417e-12	-4.570757251e-12	-4.533681782e-12	-4.315599654e-12	-5.005037592e-12	-4.458551208e-12	-5.078661033e-12	-4.979265619e-12	-5.183029985e-12	-4.964797144e-12	-4.616724804e-12	-5.002400109e-12	-3.938138224e-12	-2.121364890e-12	7.951407022e-12	7.506667179e-11	1.862420621e-10	1.707868665e-10	1.459779522e-10	1.308138593e-10	1.201969371e-10	1.124647425e-10	1.055476054e-10	1.000235866e-10	9.534167833e-11	9.235845950e-11	9.037567548e-11	8.439002188e-11	3.873414402e-11	-5.494629709e-12	-5.036159886e-12	-5.014833955e-12	-4.934579129e-12	-4.590802119e-12	-4.915589255e-12	-4.666008050e-12	-5.045202683e-12	-5.173761118e-12	-5.203225566e-12	-4.654026343e-12	-4.817700974e-12	-4.550486314e-12	-4.641291070e-12	-4.970147465e-12	-4.607983434e-12	-4.705268861e-12	-4.527050398e-12	-4.915513898e-12	-4.555007713e-12	-4.696226064e-12	-4.411905445e-12	-4.084104043e-12	-4.526975041e-12	-4.110252799e-12	-3.712897214e-12	-4.049892127e-12	-4.204297891e-12	-4.201886478e-12	-4.839328331e-12	-5.411059190e-12	-4.437149921e-12	-5.176624670e-12	-5.329749371e-12	-5.326207609e-12	-5.629970242e-12	-5.040153788e-12	-5.026137452e-12	-5.502090017e-12	-5.127115355e-12	-4.598413140e-12	-4.725012302e-12	-4.755456386e-12	-5.005414375e-12	-4.458400495e-12	-5.048970515e-12	-4.731417617e-12	-4.487337446e-12	-4.863141031e-12	-5.059369732e-12	-4.751236414e-12	-5.204280559e-12	-4.884240891e-12	-4.887330513e-12	-5.135329229e-12	-4.708057057e-12	-4.856132863e-12	-4.942039437e-12	-4.527502538e-12	-4.616574091e-12	-4.096839316e-12	-4.468121502e-12	-4.721470540e-12	-4.850631828e-12	-4.182595177e-12	-4.614614818e-12	-4.614916245e-12	-4.957035409e-12	-4.824257002e-12	-4.853118597e-12	-5.192298852e-12	-5.224400783e-12	-4.772637701e-12	-5.200663440e-12	-5.214227636e-12	-4.992377675e-12	-4.868114569e-12	-4.526598258e-12	-4.720716973e-12	-4.756888162e-12	-5.367050910e-12	-5.285816448e-12	-5.091848446e-12	-5.307895945e-12	-5.189586013e-12	-5.108276194e-12	-5.852498412e-12	-5.358460253e-12	-4.956055773e-12	-4.866682793e-12	-5.033522403e-12	-5.507440338e-12	-5.481668366e-12	-4.885974094e-12	-5.026664949e-12	-4.908807157e-12	-5.118223271e-12	-5.077907467e-12	-5.051683354e-12	-4.962084304e-12	-5.255146294e-12	-5.391541820e-12	-4.998406207e-12	-4.932996640e-12	-5.125156082e-12	-5.301942770e-12	-5.082353509e-12	-4.985369508e-12	-5.247083133e-12	-5.023349256e-12	-5.345122127e-12	-4.960652528e-12	-4.710393113e-12	-4.924029199e-12	-5.569684926e-12	-5.271347972e-12	-5.058088669e-12	-4.949424388e-12	-4.899990430e-12	-4.616348021e-12	-4.581156468e-12	-5.153264111e-12	-4.753497113e-12	-4.787181533e-12	-4.779871939e-12	-4.662240217e-12	-4.544307069e-12	-4.508437307e-12	-4.540916020e-12	-4.884090178e-12	-4.634433616e-12	-4.642873560e-12	-5.079942096e-12	-4.936463045e-12	-5.215734769e-12	-5.001420473e-12	-4.851310038e-12	-4.735712945e-12	-4.672564078e-12	-4.575655433e-12	-4.573394734e-12	-4.840910821e-12	-4.793436135e-12	-5.301339916e-12	-4.992829815e-12	-4.935558766e-12
-4.227733807e-12	-4.365108969e-12	-4.655307406e-12	-4.758319939e-12	-4.295253360e-12	-4.958617899e-12	-4.495400607e-12	-4.825387352e-12	-4.943169787e-12	-4.844301870e-12	-4.544683853e-12	-4.921014933e-12	-4.841890457e-12	-5.142789537e-12	-4.542649223e-12	-4.896825451e-12	-4.838650121e-12	-5.012196473e-12	-5.048141592e-12	-4.654478483e-12	-4.792983995e-12	-4.675578343e-12	-5.162683691e-12	-5.307745231e-12	-5.074893201e-12	-5.113777229e-12	-4.551089167e-12	-4.817399548e-12	-4.427278201e-12	-4.627048665e-12	-4.907601451e-12	-4.748598932e-12	-4.937291969e-12	-4.921090290e-12	-5.020410347e-12	-4.850405758e-12	-5.131636754e-12	-5.049196585e-12	-4.895242961e-12	-4.981526319e-12	-4.271289947e-12	-5.285967161e-12	-4.629761504e-12	-4.727574428e-12	-5.105638712e-12	-4.979868473e-12	-4.670303378e-12	-4.598413140e-12	-5.352959218e-12	-4.825764135e-12	-4.990041619e-12	-4.720792330e-12	-4.438355628e-12	-4.926968108e-12	-5.162457621e-12	-4.772637701e-12	-4.876253087e-12	-4.671885868e-12	-5.189887440e-12	-5.411812757e-12	-5.407592785e-12	-5.338942882e-12	-5.312492700e-12	-5.354993847e-12	-5.219351888e-12	-4.768869869e-12	-5.034351326e-12	-4.870752052e-12	-5.104433005e-12	-4.758395295e-12	-4.841965814e-12	-4.781153002e-12	-4.894715465e-12	-4.907827521e-12	-4.659376665e-12	-4.422229306e-12	-4.903682905e-12	-4.370459291e-12	-4.405726201e-12	-4.648977448e-12	-4.840684751e-12	-4.718456274e-12	-4.552973083e-12	-4.843171520e-12	-5.122895383e-12	-4.816344555e-12	-4.781981925e-12	-3.969712658e-12	-3.309814525e-12	-1.441572603e-13	1.525384262e-11	1.273742806e-10	1.658204869e-10	1.894594894e-10	1.549140444e-10	1.378481760e-10	1.267039079e-10	1.171962355e-10	1.112151786e-10	1.061446561e-10	1.005819040e-10	9.786341307e-11	9.488192744e-11	8.811045475e-11	8.508149444e-11	-4.845206149e-12	-4.239790870e-12	-4.429840327e-12	-4.268878535e-12	-4.408439040e-12	-4.082370841e-12	-4.787784387e-12	-5.021088557e-12	-4.450488047e-12	-4.656663826e-12	-4.324717808e-12	-4.708057057e-12	-4.320949976e-12	-4.487186733e-12	-4.965399997e-12	-5.191846713e-12	-5.196292755e-12	-4.833224443e-12	-5.150099132e-12	-4.668193392e-12	-5.181447496e-12	-4.908430374e-12	-5.346779973e-12	-5.090793453e-12	-5.079188530e-12	-5.172555412e-12	-5.327187245e-12	-5.124930013e-12	-4.782886205e-12	-4.824030932e-12	-4.299774759e-12	-4.799313953e-12	-5.495232562e-12	-4.744378960e-12	-4.687861476e-12	-4.751085701e-12	-4.938723745e-12	-4.619814427e-12	-4.593062818e-12	-4.771130568e-12	-5.076927830e-12	-4.687936833e-12	-5.202924139e-12	-4.823955576e-12	-5.131712110e-12	-5.470214156e-12	-4.883638038e-12	-5.204657342e-12	-5.779477824e-12	-4.901497563e-12	-5.284987525e-12	-4.898784723e-12	-5.113551159e-12	-5.332085427e-12	-5.215659412e-12	-5.371496952e-12	-5.229298965e-12	-5.099534823e-12	-5.034803466e-12	-5.362604868e-12	-5.220030097e-12	-4.857866066e-12	-5.099459467e-12	-5.272704392e-12	-5.042565200e-12	-5.281295049e-12	-4.964194291e-12	-5.298853147e-12	-5.305409175e-12	-4.467217222e-12	-4.664048777e-12	-4.654403126e-12	-5.045127326e-12	-4.784544051e-12	-4.766383100e-12	-4.934880556e-12	-4.084179400e-12	-4.666460189e-12	-4.481384271e-12	-4.528180747e-12	-4.354483683e-12	-4.811371016e-12	-5.046333033e-12	-4.932318430e-12	-5.215056559e-12	-4.955905060e-12	-5.344519274e-12	-5.006092585e-12	-5.085895271e-12	-4.881226625e-12	-4.638126091e-12	-5.130204978e-12	-4.838273338e-12	-4.812275296e-12	-4.402711935e-12	-4.528256104e-12	-4.823126653e-12	-4.987102710e-12	-4.781906568e-12	-4.360738284e-12	-4.590877475e-12	-5.069090739e-12	-4.921768500e-12	-4.188623709e-12	-4.427052131e-12	-4.669323742e-12	-4.562392664e-12	-4.455084803e-12	-4.554555573e-12	-4.502333418e-12	-4.793963631e-12	-4.528783601e-12	-4.481610341e-12	-4.430367823e-12	-4.482363908e-12	-4.329465277e-12	-4.209572856e-12	-4.201434338e-12	-4.405650844e-12	-4.760731351e-12	-4.284025220e-12	-4.382214928e-12	-4.631796133e-12	-4.810165310e-12	-4.236173751e-12	-5.039777005e-12	-4.338960214e-12	-4.679346176e-12	-4.782886205e-12	-4.712277029e-12	-4.964043577e-12	-4.880925199e-12	-4.702405309e-12	-4.782207995e-12	-4.554932356e-12	-5.162608335e-12	-4.737220078e-12	-4.886124807e-12	-4.845809003e-12	-4.991624109e-12	-5.116791495e-12	-5.264415161e-12	-5.351678155e-12	-5.013628249e-12	-5.162532978e-12	-5.028398151e-12
-4.197289723e-12	-4.647847098e-12	-4.684771854e-12	-4.608963070e-12	-5.006770794e-12	-4.713256665e-12	-4.581533251e-12	-4.163002450e-12	-4.643702483e-12	-4.440993110e-12	-4.790045086e-12	-4.659753448e-12	-4.912801059e-12	-4.842870093e-12	-4.774898400e-12	-5.083634572e-12	-4.884165534e-12	-4.671283015e-12	-4.878664499e-12	-4.948143325e-12	-4.262096437e-12	-4.378447095e-12	-4.523282566e-12	-4.574675797e-12	-5.242260307e-12	-4.836841562e-12	-4.638201448e-12	-4.827572695e-12	-4.638276805e-12	-4.868868136e-12	-5.330955078e-12	-5.274512951e-12	-4.961632165e-12	-4.832621590e-12	-5.054245480e-12	-4.893359045e-12	-4.663596637e-12	-5.213775496e-12	-4.738049001e-12	-4.694040721e-12	-4.869094206e-12	-5.265922294e-12	-5.130280334e-12	-5.168260083e-12	-5.254694154e-12	-4.933825563e-12	-5.413922743e-12	-5.659208620e-12	-5.435324030e-12	-5.698092648e-12	-5.205863048e-12	-5.487320114e-12	-5.224250070e-12	-5.316938742e-12	-5.650919389e-12	-5.663730018e-12	-4.804588918e-12	-4.861709254e-12	-5.364564141e-12	-5.511057457e-12	-5.303977399e-12	-5.467049177e-12	-5.180543216e-12	-5.062157928e-12	-5.199307020e-12	-5.654385794e-12	-5.119353621e-12	-5.475036981e-12	-5.662222885e-12	-5.655817571e-12	-5.323796196e-12	-4.972860305e-12	-5.208500531e-12	-5.328845092e-12	-5.083182432e-12	-5.055677257e-12	-5.087854544e-12	-5.239698182e-12	-5.372401232e-12	-5.290036420e-12	-5.308197371e-12	-5.155374097e-12	-5.344142490e-12	-5.700805487e-12	-5.116263998e-12	-4.936161619e-12	-5.604047556e-12	-4.608058790e-12	-3.458417827e-12	1.367647735e-12	3.037061151e-11	2.194344785e-10	1.548333375e-10	2.160333318e-10	1.731765011e-10	1.527932071e-10	1.381661056e-10	1.269765483e-10	1.190450354e-10	1.134803994e-10	1.081706195e-10	1.039402482e-10	1.001262977e-10	9.567603576e-11	9.094296030e-11	8.729697978e-11	8.439348828e-11	8.092994620e-11	7.788342779e-11	7.654072311e-11	7.440730115e-11	7.228081201e-11	7.031513395e-11	6.891598714e-11	6.827266747e-11	6.686914997e-11	6.574716489e-11	6.458569294e-11	6.293146389e-11	6.260290892e-11	6.161709330e-11	6.016806039e-11	5.953627028e-11	5.965405272e-11	5.785777639e-11	5.758717068e-11	5.700255384e-11	5.628448037e-11	5.521155247e-11	5.517598414e-11	5.477561429e-11	5.382928555e-11	5.348799531e-11	5.360042742e-11	5.270104587e-11	5.283525606e-11	5.234935642e-11	5.146858796e-11	5.069550415e-11	5.012882218e-11	4.981752389e-11	4.902688198e-11	4.875258379e-11	4.815364918e-11	4.892959655e-11	4.965302033e-11	-4.726444078e-12	-5.178960726e-12	-4.926968108e-12	-4.964345004e-12	-5.086874907e-12	-5.521456674e-12	-5.130129621e-12	-4.826969842e-12	-5.284987525e-12	-4.996296221e-12	-5.491992226e-12	-5.169390433e-12	-5.565841737e-12	-5.155449453e-12	-5.222969007e-12	-5.171877202e-12	-4.947841899e-12	-4.992453032e-12	-4.829531967e-12	-5.037139522e-12	-4.837896555e-12	-5.148968782e-12	-5.188229594e-12	-5.127567495e-12	-5.235779636e-12	-4.306556857e-12	-4.957487549e-12	-4.743700750e-12	-5.124930013e-12	-5.049950152e-12	-4.792531855e-12	-4.895016891e-12	-4.984465228e-12	-5.112797593e-12	-5.189736726e-12	-5.560416059e-12	-5.042339131e-12	-5.123272166e-12	-4.767136666e-12	-5.072331075e-12	-4.904813255e-12	-4.990418403e-12	-5.320405147e-12	-5.042715914e-12	-4.934503773e-12	-4.935332696e-12	-4.759374932e-12	-4.605873448e-12	-4.553425223e-12	-5.108426907e-12	-5.159970852e-12	-4.781002289e-12	-4.940758374e-12	-5.185215328e-12	-5.473981988e-12	-5.220557594e-12	-5.163211188e-12	-5.379560113e-12	-4.786804750e-12	-5.136836362e-12	-4.968791046e-12	-4.863819241e-12	-5.500130744e-12	-5.269690126e-12	-5.657475417e-12	-5.426281233e-12	-5.315130182e-12	-5.596662605e-12	-5.887162468e-12	-5.551599332e-12	-4.998707634e-12	-5.156956586e-12	-5.258085203e-12	-4.943697283e-12	-5.070899299e-12	-5.250022042e-12	-5.150099132e-12	-4.795093981e-12	-4.795998261e-12	-4.599694203e-12	-4.847165422e-12	-4.886576947e-12	-5.299079217e-12	-4.646566035e-12	-4.854701087e-12	-4.644606763e-12	-4.804588918e-12	-4.858468919e-12	-4.861935324e-12	-4.876403800e-12	-4.676256553e-12	-4.493441334e-12	-4.996899074e-12	-5.255146294e-12	-5.082353509e-12	-4.906018961e-12	-5.075948194e-12	-5.307293091e-12	-5.179488223e-12	-5.072180362e-12	-4.782358708e-12	-5.482723359e-12	-5.152585901e-12	-5.092602012e-12	-5.623414214e-12
-5.551071835e-12	-5.871488286e-12	-5.414073456e-12	-5.703442970e-12	-5.899596314e-12	-5.954832735e-12	-6.256183955e-12	-5.921223671e-12	-6.119713072e-12	-5.006318655e-12	-5.562224619e-12	-5.349869595e-12	-5.831398551e-12	-5.306539525e-12	-5.172932195e-12	-5.301189203e-12	-5.637731976e-12	-5.820848621e-12	-5.559361066e-12	-5.231635021e-12	-5.463432058e-12	-5.216714405e-12	-5.574583108e-12	-5.639465179e-12	-6.225212374e-12	-5.559888563e-12	-5.575035248e-12	-5.588448731e-12	-5.483929065e-12	-5.163738684e-12	-5.725597823e-12	-5.715876816e-12	-5.830494272e-12	-5.724241404e-12	-5.936370357e-12	-5.651070102e-12	-5.756041907e-12	-5.379786183e-12	-5.716404313e-12	-5.421156981e-12	-5.458232450e-12	-5.939007839e-12	-5.844887391e-12	-6.254902892e-12	-5.704497963e-12	-5.645569067e-12	-5.517538129e-12	-5.616179976e-12	-5.658304340e-12	-5.822129684e-12	-5.640670885e-12	-5.449867862e-12	-5.483250855e-12	-5.562375332e-12	-5.606458969e-12	-5.655666857e-12	-5.551750045e-12	-6.172839506e-12	-5.591312283e-12	-5.676088508e-12	-6.023407281e-12	-5.284535385e-12	-5.390185400e-12	-5.667573207e-12	-5.945563867e-12	-6.051439952e-12	-5.998539588e-12	-5.421232337e-12	-6.083617239e-12	-6.013384847e-12	-6.206147143e-12	-5.850011643e-12	-5.693571249e-12	-5.520477038e-12	-5.700353347e-12	-5.633361291e-12	-5.481668366e-12	-5.726351390e-12	-5.436303666e-12	-5.667573207e-12	-5.356802407e-12	-5.292824616e-12	-4.974518151e-12	-5.153942321e-12	-5.538261206e-12	-5.667949990e-12	-5.313698406e-12	-5.400735330e-12	-4.532250006e-12	-3.074551082e-14	4.473720501e-11	1.393088891e-10	1.114276844e-10	9.889451803e-11	1.652173323e-10	1.261963809e-10	1.081052853e-10	1.016837689e-10	9.261866599e-11	8.810254231e-11	8.247407920e-11	7.724387595e-11	7.399766244e-11	6.740101716e-11	6.454899425e-11	6.211045325e-11	5.977974760e-11	5.730141829e-11	5.657543238e-11	5.393975839e-11	5.124372373e-11	5.040801855e-11	4.975851963e-11	4.839011833e-11	4.717597208e-11	4.612497297e-11	4.749721746e-11	4.592618214e-11	4.361107532e-11	4.326134513e-11	-5.902384510e-12	-5.888895671e-12	-6.171181660e-12	-6.710659876e-12	-6.096653939e-12	-5.651899025e-12	-5.473529848e-12	-5.514749933e-12	-4.840006541e-12	-4.787558317e-12	-5.735092760e-12	-5.580008787e-12	-5.378655833e-12	-5.955435588e-12	-5.604499696e-12	-6.249552570e-12	-5.885278552e-12	-5.595984395e-12	-6.131242639e-12	-5.790404537e-12	-5.422513400e-12	-6.074951225e-12	-5.604122913e-12	-5.440523638e-12	-5.603746129e-12	-5.540747975e-12	-5.855588034e-12	-5.918887615e-12	-5.821225405e-12	-5.266600504e-12	-5.564409961e-12	-6.084973659e-12	-5.513167443e-12	-5.489505457e-12	-5.729516369e-12	-5.802386243e-12	-5.970808343e-12	-5.601636143e-12	-6.230562696e-12	-5.899294888e-12	-5.521984171e-12	-5.258688056e-12	-5.435550100e-12	-5.170068642e-12	-5.593120843e-12	-5.350849232e-12	-5.357179190e-12	-5.337285036e-12	-5.637129123e-12	-5.074516418e-12	-5.333140420e-12	-4.655232049e-12	-5.189209230e-12	-4.849426121e-12	-4.655232049e-12	-4.914911045e-12	-5.146255943e-12	-5.000591550e-12	-5.306464168e-12	-5.149646992e-12	-5.210083020e-12	-5.084990991e-12	-4.696075351e-12	-4.806322121e-12	-5.426959442e-12	-5.902912007e-12	-5.372099805e-12	-5.807435139e-12	-5.717685375e-12	-6.085953295e-12	-5.641725878e-12	-5.595758325e-12	-5.297496728e-12	-4.964947857e-12	-5.192826349e-12	-5.169993286e-12	-5.555367164e-12	-5.363207721e-12	-5.635923417e-12	-5.624770633e-12	-5.867569741e-12	-5.678047781e-12	-5.699524424e-12	-5.484155135e-12	-5.328242238e-12	-5.592894773e-12	-5.658681123e-12	-6.002382777e-12	-5.638410186e-12	-5.893115643e-12	-6.041266805e-12	-5.982337910e-12	-5.644514074e-12	-5.777518551e-12	-5.473153065e-12	-5.878044314e-12	-5.611055724e-12	-5.755288341e-12	-5.495383275e-12	-5.345574267e-12	-5.352582435e-12	-5.364338071e-12	-5.300360280e-12	-5.667497850e-12	-5.573377402e-12	-5.463808841e-12	-5.185516754e-12	-5.420328058e-12	-5.373531582e-12	-5.550770409e-12	-5.017019298e-12	-5.172555412e-12	-4.843925086e-12	-5.688446998e-12	-5.243767440e-12	-5.340525371e-12	-4.945430486e-12	-5.409175274e-12	-4.897654374e-12	-5.364036644e-12	-5.371647665e-12	-5.940741042e-12	-5.420554128e-12	-5.841722412e-12	-5.814367950e-12	-5.888744958e-12	-5.422362687e-12	-5.951366329e-12	-5.838783503e-12	-5.646774773e-12	-5.844510608e-12
-5.186345678e-12	-5.697489795e-12	-5.175946461e-12	-5.738333096e-12	-5.452656058e-12	-5.462452422e-12	-5.320631217e-12	-5.192072782e-12	-5.278657567e-12	-5.208199104e-12	-5.411888113e-12	-5.226058629e-12	-5.079414599e-12	-5.416108086e-12	-5.285364308e-12	-5.160649062e-12	-5.050628361e-12	-5.214830489e-12	-5.699449068e-12	-5.448134659e-12	-5.848429153e-12	-5.849559503e-12	-5.644890857e-12	-5.326132252e-12	-5.510379247e-12	-5.673827809e-12	-5.568177793e-12	-5.236834629e-12	-5.678575277e-12	-5.071577508e-12	-4.886652304e-12	-4.930509871e-12	-5.870433293e-12	-5.591689066e-12	-5.433440114e-12	-5.189736726e-12	-5.733510271e-12	-5.244144224e-12	-5.574583108e-12	-5.643685151e-12	-5.739463446e-12	-5.741347362e-12	-5.873824342e-12	-5.280842909e-12	-5.903967000e-12	-5.382046882e-12	-5.727632452e-12	-5.430425848e-12	-5.980378637e-12	-5.777217124e-12	-5.251755245e-12	-5.848052370e-12	-5.958374497e-12	-5.547379360e-12	-5.371270882e-12	-5.682343109e-12	-5.730797432e-12	-5.061931858e-12	-5.689878774e-12	-5.127115355e-12	-5.459739583e-12	-5.053793340e-12	-5.626353123e-12	-5.626579193e-12	-5.830644985e-12	-5.659962186e-12	-5.548057569e-12	-5.385513288e-12	-5.506460702e-12	-5.423342323e-12	-4.585527154e-12	-5.395761792e-12	-5.413395246e-12	-5.099308754e-12	-5.261400895e-12	-5.165245817e-12	-5.192675636e-12	-5.569910996e-12	-4.786578680e-12	-5.295688168e-12	-5.507892478e-12	-5.130280334e-12	-5.537055499e-12	-5.287549651e-12	-5.218673678e-12	-5.000817620e-12	-5.123196810e-12	-4.656814539e-12	-2.466950460e-12	5.490937233e-12	1.781939725e-10	1.228360021e-10	1.044990177e-10	9.429196027e-11	1.054567253e-10	1.321218246e-10	1.096112878e-10	9.829189095e-11	8.995752146e-11	8.498209903e-11	8.047200388e-11	7.548588080e-11	7.231570214e-11	6.757554315e-11	6.501914436e-11	6.347094210e-11	6.003445306e-11	5.737692564e-11	5.518472551e-11	5.387547917e-11	5.218613393e-11	5.030485530e-11	5.043951763e-11	4.892371873e-11	4.721274612e-11	4.637078634e-11	4.564329330e-11	4.458317603e-11	4.384279700e-11	4.282480409e-11	4.215608923e-11	4.150078785e-11	4.100509185e-11	4.060404379e-11	4.032499813e-11	3.964919975e-11	3.931823337e-11	3.845178267e-11	3.823083699e-11	3.758254378e-11	3.747146809e-11	3.775789870e-11	3.763416309e-11	3.660848380e-11	3.637766640e-11	3.611911775e-11	3.551189392e-11	3.511386012e-11	3.449977883e-11	3.394658570e-11	3.385118419e-11	3.288292667e-11	3.234540773e-11	3.307275006e-11	3.284765976e-11	3.308262178e-11	-5.080846376e-12	-4.973689228e-12	-4.842342597e-12	-5.000591550e-12	-5.254543440e-12	-4.977306347e-12	-4.970599605e-12	-4.988534487e-12	-4.909560724e-12	-5.524621653e-12	-5.246480280e-12	-5.263736951e-12	-5.283857175e-12	-5.402317820e-12	-5.437660086e-12	-5.622133151e-12	-5.362529512e-12	-5.650844032e-12	-5.521155247e-12	-5.587167668e-12	-5.715047893e-12	-5.545043304e-12	-6.084295449e-12	-6.016097686e-12	-6.041492875e-12	-5.830720342e-12	-5.460643862e-12	-5.460945289e-12	-5.498246828e-12	-5.635772703e-12	-5.454087834e-12	-5.237588196e-12	-5.333140420e-12	-5.681363473e-12	-5.192148139e-12	-5.514071723e-12	-5.423342323e-12	-5.339244309e-12	-5.907734832e-12	-5.580988423e-12	-5.261702322e-12	-5.395987862e-12	-5.246555636e-12	-5.577823444e-12	-5.424623386e-12	-5.238793902e-12	-5.190414936e-12	-5.463507415e-12	-5.358837036e-12	-4.772863771e-12	-4.931790934e-12	-4.734055099e-12	-5.109632614e-12	-4.927797031e-12	-5.279637203e-12	-5.341203581e-12	-4.819434177e-12	-4.964118934e-12	-5.587167668e-12	-5.253639161e-12	-5.641650522e-12	-4.924707409e-12	-4.919055661e-12	-5.151380195e-12	-5.585434465e-12	-5.218598321e-12	-5.305635245e-12	-5.199533090e-12	-5.164115467e-12	-5.258160559e-12	-4.872259185e-12	-5.239848895e-12	-4.863216387e-12	-5.159367999e-12	-5.414073456e-12	-5.413395246e-12	-5.012045760e-12	-5.123046096e-12	-4.614539462e-12	-4.644757476e-12	-4.852741814e-12	-4.946259409e-12	-5.251378461e-12	-4.989514123e-12	-5.005263662e-12	-5.117921845e-12	-4.620191210e-12	-5.096219131e-12	-4.795621478e-12	-5.163587971e-12	-4.740083631e-12	-4.678366539e-12	-4.821393450e-12	-4.876328443e-12	-5.199533090e-12	-5.034125256e-12	-5.112571523e-12	-4.993583382e-12	-4.821845590e-12	-5.167807943e-12	-5.197573817e-12	-5.253488447e-12	-4.728101924e-12	-5.408949204e-12	-5.270519049e-12
-4.508663377e-12	-4.806548191e-12	-4.664651630e-12	-5.028096725e-12	-5.128773201e-12	-4.616197308e-12	-4.912951773e-12	-4.879191996e-12	-5.047614096e-12	-5.212343720e-12	-5.432385121e-12	-5.115585789e-12	-5.346177120e-12	-4.941813367e-12	-5.190038153e-12	-5.604047556e-12	-5.371421596e-12	-4.841890457e-12	-5.379560113e-12	-5.063589704e-12	-5.003756529e-12	-5.147084866e-12	-4.863517814e-12	-4.710167043e-12	-4.981827745e-12	-4.784167268e-12	-4.736014372e-12	-4.731794400e-12	-4.569099405e-12	-4.545437419e-12	-4.915815325e-12	-4.490879209e-12	-4.999988697e-12	-4.655307406e-12	-4.853344667e-12	-5.019807494e-12	-4.659301308e-12	-4.700521393e-12	-4.690725029e-12	-4.824935212e-12	-4.471135768e-12	-4.347324801e-12	-4.789819016e-12	-4.683038651e-12	-4.775576610e-12	-3.993148574e-12	-4.719134484e-12	-4.951157591e-12	-5.070748585e-12	-4.918076024e-12	-4.509567656e-12	-5.012347186e-12	-5.132993173e-12	-4.825764135e-12	-4.517932244e-12	-5.095691635e-12	-4.889063716e-12	-5.143543104e-12	-5.349794239e-12	-5.151907691e-12	-5.439393289e-12	-5.248590266e-12	-5.167205090e-12	-5.385136505e-12	-5.153791607e-12	-5.323042630e-12	-5.220030097e-12	-4.664350203e-12	-4.752366764e-12	-4.725163015e-12	-4.812350653e-12	-4.525015768e-12	-4.840760107e-12	-4.570531181e-12	-4.650559938e-12	-4.478897502e-12	-4.610771629e-12	-4.492989195e-12	-4.383646704e-12	-4.355689389e-12	-4.795621478e-12	-4.963591437e-12	-5.114681509e-12	-4.929907017e-12	-4.579272552e-12	-4.639708581e-12	-3.733846361e-12	-3.084950299e-12	-2.055729253e-12	2.103475222e-11	1.572932798e-10	1.243661187e-10	1.077520133e-10	9.729439505e-11	9.294021279e-11	1.647374612e-10	1.293364169e-10	1.124144796e-10	1.018062234e-10	9.469715295e-11	8.937395961e-11	8.637446374e-11	8.118593272e-11	7.588873742e-11	7.307424212e-11	6.994950351e-11	6.722649118e-11	6.540127790e-11	6.372941539e-11	6.149200127e-11	5.929143655e-11	5.782823659e-11	5.548087712e-11	5.509557860e-11	5.444178435e-11	5.273789527e-11	5.153633358e-11	4.994864445e-11	5.006409083e-11	4.910804108e-11	4.850390687e-11	4.757204660e-11	4.697951731e-11	4.680355955e-11	4.632180452e-11	4.525965262e-11	4.533440641e-11	4.399976489e-11	4.382674603e-11	4.316564219e-11	4.278049438e-11	4.276248415e-11	4.227552951e-11	4.120591731e-11	4.160997963e-11	4.138375899e-11	4.147441303e-11	4.117924105e-11	4.103327523e-11	4.006840876e-11	3.922622291e-11	3.956231354e-11	-5.224777566e-12	-4.895318318e-12	-5.190791720e-12	-4.918452808e-12	-5.103830152e-12	-4.944676920e-12	-5.184838545e-12	-4.916794961e-12	-4.566009783e-12	-4.853721450e-12	-4.681456162e-12	-4.790798652e-12	-4.409343320e-12	-4.857941422e-12	-4.975497787e-12	-4.762464554e-12	-4.922974206e-12	-4.758772079e-12	-4.666158763e-12	-5.483476925e-12	-4.711448106e-12	-4.620492637e-12	-4.538052468e-12	-4.952287941e-12	-4.847165422e-12	-4.882206262e-12	-4.806171408e-12	-4.814385282e-12	-4.829456611e-12	-4.454180523e-12	-4.690574316e-12	-4.731945113e-12	-4.544834566e-12	-4.693814651e-12	-4.727875854e-12	-4.577011853e-12	-4.431196746e-12	-4.408439040e-12	-4.670152665e-12	-4.134668352e-12	-4.775199827e-12	-5.295236028e-12	-4.771356638e-12	-4.565256216e-12	-4.256520045e-12	-4.785146904e-12	-4.833149086e-12	-4.543478146e-12	-4.463901530e-12	-4.877835576e-12	-4.559076972e-12	-4.843322233e-12	-4.436245642e-12	-4.500223432e-12	-4.019598756e-12	-4.377166033e-12	-4.317257500e-12	-4.673543714e-12	-4.498414873e-12	-4.626144385e-12	-4.829230541e-12	-4.710995966e-12	-4.401054089e-12	-4.411001166e-12	-4.966454990e-12	-5.221612587e-12	-5.133068530e-12	-4.878589143e-12	-4.529009671e-12	-4.717401281e-12	-4.897277591e-12	-4.333760606e-12	-4.813481002e-12	-4.591178902e-12	-4.812576722e-12	-4.274153500e-12	-5.060726152e-12	-4.958542542e-12	-4.649806371e-12	-5.406085652e-12	-5.041208781e-12	-5.083785285e-12	-4.959898962e-12	-5.261928392e-12	-4.843699017e-12	-4.753346400e-12	-6.111047058e-12	-5.721603921e-12	-5.278808280e-12	-5.570965989e-12	-5.210158377e-12	-4.702028526e-12	-5.320254434e-12	-5.538110492e-12	-5.383855442e-12	-5.140905621e-12	-4.811446373e-12	-5.036310599e-12	-4.688539686e-12	-4.919281731e-12	-4.752592834e-12	-5.480387303e-12	-5.078284250e-12	-5.064117201e-12	-5.146557369e-12	-5.377073344e-12	-5.141885257e-12	-4.854248947e-12	-4.850782541e-12
-5.180543216e-12	-5.333743273e-12	-5.155072670e-12	-5.300510993e-12	-5.377600840e-12	-5.344519274e-12	-5.594929402e-12	-5.564108535e-12	-5.511735667e-12	-5.932602525e-12	-5.513468870e-12	-5.622133151e-12	-5.392747526e-12	-4.942039437e-12	-5.402996029e-12	-4.985369508e-12	-5.173911831e-12	-4.763368834e-12	-4.668570175e-12	-4.566085139e-12	-4.796073617e-12	-5.066679327e-12	-4.867436359e-12	-4.970674962e-12	-4.636845028e-12	-4.562769447e-12	-4.819584890e-12	-5.016341088e-12	-5.051457284e-12	-4.964947857e-12	-5.236834629e-12	-5.028473508e-12	-5.612186074e-12	-4.967736053e-12	-5.453861764e-12	-5.636074130e-12	-5.258009846e-12	-5.142714181e-12	-5.026891018e-12	-4.940683018e-12	-5.354918490e-12	-5.154168390e-12	-5.385513288e-12	-5.269991553e-12	-5.274211525e-12	-5.402393176e-12	-5.414676309e-12	-5.374963358e-12	-5.906604482e-12	-5.809695838e-12	-5.356576337e-12	-5.923409014e-12	-5.038571298e-12	-5.366824840e-12	-5.373682295e-12	-5.129903551e-12	-5.082202795e-12	-5.470138799e-12	-5.206767328e-12	-5.657249347e-12	-5.949105630e-12	-5.605780759e-12	-5.836974943e-12	-5.806530859e-12	-5.743909488e-12	-5.973445826e-12	-5.051834068e-12	-5.512639947e-12	-5.795453432e-12	-6.173291646e-12	-5.071878935e-12	-5.549037206e-12	-5.334346127e-12	-5.861164426e-12	-5.414450239e-12	-6.179546248e-12	-5.553784674e-12	-6.139079730e-12	-6.048576400e-12	-5.623715640e-12	-5.493800786e-12	-5.375716924e-12	-5.464939191e-12	-5.334798266e-12	-5.125382152e-12	-5.339018239e-12	-5.309177007e-12	-4.338206648e-12	-1.038113130e-12	7.270597420e-11	1.442292259e-10	1.246163782e-10	1.088348883e-10	1.018009484e-10	9.373439646e-11	1.036855428e-10	1.634304756e-10	1.324892636e-10	1.170734795e-10	1.081280430e-10	1.005836372e-10	9.498509069e-11	8.959920062e-11	8.508096695e-11	8.077327974e-11	7.684998677e-11	7.456637903e-11	7.180176983e-11	6.934989070e-11	6.777169650e-11	6.564181631e-11	6.335489287e-11	6.163442533e-11	5.991704741e-11	5.853304728e-11	5.753494853e-11	5.678522527e-11	5.495458632e-11	5.423297109e-11	5.296562305e-11	5.236940128e-11	5.206805006e-11	5.062911494e-11	5.043484552e-11	5.016695265e-11	4.948384467e-11	4.852719207e-11	4.750791810e-11	4.753888968e-11	4.686919518e-11	4.635963356e-11	4.619430108e-11	4.597041649e-11	4.502966414e-11	4.457744892e-11	4.445062369e-11	4.408966536e-11	4.311854429e-11	4.291282065e-11	4.323361389e-11	4.240408795e-11	4.257040006e-11	4.188329818e-11	4.132513152e-11	4.129046746e-11	4.076515629e-11	-5.085895271e-12	-5.521682744e-12	-5.651974382e-12	-5.306388812e-12	-5.518216338e-12	-5.500055387e-12	-5.557100367e-12	-4.830360891e-12	-4.707830987e-12	-5.313246266e-12	-5.372175162e-12	-5.194785622e-12	-5.066905397e-12	-4.476787516e-12	-5.529218408e-12	-5.331407218e-12	-5.328769735e-12	-5.554312171e-12	-5.606308255e-12	-5.022671046e-12	-5.125758936e-12	-4.916794961e-12	-4.935332696e-12	-5.210459804e-12	-5.067206823e-12	-5.312341987e-12	-4.904210402e-12	-4.842041170e-12	-4.713482735e-12	-5.036310599e-12	-4.387565249e-12	-4.343029473e-12	-4.097743596e-12	-4.703987798e-12	-5.072933928e-12	-5.170972922e-12	-5.091923802e-12	-4.843171520e-12	-4.899462933e-12	-4.752517477e-12	-4.857564639e-12	-4.993357312e-12	-5.163889398e-12	-5.301716700e-12	-5.275643301e-12	-5.007298291e-12	-5.164793677e-12	-5.145351663e-12	-5.030960277e-12	-5.418971638e-12	-4.729835127e-12	-4.965399997e-12	-4.889741926e-12	-4.999084417e-12	-5.552805038e-12	-5.358460253e-12	-5.560416059e-12	-5.281068979e-12	-5.342258574e-12	-5.163814041e-12	-5.386040785e-12	-5.410230267e-12	-5.388075414e-12	-5.340525371e-12	-5.130732474e-12	-5.377299414e-12	-5.318898015e-12	-5.607890745e-12	-5.651823668e-12	-5.285439665e-12	-5.716102886e-12	-5.722357487e-12	-5.878119671e-12	-5.513770296e-12	-5.169465789e-12	-5.538035136e-12	-5.483175499e-12	-5.617687109e-12	-5.205938405e-12	-5.602088283e-12	-5.163889398e-12	-4.933750206e-12	-4.965776780e-12	-4.989589480e-12	-5.028247438e-12	-5.282877539e-12	-5.458081736e-12	-5.489731527e-12	-4.838951548e-12	-4.880699129e-12	-5.390637540e-12	-5.226661482e-12	-5.006167941e-12	-4.959597535e-12	-5.450696785e-12	-5.385437931e-12	-5.697414438e-12	-5.569835640e-12	-5.316335889e-12	-5.327790099e-12	-5.382951162e-12	-5.524621653e-12	-5.153716251e-12	-5.177981090e-12	-5.318521231e-12
-4.596604580e-12	-5.223948643e-12	-5.504576786e-12	-5.335627190e-12	-5.425753736e-12	-4.945656556e-12	-5.321987637e-12	-5.132465677e-12	-5.081072446e-12	-5.313321623e-12	-4.995467298e-12	-5.472173429e-12	-5.457855666e-12	-5.165999384e-12	-5.097801621e-12	-5.193127775e-12	-5.121915747e-12	-5.193504559e-12	-5.242637091e-12	-5.314075189e-12	-4.974668864e-12	-4.477842509e-12	-5.284610741e-12	-5.556874297e-12	-4.904059688e-12	-4.870978122e-12	-5.403749596e-12	-4.874218457e-12	-5.071878935e-12	-5.452656058e-12	-5.497719331e-12	-5.046860529e-12	-5.086799551e-12	-4.788387240e-12	-4.700596749e-12	-4.733979743e-12	-5.028624221e-12	-4.813104219e-12	-5.211514797e-12	-5.354692421e-12	-5.172329342e-12	-5.322590490e-12	-5.172103272e-12	-5.136761006e-12	-4.941135157e-12	-4.977607773e-12	-4.749201785e-12	-4.854625730e-12	-4.610470203e-12	-4.817173478e-12	-4.431422816e-12	-4.902627912e-12	-5.097048054e-12	-4.783639771e-12	-4.704590651e-12	-4.615443741e-12	-4.711975603e-12	-4.984992724e-12	-4.713407379e-12	-4.571586174e-12	-4.448227348e-12	-4.591329615e-12	-4.939929451e-12	-4.783715128e-12	-4.858393562e-12	-5.048819802e-12	-4.782735491e-12	-4.797580750e-12	-4.830963744e-12	-4.897955800e-12	-5.116716138e-12	-4.341899123e-12	-4.949876528e-12	-4.772260918e-12	-4.179656268e-12	-4.304899011e-12	-4.246271542e-12	-3.993223931e-12	-4.270084241e-12	-4.659979518e-12	-4.640537504e-12	-4.943471213e-12	-4.633604693e-12	-4.880774485e-12	-4.615368385e-12	-4.483871041e-12	-4.760580638e-12	-3.331818665e-12	2.337186319e-12	1.797636514e-10	1.384783082e-10	1.221178533e-10	1.089476219e-10	1.002618643e-10	9.405579255e-11	9.280894152e-11	1.824162807e-10	1.498808235e-10	1.262730186e-10	1.155859394e-10	1.072966331e-10	1.006838615e-10	9.403537090e-11	8.974230288e-11	8.556498267e-11	8.247400384e-11	7.869825919e-11	7.587811214e-11	7.331621230e-11	7.079598470e-11	6.864342216e-11	6.697487534e-11	6.486315610e-11	6.289099737e-11	6.226448223e-11	6.102855791e-11	5.960265949e-11	5.841827911e-11	5.699132570e-11	5.744821303e-11	5.683285067e-11	5.576474560e-11	5.475451443e-11	5.369989819e-11	5.370464566e-11	5.339274451e-11	5.304949500e-11	5.185878466e-11	5.173271300e-11	5.052685598e-11	5.103611618e-11	4.961217703e-11	4.939092992e-11	4.901648276e-11	4.817505047e-11	4.826427274e-11	4.756285309e-11	4.747965936e-11	4.707748095e-11	4.656226757e-11	4.718780308e-11	4.581148933e-11	4.563530549e-11	4.566831170e-11	4.553206689e-11	4.660356301e-11	7.000029389e-11	-4.296534423e-12	-3.877023985e-12	-4.339487710e-12	-4.219972073e-12	-4.175587009e-12	-4.218163513e-12	-4.372946060e-12	-4.466539013e-12	-4.316956074e-12	-4.256369332e-12	-4.429840327e-12	-4.428031767e-12	-4.040547903e-12	-4.738953281e-12	-4.474677530e-12	-4.309420409e-12	-4.628781867e-12	-4.750708918e-12	-4.048384994e-12	-4.316353221e-12	-4.549129895e-12	-4.656814539e-12	-4.943320500e-12	-4.700069253e-12	-4.827648051e-12	-4.396683403e-12	-4.557419125e-12	-4.924255269e-12	-4.891399772e-12	-5.370517316e-12	-4.851536108e-12	-5.072406432e-12	-4.407384047e-12	-4.692533588e-12	-4.204900744e-12	-4.130825163e-12	-4.416200774e-12	-4.339336997e-12	-4.134743708e-12	-4.008521329e-12	-4.247929388e-12	-4.408439040e-12	-4.240092297e-12	-3.703326920e-12	-4.198495429e-12	-4.156747848e-12	-4.483343544e-12	-4.422229306e-12	-4.488543153e-12	-4.414995068e-12	-4.404746564e-12	-4.867888499e-12	-4.565331573e-12	-4.541594230e-12	-4.178299849e-12	-4.471738621e-12	-4.733452246e-12	-4.440616327e-12	-4.440164187e-12	-4.309269696e-12	-4.663521280e-12	-4.726444078e-12	-4.085309750e-12	-4.705871714e-12	-4.462168327e-12	-4.288245192e-12	-4.237228744e-12	-3.823596125e-12	-4.811597086e-12	-4.501881279e-12	-4.918754234e-12	-4.665781980e-12	-4.249361164e-12	-4.460811908e-12	-4.348078368e-12	-4.536394622e-12	-5.148968782e-12	-4.683340078e-12	-4.527728608e-12	-4.271214591e-12	-4.641743210e-12	-4.620417280e-12	-4.154261079e-12	-4.113869918e-12	-4.451166257e-12	-4.739405421e-12	-4.677537616e-12	-4.817550261e-12	-4.868792779e-12	-5.081826012e-12	-4.749352498e-12	-4.861407828e-12	-4.838424051e-12	-4.418084690e-12	-5.312944840e-12	-4.795696834e-12	-5.056054040e-12	-4.848220415e-12	-4.923953843e-12	-4.601728832e-12	-4.674975490e-12	-4.854701087e-12	-4.160214254e-12	-4.719435910e-12
-4.586657503e-12	-4.775425897e-12	-4.929605591e-12	-4.601050622e-12	-4.533455713e-12	-4.277092409e-12	-4.516274398e-12	-5.031110991e-12	-4.486734593e-12	-4.730362624e-12	-4.995844081e-12	-4.670529448e-12	-4.672714791e-12	-4.317860354e-12	-4.369856438e-12	-4.428333194e-12	-4.549205251e-12	-4.262473220e-12	-4.425017502e-12	-4.620643350e-12	-4.230446646e-12	-4.672940861e-12	-4.478068579e-12	-4.277996689e-12	-4.119898449e-12	-4.413186508e-12	-4.436697781e-12	-4.287340913e-12	-4.432703879e-12	-4.565783713e-12	-4.713407379e-12	-3.986441833e-12	-4.291560885e-12	-3.455403561e-12	-3.944920322e-12	-4.039342197e-12	-3.771449327e-12	-4.174532016e-12	-4.606024161e-12	-4.527954677e-12	-4.369102872e-12	-4.250943654e-12	-4.093598981e-12	-4.186890506e-12	-3.963910196e-12	-4.349133361e-12	-3.720282165e-12	-4.115904547e-12	-3.922539398e-12	-3.839571733e-12	-4.429538900e-12	-4.203318254e-12	-4.694869644e-12	-4.181615541e-12	-4.362170060e-12	-4.182971961e-12	-4.374754620e-12	-4.418461474e-12	-4.272797080e-12	-4.286210563e-12	-4.890947632e-12	-4.156747848e-12	-4.583115741e-12	-4.714387015e-12	-4.488241726e-12	-5.215810125e-12	-4.151849667e-12	-4.517706174e-12	-4.514465838e-12	-5.019656781e-12	-4.687409337e-12	-4.394648774e-12	-4.635563965e-12	-4.722374819e-12	-4.656362399e-12	-4.806096051e-12	-5.095390208e-12	-4.870752052e-12	-5.137363859e-12	-4.394874844e-12	-4.326903151e-12	-4.411980802e-12	-4.852515744e-12	-5.040982711e-12	-5.205184839e-12	-4.576409000e-12	-4.251019010e-12	-2.290465199e-12	7.760980782e-12	1.639638499e-10	1.362110529e-10	1.199454719e-10	1.085797307e-10	1.009351006e-10	9.453815043e-11	9.084876449e-11	1.023004123e-10	1.802031314e-10	1.448422522e-10	1.271365304e-10	1.160909796e-10	1.088628456e-10	1.022260353e-10	9.619019414e-11	9.164483208e-11	8.716480423e-11	8.418188682e-11	8.142059331e-11	7.901159211e-11	7.608571969e-11	7.301049040e-11	7.076644489e-11	6.875027788e-11	6.666764630e-11	6.590767455e-11	6.420446368e-11	6.314856638e-11	6.219605840e-11	6.078440238e-11	6.132712093e-11	5.970635023e-11	5.947952673e-11	5.883123352e-11	5.813810311e-11	5.689125207e-11	5.581282314e-11	5.574756428e-11	5.534561194e-11	5.402762424e-11	5.412905428e-11	5.378414692e-11	5.315363788e-11	5.274422523e-11	5.266306613e-11	5.192901706e-11	5.152171439e-11	5.064237771e-11	5.071456938e-11	5.003402352e-11	4.959356394e-11	4.945505843e-11	4.822689584e-11	4.932491750e-11	4.864708449e-11	4.832387984e-11	4.950667773e-11	6.411802960e-11	1.025806636e-10	1.166138793e-10	1.211653453e-10	1.136906444e-10	1.079436453e-10	1.154605459e-10	1.498016236e-10	2.000314991e-10	2.121933079e-10	1.938698877e-10	1.755045693e-10	1.587665022e-10	-4.665857336e-12	-4.732397253e-12	-4.331952046e-12	-4.401054089e-12	-4.380933865e-12	-4.479048215e-12	-4.061270980e-12	-4.386208830e-12	-3.795864880e-12	-3.957052741e-12	-3.976042616e-12	-4.173552380e-12	-4.314544661e-12	-4.721998036e-12	-4.730513337e-12	-4.693739295e-12	-4.408815823e-12	-4.365862536e-12	-4.375734256e-12	-4.282367374e-12	-4.028340127e-12	-4.207010730e-12	-4.213566758e-12	-4.331876689e-12	-4.202037192e-12	-4.624335825e-12	-4.349284074e-12	-4.528632887e-12	-5.011216836e-12	-4.688916469e-12	-4.986424501e-12	-5.147612362e-12	-4.998632277e-12	-5.362830938e-12	-4.496983097e-12	-4.885220527e-12	-4.840609394e-12	-5.097500194e-12	-5.058164026e-12	-5.583701262e-12	-5.181974992e-12	-5.501487163e-12	-5.138946348e-12	-5.139323132e-12	-5.312869483e-12	-5.001721899e-12	-4.939401955e-12	-4.635488609e-12	-5.047086599e-12	-4.981677032e-12	-5.463959555e-12	-5.106919775e-12	-5.154846600e-12	-4.858996415e-12	-5.192977062e-12	-4.690574316e-12	-4.608661643e-12	-4.886803017e-12	-5.518668478e-12	-4.931037367e-12	-5.371421596e-12	-5.393048952e-12	-4.990041619e-12	-5.457328170e-12	-4.972709591e-12	-4.838499408e-12	-4.823202009e-12	-4.250265444e-12	-4.684545784e-12	-4.690951099e-12	-5.213624783e-12	-4.947841899e-12	-4.287190199e-12	-4.171367037e-12	-4.437300635e-12	-4.084782253e-12	-4.622150483e-12	-4.857941422e-12	-4.368575375e-12	-4.589068916e-12	-4.849426121e-12	-4.643401056e-12	-4.751839267e-12	-4.586958930e-12	-4.647093532e-12	-4.581759321e-12	-5.152811971e-12	-5.275266518e-12	-5.408195638e-12	-5.110461537e-12	-5.167657230e-12	-5.015512165e-12
-4.164283513e-12	-4.566763349e-12	-4.099702869e-12	-4.501052356e-12	-4.781228359e-12	-5.017546795e-12	-4.920788863e-12	-4.661260581e-12	-5.231408951e-12	-5.159970852e-12	-4.893132975e-12	-4.788010456e-12	-5.032241340e-12	-5.227415049e-12	-5.372702659e-12	-4.828326261e-12	-5.394932869e-12	-5.000440836e-12	-5.167129733e-12	-5.146180586e-12	-4.722374819e-12	-4.575806147e-12	-4.600297056e-12	-4.552370230e-12	-5.029905284e-12	-4.690423602e-12	-4.721621253e-12	-4.819886317e-12	-5.331181148e-12	-5.283932532e-12	-5.218749034e-12	-4.654403126e-12	-5.060424725e-12	-5.292071049e-12	-5.376771917e-12	-5.125608222e-12	-5.221612587e-12	-4.830813030e-12	-4.748674288e-12	-5.332612924e-12	-5.296667805e-12	-5.131184614e-12	-5.136911719e-12	-5.523566660e-12	-5.634943780e-12	-5.356727050e-12	-5.481819079e-12	-5.111591887e-12	-4.602030259e-12	-5.028172081e-12	-4.971277815e-12	-5.166074740e-12	-5.176624670e-12	-5.409325988e-12	-5.002550822e-12	-5.377299414e-12	-4.987554850e-12	-5.294482462e-12	-5.506385345e-12	-5.004736165e-12	-4.818831324e-12	-5.191922069e-12	-5.428918715e-12	-5.510982101e-12	-4.962611801e-12	-5.645870494e-12	-4.899990430e-12	-4.798937170e-12	-5.551071835e-12	-5.560114633e-12	-5.560491416e-12	-5.585961961e-12	-5.154620530e-12	-5.385136505e-12	-5.014909312e-12	-4.885220527e-12	-5.497417905e-12	-6.116472736e-12	-5.639163752e-12	-5.388753624e-12	-5.760638663e-12	-6.040663952e-12	-5.486566548e-12	-5.297421371e-12	-5.699599781e-12	-5.346779973e-12	-5.379635470e-12	-4.775802680e-12	-7.359329868e-13	1.010179175e-10	8.449846009e-11	7.687899908e-11	6.967859638e-11	6.501537652e-11	6.260735496e-11	5.772823832e-11	5.764881242e-11	1.096830273e-10	1.350236582e-10	7.981157825e-11	7.128648109e-11	6.578258252e-11	6.145409688e-11	5.769327284e-11	5.437290838e-11	5.260564436e-11	6.837168610e-11	6.636410974e-11	6.234142136e-11	6.156969397e-11	5.563128898e-11	5.611605827e-11	4.010691601e-11	3.879736824e-11	3.846662793e-11	5.004766308e-11	4.985889468e-11	4.720754652e-11	4.412952903e-11	-6.064175225e-12	-5.640821598e-12	-5.423116253e-12	-5.292071049e-12	-5.581440563e-12	-5.473906632e-12	-5.247912056e-12	-5.896054552e-12	-6.535832461e-12	-6.065380932e-12	-6.420988935e-12	-6.053022442e-12	-5.802084817e-12	-6.185348709e-12	-6.634172882e-12	-6.273515983e-12	-6.464846502e-12	-5.969225854e-12	-6.009541658e-12	-5.795830215e-12	-5.581515919e-12	-6.302679004e-12	-6.269672794e-12	-5.799598048e-12	-6.629199343e-12	-6.133277268e-12	-6.237872290e-12	-6.077437995e-12	-6.287984458e-12	-6.604256294e-12	-6.260780710e-12	-5.835166384e-12	-6.012857351e-12	-6.200495395e-12	-5.645644424e-12	-5.813539027e-12	-6.011727001e-12	-5.917832622e-12	-5.741347362e-12	-6.037348260e-12	-6.099818918e-12	-6.280976291e-12	-6.199214332e-12	-5.744512341e-12	-5.342786071e-12	-5.633738074e-12	-5.563204255e-12	-5.913461937e-12	-5.389205764e-12	-5.234347860e-12	-5.536754073e-12	-5.930793965e-12	-6.086104009e-12	-5.894396706e-12	-5.567047444e-12	-5.406989932e-12	-5.613241067e-12	-5.567122800e-12	-5.894773489e-12	-5.667799277e-12	-5.816704006e-12	-6.345180151e-12	-5.603067920e-12	-5.975405098e-12	-5.951441686e-12	-5.473680562e-12	-5.788671334e-12	-4.896222597e-12	-5.532760171e-12	-5.392973596e-12	-4.833224443e-12	-5.178810013e-12	-5.398851414e-12	-5.613467137e-12	-5.668854270e-12	-5.500658240e-12	-6.062291309e-12	-5.991003924e-12	-5.965005882e-12	-5.349492812e-12	-5.882415000e-12	-5.568856003e-12	-6.289868375e-12	-6.414960404e-12	-6.190925101e-12	-5.472248785e-12	-5.842249908e-12	-5.505104282e-12	-5.526279499e-12	-5.438639722e-12	-5.723487837e-12	-5.150551272e-12	-5.054320837e-12	-5.361474519e-12	-5.391466463e-12	-5.343765707e-12	-5.470967722e-12	-5.602465067e-12	-5.951517042e-12	-5.423568393e-12	-5.101343383e-12	-5.461774212e-12	-5.295009958e-12	-6.175778415e-12	-5.645644424e-12	-5.961087336e-12	-6.052494945e-12	-6.124309827e-12	-5.669683193e-12	-5.669758550e-12	-5.757096900e-12	-5.588900871e-12	-5.410682407e-12	-5.875708258e-12	-5.902158440e-12	-6.042773938e-12	-5.729290299e-12	-5.424924813e-12	-5.456197820e-12	-5.053115131e-12	-5.316863385e-12	-5.447381093e-12	-5.703292256e-12	-5.214152279e-12	-5.399002127e-12	-5.539994409e-12	-5.382046882e-12	-5.034125256e-12	-5.484381205e-12	-4.626822595e-12	-5.152585901e-12	-4.939854094e-12
-4.746112162e-12	-4.771431995e-12	-4.699089616e-12	-4.883487325e-12	-4.334438815e-12	-4.772486988e-12	-4.997200501e-12	-4.655533476e-12	-5.250850965e-12	-5.195011692e-12	-5.174816111e-12	-4.894866178e-12	-4.932393787e-12	-5.301415273e-12	-4.897880444e-12	-4.693890008e-12	-4.746036806e-12	-4.426599991e-12	-4.550184888e-12	-5.060424725e-12	-5.405256729e-12	-4.985821647e-12	-5.504501429e-12	-5.655516144e-12	-5.669683193e-12	-4.919131017e-12	-5.337661819e-12	-5.390110043e-12	-5.132088894e-12	-5.517085989e-12	-5.739237376e-12	-5.567951724e-12	-5.749561236e-12	-5.180543216e-12	-5.499151107e-12	-5.216111552e-12	-5.854985181e-12	-5.717383949e-12	-5.376997987e-12	-5.621078158e-12	-5.927026133e-12	-5.882716426e-12	-5.712335054e-12	-5.653632228e-12	-5.809997265e-12	-5.790027754e-12	-5.561621765e-12	-5.433063330e-12	-4.814385282e-12	-5.242787804e-12	-5.816101153e-12	-5.588825514e-12	-5.530574828e-12	-5.530198045e-12	-5.514976003e-12	-5.621907081e-12	-5.763125432e-12	-5.501411807e-12	-5.986482525e-12	-5.589126941e-12	-5.378806547e-12	-5.104659075e-12	-5.597190101e-12	-5.109406544e-12	-5.433741540e-12	-5.456197820e-12	-5.019129284e-12	-5.448737512e-12	-5.254392727e-12	-4.987328780e-12	-5.229148251e-12	-5.532157318e-12	-5.635169850e-12	-5.255899860e-12	-5.542029038e-12	-5.640896955e-12	-5.497116478e-12	-5.690783053e-12	-5.610151444e-12	-5.820471838e-12	-5.840441349e-12	-5.783999222e-12	-6.265678892e-12	-5.400132477e-12	-6.138100093e-12	-5.539090129e-12	-5.624770633e-12	-4.933976276e-12	9.378707076e-11	7.497812773e-11	6.471997848e-11	5.875565081e-11	5.309938110e-11	4.997321071e-11	4.698675155e-11	4.438385770e-11	4.233747267e-11	4.320543050e-11	8.944049952e-11	8.628757753e-11	6.986623442e-11	6.161219512e-11	5.604077699e-11	5.272915390e-11	4.874203386e-11	4.578488843e-11	4.301485355e-11	4.129574242e-11	3.960368434e-11	3.839948516e-11	3.686296319e-11	3.572907176e-11	3.473956367e-11	3.349173300e-11	3.275225825e-11	3.223681880e-11	3.133208693e-11	3.107790897e-11	2.938637838e-11	-4.952815437e-12	-5.507892478e-12	-5.539240842e-12	-5.255899860e-12	-5.099158040e-12	-4.886652304e-12	-4.776556247e-12	-5.260195189e-12	-5.354390994e-12	-5.021691410e-12	-4.982882738e-12	-5.096897341e-12	-5.285816448e-12	-4.997351214e-12	-5.449566436e-12	-5.376395134e-12	-5.055601900e-12	-5.296592448e-12	-5.128547131e-12	-4.992829815e-12	-4.921617787e-12	-4.992226962e-12	-4.874896667e-12	-5.020561060e-12	-5.244897790e-12	-4.971127102e-12	-5.262832671e-12	-5.038420585e-12	-5.111968670e-12	-5.025609956e-12	-4.285004857e-12	-4.655005980e-12	-4.908128947e-12	-5.373380868e-12	-4.885823381e-12	-4.772260918e-12	-5.034878823e-12	-4.727875854e-12	-5.045428753e-12	-5.160573705e-12	-5.154846600e-12	-5.114832222e-12	-5.498849681e-12	-5.264716587e-12	-5.609699304e-12	-4.936312332e-12	-5.470666296e-12	-5.118147915e-12	-5.130280334e-12	-5.244897790e-12	-4.707454204e-12	-4.783715128e-12	-4.634056832e-12	-4.947163689e-12	-5.179036083e-12	-5.300435637e-12	-5.315356252e-12	-5.199231664e-12	-5.619344955e-12	-5.093732362e-12	-5.136911719e-12	-5.101268026e-12	-5.313547693e-12	-5.193429202e-12	-5.392596813e-12	-5.249569902e-12	-4.964646430e-12	-4.917849954e-12	-5.088758823e-12	-5.246028140e-12	-5.075345341e-12	-5.341580364e-12	-5.387623274e-12	-5.337058966e-12	-5.073612138e-12	-5.490861877e-12	-5.390863610e-12	-4.911595353e-12	-5.376847274e-12	-4.932318430e-12	-5.212419076e-12	-5.016868585e-12	-4.999687270e-12	-5.274211525e-12	-5.017546795e-12	-5.271498685e-12	-5.237060699e-12	-5.178433230e-12	-5.136308866e-12	-5.406462435e-12	-5.367427693e-12	-5.367578407e-12	-5.343916420e-12	-5.173987188e-12	-4.964721787e-12	-5.438338296e-12	-5.259516979e-12	-4.978738123e-12	-5.260345902e-12	-5.845264174e-12	-5.733510271e-12	-5.715500033e-12	-5.948276707e-12	-5.485888338e-12	-5.871412930e-12	-5.321158714e-12	-5.206993398e-12	-5.580913066e-12	-5.656646494e-12	-5.663880732e-12	-5.662448955e-12	-5.573000619e-12	-5.366523414e-12	-5.610000731e-12	-5.768927893e-12	-5.627257402e-12	-5.705025459e-12	-5.342635357e-12	-5.131862824e-12	-5.099233397e-12	-4.986123074e-12	-4.945505843e-12	-5.396138575e-12	-5.704422606e-12	-5.265244084e-12	-5.123799663e-12	-5.287097511e-12	-5.409325988e-12	-5.328468308e-12	-5.501863947e-12	-5.525073793e-12	-5.657023277e-12
-4.614087322e-12	-5.270971189e-12	-5.276773650e-12	-5.283706462e-12	-5.387773987e-12	-5.226435412e-12	-4.792381142e-12	-5.401488897e-12	-4.847994345e-12	-5.087779187e-12	-5.597190101e-12	-5.300812420e-12	-5.040831998e-12	-5.008202571e-12	-5.209404811e-12	-4.939326598e-12	-5.381142603e-12	-4.969770682e-12	-5.090944166e-12	-5.008503997e-12	-5.536151220e-12	-5.271800112e-12	-4.778967659e-12	-5.130431048e-12	-5.381444029e-12	-5.521984171e-12	-5.335476476e-12	-5.171425062e-12	-5.448963582e-12	-4.954021144e-12	-5.454389261e-12	-5.012799326e-12	-5.382272952e-12	-5.361851302e-12	-4.852515744e-12	-4.953342934e-12	-4.877609506e-12	-4.879418066e-12	-4.936613759e-12	-4.527879321e-12	-4.666008050e-12	-4.744831099e-12	-4.920713507e-12	-4.588767489e-12	-4.785975827e-12	-5.029679214e-12	-4.889139073e-12	-4.483946397e-12	-4.840986177e-12	-5.230655384e-12	-5.112420810e-12	-4.880774485e-12	-5.608719668e-12	-4.993508025e-12	-5.456951387e-12	-4.854173590e-12	-5.244897790e-12	-5.302922406e-12	-4.915137115e-12	-5.357028477e-12	-5.598395808e-12	-5.456649960e-12	-5.151530908e-12	-4.893208332e-12	-4.996823717e-12	-4.547472048e-12	-4.916794961e-12	-5.105412642e-12	-5.551900758e-12	-5.401564253e-12	-5.400659973e-12	-5.038495942e-12	-5.330352224e-12	-5.310005931e-12	-4.967133200e-12	-4.836766205e-12	-5.158840502e-12	-4.898860080e-12	-4.683716861e-12	-4.855680723e-12	-4.953493647e-12	-4.341974480e-12	-4.423811795e-12	-4.331349193e-12	-5.155901593e-12	-5.066830040e-12	-4.812953506e-12	-3.214036230e-12	9.656155168e-11	8.326999607e-11	7.232331316e-11	6.557987314e-11	5.990725104e-11	5.621100765e-11	5.263149169e-11	4.867594608e-11	4.688803434e-11	4.479183857e-11	4.570410611e-11	8.664491874e-11	8.338740173e-11	7.055838520e-11	6.445698379e-11	6.182809190e-11	5.343132711e-11	5.030726672e-11	4.811288124e-11	4.498927298e-11	4.305260723e-11	4.064164675e-11	3.928341860e-11	3.756754781e-11	3.650856089e-11	3.571558293e-11	3.481785922e-11	3.520880949e-11	3.370039555e-11	3.287358245e-11	3.193305617e-11	3.187759368e-11	3.136629885e-11	3.090534226e-11	3.022570068e-11	2.960574157e-11	2.958599813e-11	2.863469586e-11	2.825776192e-11	2.747442961e-11	2.760366625e-11	2.708905573e-11	2.660157360e-11	2.581469952e-11	2.573851395e-11	2.561621012e-11	2.561922438e-11	2.546165364e-11	2.490175378e-11	2.502443439e-11	2.420108770e-11	2.376371774e-11	-5.741196648e-12	-6.098311785e-12	-5.706984732e-12	-6.042849295e-12	-5.339922518e-12	-5.682117039e-12	-5.361248449e-12	-5.704874746e-12	-5.181296782e-12	-5.509399611e-12	-5.564937458e-12	-5.218221538e-12	-5.620173878e-12	-5.647829766e-12	-5.910975168e-12	-5.920846888e-12	-5.526128786e-12	-6.198837548e-12	-6.062668092e-12	-5.865836538e-12	-5.770585740e-12	-5.743834131e-12	-5.826349656e-12	-5.858376230e-12	-6.344351228e-12	-5.832830328e-12	-6.119788429e-12	-5.791082747e-12	-5.430425848e-12	-6.247291871e-12	-6.075252652e-12	-5.888518888e-12	-5.987612875e-12	-5.875180762e-12	-5.890854944e-12	-5.745642690e-12	-5.906001629e-12	-6.181354807e-12	-6.357161858e-12	-5.732756704e-12	-5.784978859e-12	-6.041568232e-12	-5.648281906e-12	-5.276170797e-12	-5.601259360e-12	-5.693420536e-12	-5.736449180e-12	-5.897335615e-12	-6.338021270e-12	-6.186780485e-12	-6.301850081e-12	-6.037800400e-12	-5.931472175e-12	-5.706457235e-12	-5.797940201e-12	-5.684905235e-12	-5.996957099e-12	-6.429956376e-12	-6.163269212e-12	-5.674204592e-12	-5.086121341e-12	-5.732229208e-12	-5.737202746e-12	-5.497116478e-12	-5.829137852e-12	-5.741347362e-12	-5.913989433e-12	-5.106693705e-12	-5.511057457e-12	-5.574055612e-12	-5.292447832e-12	-5.827178579e-12	-5.979775784e-12	-5.789952397e-12	-5.660414326e-12	-5.849634859e-12	-6.101250694e-12	-5.937651420e-12	-5.439544002e-12	-5.844661321e-12	-6.106299589e-12	-5.976686161e-12	-5.384232225e-12	-5.114982935e-12	-5.366372700e-12	-5.437283303e-12	-5.718288229e-12	-5.766139698e-12	-5.604725766e-12	-5.795302719e-12	-6.076985855e-12	-5.790253824e-12	-5.957545574e-12	-5.807133712e-12	-5.754760844e-12	-5.528540199e-12	-5.585509822e-12	-5.338415385e-12	-5.865761181e-12	-5.500206100e-12	-5.527259136e-12	-5.243767440e-12	-5.424246603e-12	-5.595080115e-12	-6.024010134e-12	-5.520477038e-12	-5.422814827e-12	-5.877064678e-12	-5.106241565e-12	-5.337511106e-12	-5.289961063e-12
-4.260513947e-12	-4.918452808e-12	-4.801876079e-12	-4.521775433e-12	-4.939854094e-12	-4.962611801e-12	-4.395025557e-12	-4.109876016e-12	-5.057937956e-12	-5.158539076e-12	-4.956055773e-12	-4.793812918e-12	-4.844075800e-12	-5.085970627e-12	-5.047237312e-12	-5.171048279e-12	-4.630289000e-12	-4.686881840e-12	-4.457496215e-12	-4.569476188e-12	-5.198854880e-12	-4.941059801e-12	-5.008654711e-12	-4.932318430e-12	-4.693663938e-12	-5.062911494e-12	-5.117168278e-12	-4.841136891e-12	-4.834580863e-12	-4.678894036e-12	-4.612429476e-12	-4.375809613e-12	-4.555007713e-12	-4.516048328e-12	-4.761258848e-12	-4.744454316e-12	-5.339545735e-12	-5.388527554e-12	-4.746112162e-12	-4.807753897e-12	-5.038043802e-12	-4.646867462e-12	-4.822448443e-12	-4.765177393e-12	-4.680551882e-12	-4.509190873e-12	-4.722902316e-12	-4.514013698e-12	-4.647847098e-12	-4.575956860e-12	-4.339789137e-12	-4.509416943e-12	-4.763896330e-12	-4.554404860e-12	-4.407685473e-12	-4.514917978e-12	-4.632398986e-12	-3.881846810e-12	-4.726745505e-12	-4.174456660e-12	-4.638578231e-12	-4.594117811e-12	-5.129149985e-12	-4.667665896e-12	-4.393141641e-12	-4.657417392e-12	-4.192466898e-12	-4.754928890e-12	-4.926666682e-12	-4.468498285e-12	-4.766006316e-12	-4.637749308e-12	-4.431046033e-12	-4.738576498e-12	-4.677839043e-12	-4.668720889e-12	-4.952966151e-12	-4.858996415e-12	-4.848973982e-12	-4.697582483e-12	-4.586205363e-12	-5.013477536e-12	-4.887858010e-12	-4.667213756e-12	-5.087854544e-12	-4.842041170e-12	-4.513636915e-12	-1.680377808e-12	1.034040857e-10	8.995714468e-11	8.041706888e-11	7.348252442e-11	6.761751680e-11	6.365428482e-11	5.961079800e-11	5.631356804e-11	5.339372415e-11	4.992920243e-11	4.904112438e-11	5.797842238e-11	1.166983541e-10	9.249839679e-11	8.017570155e-11	7.317597359e-11	6.676214353e-11	6.179817531e-11	5.843553578e-11	5.522639773e-11	5.255771754e-11	5.302470266e-11	4.855838972e-11	4.625993672e-11	4.440465614e-11	4.304590049e-11	4.265517629e-11	4.163469661e-11	4.174441588e-11	4.041406969e-11	3.964663762e-11	3.958996943e-11	3.858554072e-11	3.803671828e-11	3.713417175e-11	3.675972459e-11	3.645859944e-11	3.616614030e-11	3.553902231e-11	3.476510957e-11	3.475501178e-11	3.419043980e-11	3.377319007e-11	3.327108875e-11	3.321442055e-11	3.256740840e-11	3.244389886e-11	3.203508907e-11	3.148747233e-11	3.141460246e-11	3.152507530e-11	3.123841863e-11	3.103992923e-11	3.173599855e-11	3.319181356e-11	3.411244568e-12	-4.761484918e-12	-4.953267577e-12	-4.797128610e-12	-4.992905172e-12	-5.042565200e-12	-4.942416220e-12	-5.112948306e-12	-4.580779685e-12	-5.052210851e-12	-4.947465116e-12	-4.672187294e-12	-5.010463270e-12	-4.713633449e-12	-4.454406593e-12	-4.428031767e-12	-4.240770507e-12	-4.501579852e-12	-4.597282790e-12	-4.394271991e-12	-4.333986675e-12	-4.262623933e-12	-4.248909024e-12	-4.584698231e-12	-4.301055822e-12	-4.128112324e-12	-3.772353607e-12	-4.046802505e-12	-4.287793053e-12	-4.232782702e-12	-4.621321560e-12	-4.214169611e-12	-4.424866788e-12	-4.333835962e-12	-4.486282453e-12	-4.859825338e-12	-4.182896604e-12	-4.471437194e-12	-4.695773924e-12	-4.482514621e-12	-4.632248273e-12	-4.453050173e-12	-3.623373521e-12	-4.071519484e-12	-4.490200999e-12	-4.289224829e-12	-4.418612187e-12	-4.202263261e-12	-4.294123011e-12	-4.000985665e-12	-3.949064937e-12	-4.038814700e-12	-4.672564078e-12	-4.307159710e-12	-4.240243010e-12	-4.197741863e-12	-4.185835513e-12	-3.985688266e-12	-3.770771117e-12	-4.452221250e-12	-4.411754732e-12	-4.793586848e-12	-4.578895769e-12	-4.756737449e-12	-4.468196859e-12	-4.689670036e-12	-4.367068242e-12	-4.344159822e-12	-4.068505218e-12	-4.234968045e-12	-4.083425834e-12	-4.336548801e-12	-4.261795010e-12	-4.016358420e-12	-4.005507064e-12	-4.318011067e-12	-4.716497001e-12	-3.995183203e-12	-4.110554226e-12	-4.521474006e-12	-4.603160608e-12	-4.070916631e-12	-4.432176383e-12	-4.191110478e-12	-4.580553615e-12	-3.944995678e-12	-4.595926371e-12	-4.355764746e-12	-4.604366315e-12	-4.573168664e-12	-4.347249445e-12	-4.276564913e-12	-4.512732635e-12	-4.696301421e-12	-4.277393836e-12	-4.338884857e-12	-4.450035907e-12	-4.660883798e-12	-4.413638648e-12	-4.707981700e-12	-4.432628523e-12	-4.364053976e-12	-4.353956186e-12	-4.426901418e-12	-4.644606763e-12	-4.618985504e-12	-4.490954565e-12	-4.685073281e-12
-4.181992324e-12	-4.165489219e-12	-4.756360666e-12	-4.261719654e-12	-4.063757749e-12	-4.379426732e-12	-4.058859568e-12	-4.506553391e-12	-4.816872051e-12	-4.732698680e-12	-4.622451909e-12	-4.195631877e-12	-4.015228071e-12	-4.135723345e-12	-3.902871314e-12	-4.144841499e-12	-4.644079266e-12	-4.916192108e-12	-4.297966200e-12	-4.189678702e-12	-4.622150483e-12	-4.956206486e-12	-4.657794175e-12	-4.692835015e-12	-4.903607549e-12	-4.736767938e-12	-4.223137052e-12	-4.156898562e-12	-4.173929163e-12	-3.818547229e-12	-3.918922279e-12	-3.974007986e-12	-3.970390867e-12	-3.922087258e-12	-3.826911817e-12	-3.852005579e-12	-4.237680884e-12	-4.104827121e-12	-4.593967098e-12	-4.252526143e-12	-3.899254195e-12	-4.043712882e-12	-3.815306894e-12	-3.572884569e-12	-3.924574028e-12	-4.024949078e-12	-4.302562955e-12	-4.029621190e-12	-4.494722397e-12	-4.477842509e-12	-4.068806645e-12	-4.145444352e-12	-4.451769110e-12	-4.369705725e-12	-4.330218843e-12	-4.098346449e-12	-4.378145669e-12	-4.048987847e-12	-3.943111762e-12	-4.101210002e-12	-4.338432717e-12	-4.284778787e-12	-3.970616937e-12	-4.387113110e-12	-4.340241277e-12	-4.340467347e-12	-4.358628298e-12	-4.425168215e-12	-4.440465614e-12	-4.703158875e-12	-4.351167990e-12	-4.984691298e-12	-4.322231039e-12	-4.274304213e-12	-3.933315398e-12	-3.598957968e-12	-4.290656605e-12	-4.245065835e-12	-4.013720938e-12	-4.667515182e-12	-4.639934651e-12	-4.442726313e-12	-4.184328380e-12	-4.685977560e-12	-4.585753224e-12	-4.322607822e-12	-3.347718917e-12	1.258358747e-10	1.084961602e-10	9.557362608e-11	8.744739164e-11	8.120793686e-11	7.530065417e-11	6.985101238e-11	6.586570090e-11	6.237344794e-11	5.886687721e-11	5.622615433e-11	5.394993154e-11	5.517364808e-11	9.506557158e-11	1.251067992e-10	1.025913643e-10	8.937290461e-11	8.162141877e-11	7.518663957e-11	7.137517586e-11	6.704608737e-11	6.384591676e-11	6.192168485e-11	5.952097288e-11	5.757903216e-11	5.574455002e-11	5.538524954e-11	5.422543543e-11	5.237264162e-11	5.097228910e-11	4.994367091e-11	4.949597709e-11	4.834739112e-11	4.771469673e-11	4.641916530e-11	4.634071904e-11	4.542453296e-11	4.474127427e-11	4.516297005e-11	4.405108276e-11	4.288019123e-11	4.301643604e-11	4.283083262e-11	4.221614848e-11	4.189731452e-11	4.096153571e-11	4.164253370e-11	4.133538002e-11	4.094684116e-11	4.166016716e-11	4.131684229e-11	4.213378366e-11	-3.874235789e-12	-3.955394895e-12	-4.275886703e-12	-4.225699178e-12	-4.139943317e-12	-4.450337334e-12	-4.112061358e-12	-3.759015481e-12	-4.277469192e-12	-4.047857498e-12	-4.295479430e-12	-3.840400656e-12	-4.196385443e-12	-4.428860690e-12	-4.708961337e-12	-3.859465887e-12	-4.184253023e-12	-4.380180298e-12	-4.549355964e-12	-4.140621527e-12	-3.854492349e-12	-3.963910196e-12	-3.445908624e-12	-3.283816482e-12	-3.544173688e-12	-3.201753097e-12	-3.026774969e-12	-3.222702244e-12	-3.228353992e-12	-2.758806743e-12	-3.124361823e-12	-3.120669348e-12	-3.318329825e-12	-2.681792252e-12	-2.663555944e-12	-3.146968817e-12	-3.028357459e-12	-3.188188901e-12	-3.489163338e-12	-4.227507737e-12	-2.896935471e-12	-3.396399309e-12	-3.498055422e-12	-3.964437692e-12	-3.010724004e-12	-2.851193988e-12	-3.160156229e-12	-3.337621126e-12	-3.562937492e-12	-4.058934924e-12	-4.040246477e-12	-3.374545882e-12	-4.035122225e-12	-3.959539511e-12	-4.220273499e-12	-3.951702420e-12	-3.784787453e-12	-3.347191420e-12	-3.588181968e-12	-3.620886752e-12	-3.724728207e-12	-3.789459565e-12	-4.128036967e-12	-3.776046082e-12	-4.072951260e-12	-4.012063092e-12	-4.150493247e-12	-4.375734256e-12	-4.103696771e-12	-4.489522789e-12	-4.369404298e-12	-4.352976550e-12	-4.177169499e-12	-4.182293751e-12	-4.001889945e-12	-4.401807655e-12	-4.258479318e-12	-4.399320886e-12	-4.245291905e-12	-3.788856712e-12	-4.035272938e-12	-4.239338730e-12	-4.000382812e-12	-3.879661468e-12	-3.884559650e-12	-3.220064761e-12	-3.339957182e-12	-3.826610390e-12	-3.496472932e-12	-3.476880205e-12	-3.702573354e-12	-3.948462084e-12	-4.269104605e-12	-3.851628796e-12	-4.480856775e-12	-4.388168103e-12	-4.104374981e-12	-4.454331236e-12	-3.568438527e-12	-3.583811283e-12	-3.072817879e-12	-3.139056369e-12	-2.732733344e-12	-3.261586272e-12	-3.176885404e-12	-3.174473992e-12	-3.200848817e-12	-3.271382636e-12	-3.142447418e-12	-3.256311307e-12	-3.178844677e-12	-3.570774583e-12
-2.592645342e-12	-2.999721934e-12	-2.490160306e-12	-3.138528873e-12	-2.873800982e-12	-3.155408761e-12	-2.765814911e-12	-2.808617484e-12	-2.561899831e-12	-2.553309174e-12	-2.730472644e-12	-2.451276278e-12	-2.155275380e-12	-2.257383632e-12	-2.620828727e-12	-2.663706658e-12	-2.509602320e-12	-2.106519631e-12	-2.558659496e-12	-2.786161204e-12	-2.810049261e-12	-2.819092058e-12	-2.887741961e-12	-3.266107671e-12	-2.992412339e-12	-3.365201658e-12	-2.956090437e-12	-2.783674435e-12	-2.762499218e-12	-2.656924560e-12	-2.236283772e-12	-2.656849203e-12	-2.442987047e-12	-2.277277786e-12	-2.610429510e-12	-2.752024645e-12	-2.988644507e-12	-2.572600475e-12	-2.564461957e-12	-2.729191581e-12	-2.638085399e-12	-2.675989791e-12	-2.928509905e-12	-2.473581844e-12	-2.116240638e-12	-2.227316331e-12	-2.827381289e-12	-2.235680919e-12	-1.938851098e-12	-1.986551853e-12	-2.369966459e-12	-2.275695297e-12	-2.526406852e-12	-1.768921865e-12	-2.568003720e-12	-2.697165008e-12	-2.597694237e-12	-2.734692616e-12	-3.278390804e-12	-3.033255641e-12	-2.962872535e-12	-2.504176642e-12	-2.899120814e-12	-2.793847582e-12	-2.674934798e-12	-3.195121712e-12	-2.943505877e-12	-2.593926405e-12	-3.422020568e-12	-2.649087469e-12	-2.802965736e-12	-2.830169485e-12	-3.173343642e-12	-3.082538886e-12	-2.525427216e-12	-2.722936980e-12	-2.309681143e-12	-2.408925844e-12	-2.318799297e-12	-2.639517175e-12	-2.042089700e-12	-2.184815184e-12	-1.992203602e-12	-2.335302402e-12	-2.749688589e-12	-2.386620277e-12	-9.622289892e-13	1.363796257e-10	1.225683353e-10	1.112004841e-10	1.018518142e-10	9.481614109e-11	8.917238058e-11	8.341656475e-11	7.911581035e-11	7.533313288e-11	7.219174046e-11	6.937762194e-11	6.675392966e-11	6.541152640e-11	6.913376784e-11	1.273267306e-10	1.546618258e-10	1.283973978e-10	1.144598097e-10	1.037387445e-10	9.735784534e-11	9.218928383e-11	8.886741225e-11	8.339139563e-11	8.033636192e-11	7.696709100e-11	7.462485579e-11	7.222128026e-11	7.100532545e-11	6.929578462e-11	6.729416144e-11	6.679432082e-11	6.523752791e-11	6.491078150e-11	6.449888208e-11	6.287276106e-11	6.227751893e-11	6.129230616e-11	6.045810811e-11	5.924697613e-11	5.812566926e-11	5.702802438e-11	5.727240598e-11	5.632939293e-11	5.657234276e-11	5.573407545e-11	5.515066431e-11	5.560566772e-11	5.547530073e-11	5.545254302e-11	5.536693788e-11	5.613723349e-11	5.734625549e-11	5.971667409e-11	6.211467322e-11	6.922796364e-11	7.644456803e-11	8.479679704e-11	9.283682348e-11	1.006056413e-10	9.831856720e-11	9.793025441e-11	9.784231321e-11	1.003503330e-10	1.001749028e-10	1.007507029e-10	1.008393977e-10	1.038101826e-10	-2.886385541e-12	-2.679456196e-12	-3.261812342e-12	-3.215769433e-12	-2.938080199e-12	-3.076058215e-12	-3.171911866e-12	-3.097308788e-12	-2.771315946e-12	-3.370024483e-12	-3.223757237e-12	-2.681641539e-12	-3.128958579e-12	-2.841020841e-12	-2.551274545e-12	-2.740193652e-12	-2.728362658e-12	-2.921803164e-12	-2.831902687e-12	-2.930393821e-12	-3.054430858e-12	-2.324074262e-12	-2.502142013e-12	-2.990151640e-12	-2.754360701e-12	-2.656020280e-12	-2.333795270e-12	-2.625124056e-12	-2.479836446e-12	-2.418345424e-12	-3.025418550e-12	-2.776816981e-12	-3.249303139e-12	-2.987664871e-12	-2.693171106e-12	-3.251865265e-12	-2.695356448e-12	-2.403650879e-12	-2.881412003e-12	-2.836650156e-12	-2.501011663e-12	-2.055277113e-12	-2.426634655e-12	-2.332514207e-12	-2.751949288e-12	-1.876229726e-12	-2.769432029e-12	-3.037023473e-12	-3.643870528e-12	-3.050738382e-12	-3.199643111e-12	-3.516894583e-12	-2.784503358e-12	-3.089245627e-12	-3.211398747e-12	-2.894297989e-12	-2.986007025e-12	-3.036872760e-12	-2.877116674e-12	-3.232950748e-12	-3.269423363e-12	-2.634166853e-12	-2.789175470e-12	-2.841623695e-12	-3.033481711e-12	-2.627083329e-12	-2.885858045e-12	-3.290900007e-12	-2.914116786e-12	-3.348472483e-12	-2.681792252e-12	-3.001002997e-12	-2.746975749e-12	-2.646751413e-12	-2.509677677e-12	-2.452632697e-12	-2.699501064e-12	-2.741474714e-12	-2.880884506e-12	-3.391275057e-12	-3.286453965e-12	-2.984047752e-12	-3.046292340e-12	-2.764684561e-12	-2.601537426e-12	-2.439595998e-12	-2.219705310e-12	-2.325204612e-12	-2.521810097e-12	-2.331609927e-12	-2.061305644e-12	-2.241634094e-12	-2.717059162e-12	-2.340426654e-12	-2.708543861e-12	-2.256479353e-12	-2.484207131e-12
-2.072232358e-12	-2.249245115e-12	-2.802965736e-12	-2.324375689e-12	-2.199811156e-12	-2.550068838e-12	-2.449543075e-12	-2.613217706e-12	-2.134703016e-12	-2.592042489e-12	-2.169065645e-12	-2.480816082e-12	-2.067409532e-12	-2.322567130e-12	-2.943505877e-12	-3.264073042e-12	-2.855037177e-12	-2.817886352e-12	-2.808843554e-12	-2.567928363e-12	-2.976512088e-12	-2.625500839e-12	-2.329047801e-12	-2.538614628e-12	-2.772220225e-12	-3.248097433e-12	-2.875609541e-12	-3.142748845e-12	-2.844939387e-12	-2.510355887e-12	-2.976587444e-12	-3.108009432e-12	-2.799423974e-12	-2.619396951e-12	-2.154220387e-12	-2.528441481e-12	-2.904847919e-12	-2.413899382e-12	-2.063038847e-12	-2.259719688e-12	-2.824743806e-12	-2.700480700e-12	-2.723916616e-12	-2.646600699e-12	-2.749462519e-12	-2.758128533e-12	-2.379461396e-12	-2.259719688e-12	-2.591062853e-12	-2.320306430e-12	-2.543512810e-12	-3.407099952e-12	-3.549674723e-12	-2.986534521e-12	-3.340409322e-12	-3.002359417e-12	-3.672732123e-12	-3.556833604e-12	-3.751027676e-12	-3.527595226e-12	-3.292407140e-12	-3.195649209e-12	-2.966338941e-12	-2.891057653e-12	-2.950363332e-12	-2.918939611e-12	-2.560166629e-12	-2.759108169e-12	-3.271910133e-12	-2.906807192e-12	-3.001530493e-12	-2.749990015e-12	-2.737631526e-12	-3.251714552e-12	-3.600163675e-12	-3.581701297e-12	-3.319008035e-12	-3.722015368e-12	-3.574014919e-12	-3.178166467e-12	-3.150585936e-12	-3.693605913e-12	-2.965510018e-12	-2.522262237e-12	-2.771089876e-12	-3.260908063e-12	-2.342536640e-12	1.204717627e-10	1.072509670e-10	9.919504033e-11	9.366974046e-11	8.861383714e-11	8.396350327e-11	7.836314819e-11	7.528249322e-11	7.048619353e-11	6.818585661e-11	6.662243232e-11	6.425306871e-11	6.235995910e-11	6.153947595e-11	7.334959530e-11	1.687157645e-10	1.447587570e-10	1.247493826e-10	1.124182475e-10	1.043235121e-10	9.979050853e-11	9.470627110e-11	9.011456471e-11	8.574026223e-11	7.228450449e-11	6.587172943e-11	6.279408872e-11	6.264902718e-11	6.037905899e-11	5.917742194e-11	5.891789366e-11	5.914584751e-11	5.943747772e-11	5.684716844e-11	5.435256209e-11	5.670414153e-11	5.476302973e-11	5.380215716e-11	5.202313750e-11	5.041027925e-11	4.958504864e-11	4.701440744e-11	4.697838696e-11	4.802117220e-11	-3.639198416e-12	-3.716966473e-12	-3.566931395e-12	-3.744320935e-12	-3.299641378e-12	-2.854886464e-12	-2.861367135e-12	-2.726403386e-12	-3.217728706e-12	-3.189469964e-12	-3.053526578e-12	-3.387808651e-12	-3.160909796e-12	-3.032125291e-12	-3.333024371e-12	-3.689009158e-12	-3.637239144e-12	-3.366181295e-12	-3.031296368e-12	-2.816529932e-12	-3.116901516e-12	-3.037400256e-12	-3.519984205e-12	-3.676273885e-12	-3.167767250e-12	-3.123457544e-12	-2.951719752e-12	-3.047347333e-12	-3.072742522e-12	-2.847576869e-12	-2.996481598e-12	-3.280274720e-12	-3.203787726e-12	-3.662785046e-12	-3.657208654e-12	-3.521340625e-12	-3.468515617e-12	-3.138227446e-12	-3.691269857e-12	-3.752459452e-12	-3.078168201e-12	-3.035365627e-12	-3.338525406e-12	-3.526766303e-12	-3.324961210e-12	-3.509358918e-12	-3.448470750e-12	-3.423829127e-12	-3.022102857e-12	-2.829189848e-12	-3.244254244e-12	-3.120367921e-12	-3.466028848e-12	-3.430083729e-12	-3.750274110e-12	-3.550729716e-12	-3.555477185e-12	-3.537994443e-12	-3.451258946e-12	-3.475975925e-12	-3.421719141e-12	-3.049984816e-12	-3.072064312e-12	-3.034988843e-12	-2.838910855e-12	-3.525560597e-12	-3.132726411e-12	-3.263470189e-12	-3.279295084e-12	-3.479517687e-12	-3.512976037e-12	-3.612974304e-12	-3.314034497e-12	-3.395570386e-12	-3.822767201e-12	-3.613125017e-12	-3.961498783e-12	-3.604157577e-12	-4.194049387e-12	-3.440030806e-12	-3.326920483e-12	-3.822390418e-12	-4.000081385e-12	-3.775593942e-12	-3.369421630e-12	-3.877852908e-12	-4.121028799e-12	-4.092694701e-12	-4.073629470e-12	-4.204900744e-12	-3.900912041e-12	-4.162625667e-12	-3.732414585e-12	-3.847032041e-12	-4.362320774e-12	-3.794583817e-12	-3.305820623e-12	-3.463316009e-12	-3.675068179e-12	-3.465727421e-12	-3.344252511e-12	-3.646357297e-12	-3.581324514e-12	-3.933013972e-12	-3.717795396e-12	-4.226377388e-12	-3.828268236e-12	-3.778532851e-12	-3.808072656e-12	-4.007089553e-12	-4.263452857e-12	-4.142505443e-12	-4.840835464e-12	-4.714085589e-12	-4.247778675e-12	-4.325019235e-12	-4.606928441e-12	-4.112287428e-12	-4.491255992e-12	-4.234063765e-12
-4.641517140e-12	-5.352959218e-12	-5.228696112e-12	-5.339696448e-12	-5.059219019e-12	-5.396967498e-12	-4.967133200e-12	-5.181673566e-12	-5.395761792e-12	-5.194785622e-12	-4.703234232e-12	-5.360118099e-12	-5.517462772e-12	-5.194860978e-12	-5.142035971e-12	-4.935558766e-12	-5.114304726e-12	-4.754702820e-12	-4.959522179e-12	-5.203753062e-12	-5.459588869e-12	-4.971654598e-12	-5.437660086e-12	-5.355521344e-12	-5.598697234e-12	-5.539090129e-12	-5.135856726e-12	-5.366221987e-12	-5.141885257e-12	-5.288529287e-12	-5.537206213e-12	-5.076174264e-12	-5.181899635e-12	-5.240376391e-12	-4.859674625e-12	-4.849953618e-12	-5.042715914e-12	-4.919658514e-12	-5.161025845e-12	-5.044223047e-12	-4.962084304e-12	-4.905566821e-12	-5.260044475e-12	-5.108502264e-12	-5.119202908e-12	-4.621472273e-12	-4.984615941e-12	-5.511660310e-12	-5.276396867e-12	-5.101418740e-12	-4.480329278e-12	-4.335041668e-12	-4.397964466e-12	-4.152377163e-12	-4.421249669e-12	-4.363375767e-12	-4.484097111e-12	-4.255314339e-12	-4.614614818e-12	-4.657643462e-12	-4.788613310e-12	-4.778289449e-12	-4.632398986e-12	-5.142940250e-12	-4.483192831e-12	-4.729609057e-12	-4.680401169e-12	-4.740385057e-12	-4.858393562e-12	-5.008805424e-12	-4.875499520e-12	-4.913629982e-12	-4.840835464e-12	-4.757717086e-12	-5.103528726e-12	-4.935408052e-12	-4.626897951e-12	-5.144447383e-12	-4.702329952e-12	-5.015813592e-12	-4.892454765e-12	-4.574751154e-12	-4.814837422e-12	-4.444610229e-12	-4.538504608e-12	-4.320045696e-12	-3.999327819e-12	1.532499437e-10	7.755977101e-11	-5.214905846e-12	-4.948520109e-12	-5.209103384e-12	-5.017622151e-12	-5.238869258e-12	-5.165697957e-12	-4.916192108e-12	-4.868717422e-12	-4.562920160e-12	-4.870978122e-12	-5.243842797e-12	-5.207822321e-12	-5.135479943e-12	-5.099911607e-12	-4.751387127e-12	-4.259308241e-12	-4.569928328e-12	-4.823126653e-12	-4.492537055e-12	-4.073629470e-12	-4.469176495e-12	-4.786880107e-12	-4.666083406e-12	-4.558248048e-12	-4.801197869e-12	-4.913102486e-12	-4.958015046e-12	-4.668344106e-12	-4.659150595e-12	-4.981149535e-12	-4.697431770e-12	-5.189736726e-12	-4.687861476e-12	-5.133671383e-12	-5.359138463e-12	-5.048292305e-12	-5.109180474e-12	-4.681531518e-12	-4.665179127e-12	-5.141508474e-12	-4.567742986e-12	-5.071351439e-12	-4.832395520e-12	-4.664651630e-12	-5.015662878e-12	-5.216563692e-12	-4.470306845e-12	-4.813857785e-12	-4.706022428e-12	-5.046408389e-12	-5.225681846e-12	-4.727875854e-12	-4.690875742e-12	-4.719435910e-12	-4.809788527e-12	-5.384835078e-12	-4.586808217e-12	-5.030583494e-12	-5.085443131e-12	-5.284384672e-12	-5.109255831e-12	-5.455519610e-12	-5.235930349e-12	-5.160196922e-12	-5.384006155e-12	-5.673451025e-12	-5.582872339e-12	-5.503898576e-12	-5.435399386e-12	-5.363659861e-12	-5.177905733e-12	-4.820865953e-12	-4.931489507e-12	-4.936236976e-12	-4.902100416e-12	-4.880096276e-12	-5.209329454e-12	-5.442030771e-12	-5.473303778e-12	-5.046182319e-12	-5.625072060e-12	-5.374963358e-12	-5.087402404e-12	-4.620417280e-12	-5.005414375e-12	-4.727122288e-12	-5.228922181e-12	-4.970599605e-12	-4.819057394e-12	-4.852515744e-12	-4.851234681e-12	-5.313095553e-12	-4.727574428e-12	-4.769924862e-12	-4.985595577e-12	-5.143241677e-12	-5.274437595e-12	-5.001947969e-12	-4.769020582e-12	-4.867963856e-12	-4.879041283e-12	-5.145276306e-12	-4.738350428e-12	-5.140076698e-12	-5.110461537e-12	-5.217091188e-12	-4.867737786e-12	-4.771884135e-12	-4.686128274e-12	-4.676784050e-12	-4.438204914e-12	-4.263452857e-12	-4.443705949e-12	-4.681983658e-12	-4.569400832e-12	-5.281370406e-12	-5.152058404e-12	-5.446024673e-12	-5.229223608e-12	-4.925687045e-12	-4.904436472e-12	-4.592158538e-12	-4.704213868e-12	-5.199683804e-12	-5.126060362e-12	-4.783413701e-12	-5.086045984e-12	-4.922597423e-12	-5.029001005e-12	-4.623130119e-12	-4.454934089e-12	-4.269255318e-12	-4.893735828e-12	-4.008596686e-12	-4.182595177e-12	-4.779796582e-12	-4.512732635e-12	-4.576182930e-12	-4.552144160e-12	-4.499695936e-12	-4.205654310e-12	-4.361115067e-12	-4.382290284e-12	-4.675201560e-12	-4.650409224e-12	-4.314318591e-12	-4.424942145e-12	-4.622828692e-12	-4.233234842e-12	-4.518158314e-12	-4.261192157e-12	-5.047388026e-12	-4.954021144e-12	-4.527351824e-12	-4.527653251e-12	-4.904813255e-12	-4.805794625e-12	-4.828401618e-12	-4.670529448e-12	-4.976251354e-12	-5.116791495e-12	-4.832621590e-12
-4.661411294e-12	-4.964797144e-12	-4.737747575e-12	-5.050929788e-12	-4.673016218e-12	-4.691855379e-12	-4.955754346e-12	-4.599015993e-12	-4.969243186e-12	-4.444911656e-12	-4.475958593e-12	-4.240619793e-12	-4.479349642e-12	-5.152962684e-12	-4.892379409e-12	-5.047614096e-12	-5.050025508e-12	-5.166979020e-12	-5.088608110e-12	-5.225154349e-12	-4.922371353e-12	-4.648148525e-12	-4.805794625e-12	-4.805794625e-12	-4.752969617e-12	-4.928776668e-12	-4.763519547e-12	-4.801725366e-12	-4.764574540e-12	-4.761937058e-12	-4.761786344e-12	-4.741440050e-12	-5.063137564e-12	-5.303223833e-12	-5.059068306e-12	-4.760655995e-12	-4.895393674e-12	-5.077379970e-12	-5.079339243e-12	-5.002098683e-12	-5.456649960e-12	-5.415505232e-12	-5.273533315e-12	-5.600882577e-12	-4.830963744e-12	-4.941511941e-12	-5.080318879e-12	-5.148818069e-12	-4.763444190e-12	-5.032015270e-12	-4.942416220e-12	-5.241883524e-12	-5.055526543e-12	-4.529386454e-12	-4.704213868e-12	-5.215282629e-12	-5.679178130e-12	-5.124327159e-12	-5.075345341e-12	-5.244747077e-12	-5.085819914e-12	-4.726896218e-12	-5.250850965e-12	-4.714010232e-12	-4.579724692e-12	-4.881603409e-12	-4.784920834e-12	-5.009408277e-12	-4.974442794e-12	-4.644531406e-12	-4.657869532e-12	-5.247685986e-12	-5.219577958e-12	-5.249193119e-12	-4.883261255e-12	-5.059369732e-12	-5.196518824e-12	-5.154168390e-12	-4.756360666e-12	-4.517480104e-12	-4.913328556e-12	-4.656814539e-12	-4.480555348e-12	-4.891173702e-12	-4.438581698e-12	-4.720114120e-12	-3.716212907e-12	1.852596375e-10	1.030916570e-11	-4.705796358e-12	-4.729684414e-12	-4.814686709e-12	-5.018526431e-12	-5.273910098e-12	-4.886727660e-12	-4.997577284e-12	-5.188606377e-12	-4.785448331e-12	-4.453728383e-12	-4.351846200e-12	-4.806246764e-12	-4.910691073e-12	-4.989363410e-12	-4.513034062e-12	-4.945505843e-12	-4.510848719e-12	-5.036536669e-12	-4.902477199e-12	-4.824483072e-12	-4.867285646e-12	-4.820413813e-12	-5.191319216e-12	-4.992151606e-12	-4.574525084e-12	-4.664199490e-12	-4.398115180e-12	-4.529537167e-12	-4.183198030e-12	-4.607455937e-12	-4.306180074e-12	-4.759676358e-12	-4.461414761e-12	-4.313037528e-12	-4.277243122e-12	-4.601427406e-12	-4.041753609e-12	-4.586808217e-12	-4.619211574e-12	-4.248230814e-12	-3.605513996e-12	-3.676273885e-12	-4.380331012e-12	-4.064586673e-12	-4.289224829e-12	-3.858787677e-12	-3.882072880e-12	-4.616800161e-12	-4.219519933e-12	-3.927060797e-12	-3.885916069e-12	-4.369404298e-12	-4.363978620e-12	-4.049515344e-12	-4.412885082e-12	-4.012892015e-12	-3.821335425e-12	-3.577330611e-12	-4.123063428e-12	-3.753137662e-12	-4.143183652e-12	-4.449131628e-12	-4.097140743e-12	-4.003397078e-12	-4.402938005e-12	-4.688313616e-12	-4.494044188e-12	-4.752065337e-12	-5.013025396e-12	-5.158539076e-12	-5.005263662e-12	-5.129828194e-12	-4.548677755e-12	-4.676181197e-12	-4.657342036e-12	-5.091471663e-12	-5.044825900e-12	-5.068563243e-12	-5.183029985e-12	-4.727273001e-12	-5.059671159e-12	-4.878212360e-12	-4.562543377e-12	-4.686278987e-12	-4.229467010e-12	-5.228093258e-12	-4.644305336e-12	-4.432327096e-12	-4.186212296e-12	-4.668344106e-12	-4.545889559e-12	-4.783187631e-12	-5.114154012e-12	-4.850933254e-12	-4.135497275e-12	-4.334137389e-12	-4.557871265e-12	-4.412357585e-12	-4.566461923e-12	-4.877910933e-12	-5.204883412e-12	-4.775275184e-12	-4.829155184e-12	-4.381913501e-12	-4.416803627e-12	-4.715894148e-12	-4.732547966e-12	-4.388318816e-12	-4.432176383e-12	-4.708283127e-12	-4.872334541e-12	-4.376035683e-12	-4.246346898e-12	-3.882826447e-12	-4.196686870e-12	-3.669868570e-12	-4.094126477e-12	-3.973631203e-12	-4.391408438e-12	-4.020653749e-12	-4.610470203e-12	-4.325622088e-12	-4.249059737e-12	-4.415748634e-12	-4.247477248e-12	-3.985688266e-12	-4.092242561e-12	-3.859390531e-12	-3.903926307e-12	-3.944995678e-12	-3.225113657e-12	-3.871598307e-12	-3.845977048e-12	-3.502426107e-12	-3.923594391e-12	-3.974384770e-12	-3.791268124e-12	-3.723371788e-12	-3.978755455e-12	-4.138059401e-12	-3.606041493e-12	-3.900158475e-12	-3.669943927e-12	-3.987421469e-12	-4.007918476e-12	-4.201057555e-12	-4.224342758e-12	-4.273399934e-12	-4.447775208e-12	-4.846939352e-12	-4.859674625e-12	-5.024554962e-12	-4.750558204e-12	-4.828476974e-12	-4.841815100e-12	-4.381913501e-12	-4.339789137e-12	-4.332856326e-12	-3.789836348e-12	-4.504895544e-12	-4.477013586e-12	-3.862329440e-12
-3.077037851e-12	-3.129033935e-12	-3.201376314e-12	-3.676424599e-12	-3.176056481e-12	-3.480648037e-12	-3.889382475e-12	-3.387281155e-12	-3.759467620e-12	-3.586373409e-12	-3.314335923e-12	-3.158498383e-12	-3.704607983e-12	-3.509811058e-12	-3.309136315e-12	-3.582680933e-12	-3.562409996e-12	-3.252392762e-12	-2.913061793e-12	-3.089547054e-12	-3.774689663e-12	-3.412374917e-12	-3.719679312e-12	-3.806942306e-12	-3.474167366e-12	-3.211775531e-12	-3.291728930e-12	-3.238828566e-12	-3.298812455e-12	-3.504611450e-12	-3.116298662e-12	-4.073554113e-12	-3.328126189e-12	-3.280952930e-12	-3.698880878e-12	-3.888628908e-12	-3.582530220e-12	-4.106409610e-12	-3.905810223e-12	-4.041301470e-12	-3.451937156e-12	-3.356761714e-12	-3.655098668e-12	-3.692324850e-12	-3.584866276e-12	-3.565047478e-12	-3.498658275e-12	-2.955487584e-12	-2.911630017e-12	-3.407175309e-12	-3.693831983e-12	-3.096856648e-12	-3.410943141e-12	-3.732866725e-12	-3.393837183e-12	-3.771072544e-12	-3.566253185e-12	-3.559169660e-12	-3.373189462e-12	-3.380499057e-12	-3.397378945e-12	-3.534980177e-12	-3.586674835e-12	-3.030015305e-12	-3.454348568e-12	-3.855321272e-12	-3.717343256e-12	-4.008747399e-12	-3.865117635e-12	-3.826384320e-12	-4.350339067e-12	-4.180485191e-12	-4.277017052e-12	-4.043938952e-12	-4.135045135e-12	-3.758111201e-12	-4.089002225e-12	-3.750198753e-12	-3.467083841e-12	-3.702347284e-12	-3.491499394e-12	-3.620962108e-12	-3.578234891e-12	-3.555929325e-12	-3.811162278e-12	-3.372661966e-12	-1.609090423e-12	2.050017973e-10	2.665055542e-11	-3.471755953e-12	-3.090677403e-12	-3.392254693e-12	-3.590894807e-12	-3.358871700e-12	-3.724954277e-12	-3.938213580e-12	-3.600012961e-12	-3.783883173e-12	-3.361207756e-12	-3.621037465e-12	-3.292407140e-12	-3.672656766e-12	-3.322097658e-12	-3.468666331e-12	-3.497753995e-12	-3.379067281e-12	-3.747938054e-12	-3.457739617e-12	-3.344177154e-12	-3.550955786e-12	-3.698051955e-12	-3.890663538e-12	-3.741834166e-12	-3.488861911e-12	-3.658339004e-12	-3.690667004e-12	-3.260606636e-12	-3.807243733e-12	-4.051399260e-12	-3.206726635e-12	-3.101754830e-12	-3.297757462e-12	-3.872201160e-12	-3.747561271e-12	-4.167975988e-12	-3.842812069e-12	-3.702497997e-12	-3.829850726e-12	-3.810860852e-12	-3.430611225e-12	-3.088567417e-12	-3.242747111e-12	-3.688858445e-12	-3.882223594e-12	-3.781396404e-12	-3.760522613e-12	-3.362940959e-12	-3.506872149e-12	-3.315014133e-12	-3.416444176e-12	-3.005373682e-12	-3.669039647e-12	-3.587880542e-12	-3.775669299e-12	-3.957504881e-12	-3.523525968e-12	-3.899630979e-12	-4.092468631e-12	-3.816437243e-12	-3.555175758e-12	-3.743567368e-12	-3.191203167e-12	-3.271307280e-12	-3.561053576e-12	-3.520662415e-12	-3.754569439e-12	-3.870995454e-12	-3.741834166e-12	-3.964739119e-12	-3.932561832e-12	-3.829700013e-12	-4.080863708e-12	-4.151020743e-12	-3.586373409e-12	-3.469269184e-12	-3.430912652e-12	-3.850423090e-12	-3.681774920e-12	-3.589613744e-12	-4.089981862e-12	-3.812066558e-12	-3.946050671e-12	-3.490369044e-12	-3.395645742e-12	-3.465802778e-12	-3.359700623e-12	-3.467912764e-12	-3.429706946e-12	-3.755021578e-12	-3.493910806e-12	-3.422849491e-12	-3.530157352e-12	-3.294969266e-12	-3.307930609e-12	-3.374847309e-12	-3.539576933e-12	-3.029638522e-12	-3.051491949e-12	-3.480497324e-12	-3.661051843e-12	-3.161738719e-12	-3.423979841e-12	-3.873557580e-12	-3.519758135e-12	-3.935350028e-12	-3.856903761e-12	-3.285323615e-12	-3.623147451e-12	-3.959238084e-12	-3.002284060e-12	-3.614858220e-12	-3.369195560e-12	-3.752007313e-12	-3.322022301e-12	-3.474544149e-12	-3.386602945e-12	-3.474092009e-12	-3.517422079e-12	-3.259325573e-12	-3.226545433e-12	-3.094595949e-12	-3.618475339e-12	-3.521189912e-12	-3.638670920e-12	-3.508303925e-12	-3.773483956e-12	-4.275434563e-12	-3.775292516e-12	-3.502652177e-12	-3.525635954e-12	-3.795186670e-12	-3.554949688e-12	-3.171233656e-12	-3.381026553e-12	-3.208761265e-12	-3.634903088e-12	-3.534075898e-12	-3.109516565e-12	-3.148099166e-12	-3.302957070e-12	-3.300319588e-12	-3.296476399e-12	-3.288790021e-12	-3.081860676e-12	-3.507625716e-12	-4.011837022e-12	-4.084631540e-12	-3.789459565e-12	-3.676349242e-12	-3.944016042e-12	-3.918997636e-12	-4.332102759e-12	-4.034896155e-12	-3.951551706e-12	-4.153055373e-12	-4.326677081e-12	-4.179279485e-12	-4.201132912e-12	-3.865268349e-12	-3.884408936e-12	-3.551633996e-12
-2.708694574e-12	-2.865134968e-12	-2.479911803e-12	-2.914493569e-12	-2.419927914e-12	-2.546301006e-12	-2.534394656e-12	-3.083669236e-12	-2.844411890e-12	-3.243726748e-12	-3.057520480e-12	-3.138679586e-12	-3.012909347e-12	-2.960008983e-12	-3.021500004e-12	-2.835369093e-12	-3.408682442e-12	-3.037777039e-12	-2.981184200e-12	-3.226319363e-12	-2.595810321e-12	-2.854057541e-12	-3.430686582e-12	-3.583585213e-12	-3.003037626e-12	-3.166260118e-12	-3.107783362e-12	-3.025418550e-12	-2.891811220e-12	-3.073270019e-12	-2.850892562e-12	-3.440407589e-12	-3.131972844e-12	-3.564218555e-12	-3.624805297e-12	-2.785784421e-12	-3.034084564e-12	-3.132198914e-12	-3.152921992e-12	-3.170555446e-12	-3.167917964e-12	-3.527896653e-12	-3.303559923e-12	-3.039359529e-12	-3.015546829e-12	-2.971237122e-12	-2.659938825e-12	-2.987514158e-12	-2.567928363e-12	-2.834012673e-12	-2.975984591e-12	-3.382156903e-12	-2.918788898e-12	-2.946670856e-12	-2.928057765e-12	-2.699350350e-12	-2.718717008e-12	-2.829943415e-12	-2.541176754e-12	-2.877644170e-12	-2.900175807e-12	-3.229559699e-12	-2.892489429e-12	-2.837629792e-12	-3.307629182e-12	-2.745920756e-12	-3.024363557e-12	-3.075455361e-12	-3.555175758e-12	-3.142748845e-12	-2.965886801e-12	-3.264073042e-12	-2.720977707e-12	-2.394909508e-12	-2.497771327e-12	-2.785181568e-12	-2.993241263e-12	-2.977341011e-12	-2.705981735e-12	-2.839589065e-12	-2.670790182e-12	-2.499504530e-12	-2.834238743e-12	-2.557378433e-12	-2.630625091e-12	-2.841623695e-12	2.610759572e-10	2.062038111e-10	1.572143060e-11	-2.667323777e-12	-2.561523048e-12	-3.116976872e-12	-2.777796617e-12	-2.737330099e-12	-2.668077343e-12	-2.660014182e-12	-2.946143360e-12	-2.575313314e-12	-2.879904870e-12	-3.013738270e-12	-2.848330436e-12	-2.729116225e-12	-3.050210886e-12	-3.052848368e-12	-3.061212956e-12	-3.006654745e-12	-3.170480090e-12	-3.048854466e-12	-3.315240203e-12	-2.766643834e-12	-2.692116113e-12	-3.439955449e-12	-3.134534970e-12	-3.183818216e-12	-2.847501513e-12	-2.940491612e-12	-3.374470525e-12	-3.169651167e-12	-3.300018161e-12	-3.182763223e-12	-3.049608032e-12	-3.569870304e-12	-3.222099391e-12	-3.260606636e-12	-2.656698490e-12	-2.834088030e-12	-3.310944874e-12	-3.345759644e-12	-2.966866437e-12	-2.850365065e-12	-3.056540844e-12	-2.904847919e-12	-3.411470638e-12	-3.119086858e-12	-2.963550745e-12	-2.924063863e-12	-3.424281267e-12	-3.289618944e-12	-2.898517961e-12	-3.076736424e-12	-2.967017150e-12	-3.341690385e-12	-3.294743196e-12	-2.413447242e-12	-3.204013796e-12	-3.325790133e-12	-3.441387225e-12	-3.281254357e-12	-3.389918637e-12	-2.441404557e-12	-2.857448590e-12	-3.103186606e-12	-3.017430745e-12	-2.774254855e-12	-2.941772675e-12	-2.480966796e-12	-2.865361037e-12	-2.978546717e-12	-2.792491163e-12	-3.091581683e-12	-2.641702518e-12	-2.113904582e-12	-2.720600924e-12	-2.266577143e-12	-2.692643609e-12	-2.470642935e-12	-2.456777313e-12	-2.600557790e-12	-2.395964501e-12	-2.782318016e-12	-3.348321770e-12	-2.725273036e-12	-3.255256314e-12	-2.614875552e-12	-2.762499218e-12	-2.876137038e-12	-2.852098268e-12	-2.472300782e-12	-2.491893509e-12	-3.020821794e-12	-2.409905480e-12	-2.236585199e-12	-2.653006014e-12	-2.811556394e-12	-2.120686680e-12	-2.551575971e-12	-2.360245452e-12	-2.325355325e-12	-3.068371837e-12	-2.686991861e-12	-2.817509568e-12	-2.541478181e-12	-2.600859216e-12	-3.396700735e-12	-3.283741126e-12	-3.460452456e-12	-3.431138722e-12	-3.259702356e-12	-3.354802441e-12	-3.030467445e-12	-3.222174748e-12	-3.576426332e-12	-3.231368258e-12	-3.534151254e-12	-3.580947730e-12	-2.767246687e-12	-3.418252736e-12	-3.276431531e-12	-3.123758970e-12	-3.314561993e-12	-2.804623582e-12	-2.660918462e-12	-2.681415469e-12	-2.961440759e-12	-3.113736537e-12	-2.868224590e-12	-2.712236337e-12	-2.648861399e-12	-2.584280755e-12	-2.807487135e-12	-2.827682715e-12	-3.342594665e-12	-2.949534409e-12	-2.802287526e-12	-2.232515940e-12	-2.701987833e-12	-2.769658099e-12	-2.642154657e-12	-2.194912974e-12	-2.765890267e-12	-2.661144532e-12	-2.755491050e-12	-3.159779446e-12	-3.184270356e-12	-3.015170046e-12	-3.239582132e-12	-3.637239144e-12	-3.470324177e-12	-3.710410445e-12	-2.940717682e-12	-3.448093967e-12	-3.381478693e-12	-3.090752760e-12	-2.981560983e-12	-3.360604903e-12	-3.160080873e-12	-3.486827282e-12	-3.320439812e-12	-3.164074775e-12	-3.415539896e-12	-2.897010828e-12
-1.508489303e-12	-1.810594089e-12	-1.779321082e-12	-1.688742396e-12	-2.053167127e-12	-1.563122870e-12	-2.126413785e-12	-1.570884604e-12	-1.663497920e-12	-1.517381387e-12	-1.753398396e-12	-1.704868717e-12	-1.093424907e-12	-2.028751574e-12	-1.692284158e-12	-1.669752521e-12	-1.599218702e-12	-1.984441867e-12	-1.909311293e-12	-2.049550008e-12	-1.784143907e-12	-1.805319124e-12	-1.317761636e-12	-1.101261998e-12	-1.579852045e-12	-1.399975735e-12	-1.523937415e-12	-1.654153696e-12	-1.255441692e-12	-1.468324211e-12	-1.063131536e-12	-1.555813275e-12	-1.434790505e-12	-1.373224126e-12	-1.548202254e-12	-1.505550394e-12	-1.511126785e-12	-1.440894393e-12	-1.439537973e-12	-1.894767461e-12	-1.599369416e-12	-1.529739876e-12	-1.825213278e-12	-1.420548099e-12	-1.950079238e-12	-2.357231186e-12	-1.867036216e-12	-2.053016413e-12	-1.425672351e-12	-2.087906540e-12	-1.662141500e-12	-1.266368405e-12	-1.227107593e-12	-1.187017859e-12	-1.403592854e-12	-1.178125775e-12	-9.475344436e-13	-6.005170973e-13	-1.101186641e-12	-1.533281639e-12	-1.269533384e-12	-6.496496293e-13	-1.177748992e-12	-1.352802476e-12	-9.864184720e-13	-9.076707789e-13	-7.268148329e-13	-5.085819914e-13	-5.361625232e-13	-6.302829717e-13	-9.426362618e-13	-7.636642319e-13	-6.008185239e-13	-8.807684569e-13	-1.245946755e-12	-1.114976907e-12	-7.670552809e-13	-6.413603984e-13	-5.043620193e-13	-9.164121496e-13	-1.068557214e-12	-8.267377431e-13	-1.279932601e-12	-6.491974894e-13	-4.296082283e-13	3.320967308e-13	2.789974251e-10	1.682059768e-10	1.840073608e-11	-2.271249255e-13	-1.052204822e-12	-1.194779593e-12	-1.156875201e-12	-1.327859427e-12	-9.271881497e-13	-1.213543398e-12	-1.564630003e-12	-1.453177526e-12	-1.667190395e-12	-1.446998281e-12	-1.626874591e-12	-1.326276937e-12	-1.626121024e-12	-1.259737020e-12	-1.214221607e-12	-1.442250813e-12	-1.550161527e-12	-1.032386025e-12	-1.586332716e-12	-1.548880464e-12	-1.457924995e-12	-1.297716769e-12	-1.407059260e-12	-1.637349164e-12	-1.410676379e-12	-1.947969251e-12	-1.393344350e-12	-1.552572940e-12	-1.592738031e-12	-1.721296466e-12	-1.122889355e-12	-1.329441916e-12	-1.083779256e-12	-8.577846804e-13	-1.446470785e-12	-1.349562140e-12	-1.552045443e-12	-1.507509666e-12	-2.320080360e-12	-1.669451095e-12	-1.326050867e-12	-1.955881699e-12	-1.676383906e-12	-1.403291428e-12	-1.621373556e-12	-2.153014680e-12	-1.943221783e-12	-1.808785530e-12	-1.449108267e-12	-1.232457915e-12	-8.766238415e-13	-9.932759266e-13	-9.937280665e-13	-1.197869216e-12	-1.144592068e-12	-1.247679957e-12	-1.009477605e-12	-1.195683873e-12	-1.638554871e-12	-1.563348940e-12	-1.620318563e-12	-1.167425131e-12	-5.953174888e-13	-9.699907236e-13	-8.991554781e-13	-1.055897298e-12	-1.350164993e-12	-8.845362891e-13	-9.654693249e-13	-1.579173835e-12	-1.239240013e-12	-1.417307763e-12	-1.089883144e-12	-1.383698700e-12	-1.158985187e-12	-1.097569522e-12	-1.010005102e-12	-1.550689023e-12	-1.331702616e-12	-1.505399680e-12	-1.259737020e-12	-1.242254279e-12	-9.848359825e-13	-1.694846284e-12	-8.672042610e-13	-1.258380601e-12	-1.229820433e-12	-1.130500376e-12	-1.820465810e-12	-9.358541638e-13	-1.344663958e-12	-1.067652934e-12	-8.050350295e-13	-1.307287063e-12	-9.778278146e-13	-9.375873666e-13	-5.826575726e-13	-6.906436437e-13	-6.910957836e-13	-1.205178810e-12	-1.381890141e-12	-1.200582055e-12	-9.609479263e-13	-7.751184418e-13	-1.310225972e-12	-6.190548318e-13	-9.177685692e-13	-6.375172096e-13	-5.679630270e-13	-3.699257662e-13	-7.176213223e-13	-8.087275051e-13	-5.446024673e-13	-9.874734650e-13	-1.098473802e-12	-1.350089637e-12	-8.252306102e-13	-1.198547425e-12	-9.882270315e-13	-7.120449306e-13	-6.836354758e-13	-1.193046390e-12	-9.556729612e-13	-1.047306641e-12	-1.083025690e-12	-1.218140153e-12	-1.265991622e-12	-9.809174370e-13	-1.266293048e-12	-1.504344687e-12	-1.619715710e-12	-9.323124015e-13	-9.260578001e-13	-1.793789558e-12	-1.657469388e-12	-9.477605136e-13	-1.462295680e-12	-1.453403596e-12	-1.761160131e-12	-1.040298473e-12	-1.299449972e-12	-1.147606334e-12	-1.324091594e-12	-1.850457754e-12	-1.448279344e-12	-1.261319510e-12	-1.709390116e-12	-1.847820271e-12	-1.617379654e-12	-1.170062614e-12	-1.498919009e-12	-1.041730249e-12	-6.962953920e-13	-7.215398678e-13	-6.036067197e-13	-6.886090143e-13	-1.032687452e-12	-1.236075034e-12	-1.227559733e-12	-1.694620214e-12	-1.011286165e-12
5.861239783e-13	3.481476960e-13	5.182276419e-13	7.015703571e-13	5.373682295e-13	3.089622410e-13	9.053347229e-13	1.153032012e-12	1.116936180e-12	1.090259928e-12	1.085813886e-12	8.806931003e-13	1.338334000e-12	6.650223847e-13	7.165663293e-13	6.640427483e-13	9.285445693e-13	1.093424907e-12	9.030740236e-13	1.196964936e-12	1.139317103e-12	1.165842642e-12	9.972698288e-13	8.217642045e-13	8.250798969e-13	8.436176313e-13	8.638132120e-13	1.126280404e-12	6.477657132e-13	8.803916737e-13	3.151414859e-13	3.758789411e-13	5.019506067e-13	6.537942447e-13	7.303565952e-13	6.436964544e-13	4.336774871e-13	7.440715044e-13	2.608093454e-13	9.996812414e-13	9.536383318e-13	7.825787496e-13	8.206338549e-13	4.773843407e-13	6.269672794e-13	3.724878921e-13	4.687936833e-13	4.917021031e-13	6.162666359e-13	7.127231404e-13	5.066227187e-13	6.535681748e-13	7.755705817e-13	7.222180776e-13	5.421910547e-13	5.965231952e-13	1.160492320e-12	7.792630572e-13	3.206425209e-13	5.720322858e-13	-7.151345531e-14	5.012723969e-13	2.186096247e-13	1.736217081e-13	9.216117580e-14	3.065508284e-13	5.953928455e-13	2.226788835e-13	2.275770654e-13	5.355596700e-13	4.974292081e-13	9.476851569e-13	9.078214922e-13	8.937297997e-13	9.514529891e-13	4.565859070e-13	4.067751652e-13	8.077478687e-13	8.519822188e-13	1.185887509e-12	1.040298473e-12	1.521601359e-12	1.089732431e-12	1.504043261e-12	1.925512972e-12	3.430535869e-12	2.789690156e-10	1.675631093e-10	1.185013372e-11	1.842696020e-12	6.426414614e-13	7.022485669e-13	7.874769314e-13	-9.042797299e-15	2.001472469e-13	2.733939050e-13	3.888402839e-14	5.907207336e-13	7.983282882e-13	6.354825802e-13	6.878554479e-13	5.975781882e-13	4.338282004e-13	1.872612607e-13	-1.051978752e-13	5.129526768e-13	1.069310781e-13	6.953157556e-13	1.646542675e-13	5.115209005e-13	9.760192551e-13	6.811487065e-13	6.168694891e-13	7.103117278e-13	5.769304677e-13	7.726316725e-13	7.756459383e-13	1.196211369e-12	1.021308598e-12	1.018369689e-12	9.821985000e-13	4.976552780e-13	8.207092115e-13	8.421858551e-13	4.369178228e-13	5.578652367e-13	8.032264701e-13	9.933512833e-13	8.592918133e-13	1.065015452e-12	1.049567340e-12	8.815973800e-13	4.536469978e-13	4.134065498e-13	6.016474470e-13	5.539466912e-13	3.257667727e-13	5.355596700e-13	4.011987735e-13	2.875609541e-13	9.972698288e-13	7.240266371e-13	5.651748312e-15	7.026253501e-13	5.507817121e-13	1.119347592e-12	1.188826418e-12	1.258983454e-12	1.245193188e-12	1.566363205e-12	1.563122870e-12	1.285508993e-12	1.857842705e-12	1.335997944e-12	1.627628157e-12	1.523259205e-12	1.732976746e-12	1.115504403e-12	1.830789670e-12	1.753473753e-12	1.311130252e-12	1.791227432e-12	1.447450421e-12	1.623408185e-12	1.485731596e-12	2.018653784e-12	1.383472630e-12	1.268026251e-12	1.146551341e-12	1.212789831e-12	9.990030316e-13	1.295832853e-12	8.474608202e-13	1.022966444e-12	1.231704349e-12	8.648682050e-13	1.809162313e-12	1.233286838e-12	1.525745974e-12	1.335545804e-12	1.904187041e-12	1.635389892e-12	1.326955147e-12	1.490479065e-12	1.597334786e-12	1.494925107e-12	1.198321355e-12	1.021082528e-12	1.246248181e-12	1.090033858e-12	1.391234364e-12	1.102769131e-12	1.054766948e-12	9.191249888e-13	7.393993925e-13	9.288459959e-13	1.096966669e-12	1.475935232e-12	1.262223790e-12	1.316631287e-12	1.628231010e-12	1.149565607e-12	1.584976297e-12	1.346397161e-12	1.421000239e-12	1.207891649e-12	1.692284158e-12	1.673821780e-12	1.695147710e-12	1.204274530e-12	1.396433973e-12	1.538631960e-12	1.552874366e-12	1.757844438e-12	1.551894730e-12	1.469303848e-12	1.222962978e-12	1.483772323e-12	1.622956045e-12	1.382040854e-12	1.838702117e-12	1.531548436e-12	1.690324885e-12	1.652194423e-12	1.239616796e-12	1.659051878e-12	1.640514143e-12	1.550689023e-12	1.189655341e-12	1.450238617e-12	1.474880239e-12	1.667793248e-12	1.831769306e-12	1.837345698e-12	1.937645391e-12	1.972912301e-12	2.025059098e-12	1.412560295e-12	1.871180831e-12	9.451983877e-13	1.661538647e-12	1.909311293e-12	2.088810819e-12	1.299676042e-12	1.779923935e-12	9.354773806e-13	1.120553299e-12	9.889052413e-13	9.505487094e-13	9.611739962e-13	1.046176291e-12
3.539049436e-12	3.151640929e-12	3.344930721e-12	3.545379394e-12	3.126245740e-12	3.754192655e-12	3.924649384e-12	3.522847758e-12	4.055543875e-12	4.067148798e-12	3.995786056e-12	3.336566133e-12	3.467686694e-12	3.332722945e-12	3.498281492e-12	3.268745154e-12	3.841154223e-12	3.388260791e-12	4.125248771e-12	3.632114892e-12	3.450957519e-12	3.418102022e-12	3.350959252e-12	3.605966136e-12	3.738895257e-12	3.513428177e-12	3.526088093e-12	2.970332843e-12	3.548619730e-12	3.931280769e-12	3.584338779e-12	3.449224316e-12	3.880264321e-12	3.984708630e-12	3.588181968e-12	3.847860964e-12	4.028189413e-12	3.740553103e-12	3.369723057e-12	3.196779558e-12	3.053677291e-12	3.520737772e-12	3.493307953e-12	3.368366637e-12	3.596697269e-12	3.329934749e-12	3.791192768e-12	3.526088093e-12	3.281781853e-12	3.527972010e-12	3.617269633e-12	3.925704377e-12	3.957354168e-12	3.782376040e-12	3.646281941e-12	4.282668801e-12	3.590593381e-12	4.061949190e-12	3.468515617e-12	3.984633273e-12	4.016885917e-12	3.809881215e-12	4.014323791e-12	3.802345551e-12	3.857581971e-12	3.759769047e-12	3.720282165e-12	3.582756290e-12	3.635732011e-12	3.924423314e-12	3.710937942e-12	3.225565797e-12	3.224284734e-12	3.183290719e-12	3.362036679e-12	3.234985377e-12	3.190148174e-12	3.129486075e-12	3.200245964e-12	3.311698441e-12	3.564972122e-12	3.995409273e-12	4.099778225e-12	4.459832271e-12	4.979190263e-12	2.918843909e-10	2.440993110e-10	1.247453887e-10	1.759924282e-11	5.817608286e-12	4.327506004e-12	4.130674450e-12	4.086967596e-12	3.795111313e-12	3.695188403e-12	4.001739231e-12	4.192165471e-12	3.602047591e-12	3.754569439e-12	3.767606138e-12	3.563766416e-12	3.653516179e-12	3.592477297e-12	3.290221797e-12	3.848840600e-12	4.209045359e-12	3.811237635e-12	3.902494531e-12	3.843113495e-12	3.590894807e-12	3.928115790e-12	3.868433328e-12	3.841003509e-12	3.798803789e-12	3.816964740e-12	3.796015593e-12	3.710937942e-12	3.374319812e-12	3.141769208e-12	3.333928651e-12	4.000684238e-12	3.736860627e-12	4.059688491e-12	3.839647090e-12	4.131428016e-12	3.780266054e-12	3.781170334e-12	3.852156293e-12	3.883353943e-12	3.762934026e-12	3.702196571e-12	3.585016989e-12	3.486751925e-12	3.668587508e-12	3.639499843e-12	3.352164959e-12	3.185400705e-12	3.179899670e-12	3.182311083e-12	3.507927142e-12	3.045011277e-12	3.132726411e-12	3.541234779e-12	3.258873433e-12	3.566403898e-12	3.100699837e-12	3.549147227e-12	3.830604292e-12	3.870166531e-12	3.605513996e-12	3.740854529e-12	3.696469466e-12	3.627518136e-12	3.430234442e-12	4.305727934e-12	4.180711261e-12	4.115150981e-12	4.366163962e-12	4.077397302e-12	3.517196009e-12	3.659092570e-12	3.775066446e-12	3.582454863e-12	3.591497661e-12	3.463918862e-12	4.065264882e-12	3.842510642e-12	4.408363683e-12	3.938515007e-12	4.473095041e-12	4.727875854e-12	4.405876914e-12	4.323662815e-12	4.242428353e-12	3.855396628e-12	3.434529771e-12	4.102717135e-12	3.784712096e-12	4.045370728e-12	3.697223032e-12	4.314996801e-12	4.509040160e-12	4.005356350e-12	3.513729604e-12	3.283741126e-12	3.929246140e-12	4.039794337e-12	4.455310873e-12	3.520210275e-12	3.103488033e-12	3.676424599e-12	3.697449102e-12	3.476277352e-12	3.342368595e-12	3.302881713e-12	3.752158026e-12	3.983879707e-12	3.796392376e-12	4.034067232e-12	3.447340400e-12	3.692023424e-12	3.766475788e-12	3.706491900e-12	3.557813241e-12	3.039510242e-12	3.378389071e-12	3.601143311e-12	3.468967757e-12	3.675671032e-12	3.526464877e-12	3.417800596e-12	3.765496152e-12	3.509208205e-12	3.331969378e-12	3.380122274e-12	3.314863420e-12	3.726159984e-12	3.636787004e-12	3.461733519e-12	3.144255977e-12	3.296250329e-12	3.592401940e-12	3.478990191e-12	3.648316570e-12	3.596546556e-12	3.409285295e-12	3.797296656e-12	3.321494805e-12	3.342670022e-12	3.556381464e-12	3.981845077e-12	4.001814588e-12	3.992696434e-12	3.832337495e-12	3.134007474e-12	3.520436345e-12	3.488409771e-12	3.631361325e-12	4.115075624e-12	3.863007649e-12	4.125776268e-12	4.082822980e-12	4.253355066e-12	4.136929051e-12	3.861500517e-12	3.820807929e-12	3.619756402e-12	4.177169499e-12	4.079281218e-12	4.233234842e-12	4.114171344e-12
2.502292726e-12	2.012700609e-12	2.357155829e-12	1.674349277e-12	1.661915430e-12	1.829960747e-12	1.708259766e-12	1.400201805e-12	1.301409245e-12	1.703135515e-12	1.435242645e-12	1.616626087e-12	1.127938250e-12	1.251899929e-12	1.521676715e-12	1.574351010e-12	1.065844375e-12	1.029447116e-12	9.075200656e-13	1.630717780e-12	1.363427763e-12	1.198622782e-12	1.182948600e-12	1.488519792e-12	1.613988605e-12	5.009257564e-12	1.726646788e-12	1.733654955e-12	1.596053723e-12	1.426049134e-12	1.735463515e-12	1.641795206e-12	1.748500214e-12	1.568021052e-12	1.892356048e-12	1.800873082e-12	1.748123431e-12	1.630943850e-12	1.404346421e-12	1.751213054e-12	1.320775902e-12	1.076243592e-12	1.279932601e-12	1.191689971e-12	1.402688574e-12	1.342704686e-12	1.646844101e-12	1.430043036e-12	2.133497309e-12	1.847594201e-12	2.114884218e-12	1.478422002e-12	1.066070445e-12	2.165976023e-12	1.659428661e-12	2.225206345e-12	1.353028546e-12	1.946838902e-12	1.542324436e-12	1.695825920e-12	2.099888246e-12	1.531774506e-12	1.164787649e-12	1.526499541e-12	1.443004379e-12	1.190182838e-12	1.202164544e-12	1.181516824e-12	1.556340772e-12	1.238561803e-12	1.401181441e-12	1.567493555e-12	1.396207903e-12	1.340519343e-12	1.419643819e-12	1.412560295e-12	1.429289470e-12	1.576385639e-12	1.242706419e-12	1.118744739e-12	1.683618144e-12	1.281590447e-12	1.644206619e-12	2.105087855e-12	3.021273934e-12	2.722089971e-10	2.113727494e-10	9.906052872e-11	1.464164525e-11	4.778214093e-12	2.941621961e-12	2.811254967e-12	7.106357614e-12	3.090602047e-12	3.117730439e-12	3.216447643e-12	6.840499373e-12	2.825723443e-12	2.803719303e-12	2.418722208e-12	2.171703128e-12	2.538765342e-12	2.900401877e-12	3.004092619e-12	2.744639694e-12	3.133253907e-12	3.248549573e-12	3.376731225e-12	3.059027613e-12	3.012758633e-12	3.169500453e-12	2.772144869e-12	2.771918799e-12	2.817358855e-12	2.595056755e-12	2.747804673e-12	2.815776366e-12	2.569962992e-12	2.983444899e-12	3.114565460e-12	3.027227109e-12	2.905526129e-12	2.795957568e-12	3.298058888e-12	2.757827106e-12	2.726780169e-12	3.142748845e-12	3.087512424e-12	2.587521090e-12	3.039434885e-12	2.895654408e-12	2.780283386e-12	3.461356736e-12	3.325639420e-12	2.838383359e-12	2.842226548e-12	3.648015144e-12	3.207329489e-12	3.878606475e-12	3.078620340e-12	3.455177491e-12	2.955487584e-12	2.828511638e-12	2.851118632e-12	3.323755504e-12	3.552312206e-12	3.886971062e-12	3.432721211e-12	3.677178165e-12	3.195197069e-12	3.555175758e-12	3.293386776e-12	3.746054138e-12	3.667683228e-12	3.564067842e-12	4.038061134e-12	3.168370104e-12	3.630532402e-12	3.588860178e-12	3.728496040e-12	3.769188627e-12	3.266861238e-12	3.386678302e-12	3.841380293e-12	4.270461024e-12	3.792172404e-12	3.578310248e-12	3.237170720e-12	3.158573740e-12	3.614330724e-12	3.601821521e-12	3.565499618e-12	3.898199202e-12	3.998875679e-12	3.572583143e-12	3.540556569e-12	4.041376826e-12	4.304597584e-12	4.147478981e-12	4.328787067e-12	4.012439875e-12	3.789158138e-12	3.965794112e-12	3.852608433e-12	3.912818391e-12	3.870618671e-12	3.267614804e-12	4.148533974e-12	3.153750915e-12	3.581625940e-12	3.675068179e-12	3.244706384e-12	3.732188515e-12	3.997669973e-12	3.794583817e-12	5.757850467e-12	3.777628572e-12	3.630381689e-12	3.817793663e-12	3.793604180e-12	4.222082059e-12	3.573713493e-12	4.357347235e-12	4.322607822e-12	3.930753273e-12	4.476486090e-12	3.360981686e-12	3.661277913e-12	3.725029634e-12	3.463165296e-12	3.256160594e-12	3.704005130e-12	3.990887875e-12	4.392915571e-12	4.656814539e-12	4.588767489e-12	4.389449166e-12	4.565859070e-12	4.656739182e-12	4.447172355e-12	4.612504832e-12	5.058239382e-12	4.760580638e-12	4.596152440e-12	4.919959940e-12	4.948294039e-12	4.377768886e-12	4.397210900e-12	4.354860466e-12	3.952229916e-12	4.374151767e-12	3.833392488e-12	4.277544549e-12	4.575881503e-12	4.124721275e-12	4.155918925e-12	4.034594728e-12	3.885765356e-12	3.940549636e-12	4.103319988e-12	3.987647539e-12	3.763913662e-12	4.092091848e-12	4.234817332e-12	4.503086985e-12	4.313414312e-12	4.203544324e-12	4.497133810e-12	4.521323293e-12	3.837235677e-12	4.388318816e-12
4.245367262e-12	4.642572133e-12	4.442123460e-12	3.935651454e-12	4.473547180e-12	4.141375093e-12	4.894489395e-12	4.591028189e-12	4.143183652e-12	4.688765756e-12	4.435642788e-12	4.448453418e-12	4.833073730e-12	4.750784274e-12	4.920562794e-12	4.473321110e-12	4.252902926e-12	4.169106338e-12	4.639633224e-12	4.328184214e-12	4.346194452e-12	4.856057506e-12	4.557795909e-12	4.976552780e-12	4.541895657e-12	4.999461200e-12	4.443555236e-12	4.476862873e-12	4.457420859e-12	5.404051022e-12	5.347382826e-12	5.024253536e-12	5.386191498e-12	5.019355354e-12	5.373682295e-12	5.250549538e-12	5.116037929e-12	5.633436647e-12	5.162909761e-12	5.665689291e-12	5.177604307e-12	5.652577235e-12	5.464713121e-12	5.128848558e-12	5.393199666e-12	4.591404972e-12	4.668193392e-12	4.338206648e-12	4.357724018e-12	4.623959042e-12	5.058088669e-12	5.235252140e-12	4.989589480e-12	4.990945899e-12	5.735695613e-12	5.747526607e-12	5.663051808e-12	5.096520558e-12	4.978059913e-12	4.572791881e-12	5.540220478e-12	5.693043753e-12	6.126796597e-12	5.789048117e-12	6.268316374e-12	5.931773602e-12	5.557175723e-12	5.676013151e-12	5.374812645e-12	5.589126941e-12	5.592141206e-12	5.536377290e-12	5.457704953e-12	5.602992563e-12	5.493650072e-12	5.167355803e-12	5.067960390e-12	5.110235467e-12	6.137045100e-12	6.070429827e-12	6.571551510e-12	6.701089582e-12	6.127098023e-12	6.332595592e-12	1.009922209e-11	2.626173020e-10	1.950088280e-10	1.036566058e-10	2.139405270e-11	8.597514889e-12	6.111499198e-12	5.829288565e-12	5.675334941e-12	6.304035424e-12	5.607287892e-12	6.221821325e-12	5.667121067e-12	6.075855505e-12	6.125741604e-12	6.344878725e-12	6.098688568e-12	5.730646718e-12	5.943755308e-12	6.126043030e-12	6.119863785e-12	5.837803866e-12	5.767948257e-12	5.825596090e-12	5.960258413e-12	4.923727773e-12	5.678650634e-12	4.905340751e-12	4.752140694e-12	4.245065835e-12	4.410699739e-12	4.210477136e-12	4.262247150e-12	4.301809388e-12	4.621472273e-12	4.862990317e-12	4.634810399e-12	4.627952944e-12	5.075948194e-12	4.506327321e-12	5.242787804e-12	5.206767328e-12	5.148591999e-12	5.200738797e-12	5.103302656e-12	5.156805873e-12	5.139925985e-12	5.271197259e-12	4.931188080e-12	4.851460751e-12	5.456800673e-12	5.221687944e-12	5.776388201e-12	5.993867476e-12	5.478201960e-12	5.495835415e-12	5.236608559e-12	4.829531967e-12	5.069919662e-12	5.275266518e-12	5.178960726e-12	5.332160784e-12	5.314376616e-12	5.206767328e-12	5.179714293e-12	5.479859806e-12	5.056581536e-12	5.397193568e-12	4.960501815e-12	5.469611303e-12	5.811579754e-12	5.633738074e-12	5.813237600e-12	5.402091750e-12	5.141960614e-12	5.530800898e-12	5.094184502e-12	5.281747189e-12	5.097349481e-12	5.311136280e-12	5.165773314e-12	5.127266068e-12	5.438715079e-12	4.869395632e-12	4.696678204e-12	5.016190375e-12	5.022444976e-12	5.238417119e-12	5.366900197e-12	5.319651581e-12	5.303902042e-12	5.400659973e-12	5.427185512e-12	5.268861203e-12	4.916041395e-12	4.304145444e-12	4.089680435e-12	4.259609668e-12	4.285683067e-12	4.458023712e-12	4.126605191e-12	4.614464105e-12	3.897973132e-12	4.101963568e-12	4.959296109e-12	5.347533539e-12	5.417389148e-12	5.194258125e-12	5.131862824e-12	5.434645820e-12	5.689501991e-12	5.197498461e-12	4.897955800e-12	5.298476364e-12	5.561621765e-12	5.276472224e-12	5.405106015e-12	5.559888563e-12	5.585660535e-12	5.255975217e-12	5.670059976e-12	5.201115580e-12	5.346855330e-12	5.526882352e-12	5.978720791e-12	5.559813206e-12	5.674355305e-12	4.747920722e-12	4.877232723e-12	4.331047766e-12	4.763519547e-12	4.680928665e-12	5.327564029e-12	5.728084592e-12	6.153096065e-12	6.277509885e-12	5.969828707e-12	6.300192235e-12	6.327697410e-12	6.471930027e-12	6.956397892e-12	6.592651371e-12	6.420461439e-12	6.440581663e-12	6.491522754e-12	6.399436935e-12	6.624677945e-12	6.894454731e-12	6.569742951e-12	6.595816350e-12	7.234087126e-12	6.211271395e-12	6.035313631e-12	5.615275696e-12	6.097106079e-12	5.674581375e-12	5.855286608e-12	5.840215279e-12	5.950386693e-12	5.747300537e-12	5.770133600e-12	5.793720229e-12	6.031997938e-12	5.627031333e-12	6.125063394e-12	5.609548591e-12	5.522059527e-12
1.247619672e-11	1.211011414e-11	1.207251118e-11	1.288854828e-11	1.304295404e-11	1.293120014e-11	1.267754967e-11	1.294054436e-11	1.239752438e-11	1.262419717e-11	1.246451644e-11	1.202887968e-11	1.183408276e-11	1.211139521e-11	1.133107716e-11	1.152436695e-11	1.195503017e-11	1.191757792e-11	1.179761014e-11	1.186128650e-11	1.197499968e-11	1.159429791e-11	1.169753652e-11	1.167530631e-11	1.150379458e-11	1.213370077e-11	1.206301624e-11	1.201109551e-11	1.296006173e-11	1.254228450e-11	1.256150044e-11	1.297166666e-11	1.312931275e-11	1.310866503e-11	1.265727874e-11	1.286752377e-11	1.242698883e-11	1.231900276e-11	1.237702738e-11	1.203091431e-11	1.277995935e-11	1.252095857e-11	1.237612310e-11	1.280814274e-11	1.266993865e-11	1.303564445e-11	1.301650386e-11	1.275057026e-11	1.306895208e-11	1.265607303e-11	1.254356556e-11	1.277069049e-11	1.293828366e-11	1.310617827e-11	1.289864607e-11	1.330941513e-11	1.331891007e-11	1.323737418e-11	1.301115354e-11	1.314136982e-11	1.328982241e-11	1.353005939e-11	1.307354884e-11	1.320173049e-11	1.356675807e-11	1.333277569e-11	1.363171550e-11	1.423878863e-11	1.432650376e-11	1.398506281e-11	1.394097917e-11	1.546551944e-11	1.437427987e-11	1.423660328e-11	1.493628973e-11	1.469296312e-11	1.484277213e-11	1.441271176e-11	1.464571451e-11	1.570055681e-11	1.566498847e-11	1.650838004e-11	1.754295140e-11	2.074832162e-11	3.049002919e-10	2.469915744e-10	1.774079274e-10	1.216712144e-10	3.842721641e-11	2.110536140e-11	1.667800784e-11	1.495603317e-11	1.472732575e-11	1.433366264e-11	1.425438745e-11	1.386509503e-11	1.366547528e-11	1.381520893e-11	1.371490924e-11	1.453230276e-11	1.425325710e-11	1.439688687e-11	1.363932652e-11	1.349742996e-11	1.328153318e-11	1.293707796e-11	1.319080378e-11	1.338801211e-11	1.361528775e-11	1.356321631e-11	1.313104596e-11	1.360518996e-11	1.339471886e-11	1.480072312e-11	1.293602296e-11	1.334897737e-11	1.344980456e-11	1.343865178e-11	1.247890956e-11	1.333872887e-11	1.347150728e-11	1.344550923e-11	1.367052417e-11	1.318500131e-11	1.372056099e-11	1.377444099e-11	1.342991041e-11	1.298824512e-11	1.386245755e-11	1.376569961e-11	1.357459517e-11	1.365530213e-11	1.328650671e-11	1.428844866e-11	1.399508524e-11	1.416184949e-11	1.346186163e-11	1.303835729e-11	1.383864485e-11	1.386517039e-11	1.439108440e-11	1.446531070e-11	1.451127825e-11	1.369350795e-11	1.304596831e-11	1.313790341e-11	1.251477932e-11	1.386923964e-11	1.274732993e-11	1.277671902e-11	1.319735980e-11	1.348379041e-11	1.302599880e-11	1.337196115e-11	1.259910341e-11	1.373284412e-11	1.336171265e-11	1.350360921e-11	1.351589234e-11	1.359697609e-11	1.302426559e-11	1.297211880e-11	1.329788557e-11	1.339110174e-11	1.341401016e-11	1.342659472e-11	1.328718492e-11	1.316797071e-11	1.331619723e-11	1.361762381e-11	1.373103556e-11	1.383186275e-11	1.372802129e-11	1.423720614e-11	1.419289643e-11	1.424737928e-11	1.478941963e-11	1.455732116e-11	1.455234762e-11	1.449176088e-11	1.413261112e-11	1.425958706e-11	1.362410448e-11	1.419711640e-11	1.401339690e-11	1.414074963e-11	1.366773598e-11	1.356088026e-11	1.322765318e-11	1.347798795e-11	1.300188467e-11	1.313488915e-11	1.322019287e-11	1.282117944e-11	1.283632612e-11	1.276714872e-11	1.245698078e-11	1.251915001e-11	1.254379163e-11	1.229149759e-11	1.213988002e-11	1.224764002e-11	1.179384231e-11	1.229202508e-11	1.221968270e-11	1.209232997e-11	1.200077165e-11	1.175314972e-11	1.240980752e-11	1.237318419e-11	1.243580556e-11	1.226813703e-11	1.236715566e-11	1.177515386e-11	1.186219078e-11	1.131675939e-11	1.198773495e-11	1.169045299e-11	1.191170010e-11	1.187093215e-11	1.184840052e-11	1.144433819e-11	1.199949059e-11	1.175578720e-11	1.168419839e-11	1.163009232e-11	1.145134636e-11	1.152926513e-11	1.176422715e-11	1.132730932e-11	1.164810256e-11	1.102377276e-11	1.158329584e-11	1.165164432e-11	1.112972420e-11	1.117508890e-11	1.134562099e-11	1.096130210e-11	1.075068028e-11	1.118111743e-11	1.073093684e-11	1.107900918e-11	1.127493646e-11	1.083289438e-11	1.120877332e-11	1.044865085e-11	1.088715116e-11	1.104208443e-11	1.040290937e-11	9.877146063e-12	1.038271379e-11
2.092646473e-11	2.054990758e-11	2.065367367e-11	2.082955608e-11	2.111696632e-11	2.073837454e-11	2.074055988e-11	2.068185706e-11	2.051629851e-11	2.071004044e-11	2.089669885e-11	2.106738165e-11	2.137461069e-11	2.142442143e-11	2.157528543e-11	2.179924538e-11	2.163971536e-11	2.214980449e-11	2.146270261e-11	2.259546368e-11	2.264354122e-11	2.237481943e-11	2.214468024e-11	2.201333360e-11	2.196246787e-11	2.154664991e-11	2.191401355e-11	2.243992757e-11	2.200768186e-11	2.238092331e-11	2.191476711e-11	2.176330026e-11	2.187708879e-11	2.243857115e-11	2.169510250e-11	2.163594753e-11	2.179110686e-11	2.147739715e-11	2.187904806e-11	2.189200941e-11	2.191567139e-11	2.195493221e-11	2.241234704e-11	2.213850099e-11	2.213254782e-11	2.182403771e-11	2.164499033e-11	2.221152158e-11	2.278460886e-11	2.210398765e-11	2.202644566e-11	2.189065299e-11	2.209961696e-11	2.167023480e-11	2.096595161e-11	2.159653601e-11	2.129654121e-11	2.122223955e-11	2.159193925e-11	2.106564845e-11	2.147498574e-11	2.155335665e-11	2.169178680e-11	2.176646524e-11	2.193511341e-11	2.223744426e-11	2.219079850e-11	2.189773651e-11	2.148229533e-11	2.128712162e-11	2.247979123e-11	2.273600382e-11	2.291113266e-11	2.348150710e-11	2.325445753e-11	2.333177345e-11	2.321670386e-11	2.372980725e-11	2.402430101e-11	2.503762180e-11	2.642019015e-11	2.852512730e-11	5.960710553e-11	3.317059312e-10	2.896682273e-10	2.295762771e-10	1.702263638e-10	9.905450019e-11	4.971330565e-11	2.991116205e-11	2.638319004e-11	2.440131030e-11	2.341662503e-11	2.311549988e-11	2.350411410e-11	2.252048382e-11	2.311323918e-11	2.255266111e-11	2.257926200e-11	2.222591470e-11	2.267918491e-11	2.188078127e-11	2.279417915e-11	2.264421943e-11	2.286855616e-11	2.282236254e-11	2.261354928e-11	2.298257076e-11	2.295596987e-11	2.303645076e-11	2.318836976e-11	2.277488785e-11	2.274753339e-11	2.299583353e-11	2.311120455e-11	2.298151577e-11	2.315280142e-11	2.290751554e-11	2.277119537e-11	2.314760181e-11	2.247896231e-11	2.292680685e-11	2.330773468e-11	2.253050625e-11	2.251415386e-11	2.269094055e-11	2.199562479e-11	2.197158602e-11	2.154318350e-11	2.136933572e-11	2.157023654e-11	2.124484655e-11	2.122804202e-11	2.089240352e-11	2.122947379e-11	2.106414131e-11	2.111530848e-11	2.127551670e-11	2.112638590e-11	2.127860632e-11	2.124597690e-11	2.119548795e-11	2.153165394e-11	2.181341243e-11	2.174822893e-11	2.166820017e-11	2.153112644e-11	2.146616901e-11	2.184604185e-11	2.130023368e-11	2.144032168e-11	2.178198871e-11	2.154815704e-11	2.168877254e-11	2.179374434e-11	2.174114541e-11	2.208017495e-11	2.242832264e-11	2.284790844e-11	2.306071560e-11	2.333320523e-11	2.285152556e-11	2.270586116e-11	2.273570240e-11	2.353900422e-11	2.368383969e-11	2.382731874e-11	2.313207834e-11	2.365151169e-11	2.321617636e-11	2.385949603e-11	2.329032730e-11	2.366387018e-11	2.380101927e-11	2.361699835e-11	2.329266335e-11	2.370554241e-11	2.359175387e-11	2.380667102e-11	2.349725664e-11	2.359077424e-11	2.335325009e-11	2.364872350e-11	2.375090711e-11	2.333026632e-11	2.360946268e-11	2.357924467e-11	2.336771857e-11	2.319002760e-11	2.319537792e-11	2.314308041e-11	2.376447130e-11	2.398586912e-11	2.422361933e-11	2.379476467e-11	2.396039858e-11	2.433801072e-11	2.415210588e-11	2.449030650e-11	2.374284394e-11	2.399777547e-11	2.421540546e-11	2.376537558e-11	2.396032322e-11	2.474546410e-11	2.482865783e-11	2.450206213e-11	2.500069705e-11	2.472248032e-11	2.521795025e-11	2.418277603e-11	2.471954141e-11	2.423974566e-11	2.463024379e-11	2.447485839e-11	2.480250907e-11	2.434916350e-11	2.453484227e-11	2.483883098e-11	2.439580927e-11	2.428284966e-11	2.495209201e-11	2.409430733e-11	2.432000048e-11	2.444652429e-11	2.490785766e-11	2.508698041e-11	2.525728642e-11	2.624800022e-11	2.610331547e-11	2.635440380e-11	2.586345527e-11	2.558614282e-11	2.558162142e-11	2.569533459e-11	2.566722657e-11	2.554303882e-11	2.526851456e-11	2.531553711e-11	2.520333107e-11	2.532563490e-11	2.577566478e-11	2.499986813e-11	2.494455635e-11	2.443100082e-11	2.436687231e-11	2.470778577e-11	2.460025184e-11	2.447448160e-11	2.434170320e-11	2.437659332e-11
4.025747858e-11	3.976577648e-11	4.079823786e-11	4.037917956e-11	3.991219444e-11	4.084051294e-11	4.094525867e-11	4.056930438e-11	4.110689867e-11	4.077465123e-11	4.068181185e-11	4.130998483e-11	4.145112783e-11	4.146032134e-11	4.091308139e-11	4.156860883e-11	4.075875098e-11	4.012613195e-11	4.012507696e-11	4.008950862e-11	4.082363305e-11	4.108406561e-11	4.147946192e-11	4.136883837e-11	4.099944010e-11	4.098708161e-11	4.101925890e-11	4.062190331e-11	4.076319702e-11	4.092634416e-11	4.039809408e-11	4.001731696e-11	4.003110722e-11	4.024670258e-11	3.992040831e-11	4.036184753e-11	4.089981862e-11	4.065686880e-11	4.086937453e-11	4.061610085e-11	4.101963568e-11	4.147561873e-11	4.187342646e-11	4.184855877e-11	4.240152582e-11	4.167403278e-11	4.239496979e-11	4.196649191e-11	4.202572224e-11	4.246301684e-11	4.234463155e-11	4.242978456e-11	4.285253534e-11	4.274997494e-11	4.264492778e-11	4.377768886e-11	4.405673451e-11	4.374935476e-11	4.379065020e-11	4.380918793e-11	4.303241165e-11	4.291342351e-11	4.321145903e-11	4.295080040e-11	4.346141702e-11	4.377934670e-11	4.405447381e-11	4.436238106e-11	4.469086067e-11	4.469628635e-11	4.500238504e-11	4.479146179e-11	4.443479879e-11	4.621660665e-11	4.548527041e-11	4.669067529e-11	4.819275928e-11	4.971518956e-11	5.261837964e-11	5.558539679e-11	1.441834844e-10	3.450124075e-10	3.454331990e-10	3.058992195e-10	2.596328775e-10	2.061680920e-10	1.518688071e-10	1.081006885e-10	7.218088910e-11	5.512888624e-11	4.966183706e-11	4.685826847e-11	4.603612748e-11	4.488241726e-11	4.416148025e-11	4.368515090e-11	4.311439968e-11	4.327724538e-11	4.256776258e-11	4.229783508e-11	4.155225644e-11	4.264553064e-11	4.205676917e-11	4.211012168e-11	4.213069404e-11	4.269579352e-11	4.190379519e-11	4.129966097e-11	4.214742322e-11	4.162482489e-11	4.175428760e-11	4.278275508e-11	4.232330562e-11	4.300234435e-11	4.342524583e-11	4.318583777e-11	4.320512907e-11	4.300972930e-11	4.289006295e-11	4.308455844e-11	4.265005203e-11	4.189105991e-11	4.153123194e-11	4.276647805e-11	4.269503995e-11	4.227048062e-11	4.173838735e-11	4.113334886e-11	4.166009180e-11	4.153492441e-11	4.120667087e-11	4.179083558e-11	4.235555827e-11	4.213589365e-11	4.181939575e-11	4.222180023e-11	4.159784721e-11	4.096982494e-11	4.141216844e-11	4.195375664e-11	4.134035356e-11	4.155926461e-11	4.159551116e-11	4.227319346e-11	4.131593801e-11	4.126559977e-11	4.150432962e-11	4.141457985e-11	4.131902763e-11	4.139106858e-11	4.226633600e-11	4.180198836e-11	4.096485140e-11	4.212707692e-11	4.152211378e-11	4.200341667e-11	4.251915754e-11	4.333783212e-11	4.227281667e-11	4.196988296e-11	4.191072800e-11	4.196279944e-11	4.247318999e-11	4.295343788e-11	4.273837002e-11	4.293625657e-11	4.262412935e-11	4.220303642e-11	4.328199285e-11	4.252804963e-11	4.215714422e-11	4.258147749e-11	4.265932090e-11	4.232119564e-11	4.230906322e-11	4.179309628e-11	4.126974438e-11	4.169611228e-11	4.148398332e-11	4.104563372e-11	4.095814466e-11	4.146529487e-11	4.210733348e-11	4.227733807e-11	4.108730595e-11	4.115994975e-11	4.195413342e-11	4.173115311e-11	4.198721499e-11	4.176958500e-11	4.056342656e-11	4.093606516e-11	4.065528631e-11	4.096078214e-11	4.102445851e-11	4.068942287e-11	3.958311197e-11	4.072062052e-11	4.075219495e-11	4.101330572e-11	4.062740435e-11	4.021083282e-11	4.013931936e-11	4.087374522e-11	4.003103187e-11	3.966366823e-11	3.942365731e-11	3.988566890e-11	3.976276221e-11	3.982093754e-11	4.049251595e-11	4.075588743e-11	4.029153978e-11	4.012937229e-11	3.976411863e-11	3.942704836e-11	3.976268686e-11	3.977331214e-11	3.948356585e-11	3.930301133e-11	3.972598817e-11	4.051678079e-11	3.992395007e-11	3.942998727e-11	3.990669340e-11	4.016772882e-11	3.989697240e-11	3.959554582e-11	3.928281575e-11	3.929517424e-11	3.952614235e-11	3.913006783e-11	3.937467550e-11	3.920994587e-11	3.936691376e-11	3.937565513e-11	4.039734051e-11	3.981031226e-11	3.962727097e-11	4.029071086e-11	4.041896787e-11	3.996750622e-11	4.070999523e-11	4.092777593e-11	4.011113598e-11	4.084503434e-11	4.016132350e-11	4.009757178e-11	4.053923707e-11	4.028438090e-11	4.063599501e-11
6.734118399e-11	6.806965667e-11	6.971273294e-11	6.974408130e-11	7.083290945e-11	7.161729676e-11	7.167343746e-11	7.092183029e-11	7.115294912e-11	7.189227316e-11	7.323942388e-11	7.162332529e-11	7.397445259e-11	7.352758769e-11	7.373994271e-11	7.464881920e-11	7.422629450e-11	7.376737253e-11	7.320506125e-11	7.349684218e-11	7.374129913e-11	7.381009975e-11	7.440549260e-11	7.365011759e-11	7.409524929e-11	7.465047705e-11	7.459200029e-11	7.484949394e-11	7.575761686e-11	7.667500865e-11	7.560464287e-11	7.637523992e-11	7.655466409e-11	7.753678723e-11	7.585588193e-11	7.621962845e-11	7.709738264e-11	7.749074432e-11	7.697266739e-11	7.701976529e-11	7.805237739e-11	7.860082305e-11	7.984217304e-11	7.960615603e-11	7.972009528e-11	8.025972421e-11	7.947420655e-11	7.934557276e-11	8.035361859e-11	8.065195554e-11	8.054977193e-11	7.996425081e-11	8.060131588e-11	8.076981333e-11	8.040297719e-11	8.033997904e-11	8.042483062e-11	7.748569543e-11	7.926818149e-11	7.800603305e-11	7.931603295e-11	7.989575162e-11	8.000720410e-11	8.031661848e-11	8.094072220e-11	8.061035868e-11	8.110304041e-11	8.183731556e-11	8.347956290e-11	8.302870410e-11	8.349727171e-11	8.539316952e-11	8.642434984e-11	8.791603461e-11	2.222120491e-10	2.067166884e-10	1.929042677e-10	1.787286279e-10	1.687101881e-10	1.583594256e-10	1.468109445e-10	1.372515020e-10	1.278650785e-10	1.193216696e-10	2.342220142e-10	1.935704958e-10	1.553580458e-10	1.234084865e-10	1.009711964e-10	8.857781666e-11	8.271069906e-11	7.966772241e-11	7.742525940e-11	7.533049540e-11	7.464241388e-11	7.229339657e-11	7.276105991e-11	7.223853694e-11	7.074948965e-11	7.044866592e-11	6.964920729e-11	6.919978026e-11	6.963074491e-11	7.014324544e-11	7.089138621e-11	6.902977567e-11	6.843031357e-11	6.793152794e-11	6.746853672e-11	6.709363741e-11	6.648294717e-11	6.669108222e-11	6.725550348e-11	6.763801381e-11	6.715098382e-11	6.635416266e-11	6.733809437e-11	6.672936339e-11	6.756627428e-11	6.721692088e-11	6.695467976e-11	6.572802431e-11	6.556419896e-11	6.520286385e-11	6.545463040e-11	6.491010329e-11	6.614745939e-11	6.682220278e-11	6.689786085e-11	6.645544199e-11	6.606614957e-11	6.600006179e-11	6.645348272e-11	6.620254510e-11	6.638166784e-11	6.593781720e-11	6.653185363e-11	6.808774226e-11	6.690351260e-11	6.678068127e-11	6.993812466e-11	6.979788594e-11	6.956088930e-11	6.849474350e-11	6.836354758e-11	6.960369187e-11	7.038084494e-11	6.992403297e-11	6.920294524e-11	6.867620230e-11	6.846686154e-11	6.831554540e-11	6.904831341e-11	6.803574618e-11	6.857386797e-11	6.822021924e-11	6.749016407e-11	6.791562769e-11	6.766521756e-11	6.843370462e-11	6.904853948e-11	6.910731766e-11	6.863453007e-11	6.916202658e-11	6.901704040e-11	6.989667851e-11	7.018536981e-11	7.061874587e-11	7.097842313e-11	7.088709088e-11	7.178119746e-11	7.128949536e-11	7.153139019e-11	7.181940328e-11	7.199588854e-11	7.227244743e-11	7.202354443e-11	7.196582124e-11	7.221351853e-11	7.211141028e-11	7.294176514e-11	7.320860302e-11	7.266965230e-11	7.328915927e-11	7.341425130e-11	7.315856620e-11	7.265473168e-11	7.310031552e-11	7.302277353e-11	7.288027412e-11	7.342088268e-11	7.353331480e-11	7.367882848e-11	7.355351038e-11	7.371032755e-11	7.425598501e-11	7.419630255e-11	7.406691519e-11	7.430225399e-11	7.480616387e-11	7.511052936e-11	7.589054598e-11	7.555000931e-11	7.562016634e-11	7.657847679e-11	7.668699035e-11	7.640477972e-11	7.660560518e-11	7.706701391e-11	7.709451909e-11	7.851906109e-11	7.841830925e-11	7.821914164e-11	7.807603938e-11	7.809178891e-11	7.809683781e-11	7.737740793e-11	7.726135870e-11	7.702021743e-11	7.751485845e-11	7.791349509e-11	7.749684821e-11	7.779315053e-11	7.708329095e-11	7.741290091e-11	7.757770589e-11	7.775803434e-11	7.721508972e-11	7.742616368e-11	7.736120625e-11	7.757431484e-11	7.741267484e-11	7.766451674e-11	7.777016676e-11	7.771055965e-11	7.814890925e-11	7.806021448e-11	7.851989001e-11	7.801409621e-11	7.793617744e-11	7.782133392e-11	7.799096172e-11	7.831770813e-11	7.861898400e-11	7.740747523e-11	7.814461392e-11	7.780038477e-11	7.842750276e-11	7.786963753e-11	7.865718982e-11	7.842335815e-11
1.231956794e-10	1.236791676e-10	1.238842130e-10	1.244897036e-10	1.243173630e-10	1.240380159e-10	1.250556320e-10	1.256479353e-10	1.248743993e-10	1.257677523e-10	1.251650499e-10	1.263963021e-10	1.260993969e-10	1.276062284e-10	1.272216834e-10	1.268723300e-10	1.273727735e-10	1.279185063e-10	1.281946884e-10	1.281390752e-10	1.266590707e-10	1.276142915e-10	1.295569105e-10	1.284538399e-10	1.292951215e-10	1.289291143e-10	1.286866919e-10	1.272696856e-10	1.297155362e-10	1.302232893e-10	1.298879522e-10	1.307652543e-10	1.305235855e-10	1.316708150e-10	1.330438885e-10	1.319494086e-10	1.318571720e-10	1.316550655e-10	1.321633461e-10	1.329481855e-10	1.328558736e-10	1.317836239e-10	1.337829864e-10	1.342885542e-10	1.332549624e-10	1.340089056e-10	1.323454077e-10	1.341825274e-10	1.344140983e-10	1.356822753e-10	1.343712957e-10	1.337728886e-10	1.357305789e-10	1.361460954e-10	1.374909101e-10	1.368283745e-10	1.371470577e-10	1.369851163e-10	1.370236236e-10	1.372420825e-10	1.383505033e-10	1.381956454e-10	1.375652118e-10	1.368509815e-10	1.403605665e-10	1.411200861e-10	1.415802891e-10	1.440612559e-10	1.822692598e-10	2.761149581e-10	2.606321820e-10	2.467682926e-10	2.335899981e-10	2.213839549e-10	2.133811547e-10	1.994430390e-10	1.880417295e-10	1.764267839e-10	1.660965183e-10	1.559774020e-10	1.470428169e-10	1.372163859e-10	1.292172027e-10	1.214782261e-10	1.139370606e-10	1.068937765e-10	1.002556097e-10	9.458223407e-11	8.906989555e-11	8.471586401e-11	8.018595006e-11	7.644177983e-11	7.259987204e-11	6.933549758e-11	6.651437089e-11	6.402255274e-11	6.104001212e-11	5.908397970e-11	5.708303473e-11	5.443161121e-11	5.383463587e-11	5.264852229e-11	5.099240933e-11	4.959574928e-11	4.867398681e-11	4.809750848e-11	4.718840593e-11	4.646385179e-11	4.586130007e-11	4.602655719e-11	4.632964161e-11	4.690943563e-11	4.823978183e-11	5.081584871e-11	5.872942669e-11	1.712984628e-10	1.798964298e-10	1.989979827e-10	2.127635316e-10	2.118453863e-10	1.935650701e-10	1.751914624e-10	1.615843885e-10	1.501659730e-10	1.416888027e-10	1.347947247e-10	1.280460098e-10	1.230338886e-10	1.178017261e-10	1.129985690e-10	1.098585330e-10	1.064716286e-10	1.029211250e-10	1.000978129e-10	9.665009574e-11	1.216097988e-10	1.261289367e-10	1.255328657e-10	1.257935997e-10	1.236924303e-10	1.238563311e-10	1.238937833e-10	1.239903152e-10	1.256120655e-10	1.240001115e-10	1.246389098e-10	1.249881125e-10	1.267254599e-10	1.250472675e-10	1.247216514e-10	1.236099902e-10	1.249563120e-10	1.238991336e-10	1.236304118e-10	1.234384785e-10	1.239120950e-10	1.244010089e-10	1.237239294e-10	1.241093787e-10	1.212408526e-10	1.207477941e-10	1.201471263e-10	1.202591063e-10	1.189703570e-10	1.187207004e-10	1.214061098e-10	1.231433065e-10	1.229170858e-10	1.227042033e-10	1.227852117e-10	1.244496893e-10	1.212526836e-10	1.216969111e-10	1.216724201e-10	1.235283036e-10	1.227455741e-10	1.219543294e-10	1.208244318e-10	1.234670386e-10	1.227541648e-10	1.205289584e-10	1.239547468e-10	1.240529365e-10	1.241378635e-10	1.235950696e-10	1.211854655e-10	1.227182950e-10	1.218902008e-10	1.217336097e-10	1.215110062e-10	1.208879575e-10	1.220473948e-10	1.218303677e-10	1.225094817e-10	1.231142188e-10	1.233080361e-10	1.226794110e-10	1.222917010e-10	1.229393160e-10	1.241021444e-10	1.235129308e-10	1.224646445e-10	1.232748792e-10	1.237638684e-10	1.245163799e-10	1.245929422e-10	1.238517343e-10	1.242493913e-10	1.254828289e-10	1.253894620e-10	1.259694821e-10	1.262153708e-10	1.265156670e-10	1.259790524e-10	1.256044545e-10	1.252064207e-10	1.266296816e-10	1.246380809e-10	1.258803352e-10	1.249287315e-10	1.258211802e-10	1.262220775e-10	1.261652586e-10	1.264261433e-10	1.280820302e-10	1.281752464e-10	1.277501596e-10	1.271965143e-10	1.282894871e-10	1.293029586e-10	1.292882640e-10	1.294918777e-10	1.287037979e-10	1.302253993e-10	1.298517057e-10	1.304837972e-10	1.296116194e-10	1.266962969e-10	1.290780944e-10	1.295752221e-10	1.287096757e-10	1.286395940e-10	1.274958309e-10	1.279778120e-10	1.270489660e-10	1.267418123e-10	1.252710013e-10	1.270292226e-10	1.244592596e-10	1.267332970e-10	1.264969032e-10
1.719408782e-10	1.716241542e-10	1.731061180e-10	1.735062618e-10	1.730549508e-10	1.740994693e-10	1.744015740e-10	1.763743356e-10	1.759389249e-10	1.757988369e-10	1.754922108e-10	1.748562760e-10	1.734870458e-10	1.765175886e-10	1.773071755e-10	1.774237523e-10	1.801622127e-10	1.803687653e-10	1.799450349e-10	1.804932544e-10	1.833455788e-10	1.822474064e-10	1.811683746e-10	1.828410661e-10	1.828008256e-10	1.821273633e-10	1.833858192e-10	1.846914485e-10	1.844055453e-10	1.845379470e-10	1.839851306e-10	1.840910067e-10	1.845806742e-10	1.849116406e-10	1.819162893e-10	1.840500881e-10	1.843877612e-10	1.836590624e-10	1.841271779e-10	1.847682369e-10	1.840748050e-10	1.849649177e-10	1.862771783e-10	1.871046696e-10	1.869980400e-10	1.848870743e-10	1.883614677e-10	1.900016051e-10	1.933358352e-10	1.924977186e-10	1.930305654e-10	1.958825130e-10	1.973239349e-10	1.975310903e-10	2.003247118e-10	1.987994179e-10	2.071890992e-10	2.106883603e-10	2.241432892e-10	2.292360419e-10	2.585301084e-10	2.790555250e-10	3.105781889e-10	3.260994723e-10	3.182887561e-10	3.051999099e-10	3.010097790e-10	2.793537113e-10	2.679362754e-10	2.561820707e-10	2.439683412e-10	2.357472327e-10	2.256469556e-10	2.108263384e-10	2.015748031e-10	1.904692684e-10	1.827799518e-10	1.734248012e-10	1.628888874e-10	1.542848165e-10	1.461062845e-10	1.369848902e-10	1.289120837e-10	1.216316522e-10	1.143321555e-10	1.064764514e-10	1.013245437e-10	9.565855302e-11	9.017258932e-11	8.610287840e-11	8.135360126e-11	7.785976581e-11	7.413842865e-11	7.102642531e-11	6.787614081e-11	6.549238408e-11	6.282076498e-11	6.058674190e-11	5.939866905e-11	5.759334993e-11	5.574002862e-11	5.436748270e-11	5.313419587e-11	5.170950315e-11	5.081494443e-11	5.003718850e-11	4.934759985e-11	4.874874060e-11	4.878566536e-11	4.905483929e-11	4.902439521e-11	4.981978459e-11	5.091170236e-11	5.339839626e-11	5.755672660e-11	1.545980740e-10	2.037163636e-10	2.167263115e-10	2.169033242e-10	1.973907008e-10	1.790974233e-10	1.635440380e-10	1.534409728e-10	1.438841678e-10	1.366142863e-10	1.302171100e-10	1.235893425e-10	1.194633401e-10	1.152976248e-10	1.104411152e-10	1.076198378e-10	1.042954794e-10	1.017539259e-10	9.823710667e-11	2.000100224e-10	1.978046349e-10	1.966169388e-10	1.976764532e-10	1.975018519e-10	1.969481313e-10	1.947645218e-10	1.956983413e-10	1.949902149e-10	1.966187474e-10	1.982987484e-10	1.960782142e-10	1.977909200e-10	2.032824601e-10	2.014849027e-10	2.038743865e-10	2.041742306e-10	2.012567228e-10	2.020988333e-10	2.011934985e-10	2.022953634e-10	2.078655758e-10	2.019394540e-10	2.039368572e-10	2.046816822e-10	2.034397294e-10	1.987076336e-10	2.005914743e-10	2.016151190e-10	2.026039488e-10	2.024022945e-10	2.040791305e-10	2.037064919e-10	2.008027743e-10	2.025834518e-10	2.011005838e-10	1.999211016e-10	1.982415527e-10	2.000519207e-10	1.995248764e-10	1.968627522e-10	1.979016942e-10	1.997273597e-10	1.994450737e-10	1.988527704e-10	1.993589410e-10	1.931515128e-10	1.904627878e-10	1.891491707e-10	1.895175894e-10	1.898233866e-10	1.918534193e-10	1.938083967e-10	1.908985752e-10	1.926203238e-10	1.902895428e-10	1.925459468e-10	1.928029130e-10	1.928588276e-10	1.952312808e-10	1.975280006e-10	2.004287039e-10	1.957620177e-10	1.939077921e-10	1.952835030e-10	1.960031590e-10	1.955545608e-10	1.955986445e-10	2.011176897e-10	2.011568752e-10	1.993699431e-10	1.983910603e-10	1.999127370e-10	1.991656512e-10	1.990006955e-10	1.980231692e-10	1.958836433e-10	2.018681666e-10	1.992573603e-10	2.015579986e-10	2.005692441e-10	2.028095218e-10	2.006991589e-10	2.032849468e-10	2.051889078e-10	2.028395891e-10	2.021694424e-10	2.024247507e-10	1.997186936e-10	1.982815671e-10	2.000125092e-10	2.018091623e-10	2.033676884e-10	2.001018822e-10	2.003774614e-10	1.998943500e-10	2.006745173e-10	2.031194636e-10	2.007934301e-10	2.034875055e-10	2.028778702e-10	2.034113199e-10	2.018698244e-10	2.034242813e-10	2.050210886e-10	2.041473283e-10	1.992981282e-10	2.028810352e-10	2.034515604e-10	2.016331292e-10	1.978992075e-10	1.970485063e-10	1.983168340e-10	2.001375259e-10	1.994231449e-10	1.974423201e-10	2.007561286e-10
3.113836761e-10	3.159694293e-10	3.166327939e-10	3.182091041e-10	3.164346812e-10	3.140403746e-10	3.144841499e-10	3.194668065e-10	3.247921852e-10	3.276669658e-10	3.320489547e-10	3.315038247e-10	3.360846044e-10	3.392244897e-10	3.391787482e-10	3.409032097e-10	3.466970053e-10	3.415982994e-10	3.403280124e-10	3.324741922e-10	3.439764043e-10	3.468360383e-10	3.462468247e-10	3.541796186e-10	3.554756775e-10	3.605970658e-10	3.725655848e-10	3.783561400e-10	3.814676159e-10	3.831712789e-10	3.899703321e-10	3.915711333e-10	3.934943856e-10	4.040863647e-10	4.111827753e-10	4.089528215e-10	4.042804081e-10	4.170565243e-10	4.146072826e-10	4.284923472e-10	4.349684218e-10	4.422318980e-10	4.384339985e-10	4.455155638e-10	4.477082161e-10	4.406033656e-10	3.555275982e-10	4.367571625e-10	4.268066944e-10	4.247252685e-10	4.194035823e-10	4.073434296e-10	3.893471326e-10	3.727029599e-10	3.659754955e-10	3.519818421e-10	3.454142091e-10	3.350269739e-10	3.205596286e-10	3.086107777e-10	2.932958962e-10	2.873171754e-10	2.758425438e-10	2.725765115e-10	2.606356484e-10	2.574158097e-10	2.445047298e-10	2.399629848e-10	2.373275369e-10	2.241720000e-10	2.207237554e-10	2.112951320e-10	1.999855315e-10	1.930910768e-10	1.838518247e-10	1.783734720e-10	1.694092717e-10	1.619493407e-10	1.519033958e-10	1.431446177e-10	1.356883038e-10	1.282462324e-10	1.198869952e-10	1.144913087e-10	1.091718832e-10	1.006661527e-10	9.364366707e-11	8.754151209e-11	8.204175813e-11	8.063560315e-11	7.692338415e-11	7.078633905e-11	6.667563411e-11	6.264586220e-11	6.171535836e-11	6.011809893e-11	5.774082288e-11	5.503853362e-11	5.275914585e-11	5.074418454e-11	4.949477138e-11	4.681667160e-11	4.643589448e-11	4.522634498e-11	4.358417299e-11	4.294951934e-11	4.370934038e-11	4.210499743e-11	4.298651945e-11	4.287235413e-11	4.333135145e-11	4.271161841e-11	4.397474648e-11	4.578729984e-11	4.800436767e-11	5.399597445e-11	6.834862696e-11	9.455178998e-11	1.356456520e-10	1.752742793e-10	1.996147768e-10	2.033988107e-10	1.935729072e-10	1.751848310e-10	1.622152743e-10	1.564461204e-10	1.485638908e-10	1.404374302e-10	1.378398867e-10	1.295241303e-10	1.276797765e-10	1.216156012e-10	1.181641162e-10	3.057118829e-10	3.016729175e-10	3.015608622e-10	3.037523087e-10	3.028174342e-10	3.117153960e-10	3.079605252e-10	2.958761076e-10	3.002287828e-10	3.019420161e-10	2.991262397e-10	3.070462230e-10	3.053343461e-10	2.963922253e-10	2.951036267e-10	2.988935384e-10	2.995412288e-10	3.022708725e-10	2.972512910e-10	3.009664490e-10	3.026823197e-10	3.018093884e-10	3.003043655e-10	3.050418870e-10	3.007335969e-10	2.985447878e-10	3.017344085e-10	3.025694355e-10	2.999840244e-10	3.045585495e-10	3.010223636e-10	2.993460550e-10	2.955118336e-10	2.955170332e-10	3.004676633e-10	3.000790491e-10	3.027202241e-10	2.974123282e-10	2.975989112e-10	2.969016362e-10	3.025328122e-10	2.987750777e-10	2.963740644e-10	3.040684299e-10	3.049684896e-10	3.029701821e-10	3.018034352e-10	2.965120424e-10	2.932488736e-10	2.983291171e-10	2.990449299e-10	3.012116595e-10	3.025282908e-10	2.968557440e-10	2.956282596e-10	2.992979775e-10	2.995663225e-10	2.951431136e-10	2.933370409e-10	2.905456047e-10	2.921344242e-10	2.941224078e-10	2.883332090e-10	2.958843969e-10	2.918311891e-10	2.934272428e-10	2.964378914e-10	2.958102459e-10	2.977940096e-10	2.981083222e-10	2.956474002e-10	2.953353484e-10	2.960287802e-10	2.927035176e-10	2.962825060e-10	2.956303696e-10	2.929649298e-10	2.891226452e-10	2.902191597e-10	2.903838140e-10	2.910011356e-10	2.909943535e-10	2.936967181e-10	2.945030342e-10	2.918638185e-10	2.898662646e-10	2.891510547e-10	2.958457389e-10	2.959029346e-10	2.849212109e-10	2.866671489e-10	2.910005328e-10	2.919470876e-10	2.925904072e-10	2.926526518e-10	2.947921023e-10	2.937765208e-10	2.936154083e-10	3.031774129e-10	3.006612546e-10	2.951575067e-10	2.939248981e-10	3.009217625e-10	3.000676703e-10	2.186565719e-10	2.259645085e-10	2.235160204e-10	2.275549105e-10	2.249420696e-10	2.237558806e-10	2.222730880e-10	2.296627112e-10	2.197099071e-10	2.157384612e-10	2.221682669e-10	2.199828488e-10	2.172630015e-10	2.233847492e-10
3.985793012e-10	3.955370781e-10	3.959880123e-10	3.954654893e-10	3.949214897e-10	3.962400802e-10	3.940594097e-10	3.938043274e-10	3.922763961e-10	3.933390002e-10	3.915193633e-10	3.873362406e-10	3.879391691e-10	3.858730406e-10	3.820342225e-10	3.811867616e-10	3.795334369e-10	3.761455529e-10	3.731910449e-10	3.702140807e-10	3.677609205e-10	3.645804933e-10	3.627215203e-10	3.599524650e-10	3.537671917e-10	3.526265182e-10	3.477499636e-10	3.460532334e-10	3.365132330e-10	3.386054349e-10	3.391152226e-10	3.356011162e-10	3.331691312e-10	3.221544766e-10	3.207932342e-10	3.163576667e-10	3.187301200e-10	3.176657827e-10	3.258736284e-10	3.013741284e-10	2.938104313e-10	2.800530963e-10	2.713094649e-10	2.525064750e-10	2.469051403e-10	2.344266829e-10	2.354263641e-10	2.239439708e-10	2.241970184e-10	2.166188529e-10	2.100236394e-10	2.048939619e-10	1.985876658e-10	1.930475960e-10	1.887732164e-10	1.822679034e-10	1.788648727e-10	1.763557225e-10	1.703283967e-10	1.625463161e-10	1.580208482e-10	1.534476041e-10	1.468615088e-10	1.428693399e-10	1.381668592e-10	1.332218055e-10	1.291396607e-10	1.222009716e-10	1.173874906e-10	1.128162813e-10	1.073189387e-10	1.020865501e-10	9.678521020e-11	9.145041194e-11	8.643527656e-11	8.156512736e-11	7.605256277e-11	7.106915253e-11	6.738564441e-11	6.261873381e-11	5.800155687e-11	5.449144438e-11	5.027667192e-11	4.621517487e-11	4.400662234e-11	3.993336966e-11	3.755722395e-11	3.497226499e-11	3.226048079e-11	2.954643589e-11	2.785098676e-11	2.635319810e-11	2.467530706e-11	2.361488836e-11	2.213337674e-11	2.133007491e-11	1.968594365e-11	1.877533396e-11	1.777753664e-11	1.718598698e-11	1.622647083e-11	1.514706226e-11	1.453833129e-11	1.404858846e-11	1.322946174e-11	1.343043790e-11	1.251590967e-11	1.204771884e-11	1.144192678e-11	1.202239901e-11	1.227665233e-11	1.214485356e-11	1.344867421e-11	1.564479289e-11	1.885151953e-11	2.730344538e-11	3.768133634e-11	4.861731861e-11	6.085244943e-11	8.446356996e-11	7.841303429e-11	6.885833931e-11	6.345036974e-11	5.915737708e-11	5.625561878e-11	5.408278530e-11	5.158832967e-11	4.827504874e-11	4.758319939e-11	4.515694151e-11	4.334423744e-11	4.271440661e-11	4.110154835e-11	4.008860434e-11	5.052093295e-10	4.995126686e-10	5.069239945e-10	5.063558054e-10	5.117416955e-10	5.128629270e-10	5.088450615e-10	5.068160838e-10	5.177253898e-10	5.094715766e-10	5.102885180e-10	4.992500507e-10	5.116757584e-10	5.166167429e-10	6.046847719e-10	5.958235087e-10	5.985660384e-10	5.994712978e-10	6.001501858e-10	5.988251146e-10	6.024412538e-10	5.983493881e-10	6.040344440e-10	6.039363297e-10	5.980113382e-10	6.036612026e-10	6.048179270e-10	5.988471941e-10	6.025187958e-10	6.066403521e-10	6.076027318e-10	6.073878900e-10	6.097471559e-10	6.095423365e-10	6.089829641e-10	6.061569393e-10	5.999770916e-10	5.996293207e-10	6.071295675e-10	6.101411204e-10	6.130094957e-10	6.083262310e-10	6.113508960e-10	6.102714120e-10	6.049840131e-10	6.084513984e-10	6.115986686e-10	6.067090020e-10	6.104554330e-10	6.036066443e-10	6.102935669e-10	6.039923950e-10	6.086931425e-10	6.115986686e-10	6.106475170e-10	6.119303885e-10	6.149411126e-10	6.144441355e-10	6.092816025e-10	6.142463996e-10	6.120797454e-10	6.115053771e-10	6.127243461e-10	6.057565694e-10	6.102897990e-10	6.102900251e-10	6.097401477e-10	6.145222803e-10	6.120279754e-10	6.091935106e-10	6.099705883e-10	6.098444413e-10	6.092422663e-10	6.136733124e-10	6.158622722e-10	6.138814474e-10	6.158269299e-10	6.126666230e-10	6.159467470e-10	6.167594684e-10	6.170618746e-10	6.172883967e-10	6.162317458e-10	6.179414373e-10	6.178834127e-10	6.176675159e-10	6.158931684e-10	6.176146909e-10	6.201335621e-10	6.179345045e-10	6.162089127e-10	6.200736536e-10	6.164835877e-10	6.146778918e-10	6.134602791e-10	6.182283954e-10	5.437522183e-10	5.507382314e-10	5.409835398e-10	5.478911820e-10	5.392629216e-10	5.445487380e-10	5.452436017e-10	5.450708842e-10	5.588824760e-10	5.472737096e-10	5.473517038e-10	5.514645187e-10	5.515575842e-10	5.523617149e-10	5.515312847e-10	5.433973639e-10	5.429482383e-10	5.465049965e-10	5.512123000e-10	5.396098636e-10	5.481010502e-10
4.759708008e-10	4.674641660e-10	4.669303396e-10	4.644084541e-10	4.555589466e-10	4.591200002e-10	4.555334761e-10	4.556548756e-10	4.480562884e-10	4.460534595e-10	4.446679523e-10	4.429540407e-10	4.397806217e-10	4.354137042e-10	4.234155700e-10	4.178870298e-10	4.117920337e-10	4.062182796e-10	4.051004391e-10	3.989536730e-10	3.951918693e-10	3.860513345e-10	3.818809471e-10	3.715011722e-10	3.437222264e-10	3.258718199e-10	3.143570232e-10	3.040152281e-10	2.955824428e-10	2.879115132e-10	2.811984419e-10	2.726458396e-10	2.737042237e-10	2.666796280e-10	2.711247657e-10	2.619915405e-10	2.610348125e-10	2.602281950e-10	2.590618249e-10	2.563606659e-10	2.575456492e-10	2.554041641e-10	2.564665420e-10	2.580017076e-10	2.604855379e-10	2.550447129e-10	2.576133948e-10	2.610235844e-10	2.539947687e-10	2.477527518e-10	2.466603819e-10	2.465982127e-10	2.421699549e-10	2.414694395e-10	2.393256183e-10	2.324439742e-10	2.258379847e-10	2.221086598e-10	2.207807250e-10	2.106766047e-10	2.065362846e-10	1.973439044e-10	1.958458896e-10	1.905122971e-10	1.836972682e-10	1.745925278e-10	1.688532904e-10	1.619843062e-10	1.568880871e-10	1.490257516e-10	1.420851033e-10	1.352575652e-10	1.304312736e-10	1.251113206e-10	1.159087672e-10	1.114725969e-10	1.068141999e-10	9.917017263e-11	9.452277768e-11	8.901413163e-11	8.150054671e-11	7.579974123e-11	6.976525652e-11	6.663034476e-11	6.133631444e-11	5.712071305e-11	5.344323346e-11	5.020244562e-11	4.638171305e-11	4.388816170e-11	4.124510276e-11	3.874657787e-11	3.615950892e-11	3.401448204e-11	3.276175319e-11	3.088627703e-11	2.866393423e-11	2.755423229e-11	2.610934400e-11	2.503083971e-11	2.344714447e-11	2.265763291e-11	2.216510189e-11	2.054960615e-11	2.023695143e-11	1.952196759e-11	1.900057497e-11	1.921986281e-11	2.054892794e-11	2.063513594e-11	2.265378972e-11	2.799107476e-11	3.600336995e-11	5.423545786e-11	6.980474340e-11	8.572579375e-11	9.978033538e-11	1.061367437e-10	1.078184025e-10	1.051470849e-10	9.948252592e-11	9.963482170e-11	1.047892915e-10	1.053118898e-10	9.854795282e-11	9.369543708e-11	8.631071202e-11	7.815652027e-11	7.421755312e-11	7.048852959e-11	6.636524009e-11	6.404666686e-11	6.204120049e-11	6.052517552e-11	5.859303117e-11	5.666736748e-11	5.553453105e-11	3.449108267e-10	3.380759037e-10	3.338026545e-10	3.286554943e-10	3.318573981e-10	3.261284846e-10	3.321056982e-10	3.233311706e-10	3.214400203e-10	3.250822329e-10	3.225617793e-10	3.237290537e-10	3.164968505e-10	3.139601951e-10	3.135319433e-10	3.138598201e-10	3.164758260e-10	3.150377951e-10	3.117117789e-10	3.139274903e-10	3.042371534e-10	3.116808073e-10	3.084656408e-10	3.051083516e-10	3.117738728e-10	3.110102839e-10	3.046961507e-10	3.112516513e-10	3.097535612e-10	3.014020857e-10	3.041403955e-10	2.999149977e-10	2.986469715e-10	3.008401512e-10	3.002091147e-10	3.031938406e-10	3.036843370e-10	3.034449290e-10	3.091199625e-10	3.120803483e-10	3.164952680e-10	3.149209923e-10	3.142083445e-10	3.127490631e-10	3.181124216e-10	3.163315180e-10	3.152181989e-10	3.091839403e-10	3.160820121e-10	3.186176125e-10	3.205689728e-10	3.169174913e-10	3.234599551e-10	3.216065584e-10	3.260519222e-10	3.254244275e-10	3.260771667e-10	3.301577290e-10	3.249674648e-10	3.356681082e-10	3.380227019e-10	3.397330717e-10	3.459713961e-10	3.460088484e-10	3.515000117e-10	3.568661583e-10	3.565504140e-10	3.668683964e-10	3.713568642e-10	3.797035922e-10	3.739550106e-10	3.784622422e-10	3.749243231e-10	3.842088645e-10	3.992149345e-10	4.191004979e-10	3.962320171e-10	3.949156119e-10	4.004773843e-10	4.022840599e-10	3.989984348e-10	4.022213632e-10	4.062032082e-10	4.011136205e-10	4.049911720e-10	4.010678790e-10	3.943202944e-10	3.966748127e-10	3.916025570e-10	3.903679137e-10	3.902465895e-10	3.942611394e-10	4.010985492e-10	3.970208504e-10	3.920614036e-10	3.954935220e-10	4.064715532e-10	3.947283506e-10	3.965333683e-10	4.046721873e-10	4.070787771e-10	4.226852134e-10	4.166053640e-10	4.221824339e-10	4.122417622e-10	4.188766133e-10	4.107618331e-10	4.083151535e-10	4.115720677e-10	4.126133458e-10	4.147830897e-10	4.012161809e-10	4.131908791e-10	4.035428926e-10
2.030499848e-10	1.978613031e-10	2.001679700e-10	1.814735690e-10	1.653015057e-10	1.679565463e-10	1.559022715e-10	1.493524227e-10	1.505613693e-10	1.495509121e-10	1.461434353e-10	1.545498458e-10	1.543320651e-10	1.553585733e-10	1.562480831e-10	1.533295203e-10	1.539252899e-10	1.567617140e-10	1.506741782e-10	1.480758058e-10	1.515045331e-10	1.478712878e-10	1.530702934e-10	1.691186212e-10	1.670739693e-10	1.622849039e-10	1.664298961e-10	1.619600414e-10	1.648769464e-10	1.695569708e-10	1.905080771e-10	1.884409690e-10	1.998385107e-10	2.113884989e-10	2.498981555e-10	2.518660943e-10	2.491106786e-10	2.758565601e-10	3.056730742e-10	3.048354851e-10	3.095280941e-10	3.028389862e-10	3.239569322e-10	3.533011862e-10	3.834088784e-10	3.895478074e-10	3.865339184e-10	3.974901716e-10	3.943857039e-10	3.753323793e-10	3.818036311e-10	3.678673994e-10	3.549589570e-10	3.522732462e-10	3.428620303e-10	3.300201278e-10	3.188643302e-10	3.106300343e-10	3.026905336e-10	2.939469776e-10	2.848431414e-10	2.753667419e-10	2.634768953e-10	2.565688763e-10	2.454605534e-10	2.366896429e-10	2.283958153e-10	2.194445763e-10	2.103332045e-10	2.016414184e-10	1.928932656e-10	1.860725850e-10	1.774481678e-10	1.682956512e-10	1.598618110e-10	1.512801210e-10	1.437878620e-10	1.351142369e-10	1.275685501e-10	1.191772863e-10	1.125493680e-10	1.041180899e-10	9.926791020e-11	9.196306319e-11	8.525971291e-11	7.961836381e-11	7.519847056e-11	7.031196897e-11	6.565643550e-11	6.265822069e-11	5.760058416e-11	5.488593642e-11	5.128170348e-11	4.882778972e-11	4.603386678e-11	4.461384618e-11	4.155361286e-11	4.019606292e-11	3.889503046e-11	3.728217220e-11	3.538416440e-11	3.436014297e-11	3.377070330e-11	3.329934749e-11	3.342978984e-11	3.239665025e-11	3.216696320e-11	3.331773451e-11	3.523963036e-11	3.858207431e-11	4.714793941e-11	1.085792786e-10	1.506323553e-10	1.674360580e-10	1.472772514e-10	1.253936819e-10	1.080220162e-10	9.966195009e-11	9.895781761e-11	1.216648091e-10	1.433376814e-10	1.265772334e-10	1.132279546e-10	1.040542628e-10	9.678634055e-11	9.125991034e-11	8.752327578e-11	8.474864415e-11	8.087026374e-11	7.734530600e-11	7.532250760e-11	7.271833269e-11	6.931123274e-11	6.792210836e-11	6.568959242e-11	6.306446836e-11	7.507774922e-11	1.292873598e-10	1.270524324e-10	1.259692560e-10	1.334316738e-10	1.301945784e-10	1.294749978e-10	1.297080005e-10	1.300018915e-10	1.282255846e-10	1.333838976e-10	1.309589208e-10	1.353935840e-10	1.339051395e-10	1.357885282e-10	1.369773546e-10	1.345557688e-10	1.366570888e-10	1.389269063e-10	1.407278548e-10	1.476200488e-10	1.455056921e-10	1.422701792e-10	1.430602182e-10	1.427642173e-10	1.464033404e-10	1.389308249e-10	1.412798422e-10	1.444184464e-10	1.441902665e-10	1.387345962e-10	1.429514033e-10	1.437704546e-10	1.446053309e-10	1.467358893e-10	1.506503655e-10	1.449442851e-10	1.414638631e-10	1.473874228e-10	1.501472846e-10	1.495992910e-10	1.458579090e-10	1.452963513e-10	1.462997250e-10	1.479488298e-10	1.446595877e-10	1.458424609e-10	1.446582312e-10	1.454772826e-10	1.424084586e-10	1.433718933e-10	1.380918040e-10	1.399811458e-10	1.373016896e-10	1.339991846e-10	1.333689017e-10	1.362390855e-10	1.386897590e-10	1.409456355e-10	1.377257214e-10	1.402823463e-10	1.401112113e-10	1.396676621e-10	1.356054869e-10	1.414843601e-10	1.443554482e-10	1.448614681e-10	1.384755954e-10	1.421895476e-10	1.446999788e-10	1.456136781e-10	1.490344930e-10	1.483798698e-10	1.420308465e-10	1.415802138e-10	1.390775442e-10	1.394155188e-10	1.409122525e-10	1.381828348e-10	1.390036194e-10	1.417695096e-10	1.434697063e-10	1.417756889e-10	1.426192312e-10	1.394391808e-10	1.427861461e-10	1.408629692e-10	1.448548367e-10	1.410478191e-10	1.466178808e-10	1.477955544e-10	1.435279569e-10	1.419079398e-10	1.420703334e-10	1.481857511e-10	1.442721792e-10	1.390260757e-10	1.391218540e-10	1.442962933e-10	1.476957822e-10	1.435741506e-10	1.458793857e-10	1.414864701e-10	1.414809691e-10	1.464642286e-10	1.439872557e-10	1.410839149e-10	1.424877338e-10	1.405510681e-10	1.405051759e-10	1.448638042e-10	1.422969308e-10	1.472991048e-10	1.429145539e-10	1.438784407e-10
1.017971806e-10	9.382904441e-11	7.965197287e-11	7.832667557e-11	7.782947244e-11	7.818312117e-11	7.860142590e-11	7.510050692e-11	7.694403187e-11	7.448582278e-11	7.600584165e-11	7.379487771e-11	7.249482488e-11	7.289195440e-11	7.336383770e-11	7.298984268e-11	7.228766947e-11	7.264772351e-11	7.347016593e-11	7.142664445e-11	7.094210123e-11	7.134375214e-11	6.994822245e-11	6.947422916e-11	6.985274558e-11	6.991348304e-11	7.071527773e-11	6.931665842e-11	6.934740393e-11	6.973496315e-11	7.016449602e-11	7.134842425e-11	7.025206044e-11	6.899390591e-11	7.023600947e-11	6.983812639e-11	7.034625624e-11	6.936164633e-11	6.883196448e-11	6.795737527e-11	6.807636341e-11	6.994362569e-11	6.988062754e-11	7.186627511e-11	7.456494725e-11	7.792464788e-11	7.500465327e-11	7.811326556e-11	8.248854767e-11	8.405355446e-11	9.315188961e-11	1.019091606e-10	1.231413472e-10	1.850825494e-10	1.514533659e-10	1.694861355e-10	2.112841300e-10	2.469733381e-10	2.839987702e-10	3.283735851e-10	3.308656293e-10	3.185032211e-10	3.024103576e-10	2.888182044e-10	2.809706388e-10	2.703644172e-10	2.588680829e-10	2.475849326e-10	2.374707145e-10	2.274486576e-10	2.177461883e-10	2.074609860e-10	1.990060459e-10	1.841460924e-10	1.756986126e-10	1.663123397e-10	1.563422789e-10	1.480485267e-10	1.387978204e-10	1.292844962e-10	1.213362542e-10	1.136453551e-10	1.067300265e-10	9.935163143e-11	9.296199086e-11	8.661025468e-11	8.113122380e-11	7.601495980e-11	7.082816198e-11	6.656086594e-11	6.271436139e-11	6.006436965e-11	5.547183432e-11	5.333856308e-11	5.066619041e-11	4.746443732e-11	4.588677061e-11	4.455891119e-11	4.364536259e-11	4.202240654e-11	4.012198734e-11	3.981347723e-11	3.950240501e-11	3.864997065e-11	3.703357063e-11	3.795081170e-11	3.838561954e-11	4.014836216e-11	4.518165849e-11	5.407547571e-11	7.070631029e-11	9.052149058e-11	1.183726281e-10	1.633317584e-10	1.411830089e-10	1.217705345e-10	1.115083913e-10	1.035966219e-10	9.807780272e-11	1.070740296e-10	1.425378460e-10	1.480722640e-10	1.323421674e-10	1.190573939e-10	1.111785553e-10	1.033875826e-10	9.929307932e-11	9.399015692e-11	8.954554669e-11	8.636903806e-11	8.397608783e-11	8.093303583e-11	7.758139836e-11	7.586289009e-11	7.309692447e-11	7.131360949e-11	6.962471638e-11	6.634941519e-11	6.659568071e-11	6.532833267e-11	6.695874902e-11	6.632560250e-11	6.717871506e-11	6.683870589e-11	6.666636524e-11	6.646591657e-11	6.640035629e-11	6.694526018e-11	6.662778264e-11	6.622711136e-11	6.552132103e-11	6.657744440e-11	6.565967583e-11	6.758684665e-11	6.614060193e-11	6.520444634e-11	6.475177898e-11	6.810062825e-11	6.563631527e-11	6.695626225e-11	6.590888025e-11	6.608792764e-11	6.535410464e-11	6.600563818e-11	6.625484261e-11	6.546992780e-11	6.446346446e-11	6.630970224e-11	6.660834062e-11	6.642326471e-11	6.558251063e-11	6.702830320e-11	6.628995880e-11	6.672092345e-11	6.678166091e-11	6.763160850e-11	6.729807999e-11	6.888546770e-11	6.893249024e-11	6.711842975e-11	6.734133470e-11	6.772663322e-11	6.729973783e-11	6.742106203e-11	6.642062722e-11	6.524235074e-11	6.693463489e-11	6.648641357e-11	6.593028154e-11	6.456255845e-11	6.545327398e-11	6.575243986e-11	6.595575209e-11	6.508169037e-11	6.502652931e-11	6.470415358e-11	6.426919503e-11	6.344939010e-11	6.507671683e-11	6.338254876e-11	6.354599732e-11	6.399097830e-11	6.398623083e-11	6.341374641e-11	6.302264543e-11	6.241105090e-11	6.337124526e-11	6.392986406e-11	6.362060040e-11	6.288383849e-11	6.249627927e-11	6.233433784e-11	6.264488257e-11	6.270524324e-11	6.316853589e-11	6.295535194e-11	6.394810037e-11	6.415977719e-11	6.449217534e-11	6.449526497e-11	6.509796741e-11	6.404011083e-11	6.451169271e-11	6.392820622e-11	6.324351575e-11	6.365993656e-11	6.239213638e-11	6.245385348e-11	6.218249420e-11	6.157979176e-11	6.158883456e-11	6.200781750e-11	6.151016222e-11	6.102682470e-11	6.153457777e-11	6.150074264e-11	6.250125280e-11	6.224006668e-11	6.162055970e-11	6.139094801e-11	6.149968765e-11	6.212529851e-11	6.187398410e-11	5.994741613e-11	6.160639265e-11	6.144693800e-11	6.238271680e-11	6.045117530e-11	6.163163713e-11	6.091853721e-11	6.155311551e-11
3.923458749e-11	3.867853082e-11	3.758518127e-11	3.839647090e-11	3.807206054e-11	3.719852633e-11	3.721789298e-11	3.729483212e-11	3.700259905e-11	3.675565533e-11	3.633418562e-11	3.645430411e-11	3.625325258e-11	3.637035681e-11	3.584692956e-11	3.604609717e-11	3.627231781e-11	3.664352464e-11	3.551829923e-11	3.577669716e-11	3.533684043e-11	3.523533503e-11	3.522508653e-11	3.487045816e-11	3.480301396e-11	3.499901660e-11	3.382405580e-11	3.493202454e-11	3.379707812e-11	3.378811068e-11	3.333951258e-11	3.323582184e-11	3.373852601e-11	3.373174391e-11	3.351584713e-11	3.393038402e-11	3.454212926e-11	3.369361345e-11	3.461047774e-11	3.449563421e-11	3.467769587e-11	3.389880959e-11	3.448719427e-11	3.382126760e-11	3.523405397e-11	3.444175421e-11	3.440716551e-11	3.387552439e-11	3.452020048e-11	3.453225754e-11	3.382111689e-11	3.468447796e-11	3.394123538e-11	3.433768669e-11	3.487294493e-11	3.541227243e-11	3.536668166e-11	3.559629336e-11	3.550262505e-11	3.604609717e-11	3.588483395e-11	3.554535227e-11	3.582176044e-11	3.570654013e-11	3.656462623e-11	3.715474412e-11	3.687479418e-11	3.607104022e-11	3.635317549e-11	3.635762153e-11	2.557973750e-10	2.406911561e-10	2.283904650e-10	2.155102059e-10	2.038007631e-10	1.931866290e-10	1.801466892e-10	1.688373148e-10	1.575206308e-10	1.480420460e-10	1.390477030e-10	1.297991821e-10	1.214757393e-10	1.132972827e-10	1.059472217e-10	1.000657864e-10	9.296470370e-11	8.655064758e-11	8.123498990e-11	7.670341810e-11	7.225971215e-11	6.890445757e-11	6.513459073e-11	6.157527036e-11	5.930522681e-11	5.658831836e-11	5.427449260e-11	5.267836352e-11	5.089007500e-11	4.963983292e-11	4.781461964e-11	4.710777432e-11	4.725750797e-11	4.648653414e-11	4.746496481e-11	4.996092758e-11	5.329915156e-11	6.140910896e-11	7.251569867e-11	9.446053309e-11	1.195452528e-10	1.957345879e-10	1.802117220e-10	1.483617089e-10	1.340895373e-10	1.230810619e-10	1.146008019e-10	1.080224683e-10	1.031967796e-10	1.027775705e-10	1.095234973e-10	1.499334224e-10	1.650174112e-10	1.477208006e-10	1.321469183e-10	1.228194990e-10	1.150227992e-10	1.099630526e-10	1.037542680e-10	1.012308754e-10	9.709085675e-11	9.433626998e-11	9.088840208e-11	8.861541963e-11	8.496604806e-11	8.359207037e-11	8.161290347e-11	7.947737153e-11	3.634526304e-11	3.590397454e-11	3.662325370e-11	3.649213314e-11	3.682965555e-11	3.632129963e-11	3.649296207e-11	3.622567205e-11	3.638045460e-11	3.656417409e-11	3.640358909e-11	3.649740811e-11	3.623358450e-11	3.704283950e-11	3.620585325e-11	3.659009678e-11	3.677818696e-11	3.635558690e-11	3.704525091e-11	3.660351026e-11	3.714901701e-11	3.692159066e-11	3.698051955e-11	3.723364252e-11	3.713236319e-11	3.687351312e-11	3.686364140e-11	3.717795396e-11	3.704185986e-11	3.673696688e-11	3.726838193e-11	3.662913152e-11	3.693040739e-11	3.664020895e-11	3.681435815e-11	3.723206003e-11	3.712746501e-11	3.697758064e-11	3.644955664e-11	3.630027513e-11	3.720259558e-11	3.745164929e-11	3.651496621e-11	3.626779641e-11	3.675897102e-11	3.723710893e-11	3.711314725e-11	3.583419428e-11	3.705105337e-11	3.658082791e-11	3.677532341e-11	3.710809835e-11	3.611512385e-11	3.677554948e-11	3.553600804e-11	3.580043451e-11	3.650411485e-11	3.512546504e-11	3.520165061e-11	3.525085850e-11	3.557353565e-11	3.634624268e-11	3.576750365e-11	3.500956653e-11	3.549184905e-11	3.575687837e-11	3.523103970e-11	3.515794376e-11	3.570036088e-11	3.538205442e-11	3.550970857e-11	3.559712228e-11	3.479668401e-11	3.426519359e-11	3.500097587e-11	3.445765446e-11	3.466503595e-11	3.388833502e-11	3.399104612e-11	3.451673407e-11	3.390054279e-11	3.368660528e-11	3.362375784e-11	3.457717010e-11	3.388690324e-11	3.426873536e-11	3.474672255e-11	3.444800881e-11	3.487610991e-11	3.450573200e-11	3.463338616e-11	3.501054616e-11	3.462366515e-11	3.556509571e-11	3.511521654e-11	3.525831881e-11	3.409217474e-11	3.556434214e-11	3.615649465e-11	3.515899875e-11	3.504995769e-11	3.606802595e-11	3.478899763e-11	3.549004049e-11	3.567240357e-11	3.529644927e-11	3.559365587e-11	3.522825151e-11	3.560277403e-11	3.555326471e-11	3.583140609e-11	3.505048518e-11	3.549305475e-11
2.697240364e-11	2.749741338e-11	2.751482077e-11	2.767216544e-11	2.728679156e-11	2.692492896e-11	2.859061222e-11	2.721814166e-11	2.749786552e-11	2.743509344e-11	2.732567559e-11	2.752009573e-11	2.836258301e-11	2.830357876e-11	2.804631118e-11	2.752627498e-11	2.742122782e-11	2.760833836e-11	2.782242659e-11	2.761451761e-11	2.777728796e-11	2.747231962e-11	2.742303638e-11	2.785852242e-11	2.763252785e-11	2.720065892e-11	2.754458664e-11	2.775339990e-11	2.720442675e-11	2.708272577e-11	2.680322798e-11	2.690835050e-11	2.676781035e-11	2.660172431e-11	2.729289545e-11	2.773531431e-11	2.709026143e-11	2.705642630e-11	2.665635788e-11	2.707014121e-11	2.726674670e-11	2.677203033e-11	2.646570557e-11	2.588010909e-11	2.639132856e-11	2.647934512e-11	2.595795250e-11	2.539518908e-11	2.591582814e-11	2.571568089e-11	2.591386886e-11	2.622328324e-11	2.608507916e-11	2.651679737e-11	2.574265857e-11	2.564168066e-11	2.570626131e-11	2.525306645e-11	2.531229677e-11	2.506105772e-11	2.524673649e-11	2.477899780e-11	2.524507865e-11	2.495216737e-11	2.534952295e-11	2.539059233e-11	2.553859277e-11	2.544876766e-11	2.524093403e-11	2.561131194e-11	2.518019658e-11	2.496761548e-11	2.503777252e-11	2.474606695e-11	2.481245615e-11	2.474109341e-11	2.496693727e-11	2.535087937e-11	2.542962707e-11	2.649562216e-11	2.735988751e-11	3.173189161e-10	3.749268852e-10	3.427546471e-10	2.970417242e-10	2.387666981e-10	1.742006732e-10	1.244144977e-10	8.535473763e-11	6.192552804e-11	4.277099945e-11	3.726604588e-11	3.143607910e-11	2.836612478e-11	2.599412369e-11	2.557325683e-11	2.571296805e-11	2.520672211e-11	2.530491182e-11	2.452941660e-11	2.431118375e-11	2.479632983e-11	2.491463976e-11	2.516542667e-11	2.502601688e-11	2.526519887e-11	2.509037146e-11	2.502330404e-11	2.507266264e-11	2.519458969e-11	2.532066136e-11	2.487839322e-11	2.473581844e-11	2.487831786e-11	2.472459030e-11	2.477146214e-11	2.481117509e-11	2.495796983e-11	2.481916289e-11	2.513068726e-11	2.479406913e-11	2.505909845e-11	2.553263960e-11	2.489881487e-11	2.485706729e-11	2.487779036e-11	2.463981408e-11	2.498615322e-11	2.483679635e-11	2.501689873e-11	2.490665196e-11	2.556783115e-11	2.565645057e-11	2.633677035e-11	2.585305605e-11	2.564620206e-11	2.523807048e-11	2.586089314e-11	2.538200167e-11	2.581439809e-11	2.645794383e-11	2.593481801e-11	2.567061762e-11	2.620662943e-11	2.547657426e-11	2.612886137e-11	2.593097482e-11	2.575034495e-11	2.581341846e-11	2.543753952e-11	2.510551814e-11	2.486407545e-11	2.518750617e-11	2.441803948e-11	2.483031568e-11	2.505585811e-11	2.571553018e-11	2.496136088e-11	2.523950225e-11	2.562238936e-11	2.463310734e-11	2.495284558e-11	2.511538986e-11	2.457553486e-11	2.519873431e-11	2.538245381e-11	2.543098349e-11	2.586857952e-11	2.503634074e-11	2.571748945e-11	2.588869974e-11	2.554695736e-11	2.532548419e-11	2.470740899e-11	2.552540536e-11	2.575705169e-11	2.550882690e-11	2.525713571e-11	2.533957588e-11	2.530679574e-11	2.641310663e-11	2.658876297e-11	2.581771378e-11	2.565207988e-11	2.547777996e-11	2.621009583e-11	2.556225476e-11	2.588734332e-11	2.668145164e-11	2.620632800e-11	2.571206377e-11	2.667994451e-11	2.612019535e-11	2.570422668e-11	2.637384582e-11	2.569601280e-11	2.670948431e-11	2.536723177e-11	2.553912027e-11	2.513859971e-11	2.462813380e-11	2.521772418e-11	2.502383154e-11	2.495066024e-11	2.525306645e-11	2.494500849e-11	2.503083971e-11	2.486882292e-11	2.539051697e-11	2.502835294e-11	2.432000048e-11	2.480642762e-11	2.488796351e-11	2.474817693e-11	2.511071775e-11	2.493543820e-11	2.493671926e-11	2.525005218e-11	2.541719322e-11	2.656510098e-11	2.685017517e-11	2.593805835e-11	2.667851273e-11	2.588289728e-11	2.586209885e-11	2.601205857e-11	2.670797718e-11	2.622132397e-11	2.656268957e-11	2.660918462e-11	2.638793751e-11	2.679652124e-11	2.628206143e-11	2.656359385e-11	2.714941640e-11	2.756319973e-11	2.732951878e-11	2.694708381e-11	2.709478283e-11	2.696780689e-11	2.678559452e-11	2.701475408e-11	2.671912996e-11	2.651815379e-11	2.613564347e-11	2.643458327e-11	2.668182842e-11	2.698122037e-11	2.718490938e-11	2.684279022e-11	2.730299324e-11
2.219162742e-11	2.155418557e-11	2.182901125e-11	2.113957332e-11	2.122254098e-11	2.127951060e-11	2.067590388e-11	2.152441970e-11	2.191627425e-11	2.136519111e-11	2.109405790e-11	2.145576979e-11	2.129058803e-11	2.129028660e-11	2.087725684e-11	2.169962389e-11	2.163670110e-11	2.147897964e-11	1.964999853e-11	1.967780513e-11	1.972829408e-11	1.922355528e-11	1.917042885e-11	1.930524188e-11	1.948707747e-11	1.917517632e-11	1.875679623e-11	1.941217296e-11	1.917864272e-11	1.917540239e-11	1.906590918e-11	1.888030577e-11	1.898279080e-11	1.899627964e-11	1.910185430e-11	1.957185369e-11	1.959091892e-11	1.922973453e-11	1.905731852e-11	1.924390158e-11	1.858656557e-11	1.879115886e-11	1.893667254e-11	1.840827175e-11	1.836102313e-11	1.820330168e-11	1.895603919e-11	1.859990369e-11	1.873222996e-11	1.817835863e-11	1.895053816e-11	1.882047259e-11	1.836742845e-11	1.806132976e-11	1.821663980e-11	1.801016260e-11	1.838408227e-11	1.846418638e-11	1.834037541e-11	1.810827695e-11	1.790662257e-11	1.762817977e-11	1.808386140e-11	1.785440041e-11	1.852952059e-11	1.850510504e-11	1.801242330e-11	1.765425317e-11	1.829244859e-11	1.803472886e-11	1.778740836e-11	1.797263499e-11	1.818250324e-11	1.846757743e-11	1.862763494e-11	1.836335919e-11	1.841806811e-11	1.875204876e-11	1.898693542e-11	1.976567098e-11	1.953899819e-11	1.976981559e-11	2.046889918e-11	2.241227168e-11	1.608060297e-10	2.733756687e-10	2.462332605e-10	1.958347369e-10	1.315389409e-10	7.586793899e-11	5.036257849e-11	3.010347221e-11	2.248242871e-11	2.108509046e-11	2.001547825e-11	1.905498247e-11	1.907389699e-11	1.880351735e-11	1.877307326e-11	1.857420708e-11	1.826908803e-11	1.870992439e-11	1.896530806e-11	1.904051399e-11	1.901730415e-11	1.876425654e-11	1.908715976e-11	1.930049441e-11	1.898497615e-11	1.873833385e-11	1.851746353e-11	1.864240484e-11	1.827775404e-11	1.814557849e-11	1.812937681e-11	1.807828500e-11	1.805251303e-11	1.850359790e-11	1.822937507e-11	1.835582352e-11	1.809207527e-11	1.873622386e-11	1.922061637e-11	2.006446007e-11	1.948330963e-11	1.835439175e-11	1.886990655e-11	1.845416394e-11	1.861851679e-11	1.865400976e-11	1.921775282e-11	1.923161844e-11	1.898686006e-11	1.940282874e-11	1.917901950e-11	1.924902583e-11	1.951315086e-11	1.873908742e-11	1.876237262e-11	1.838543868e-11	1.826840982e-11	1.863449239e-11	1.849093799e-11	1.881904082e-11	1.948519355e-11	1.895234672e-11	1.895347707e-11	1.907254057e-11	1.903523903e-11	1.938285923e-11	1.844602543e-11	1.829086610e-11	1.834346503e-11	1.850796859e-11	1.868407707e-11	1.854534548e-11	1.858279774e-11	1.861655751e-11	1.892665010e-11	1.832635908e-11	1.867563712e-11	1.867737032e-11	1.860058190e-11	1.911873419e-11	1.851580568e-11	1.884330565e-11	1.913727192e-11	1.878912423e-11	1.889748708e-11	1.867141715e-11	1.823095756e-11	1.836833273e-11	1.826833446e-11	1.876380440e-11	1.861829072e-11	1.859892406e-11	1.888015505e-11	1.865770224e-11	1.854089944e-11	1.852891774e-11	1.893682325e-11	1.889123248e-11	1.884172317e-11	1.904563824e-11	1.909122901e-11	1.923048809e-11	1.859342302e-11	1.841422492e-11	1.885664378e-11	1.926891998e-11	1.912521486e-11	1.939453951e-11	1.888445038e-11	1.888301861e-11	1.937110359e-11	1.934616054e-11	1.928579987e-11	1.870163516e-11	1.873735421e-11	1.874775343e-11	1.899710857e-11	1.834828786e-11	1.920825788e-11	1.866930716e-11	1.851015393e-11	1.865009122e-11	1.830171745e-11	1.927547601e-11	1.859395052e-11	1.891986801e-11	1.867669211e-11	1.899356680e-11	1.872808535e-11	1.916982599e-11	1.924058588e-11	1.909122901e-11	1.878543175e-11	1.943553352e-11	1.953907355e-11	1.929356160e-11	1.923380378e-11	1.968119618e-11	1.947886359e-11	1.966356273e-11	1.898000261e-11	1.916568138e-11	1.946379226e-11	1.945572910e-11	1.882785754e-11	1.875280233e-11	1.888392289e-11	1.850864680e-11	1.923440664e-11	1.930539260e-11	1.926620714e-11	1.903380725e-11	1.883388607e-11	1.930463903e-11	1.909838790e-11	1.885800020e-11	1.864074700e-11	1.878113642e-11	1.827285586e-11	1.814994917e-11	1.797851281e-11	1.817737899e-11	1.836916165e-11	1.709066083e-11	1.730693439e-11	1.822108584e-11	1.849568546e-11
1.697913299e-11	1.642337774e-11	1.671093870e-11	1.699186826e-11	1.668735207e-11	1.659504018e-11	1.663859632e-11	1.626640985e-11	1.578827194e-11	1.559686607e-11	1.598525421e-11	1.561336917e-11	1.559671535e-11	1.580590540e-11	1.592835995e-11	1.621531805e-11	1.617183726e-11	1.638863833e-11	1.598593242e-11	1.551276805e-11	1.561660951e-11	1.505979926e-11	1.482913258e-11	1.543944604e-11	1.503636335e-11	1.543062931e-11	1.661847609e-11	1.613687178e-11	1.591253505e-11	1.559272145e-11	1.539234814e-11	1.547056833e-11	1.540312414e-11	1.546913656e-11	1.523854522e-11	1.555135065e-11	1.577041242e-11	1.541766797e-11	1.523590774e-11	1.478512430e-11	1.527546998e-11	1.507607630e-11	1.555858489e-11	1.509988900e-11	1.571321673e-11	1.594154736e-11	1.612752756e-11	1.579384834e-11	1.586935569e-11	1.589294232e-11	1.536099977e-11	1.533213818e-11	1.565677460e-11	1.591050042e-11	1.579113550e-11	1.595805046e-11	1.624817354e-11	1.535255983e-11	1.591050042e-11	1.599949662e-11	1.608284107e-11	1.542414864e-11	1.589120912e-11	1.550319776e-11	1.613340537e-11	1.589897085e-11	1.581208464e-11	1.639270759e-11	1.564479289e-11	1.545157846e-11	1.588246775e-11	1.591916643e-11	1.598442529e-11	1.574901113e-11	1.631817987e-11	1.623091687e-11	1.678817926e-11	1.621192700e-11	1.661500969e-11	1.615751950e-11	1.664748840e-11	1.700641210e-11	1.691929982e-11	1.798009530e-11	1.852311527e-11	1.410166968e-10	1.948392002e-10	2.346968365e-10	1.866773975e-10	1.366725369e-10	5.702666796e-11	2.622283110e-11	1.886689228e-11	1.804000383e-11	1.718297271e-11	1.661026222e-11	1.582436778e-11	1.610401628e-11	1.584373443e-11	1.617635866e-11	1.569437757e-11	1.624154216e-11	1.621479055e-11	1.609067816e-11	1.629346289e-11	1.613287788e-11	1.603483888e-11	1.581848996e-11	1.585782613e-11	1.612549293e-11	1.579633510e-11	1.558307580e-11	1.544826277e-11	1.556325700e-11	1.533515244e-11	1.514917224e-11	1.618306540e-11	1.610522199e-11	1.607455184e-11	1.619045035e-11	1.601351295e-11	1.635352213e-11	1.649994009e-11	1.627537729e-11	1.661568790e-11	1.649873439e-11	1.568352621e-11	1.582775883e-11	1.629112683e-11	1.589753908e-11	1.598985097e-11	1.590258797e-11	1.611584728e-11	1.587214389e-11	1.608163536e-11	1.513086058e-11	1.577742059e-11	1.530410551e-11	1.571999882e-11	1.613423430e-11	1.582647776e-11	1.596196901e-11	1.582738204e-11	1.598043139e-11	1.545474344e-11	1.561834271e-11	1.490923669e-11	1.561773986e-11	1.530048839e-11	1.554773354e-11	1.570198859e-11	1.571653242e-11	1.593860845e-11	1.479838707e-11	1.566853024e-11	1.537584503e-11	1.529257594e-11	1.543183502e-11	1.611313444e-11	1.587983027e-11	1.588533130e-11	1.607673718e-11	1.580341863e-11	1.552361941e-11	1.617439939e-11	1.626505343e-11	1.583145130e-11	1.602572073e-11	1.646361819e-11	1.691515520e-11	1.711093176e-11	1.648456734e-11	1.660250048e-11	1.666429293e-11	1.619195749e-11	1.636135922e-11	1.602172683e-11	1.610100202e-11	1.602986535e-11	1.578262020e-11	1.587666529e-11	1.592911351e-11	1.624832426e-11	1.572798663e-11	1.663392420e-11	1.596498327e-11	1.588631094e-11	1.682020583e-11	1.585971004e-11	1.598796705e-11	1.565752817e-11	1.611223016e-11	1.587365102e-11	1.574433902e-11	1.585873041e-11	1.575609466e-11	1.558488436e-11	1.671862507e-11	1.602248039e-11	1.662005858e-11	1.644621080e-11	1.629368896e-11	1.652367743e-11	1.679232387e-11	1.705011895e-11	1.624078859e-11	1.590989757e-11	1.609776168e-11	1.652488314e-11	1.664997517e-11	1.658546988e-11	1.689654211e-11	1.702178485e-11	1.696715129e-11	1.708809870e-11	1.781822922e-11	1.684808779e-11	1.690618776e-11	1.674010172e-11	1.657115212e-11	1.724084662e-11	1.696534273e-11	1.696458916e-11	1.673995100e-11	1.623498613e-11	1.684085355e-11	1.672533181e-11	1.680091453e-11	1.683248896e-11	1.622518977e-11	1.622036694e-11	1.631305561e-11	1.636354457e-11	1.628193332e-11	1.605910372e-11	1.592014607e-11	1.612813041e-11	1.655675900e-11	1.640408644e-11	1.660483654e-11	1.625601063e-11	1.613189824e-11	1.666459436e-11	1.677544398e-11	1.645585645e-11	1.621501662e-11	1.645872001e-11	1.665103016e-11	1.665268801e-11	1.659451268e-11	1.623332828e-11
1.319826408e-11	1.307091136e-11	1.294061972e-11	1.206587979e-11	1.191335794e-11	1.165518608e-11	1.199218099e-11	1.185932723e-11	1.173415985e-11	1.269397742e-11	1.169776259e-11	1.183287705e-11	1.169482368e-11	1.217514693e-11	1.245185652e-11	1.205781663e-11	1.218479258e-11	1.162835912e-11	1.203023610e-11	1.122527643e-11	1.175247151e-11	1.163815548e-11	1.146001237e-11	1.173054273e-11	1.159520219e-11	1.135300594e-11	1.160688247e-11	1.144094714e-11	7.667839970e-12	6.218882416e-12	7.004927571e-12	6.855344632e-12	7.498965730e-12	6.305994696e-12	6.957603598e-12	7.296557784e-12	6.847658255e-12	7.227531098e-12	7.549153255e-12	7.130094957e-12	6.909676773e-12	7.576432360e-12	7.083901334e-12	8.023146547e-12	7.998429568e-12	8.044472477e-12	6.273968123e-12	6.801766058e-12	7.208918007e-12	6.220088122e-12	6.867552409e-12	6.411870781e-12	6.377282082e-12	5.841571698e-12	6.886994423e-12	6.452563369e-12	6.588582112e-12	6.412247565e-12	6.269522081e-12	6.829572660e-12	6.360176124e-12	6.698828882e-12	6.008335952e-12	1.082136481e-11	1.080501242e-11	1.047223748e-11	1.102113528e-11	1.073681466e-11	1.096439172e-11	1.023878260e-11	1.144901030e-11	1.106891139e-11	1.165684393e-11	1.174847761e-11	1.151916734e-11	1.190808298e-11	1.196211369e-11	1.166106390e-11	1.229187437e-11	1.192345574e-11	1.181147576e-11	1.307030850e-11	1.231930419e-11	1.281432198e-11	1.371264854e-11	1.412808972e-11	1.810654374e-11	2.482571892e-10	1.971074352e-10	1.266466369e-10	4.613002186e-11	1.177824348e-11	8.950711480e-12	8.822379115e-12	8.240098325e-12	7.323234036e-12	8.002046686e-12	8.079513317e-12	8.087953261e-12	7.515920975e-12	6.962200354e-12	7.156168356e-12	7.210726566e-12	7.931136084e-12	7.553222514e-12	7.800015523e-12	7.850278405e-12	7.701222963e-12	8.116890212e-12	8.259540340e-12	7.445161086e-12	8.026763666e-12	7.397837114e-12	7.598888640e-12	7.897074881e-12	8.300232927e-12	7.743874824e-12	7.230093224e-12	7.593915102e-12	7.341922484e-12	7.850203048e-12	8.088405401e-12	8.029853288e-12	7.912070853e-12	7.644931550e-12	7.258954818e-12	7.622023130e-12	8.073786212e-12	7.591352976e-12	7.312608749e-12	7.374702624e-12	7.987352141e-12	7.878085007e-12	7.689693396e-12	7.588112640e-12	7.779518516e-12	8.228342689e-12	8.474834272e-12	7.700017257e-12	7.962861231e-12	7.172219321e-12	6.757607065e-12	7.253679853e-12	7.656159690e-12	6.719928743e-12	7.159333335e-12	7.020074256e-12	6.931454843e-12	6.940799067e-12	7.251042371e-12	7.426472638e-12	7.097088747e-12	6.392127341e-12	7.077420663e-12	6.449247677e-12	7.043284103e-12	6.776672296e-12	6.651730980e-12	6.192733660e-12	5.695530522e-12	5.381594743e-12	5.970959056e-12	6.260780710e-12	6.115945240e-12	6.332444878e-12	6.661904127e-12	6.277283815e-12	6.403581551e-12	6.424756768e-12	6.618423343e-12	6.199666471e-12	5.664709655e-12	6.675392966e-12	6.939141221e-12	6.601543455e-12	6.560775510e-12	7.825109286e-12	7.103795488e-12	6.642612826e-12	6.601844881e-12	6.572380433e-12	6.661753413e-12	7.121052160e-12	6.258369297e-12	6.046541771e-12	6.441259873e-12	6.157542107e-12	6.394689467e-12	6.625582224e-12	5.840365992e-12	6.696040687e-12	6.912464969e-12	6.874183793e-12	1.063161678e-11	1.055181410e-11	1.072370260e-11	1.037691133e-11	1.065000381e-11	1.060524196e-11	1.033780123e-11	1.004066998e-11	1.041933712e-11	1.076334020e-11	1.085082926e-11	1.100259754e-11	1.077803474e-11	1.071028912e-11	1.106627391e-11	1.091638954e-11	1.110139010e-11	1.138111397e-11	1.076982087e-11	1.056063083e-11	1.001052732e-11	9.971718651e-12	1.083515508e-11	1.004406103e-11	1.037517812e-11	1.006764766e-11	9.633442676e-12	1.005981057e-11	1.041270573e-11	9.948960945e-12	9.805331181e-12	1.055497908e-11	1.078903681e-11	1.081578842e-11	1.147222015e-11	7.265586203e-12	6.723696575e-12	7.237553531e-12	6.854138926e-12	7.053683320e-12	6.793627541e-12	7.279075042e-12	6.870566674e-12	7.498739660e-12	7.555181787e-12	6.780440128e-12	6.771246617e-12	6.370047844e-12	7.109296523e-12	7.577035213e-12	7.878612503e-12	6.994603711e-12	6.509080852e-12	7.073954257e-12	7.707326851e-12	7.564073871e-12	7.211932272e-12	6.747584631e-12
1.169233691e-12	3.996162840e-13	7.021732103e-13	4.619362287e-13	9.179192825e-13	4.287793053e-13	6.146087897e-13	3.502576820e-13	7.401529589e-13	6.003663840e-13	7.620817424e-13	4.189075849e-13	3.103186606e-13	3.513880317e-13	3.036119193e-13	1.394097917e-13	5.037591662e-13	1.275787986e-13	5.128773201e-13	1.556114702e-13	-6.141566499e-14	-4.672111938e-15	7.551489311e-13	4.619362287e-13	4.023291232e-13	6.343522305e-13	1.009100822e-12	4.814535995e-13	4.514616551e-13	5.617837822e-13	5.212419076e-13	5.724090690e-13	7.678842040e-13	2.978094577e-13	5.928307196e-13	6.872525947e-13	6.225965940e-13	6.674337973e-13	3.481476960e-13	5.743683418e-13	8.364587501e-13	2.097175407e-13	3.993148574e-13	3.103940173e-13	8.605728763e-14	1.933651489e-13	2.596036391e-13	6.163419926e-13	3.926834727e-13	5.785883138e-13	8.740617156e-13	4.465634733e-13	6.825804828e-13	7.184502454e-13	5.790404537e-13	9.491169332e-13	7.145316999e-13	5.513092087e-13	7.216152245e-13	2.958501850e-13	3.285549685e-13	3.593758360e-13	1.777663236e-13	-1.492061554e-14	-5.400810687e-13	3.079826047e-13	7.038310564e-14	2.338316668e-13	2.658582406e-13	2.770863806e-13	6.780590841e-13	4.071519484e-13	8.076725121e-13	4.356367599e-13	5.372928728e-14	-3.199643111e-13	1.476990225e-14	1.242631062e-13	5.100891243e-13	-8.002875610e-14	-2.562125901e-14	4.882356975e-13	4.164961723e-13	9.540151150e-14	-1.645035542e-13	2.024079462e-13	8.826523730e-13	1.410827092e-12	1.543852669e-10	9.379392821e-11	3.178648750e-11	4.661411294e-12	8.742124289e-13	-3.965266616e-13	1.304423510e-13	-5.795679502e-13	-7.505521758e-14	-4.329239207e-13	-2.434773173e-13	-2.127318065e-13	-1.624689248e-13	2.032368693e-13	-4.168729555e-13	-1.091164207e-13	-3.440784372e-13	-3.441537939e-13	-1.012793297e-13	-1.100207005e-13	3.225264370e-13	-2.036136525e-13	-6.131016569e-13	-5.254618797e-13	-1.794241697e-13	-2.117521701e-13	-1.281062951e-13	-2.916302129e-13	-1.069310781e-13	-2.245627996e-14	3.981091511e-13	1.455890365e-13	7.462568471e-13	5.232011804e-13	3.289317517e-13	1.146174558e-13	2.475465761e-13	5.262154462e-13	7.807701901e-13	3.697750529e-13	8.175442325e-13	8.505504426e-13	8.754181352e-13	2.025586595e-13	6.183012653e-13	8.855912821e-13	1.407662113e-12	1.335319734e-12	9.205567650e-13	1.290482531e-12	4.889139073e-13	4.501052356e-13	3.382759756e-13	3.197382412e-13	2.672146602e-13	-7.693913368e-14	-9.359295204e-14	6.405314753e-14	-2.375994990e-13	1.507132883e-16	-4.380481725e-13	-1.132610362e-13	-1.879394705e-13	-1.420472742e-13	-1.434036938e-13	-3.796467733e-13	4.378221026e-14	-5.139323132e-13	-4.043637525e-13	-1.590025192e-13	-2.693246462e-13	-8.138517569e-14	-5.538713346e-14	2.562879468e-13	3.143879194e-13	-1.473222393e-13	2.242613730e-13	3.102433040e-13	4.043637525e-13	-8.658478414e-14	3.547037240e-13	-1.821370089e-13	8.605728763e-14	-1.986401140e-13	1.614139318e-13	3.005222969e-13	3.208685908e-13	2.782920869e-13	9.871720385e-15	3.101679474e-13	3.094143809e-13	5.596737962e-13	5.295311385e-13	6.714276994e-13	3.246364230e-13	5.324700476e-13	6.692423568e-13	1.152278446e-12	9.653186117e-14	2.366198627e-13	-1.326276937e-13	-4.777611240e-14	1.174810082e-13	5.442256841e-13	9.743614090e-14	2.961516115e-13	3.604308290e-13	-1.519189946e-13	-2.395587718e-13	-3.240335699e-13	-2.523694013e-13	-1.631471346e-13	-6.534174615e-13	-8.349516173e-14	-2.449844502e-13	2.834916953e-13	3.629929549e-13	3.021801431e-13	2.272756388e-13	5.211665510e-13	7.919983301e-13	9.497197863e-13	6.821283429e-13	4.339789137e-13	1.708335123e-13	2.388805620e-13	3.127300733e-14	3.431741575e-13	7.769270013e-14	1.719261836e-12	6.070731253e-13	5.577145234e-13	4.450563404e-13	8.268130997e-13	6.010445938e-13	4.242579066e-13	3.339052903e-13	5.767797544e-13	3.528951646e-13	5.250850965e-13	2.816077792e-13	3.323981574e-13	2.805527862e-13	8.115910576e-14	-1.161999453e-13	-2.226788835e-13	-2.404630515e-13	-3.089622410e-14	-4.367671095e-13	2.580965062e-13	1.559882534e-13	1.577968129e-13	-2.002979602e-13	-6.382707760e-14	-2.166503520e-13	-3.991641441e-13	2.388805620e-14	-6.347290137e-13	-7.362344134e-13	-1.070064347e-14	-1.615646451e-13	1.856787712e-13	-4.679647602e-14
4.827346625e-13	6.556028042e-14	2.573429398e-13	5.840139922e-14	-3.241089265e-13	-2.999948004e-13	-4.439259907e-13	-1.360187427e-13	-4.757264946e-13	-5.446024673e-13	-3.699257662e-13	-3.100172341e-13	-3.473941296e-14	9.645650452e-15	3.308156679e-13	-1.122813998e-14	4.470156131e-13	-1.370737357e-13	-2.281045619e-13	-3.149907726e-13	1.054993018e-14	-1.005257633e-13	-9.080475621e-14	-2.908766464e-14	-5.146858796e-14	3.586222695e-13	-1.906523097e-14	4.726368722e-13	-1.068557214e-13	-2.187603380e-13	-4.750482848e-13	7.874769314e-14	3.519908849e-13	-3.338299336e-14	1.724160018e-13	4.127283401e-13	5.703744396e-13	1.831920019e-13	-9.359295204e-14	9.201046252e-14	2.953226885e-13	8.560514776e-14	-3.435509407e-13	2.162735687e-14	-8.289230857e-14	-1.314973441e-13	-6.088816848e-14	3.706793326e-13	-1.570432464e-13	-1.416704910e-13	-3.684939899e-14	3.907995566e-13	2.052714987e-13	1.408415679e-13	1.727927851e-13	6.134030834e-14	4.340542703e-14	6.655498812e-13	4.532702146e-13	5.468631667e-13	3.668361438e-13	4.803232499e-13	4.485981027e-13	6.051138526e-13	4.458099068e-13	3.314185210e-13	5.030055998e-13	6.281729857e-13	6.168694891e-13	4.431724243e-13	5.464863834e-13	5.680383837e-13	4.761786344e-13	5.776840341e-13	8.149821066e-13	9.811435069e-14	4.152904660e-13	8.170920926e-13	1.593039457e-13	7.455786373e-13	7.050367627e-13	1.023343228e-12	8.082000086e-13	1.148962753e-12	1.114901550e-12	1.350843203e-12	8.110635611e-13	1.285584349e-12	2.777193764e-12	1.504562468e-10	5.689908916e-11	1.068316073e-11	1.966582343e-12	1.254462055e-12	1.082724263e-12	7.409065254e-13	8.559761210e-13	1.313466308e-13	4.210175709e-13	-1.146928124e-13	-9.118153943e-14	3.033104927e-13	8.688621071e-14	2.328520304e-14	1.339841133e-13	2.351880864e-13	6.563563706e-14	-9.630579123e-14	-2.273509954e-13	1.825137921e-13	1.341348266e-14	-1.040675256e-13	-1.234341831e-13	-1.030125326e-13	3.993902140e-15	-3.565122835e-13	-4.973538514e-13	-6.005924539e-14	-1.642774843e-13	-2.027093728e-14	-3.936631091e-13	-3.766325075e-13	-2.339070235e-13	-2.521433314e-13	2.394080585e-13	3.834146055e-13	4.649504945e-13	2.789702967e-13	-3.836406754e-13	4.905717535e-14	1.835687852e-13	-7.663770711e-14	-8.658478414e-14	5.082805648e-13	5.757247614e-14	1.862816244e-13	6.917739934e-14	2.516158348e-13	-2.995426605e-13	-5.267429427e-14	-5.583927332e-13	-6.608777693e-14	-6.661527344e-14	-4.148383261e-13	4.378221026e-14	8.017946938e-14	2.845466883e-13	-7.882304979e-14	4.905717535e-14	-3.086608145e-13	-3.463391365e-13	2.421962543e-13	-1.436297638e-13	3.499562555e-13	-9.419580520e-14	-1.409169246e-13	-3.109215138e-13	-2.005240301e-13	-2.307420444e-13	-9.223653245e-14	2.818338491e-13	-1.665381836e-14	1.308944909e-13	-3.310417378e-13	-5.106919775e-13	-2.225281702e-13	-2.547054573e-14	4.091865778e-14	-2.100189673e-13	-1.437051204e-13	-6.073745519e-14	-4.102415708e-13	-2.538011775e-13	-1.146928124e-13	-3.313431644e-13	-4.537223545e-13	-3.331517238e-13	-3.394063253e-13	5.742176285e-14	5.017998934e-13	-3.525183814e-13	7.053381893e-14	4.920788863e-14	3.699257662e-13	-3.901213468e-13	2.687971497e-13	-4.325471375e-14	2.096421840e-13	6.724073358e-13	6.985560913e-14	7.254584133e-13	3.064001151e-13	1.850005614e-13	-9.449723177e-14	-3.140111362e-13	-2.646525343e-13	-3.423452344e-13	2.260699325e-16	-1.370737357e-13	1.443079736e-13	-3.519155282e-13	2.064018483e-13	-3.334531504e-13	7.678842040e-14	2.331534570e-13	6.209387479e-14	6.651730980e-13	3.813799761e-13	3.466405631e-13	3.648768710e-13	-1.821370089e-13	-1.176317215e-13	-2.348866598e-13	7.008167907e-15	2.581718629e-13	-1.002996934e-13	2.079843379e-14	3.773860739e-13	3.886142139e-13	2.793470799e-13	-2.850741848e-13	1.414444211e-13	4.761032778e-13	4.505573754e-13	5.110687607e-13	4.506327321e-13	2.908012898e-13	4.219972073e-14	4.109197806e-13	6.962200354e-13	5.738408453e-13	8.629089322e-13	2.045179322e-13	1.266745188e-13	5.366146630e-13	6.124988037e-13	2.629946881e-13	6.383461327e-13	3.099418774e-13	4.701501029e-13	6.270426360e-13	6.572606503e-13	3.082840312e-13	4.751236414e-13	8.155096031e-13	4.628405084e-13	3.874838643e-13	3.124286467e-13	1.085135676e-13	2.305913311e-14	1.666135402e-13
6.248572934e-13	6.371404264e-13	1.104351620e-12	8.075217988e-13	7.075988886e-13	7.549228612e-13	7.286233924e-13	1.814587991e-13	8.027743302e-13	2.804774296e-13	8.556746944e-13	9.636607655e-13	8.721777995e-13	8.454261908e-13	6.860468884e-13	4.511602286e-13	2.909520031e-13	4.575655433e-13	3.895938503e-14	6.361607900e-13	4.594494594e-13	4.415145781e-13	3.320213742e-13	1.002243367e-14	4.118994170e-13	3.822842558e-13	3.900459902e-13	3.303635280e-13	6.981793081e-13	5.392521456e-13	1.231327566e-13	3.368441994e-14	-5.048895159e-15	5.132541034e-13	7.859697986e-14	1.763345473e-14	1.152203089e-13	-5.568856003e-14	1.015053997e-13	2.328520304e-13	6.201098248e-13	5.424924813e-13	1.565157499e-13	2.217746038e-13	-2.712085623e-13	4.249361164e-13	1.688742396e-13	1.623935682e-13	2.925344926e-13	1.435544071e-13	-4.837896555e-14	2.709824924e-13	1.945708552e-13	7.895115608e-13	2.138621561e-13	6.781344408e-13	1.764099040e-13	-2.049700721e-13	-4.901949702e-13	1.379026588e-14	1.932897923e-13	6.483685663e-13	6.050384959e-13	1.279555818e-13	6.687902169e-13	7.919229735e-13	1.156347705e-12	7.893608476e-13	7.922244000e-13	7.088799516e-13	3.641986612e-13	1.057103004e-12	3.591497661e-13	2.827381289e-13	3.895938503e-13	5.252358098e-13	8.666014078e-14	4.959974318e-13	8.109128478e-13	8.744384988e-13	2.100189673e-13	5.862746915e-13	7.795644838e-13	1.094932040e-12	9.328398980e-13	1.035249577e-12	6.262890696e-13	1.550010814e-12	2.408398347e-12	1.856128341e-10	8.109580618e-11	1.494751787e-11	2.136662288e-12	1.312712741e-12	1.066447228e-12	9.227421077e-13	1.107968739e-12	3.961498783e-13	7.369126232e-13	9.500965695e-13	8.693142470e-13	5.390260757e-13	5.699222998e-13	7.496478961e-13	6.228980206e-13	4.769322009e-13	1.338334000e-13	2.230556667e-13	4.656287043e-13	4.233536269e-13	1.055746585e-13	-1.938926454e-13	4.048912491e-13	3.434755841e-13	2.880130940e-13	1.165013719e-13	6.026270833e-13	4.562844804e-13	-5.975781882e-14	3.066261851e-13	1.619414283e-13	-8.696156736e-14	2.427991075e-13	-5.142337397e-13	-6.116698806e-13	2.343591633e-14	2.228295968e-13	2.332288137e-13	1.708335123e-13	-8.176195891e-14	7.588414067e-14	1.058233354e-12	5.138569565e-13	8.856666388e-13	5.225983272e-13	-4.144615429e-14	9.306545553e-14	-2.292349115e-13	2.715853455e-13	2.464162264e-14	-5.395535722e-14	1.110756935e-13	-8.010411274e-14	-2.328520304e-14	2.701535693e-13	1.244891761e-13	-4.886124807e-13	7.309594483e-15	-2.185342681e-13	-2.271249255e-13	1.704567291e-13	5.222215440e-13	4.168729555e-13	9.472330171e-14	1.435544071e-13	2.556850936e-13	1.456643932e-13	3.418930945e-13	4.347324801e-13	2.910273597e-13	3.758035844e-13	5.373682295e-13	4.343556969e-13	-3.564369269e-14	9.238724574e-13	3.130314998e-13	4.322457109e-13	5.502542156e-13	-3.918545496e-15	1.807052327e-13	1.366969525e-13	-1.063282249e-13	-1.921594426e-14	3.928341860e-13	1.281062951e-14	-1.584750227e-13	-2.816831359e-13	4.168729555e-13	-1.913305195e-13	1.391083651e-13	4.415145781e-13	3.955470252e-13	2.368459326e-13	-1.228313300e-13	1.361694560e-13	1.673671067e-13	-2.251656527e-13	-2.902737933e-13	2.228295968e-13	3.176282551e-13	4.825085925e-13	5.711280061e-13	8.634364288e-13	4.250868297e-13	6.842383290e-13	4.401581585e-13	2.767095973e-13	1.858294845e-13	1.725667151e-14	3.032351361e-13	4.098647876e-13	1.694770927e-13	6.888350842e-13	5.048895159e-14	6.367636431e-13	-3.490519757e-13	1.441572603e-13	-4.393292354e-14	2.170271352e-14	1.621674982e-13	-3.997669973e-13	-1.018068263e-13	-5.635169850e-13	-4.070012351e-13	-4.698486763e-13	1.625442814e-13	2.138621561e-13	-8.296766522e-14	-1.864323376e-13	5.461096002e-13	2.783674435e-13	6.332218809e-13	4.550034174e-13	7.175459657e-13	5.907960902e-14	5.071502152e-13	3.171007586e-13	4.018016266e-13	3.344327868e-13	-1.070064347e-14	1.920087293e-13	3.969034448e-13	2.085118344e-13	-2.813817093e-13	3.609583255e-14	8.213874213e-14	9.193510587e-15	-4.067751652e-13	-2.409151914e-13	-4.275735990e-13	-6.161912793e-13	-5.575638101e-13	-5.907960902e-13	-5.372175162e-13	-5.403071386e-13	-7.231977140e-13	-2.079843379e-13	-3.582454863e-13	-6.412850418e-13	-1.743752746e-13	-2.339070235e-13
3.134082831e-13	3.400845351e-13	2.349620165e-13	3.178543251e-13	1.930637223e-13	-4.984088445e-13	4.514616551e-13	4.057955288e-13	-9.148296601e-14	-1.798009530e-13	5.522888450e-13	4.310400046e-13	-7.611021060e-15	4.164961723e-13	7.241773504e-14	5.868021881e-13	4.436999208e-13	4.320949976e-13	7.571835605e-13	1.239616796e-13	2.643511077e-13	1.470208128e-13	1.731695683e-13	5.336003973e-13	4.647997812e-13	-2.553836671e-13	-6.239530136e-14	4.317935710e-14	4.047405358e-13	-1.098699872e-13	-1.165767285e-13	4.158933191e-13	-6.299815452e-14	2.116768134e-13	-2.607339888e-14	3.901967034e-13	3.317199476e-13	2.730924784e-13	2.339823801e-13	3.753514445e-13	5.565088171e-13	1.393344350e-13	2.608093454e-13	5.723337124e-13	-6.247065801e-14	1.823630789e-14	3.320213742e-13	-5.282500755e-14	5.388753624e-13	3.598279759e-13	1.533507709e-13	6.066209855e-14	-6.185273352e-13	1.126581830e-13	-1.644281976e-13	-1.019575395e-13	-4.077548015e-13	1.529739876e-14	2.205688974e-13	2.424223243e-13	1.204952740e-13	3.060233319e-13	7.942590294e-14	-4.588466063e-13	1.097946305e-13	-5.294557819e-13	4.897428304e-13	3.202657377e-13	4.813028862e-13	2.451351634e-13	1.447601134e-13	1.500350785e-13	1.808559460e-15	3.323981574e-13	4.729382987e-13	6.850672520e-13	6.583910000e-13	5.406839218e-13	6.626863287e-13	6.369897131e-13	5.611809290e-13	5.207144111e-13	4.526673615e-13	5.728612089e-13	4.138586897e-13	1.880148272e-13	1.072551116e-12	8.914691004e-13	9.294488490e-13	2.277595038e-10	1.368833848e-10	2.762589646e-11	1.526800967e-12	1.641267710e-13	2.866566744e-13	1.770881138e-13	2.639743245e-13	-2.019558063e-14	-5.011216836e-14	7.294523154e-14	-1.341348266e-14	-2.592268559e-13	-1.002243367e-13	-5.046634459e-13	-4.414392215e-13	1.642774843e-14	-1.281062951e-15	1.067050081e-13	-1.888437503e-13	3.364674162e-13	-1.345869665e-13	-3.949441720e-13	-6.676598672e-14	2.786688701e-13	-6.194316150e-14	1.811573726e-13	-1.602835821e-13	1.846991348e-13	-2.892188003e-13	-5.621605654e-14	2.954734017e-13	3.192107447e-13	-7.467843436e-14	2.886913038e-13	-2.072307714e-13	6.540956713e-14	-2.509376250e-14	3.523676681e-13	3.366181295e-13	8.140024702e-13	1.367723091e-13	2.271249255e-13	2.584732895e-14	-3.254653461e-13	-9.374366533e-14	1.085135676e-14	-1.566664632e-13	-3.894431370e-13	-4.415899348e-13	-1.110756935e-13	1.070064347e-14	-2.287827717e-13	1.555361135e-13	2.691739329e-13	5.116716138e-14	-1.094178473e-13	2.789702967e-13	7.497232527e-13	1.534261275e-13	3.402352484e-13	2.572675832e-13	4.026305497e-13	4.512355852e-13	-2.088886176e-13	2.714346323e-13	4.144615429e-14	1.956258482e-13	-9.901863042e-14	8.824263031e-14	-1.143913858e-13	1.245645328e-13	3.036872760e-13	-5.877818244e-15	5.335250406e-14	1.896726733e-13	4.213943541e-13	4.459606201e-13	5.975028315e-13	6.159652093e-13	-4.046651791e-14	8.539414916e-13	6.147595030e-13	1.755809809e-13	3.657811507e-13	-2.107725337e-13	2.059497085e-13	-2.146910792e-13	2.507869118e-13	1.766359739e-13	3.641986612e-13	6.828065527e-13	7.280958959e-13	1.092822054e-12	9.947077029e-13	4.741440050e-13	7.819758964e-13	5.932828595e-13	4.213943541e-13	4.134819065e-13	6.403054054e-13	3.754268012e-13	4.270461024e-13	7.996093512e-13	8.515300790e-14	4.457345502e-13	2.106218204e-13	2.881638073e-13	5.460342436e-13	5.320179078e-13	9.462533807e-13	6.829572660e-13	3.305142413e-13	1.049718053e-13	4.586205363e-13	1.288598615e-13	7.367619099e-13	1.013245437e-12	1.374429833e-12	3.333024371e-13	6.588431399e-13	5.885353909e-13	3.285549685e-13	-4.137079764e-14	2.399355550e-13	2.053468553e-13	-2.033875826e-13	6.435457411e-13	5.878571811e-13	8.485911699e-13	1.149188823e-13	6.667555875e-13	3.192107447e-13	-1.182345747e-13	4.690951099e-13	1.004504067e-13	2.170271352e-13	3.253146328e-13	2.131839463e-13	4.627651518e-13	4.939628025e-13	7.924504700e-13	6.892872241e-13	7.258351965e-13	1.857541278e-13	4.516123684e-13	5.374435861e-13	2.475465761e-13	2.642757511e-13	5.079037816e-13	6.601242028e-13	5.201115580e-13	-1.796502397e-13	2.931373458e-13	5.313396980e-13	1.510900715e-13	2.936648423e-13	5.998388875e-13	4.381988858e-13	1.550086170e-13	4.593741028e-13	8.320127081e-13
5.812257964e-13	1.210378418e-12	8.429394215e-13	8.814466667e-13	8.103099946e-13	9.773756747e-13	7.695420501e-13	6.193562583e-13	6.309611815e-13	6.159652093e-13	5.424171246e-13	5.719569292e-13	7.027007068e-13	3.653290109e-13	2.760313875e-13	4.606551657e-13	2.337563102e-13	1.075113242e-12	5.170219356e-13	5.113701873e-13	6.446007341e-13	2.978848144e-13	4.559076972e-13	5.595230829e-13	8.372123166e-14	-1.947969251e-13	2.330027437e-13	4.733904386e-13	7.036803431e-13	2.218499604e-13	6.681120071e-13	2.810802827e-14	3.999930672e-13	4.997652641e-13	-1.749027711e-13	6.898147206e-13	-5.079791383e-13	1.352651763e-13	-9.721007096e-15	1.703060158e-13	-5.870282580e-14	2.500333453e-13	3.232800034e-14	-5.501035024e-14	-1.415951344e-13	2.773878071e-13	4.748975715e-13	4.914006766e-13	8.989294082e-13	6.054906358e-13	8.498722328e-13	3.268971224e-13	2.855263247e-13	2.409151914e-13	1.100960571e-13	5.162683691e-13	3.103186606e-13	7.691652669e-13	2.601311356e-13	3.362413462e-13	9.565772409e-13	8.084260785e-13	3.388034721e-13	6.259122864e-13	8.643407085e-13	7.020224970e-13	9.333673945e-13	4.386510256e-13	2.907259332e-13	7.186009587e-13	4.109197806e-13	4.269707458e-13	9.251535203e-13	2.602818489e-13	9.094793383e-13	3.705286193e-13	7.843873090e-13	4.159686758e-14	-4.262171794e-13	9.306545553e-14	-2.540272475e-13	-2.620150517e-13	-1.996951070e-13	3.187586048e-14	5.125758936e-13	5.493499359e-13	4.936613759e-13	7.164156160e-13	1.045950221e-12	2.294308388e-12	2.137369887e-10	7.138723293e-11	2.506437341e-12	7.377415463e-13	1.489424072e-12	6.121220205e-13	1.389199735e-12	8.027743302e-13	4.094126477e-13	3.696996962e-13	2.645771776e-13	7.384951127e-15	-5.576391668e-15	8.889823311e-13	6.263644262e-13	7.169431125e-13	1.160492320e-12	5.697715865e-13	8.371369599e-13	8.471593936e-13	4.079055148e-13	4.061723120e-13	1.926115825e-13	4.360888997e-13	5.595230829e-13	7.488189730e-13	8.401512257e-13	5.856718384e-13	8.339719809e-13	6.232748038e-13	4.577162566e-13	8.364587501e-13	1.113469774e-12	1.117162250e-12	1.302614951e-12	1.205781663e-12	1.134192851e-12	6.262890696e-13	9.381148631e-13	6.794155037e-13	1.202390614e-12	1.014300430e-12	1.521224576e-12	8.795627506e-13	1.219797999e-12	7.255337699e-13	1.288297189e-12	1.148133830e-12	1.061021550e-12	1.147907760e-12	7.132506370e-13	3.546283674e-13	8.501736594e-13	6.093338247e-13	4.530441447e-13	3.790439201e-13	6.035313631e-13	4.092619344e-13	-4.446042005e-14	4.859749982e-13	8.226684843e-13	2.969805346e-13	9.617014927e-13	1.176618642e-12	8.127214072e-13	7.635135186e-13	5.846168454e-13	7.924504700e-13	8.321634214e-13	9.636607655e-13	9.890559546e-13	1.500426142e-12	1.478648072e-12	1.445943288e-12	1.446998281e-12	1.265464125e-12	1.409395316e-12	1.250016013e-12	1.130877159e-12	1.045799508e-12	1.420698812e-12	1.148284544e-12	1.073380039e-12	7.546214346e-13	1.055369801e-12	9.907891574e-13	8.071450156e-13	5.953928455e-13	5.852196985e-13	1.071194697e-12	1.479778421e-12	1.098775228e-12	1.239541440e-12	1.310678112e-12	1.093650977e-12	8.866462752e-13	1.006990836e-12	9.433898282e-13	9.185974923e-13	3.361659896e-13	4.561337671e-13	1.001489801e-12	6.740651820e-13	1.162526949e-12	1.197040292e-12	1.321830895e-12	1.240219650e-12	1.285433636e-12	6.544724545e-13	8.207845682e-13	4.387263823e-13	5.664558941e-13	8.169413793e-13	7.814483999e-14	4.731643687e-13	2.879377373e-13	5.807736565e-13	6.967475319e-13	4.084330113e-13	3.197382412e-13	1.762591907e-13	3.200396677e-13	6.303583284e-13	-1.677438899e-13	-2.742981847e-14	4.755004246e-14	2.843206184e-13	3.750500180e-13	7.485929031e-13	4.452824103e-13	5.399303554e-13	6.153623562e-13	3.146139894e-13	3.783657103e-13	3.617872486e-13	3.728646753e-13	6.513828321e-13	3.480723394e-13	3.849217384e-13	6.516842587e-13	2.046686455e-13	5.132541034e-13	1.587764492e-13	1.418212043e-13	6.299815452e-13	1.555361135e-13	1.345116098e-13	3.726386054e-13	9.953859127e-13	7.040571264e-13	7.472364835e-13	6.203358947e-13	4.581683965e-13	4.101662142e-13	6.442993075e-13	4.303617948e-13	-3.421191645e-14	5.929060762e-13	5.923785797e-13	4.051173190e-13	1.305101720e-12
6.675091539e-13	9.797870873e-13	1.339087567e-12	1.245117831e-12	1.026884990e-12	1.215879453e-12	8.377398131e-13	8.766238415e-13	1.236979314e-12	1.199225635e-12	1.158608404e-12	1.057178361e-12	1.100583788e-12	6.852179653e-13	1.137131760e-12	1.348431791e-12	1.224997607e-12	7.473118401e-13	1.477894505e-12	1.653098703e-12	1.524766338e-12	1.435242645e-12	1.228690083e-12	1.701703738e-12	1.187997495e-12	9.381902198e-13	1.207740936e-12	1.520697079e-12	1.072475760e-12	1.260113804e-12	1.113469774e-12	1.004805493e-12	1.506530030e-12	1.495000463e-12	1.244138195e-12	1.468927065e-12	1.668998955e-12	8.236481206e-13	1.165616572e-12	1.561088240e-12	7.492711129e-13	5.623866353e-13	9.717239264e-13	9.843084860e-13	1.493342617e-12	1.537953751e-12	1.318665916e-12	1.022137521e-12	1.182873243e-12	8.219149178e-13	1.021082528e-12	5.068487886e-13	1.151374166e-12	6.439225243e-13	7.411325953e-13	9.468562338e-13	9.399234226e-13	4.725615155e-13	8.938051564e-13	7.309594483e-13	5.932828595e-13	8.831798695e-13	9.860416888e-13	1.206158446e-12	1.284680070e-12	1.737121361e-12	1.392063288e-12	1.200958838e-12	1.115278334e-12	1.213920181e-12	9.669764578e-13	1.028316766e-12	1.165390502e-12	8.961412123e-13	1.452574673e-12	1.237958950e-12	1.399071455e-12	1.248282810e-12	9.647911152e-13	1.069160067e-12	1.120477942e-12	8.388701628e-13	6.271179927e-13	9.708196467e-13	1.016485773e-12	1.272999790e-12	1.559882534e-12	8.847623591e-13	1.117991173e-12	1.893637111e-12	2.432477809e-10	1.076683675e-10	2.935970213e-12	1.340217916e-12	7.710491830e-13	9.922962903e-13	7.497232527e-13	5.917757266e-13	8.298273655e-13	6.567331538e-13	8.620046525e-13	7.036049865e-13	9.875488217e-13	1.099679508e-12	1.123642921e-12	1.277370475e-12	1.192142111e-12	8.515300790e-13	8.069943023e-13	4.015755567e-13	8.463304705e-13	8.471593936e-13	7.019471403e-13	4.589219629e-13	8.669028344e-13	6.027777966e-13	4.697733197e-13	5.540974045e-13	3.308156679e-13	7.175459657e-13	-9.148296601e-14	8.696156736e-14	3.450580736e-13	-2.976587444e-14	2.571922265e-13	1.220777635e-14	-2.165749953e-13	-2.768603106e-13	-5.395535722e-14	1.392590784e-13	5.799447334e-13	2.007501000e-13	2.742981847e-13	-2.599804223e-13	-2.891434436e-13	-7.000632242e-14	3.155936257e-13	-9.246260238e-14	-4.766307743e-13	-2.467176530e-13	3.809278362e-13	4.069258785e-13	6.121220205e-13	5.689426634e-13	4.755004246e-13	2.953980451e-13	-1.390330085e-13	-5.598245094e-13	8.424872817e-14	5.350321735e-15	-2.607339888e-14	-1.527479177e-13	-2.617136252e-13	5.825068593e-14	9.381902198e-14	-7.980268616e-14	-2.206442541e-13	4.460359768e-13	1.551593303e-13	5.172480055e-13	6.825051261e-13	6.349550837e-13	7.115174341e-13	6.904175738e-13	5.049648725e-13	6.629123987e-13	7.234237839e-13	1.583243094e-13	4.987102710e-13	7.627599522e-13	8.018700505e-13	9.061636460e-13	3.907995566e-13	5.753479781e-13	1.212111621e-12	9.418073387e-13	1.206384516e-12	8.314098550e-13	8.564282609e-13	7.783587775e-13	6.502524824e-13	1.059439060e-12	9.555976046e-13	7.100856579e-13	7.121956439e-13	1.338107930e-12	5.549263276e-13	7.755705817e-13	9.497951430e-13	9.256810168e-13	1.182647173e-12	6.313379648e-13	8.585382469e-13	5.284761455e-13	5.571116703e-13	6.904175738e-13	8.683346106e-13	1.138563537e-12	9.632086256e-13	1.113319061e-12	7.662263578e-13	8.674303309e-13	1.450615400e-12	8.786584709e-13	1.098699872e-12	9.374366533e-13	9.191249888e-13	9.393959261e-13	6.035313631e-13	1.250543510e-12	1.049039843e-12	1.146174558e-12	1.189278558e-12	1.057178361e-12	1.270060881e-12	7.036803431e-13	9.682575208e-13	7.228962874e-13	1.100885214e-12	7.088045949e-13	1.011964374e-12	7.775298544e-13	6.374418529e-13	3.964513049e-13	1.271869440e-12	9.284692127e-13	5.076777117e-13	3.396323952e-13	4.379728158e-13	6.052645659e-13	9.038275900e-13	1.784972830e-12	1.219647286e-12	7.711245397e-13	7.018717837e-13	6.960693221e-13	8.399251558e-13	6.579388601e-13	8.470840370e-13	6.751955317e-13	7.848394489e-13	4.985595577e-13	-5.124251803e-15	7.195805951e-13	4.508588020e-13	2.797992198e-13	3.841681719e-13	6.388736292e-13	1.914812328e-13	1.963794147e-13	-1.706827990e-13
1.000208738e-12	8.507765125e-13	1.365010252e-12	1.427782337e-12	1.349637497e-12	1.259435594e-12	1.235321468e-12	9.240231707e-13	1.376991959e-12	1.022966444e-12	1.172624740e-12	7.544707213e-13	8.099332114e-13	1.165993355e-12	6.995357277e-13	1.121532935e-12	1.394323987e-12	1.226655454e-12	1.087321019e-12	7.049614061e-13	4.692458232e-13	5.273457958e-13	9.803899405e-13	1.074510389e-12	6.570345804e-13	5.249343832e-13	8.648682050e-13	8.081246519e-13	1.108571592e-12	1.453177526e-12	1.105632683e-12	9.152064433e-13	1.303142447e-12	1.107968739e-12	1.216030167e-12	9.439173247e-13	7.592181899e-13	1.039921689e-12	1.179482194e-12	1.245268545e-12	1.328839063e-12	1.463124603e-12	1.776909669e-12	1.359433861e-12	1.498391512e-12	1.162602306e-12	1.259209524e-12	1.531397723e-12	1.657167962e-12	9.864184720e-13	1.145948488e-12	1.006463339e-12	1.153182726e-12	1.401708938e-12	1.664326843e-12	1.310979538e-12	1.078730361e-12	1.659654731e-12	1.275712629e-12	1.234869328e-12	1.028166053e-12	1.255517048e-12	1.097192739e-12	1.169685831e-12	1.278350111e-12	1.058082641e-12	3.438523673e-13	7.777559244e-13	7.883058545e-13	1.066447228e-12	9.503979961e-13	1.171871173e-12	6.286251256e-13	5.154394460e-13	3.278014021e-13	5.436228310e-13	7.074481754e-13	6.183766220e-13	5.472399499e-13	6.378186362e-13	4.675879770e-13	6.609531259e-13	5.797186635e-13	5.648734046e-13	5.383478659e-13	9.868706119e-13	7.149084831e-13	9.227421077e-13	1.004277997e-12	1.085964599e-12	3.598430472e-12	1.827830414e-10	8.623286861e-12	1.029522472e-12	6.802444268e-13	8.022468337e-13	7.542446514e-13	1.020027535e-12	7.410572386e-13	9.680314508e-13	6.312626081e-13	6.949389724e-13	6.476149999e-13	1.030200682e-12	6.058674190e-13	9.586872270e-13	9.485140800e-13	1.220777635e-12	1.492438338e-12	1.521827429e-12	1.665758619e-12	1.502536128e-12	1.893712468e-12	1.213543398e-12	1.549860100e-12	1.096439172e-12	8.247784703e-13	1.102090921e-12	1.354158896e-12	8.254566801e-13	1.320399119e-12	8.399251558e-13	1.228388656e-12	2.572675832e-13	5.550016842e-13	1.264936629e-12	4.267446759e-13	5.042113061e-13	9.442941079e-13	1.438256910e-12	9.446708912e-13	1.364030616e-12	1.348657860e-12	1.462295680e-12	1.331702616e-12	1.116936180e-12	1.216934447e-12	1.401181441e-12	1.073229326e-12	9.480619401e-13	1.426049134e-12	8.214627780e-13	1.056726221e-12	1.222962978e-12	1.473147037e-12	1.375635539e-12	1.714137585e-12	1.490403708e-12	1.562670730e-12	1.337429721e-12	9.075954222e-13	1.471112407e-12	1.832522873e-12	1.181968964e-12	1.210303062e-12	1.634560968e-12	1.218893719e-12	1.103824124e-12	1.142180655e-12	8.405280089e-13	1.469153134e-12	4.978059913e-13	7.491203996e-13	1.196286726e-12	8.282448759e-13	9.473083737e-13	1.258531314e-12	1.055595871e-12	1.593642311e-12	1.628532437e-12	1.529287737e-12	1.491609414e-12	1.393193637e-12	1.500200072e-12	1.286262559e-12	1.056349438e-12	1.091993130e-12	1.236150391e-12	1.109551229e-12	1.522354925e-12	1.344362532e-12	1.416478840e-12	1.259661664e-12	1.379403371e-12	1.143763145e-12	1.350466420e-12	1.341348266e-12	7.971225819e-13	1.275486559e-12	4.903456835e-13	8.281695193e-13	9.826506398e-13	9.951598427e-13	1.101488068e-12	2.349620165e-13	5.233518937e-13	7.422629450e-13	5.296818518e-13	8.538661350e-13	8.143792534e-13	1.123567564e-12	8.556746944e-13	1.171946530e-12	1.228313300e-12	9.447462478e-13	8.913183871e-13	7.103870845e-13	6.672077274e-13	7.804687635e-13	1.066296515e-12	8.140024702e-13	9.357788071e-13	6.289265521e-13	8.641146386e-13	7.486682597e-13	5.615577123e-13	2.007501000e-13	7.358576302e-13	1.325297301e-12	6.677352239e-13	3.876345775e-13	5.782868873e-13	5.549263276e-13	1.016335060e-12	1.449560407e-12	1.708259766e-12	1.425370924e-12	1.135850697e-12	8.268884563e-13	1.039544906e-12	9.414305555e-13	1.288523258e-12	1.449183624e-12	1.180009691e-12	9.519804856e-13	1.154463788e-12	1.482114477e-12	1.335244378e-12	1.149490250e-12	1.007669046e-12	1.242480349e-12	7.696927634e-13	1.013848290e-12	1.092068487e-12	1.006011200e-12	8.328416312e-13	8.715749463e-13	6.282483423e-13	8.431654915e-13	7.365358400e-13	8.212367080e-13
1.320625189e-12	8.855912821e-13	9.932005700e-13	1.089204935e-12	1.025076430e-12	5.513845653e-13	6.131016569e-13	8.820495199e-13	2.107725337e-13	5.482195862e-13	7.449004275e-13	6.485946363e-13	4.666836973e-13	3.869563677e-13	4.018016266e-13	8.771513380e-13	1.654078339e-13	8.512286524e-13	9.039029467e-13	9.733817726e-13	7.901144140e-13	7.627599522e-13	1.314219874e-12	9.409030590e-13	8.479129601e-13	4.144615429e-13	1.191237831e-12	2.791210100e-13	8.023975470e-13	8.479129601e-13	5.263661594e-13	5.756494047e-13	6.976518116e-13	7.814483999e-13	1.397865749e-13	4.379728158e-13	5.213926209e-13	1.180838614e-13	7.153606230e-13	2.155200023e-13	8.017946938e-14	-1.077600011e-14	1.152956656e-13	4.122008435e-14	4.696979630e-13	-1.501104352e-13	-4.039116127e-14	-1.793488131e-13	-6.001403141e-13	-6.687902169e-13	-2.908766464e-13	-2.839438352e-13	-8.915444570e-13	-5.392521456e-13	-2.803267163e-14	5.897410972e-13	3.250132063e-13	2.281045619e-13	4.112212072e-13	1.258455957e-14	3.311924511e-13	1.663121137e-13	-1.666888969e-13	1.351144630e-13	-6.097859645e-13	-3.166486188e-13	-2.201921142e-13	-2.132593030e-13	3.112229404e-13	2.847727583e-13	2.080596945e-13	5.806229432e-13	-9.841577727e-14	-8.515300790e-15	-2.485262124e-13	-1.206459873e-13	-4.069258785e-14	-3.408381015e-13	-8.178456590e-13	-3.497301855e-13	8.779049044e-14	-5.306614882e-13	-4.628405084e-13	-1.462672463e-13	-9.581597305e-13	-2.022572329e-13	-2.390312753e-13	-3.097911641e-13	-6.126495170e-14	-3.299113881e-13	7.232730706e-13	2.649027183e-10	5.357872471e-11	-8.151328199e-13	-8.961412123e-13	-6.846904688e-13	-1.022815731e-12	-8.794120373e-13	-4.688690399e-13	-5.368407330e-13	-5.036838095e-13	-7.307333784e-13	-7.562039241e-13	-7.981022183e-13	-3.586976262e-13	-1.916319461e-13	-7.828048195e-13	-2.577950797e-13	-6.108409575e-13	-5.141583831e-13	-5.662298242e-13	-8.503243727e-13	-8.373630299e-13	-1.106009466e-12	-1.054164095e-12	-9.380395065e-13	-8.195035052e-13	-4.406102984e-13	-2.019558063e-13	-2.865813177e-13	8.583121770e-14	5.051909424e-13	5.552277542e-13	1.991676105e-13	1.106989103e-13	-1.572693164e-13	-4.513862985e-14	1.876380440e-14	-1.642774843e-14	1.004504067e-13	4.106183540e-13	7.874769314e-14	5.143090964e-13	5.100891243e-13	3.081333180e-13	4.868039213e-13	5.260647329e-13	5.651748312e-13	4.556062706e-13	9.711210733e-13	9.695385837e-13	7.386458260e-13	1.473222393e-13	4.808507464e-13	3.636711647e-13	4.889139073e-13	9.019436739e-13	1.085512459e-12	4.123515568e-13	9.904123742e-13	4.711297393e-13	3.041394158e-13	7.405297421e-13	4.038362560e-13	6.387982725e-13	5.335250406e-13	2.918562828e-13	2.596789958e-13	1.032084598e-12	1.544811205e-13	3.251639195e-13	1.736970648e-13	-2.324752472e-13	1.936665755e-13	5.979549714e-13	4.018769833e-13	5.150626628e-13	6.249326500e-13	1.078956431e-12	1.219496572e-12	7.288494623e-13	7.860451552e-13	5.910975168e-13	8.367601767e-13	3.726386054e-13	2.947951919e-13	2.418194711e-13	3.232800034e-13	7.690899103e-13	8.855159255e-13	6.746680351e-13	1.227861160e-12	1.114072627e-12	1.411580658e-12	5.816779363e-13	1.216633020e-12	9.048825830e-13	1.205254167e-12	8.137010436e-13	1.009929745e-12	8.105360646e-13	7.514564555e-13	7.614788892e-13	4.025551931e-13	5.105412642e-13	1.000208738e-12	1.057856571e-12	9.205567650e-13	4.490502425e-13	6.322422445e-13	4.557569839e-13	8.676564008e-13	4.080562281e-13	6.231994472e-14	4.026305497e-13	4.437752774e-13	7.745909453e-13	7.482161198e-13	1.013546864e-12	3.956223818e-13	2.953226885e-13	1.189127845e-13	4.329239207e-13	5.835618524e-13	3.736182417e-13	5.962217686e-13	5.468631667e-13	5.846922020e-13	4.570380468e-13	1.005257633e-13	1.914058762e-14	1.369983791e-13	1.333059035e-13	-5.327714742e-14	-2.357909396e-13	2.027093728e-13	-5.714294326e-13	1.648803374e-13	2.355648696e-13	-7.060917558e-14	3.574165632e-13	4.622376553e-13	-1.058007284e-13	5.322439777e-13	2.820599191e-13	4.496530957e-13	3.675143536e-13	7.338983575e-13	4.490502425e-13	6.806212100e-13	7.363097701e-13	6.965214619e-13	6.059427757e-13	2.625425482e-13	-2.161982121e-13	5.579405933e-13	5.317164812e-13	7.807701901e-13	4.063983819e-13	7.634381620e-13	8.580107504e-13
-1.896952803e-12	-2.294383745e-12	-2.617136252e-12	-2.193179772e-12	-1.870276551e-12	-2.396416641e-12	-2.028902287e-12	-2.057763882e-12	-2.128975911e-12	-1.796125613e-12	-1.867337642e-12	-2.136813002e-12	-1.830789670e-12	-1.995142511e-12	-2.107951407e-12	-1.925889755e-12	-1.526122757e-12	-1.894842817e-12	-2.076904470e-12	-1.638554871e-12	-1.662141500e-12	-1.943975349e-12	-1.796879180e-12	-1.841339600e-12	-2.342988780e-12	-1.874647237e-12	-2.129428051e-12	-2.102827155e-12	-1.854074873e-12	-2.142012610e-12	-1.988812553e-12	-2.067409532e-12	-1.921669783e-12	-2.014885951e-12	-2.106519631e-12	-2.176525953e-12	-1.704718004e-12	-2.142163323e-12	-2.244196220e-12	-1.986777923e-12	-2.540347831e-12	-1.794769194e-12	-2.285491661e-12	-2.723389120e-12	-2.280216696e-12	-2.736651889e-12	-2.358286179e-12	-2.264165730e-12	-2.189487296e-12	-2.489557453e-12	-2.430929984e-12	-2.458811942e-12	-2.797690771e-12	-2.711784197e-12	-2.912609653e-12	-2.912534297e-12	-2.750216085e-12	-3.052622298e-12	-2.499579887e-12	-2.661069175e-12	-2.390990962e-12	-2.555268447e-12	-2.583602545e-12	-2.261528248e-12	-2.289108780e-12	-2.460695858e-12	-3.154278411e-12	-2.797313988e-12	-2.873574912e-12	-2.834916953e-12	-2.847878296e-12	-3.058575473e-12	-3.037324899e-12	-2.739289372e-12	-2.350976584e-12	-2.760841372e-12	-2.384661004e-12	-3.359173127e-12	-2.746297540e-12	-2.602818489e-12	-2.723916616e-12	-2.863703191e-12	-2.903642213e-12	-2.951192255e-12	-2.272153535e-12	-2.523091160e-12	-2.227165618e-12	-2.083761924e-12	-2.460093005e-12	-2.733110127e-12	-2.699501064e-12	2.755882905e-10	1.377900006e-10	-1.952038510e-12	-2.150000414e-12	-2.291972332e-12	-2.486618544e-12	-2.698220001e-12	-2.079315882e-12	-2.230933450e-12	-2.608018098e-12	-2.205312191e-12	-2.504478069e-12	-2.599201370e-12	-3.102960536e-12	-2.638537539e-12	-2.961742185e-12	-2.981862409e-12	-3.034988843e-12	-2.945691220e-12	-2.714421679e-12	-2.801157177e-12	-2.634392923e-12	-2.503121649e-12	-2.529195048e-12	-2.855037177e-12	-2.437486012e-12	-2.742605064e-12	-3.030241375e-12	-3.007559025e-12	-3.057897263e-12	-2.610655580e-12	-3.319309462e-12	-3.121196844e-12	-2.667399133e-12	-2.812988170e-12	-2.840116562e-12	-3.034838130e-12	-2.954281878e-12	-2.813741736e-12	-2.603345986e-12	-3.007332955e-12	-2.830320198e-12	-3.046066270e-12	-2.769281316e-12	-3.227977209e-12	-2.768603106e-12	-2.907183975e-12	-3.008614018e-12	-3.096932005e-12	-3.426014470e-12	-2.385414571e-12	-2.987288088e-12	-2.496565621e-12	-2.444042040e-12	-2.302070122e-12	-2.436807802e-12	-2.877267387e-12	-3.109441208e-12	-2.821578827e-12	-3.347492847e-12	-2.916603555e-12	-3.423603057e-12	-2.992336983e-12	-2.901909010e-12	-2.978923500e-12	-3.003489766e-12	-2.727458379e-12	-2.722409483e-12	-2.917281765e-12	-3.298812455e-12	-2.982465262e-12	-2.553007747e-12	-2.555795943e-12	-2.590083216e-12	-2.763780281e-12	-2.934915220e-12	-2.825723443e-12	-2.647655692e-12	-2.815776366e-12	-3.129938215e-12	-2.533264307e-12	-2.699576420e-12	-2.743358631e-12	-2.953076171e-12	-2.496716334e-12	-2.741022575e-12	-2.663480588e-12	-3.040942018e-12	-3.181030020e-12	-3.176885404e-12	-3.060308676e-12	-2.630549734e-12	-2.282100612e-12	-2.724293400e-12	-2.916076059e-12	-2.775611274e-12	-3.421040931e-12	-3.035064200e-12	-2.906731835e-12	-2.686841147e-12	-3.089697767e-12	-2.916528199e-12	-2.594529258e-12	-2.688649707e-12	-3.155107334e-12	-2.858428226e-12	-2.972970325e-12	-2.875986324e-12	-2.902737933e-12	-2.578327580e-12	-2.667851273e-12	-2.377200697e-12	-2.463333341e-12	-2.643285007e-12	-2.665515217e-12	-2.524146153e-12	-2.755114267e-12	-2.705228169e-12	-2.688649707e-12	-2.588726797e-12	-3.184496425e-12	-2.815625652e-12	-2.542081034e-12	-2.338994878e-12	-2.838383359e-12	-2.679757623e-12	-2.674558014e-12	-2.760012449e-12	-2.956994717e-12	-2.905978269e-12	-3.052245515e-12	-3.053903361e-12	-2.555343803e-12	-2.695130378e-12	-1.856712355e-12	-2.167633869e-12	-1.949024244e-12	-2.539292838e-12	-2.807185708e-12	-2.895352982e-12	-2.646902126e-12	-2.875383471e-12	-2.492421006e-12	-2.571244055e-12	-2.654663860e-12	-2.629645455e-12	-2.233194150e-12	-2.196344751e-12	-2.123927016e-12	-2.461374068e-12	-2.180745925e-12	-2.072081644e-12	-3.011477570e-12	-3.019088592e-12	-2.951267612e-12	-2.243367297e-12	-2.690910406e-12	-2.693472532e-12	-2.532360027e-12	-2.701384980e-12
-1.481285554e-12	-1.470660267e-12	-2.108931043e-12	-1.626573164e-12	-2.015790231e-12	-1.587915206e-12	-1.617831793e-12	-1.949928524e-12	-1.934254342e-12	-2.101395379e-12	-2.413371886e-12	-2.380893172e-12	-1.975775853e-12	-2.364917564e-12	-2.181499492e-12	-2.248717618e-12	-1.903885615e-12	-2.276147437e-12	-1.903132048e-12	-1.717302564e-12	-1.954073140e-12	-1.935761475e-12	-2.517439411e-12	-2.027621224e-12	-2.095366847e-12	-1.712931878e-12	-1.637123094e-12	-9.707442900e-13	-1.074435032e-12	-1.813080858e-12	-1.399900379e-12	-1.118594026e-12	-1.318439846e-12	-1.195231733e-12	-9.892066679e-13	-1.241349999e-12	-1.457020715e-12	-1.134644991e-12	-1.558601471e-12	-1.276541552e-12	-1.867111572e-12	-1.788213166e-12	-1.675630339e-12	-1.609316493e-12	-1.770278285e-12	-1.429289470e-12	-1.973967294e-12	-2.062059211e-12	-1.479703065e-12	-1.016410416e-12	-1.141201019e-12	-1.041127396e-12	-1.112188711e-12	-1.381438001e-12	-1.175186866e-12	-1.702080522e-12	-1.765229389e-12	-2.065827043e-12	-1.473222393e-12	-1.643000913e-12	-1.594169807e-12	-1.569980324e-12	-1.458979988e-12	-1.662819710e-12	-1.594772660e-12	-2.395889144e-12	-1.850307041e-12	-2.031087630e-12	-2.372528585e-12	-2.104560358e-12	-2.354367633e-12	-2.294006961e-12	-1.944804272e-12	-1.687385976e-12	-1.869749055e-12	-1.808484103e-12	-1.804791628e-12	-1.471639904e-12	-2.031464413e-12	-2.049323938e-12	-1.939604664e-12	-2.123625589e-12	-1.926944748e-12	-1.696880913e-12	-1.687159906e-12	-1.688064186e-12	-1.950682091e-12	-2.250526178e-12	-1.849101334e-12	-1.656188325e-12	-1.338409357e-12	1.077600011e-13	2.089646525e-10	-2.232440583e-12	-2.402068389e-12	-2.258740052e-12	-2.279764556e-12	-1.784596047e-12	-2.175395604e-12	-2.115863855e-12	-2.355648696e-12	-2.069293449e-12	-1.810820159e-12	-1.835235712e-12	-1.750233417e-12	-1.819335460e-12	-2.269214626e-12	-2.129051267e-12	-2.464388334e-12	-2.319477507e-12	-2.462504418e-12	-2.058969588e-12	-2.327088528e-12	-2.204181842e-12	-2.160776415e-12	-2.050077504e-12	-2.198831520e-12	-2.137717281e-12	-1.582489527e-12	-1.758824075e-12	-1.884820384e-12	-1.546544408e-12	-1.372470560e-12	-1.285659706e-12	-1.654153696e-12	-1.580379541e-12	-1.670204661e-12	-1.776758956e-12	-1.886252160e-12	-1.926417251e-12	-1.484375177e-12	-1.559505751e-12	-1.542173723e-12	-1.664402200e-12	-1.500124715e-12	-1.305478503e-12	-1.327708713e-12	-1.517532100e-12	-1.044970585e-12	-9.519804856e-13	-1.700045892e-12	-1.827624691e-12	-1.732976746e-12	-1.856787712e-12	-2.107876050e-12	-1.831091096e-12	-2.099963603e-12	-1.577214562e-12	-1.281665804e-12	-1.287392909e-12	-1.665909332e-12	-2.034704749e-12	-2.008857420e-12	-1.531171653e-12	-1.932295069e-12	-1.611803262e-12	-1.258983454e-12	-1.448731484e-12	-1.694846284e-12	-2.087981896e-12	-1.849101334e-12	-1.824911852e-12	-1.639986647e-12	-1.953168860e-12	-1.960855238e-12	-2.303501899e-12	-2.349770878e-12	-1.895370314e-12	-2.164242820e-12	-2.322341060e-12	-1.950682091e-12	-1.922046566e-12	-1.996951070e-12	-1.771031851e-12	-1.638479514e-12	-1.768771152e-12	-1.828453614e-12	-1.692887011e-12	-1.784294620e-12	-1.400427875e-12	-1.685275990e-12	-1.861610537e-12	-1.931315433e-12	-1.922046566e-12	-2.133346596e-12	-1.571487457e-12	-1.654078339e-12	-1.954751349e-12	-2.650368532e-12	-2.095668274e-12	-2.319778934e-12	-2.376673200e-12	-2.077055183e-12	-1.832296803e-12	-2.068765952e-12	-1.702381948e-12	-1.454458589e-12	-1.803359851e-12	-2.309907213e-12	-1.872537251e-12	-1.851512747e-12	-2.074568414e-12	-1.773518620e-12	-1.779245725e-12	-1.751137697e-12	-1.561992520e-12	-2.046083602e-12	-2.186322317e-12	-2.324526402e-12	-1.874647237e-12	-2.226487408e-12	-2.285039521e-12	-2.611785930e-12	-2.349620165e-12	-2.318723941e-12	-2.508848754e-12	-2.372377871e-12	-2.263638234e-12	-1.961081308e-12	-1.708561193e-12	-2.027244441e-12	-2.132969813e-12	-2.052338204e-12	-2.235304136e-12	-2.191898709e-12	-1.950983517e-12	-2.151281477e-12	-2.658582406e-12	-2.156179659e-12	-2.324752472e-12	-2.489256026e-12	-1.866659432e-12	-2.274715661e-12	-1.977509056e-12	-2.240126961e-12	-2.054372833e-12	-2.388052053e-12	-2.329047801e-12	-1.936891825e-12	-1.873742957e-12	-1.547976184e-12	-2.069594875e-12	-2.042014343e-12	-1.922046566e-12	-1.545037275e-12	-1.514969974e-12	-1.821897586e-12	-1.818205110e-12	-1.585654506e-12	-1.901248132e-12	-1.988661839e-12
-1.291537524e-12	-1.204500600e-12	-9.595161501e-13	-1.334114028e-12	-1.320399119e-12	-1.195005663e-12	-1.068029718e-12	-7.320144413e-13	-1.286865412e-12	-6.086556149e-13	-5.400057120e-13	-7.673567075e-13	-7.088799516e-13	-9.154325132e-13	-1.152730586e-12	-1.215351957e-12	-1.507057527e-12	-1.369908434e-12	-1.584900940e-12	-1.410751735e-12	-8.907155339e-13	-7.628353088e-13	-5.109934040e-13	-8.299780788e-13	-8.442204845e-13	-7.603485396e-13	-7.439207911e-13	-1.102844487e-12	-9.855895489e-13	-9.077461355e-13	-8.223670577e-13	-1.080312851e-12	-1.246022111e-12	-1.266971258e-12	-1.553929359e-12	-1.148209187e-12	-9.855895489e-13	-1.096740599e-12	-6.858208185e-13	-8.555993378e-13	-1.145571704e-12	-8.592918133e-13	-9.519804856e-13	-1.310376685e-12	-1.265464125e-12	-8.836320094e-13	-1.174960796e-12	-1.556265415e-12	-1.590326618e-12	-1.182873243e-12	-1.175789719e-12	-1.298394979e-12	-1.716473641e-12	-1.463576743e-12	-1.586106646e-12	-1.502686841e-12	-1.141803872e-12	-1.201109551e-12	-1.519340660e-12	-1.328688350e-12	-1.486259093e-12	-1.816170481e-12	-1.808559460e-12	-1.569603541e-12	-1.812251935e-12	-1.765229389e-12	-1.532980212e-12	-1.490479065e-12	-1.366215959e-12	-1.334264741e-12	-1.938775741e-12	-1.902001699e-12	-1.871180831e-12	-1.938775741e-12	-1.697031626e-12	-1.273301216e-12	-1.680076381e-12	-1.352727119e-12	-1.581057751e-12	-1.686858479e-12	-1.317686280e-12	-2.120535967e-12	-1.803962704e-12	-1.527177750e-12	-2.131010540e-12	-1.775327180e-12	-1.829734677e-12	-1.572165667e-12	-2.049022511e-12	-1.686029556e-12	-1.649255514e-12	1.576460996e-13	2.609937431e-10	-9.565018843e-13	-1.576159569e-12	-1.291010028e-12	-1.649632297e-12	-1.161170530e-12	-1.319042699e-12	-1.601253332e-12	-1.159211257e-12	-9.241738839e-13	-8.074464421e-13	-9.269620798e-13	-7.779066376e-13	-1.148133830e-12	-7.478393366e-13	-4.932092360e-13	-8.543936315e-13	-5.798693768e-13	-7.894362042e-13	-5.363885931e-13	-7.288494623e-13	-1.036832067e-12	-1.333435818e-12	-1.207891649e-12	-1.156799844e-12	-8.335951977e-13	-9.813695769e-13	-1.075339312e-12	-4.742947183e-13	-9.100821915e-13	-7.978007917e-13	-4.075287316e-13	-9.572554507e-13	-7.476132667e-13	-7.046599795e-13	-4.956206486e-13	-2.070800581e-13	-5.627634186e-13	-7.635135186e-13	-2.714346323e-13	-7.120449306e-13	-6.473135733e-13	-7.788109174e-13	-7.135520635e-13	-3.241842832e-13	-2.128071631e-13	-7.941083161e-13	-1.295079286e-12	-8.601207364e-13	-1.089204935e-12	-1.137659257e-12	-8.753427785e-13	-6.049631393e-13	-1.046779144e-12	-9.913920105e-13	-8.085767918e-13	-1.550538310e-12	-1.297038559e-12	-1.716322927e-12	-1.857541278e-12	-1.383774057e-12	-1.023795368e-12	-1.044593801e-12	-1.366065245e-12	-6.982546648e-13	-8.546950580e-13	-1.169233691e-12	-7.122710006e-13	-7.455786373e-13	-6.988575179e-13	-5.941871392e-13	-5.719569292e-13	-3.198135978e-13	-8.802409604e-13	-8.456522607e-13	-8.112142744e-13	-9.856649056e-13	-1.016485773e-12	-8.618539392e-13	-9.499458563e-13	-6.021749435e-13	-9.228928210e-13	-7.438454345e-13	-5.696208732e-13	-7.542446514e-13	-1.085135676e-12	-1.114298697e-12	-1.078353578e-12	-1.775779320e-12	-1.200958838e-12	-1.233965048e-12	-1.109777299e-12	-1.234266475e-12	-1.421301665e-12	-1.014978640e-12	-1.818883320e-12	-1.306834923e-12	-1.376389106e-12	-1.164260152e-12	-1.529137023e-12	-1.638253444e-12	-1.235924321e-12	-1.214447677e-12	-1.489198002e-12	-1.387165106e-12	-1.014451144e-12	-8.244770437e-13	-4.198872212e-13	-7.418108051e-13	-8.442958411e-13	-1.011964374e-12	-8.090289317e-13	-7.792630572e-13	-6.922261332e-13	-1.039017410e-12	-9.727789194e-13	-1.254085272e-12	-1.543454786e-12	-1.661011151e-12	-1.755734452e-12	-1.808333390e-12	-1.311657748e-12	-1.286865412e-12	-1.447299708e-12	-1.251297076e-12	-1.259963090e-12	-1.102995201e-12	-1.344136462e-12	-1.033365661e-12	-5.011216836e-13	-7.762487915e-13	-5.658530410e-13	-7.014196438e-13	-1.037962417e-12	-9.395466394e-13	-1.214975174e-12	-9.849113391e-13	-1.015882920e-12	-9.510008493e-13	-7.207863014e-13	-6.348043704e-13	-8.601207364e-13	-6.171709157e-13	-5.636676983e-13	-1.115730473e-12	-9.589886536e-13	-1.615646451e-12	-9.419580520e-13	-1.170137970e-12	-8.040553932e-13	-3.976570112e-13	-8.560514776e-13	-1.093650977e-12	-7.586153367e-13	-1.268252321e-12	-7.886826378e-13	-8.939558696e-13	-5.605027192e-13	-1.095610249e-12
-9.916934371e-14	-7.604238962e-13	-3.372963392e-13	-7.652467214e-13	-8.213120647e-13	-8.273405962e-13	-1.318967343e-12	-1.115127620e-12	-5.118223271e-13	-6.448268041e-13	-8.698417435e-13	-1.120402585e-12	-9.466301639e-13	-1.361619203e-12	-1.173453663e-12	-1.458829274e-12	-1.376238392e-12	-1.515798897e-12	-5.462603135e-13	-1.145270278e-12	-7.329940777e-13	-9.011147508e-13	-1.364105973e-12	-1.283851147e-12	-8.378905264e-13	-8.491186664e-13	-1.119347592e-12	-9.216871147e-13	-1.398468602e-12	-1.500426142e-12	-1.481059484e-12	-1.177146138e-12	-8.525850720e-13	-1.308718839e-12	-1.154840572e-12	-1.047909494e-12	-6.577881469e-13	-7.750430852e-13	-1.145647061e-12	-1.274959063e-12	-8.620800092e-13	-1.132459648e-12	-9.314834784e-13	-1.422130589e-12	-1.154991285e-12	-1.374429833e-12	-1.214221607e-12	-1.201260265e-12	-1.567116772e-12	-1.040750612e-12	-1.158909831e-12	-1.212639118e-12	-1.374354476e-12	-1.102392347e-12	-8.928255200e-13	-1.160944460e-12	-1.120553299e-12	-8.318619949e-13	-9.201799818e-13	-9.659214648e-13	-1.110907648e-12	-8.069189456e-13	-9.510008493e-13	-7.766255747e-13	-1.102995201e-12	-8.553732678e-13	-1.366894168e-12	-3.125040033e-13	-4.559076972e-13	-7.471611268e-13	-2.507115551e-13	-5.343539637e-13	-4.006712770e-13	-4.727875854e-13	-5.210911944e-13	-8.864202052e-13	-5.645719780e-13	-5.813011530e-13	-7.800919803e-13	-6.990082312e-13	-1.036153857e-13	-4.601276692e-13	-6.777576576e-13	-7.271916161e-13	-5.437735442e-13	-6.314886780e-13	-6.053399225e-13	1.934405056e-13	3.373716959e-13	4.295328717e-13	2.200414009e-13	1.127938250e-12	2.858692728e-10	1.627703514e-14	4.709790260e-14	-3.060233319e-13	-9.814449335e-13	-5.937349993e-13	-7.855930153e-13	-1.085211033e-12	-9.201046252e-13	-8.925994500e-13	-4.797957534e-13	-4.060969554e-13	-4.477691796e-13	-4.293068018e-13	-9.267360099e-13	-7.268901895e-13	-5.115962572e-13	-9.094793383e-13	-5.495760058e-13	-9.919948637e-13	-4.863517814e-13	-6.954664689e-13	-6.036067197e-13	-4.048912491e-13	-2.797238631e-13	-5.584680899e-13	-4.284778787e-13	-4.574901867e-13	-9.839317028e-13	-7.204848748e-13	-9.186728489e-13	-1.228237943e-12	-6.519856853e-13	-5.270443692e-13	-5.119730404e-13	-1.170288684e-13	-3.223003671e-13	-1.886930370e-13	-1.323262671e-13	-6.230487339e-13	-8.133242604e-13	-7.873262182e-13	-5.064720054e-13	-3.919299063e-13	-8.709720932e-13	-1.003750500e-12	-7.243280636e-13	-1.423487008e-13	-7.540939381e-13	-1.052280179e-12	-6.723319792e-13	-1.274959063e-12	-9.500965695e-13	-1.153258082e-12	-1.221154419e-12	-1.249036377e-12	-1.424165218e-12	-1.064111172e-12	-1.270663734e-12	-1.018821829e-12	-9.658461082e-13	-9.222146112e-13	-6.774562310e-13	-8.556746944e-13	-1.011436878e-12	-5.567348870e-13	-1.005257633e-12	-4.076794449e-13	-2.082104078e-13	-7.991572113e-13	-6.954664689e-13	-1.357474588e-12	-9.193510587e-13	-7.754198684e-13	-8.748152820e-13	-3.606568989e-13	-1.021610025e-12	-8.811452401e-13	-5.305107749e-13	-8.811452401e-13	-4.075287316e-13	-3.794207033e-13	-4.580176832e-13	-6.632138252e-13	-3.877099342e-13	-7.199573783e-13	-5.986331812e-13	-9.332166812e-13	-7.522100220e-13	-7.390979659e-13	-8.436929880e-13	-6.022503001e-13	-6.831833359e-13	-5.968999784e-13	-6.411343285e-13	-8.108374911e-13	-1.066597941e-12	-8.592918133e-13	-7.443729310e-13	-4.795696834e-13	-5.693948033e-13	-8.439190579e-13	-6.345783005e-13	-2.916302129e-13	-8.076725121e-13	-3.802496264e-13	-6.318654613e-13	-7.426397282e-13	-5.369914463e-13	-9.926730735e-13	-3.752760879e-13	-5.951667756e-13	-6.369143564e-13	-3.526690947e-13	-7.462568471e-13	-3.892924237e-13	-1.158231621e-13	-6.096352512e-14	1.647296241e-13	-1.984140441e-13	-2.937401989e-13	-3.894431370e-13	-4.042883959e-13	-4.577916133e-13	-3.697750529e-13	-8.138517569e-14	-6.954664689e-13	-4.438506341e-13	-3.597526192e-13	-4.687183267e-13	-1.097192739e-13	-3.146139894e-13	2.547054573e-14	-7.375154764e-13	-7.303565952e-13	-7.579371269e-13	-5.953174888e-13	-6.874786647e-13	-1.045272011e-12	-8.121185541e-13	-1.048060207e-12	-9.039783033e-13	-5.568856003e-13	-8.141531835e-13	-1.053184459e-12	-7.436193645e-13	-1.189203201e-12	-1.164863005e-12	-7.638149452e-13	-8.317866382e-13	4.792682568e-14	-9.320863316e-13	-8.320880648e-13	-4.876328443e-13	-8.387194495e-13	-7.399268890e-13	-3.949441720e-13	-5.291543553e-13	-3.791192768e-13
-6.796415737e-13	-5.593723696e-13	-4.262925360e-13	-4.398567319e-13	-9.816710034e-13	-1.319645552e-12	-3.980337944e-13	-6.721812659e-13	-4.440013474e-13	-4.466388299e-13	-4.030826896e-13	-1.076092879e-13	-2.057236386e-13	-3.647261577e-13	-3.677404235e-13	-1.601328688e-13	-6.390243425e-13	-1.886176803e-13	-1.381287287e-13	-9.502472828e-13	-2.159721422e-13	-3.389541854e-13	-1.614892884e-13	-5.892889573e-14	-1.532754142e-13	-1.059514417e-12	-4.174758086e-14	-3.107708005e-13	-3.108461572e-13	-4.524412915e-13	-7.038310564e-13	-7.158881195e-15	-1.936665755e-13	-6.280222724e-13	-7.344258540e-13	-4.198118646e-13	-1.155292712e-12	-7.522100220e-13	-7.711245397e-13	-9.605711431e-13	-3.293085350e-13	-7.905665539e-13	-8.009657708e-13	-1.095760963e-12	-7.742141621e-13	-7.475379100e-13	-5.986331812e-13	-8.739110023e-13	-1.427254840e-13	-6.278715591e-13	-3.915531230e-13	9.344223876e-14	-6.626863287e-13	-6.789633639e-13	-8.114403443e-13	-9.370598701e-13	-1.175865075e-12	-7.751184418e-13	-6.321668878e-13	-7.175459657e-13	-3.333777938e-13	-6.354072235e-13	-9.806913671e-13	-8.690881771e-13	-1.340594700e-13	-3.579440597e-13	8.892084011e-15	-2.501840586e-13	-6.733869722e-13	-3.385020456e-13	-3.707546893e-13	-8.605728763e-13	-5.247083133e-13	-6.693177134e-13	-9.878502483e-13	-1.313617021e-12	-6.610284826e-13	-1.020705745e-12	-7.885319245e-13	-1.057178361e-12	-5.560566772e-13	-3.544022975e-13	-4.942642290e-13	-4.001437805e-14	2.944184087e-13	-1.806298760e-13	-1.125828264e-13	1.943447853e-13	-7.332201477e-14	-2.094161141e-13	6.767026645e-14	4.438506341e-13	3.770846474e-12	4.702254595e-14	-1.550086170e-13	-3.549297940e-13	-3.162718355e-13	-6.923014899e-13	-6.750448184e-13	-1.011210808e-12	-5.922278664e-13	-1.108345522e-12	-8.743631422e-13	-6.286251256e-13	-2.817584925e-13	-2.295363381e-13	1.703060158e-14	-4.574901867e-13	-6.480671398e-15	-3.649522277e-13	-1.715117221e-13	-3.865042279e-13	-2.095668274e-13	-2.343591633e-13	-1.603589388e-13	-3.658565074e-13	2.287074150e-13	-6.653238113e-13	-1.179632908e-12	-9.112125412e-13	-4.290053752e-13	-8.793366807e-13	-3.751253746e-13	-3.939645357e-13	-7.916969035e-13	-7.187516720e-13	-7.811469733e-13	-7.858944419e-13	-7.247048469e-13	-5.553784674e-13	-6.282483423e-13	-9.637361221e-13	-6.265151395e-13	-9.633593389e-13	-2.023325896e-13	1.705320857e-13	1.568925331e-13	-4.231275569e-13	-4.967509983e-13	3.202657377e-14	2.745242547e-13	-1.067803648e-13	-4.488995292e-13	-2.086625477e-13	-4.286285920e-13	-7.110652943e-13	-1.186942502e-12	-1.330647623e-12	-1.098398445e-12	-8.428640649e-13	-4.236550535e-13	-5.614823556e-13	-6.848411821e-13	-8.276420228e-13	-6.094845379e-13	-7.550735745e-13	-4.331499906e-13	-8.092550016e-13	-6.242544402e-13	-5.074516418e-13	-1.653324773e-13	-6.382707760e-14	-2.232063800e-13	-8.530372119e-14	-4.260664661e-13	-3.575672765e-13	-4.797203967e-13	-6.307351116e-13	-9.216871147e-13	-1.046477717e-12	-1.403442141e-12	-7.750430852e-13	-5.138569565e-13	-1.052430892e-12	-4.763293477e-13	-6.736130421e-13	-8.920719535e-13	-1.018143619e-12	-5.201869146e-13	-7.982529316e-13	-6.561303007e-13	-5.287775721e-13	-2.972819612e-13	-4.648751378e-13	-8.977237018e-13	-3.499562555e-13	-4.822071660e-13	-3.504837520e-13	-2.339823801e-13	-3.353370665e-14	-7.822019664e-14	3.054958354e-13	4.749729281e-13	1.703060158e-14	1.721145753e-13	-1.366969525e-13	-1.728681417e-13	-1.046703787e-13	3.817567593e-13	2.982615976e-13	2.623164783e-13	3.136343530e-13	1.715870787e-13	8.515300790e-15	-2.125057365e-14	-2.843206184e-13	-2.698521427e-13	-3.752760879e-13	-6.889857975e-13	-3.270478356e-14	-3.010497934e-13	-2.144650093e-13	-1.589271625e-13	-6.293786920e-13	-3.660072207e-13	1.356419595e-13	-1.663121137e-13	6.947882591e-14	-5.591462996e-14	4.137079764e-13	-3.391048987e-14	-2.525201146e-13	-3.378238358e-13	-3.298360315e-13	-3.744471648e-13	-4.085083680e-13	-2.023325896e-13	-8.913937437e-13	-9.173164293e-13	-6.492728461e-13	-4.134819065e-13	-4.011234169e-13	5.636676983e-14	2.582472195e-13	-2.341330934e-13	-1.188374278e-13	-3.799481998e-13	-2.293856248e-13	-4.039116127e-14	-5.595230829e-13	-3.321720874e-13	-3.449827170e-13	-2.547808139e-13	-4.265186059e-13	5.003681172e-14	-1.932144356e-13	1.005257633e-13	-2.363937927e-13	-1.021836095e-13	3.545530108e-13	2.509376250e-13
-1.678946032e-13	-2.640496811e-13	-6.708248463e-13	-3.923820461e-13	-2.094914708e-14	-5.507063555e-13	-1.877134006e-13	-5.629141319e-13	-3.484491226e-13	-4.302110815e-13	-4.336774871e-13	-6.678859372e-13	-8.491940230e-13	-5.580913066e-13	-4.831114457e-13	-8.524343587e-13	-1.249413160e-13	-5.014231102e-13	-2.223021003e-13	-3.816814027e-13	1.846237782e-14	-4.124269135e-13	-1.642021276e-13	-2.539518908e-14	2.800252897e-13	2.461901565e-13	-1.414444211e-13	1.087396375e-13	3.436262974e-13	3.660825773e-13	1.148435257e-13	3.110722271e-13	5.420403414e-13	-2.927605626e-13	1.057253718e-13	-5.350321735e-15	5.470892366e-14	-1.635239178e-14	1.156724488e-13	-2.890680870e-13	-5.634416284e-13	-6.155884261e-13	-5.017998934e-13	-4.659301308e-13	-5.088080614e-13	-6.446007341e-13	-1.094479900e-12	-4.974292081e-13	-4.235043402e-13	-4.848446485e-13	-3.418930945e-13	-5.870282580e-14	-1.360940993e-13	-3.113736537e-13	-1.544811205e-14	-6.680366505e-13	-4.939628025e-13	-3.993902140e-13	-3.190600314e-13	9.705935768e-14	-5.949407056e-13	1.184606446e-13	-3.487505492e-13	-1.690249528e-13	-3.725632487e-13	-6.506292657e-13	-3.743718082e-13	-6.107656009e-13	-4.492763125e-13	-3.814553327e-13	-3.946427455e-13	-7.944097427e-13	-6.302829717e-13	-2.810802827e-14	-3.204918076e-13	-5.567348870e-13	-2.574936531e-13	9.042797299e-14	-4.481459628e-13	-4.022537665e-13	-2.737706882e-13	-8.653957015e-13	-4.200379345e-13	-5.739162019e-13	-1.849252048e-13	-2.825874156e-14	6.337493774e-14	1.364708826e-13	7.769270013e-14	7.747416586e-13	5.380464393e-13	9.758685418e-13	3.435057267e-12	2.847131512e-10	1.391837218e-13	-3.391802554e-13	4.274228857e-13	-1.996197504e-13	-2.622411217e-14	2.551575971e-13	4.956960053e-13	6.126495170e-13	9.700660802e-13	4.868792779e-13	2.076829113e-13	1.187620712e-13	-1.397865749e-13	5.681890969e-14	-2.041411490e-13	-1.714363655e-13	2.189110513e-13	2.848481149e-13	4.577162566e-13	1.733202816e-15	2.403876949e-14	7.166416859e-14	2.042165057e-14	9.834042063e-14	1.188374278e-13	1.459658197e-13	-7.867233650e-14	-1.782938201e-13	-3.916284797e-13	-2.815324226e-13	-6.601995595e-13	7.422629450e-14	-5.296818518e-13	-1.484525890e-13	-1.051225186e-13	4.219972073e-15	-2.290841982e-13	2.629946881e-14	-9.796363740e-14	1.963794147e-13	-2.463408698e-13	1.223791901e-13	-6.140812932e-13	-3.280274720e-13	-4.510095153e-13	-1.514668548e-13	1.357926728e-13	2.067786316e-13	-1.094178473e-13	6.970489585e-14	-1.687988829e-14	5.323946910e-13	1.941187154e-13	1.814587991e-13	1.186113579e-13	-2.210963940e-13	-3.153675558e-13	-6.932811263e-15	-1.434036938e-13	-1.445340435e-13	-8.130981905e-14	-4.785146904e-14	-2.750517512e-14	5.779854607e-14	9.042797299e-15	-1.098699872e-13	3.098665208e-13	9.351759540e-14	5.547756143e-13	2.511636950e-13	1.966054846e-13	5.395535722e-13	5.563581038e-13	7.406050988e-13	2.148417925e-13	5.801708034e-13	1.134795704e-12	1.058685494e-12	9.069925691e-13	1.069838277e-12	6.724073358e-13	3.932109692e-13	8.305055753e-13	4.476184663e-13	3.551558639e-13	3.583961996e-13	6.008185239e-13	7.828801762e-13	3.498808988e-13	1.575707429e-13	4.458099068e-13	7.679595606e-13	8.075217988e-13	1.415800630e-12	8.231206241e-13	5.353336001e-13	3.764817942e-13	6.628370420e-13	5.999896008e-13	8.517561489e-13	1.023343228e-12	5.499527891e-13	5.549263276e-13	1.525218478e-13	5.338264672e-13	3.345835001e-13	-2.220760303e-13	-5.018752501e-14	4.286285920e-13	9.540151150e-14	1.605096521e-13	1.535768408e-13	7.008167907e-14	2.435526739e-13	1.138638893e-13	-3.413655980e-14	5.024781032e-13	3.467159198e-13	3.568890667e-13	-3.555326471e-13	1.103974837e-13	4.741440050e-13	5.546249010e-14	-7.008167907e-14	1.681206731e-13	1.101714138e-13	-5.538713346e-14	-7.531143017e-13	-1.996951070e-14	-6.190548318e-13	1.360187427e-13	1.553854003e-13	-5.101644809e-14	2.018050931e-13	-4.903456835e-13	2.042165057e-14	1.443079736e-13	2.388052053e-13	-7.286987490e-14	1.974344077e-13	-1.535768408e-13	-2.260699325e-14	5.802461600e-15	1.648049808e-13	-5.629141319e-13	-1.926869391e-13	-1.790473865e-13	-2.006747434e-13	-1.148435257e-13	6.096352512e-14	-1.022589661e-13	5.357857400e-14	4.082069414e-13	4.547773475e-13	1.018821829e-13	-6.744419652e-14	4.189075849e-13
-1.727174284e-13	-1.421979875e-13	-5.870282580e-13	-4.250868297e-13	-3.553819338e-13	-5.617837822e-13	-5.601259360e-13	9.246260238e-14	-1.948722818e-13	-1.919333727e-13	-2.320231074e-13	-3.206425209e-13	-1.683467430e-13	-5.370668029e-13	-4.855228583e-13	-5.146858796e-14	-5.259893762e-13	-1.807052327e-13	-3.257667727e-13	-5.854457685e-13	-5.814518663e-13	-3.372209826e-13	-5.734640620e-13	-1.608110786e-13	-7.110652943e-13	-6.498003426e-13	-2.857523946e-13	-4.003698504e-13	-6.031545798e-13	-2.846220450e-13	-5.183783552e-13	-5.704497963e-13	-5.267429427e-13	-7.412079519e-13	-1.051149829e-12	-4.481459628e-13	-6.136291534e-13	-9.916180805e-13	-1.483998393e-12	-6.379693494e-13	-1.065015452e-12	-9.549193948e-13	-7.250062734e-13	-8.234220507e-13	-1.136001411e-12	-1.072098976e-12	-1.137131760e-12	-8.582368203e-13	-1.106084823e-12	-1.236225747e-12	-1.034119228e-12	-4.776104107e-13	-7.268901895e-13	-1.062679396e-12	-7.577110570e-13	-1.092068487e-12	-3.963759483e-13	-4.515370118e-13	-7.935808196e-13	-4.855982150e-13	-1.567418198e-14	-5.047388026e-13	-4.440767040e-13	-3.090375977e-13	-3.877099342e-13	-3.237321433e-13	-6.116698806e-13	-4.154411792e-13	-8.189006521e-13	-5.110687607e-13	-7.613281759e-13	-3.637465213e-13	-8.777541911e-13	-7.565807073e-13	-9.892066679e-13	-8.222163444e-13	-1.153559509e-12	-9.837809895e-13	-1.192971034e-12	-1.281741160e-12	-1.018369689e-12	-1.164938362e-12	-1.231478279e-12	-1.001489801e-12	-9.068418558e-13	-9.580843738e-13	-9.053347229e-13	-5.449038939e-13	-1.268101608e-12	-8.280188060e-13	-6.401546921e-13	-4.219972073e-15	1.487841582e-12	1.403595115e-10	1.553362677e-10	1.872996173e-10	1.835992293e-10	1.615054901e-10	1.484936584e-10	1.378633226e-10	1.307125046e-10	1.227546169e-10	1.183539396e-10	1.138180725e-10	1.096947830e-10	1.062303366e-10	1.028077886e-10	9.976616833e-11	9.643909714e-11	9.444380391e-11	9.164528422e-11	8.886356906e-11	8.726902247e-11	8.481623906e-11	8.315349470e-11	8.169956361e-11	8.031722133e-11	7.883209259e-11	7.689731075e-11	7.551248170e-11	7.367694456e-11	7.280499283e-11	7.122717541e-11	7.018386268e-11	6.870536532e-11	6.778232178e-11	6.702468608e-11	6.600089072e-11	6.505674732e-11	6.387929976e-11	6.286718467e-11	6.292189359e-11	6.180518348e-11	6.190427747e-11	6.127987232e-11	6.059050973e-11	6.046202666e-11	6.094408311e-11	6.066805172e-11	6.224993840e-11	6.600978280e-11	7.549936964e-11	9.129449904e-11	1.007335969e-10	1.037566794e-10	1.018721605e-10	9.908592391e-11	9.542185780e-11	9.264074549e-11	8.946257902e-11	8.663534845e-11	-4.195104380e-13	-3.531965912e-13	-1.788213166e-13	-6.216923143e-13	2.434019606e-13	1.351898196e-13	-5.715047893e-13	-9.283938560e-14	-6.084295449e-13	-6.776823009e-13	-6.250080066e-13	-7.457293506e-13	-9.720253530e-13	-1.021082528e-13	-5.288529287e-13	-3.507851786e-13	-4.717325924e-13	-3.247871363e-13	-8.078232254e-13	-3.462637799e-13	-1.336073301e-13	-4.161193890e-13	-2.061757784e-13	1.484525890e-14	5.261400895e-13	-5.493499359e-13	-5.494252926e-13	-6.594459930e-13	-3.443045072e-13	-1.553100436e-13	-4.245593332e-13	-3.233553601e-13	-5.012723969e-13	-1.529739876e-14	-9.834042063e-14	8.515300790e-15	-3.772353607e-13	-3.383513323e-14	-6.563563706e-14	5.033823830e-14	-2.552329538e-13	-6.375172096e-14	7.874769314e-14	-3.444552204e-13	2.494304922e-14	2.713592756e-13	-2.652553874e-13	-2.705303525e-14	-1.959272748e-13	2.214731772e-13	9.030740236e-13	5.837879223e-13	2.643511077e-13	3.216221573e-13	5.750465516e-13	6.766273079e-13	2.530476111e-13	5.673601739e-13	2.676668000e-13	5.689426634e-13	-1.853773446e-13	-4.938120892e-13	-6.706741330e-14	1.389576518e-13	-7.904911972e-14	-1.292366447e-13	-2.573429398e-13	3.123532900e-13	1.614139318e-13	1.019575395e-13	1.871105474e-13	-5.290036420e-13	-3.897445636e-13	1.553854003e-13	-3.784410670e-13	-4.390278089e-13	-1.727174284e-13	-5.922278664e-13	-3.168746887e-13	8.176195891e-14	1.446847568e-14	-1.349637497e-13	2.289334850e-13	-6.072991953e-13	-7.663770711e-13	-6.606516993e-13	-2.370720025e-13	-5.231258237e-13	-4.810768163e-13	-4.752743547e-13	-3.628422416e-13	-5.679630270e-13	-6.638166784e-13	-5.091094879e-13	2.109986036e-14	-3.871824377e-13	-4.153658226e-13	-3.564369269e-14	-3.611090388e-13	-1.978111909e-13
-8.659985547e-13	-6.005170973e-13	-7.732345257e-13	-6.691670001e-13	-7.046599795e-13	-1.531623793e-12	-1.245871398e-12	-7.573342738e-13	-8.962919256e-13	-1.099227368e-12	-8.590657434e-13	-1.030652822e-12	-1.239767510e-12	-8.181470856e-13	-1.171795817e-12	-9.327645414e-13	-5.693948033e-13	-1.278726895e-12	-1.276390839e-12	-1.648200521e-12	-1.474804883e-12	-1.614139318e-12	-1.419267036e-12	-1.611878619e-12	-1.462069610e-12	-1.410902449e-12	-1.555662562e-12	-1.316480573e-12	-1.335018308e-12	-1.469454561e-12	-1.410073525e-12	-1.772689697e-12	-1.303142447e-12	-1.269382671e-12	-1.553929359e-12	-1.676534619e-12	-1.614591458e-12	-1.494472967e-12	-1.412409581e-12	-1.752569473e-12	-1.508640016e-12	-1.758296578e-12	-1.492739764e-12	-1.241952852e-12	-1.624613891e-12	-1.559204324e-12	-1.713308662e-12	-1.826871124e-12	-1.529890590e-12	-1.513086058e-12	-1.781129641e-12	-1.275411202e-12	-1.886176803e-12	-1.955052776e-12	-1.887156440e-12	-2.001773895e-12	-2.428593928e-12	-2.126639855e-12	-1.994539658e-12	-2.119707044e-12	-2.244949786e-12	-2.762800645e-12	-2.751873931e-12	-2.759484952e-12	-2.587596447e-12	-2.886611611e-12	-2.857523946e-12	-2.459264082e-12	-2.753908561e-12	-2.437109229e-12	-2.018277000e-12	-2.567250153e-12	-2.802136813e-12	-2.687217931e-12	-2.904697206e-12	-2.524296866e-12	-2.885933401e-12	-2.603345986e-12	-2.944033374e-12	-2.524522936e-12	-2.903642213e-12	-2.767774183e-12	-2.185191967e-12	-2.531305034e-12	-2.755189624e-12	-2.637331832e-12	-2.658808476e-12	-2.436280306e-12	-2.308927577e-12	-2.147965785e-12	-2.592268559e-12	-1.974193364e-12	-1.085512459e-12	2.431984977e-12	2.469704745e-10	-2.139902624e-12	-2.216464975e-12	-2.357155829e-12	-2.350449088e-12	-2.263562877e-12	-2.054372833e-12	-2.202674709e-12	-2.383681368e-12	-2.232666653e-12	-2.352860501e-12	-2.130030904e-12	-2.641702518e-12	-2.736501176e-12	-2.750668225e-12	-2.619020168e-12	-3.159779446e-12	-2.581341846e-12	-2.385188501e-12	-2.468231523e-12	-2.592117846e-12	-2.595433538e-12	-2.351202654e-12	-2.107800694e-12	-2.399355550e-12	-2.918638185e-12	-2.608470238e-12	-2.354066207e-12	-2.627987608e-12	-2.543663524e-12	-2.343742347e-12	-2.445699886e-12	-2.346831969e-12	-2.562125901e-12	-2.564989454e-12	-2.321361423e-12	-2.534696083e-12	-2.584657538e-12	-2.564160531e-12	-2.461675495e-12	-2.235304136e-12	-2.629193315e-12	-2.562728755e-12	-2.155727519e-12	-2.072910567e-12	-2.014659882e-12	-2.553610601e-12	-1.728304634e-12	-1.681131375e-12	-1.444360799e-12	-1.998232133e-12	-2.297774794e-12	-3.521566695e-12	-2.979375640e-12	-3.105748732e-12	-2.738912589e-12	-2.322416416e-12	-3.133856761e-12	-2.375919634e-12	-2.531305034e-12	-2.444720250e-12	-2.527235775e-12	-2.410734403e-12	-2.499730600e-12	-2.901984367e-12	-2.949006912e-12	-2.894524059e-12	-2.614272699e-12	-2.589706433e-12	-2.490989229e-12	-2.767020617e-12	-3.010347221e-12	-2.669885903e-12	-2.644942853e-12	-2.942450884e-12	-2.759409596e-12	-2.745920756e-12	-2.990603780e-12	-3.028131389e-12	-2.445925956e-12	-2.681415469e-12	-2.626857259e-12	-2.958501850e-12	-2.382400305e-12	-3.126019670e-12	-2.527838628e-12	-3.172439362e-12	-2.275846010e-12	-2.425127522e-12	-2.235002709e-12	-2.608168811e-12	-3.475297715e-12	-3.505440373e-12	-3.261661629e-12	-3.368215924e-12	-3.265052678e-12	-3.275527252e-12	-3.895712433e-12	-3.889834615e-12	-3.599485465e-12	-3.635505941e-12	-3.556908961e-12	-3.595566919e-12	-2.749387162e-12	-3.216070859e-12	-3.354727085e-12	-3.473263086e-12	-3.520360988e-12	-4.035725078e-12	-3.378087644e-12	-2.742981847e-12	-3.003941906e-12	-2.983294186e-12	-3.633622025e-12	-2.775912701e-12	-2.838232646e-12	-3.156765180e-12	-3.508454639e-12	-2.944560870e-12	-3.130917851e-12	-3.027001039e-12	-3.351938889e-12	-3.366332008e-12	-3.070029683e-12	-2.989473430e-12	-3.239280706e-12	-3.395721099e-12	-3.531136989e-12	-3.727667117e-12	-3.484943366e-12	-3.136795670e-12	-3.651481549e-12	-3.437167253e-12	-3.884861076e-12	-3.344177154e-12	-3.156237684e-12	-3.308081322e-12	-3.157970887e-12	-3.200547391e-12	-3.012532563e-12	-3.054581571e-12	-3.167917964e-12	-2.827908785e-12	-3.353898162e-12	-3.612446808e-12	-3.271231923e-12	-2.850138995e-12	-3.566629968e-12	-3.462261016e-12	-3.695037690e-12	-3.907769496e-12	-3.976796182e-12	-4.227130954e-12	-4.325471375e-12	-4.272043514e-12	-4.318990703e-12	-4.466388299e-12
-5.138946348e-12	-5.295838881e-12	-5.412641680e-12	-5.471721289e-12	-4.988760557e-12	-4.859674625e-12	-4.723053029e-12	-5.242863161e-12	-5.229072895e-12	-5.008730067e-12	-5.427637652e-12	-4.842568667e-12	-5.179865006e-12	-4.953569004e-12	-5.426808729e-12	-5.325077259e-12	-5.248514909e-12	-5.138569565e-12	-5.062007215e-12	-5.045654823e-12	-4.823277366e-12	-5.176473957e-12	-5.029302431e-12	-4.881301982e-12	-5.482271219e-12	-5.075948194e-12	-4.816043128e-12	-5.401112113e-12	-4.985218794e-12	-5.213549426e-12	-5.219728671e-12	-5.629216675e-12	-5.128773201e-12	-5.420177344e-12	-5.713691473e-12	-5.182125705e-12	-5.092074516e-12	-5.117620418e-12	-5.050854431e-12	-4.850631828e-12	-5.026514235e-12	-4.967283913e-12	-4.649278875e-12	-4.843774373e-12	-5.016341088e-12	-4.886803017e-12	-4.733075463e-12	-4.834957646e-12	-4.963365367e-12	-5.321987637e-12	-5.380087610e-12	-5.430049065e-12	-5.653029375e-12	-5.225606489e-12	-5.453334268e-12	-5.398248561e-12	-4.845356863e-12	-4.994563018e-12	-5.054622264e-12	-5.289282853e-12	-5.052286208e-12	-4.989740193e-12	-5.024630319e-12	-4.903908975e-12	-5.262832671e-12	-4.951157591e-12	-4.544683853e-12	-5.072632501e-12	-4.847165422e-12	-4.832018737e-12	-4.629987574e-12	-4.178149135e-12	-4.205277527e-12	-4.381913501e-12	-4.014775931e-12	-4.163831373e-12	-4.047254644e-12	-4.635413252e-12	-4.874821311e-12	-4.795546121e-12	-4.438581698e-12	-4.304070088e-12	-4.412357585e-12	-4.426826061e-12	-4.966681060e-12	-4.990945899e-12	-4.537901755e-12	-4.167900632e-12	-4.700521393e-12	-4.901723633e-12	-4.492386341e-12	-4.549129895e-12	-4.507382314e-12	-3.639424486e-12	7.403149757e-11	-5.276095441e-12	-5.123648950e-12	-5.115510432e-12	-5.130431048e-12	-4.840458681e-12	-5.183934265e-12	-4.906772528e-12	-5.136082796e-12	-4.815967771e-12	-5.155675523e-12	-5.109331187e-12	-4.922974206e-12	-5.182577845e-12	-5.343313567e-12	-4.855002513e-12	-4.892228695e-12	-4.863216387e-12	-4.446569502e-12	-4.613107685e-12	-4.527351824e-12	-4.898483297e-12	-4.803307855e-12	-4.526447545e-12	-4.432703879e-12	-4.786880107e-12	-4.679572246e-12	-4.862538178e-12	-4.557795909e-12	-4.761786344e-12	-4.957864332e-12	-4.923275633e-12	-4.744605029e-12	-5.376470491e-12	-5.073461425e-12	-5.006770794e-12	-5.213172643e-12	-5.126587859e-12	-5.019053927e-12	-4.920035297e-12	-5.300284923e-12	-4.806548191e-12	-5.278883637e-12	-4.851912891e-12	-5.013929676e-12	-4.693136441e-12	-5.196895608e-12	-5.111441173e-12	-4.657944889e-12	-4.767287379e-12	-4.801273226e-12	-4.766307743e-12	-4.730136554e-12	-4.885672667e-12	-4.653348133e-12	-5.030734207e-12	-4.979793116e-12	-4.836841562e-12	-4.385455263e-12	-4.059160994e-12	-4.311153612e-12	-4.158857834e-12	-3.900007762e-12	-4.214244968e-12	-4.204900744e-12	-4.233913052e-12	-4.260815374e-12	-4.144540072e-12	-4.693965365e-12	-4.458475852e-12	-5.042263774e-12	-4.300603682e-12	-4.160967820e-12	-4.408137613e-12	-4.512355852e-12	-4.712653812e-12	-4.844603296e-12	-4.423887152e-12	-4.469176495e-12	-4.610168776e-12	-4.637221812e-12	-4.570531181e-12	-4.744378960e-12	-4.499469866e-12	-4.365410396e-12	-4.255238982e-12	-4.764047044e-12	-4.760655995e-12	-4.193446534e-12	-4.531270370e-12	-4.863668527e-12	-4.334062032e-12	-4.668419462e-12	-4.246874395e-12	-4.892454765e-12	-4.870752052e-12	-5.355672057e-12	-4.643174986e-12	-4.504669474e-12	-5.109858684e-12	-4.601352049e-12	-4.377994956e-12	-4.507608384e-12	-4.576635070e-12	-4.885974094e-12	-5.233594293e-12	-5.017396081e-12	-5.389055050e-12	-4.906471101e-12	-5.000817620e-12	-4.606250231e-12	-4.981149535e-12	-5.105337285e-12	-5.033597760e-12	-5.335024336e-12	-4.599995629e-12	-4.830586960e-12	-4.776104107e-12	-4.590651405e-12	-4.972784948e-12	-4.858845702e-12	-4.532250006e-12	-5.118976838e-12	-4.838876191e-12	-4.762389197e-12	-5.307971301e-12	-4.909485367e-12	-5.068789313e-12	-5.396816785e-12	-4.942039437e-12	-5.283254322e-12	-4.685826847e-12	-4.999385843e-12	-4.630741140e-12	-4.738802568e-12	-5.172555412e-12	-5.604198269e-12	-4.952890794e-12	-5.010764697e-12	-4.804739631e-12	-4.872937394e-12	-4.818153114e-12	-4.749653925e-12	-4.744981813e-12	-4.884617674e-12	-4.952287941e-12	-4.393443068e-12	-4.354257613e-12	-4.656663826e-12	-4.373774984e-12	-4.040849330e-12	-4.733150820e-12	-4.308591486e-12	-4.187342646e-12	-4.259006815e-12	-4.376563179e-12	-3.795638810e-12
-4.279729892e-12	-4.363601837e-12	-4.317558927e-12	-4.260890731e-12	-4.155090002e-12	-4.277921332e-12	-3.646055871e-12	-4.247401891e-12	-4.168277415e-12	-4.444534872e-12	-3.845148125e-12	-3.906413076e-12	-3.994580350e-12	-4.575655433e-12	-4.080336211e-12	-4.279277752e-12	-3.905207370e-12	-3.763687592e-12	-3.853361999e-12	-4.049364630e-12	-3.362338106e-12	-3.552010779e-12	-3.992168938e-12	-3.934973245e-12	-4.255766479e-12	-4.428860690e-12	-4.698109980e-12	-4.318764633e-12	-4.593514958e-12	-4.346797305e-12	-4.828778401e-12	-5.061856501e-12	-4.492537055e-12	-4.390880942e-12	-4.357271878e-12	-4.892228695e-12	-4.765478820e-12	-4.512958705e-12	-4.041226113e-12	-4.435868858e-12	-4.087871876e-12	-3.943262475e-12	-4.382516354e-12	-4.270988521e-12	-4.680702595e-12	-4.927872388e-12	-4.846713282e-12	-4.368500018e-12	-4.108293526e-12	-4.895845814e-12	-4.418009334e-12	-4.304823654e-12	-4.678140469e-12	-4.816269198e-12	-5.051532641e-12	-4.543101363e-12	-4.651916357e-12	-4.895619744e-12	-4.595775657e-12	-4.812878149e-12	-5.166225454e-12	-4.963892864e-12	-4.937065899e-12	-4.756059239e-12	-4.714839155e-12	-5.011970403e-12	-5.346403190e-12	-5.105186572e-12	-5.266223720e-12	-5.261476252e-12	-5.309026294e-12	-5.355596700e-12	-4.807301757e-12	-5.122593957e-12	-5.250248112e-12	-5.013929676e-12	-4.918377451e-12	-4.916794961e-12	-4.662164861e-12	-4.292389808e-12	-4.500675572e-12	-4.706851351e-12	-4.822900583e-12	-4.437903488e-12	-4.613559825e-12	-4.309345053e-12	-4.785071547e-12	-4.768869869e-12	-4.693061085e-12	-5.090416669e-12	-4.298116913e-12	-4.194124744e-12	-4.127283401e-12	-3.501898611e-12	-9.329906113e-13	2.174542566e-10	-3.698278025e-12	-3.980337944e-12	-3.980337944e-12	-4.070464491e-12	-3.559772513e-12	-4.284628074e-12	-4.380104942e-12	-3.934671818e-12	-3.979207595e-12	-3.709581522e-12	-3.781094977e-12	-3.927663650e-12	-4.334438815e-12	-4.706323854e-12	-4.156521778e-12	-4.792607212e-12	-4.666610903e-12	-4.431573530e-12	-4.444158089e-12	-3.925176881e-12	-3.899254195e-12	-4.130975876e-12	-4.364355403e-12	-4.204599317e-12	-4.496455600e-12	-4.124043065e-12	-4.276414199e-12	-4.138360827e-12	-4.812350653e-12	-3.843716349e-12	-4.160364967e-12	-4.538881391e-12	-3.741984879e-12	-3.337771840e-12	-3.822842558e-12	-3.761879033e-12	-3.626689213e-12	-3.573864206e-12	-3.521039198e-12	-3.988250392e-12	-3.946201385e-12	-4.155165359e-12	-4.113493135e-12	-4.363300410e-12	-4.122611289e-12	-3.796995229e-12	-4.135421918e-12	-3.976494756e-12	-4.032635455e-12	-3.897294923e-12	-3.387356512e-12	-3.588935535e-12	-3.895411006e-12	-3.940549636e-12	-4.253957919e-12	-4.228713444e-12	-4.437752774e-12	-4.616423378e-12	-4.563296944e-12	-4.680250455e-12	-4.831717310e-12	-4.619814427e-12	-5.206013762e-12	-4.829833394e-12	-4.866381366e-12	-4.650183154e-12	-4.521398649e-12	-5.015813592e-12	-4.677839043e-12	-4.862312108e-12	-4.913629982e-12	-5.001495829e-12	-4.535867125e-12	-4.665028413e-12	-4.508588020e-12	-4.869697059e-12	-4.279353108e-12	-4.419968606e-12	-3.933842895e-12	-3.963608769e-12	-4.323436745e-12	-4.225322395e-12	-4.618834790e-12	-4.426599991e-12	-4.532174650e-12	-4.385078480e-12	-4.589521056e-12	-4.427654984e-12	-4.598413140e-12	-4.550938454e-12	-4.231576996e-12	-4.057201721e-12	-4.153507513e-12	-4.209196073e-12	-4.495777390e-12	-4.548527041e-12	-4.316579291e-12	-4.372041781e-12	-4.782057282e-12	-4.626973308e-12	-4.218615653e-12	-4.171819177e-12	-4.480027852e-12	-4.005356350e-12	-4.261116801e-12	-4.671358371e-12	-4.552294874e-12	-4.362396130e-12	-3.987044686e-12	-4.563070874e-12	-4.428257837e-12	-4.445137726e-12	-4.531119657e-12	-4.246949751e-12	-4.659075238e-12	-4.195707233e-12	-4.644380693e-12	-4.938120892e-12	-4.289300185e-12	-4.469327208e-12	-4.879041283e-12	-5.102473733e-12	-5.005339018e-12	-4.966304277e-12	-5.512489233e-12	-5.599827584e-12	-4.983560948e-12	-5.305183105e-12	-4.642119993e-12	-5.038345228e-12	-4.902477199e-12	-5.217920111e-12	-5.506385345e-12	-4.658924525e-12	-5.297044588e-12	-4.846110429e-12	-5.299606714e-12	-5.291317483e-12	-5.101268026e-12	-5.348136393e-12	-4.912650346e-12	-5.082504222e-12	-5.029076361e-12	-5.033899186e-12	-5.122895383e-12	-4.865477087e-12	-4.448076635e-12	-4.956131130e-12	-4.558021979e-12	-4.651614931e-12	-4.490803852e-12	-4.851762177e-12	-4.506930174e-12	-4.757264946e-12	-4.492838481e-12
-4.254033276e-12	-4.544985279e-12	-3.728722110e-12	-4.042808602e-12	-4.338432717e-12	-4.466237586e-12	-4.255465052e-12	-4.116055261e-12	-4.532702146e-12	-3.983804350e-12	-4.587109643e-12	-4.152151093e-12	-4.661938791e-12	-4.750407491e-12	-4.946636192e-12	-4.733150820e-12	-4.474150034e-12	-4.412734369e-12	-4.038890057e-12	-4.334664885e-12	-4.473321110e-12	-4.364129333e-12	-4.271289947e-12	-4.404068355e-12	-4.288019123e-12	-4.031731176e-12	-4.268803178e-12	-4.147403625e-12	-4.201283625e-12	-4.747996078e-12	-4.322683179e-12	-4.761710988e-12	-4.509643013e-12	-4.428408551e-12	-4.357724018e-12	-4.591631042e-12	-4.308365416e-12	-4.584472161e-12	-4.333835962e-12	-4.295705500e-12	-4.073252687e-12	-4.355463319e-12	-4.149664324e-12	-4.843472947e-12	-4.551842734e-12	-4.558021979e-12	-4.218163513e-12	-4.645058903e-12	-4.453502313e-12	-4.160138897e-12	-4.323738172e-12	-4.486282453e-12	-4.626747238e-12	-4.157275345e-12	-4.188246926e-12	-4.231652353e-12	-4.698411407e-12	-4.209874283e-12	-5.004811522e-12	-3.884861076e-12	-4.352373697e-12	-4.189980128e-12	-4.629987574e-12	-4.507156244e-12	-4.277544549e-12	-4.452447320e-12	-4.601125979e-12	-4.403088718e-12	-4.598187070e-12	-4.802780359e-12	-4.661788078e-12	-4.422003236e-12	-4.371062144e-12	-4.587185000e-12	-4.946259409e-12	-4.687936833e-12	-4.567215489e-12	-4.622451909e-12	-4.365636466e-12	-4.674221924e-12	-4.090810785e-12	-4.728252638e-12	-4.253656493e-12	-4.488844579e-12	-4.646415322e-12	-4.141601163e-12	-4.177923065e-12	-3.895184937e-12	-3.547866164e-12	-3.938364294e-12	-4.281764521e-12	-3.360755616e-12	-3.345382861e-12	-1.657469388e-12	5.935842860e-13	1.773730372e-10	1.578316276e-10	1.448526514e-10	1.366591988e-10	1.286242966e-10	1.210945100e-10	1.152038058e-10	1.106138326e-10	1.048074525e-10	9.994220145e-11	9.555245086e-11	9.266403069e-11	8.886274013e-11	8.555586452e-11	8.296434953e-11	8.046974318e-11	7.910104045e-11	7.524677417e-11	7.211879523e-11	7.112506716e-11	6.912532790e-11	6.738654869e-11	6.525832634e-11	6.453972539e-11	6.302596112e-11	6.139343478e-11	5.996271353e-11	5.834789600e-11	5.691890796e-11	5.596692748e-11	5.469151627e-11	5.345189948e-11	5.168131977e-11	5.020870023e-11	4.993214134e-11	4.964638895e-11	4.820278172e-11	4.816412376e-11	4.655601297e-11	4.529687880e-11	4.558021979e-11	4.383880310e-11	3.614036833e-11	-4.252601500e-12	-3.878681831e-12	-3.796543089e-12	-3.775443229e-12	-3.629628122e-12	-3.739950250e-12	-3.523224541e-12	-3.878455762e-12	-3.181783586e-12	-3.376429798e-12	-3.413429910e-12	-3.165581908e-12	-3.699031592e-12	-3.357439924e-12	-3.807469803e-12	-3.599862248e-12	-3.626312430e-12	-4.125474841e-12	-4.358628298e-12	-3.969788014e-12	-3.747109131e-12	-3.898274559e-12	-3.571076010e-12	-4.059160994e-12	-3.846052405e-12	-3.745677354e-12	-3.822691845e-12	-3.911461972e-12	-3.841003509e-12	-4.604140245e-12	-4.043863595e-12	-3.873632936e-12	-4.054790309e-12	-4.324039598e-12	-3.915003734e-12	-3.759769047e-12	-3.756830138e-12	-3.724426781e-12	-4.331575263e-12	-4.132633722e-12	-3.821787565e-12	-3.722090725e-12	-3.659996850e-12	-4.300829752e-12	-4.232782702e-12	-4.065038812e-12	-3.952079203e-12	-3.921785832e-12	-3.472735589e-12	-3.839421020e-12	-3.492554387e-12	-3.700538725e-12	-3.902419174e-12	-3.745300571e-12	-3.597300122e-12	-3.200773461e-12	-3.680192431e-12	-3.704005130e-12	-4.033690448e-12	-4.007315623e-12	-4.323662815e-12	-4.565482286e-12	-3.560676793e-12	-3.770695760e-12	-4.351921557e-12	-3.945673888e-12	-4.060894197e-12	-4.010179175e-12	-3.932712545e-12	-3.797221299e-12	-3.733168152e-12	-3.420814862e-12	-3.585770556e-12	-3.604685073e-12	-3.801365915e-12	-3.390747561e-12	-3.523375254e-12	-3.664895032e-12	-3.930903986e-12	-3.842058502e-12	-4.091865778e-12	-4.101586785e-12	-4.242428353e-12	-3.572055646e-12	-4.002944938e-12	-4.175813079e-12	-3.815156180e-12	-3.685316683e-12	-3.383287253e-12	-3.533623758e-12	-3.380272987e-12	-3.582680933e-12	-3.481326247e-12	-3.747636627e-12	-3.980714728e-12	-3.852909859e-12	-4.074759820e-12	-4.200530059e-12	-4.137833331e-12	-4.329992773e-12	-4.110855652e-12	-3.999855315e-12	-3.900384545e-12	-4.274002787e-12	-4.390654872e-12	-4.551390594e-12	-4.302638311e-12	-4.050947120e-12	-5.020334990e-12	-4.525467908e-12	-4.683189364e-12	-4.551692020e-12	-4.514541195e-12
-3.513503534e-12	-3.344629294e-12	-3.778532851e-12	-4.354182256e-12	-4.092167204e-12	-4.372644634e-12	-4.196159373e-12	-4.004301357e-12	-4.385982760e-12	-4.084556183e-12	-4.222986339e-12	-4.091790421e-12	-3.984859343e-12	-3.504912876e-12	-3.936932517e-12	-3.873783650e-12	-4.070087708e-12	-3.762632599e-12	-3.638444850e-12	-3.834372125e-12	-4.125324128e-12	-4.173024884e-12	-3.730003173e-12	-3.420212008e-12	-3.588106612e-12	-4.069936994e-12	-3.943714615e-12	-3.633697381e-12	-3.834673551e-12	-3.650727983e-12	-4.272118871e-12	-4.105279260e-12	-4.305351151e-12	-4.213566758e-12	-3.789760991e-12	-4.408740466e-12	-3.986517189e-12	-4.441143823e-12	-4.293972297e-12	-4.572189028e-12	-4.780098009e-12	-4.296760493e-12	-3.917791930e-12	-4.434286369e-12	-4.253957919e-12	-4.118768100e-12	-4.221855989e-12	-4.448453418e-12	-4.457345502e-12	-4.425771068e-12	-4.208819289e-12	-4.318764633e-12	-4.567064776e-12	-4.428257837e-12	-4.333308466e-12	-4.181314114e-12	-3.652009046e-12	-3.765872935e-12	-3.957881664e-12	-3.796543089e-12	-4.045822868e-12	-3.806414810e-12	-3.914476237e-12	-4.703008162e-12	-4.548828468e-12	-4.475657166e-12	-3.997519259e-12	-4.015077357e-12	-3.694962333e-12	-4.123138785e-12	-4.151322170e-12	-3.470324177e-12	-3.547414024e-12	-3.997067119e-12	-4.007767763e-12	-3.832337495e-12	-4.137004408e-12	-3.208233768e-12	-3.237246076e-12	-3.551332569e-12	-3.932109692e-12	-3.688481662e-12	-3.892999594e-12	-4.165037079e-12	-3.824575761e-12	-3.719227172e-12	-3.975289049e-12	-3.721035732e-12	-3.872427230e-12	-3.890738895e-12	-3.787651005e-12	-3.325865490e-12	-3.258496650e-12	-2.094763994e-12	9.384162897e-13	1.740568928e-10	1.541183536e-10	1.417617479e-10	1.323916767e-10	1.243093752e-10	1.171208788e-10	1.119236064e-10	1.073447860e-10	1.018249872e-10	9.786951696e-11	9.365203165e-11	8.919287759e-11	8.690527594e-11	8.360058567e-11	8.105096897e-11	7.803888855e-11	7.814175037e-11	7.640591007e-11	7.484761003e-11	6.997406978e-11	6.788405325e-11	6.628558812e-11	6.443611000e-11	6.308993891e-11	6.140104580e-11	5.969956813e-11	5.795310255e-11	5.746727826e-11	5.614100132e-11	5.469332483e-11	5.457395991e-11	5.311897382e-11	5.202909068e-11	5.114349940e-11	4.978534660e-11	4.884384069e-11	4.845108186e-11	4.803759995e-11	4.747408297e-11	4.573500233e-11	4.546869195e-11	4.468942889e-11	4.447534067e-11	4.346315022e-11	4.247205964e-11	-3.467234554e-12	-3.718775033e-12	-4.150870030e-12	-3.905584153e-12	-4.192919038e-12	-3.786746726e-12	-4.028867623e-12	-3.934370391e-12	-4.113116351e-12	-4.043185386e-12	-3.913722671e-12	-3.675444962e-12	-4.189151205e-12	-3.595039423e-12	-4.030073330e-12	-3.444476848e-12	-3.811614418e-12	-3.688858445e-12	-3.540707282e-12	-3.628573129e-12	-4.031279036e-12	-3.409963505e-12	-3.578913101e-12	-3.460979953e-12	-3.767907565e-12	-3.555703255e-12	-3.354199588e-12	-3.521415981e-12	-3.673937829e-12	-3.483888373e-12	-3.478764121e-12	-3.674691396e-12	-3.214714440e-12	-4.059311707e-12	-3.682302417e-12	-3.783355677e-12	-3.640630193e-12	-3.781245691e-12	-3.856225551e-12	-3.947859231e-12	-3.863535146e-12	-3.513126751e-12	-4.413337222e-12	-3.951551706e-12	-4.236324465e-12	-3.867076908e-12	-4.082446197e-12	-4.088324015e-12	-3.873708293e-12	-3.359775980e-12	-3.637314500e-12	-3.748540907e-12	-3.794659173e-12	-3.946804238e-12	-4.110629582e-12	-3.276130105e-12	-3.678685298e-12	-3.523978107e-12	-4.188322282e-12	-3.575371339e-12	-3.272512986e-12	-3.621489605e-12	-3.398057155e-12	-3.600540458e-12	-3.766852572e-12	-3.647713717e-12	-4.015303427e-12	-3.324283000e-12	-3.565499618e-12	-3.584338779e-12	-3.716288263e-12	-4.163906730e-12	-3.696092683e-12	-3.906111650e-12	-4.206257164e-12	-4.281839878e-12	-3.784712096e-12	-3.923745105e-12	-3.830001439e-12	-3.865494419e-12	-4.034820798e-12	-3.619002836e-12	-3.895938503e-12	-3.253598468e-12	-3.437996176e-12	-3.245309237e-12	-3.385321882e-12	-3.530986275e-12	-3.559697157e-12	-3.115771166e-12	-3.346739280e-12	-3.431138722e-12	-3.434906554e-12	-3.545530108e-12	-3.773107173e-12	-3.443798638e-12	-3.561430360e-12	-3.749143760e-12	-3.708978669e-12	-3.543344765e-12	-3.454499281e-12	-3.747109131e-12	-3.496246862e-12	-3.420061295e-12	-3.646884794e-12	-3.670471424e-12	-3.585318416e-12	-3.359323840e-12	-3.719076459e-12	-3.996012126e-12	-3.593155507e-12
-2.973949962e-12	-3.017732172e-12	-3.011477570e-12	-3.220441545e-12	-3.112078690e-12	-2.815474939e-12	-2.959104703e-12	-2.689403273e-12	-2.980053850e-12	-3.146592033e-12	-3.152394495e-12	-3.042072368e-12	-3.009669011e-12	-3.180201097e-12	-2.787668337e-12	-3.341690385e-12	-3.076736424e-12	-3.370325910e-12	-3.192032090e-12	-3.309060958e-12	-3.657660794e-12	-3.166034048e-12	-2.903642213e-12	-3.381252623e-12	-3.023534634e-12	-3.492328317e-12	-3.242822468e-12	-3.277486524e-12	-3.220516901e-12	-2.892941569e-12	-3.271156566e-12	-3.156915894e-12	-3.056164060e-12	-3.164602271e-12	-3.486450499e-12	-3.522094191e-12	-3.209590188e-12	-3.283741126e-12	-3.882148237e-12	-3.754720152e-12	-3.458116400e-12	-3.320665881e-12	-3.611316458e-12	-3.540782639e-12	-3.366482721e-12	-3.637163787e-12	-3.553970052e-12	-3.190901740e-12	-3.502727534e-12	-3.053300508e-12	-3.313130217e-12	-2.943053738e-12	-3.260681993e-12	-3.124663250e-12	-3.341765742e-12	-3.302203504e-12	-3.617646416e-12	-3.117429012e-12	-3.249453853e-12	-2.768753820e-12	-2.626254406e-12	-2.804774296e-12	-3.069276117e-12	-3.106125516e-12	-2.984273822e-12	-2.932805234e-12	-3.092335250e-12	-3.498356848e-12	-3.604986500e-12	-3.138528873e-12	-3.685542752e-12	-3.255557741e-12	-3.601218668e-12	-3.683583480e-12	-3.459698890e-12	-3.476277352e-12	-3.144858831e-12	-3.115997236e-12	-3.005147612e-12	-3.184044286e-12	-2.969579276e-12	-3.031899221e-12	-3.218859055e-12	-2.915548562e-12	-3.683432766e-12	-3.117202942e-12	-2.984650605e-12	-3.077037851e-12	-3.284494692e-12	-3.572131003e-12	-3.676349242e-12	-2.824593093e-12	-2.565516950e-12	-1.312637385e-12	3.236944650e-12	3.533201761e-11	3.481787429e-10	-3.087437068e-12	-3.040565235e-12	-2.937854129e-12	-3.064453291e-12	-2.714497036e-12	-2.454818040e-12	-3.209213405e-12	-3.388034721e-12	-3.331743308e-12	-3.511092121e-12	-3.411847421e-12	-3.358570273e-12	-3.444552204e-12	-3.445983981e-12	-3.101076620e-12	-3.088567417e-12	-2.615327692e-12	-2.434094963e-12	-2.801835386e-12	-2.907485402e-12	-3.268895867e-12	-3.004243333e-12	-2.772069512e-12	-3.071762886e-12	-3.291728930e-12	-2.483905705e-12	-2.631830797e-12	-2.968901067e-12	-3.070481823e-12	-3.072968592e-12	-3.089471697e-12	-3.245233881e-12	-3.263922328e-12	-3.386904372e-12	-3.431289435e-12	-3.497603282e-12	-3.141618495e-12	-2.988870577e-12	-2.750969652e-12	-2.857825373e-12	-2.883145205e-12	-2.855564674e-12	-3.227977209e-12	-3.208158412e-12	-3.393837183e-12	-3.000475500e-12	-3.061514382e-12	-3.452464652e-12	-2.898367248e-12	-2.968674997e-12	-3.393234330e-12	-3.199341684e-12	-3.258044510e-12	-2.956015080e-12	-2.911780730e-12	-3.053149795e-12	-3.044860564e-12	-3.045011277e-12	-3.035817767e-12	-2.640948951e-12	-3.041394158e-12	-2.956015080e-12	-3.218105489e-12	-2.937251276e-12	-3.067316844e-12	-2.982088479e-12	-2.776515554e-12	-2.751346435e-12	-2.864833541e-12	-2.891057653e-12	-3.188339614e-12	-2.506512698e-12	-2.707941008e-12	-2.863251051e-12	-2.652177091e-12	-2.973422465e-12	-3.463768149e-12	-3.138453516e-12	-3.612220738e-12	-3.011703640e-12	-3.219989405e-12	-2.965660731e-12	-2.787819051e-12	-3.253297042e-12	-2.960687192e-12	-3.046895193e-12	-3.046216983e-12	-3.814553327e-12	-2.669584476e-12	-3.650878696e-12	-3.624503871e-12	-3.389541854e-12	-2.984876675e-12	-3.203561656e-12	-3.066789347e-12	-3.152997348e-12	-3.114942243e-12	-3.122628621e-12	-3.041921655e-12	-2.711784197e-12	-2.886988394e-12	-3.568513884e-12	-3.242747111e-12	-3.186003558e-12	-3.134761040e-12	-3.023383920e-12	-2.891434436e-12	-3.178091111e-12	-2.929263472e-12	-3.479140904e-12	-2.972819612e-12	-2.740871861e-12	-2.974100675e-12	-3.153148061e-12	-3.197382412e-12	-3.435358694e-12	-3.746129494e-12	-3.362262749e-12	-3.797070586e-12	-3.350054973e-12	-2.975607808e-12	-3.045388060e-12	-3.435358694e-12	-2.939587332e-12	-3.174775418e-12	-2.647052839e-12	-3.135062467e-12	-3.090828117e-12	-3.137473880e-12	-3.193916006e-12	-3.430535869e-12	-3.326694413e-12	-3.160005516e-12	-3.164376201e-12	-3.248097433e-12	-2.849310072e-12	-3.224586160e-12	-3.113736537e-12	-2.690006126e-12	-2.909746101e-12	-2.803719303e-12	-2.220986373e-12	-2.674030518e-12	-2.820297764e-12	-2.262507884e-12	-2.980355276e-12	-2.836725513e-12	-2.611409147e-12	-2.913890716e-12	-2.656999916e-12	-3.374470525e-12	-3.450053239e-12	-3.515990303e-12	-3.176282551e-12
-1.876531153e-12	-2.704173176e-12	-2.419475774e-12	-2.723539833e-12	-2.076376973e-12	-2.332288137e-12	-2.261980388e-12	-1.764475823e-12	-2.175169534e-12	-2.266727856e-12	-2.213601422e-12	-2.365746487e-12	-2.336206682e-12	-2.507266264e-12	-1.868769418e-12	-1.641644493e-12	-1.819486173e-12	-1.907050594e-12	-2.020763770e-12	-1.905920244e-12	-2.053543910e-12	-1.530041303e-12	-1.685351347e-12	-1.208042362e-12	-1.724762871e-12	-1.726496074e-12	-1.603664744e-12	-2.315106822e-12	-1.537275541e-12	-2.103882148e-12	-1.933123993e-12	-1.796728467e-12	-1.878867209e-12	-1.539008744e-12	-2.042918623e-12	-1.570206394e-12	-1.384150840e-12	-1.769524718e-12	-2.147890428e-12	-1.792734565e-12	-1.224846894e-12	-1.572467094e-12	-1.704491934e-12	-2.069594875e-12	-2.462655131e-12	-2.075849477e-12	-2.197249030e-12	-2.409905480e-12	-2.109383183e-12	-2.090091882e-12	-2.272078178e-12	-2.317367521e-12	-2.292424472e-12	-1.752795543e-12	-2.200564723e-12	-2.012022399e-12	-2.283230961e-12	-1.965150566e-12	-1.399825022e-12	-1.883011824e-12	-1.952113867e-12	-1.277295118e-12	-1.752569473e-12	-1.506228603e-12	-1.690701668e-12	-1.378273022e-12	-1.362071343e-12	-1.875777586e-12	-1.990621112e-12	-1.551442590e-12	-1.939604664e-12	-2.150904694e-12	-1.846162425e-12	-2.303200472e-12	-1.823329362e-12	-1.774648970e-12	-1.920464076e-12	-2.011570259e-12	-2.163338540e-12	-2.333267773e-12	-1.802530928e-12	-1.854451656e-12	-2.471999355e-12	-1.900795992e-12	-1.667416465e-12	-1.738327067e-12	-2.376597843e-12	-2.726026602e-12	-2.062059211e-12	-1.917449811e-12	-2.185493394e-12	-2.225357059e-12	-1.492438338e-12	1.232759342e-12	1.617033013e-11	2.095909415e-10	1.806396724e-10	1.640697260e-10	1.513174225e-10	1.416111100e-10	1.333462947e-10	1.258183920e-10	1.220976577e-10	1.061993650e-11	-2.229953814e-12	-2.012399182e-12	-2.075849477e-12	-2.149096135e-12	-1.975022287e-12	-2.165825310e-12	-1.902453838e-12	-1.903734901e-12	-1.783842480e-12	-1.873969027e-12	-1.336902224e-12	-1.619564996e-12	-1.646090535e-12	-1.716925780e-12	-1.614139318e-12	-1.603212604e-12	-1.832070733e-12	-1.887156440e-12	-1.682261724e-12	-1.859349838e-12	-1.344437888e-12	-1.763646900e-12	-1.559581107e-12	-1.159437327e-12	-9.071432824e-13	-9.497951430e-13	-1.900042426e-12	-1.349863567e-12	-1.748274144e-12	-1.554833639e-12	-1.779170369e-12	-2.027395154e-12	-1.832824299e-12	-1.876455796e-12	-1.800496299e-12	-1.894089251e-12	-1.863419097e-12	-1.805846621e-12	-1.611652549e-12	-1.753850536e-12	-1.631320633e-12	-2.156330373e-12	-1.743375963e-12	-1.743074536e-12	-1.762139767e-12	-1.574803150e-12	-1.659880801e-12	-1.890019992e-12	-1.320549832e-12	-1.381664071e-12	-1.678719962e-12	-1.527780604e-12	-1.226881524e-12	-1.182496460e-12	-1.753247683e-12	-1.370285217e-12	-1.593793024e-12	-1.848498481e-12	-1.466817079e-12	-2.131688750e-12	-1.783691767e-12	-1.716624354e-12	-1.726722144e-12	-1.917223741e-12	-1.927246174e-12	-1.525972044e-12	-1.892958901e-12	-2.121590960e-12	-1.597410143e-12	-1.761160131e-12	-1.972836944e-12	-1.800044159e-12	-1.984894007e-12	-2.016016301e-12	-2.119330260e-12	-2.088961533e-12	-1.813306928e-12	-1.626422451e-12	-1.421150952e-12	-1.700950172e-12	-1.803585921e-12	-1.815341558e-12	-1.927246174e-12	-1.273075146e-12	-1.986325783e-12	-1.891828552e-12	-1.651214787e-12	-1.451745750e-12	-1.235622894e-12	-1.776834313e-12	-1.726496074e-12	-1.604493667e-12	-2.289259493e-12	-2.704399246e-12	-2.268536416e-12	-2.002452105e-12	-2.524146153e-12	-2.324903186e-12	-2.121063463e-12	-2.024004105e-12	-2.120385253e-12	-2.097476833e-12	-1.695147710e-12	-1.919936580e-12	-2.310962206e-12	-2.552555608e-12	-2.466498320e-12	-1.828981110e-12	-2.367404333e-12	-2.080446232e-12	-2.032594763e-12	-2.460771215e-12	-2.063943127e-12	-1.972234091e-12	-1.924910118e-12	-2.140882261e-12	-2.370493955e-12	-2.449090935e-12	-2.261603604e-12	-1.878415069e-12	-2.012926679e-12	-2.169819212e-12	-2.285868444e-12	-2.579910069e-12	-2.229652387e-12	-2.176224527e-12	-2.116089925e-12	-2.133723379e-12	-2.467251886e-12	-2.321738206e-12	-2.571846908e-12	-2.545924223e-12	-2.791059386e-12	-2.591967132e-12	-2.339447018e-12	-2.321813563e-12	-2.288355213e-12	-2.518645118e-12	-2.431608194e-12	-2.267707493e-12	-2.920296031e-12	-2.574861174e-12	-2.320005004e-12	-1.989942902e-12	-2.178786653e-12	-2.331383857e-12	-2.611936643e-12
-5.987838945e-13	-1.300957105e-12	-1.123642921e-12	-7.057903292e-13	-8.375890998e-13	-9.773756747e-13	-7.270409028e-13	-4.669851238e-13	-4.657794175e-13	-7.537925115e-13	-9.162614363e-13	-4.537977111e-13	-2.571168699e-13	-8.327662746e-13	-8.114403443e-13	-5.373682295e-13	-1.002318724e-12	-8.888316178e-13	-9.876995350e-13	-1.040449186e-12	-8.842348625e-13	-8.760963450e-13	-8.278680927e-13	-9.574061640e-13	-3.996916406e-13	-9.555222479e-13	-1.043011312e-12	-4.583944664e-13	-9.056361495e-13	-6.651730980e-13	-9.785060244e-13	-1.087019592e-12	-1.100056291e-12	-1.087471732e-12	-1.044443088e-12	-7.359329868e-13	-8.894344710e-13	-3.655550808e-13	-4.853721450e-13	-7.510796723e-13	-8.965179955e-13	-1.027111060e-12	-6.639673917e-13	-6.828819094e-13	-7.046599795e-13	-7.830308894e-13	-9.637361221e-13	-1.047984850e-12	-8.268130997e-13	-2.100189673e-13	-8.486665265e-13	-5.360871665e-13	-8.596685966e-13	-9.058622194e-13	-2.084364777e-13	-7.270409028e-13	-5.297572084e-13	-8.412062187e-13	-7.108392243e-13	-1.329969413e-12	-8.545443447e-13	-2.116768134e-13	-8.093303583e-13	-2.483754991e-13	-4.154411792e-13	-5.850689852e-13	-7.822019664e-13	-5.366146630e-13	-3.963759483e-13	-4.476938229e-13	-6.219937409e-13	-4.766307743e-13	-3.784410670e-13	-8.958397857e-13	-7.891347776e-13	-6.651730980e-13	-8.158110297e-13	-6.618574056e-13	-9.286199260e-13	-1.062001186e-12	-1.313014168e-12	-8.316359249e-13	-7.371386932e-13	-7.835583860e-13	-5.958449854e-13	2.592268559e-13	4.805493198e-13	-9.299009889e-14	-1.326276937e-13	-1.307437776e-13	-1.898233866e-13	-2.152939324e-13	7.562039241e-13	4.124947345e-12	8.675878263e-11	2.222308882e-10	1.939138206e-10	1.734202798e-10	1.599865262e-10	1.493250682e-10	1.414117917e-10	1.314491912e-10	1.274609408e-10	3.659318640e-13	-5.674355305e-13	-1.262223790e-13	-1.009779032e-13	2.574182964e-13	1.501104352e-13	-5.527409849e-13	-9.781292412e-14	-3.292331783e-13	1.283323650e-13	-4.521398649e-15	3.561355003e-13	1.679699598e-13	2.690232196e-13	2.607339888e-14	6.503278391e-14	-1.538782674e-13	7.588414067e-14	-9.464794506e-14	4.252375430e-13	-1.288598615e-14	-5.287022154e-13	-3.111475837e-13	-1.301409245e-13	1.769374005e-13	-1.486033023e-13	-2.611107720e-13	-1.226052600e-13	2.365445060e-13	1.205706307e-13	9.419580520e-15	4.521398649e-14	2.321738206e-13	2.329273871e-13	4.197365080e-14	-7.013442872e-13	-1.356419595e-13	-3.782903537e-13	1.822123656e-13	2.029354427e-13	3.316445909e-13	3.507098219e-13	2.056482819e-13	5.225229706e-13	5.985578245e-13	5.376696561e-13	1.914812328e-13	6.795662170e-13	-2.411412613e-14	4.310400046e-14	4.133311932e-13	6.632891819e-13	3.473941296e-13	1.961533447e-13	2.663857371e-13	3.110722271e-13	4.324717808e-13	-1.441572603e-13	2.296116947e-13	5.457328170e-13	6.035313631e-13	4.449809838e-13	6.675091539e-13	7.204848748e-13	3.017280032e-13	1.704567291e-13	6.247065801e-14	6.869511681e-13	9.042797299e-14	-5.832604258e-14	-8.304302186e-14	4.244839765e-13	1.808559460e-13	4.951685088e-13	5.017245368e-13	-2.260699325e-16	1.840209250e-13	2.268988556e-13	6.061688456e-13	2.749010379e-13	3.451334302e-14	8.335198410e-13	4.263678926e-13	5.396289288e-13	3.232800034e-13	4.760279211e-13	1.395605050e-13	3.739950250e-13	6.012706637e-13	1.314973441e-13	1.643528409e-13	4.202640045e-13	-4.426449278e-13	1.514668548e-13	-1.816095124e-14	-8.741370722e-15	3.293085350e-14	1.411429945e-13	1.971329811e-13	5.583927332e-14	1.861309111e-13	6.164173492e-14	-9.577829472e-14	-2.642757511e-13	2.441555271e-14	3.389541854e-13	5.832604258e-14	2.694753595e-13	4.160440324e-13	-2.840945485e-14	4.785146904e-14	4.618608720e-13	3.427220176e-13	-4.928324528e-14	1.218516936e-13	4.562091237e-13	1.777663236e-13	2.262960024e-13	4.565859070e-13	4.280257388e-13	2.174039184e-13	2.538011775e-13	2.407644781e-13	2.688725064e-13	-2.452105201e-13	7.358576302e-13	4.974292081e-13	6.205619646e-13	-3.556833604e-14	6.132523702e-13	2.320984640e-14	2.407644781e-13	2.063264917e-13	2.022572329e-13	3.571904933e-13	5.036838095e-13	4.478445362e-13	4.645737112e-13	7.993079246e-13	2.836424086e-13	4.136326198e-13	9.331413246e-13	3.797221299e-13	6.274194193e-13	4.672111938e-13	1.232081132e-13	-1.152203089e-13	4.339035571e-13
1.055671228e-12	7.262119797e-13	9.166382195e-13	1.041278109e-12	1.432077666e-12	1.217838726e-12	8.220656311e-13	9.109111146e-13	1.087094949e-12	6.277208458e-13	7.783587775e-13	7.779066376e-13	1.009929745e-12	5.147612362e-13	3.529705212e-13	3.942659622e-13	1.136001411e-12	1.228840796e-12	1.434639791e-12	9.957626959e-13	9.694632271e-13	1.304724937e-12	1.107591956e-12	1.090561354e-12	9.519051290e-13	5.007449004e-13	4.374453193e-13	9.173917860e-13	7.187516720e-13	9.185974923e-13	8.935037298e-13	7.735359523e-13	9.170903594e-13	8.493447363e-13	4.372192494e-13	1.714363655e-13	6.794908604e-13	4.542498510e-13	1.265614839e-12	6.672830840e-13	9.625304158e-13	3.437016540e-13	6.846151122e-13	4.922295996e-13	8.584628902e-13	3.463391365e-13	3.380499057e-13	4.305125081e-13	8.571818273e-13	9.615507795e-13	5.063966487e-13	6.216923143e-13	8.624567924e-13	3.794960600e-13	5.903439503e-13	9.801638706e-13	1.364708826e-12	6.306597550e-13	1.152655229e-12	1.399749665e-12	1.049718053e-12	1.401106085e-12	7.855176587e-13	3.209439475e-13	6.250080066e-13	2.342084500e-13	3.911009832e-13	1.126807900e-12	8.305055753e-13	7.557517843e-13	1.443079736e-12	1.054239452e-12	1.419493106e-12	8.704445967e-13	9.247013805e-13	8.031511134e-13	1.150469886e-12	1.170966894e-12	6.803951401e-13	4.277243122e-13	5.462603135e-13	7.534910849e-13	2.841699051e-13	3.682679200e-13	5.316411245e-13	7.995339945e-14	1.926869391e-13	1.605096521e-14	5.166451523e-13	3.867302978e-13	4.259911094e-13	9.498704996e-13	1.486711233e-12	3.530383422e-12	1.409190346e-10	1.311464835e-10	2.217364733e-10	1.878429387e-10	1.719825504e-10	1.615060930e-10	1.527298321e-10	1.403818924e-10	1.360804598e-10	1.311485181e-10	1.254156861e-10	1.204828402e-10	1.169149291e-10	1.128737784e-10	1.107696702e-10	1.070826203e-10	1.039285679e-10	1.016454877e-10	1.000907294e-10	9.811864602e-11	9.621800074e-11	9.441275698e-11	9.204482515e-11	9.002270496e-11	8.905693421e-11	8.626188092e-11	8.491284627e-11	8.248696518e-11	8.088608864e-11	8.051548466e-11	8.041337641e-11	7.938882747e-11	7.784386555e-11	7.695239645e-11	7.568889160e-11	8.214627780e-13	5.910221601e-13	4.391785222e-13	3.434002274e-13	3.675897102e-13	-5.764783278e-14	3.687954165e-13	1.416704910e-14	-6.396271956e-13	4.675879770e-13	-4.978059913e-13	-1.175563649e-13	-7.652467214e-13	-2.568154433e-13	-4.294575151e-13	-2.446076669e-13	-3.721111089e-13	-5.802461600e-13	-3.075304648e-13	-7.121202873e-13	-3.031597794e-13	-4.662315574e-13	1.278802251e-13	-3.872577943e-13	2.972066046e-13	-2.840191918e-13	1.210227705e-13	-4.247100465e-13	-3.382006190e-13	-2.548561705e-13	-2.652553874e-14	-2.923837793e-14	-4.247854031e-13	-4.468648999e-13	-4.499545223e-13	8.228945542e-14	-4.735411519e-13	-3.816814027e-13	-4.249361164e-13	-4.866532080e-13	-3.210193041e-14	-5.415882016e-13	-1.033591731e-12	-4.197365080e-14	-8.067682324e-13	-7.334462176e-13	-9.487401499e-13	-1.245343901e-12	-1.196437439e-12	-1.059514417e-12	-9.044304432e-13	-8.077478687e-13	-8.871737717e-13	-1.705923710e-12	-1.365236322e-12	-1.424918784e-12	-1.126807900e-12	-6.770040911e-13	-3.578687031e-13	-4.710543826e-13	-5.248590266e-13	-7.710491830e-13	-6.505539090e-13	-3.808524796e-13	-7.993079246e-13	-3.268217657e-13	-5.941871392e-13	-4.595248161e-13	-6.931304130e-13	-1.915565894e-13	-1.052054109e-12	-5.196594181e-13	-4.528934314e-13	-7.165663293e-13	-4.110704939e-13	-9.214610448e-13	-7.096335180e-13	-5.860486216e-13	-7.538678682e-13	-8.648682050e-13	-9.695385837e-13	2.740721148e-13	6.812240632e-14	-6.284744123e-13	-8.477622468e-13	-9.064650726e-13	-1.181516824e-12	-2.574182964e-13	-4.044391092e-13	-5.727858522e-13	-5.898918105e-13	-3.868056545e-13	-9.054854362e-13	-1.150997383e-12	-6.831079793e-13	-9.823492132e-13	-1.272020153e-12	-9.366077302e-13	-6.918493500e-13	-8.830291562e-13	-2.705303525e-13	-4.094880044e-13	-9.947077029e-13	-9.387177163e-13	-7.565807073e-13	-6.161912793e-13	-4.684922567e-13	-1.961533447e-13	-2.061004218e-13	-3.002208703e-13	-1.753549110e-13	-3.617118920e-15	1.442326169e-13	3.214714440e-13	-1.079860711e-13	1.278048685e-13	-4.268953892e-13	1.113771201e-13	1.587010926e-13	-4.197365080e-13	2.532736810e-13	1.360940993e-13
-2.945992647e-12	-2.736877959e-12	-2.934387723e-12	-3.357289211e-12	-2.866114604e-12	-2.996406242e-12	-3.023007137e-12	-3.212755167e-12	-3.372812679e-12	-3.465727421e-12	-2.827305932e-12	-3.251639195e-12	-3.084724229e-12	-3.515839590e-12	-3.044106997e-12	-3.572131003e-12	-3.189394607e-12	-3.561053576e-12	-3.453519645e-12	-3.563314276e-12	-3.544550471e-12	-3.352164959e-12	-3.089697767e-12	-3.316596623e-12	-2.816831359e-12	-3.236567867e-12	-2.445925956e-12	-3.040037739e-12	-3.094746662e-12	-2.981410269e-12	-3.035742410e-12	-3.283364343e-12	-3.152469852e-12	-3.072893235e-12	-2.665289147e-12	-3.249981349e-12	-2.602969202e-12	-2.318497871e-12	-3.030392088e-12	-2.579156503e-12	-2.727835162e-12	-2.782770155e-12	-2.953151528e-12	-2.675839077e-12	-2.280593479e-12	-2.109684610e-12	-2.658657763e-12	-2.990754493e-12	-2.681490826e-12	-2.934161654e-12	-3.042524508e-12	-3.094219166e-12	-3.016225039e-12	-3.329105826e-12	-3.665874668e-12	-3.316069126e-12	-3.411621351e-12	-3.232950748e-12	-3.459246750e-12	-2.937854129e-12	-3.057520480e-12	-3.421040931e-12	-3.493835450e-12	-2.934839863e-12	-3.172665432e-12	-2.716682379e-12	-3.239129992e-12	-3.019616088e-12	-3.338299336e-12	-3.376580511e-12	-2.935367360e-12	-3.697373746e-12	-3.454197855e-12	-3.089019557e-12	-2.928208479e-12	-3.115695809e-12	-3.189771391e-12	-3.193991363e-12	-2.978697430e-12	-2.743660057e-12	-2.910499667e-12	-3.121648984e-12	-3.399715001e-12	-2.646600699e-12	-2.897387611e-12	-3.095349515e-12	-2.659712756e-12	-3.184119642e-12	-2.980656703e-12	-3.047498046e-12	-2.846898660e-12	-3.166938327e-12	-2.520905817e-12	-1.378273022e-12	8.720323612e-11	7.764183439e-11	1.802103656e-10	1.758805989e-10	1.492581515e-10	1.351424203e-10	1.248432770e-10	1.173831200e-10	1.072884193e-10	1.016195650e-10	9.591793059e-11	9.148145887e-11	8.767994225e-11	8.389402444e-11	8.088654078e-11	7.692383629e-11	7.441400790e-11	7.150599500e-11	6.957950239e-11	6.758405845e-11	6.595447102e-11	6.380605310e-11	6.137135528e-11	5.996105569e-11	5.840554384e-11	5.619759416e-11	5.585208395e-11	-3.792097047e-12	-3.424658050e-12	-3.554346835e-12	-3.435434051e-12	-3.717720040e-12	-3.085101012e-12	-3.346588567e-12	-2.992412339e-12	-3.607171843e-12	-3.142221348e-12	-3.821787565e-12	-3.154278411e-12	-3.603404010e-12	-3.607850052e-12	-3.628573129e-12	-3.237020006e-12	-3.825178614e-12	-3.168596174e-12	-3.626990640e-12	-3.511845688e-12	-3.151716285e-12	-2.927907052e-12	-3.363091672e-12	-3.286830748e-12	-3.093164173e-12	-3.547640094e-12	-2.945239080e-12	-3.280726860e-12	-2.891811220e-12	-3.098288425e-12	-4.285532353e-12	-3.651330836e-12	-3.720734305e-12	-3.297003895e-12	-3.284871475e-12	-3.027227109e-12	-3.287433601e-12	-3.262038412e-12	-2.984801318e-12	-3.105824089e-12	-3.104995166e-12	-3.510263198e-12	-3.144708117e-12	-2.998064088e-12	-2.911328590e-12	-3.268669797e-12	-2.948027276e-12	-3.292256427e-12	-3.045011277e-12	-2.560543412e-12	-2.579608643e-12	-3.062343305e-12	-2.879678800e-12	-3.060911529e-12	-3.079449264e-12	-2.730924784e-12	-3.213810160e-12	-3.192710300e-12	-3.380499057e-12	-3.337168987e-12	-3.130917851e-12	-2.701837120e-12	-2.966338941e-12	-2.603044559e-12	-2.702289259e-12	-2.868073877e-12	-2.836122660e-12	-3.063473655e-12	-3.297983532e-12	-2.944560870e-12	-2.670338042e-12	-2.886460898e-12	-2.985705598e-12	-2.931147388e-12	-3.164752985e-12	-2.986308451e-12	-2.754737484e-12	-2.426031802e-12	-2.875157401e-12	-2.861141065e-12	-2.733788337e-12	-2.790305820e-12	-2.742981847e-12	-2.662953091e-12	-3.064377935e-12	-2.459640865e-12	-3.027603892e-12	-3.391199700e-12	-3.550352933e-12	-3.404763896e-12	-2.800026827e-12	-2.738535805e-12	-2.968147500e-12	-2.934463080e-12	-2.935970213e-12	-3.001078354e-12	-2.762649931e-12	-2.742002211e-12	-2.828360925e-12	-2.541628894e-12	-2.887365178e-12	-2.961591472e-12	-2.416235438e-12	-3.034084564e-12	-3.063322942e-12	-3.041620228e-12	-3.068974690e-12	-2.836424086e-12	-2.891509793e-12	-2.852927191e-12	-3.034385990e-12	-2.698973567e-12	-3.158272313e-12	-3.354877798e-12	-2.844411890e-12	-2.339220948e-12	-2.522639020e-12	-2.301391913e-12	-2.760766015e-12	-2.864758184e-12	-2.585260391e-12	-2.917658548e-12	-2.807034995e-12	-2.817057429e-12	-3.084347445e-12	-2.335679186e-12	-2.831751974e-12	-3.065658998e-12	-2.817434212e-12	-2.967167864e-12
-7.560532108e-13	-1.291989664e-12	-1.741868830e-12	-1.804113418e-12	-1.681809584e-12	-2.092051155e-12	-1.667115039e-12	-1.401030728e-12	-1.402387148e-12	-8.754181352e-13	-7.217659377e-13	-1.268779818e-12	-1.209172712e-12	-1.328763706e-12	-8.711981631e-13	-1.324769804e-12	-5.451299638e-13	-1.025679284e-12	-1.305855287e-12	-1.110304795e-12	-8.606482329e-13	-9.568786675e-13	-1.272020153e-12	-1.240822503e-12	-1.642850199e-12	-1.583092380e-12	-1.559807177e-12	-1.579399905e-12	-2.262884667e-12	-1.737724214e-12	-1.614666814e-12	-1.943372496e-12	-1.738100997e-12	-2.076301616e-12	-1.865604439e-12	-1.909989503e-12	-1.684070284e-12	-1.692736298e-12	-1.125376124e-12	-1.295380713e-12	-1.228464013e-12	-1.345492881e-12	-1.850608467e-12	-1.695298424e-12	-1.584222730e-12	-1.504872184e-12	-1.979468329e-12	-1.634636325e-12	-1.773518620e-12	-1.996725000e-12	-1.250618866e-12	-1.296887846e-12	-1.793035991e-12	-1.695599850e-12	-1.271643370e-12	-1.408641749e-12	-1.238034307e-12	-1.423562365e-12	-1.670958228e-12	-1.202089188e-12	-1.051677326e-12	-4.654026343e-13	-7.697681201e-13	-1.006915479e-12	-1.068933997e-12	-1.231327566e-12	-1.303142447e-12	-1.469153134e-12	-7.511550290e-13	-1.339765776e-12	-1.018218976e-12	-1.392440071e-12	-1.260490587e-12	-1.311733105e-12	-8.827277297e-13	-5.073009285e-13	-1.088149942e-12	-1.236075034e-12	-1.222360125e-12	-1.347000014e-12	-1.701477668e-12	-1.362372770e-12	-7.009675040e-13	-7.541692947e-13	-1.344362532e-12	-8.777541911e-13	-1.054314808e-12	-1.309397049e-12	-1.206083090e-12	-1.251372433e-12	-1.028919619e-12	-4.268953892e-13	2.975833878e-13	4.531421083e-12	8.797549101e-11	7.958053478e-11	7.677523298e-11	2.552857788e-10	1.954673732e-10	1.657660041e-10	1.493176079e-10	1.372683066e-10	1.283737358e-10	1.210214895e-10	1.142739802e-10	1.090276506e-10	1.035572857e-10	9.941153997e-11	9.570738412e-11	9.111288953e-11	8.812296396e-11	8.450780431e-11	8.238666549e-11	7.942416974e-11	7.777596922e-11	7.596002481e-11	7.339789891e-11	7.163123774e-11	6.996208807e-11	6.793190472e-11	6.668603332e-11	6.327260341e-11	6.041259270e-11	5.904095106e-11	5.786832632e-11	5.555743947e-11	5.532247746e-11	5.423477965e-11	5.288566965e-11	5.217498114e-11	5.103815081e-11	5.001978112e-11	1.522166534e-11	-6.399286222e-13	-5.299079217e-13	-1.289728965e-12	-1.342629329e-12	-9.375120100e-13	-7.944097427e-13	-8.939558696e-13	-1.168555481e-12	-5.100891243e-13	-5.753479781e-13	-5.265922294e-13	-7.926765399e-13	-1.061699760e-12	-1.231704349e-12	-9.785060244e-13	-7.358576302e-13	-8.682592540e-13	-4.605044524e-13	-2.531983244e-13	-2.459640865e-13	-1.572693164e-13	-2.829641988e-13	-6.985560913e-14	9.592900801e-14	9.811435069e-14	-2.935894856e-13	-4.306632214e-13	3.543269408e-13	2.690985763e-13	4.236550535e-13	2.117521701e-14	6.103888177e-14	2.853756114e-13	1.443833302e-13	3.931356126e-13	-2.705303525e-14	4.874067744e-13	5.279486490e-13	-8.115910576e-14	-1.596053723e-13	-3.111475837e-13	-2.129578764e-13	-3.730153886e-13	-4.977306347e-13	-7.604992528e-13	-5.913235867e-13	-3.681172067e-13	-6.872525947e-13	-9.999826680e-14	-6.529653216e-13	-5.073762851e-13	-7.785094908e-13	-5.762522579e-13	-3.829624656e-13	-5.039852361e-13	-5.724844257e-13	-3.903474167e-13	-7.346519239e-13	-8.665260512e-13	-1.085964599e-12	-9.745874789e-13	-8.576339672e-13	-6.954664689e-13	-6.491221328e-13	-9.134732405e-13	-7.525114486e-13	-1.044744515e-12	-8.874751982e-13	-1.390706868e-12	-1.151072740e-12	-1.642548773e-12	-9.656200382e-13	-9.568786675e-13	-9.698400103e-13	-7.986297148e-13	-1.084683536e-12	-9.781292412e-13	-8.479883167e-13	-1.241802139e-12	-1.237582167e-12	-9.893573811e-13	-1.630567066e-12	-1.595601583e-12	-1.345945021e-12	-1.295832853e-12	-1.177899705e-12	-1.360488854e-12	-8.742877855e-13	-1.243912125e-12	-1.032612095e-12	-1.075942165e-12	-1.209850922e-12	-9.736831992e-13	-1.386336183e-12	-1.256345971e-12	-1.198622782e-12	-7.484421898e-13	-9.892820245e-13	-1.331627259e-12	-1.496582953e-12	-1.381965497e-12	-1.057027648e-12	-1.043915592e-12	-1.314069161e-12	-1.186490362e-12	-1.247830671e-12	-1.159361970e-12	-5.935089294e-13	-5.364639498e-13	-7.071467488e-13	-1.062980822e-12	-1.217160516e-12	-1.013622221e-12	-1.087547088e-12	-8.469333237e-13	-1.320399119e-12	-8.280188060e-13	-1.256270615e-12
3.924574028e-13	-2.162735687e-14	-2.418194711e-13	-2.226035268e-13	-2.165749953e-13	7.494218261e-13	2.980355276e-13	6.688655735e-13	1.568925331e-13	1.801023795e-14	-1.088149942e-13	2.722635553e-13	3.848463817e-13	3.396323952e-13	6.895132940e-14	-2.331534570e-13	-6.758737414e-13	-5.818286495e-13	-3.996162840e-13	5.084312781e-13	8.357051837e-14	-9.268867231e-15	5.674355305e-14	-2.221513870e-13	1.421226309e-13	2.228295968e-13	-8.726299393e-14	-2.988644507e-13	-2.908766464e-13	-2.247135129e-13	-1.689495962e-13	-2.143142960e-13	1.665381836e-14	-5.885353909e-14	8.613264427e-14	1.718885053e-13	6.458817971e-13	1.675856409e-12	2.012399182e-12	1.868392635e-12	2.049173225e-12	1.813909782e-12	2.309379717e-12	2.886159471e-12	2.582848979e-12	2.212847856e-12	2.624219776e-12	2.656472420e-12	3.228429349e-12	3.143803838e-12	2.795430072e-12	2.278106710e-12	2.126187715e-12	2.853153261e-12	2.300487633e-12	2.093558288e-12	2.058818875e-12	1.854602369e-12	2.167709226e-12	1.754604103e-12	1.705848354e-12	1.520018869e-12	1.697031626e-12	1.384979763e-12	1.661161864e-12	1.753398396e-12	1.334716881e-12	1.709691543e-12	1.810820159e-12	1.494397610e-12	1.257928461e-12	1.555285779e-12	1.513462841e-12	1.844504579e-12	1.855280579e-12	1.918730874e-12	1.422281302e-12	1.686029556e-12	1.759200858e-12	1.487992296e-12	1.569000688e-12	1.650461220e-12	1.246624964e-12	1.366291315e-12	1.957765615e-12	2.087529756e-12	1.977885839e-12	2.092352582e-12	1.272623007e-12	1.529965946e-12	1.492362981e-12	1.739909557e-12	2.497093117e-12	6.350229047e-12	1.042431066e-10	9.568530463e-11	9.519533573e-11	2.666777441e-10	1.957843986e-10	1.737558430e-10	1.609851525e-10	1.518981962e-10	1.439733147e-10	1.364819600e-10	1.305878647e-10	1.257834265e-10	1.215502670e-10	1.174125844e-10	1.146526473e-10	1.092787390e-10	1.066152584e-10	1.033271466e-10	1.010770725e-10	1.747746648e-12	1.591833751e-12	1.964623070e-12	1.860103404e-12	2.294383745e-12	1.648803374e-12	1.734333165e-12	1.265614839e-12	1.436825134e-12	1.529890590e-12	1.181742894e-12	1.482340547e-12	1.454533946e-12	1.510373219e-12	1.723255739e-12	1.689495962e-12	1.508112520e-12	1.292366447e-12	1.667190395e-12	1.414594924e-12	1.693414508e-12	1.282946867e-12	1.511277499e-12	1.350843203e-12	1.991374679e-12	1.426576631e-12	1.724988941e-12	1.865152300e-12	1.778492159e-12	1.910516999e-12	1.659127234e-12	1.157251984e-12	1.276164769e-12	1.674726060e-12	1.396886113e-12	1.595300157e-12	1.310602755e-12	1.680905305e-12	2.133195883e-12	1.783239627e-12	1.227710447e-12	1.399825022e-12	1.417609190e-12	1.058384067e-12	1.198924209e-12	1.286865412e-12	1.489499428e-12	1.705999067e-12	1.596355150e-12	1.211433411e-12	1.776834313e-12	1.886402873e-12	1.132459648e-12	1.158909831e-12	1.203294894e-12	1.273150503e-12	1.199150278e-12	9.023958138e-13	1.388521525e-12	1.223641188e-12	9.178439258e-13	1.347376798e-13	3.852231649e-13	9.737585558e-13	1.156799844e-12	9.544672549e-13	1.130877159e-12	1.184455733e-12	1.311733105e-12	1.167123705e-12	1.029447116e-12	1.341197553e-12	1.286262559e-12	9.317095484e-13	1.232608628e-12	1.009402248e-12	8.319373515e-13	9.170150028e-13	8.954630025e-13	8.105360646e-13	5.941117825e-13	9.448216044e-13	8.355544704e-13	8.910169605e-13	1.110756935e-12	5.452053205e-13	5.591462996e-13	6.645702448e-13	1.291763594e-12	6.005924539e-13	6.398532655e-13	1.069160067e-12	1.058233354e-12	9.077461355e-13	1.307287063e-12	1.446320071e-12	1.441572603e-12	1.329291203e-12	1.122738641e-12	1.140070669e-12	1.165239789e-12	1.416554197e-12	1.141201019e-12	6.390996991e-13	1.420774169e-12	1.341498979e-12	9.865691853e-13	6.778330142e-13	6.101627477e-13	3.195121712e-13	8.357805404e-13	1.195909943e-12	8.636624987e-13	7.660002879e-13	8.930515899e-13	9.287706392e-13	9.955366260e-13	1.458000351e-12	7.421875883e-13	6.229733773e-13	1.255441692e-12	1.255969188e-12	1.125300767e-12	1.366366672e-12	1.338032574e-12	1.226052600e-12	1.448656127e-12	1.382643707e-12	1.137809970e-12	1.227182950e-12	1.590025192e-12	1.590175905e-12	1.156649131e-12	7.265887630e-13	5.469385233e-13	5.025534599e-13	1.560636101e-12	1.691907375e-12
-2.109986036e-14	3.229785769e-13	-2.995426605e-13	3.501823254e-13	1.955504916e-13	3.871824377e-13	-1.979619042e-13	-3.948688154e-13	-6.667555875e-13	-6.940346927e-13	-3.265203391e-13	-4.345817669e-13	-4.238057667e-13	-6.158898527e-13	-8.334444844e-14	-3.406873882e-13	-3.580947730e-13	1.332305469e-13	1.537275541e-14	2.299131213e-13	2.397094851e-13	8.210106381e-13	1.763270117e-12	9.143021636e-13	1.078730361e-12	8.764731282e-13	6.592952797e-13	1.165993355e-12	1.025980710e-12	7.396254624e-13	4.976552780e-13	3.611090388e-13	1.066145802e-12	1.130198949e-12	7.082770984e-13	5.339018239e-13	1.037359563e-12	1.237130027e-12	9.352513106e-13	1.194402810e-12	9.265099399e-13	1.047683424e-12	1.265765552e-12	9.440680380e-13	1.061322976e-12	8.973469186e-13	1.347527511e-12	1.030351396e-12	8.916951703e-13	7.739127355e-14	-5.794925936e-14	-6.013460204e-14	-2.523694013e-13	1.568925331e-13	2.484508558e-13	1.440065470e-13	3.963759483e-14	2.214731772e-13	5.136308866e-13	-2.079843379e-14	1.281062951e-13	-1.003750500e-13	-1.487540156e-13	-2.051961420e-13	-1.588518059e-13	-1.972836944e-13	-1.345869665e-13	-8.944833662e-14	-9.201046252e-14	-3.219235838e-13	-2.090393309e-13	-8.919965969e-13	-7.039064131e-13	-6.552260210e-13	-7.266641196e-13	-1.315727007e-13	-3.941152489e-13	-3.850724516e-13	-6.737637554e-13	-7.862712251e-13	-7.621570990e-13	-7.719534628e-13	-7.622324557e-13	-8.519068622e-13	-7.730838124e-13	-6.297554752e-13	-6.207126779e-13	-6.604256294e-13	8.784324009e-13	1.346924658e-12	8.193527919e-13	1.105255900e-12	1.884292887e-12	3.426994106e-12	1.176127317e-10	1.075945933e-10	1.069111839e-10	2.054998293e-10	2.141358515e-10	1.852048533e-10	1.698479981e-10	1.607501151e-10	1.526085079e-10	1.445947809e-10	1.396479187e-10	1.341801159e-10	1.291563145e-10	1.255908903e-10	1.222921532e-10	1.177140863e-10	1.150072757e-10	1.114107291e-10	1.092290789e-10	1.062685424e-10	1.042431819e-10	1.013721691e-10	9.959066271e-11	9.694903555e-11	9.552600068e-11	9.459858646e-11	9.235589737e-11	4.563598370e-13	6.641934616e-13	5.555291807e-13	1.049039843e-12	1.102618417e-12	1.145722418e-12	1.123868991e-12	1.221606558e-12	1.387541889e-12	1.001565157e-12	9.833288496e-13	6.069977687e-13	7.062424690e-13	2.599804223e-13	4.756511379e-13	3.537994443e-13	5.735394187e-13	7.059410425e-13	9.102329048e-13	7.614788892e-13	6.054906358e-13	2.446830236e-13	3.911009832e-14	4.745207883e-13	-8.364587501e-15	6.006678106e-13	-2.852248981e-13	9.314834784e-13	6.335233074e-13	9.277910029e-13	1.160643033e-12	9.043550865e-13	1.020856458e-12	3.903474167e-13	1.176467929e-12	8.036786099e-13	4.773089841e-13	8.576339672e-13	4.756511379e-13	3.356384931e-13	3.145386327e-13	6.092584680e-13	4.117487037e-13	7.231223573e-13	9.240231707e-13	1.207439509e-12	7.678842040e-13	7.442975743e-13	9.647911152e-13	6.661527344e-13	6.776823009e-13	8.430901348e-13	9.898095210e-13	7.789616307e-13	6.164927059e-13	3.638972346e-13	4.693965365e-13	1.631471346e-13	5.138569565e-13	3.149154159e-13	5.371421596e-13	5.999896008e-13	8.357051837e-13	1.348130364e-13	4.040623260e-13	9.494937164e-14	5.229751105e-13	6.959939654e-13	4.084330113e-13	3.649522277e-13	-2.958501850e-13	1.121306865e-13	-9.125689607e-14	-5.204883412e-13	-3.246364230e-13	-3.406120316e-14	6.651730980e-13	4.446795572e-13	3.050436956e-13	6.311118948e-13	2.990151640e-13	2.229049534e-13	5.953928455e-13	4.262925360e-13	7.424890149e-13	6.969736018e-13	6.678859372e-13	1.156347705e-12	8.953876459e-13	7.505521758e-13	6.108409575e-13	3.224510804e-13	9.131718139e-13	7.424136582e-13	4.977306347e-13	5.775333208e-13	8.644914218e-13	4.760279211e-13	3.744471648e-13	8.393976593e-13	6.480671398e-13	8.914691004e-13	5.801708034e-13	5.349568169e-13	8.094057149e-13	5.387246491e-13	1.660106871e-13	6.079774051e-13	9.287706392e-13	2.198153310e-13	7.005153641e-13	7.127231404e-13	6.613299091e-13	3.022554997e-13	6.397779089e-13	2.041411490e-13	4.845432219e-14	2.484508558e-13	-1.712856522e-13	-3.062494019e-13	2.186096247e-13	-3.255407028e-14	-6.782097974e-14	3.375224092e-13	5.459588869e-13	4.440013474e-13	1.501104352e-13	4.052680323e-13	3.714328991e-13	3.135589963e-13
-1.778718229e-12	-2.056708889e-12	-2.604174909e-12	-2.427614292e-12	-2.631830797e-12	-2.444268110e-12	-1.916846957e-12	-1.850834537e-12	-2.239599464e-12	-2.268008919e-12	-2.297096584e-12	-2.231762373e-12	-2.144197953e-12	-2.090845449e-12	-2.117521701e-12	-2.415858655e-12	-2.150377198e-12	-2.636502909e-12	-2.364917564e-12	-2.276976360e-12	-1.993560021e-12	-2.184739827e-12	-2.673804448e-12	-2.063264917e-12	-1.984894007e-12	-2.478404670e-12	-2.076979826e-12	-2.493702068e-12	-2.242689087e-12	-2.086324050e-12	-2.220308163e-12	-2.328218878e-12	-2.157762149e-12	-2.174189897e-12	-2.208627884e-12	-2.351353368e-12	-2.015112021e-12	-2.120008470e-12	-2.060175295e-12	-1.629738143e-12	-1.574727793e-12	-1.643377696e-12	-1.369154868e-12	-1.722125389e-12	-1.782862844e-12	-1.872461894e-12	-2.255047576e-12	-2.160399631e-12	-2.096195771e-12	-1.722878955e-12	-1.949250314e-12	-1.431022673e-12	-1.286790056e-12	-1.383095847e-12	-1.484978030e-12	-2.110588890e-12	-1.847594201e-12	-1.920162650e-12	-1.468324211e-12	-9.422594785e-13	-1.093349550e-12	-1.527780604e-12	-1.145194921e-12	-1.664025416e-12	-1.217311230e-12	-1.213995537e-12	-1.577365276e-12	-1.322433748e-12	-9.809174370e-13	-1.007819759e-12	-1.475558449e-12	-1.053636599e-12	-1.519039233e-12	-1.413539931e-12	-1.478045219e-12	-1.514668548e-12	-1.783314984e-12	-1.433735512e-12	-1.375936966e-12	-1.750685557e-12	-1.923252272e-12	-2.296343017e-12	-1.575104576e-12	-1.451821106e-12	-1.614516101e-12	-1.539385527e-12	-1.811046229e-12	-2.255801143e-12	-1.737272074e-12	-1.983160804e-12	-1.732072466e-12	-1.469153134e-12	-1.522279569e-12	3.188339614e-13	2.261352667e-10	-1.602685108e-12	-1.560259317e-12	-1.556868268e-12	-1.533281639e-12	-1.674650703e-12	-1.680302451e-12	-1.920916216e-12	-1.699292326e-12	-1.539234814e-12	-2.148116498e-12	-2.105690708e-12	-1.845408859e-12	-1.825740775e-12	-1.965527350e-12	-1.459658197e-12	-1.339012210e-12	-1.915942678e-12	-1.662292213e-12	-1.784822117e-12	-1.507886450e-12	-1.405778197e-12	-1.364181329e-12	-1.402085721e-12	-1.721221109e-12	-1.945708552e-12	-2.206065758e-12	-1.838928187e-12	-1.894767461e-12	-1.766209026e-12	-1.761009417e-12	-1.923930482e-12	-1.674801416e-12	-1.091842417e-12	-2.238845898e-12	-1.573748157e-12	-1.545489415e-12	-1.738327067e-12	-1.593491597e-12	-1.945407126e-12	-2.095668274e-12	-2.262206458e-12	-2.005315658e-12	-2.020839126e-12	-1.813005502e-12	-2.175395604e-12	-2.238921255e-12	-2.317141451e-12	-2.521433314e-12	-1.956559909e-12	-2.098305757e-12	-2.381722095e-12	-2.462278348e-12	-2.206442541e-12	-2.853077904e-12	-2.711633483e-12	-2.244497646e-12	-2.266878570e-12	-2.309229004e-12	-2.147136862e-12	-1.674499990e-12	-2.151733617e-12	-2.531531104e-12	-2.062963490e-12	-2.407343354e-12	-1.785349613e-12	-2.387599913e-12	-2.482549285e-12	-2.338919521e-12	-2.498148110e-12	-2.468306879e-12	-2.775611274e-12	-2.538991412e-12	-2.481569649e-12	-2.406137648e-12	-2.298076220e-12	-2.109533897e-12	-2.582396839e-12	-1.990545755e-12	-1.686632410e-12	-2.050152861e-12	-2.238167688e-12	-2.533565733e-12	-2.344721983e-12	-2.288204500e-12	-2.119028834e-12	-2.673879805e-12	-1.785952467e-12	-2.181273422e-12	-2.644264643e-12	-2.282402038e-12	-2.778098044e-12	-2.259945758e-12	-2.491592082e-12	-2.721354490e-12	-2.094311854e-12	-2.266275716e-12	-2.084138707e-12	-1.927924384e-12	-2.028148721e-12	-1.860781614e-12	-2.105087855e-12	-2.129428051e-12	-2.016393084e-12	-1.633129192e-12	-2.002301392e-12	-1.903734901e-12	-2.072533784e-12	-1.817677614e-12	-1.451293610e-12	-1.605699374e-12	-1.224545468e-12	-1.594998730e-12	-1.086039956e-12	-2.055955323e-12	-1.542399793e-12	-1.801174509e-12	-1.352199623e-12	-1.957238119e-12	-1.961608804e-12	-2.505457705e-12	-2.101696806e-12	-1.803058425e-12	-1.960629168e-12	-1.724386088e-12	-2.167784582e-12	-1.881580048e-12	-2.129578764e-12	-2.457530879e-12	-2.657904196e-12	-2.427915718e-12	-1.883237894e-12	-2.194762261e-12	-2.137792638e-12	-2.188055520e-12	-2.075774120e-12	-2.494154208e-12	-2.305461171e-12	-2.553007747e-12	-2.595584251e-12	-2.482850712e-12	-2.284964164e-12	-2.075171267e-12	-2.243216583e-12	-2.569962992e-12	-2.619321594e-12	-2.671619105e-12	-2.474033984e-12	-2.605079189e-12	-2.458058376e-12	-1.841641027e-12	-2.016016301e-12	-2.063340274e-12	-2.259644332e-12	-2.045782176e-12	-2.082480861e-12	-2.329575297e-12
6.262890696e-13	4.385756690e-14	1.399372882e-13	1.746767012e-13	6.439225243e-13	1.104728403e-13	1.971329811e-13	8.159617429e-13	4.302110815e-13	4.046651791e-14	8.034525400e-13	1.252427426e-12	1.152805942e-12	1.097117382e-12	1.513914981e-12	1.288071119e-12	1.521978142e-12	1.476688799e-12	1.156799844e-12	1.180461831e-12	7.603485396e-13	9.833288496e-13	9.519804856e-13	1.139091033e-12	1.049642696e-12	1.039544906e-12	1.109325159e-12	1.363804546e-12	1.636972381e-12	1.500878282e-12	2.029580497e-12	2.202599352e-12	1.423487008e-12	2.216992471e-12	1.754378033e-12	2.217972107e-12	1.857013782e-12	1.647446955e-12	2.006747434e-12	2.013906315e-12	2.170195995e-12	2.057989952e-12	1.710520466e-12	1.929130090e-12	2.413673312e-12	2.616834825e-12	2.586993594e-12	3.087210998e-12	2.750140729e-12	3.138830299e-12	2.491516726e-12	2.430703914e-12	2.491441369e-12	2.148794708e-12	2.114281365e-12	2.183986261e-12	2.540272475e-12	2.656698490e-12	2.359115102e-12	2.500032027e-12	2.105238568e-12	2.654588504e-12	3.006579389e-12	2.423921816e-12	2.434170320e-12	2.780283386e-12	2.391066319e-12	3.034536704e-12	3.114339390e-12	3.115771166e-12	2.706207805e-12	2.610128084e-12	2.641024308e-12	2.749085736e-12	3.202054524e-12	3.165581908e-12	3.137323166e-12	3.543570835e-12	3.009367584e-12	3.122101124e-12	2.861668562e-12	3.008764731e-12	3.010196508e-12	3.371833043e-12	3.871824377e-12	3.875441496e-12	3.322625154e-12	3.425486973e-12	3.211624817e-12	2.985780955e-12	3.353446022e-12	3.363468455e-12	4.703158875e-12	1.317211533e-11	2.462068856e-10	6.958507878e-12	3.204315223e-12	3.345006078e-12	2.582246125e-12	3.113435110e-12	2.772747722e-12	3.044106997e-12	3.482381240e-12	3.764215089e-12	3.737915620e-12	3.817944376e-12	3.765872935e-12	3.513352821e-12	3.542666555e-12	3.904227734e-12	4.225473108e-12	3.593833717e-12	4.193446534e-12	3.833618558e-12	4.251395793e-12	3.649145493e-12	3.430761939e-12	3.387205798e-12	3.304464203e-12	2.871690996e-12	3.377786218e-12	3.074475725e-12	3.193539223e-12	3.239883559e-12	3.404462470e-12	3.205596286e-12	2.849912925e-12	3.137172453e-12	2.650669958e-12	3.008161878e-12	2.423921816e-12	2.781489093e-12	2.540573901e-12	3.215920146e-12	3.068070410e-12	2.668529483e-12	3.476654135e-12	2.794224365e-12	2.653533511e-12	2.868375303e-12	2.885255192e-12	2.658507049e-12	3.138679586e-12	3.242370328e-12	3.011477570e-12	2.941169821e-12	3.100096984e-12	3.074626438e-12	3.302504930e-12	3.144255977e-12	3.019390018e-12	3.023986773e-12	3.215995503e-12	2.648710685e-12	2.737857596e-12	3.318631252e-12	3.045463417e-12	3.089094914e-12	3.341765742e-12	3.294140343e-12	2.787668337e-12	3.427973743e-12	3.189168537e-12	3.582078080e-12	3.075907501e-12	3.794659173e-12	3.433248708e-12	3.849594167e-12	3.727064263e-12	3.987120042e-12	3.869262251e-12	3.964663762e-12	3.349753546e-12	3.588634108e-12	3.700312655e-12	3.672430696e-12	3.376881938e-12	3.124813963e-12	3.083518522e-12	3.337997910e-12	3.719227172e-12	3.520059562e-12	3.637540570e-12	3.154353768e-12	3.524656317e-12	3.852005579e-12	3.528725576e-12	3.479743757e-12	3.455403561e-12	3.158347670e-12	3.206349852e-12	3.469269184e-12	3.284419336e-12	3.019088592e-12	3.263846972e-12	4.038814700e-12	3.249755279e-12	3.361509183e-12	3.623373521e-12	3.446059337e-12	3.474242722e-12	3.441085799e-12	3.557285744e-12	2.983746325e-12	3.582002723e-12	4.089002225e-12	3.383362609e-12	4.071896267e-12	3.909653412e-12	3.540782639e-12	3.602650444e-12	3.662634333e-12	3.717343256e-12	4.152000380e-12	3.702347284e-12	3.775066446e-12	3.613426444e-12	3.549448653e-12	3.442065435e-12	3.704231200e-12	3.455931058e-12	3.145838467e-12	3.181180733e-12	3.767681495e-12	3.255557741e-12	3.908975202e-12	3.971445860e-12	3.858486251e-12	4.297664773e-12	3.947256378e-12	4.221705276e-12	3.866398698e-12	4.251772577e-12	4.380029585e-12	4.446795572e-12	4.021030532e-12	3.600540458e-12	3.771223257e-12	3.584112709e-12	3.304916343e-12	3.765270082e-12	4.119521666e-12	3.999629245e-12	4.259911094e-12	3.686296319e-12	3.556456821e-12	3.676801382e-12	3.771147900e-12	3.870392601e-12	3.492177604e-12	3.623825661e-12
4.876705227e-12	4.644757476e-12	5.183029985e-12	5.019430711e-12	4.741364694e-12	4.957788976e-12	5.253262378e-12	5.352959218e-12	5.055149760e-12	5.039174151e-12	5.115058292e-12	4.822071660e-12	4.352298340e-12	4.606702371e-12	4.743022540e-12	4.388846312e-12	4.480404635e-12	4.166167429e-12	4.571510818e-12	4.470909698e-12	4.914609619e-12	4.858393562e-12	4.955452920e-12	5.113099019e-12	4.987780920e-12	4.912650346e-12	4.834128723e-12	4.744906456e-12	4.469176495e-12	4.436471711e-12	4.587561783e-12	4.606928441e-12	4.961255381e-12	4.577388636e-12	4.849275408e-12	5.073461425e-12	5.393576449e-12	4.678969392e-12	4.888988360e-12	4.507683740e-12	4.365108969e-12	4.432176383e-12	4.178676632e-12	4.908581087e-12	4.408288327e-12	4.392689501e-12	5.082579579e-12	4.801876079e-12	4.720340190e-12	4.611223769e-12	5.020334990e-12	4.663973420e-12	4.974442794e-12	4.522830426e-12	4.973689228e-12	5.517010632e-12	5.499226464e-12	5.126889285e-12	5.458157093e-12	5.222969007e-12	4.781831212e-12	4.869169562e-12	4.781831212e-12	4.713784162e-12	5.060876865e-12	5.260270545e-12	5.198553454e-12	4.714839155e-12	5.236231776e-12	5.095691635e-12	4.774370904e-12	5.092828082e-12	4.721395183e-12	4.823955576e-12	5.001043690e-12	4.737596862e-12	5.383704729e-12	5.581591276e-12	5.056958319e-12	5.216789762e-12	4.502710202e-12	4.718154847e-12	4.822975939e-12	4.591631042e-12	4.877910933e-12	5.406161009e-12	5.288453930e-12	4.518233670e-12	5.391240393e-12	5.173082908e-12	6.152342499e-12	5.815422943e-12	7.509591017e-12	2.253441726e-10	2.406783454e-10	1.498542226e-11	6.188438332e-12	5.787917768e-12	5.411360617e-12	5.808866915e-12	5.326433679e-12	5.375942994e-12	5.592141206e-12	5.498623611e-12	5.641273738e-12	5.193881342e-12	5.194107412e-12	5.303299189e-12	5.579782717e-12	5.077681397e-12	5.341052868e-12	5.754534774e-12	5.726426746e-12	6.023784064e-12	5.650768675e-12	6.001930637e-12	5.726200676e-12	6.280976291e-12	5.963724819e-12	5.842099195e-12	6.025592623e-12	6.060332036e-12	6.181430164e-12	6.143751842e-12	6.274570976e-12	6.169373101e-12	6.019790162e-12	6.555274475e-12	6.265226752e-12	5.791158104e-12	6.033731141e-12	5.967040511e-12	5.838105293e-12	5.843757041e-12	6.122275198e-12	6.146012541e-12	6.100195701e-12	6.242845829e-12	5.593045486e-12	5.776689628e-12	5.882867139e-12	6.007130246e-12	5.879928230e-12	5.755288341e-12	5.829514635e-12	6.257012878e-12	6.648867427e-12	6.341261606e-12	5.769681460e-12	5.913914077e-12	5.921525098e-12	6.215039227e-12	6.782700827e-12	6.376227089e-12	6.461380097e-12	6.633117889e-12	6.421365719e-12	6.604783790e-12	6.592726727e-12	6.725957274e-12	7.103720131e-12	6.374267816e-12	6.459722250e-12	6.475923929e-12	6.614580154e-12	6.733568295e-12	6.108334219e-12	6.001177071e-12	6.487302782e-12	6.886919066e-12	6.656403092e-12	6.848939318e-12	6.549773440e-12	6.312098585e-12	6.015494833e-12	7.060465418e-12	6.505388377e-12	5.990325714e-12	5.789575614e-12	6.214210304e-12	6.697773889e-12	6.603352014e-12	6.668083372e-12	6.802444268e-12	6.987670899e-12	6.634851092e-12	6.209914975e-12	6.403958334e-12	6.209990332e-12	6.483158167e-12	6.218882416e-12	6.631987539e-12	6.056488848e-12	5.831775335e-12	6.353092599e-12	6.549999510e-12	6.468388265e-12	6.103285324e-12	6.202228597e-12	6.443143789e-12	7.416826988e-12	7.389623239e-12	7.109673306e-12	7.295201364e-12	7.063328970e-12	7.332050763e-12	7.218940440e-12	7.144111293e-12	6.931605556e-12	6.794456464e-12	7.052326900e-12	6.874560577e-12	6.598453832e-12	6.726560127e-12	6.919699206e-12	6.582704294e-12	6.960617864e-12	6.681798281e-12	7.036954145e-12	6.647737078e-12	7.102439069e-12	6.982320578e-12	7.116078621e-12	7.395124274e-12	6.983300214e-12	6.566577972e-12	6.441410586e-12	6.502223398e-12	6.615484434e-12	6.613148378e-12	6.232521968e-12	6.418878949e-12	5.860787643e-12	5.896205265e-12	6.043376792e-12	6.392730194e-12	6.671172994e-12	6.885713360e-12	6.079849407e-12	6.769136631e-12	6.973654564e-12	6.782550114e-12	6.766649862e-12	6.736808631e-12	6.857529975e-12	7.195730594e-12	7.138760971e-12	7.209068720e-12	7.232579993e-12	7.417881981e-12	7.413209869e-12
8.240701179e-12	8.214250996e-12	8.327738103e-12	8.127364786e-12	7.846887356e-12	7.765577537e-12	7.438378988e-12	7.708457201e-12	8.215230633e-12	8.386440928e-12	8.330224872e-12	7.929252168e-12	8.210181738e-12	7.954572001e-12	8.658855197e-12	8.412438971e-12	8.134825093e-12	8.205961766e-12	8.501510524e-12	8.417035726e-12	8.256300004e-12	8.494351643e-12	8.195863975e-12	8.116588786e-12	8.456447251e-12	8.741370722e-12	8.632329658e-12	8.590582077e-12	8.424043894e-12	8.630068959e-12	8.334294131e-12	8.443862691e-12	8.371294243e-12	8.387420565e-12	8.809342415e-12	9.503226395e-12	8.853576765e-12	9.103534754e-12	9.364193386e-12	9.148371957e-12	9.591092242e-12	9.422896212e-12	8.859529940e-12	8.760662023e-12	8.625698274e-12	9.057868628e-12	9.131039929e-12	8.985601606e-12	8.847322164e-12	8.692238190e-12	8.933454808e-12	8.683270750e-12	8.856440318e-12	9.020341019e-12	8.931646249e-12	8.950937550e-12	8.400834047e-12	8.066024477e-12	8.499249825e-12	8.414247530e-12	8.499475895e-12	8.179059444e-12	8.148163219e-12	8.576867168e-12	8.107621345e-12	8.210106381e-12	8.074238352e-12	8.303623976e-12	8.396086579e-12	8.170242716e-12	8.137462576e-12	8.193753989e-12	8.066928757e-12	8.300383641e-12	8.430825992e-12	8.354565068e-12	8.393750523e-12	8.314324620e-12	8.402642607e-12	8.506936202e-12	8.838580793e-12	8.526453573e-12	8.687942862e-12	8.777466555e-12	8.709118079e-12	8.337986606e-12	8.264739948e-12	9.335783931e-12	8.625246134e-12	8.748529603e-12	9.373085470e-12	1.008490433e-11	1.224326933e-11	2.413786347e-10	2.254146311e-10	3.548642337e-11	9.953256274e-12	9.185146000e-12	8.813336317e-12	7.863767244e-12	8.146957513e-12	8.116814856e-12	8.122918744e-12	8.284408032e-12	8.530974972e-12	8.389756621e-12	7.684343075e-12	8.332711641e-12	7.875146098e-12	7.715540725e-12	8.240851892e-12	8.078006184e-12	8.393147670e-12	7.985392868e-12	8.055474547e-12	8.089535750e-12	8.191041150e-12	7.787807747e-12	7.819080754e-12	8.402115110e-12	7.917270462e-12	7.944850994e-12	7.846058433e-12	7.891498489e-12	8.363532508e-12	8.263383528e-12	8.419371782e-12	8.645969211e-12	8.698794218e-12	8.662623029e-12	8.787865772e-12	8.762018443e-12	8.265794941e-12	8.742727142e-12	8.751619226e-12	9.169773244e-12	8.838580793e-12	9.458916688e-12	8.992986557e-12	8.949581130e-12	9.153571566e-12	9.233524965e-12	9.432240436e-12	8.979573074e-12	8.485308845e-12	8.209202101e-12	9.040009103e-12	8.635720707e-12	8.925014864e-12	8.799847478e-12	8.967742081e-12	9.274895763e-12	9.572102367e-12	9.386875736e-12	9.397953163e-12	8.922754165e-12	8.818159143e-12	8.585307112e-12	8.797360709e-12	8.741069296e-12	9.030137383e-12	8.742802499e-12	8.642352092e-12	8.660211617e-12	8.734890051e-12	9.081153831e-12	9.057491845e-12	8.920719535e-12	9.594558647e-12	9.454772073e-12	9.772400328e-12	9.114536824e-12	9.227195007e-12	9.082058111e-12	8.989369438e-12	9.198785552e-12	9.017025327e-12	9.415209834e-12	9.479564408e-12	8.676337938e-12	9.111371845e-12	8.996000823e-12	8.754708848e-12	9.314910141e-12	9.288836742e-12	9.211596182e-12	9.027725970e-12	9.064876796e-12	9.406920603e-12	8.859379227e-12	9.742559097e-12	9.846777335e-12	9.847229475e-12	9.691165865e-12	9.905781588e-12	9.977596470e-12	1.040456722e-11	1.021692917e-11	1.059861057e-11	1.046070792e-11	1.046266719e-11	1.021188028e-11	1.019703502e-11	9.725076355e-12	1.000495093e-11	1.018173762e-11	9.811208999e-12	1.011436878e-11	1.040675256e-11	1.010645633e-11	1.017510623e-11	1.005973521e-11	1.040969147e-11	1.020539960e-11	1.057555144e-11	1.026787026e-11	1.042800313e-11	1.020110428e-11	1.040456722e-11	1.016259703e-11	1.018904721e-11	1.011060095e-11	1.022860945e-11	1.003825857e-11	1.050562048e-11	1.022356056e-11	9.663057837e-12	1.004858243e-11	9.866897559e-12	9.866972916e-12	1.024880503e-11	9.909624777e-12	9.469541975e-12	9.737585558e-12	1.005890629e-11	1.008980251e-11	1.032099670e-11	1.034789902e-11	1.054292201e-11	1.024021437e-11	1.022672554e-11	9.735174145e-12	1.010585348e-11	9.853785503e-12	1.012077409e-11	1.023169907e-11	1.034006193e-11	1.062928073e-11	1.003916285e-11	1.035746931e-11	1.022197807e-11
1.053644134e-11	1.040901326e-11	1.030509645e-11	1.041006825e-11	1.068338680e-11	1.085746065e-11	1.063975530e-11	1.050418870e-11	1.077517119e-11	1.023252800e-11	1.013916111e-11	1.037427384e-11	9.707518257e-12	1.048180778e-11	1.017593516e-11	1.055927441e-11	1.061134585e-11	1.074171284e-11	1.190672656e-11	1.236640209e-11	1.197786323e-11	1.091164207e-11	1.070976162e-11	1.073719144e-11	1.142527296e-11	1.184885266e-11	1.220777635e-11	1.186226614e-11	1.188879168e-11	1.202413221e-11	1.169165870e-11	1.207100404e-11	1.212141764e-11	1.187944745e-11	1.201795297e-11	1.171697853e-11	1.141517517e-11	1.114019878e-11	1.126951078e-11	1.186769182e-11	1.140665987e-11	1.141261304e-11	1.192503822e-11	1.198351498e-11	1.196166155e-11	1.166211889e-11	1.194244561e-11	1.211207342e-11	1.187680997e-11	1.187922139e-11	1.230385607e-11	1.159135900e-11	1.183649417e-11	1.165857713e-11	1.187078144e-11	1.193453316e-11	1.173280343e-11	1.206135839e-11	1.181260611e-11	1.236436746e-11	1.221968270e-11	1.202066581e-11	1.197349255e-11	1.141992264e-11	1.125843335e-11	1.071413231e-11	1.006568839e-11	1.001896727e-11	1.036643675e-11	1.039801119e-11	1.015928134e-11	1.016402881e-11	9.719952103e-12	9.748210845e-12	9.960038372e-12	9.904349812e-12	1.050358585e-11	1.068896319e-11	1.039115373e-11	1.049047379e-11	1.122768784e-11	1.070290417e-11	1.117659603e-11	1.082558479e-11	1.098865656e-11	1.094969718e-11	1.122158395e-11	1.155036499e-11	1.126988756e-11	1.131253942e-11	1.142934222e-11	1.251696466e-11	1.412982292e-11	2.328552708e-10	2.024655940e-10	6.175039920e-11	1.363164014e-11	1.183649417e-11	1.070071883e-11	1.067457007e-11	1.029914327e-11	9.633593389e-12	1.026749348e-11	1.045339832e-11	1.053282422e-11	1.011308772e-11	1.045347368e-11	9.746779069e-12	1.037638383e-11	1.112271603e-11	1.051149829e-11	1.075512632e-11	1.038874232e-11	1.070433595e-11	1.027691306e-11	1.089476219e-11	1.102859559e-11	1.054661449e-11	1.045987899e-11	1.078210400e-11	1.031127569e-11	1.032823093e-11	1.052430892e-11	1.074661102e-11	1.024684576e-11	1.042431066e-11	1.008497969e-11	9.998997757e-12	1.036048358e-11	9.982268582e-12	9.814675405e-12	1.015287602e-11	9.617316354e-12	1.041790534e-11	1.015513672e-11	1.015920598e-11	9.999223827e-12	1.011580056e-11	9.714677138e-12	1.037125958e-11	1.014074360e-11	1.033863015e-11	1.051044330e-11	1.009530355e-11	1.005498774e-11	1.012378836e-11	9.613021025e-12	9.161710083e-12	9.692296215e-12	1.026591099e-11	9.999902036e-12	1.029891720e-11	1.021225706e-11	9.897341644e-12	1.005378204e-11	9.648438648e-12	1.002311188e-11	1.020728352e-11	1.028799049e-11	1.061036621e-11	1.048828845e-11	1.054344951e-11	1.052340464e-11	1.049401555e-11	1.064789382e-11	1.063998137e-11	1.051662255e-11	1.075881880e-11	1.055671228e-11	1.064352313e-11	1.033222484e-11	1.017631194e-11	1.070380845e-11	1.092023273e-11	1.060343340e-11	1.047675888e-11	1.020577639e-11	1.023983759e-11	1.033365661e-11	1.082588621e-11	1.010050316e-11	1.033132056e-11	1.024910646e-11	1.048745952e-11	1.014255216e-11	1.037510277e-11	1.021195563e-11	1.027661163e-11	1.026764419e-11	1.006026271e-11	1.003177790e-11	1.041519250e-11	1.028829191e-11	1.008211614e-11	9.774133530e-12	1.007563546e-11	9.818367881e-12	9.942103490e-12	1.016877628e-11	1.008497969e-11	1.092844661e-11	1.026900061e-11	9.869158259e-12	1.020592710e-11	1.211041557e-11	1.149912247e-11	1.153393724e-11	1.132768611e-11	1.168005377e-11	1.194787129e-11	1.180642687e-11	1.150183531e-11	1.166483173e-11	1.197688360e-11	1.204786955e-11	1.151803699e-11	1.160499856e-11	1.215811633e-11	1.195646195e-11	1.213211828e-11	1.017503088e-11	9.570218451e-12	9.626660578e-12	9.652206480e-12	9.828465671e-12	9.836754902e-12	9.386498953e-12	9.480996185e-12	9.456128492e-12	9.239327427e-12	9.476324073e-12	9.853559433e-12	9.687699460e-12	9.608122843e-12	9.441283233e-12	9.303682001e-12	1.008068436e-11	9.665996746e-12	9.491395402e-12	1.013968861e-11	1.008008151e-11	9.432692576e-12	9.616638144e-12	9.427492967e-12	9.843386286e-12	9.158168321e-12	9.068493915e-12	9.635778732e-12	9.186351706e-12	9.202176601e-12	9.800432999e-12
5.989270721e-12	5.881284650e-12	5.664182158e-12	5.685583445e-12	5.517764199e-12	5.799221264e-12	6.044733211e-12	6.161686723e-12	6.319182109e-12	6.145108261e-12	6.544799902e-12	6.235084094e-12	5.917229769e-12	5.509851751e-12	9.914522959e-12	9.187255986e-12	1.010479849e-11	9.466829136e-12	9.564868130e-12	9.762679321e-12	9.381148631e-12	8.799922835e-12	9.061108963e-12	9.069925691e-12	8.991102641e-12	9.698174033e-12	9.734495936e-12	9.407598813e-12	9.928313224e-12	9.110693635e-12	9.102781188e-12	8.962542473e-12	8.815597017e-12	8.657423421e-12	8.303171837e-12	8.672796176e-12	8.664205519e-12	9.222146112e-12	8.713488764e-12	9.088764852e-12	9.463513443e-12	9.128477803e-12	8.889295815e-12	8.445143754e-12	8.413946103e-12	8.541675615e-12	8.350495809e-12	8.100688534e-12	8.351023306e-12	8.348611893e-12	8.754407422e-12	8.165043108e-12	8.887637969e-12	8.788619338e-12	8.672042610e-12	8.570612567e-12	8.211462801e-12	8.472121433e-12	8.400984761e-12	8.189986157e-12	8.348009040e-12	7.983735022e-12	8.192246856e-12	8.550567699e-12	8.555767308e-12	8.149896422e-12	7.549680752e-12	8.113348450e-12	8.209955668e-12	8.399477628e-12	8.059694519e-12	8.754332065e-12	8.541148119e-12	8.268959920e-12	8.724566191e-12	8.174462688e-12	9.060280040e-12	8.890878304e-12	8.311913207e-12	8.258334633e-12	8.491111307e-12	8.481767083e-12	8.103024590e-12	8.187725458e-12	8.567673658e-12	9.113406474e-12	8.581840707e-12	8.145450380e-12	8.107696702e-12	7.813805789e-12	8.330903082e-12	8.985978389e-12	1.103213735e-11	2.129099496e-10	1.723311503e-10	6.521077630e-11	9.972622931e-12	5.410456337e-12	5.064343271e-12	4.504820188e-12	4.723655882e-12	4.068731288e-12	3.629552766e-12	3.500843618e-12	3.171610439e-12	3.932034336e-12	3.821862922e-12	3.725783200e-12	3.889683901e-12	3.867001552e-12	3.555175758e-12	3.363995952e-12	3.144783474e-12	3.948085301e-12	4.243634059e-12	4.204373247e-12	4.541744943e-12	4.897654374e-12	4.351469417e-12	3.943036406e-12	3.984407203e-12	3.579063814e-12	4.505196971e-12	4.267522115e-12	5.133143887e-12	4.899312220e-12	5.507289625e-12	4.369479655e-12	5.050779075e-12	4.774370904e-12	4.576710426e-12	4.546341699e-12	5.501562520e-12	5.442181484e-12	4.755456386e-12	5.380916533e-12	5.071652865e-12	5.530273401e-12	5.407668141e-12	4.943169787e-12	5.058314739e-12	5.133671383e-12	5.076023550e-12	5.184687831e-12	5.254392727e-12	5.065096837e-12	5.582495556e-12	5.718514299e-12	5.667271781e-12	5.283103609e-12	5.743909488e-12	5.090642739e-12	5.337737176e-12	4.925988472e-12	5.369462323e-12	4.946786906e-12	8.909265325e-12	8.784474723e-12	8.823283394e-12	7.857588000e-12	8.513793657e-12	8.667671924e-12	8.416432873e-12	8.891330444e-12	9.042043732e-12	9.307223763e-12	8.902860011e-12	8.613490497e-12	9.220638979e-12	8.655840931e-12	8.280715557e-12	8.405280089e-12	8.765560205e-12	8.400231194e-12	8.824865884e-12	8.746118191e-12	8.193904702e-12	8.500455531e-12	8.969173858e-12	8.521329321e-12	8.370691390e-12	9.121921775e-12	8.645064931e-12	8.251100395e-12	8.204831416e-12	7.871227552e-12	7.638903018e-12	8.398347278e-12	8.155246744e-12	8.405280089e-12	8.530974972e-12	9.144151985e-12	8.684401099e-12	8.705048820e-12	8.776034779e-12	8.394956229e-12	8.499325181e-12	8.532934245e-12	8.628712539e-12	7.978007917e-12	8.483198859e-12	8.271522046e-12	8.365416425e-12	8.008452001e-12	8.184861905e-12	7.851031972e-12	8.728032596e-12	8.927652347e-12	8.553883392e-12	8.986656599e-12	8.333615921e-12	7.854649090e-12	8.066551974e-12	8.188931164e-12	8.033847190e-12	7.781477789e-12	8.105134576e-12	7.199197000e-12	7.713355383e-12	7.332352190e-12	7.335667882e-12	7.089100942e-12	7.297763490e-12	6.710735232e-12	6.716386980e-12	6.951650424e-12	6.721888016e-12	6.400868711e-12	6.886994423e-12	6.819173443e-12	7.110351516e-12	7.105076551e-12	7.814710069e-12	7.169958622e-12	7.815388279e-12	7.406352414e-12	7.107261894e-12	6.824071625e-12	6.713900211e-12	6.625657581e-12	6.714804491e-12	6.931153416e-12	6.414357551e-12	6.506669440e-12	7.065665026e-12	6.289793018e-12	6.472834307e-12	6.407424739e-12	6.177511618e-12	6.438999173e-12	5.910070888e-12
-8.713488764e-13	-7.976500784e-13	-6.883829444e-13	6.292279787e-14	-1.165993355e-12	-8.250798969e-13	-7.981775749e-13	-2.164242820e-13	-7.843873090e-13	-7.167170426e-13	-3.326995840e-13	-3.917791930e-13	-6.083541883e-13	-8.266623864e-13	-1.251372433e-12	-9.176178559e-13	-1.046251647e-12	-9.000597578e-13	-9.060882894e-13	-7.310348050e-13	-3.745978781e-13	-3.859767314e-13	-6.546985244e-13	-4.874067744e-13	-1.000058025e-12	-9.213103315e-13	-7.896622741e-13	-1.136679620e-12	-1.367497022e-12	-1.106386250e-12	-7.773791411e-13	-1.617002870e-12	-1.412183512e-12	-1.622880689e-12	-1.263052713e-12	-1.127561467e-12	-1.870653335e-12	-1.623257472e-12	-1.875777586e-12	-1.843901726e-12	-1.587915206e-12	-2.140354764e-12	-1.165164432e-12	-1.146626698e-12	-1.753323040e-12	-1.199451705e-12	-1.019500039e-12	-1.605397947e-12	-1.061322976e-12	-1.382945134e-12	-1.333209748e-12	-1.550236884e-12	-1.371792350e-12	-1.753398396e-12	-1.311808461e-12	-1.213015901e-12	-1.354008182e-12	-1.393193637e-12	-1.512558562e-12	-1.303820657e-12	-1.478422002e-12	-1.461768183e-12	-8.163385262e-13	-1.156423061e-12	-1.244891761e-12	-1.425973777e-12	-1.777813949e-12	-1.172775453e-12	-1.393419707e-12	-1.841791740e-12	-1.536295904e-12	-1.833954649e-12	-1.673369640e-12	-1.658524381e-12	-1.139392460e-12	-1.312109888e-12	-1.632450982e-12	-1.226655454e-12	-7.554503577e-13	-9.409784156e-13	-1.435242645e-12	-1.258531314e-12	-1.067351508e-12	-1.154765215e-12	-1.132459648e-12	-1.147832404e-12	-1.145722418e-12	-1.512181778e-12	-1.631094563e-12	-1.447676491e-12	-8.485158132e-13	-6.268165661e-13	6.181505520e-13	1.104917549e-10	8.180566576e-11	2.519187686e-11	4.863517814e-13	-2.803267163e-14	-5.843154188e-13	-8.182977989e-13	-8.469333237e-13	-6.985560913e-13	-1.187093215e-12	-1.378574448e-12	-6.981039515e-13	-1.058610137e-12	-1.356118168e-12	-8.679578274e-13	-4.855982150e-13	-1.234341831e-12	-1.008121186e-12	-1.199150278e-12	-9.709703600e-13	-2.567400866e-13	-6.281729857e-13	-5.723337124e-13	-6.443746642e-13	-9.815202902e-13	-8.053364561e-13	-1.107365886e-12	-1.121306865e-12	-6.598981329e-13	-4.253128996e-13	-9.076707789e-13	-7.335215742e-13	-1.052204822e-12	-8.823509464e-13	-7.858944419e-13	-5.173233621e-13	-8.173181625e-13	-5.947146357e-13	-7.424890149e-13	-8.581614637e-13	-1.214296964e-12	-7.129492104e-13	-9.747381922e-13	-4.970524249e-13	-3.060233319e-13	-5.566595304e-13	-4.699993896e-13	-6.742912519e-13	-1.610371486e-13	-3.221496538e-13	-5.063966487e-13	-3.797221299e-13	-1.733956382e-13	-5.051155858e-13	-4.464127600e-13	-3.869563677e-13	-4.029319763e-13	-5.950160623e-13	-5.531177681e-13	-3.498808988e-13	-2.956994717e-13	-5.819793628e-13	-4.803232499e-13	-7.819758964e-13	-6.652484546e-13	-7.212384412e-13	-4.955452920e-13	-6.250833633e-13	-9.321616882e-13	-1.042785242e-12	-7.051121194e-13	-1.307814559e-12	-5.243315300e-13	-1.254612769e-12	-5.906453769e-13	-1.051526613e-12	-2.388805620e-13	-1.684974563e-13	-8.460290440e-13	-1.061247620e-12	-7.697681201e-13	-6.337493774e-13	-9.007379676e-13	-7.534157283e-13	-1.289352182e-12	-1.227710447e-12	-9.442941079e-13	-8.054118128e-13	-1.324845161e-12	-1.340594700e-12	-9.089518418e-13	-5.424924813e-13	-4.933599493e-13	-1.072701830e-12	-4.379728158e-13	-9.082736320e-13	-6.901161472e-13	-6.414357551e-13	-1.093650977e-12	-1.289352182e-12	-9.340456043e-13	-1.006840123e-12	-8.984772683e-13	-9.866445420e-13	-9.952351994e-13	-9.540151150e-13	-1.183852880e-12	-1.239918223e-12	-1.179783621e-12	-1.282042587e-12	-1.761687627e-12	-1.435091931e-12	-9.880009616e-13	-1.178351845e-12	-1.108797662e-12	-1.497788659e-12	-1.032838165e-12	-1.129671453e-12	-8.659985547e-13	-9.733817726e-13	-1.613159681e-12	-1.533583065e-12	-1.135247844e-12	-1.423863791e-12	-9.229681776e-13	-8.320880648e-13	-8.865709185e-13	-1.278274755e-12	-1.291612881e-12	-1.308266699e-12	-1.369079511e-12	-1.579852045e-12	-1.240671789e-12	-1.090259928e-12	-1.217235873e-12	-9.311066952e-13	-1.191689971e-12	-1.233286838e-12	-6.462585803e-13	-1.226730810e-12	-1.090485998e-12	-1.013999004e-12	-1.489122645e-12	-1.383698700e-12	-1.166370138e-12	-7.569574906e-13	-1.089506361e-12	-1.556943625e-12	-1.176467929e-12	-1.077373942e-12	-1.275712629e-12	-1.502460771e-12	-1.074058249e-12	-1.957690259e-12	-1.548126898e-12	-1.241349999e-12	-1.009552962e-12	-8.935037298e-13
9.082736320e-13	6.881568744e-13	8.360819669e-13	1.297716769e-12	8.513040090e-13	4.290807318e-13	9.436912548e-13	1.103974837e-12	1.081593914e-12	1.608713639e-12	6.218430276e-13	1.452650029e-12	1.216105523e-12	1.538707317e-12	1.395228267e-12	1.576084213e-12	1.228765440e-12	1.104200907e-12	1.931315433e-12	2.068916665e-12	2.373432864e-12	1.852266313e-12	1.888437503e-12	2.216917114e-12	2.268234989e-12	2.130407687e-12	2.127016638e-12	2.348339102e-12	1.631245276e-12	1.970576245e-12	2.122043099e-12	2.032368693e-12	1.627176017e-12	2.218499604e-12	1.704944074e-12	2.094537924e-12	2.043370763e-12	2.385489927e-12	1.745787375e-12	2.417139718e-12	2.367705759e-12	1.945030342e-12	2.093709001e-12	2.074040917e-12	2.650971385e-12	2.051057141e-12	2.654588504e-12	2.076376973e-12	2.753908561e-12	3.118484005e-12	2.366349340e-12	2.746523610e-12	2.351428724e-12	2.860538212e-12	2.820071694e-12	2.672448028e-12	2.854961821e-12	2.774631638e-12	2.785181568e-12	2.568832643e-12	2.891057653e-12	3.117956509e-12	2.905526129e-12	3.102734467e-12	2.710729204e-12	2.616081259e-12	2.585561818e-12	2.550144195e-12	2.426031802e-12	3.040113095e-12	2.784201932e-12	3.031070298e-12	2.799574687e-12	2.819167415e-12	3.158272313e-12	3.284343979e-12	3.287207531e-12	2.473205061e-12	2.497846684e-12	2.992336983e-12	2.890078017e-12	2.680887973e-12	2.957974353e-12	3.611241101e-12	3.753966585e-12	3.466556345e-12	3.257215587e-12	3.448922890e-12	3.882826447e-12	4.203167541e-12	5.737805599e-12	7.830459608e-12	1.284620538e-10	1.126885517e-10	9.954680514e-11	5.034034828e-11	5.669004983e-12	4.044692519e-12	3.132274271e-12	2.885858045e-12	2.954658661e-12	2.099737533e-12	2.044199686e-12	2.433567466e-12	2.638612895e-12	2.616834825e-12	2.526708279e-12	2.510732670e-12	2.959406129e-12	3.119388285e-12	2.524296866e-12	2.733863693e-12	2.271776751e-12	2.842000478e-12	2.890906940e-12	2.366424696e-12	2.463408698e-12	2.679305483e-12	2.264090374e-12	2.538991412e-12	2.957898996e-12	3.001153710e-12	2.818338491e-12	3.319686245e-12	2.758580673e-12	2.627007972e-12	2.114658148e-12	2.357909396e-12	2.418119354e-12	2.594906042e-12	2.970182129e-12	2.173813114e-12	1.991525392e-12	2.838760142e-12	2.848330436e-12	2.596563888e-12	2.795806855e-12	2.519398684e-12	2.413673312e-12	2.373432864e-12	1.725968578e-12	1.795824187e-12	2.189110513e-12	2.142314037e-12	2.467854740e-12	2.197173674e-12	2.661822742e-12	2.342461284e-12	3.085402438e-12	2.777570547e-12	3.123382187e-12	3.260908063e-12	3.557813241e-12	3.040037739e-12	3.532794835e-12	3.812744768e-12	3.779663201e-12	3.911160545e-12	2.952021178e-12	3.483285520e-12	3.156915894e-12	3.321419448e-12	3.328653686e-12	3.337168987e-12	3.575145269e-12	2.989925570e-12	3.498884345e-12	2.867395667e-12	3.031447081e-12	3.522470975e-12	3.964513049e-12	4.211607485e-12	4.185232660e-12	4.162399597e-12	3.563088206e-12	3.447491114e-12	3.028131389e-12	3.685844179e-12	3.694660906e-12	3.436187617e-12	3.519682779e-12	3.371833043e-12	3.295948902e-12	3.135514607e-12	3.343725015e-12	3.154881264e-12	3.208685908e-12	3.518024932e-12	3.300168874e-12	2.742755777e-12	2.935216647e-12	3.398207868e-12	3.128506439e-12	3.867981188e-12	4.349434787e-12	3.683357410e-12	4.141977946e-12	3.882223594e-12	4.134291568e-12	3.328201546e-12	3.383814749e-12	3.758487984e-12	3.561128933e-12	3.972124070e-12	3.798879145e-12	3.875441496e-12	3.980488658e-12	4.066018449e-12	4.070690561e-12	4.273475290e-12	3.870166531e-12	3.968808378e-12	4.252676856e-12	4.058332071e-12	4.511376216e-12	3.850272377e-12	4.053886029e-12	4.524036132e-12	4.512205139e-12	5.165321174e-12	5.128547131e-12	4.565859070e-12	4.492461698e-12	4.179580912e-12	4.180485191e-12	4.493592048e-12	3.994278924e-12	4.392011291e-12	4.196310087e-12	4.338658787e-12	4.288019123e-12	3.378916567e-12	4.101059288e-12	4.525015768e-12	4.717175211e-12	4.569024049e-12	4.930509871e-12	4.104299624e-12	4.328560997e-12	4.500148076e-12	4.528783601e-12	4.593062818e-12	5.061705788e-12	4.124118421e-12	4.423208942e-12	4.241448716e-12	5.017546795e-12	7.434535799e-12	7.174856804e-12	7.462116331e-12	5.033220977e-12
1.307573418e-11	1.305192148e-11	1.289374789e-11	1.312283208e-11	1.290746279e-11	1.191094653e-11	1.202548863e-11	1.283142794e-11	1.241628819e-11	1.227439163e-11	1.251108685e-11	1.230566463e-11	1.259322559e-11	1.312328422e-11	1.279352355e-11	1.307972808e-11	1.276225054e-11	1.300904355e-11	1.282532405e-11	1.307686453e-11	1.329193239e-11	1.338733390e-11	1.219541786e-11	1.283316114e-11	1.288779471e-11	1.271191230e-11	1.311831068e-11	1.334174313e-11	1.290678458e-11	1.333805066e-11	1.279472925e-11	1.324634162e-11	1.233068304e-11	1.341310588e-11	1.255931510e-11	1.327814213e-11	1.346495125e-11	1.340956411e-11	1.283964181e-11	1.350843203e-11	1.348062543e-11	1.349418963e-11	1.367836126e-11	1.338740926e-11	1.375582789e-11	1.395966762e-11	1.397323181e-11	1.379282801e-11	1.414421604e-11	1.384821514e-11	1.417805117e-11	1.395665335e-11	1.391897503e-11	1.383163668e-11	1.395062482e-11	1.362282342e-11	1.426410846e-11	1.373118627e-11	1.401136227e-11	1.378144915e-11	1.409900205e-11	1.361950773e-11	1.336103444e-11	1.388378348e-11	1.346480053e-11	1.297106380e-11	1.351875589e-11	1.385936792e-11	1.385914185e-11	1.357858907e-11	1.341973726e-11	1.305953250e-11	1.350526705e-11	1.313865698e-11	1.318733737e-11	1.329931734e-11	1.260792013e-11	1.233919834e-11	1.265260662e-11	1.261914827e-11	1.352847690e-11	1.431595383e-11	1.349373749e-11	1.390405441e-11	1.373088485e-11	1.413720787e-11	1.461979182e-11	1.507185633e-11	1.335477983e-11	1.655660829e-11	1.701152881e-10	1.708622232e-10	1.691830511e-10	1.494032131e-10	1.264944164e-10	7.364657583e-11	2.230104527e-11	1.729254127e-11	1.509001728e-11	1.348544826e-11	1.308884624e-11	1.251048399e-11	1.244047767e-11	1.315930470e-11	1.325417871e-11	1.366321458e-11	1.315320081e-11	1.269254565e-11	1.317219069e-11	1.249737194e-11	1.296767275e-11	1.322328249e-11	1.328763706e-11	1.367112703e-11	1.353518364e-11	1.327271645e-11	1.265290805e-11	1.281876802e-11	1.307731667e-11	1.342478616e-11	1.370548966e-11	1.346487589e-11	1.317264283e-11	1.279322212e-11	1.303760372e-11	1.298997832e-11	1.337866789e-11	1.330677765e-11	1.316246968e-11	1.271439907e-11	1.355304317e-11	1.358604938e-11	1.305802537e-11	1.321642504e-11	1.345726487e-11	1.345003063e-11	1.276006520e-11	1.375974644e-11	1.389267556e-11	1.314965905e-11	1.355439958e-11	1.390925402e-11	1.388649632e-11	1.337271472e-11	1.425250354e-11	1.404904060e-11	1.336487762e-11	1.306141642e-11	1.325297301e-11	1.348281077e-11	1.265727874e-11	1.325885083e-11	1.282660512e-11	1.330406481e-11	1.369818006e-11	1.425747707e-11	1.384218661e-11	1.294227756e-11	1.306849994e-11	1.274989205e-11	1.231613921e-11	1.276044198e-11	1.299676042e-11	1.298545692e-11	1.320519690e-11	1.354678856e-11	1.318334347e-11	1.314121910e-11	1.333465961e-11	1.341190017e-11	1.252623353e-11	1.270543163e-11	1.334227063e-11	1.285463779e-11	1.328417066e-11	1.250121513e-11	1.244658156e-11	1.253437205e-11	1.240965680e-11	1.274619958e-11	1.331416260e-11	1.293255656e-11	1.332493860e-11	1.289013077e-11	1.378506627e-11	1.360880708e-11	1.316910106e-11	1.300731035e-11	1.295810246e-11	1.287769692e-11	1.328537636e-11	1.314883013e-11	1.327249038e-11	1.329637844e-11	1.296217172e-11	1.273331359e-11	1.297174201e-11	1.214191465e-11	1.273745821e-11	1.236994385e-11	1.239925759e-11	1.275516702e-11	1.277076584e-11	1.305666895e-11	1.286661949e-11	1.207190832e-11	1.256692612e-11	1.294175007e-11	1.314611729e-11	1.241485641e-11	1.289337110e-11	1.317309497e-11	1.336118515e-11	1.282811225e-11	1.371784815e-11	1.318017849e-11	1.330308518e-11	1.267807717e-11	1.307030850e-11	1.377511920e-11	1.341303052e-11	1.324453306e-11	1.364203936e-11	1.229827968e-11	1.365922068e-11	1.317128641e-11	1.415099814e-11	1.437141632e-11	1.378853268e-11	1.347655617e-11	1.382719064e-11	1.399802415e-11	1.350790454e-11	1.338597748e-11	1.406501621e-11	1.405635019e-11	1.012612442e-11	1.029771149e-11	1.028738763e-11	1.013712649e-11	1.037969952e-11	9.992969225e-12	1.005039099e-11	1.033003949e-11	1.022393734e-11	1.035340005e-11	1.017970299e-11	1.089235077e-11	1.070365774e-11	1.134253137e-11	1.143032186e-11
3.524701531e-11	3.494423232e-11	3.452125547e-11	3.408343337e-11	3.548001806e-11	3.627714064e-11	3.561618751e-11	3.543940082e-11	3.570367658e-11	3.637691283e-11	3.611369208e-11	3.638565420e-11	3.623727697e-11	3.686153141e-11	3.709393130e-11	3.670893421e-11	3.634639339e-11	3.666620699e-11	3.667788727e-11	3.713160963e-11	3.659258355e-11	3.670938635e-11	3.675550461e-11	3.645196805e-11	3.825073115e-11	3.730809489e-11	3.671428453e-11	3.723748571e-11	3.774659520e-11	3.762549707e-11	3.729294820e-11	3.788397036e-11	3.794222105e-11	3.781192941e-11	3.756988387e-11	3.855291129e-11	3.839247700e-11	3.818841120e-11	3.813332550e-11	3.812910552e-11	3.869269787e-11	3.853934709e-11	3.837680281e-11	3.834884550e-11	3.887280025e-11	3.839616947e-11	3.894393692e-11	3.905614296e-11	3.841621434e-11	3.866572019e-11	3.915275018e-11	3.894966402e-11	3.880754139e-11	3.877483661e-11	3.931612338e-11	3.989380742e-11	3.998310504e-11	4.033886376e-11	4.060246130e-11	4.114955054e-11	4.122980536e-11	4.046908004e-11	3.947520126e-11	4.099710404e-11	4.247620426e-11	4.094488189e-11	4.247793746e-11	4.189497846e-11	4.129762634e-11	4.156755384e-11	4.191065264e-11	4.280830099e-11	4.357271878e-11	4.330527805e-11	4.402983219e-11	4.392064041e-11	4.407602581e-11	4.480276529e-11	4.431181675e-11	4.532445933e-11	4.620861884e-11	4.735720481e-11	4.767626484e-11	4.979039549e-11	5.256924710e-11	6.052072948e-11	2.667856548e-10	2.768441843e-10	2.812423748e-10	2.839452670e-10	2.834620048e-10	2.692963121e-10	2.451701289e-10	2.233177571e-10	1.828062513e-10	1.380548792e-10	8.204756059e-11	6.347727206e-11	5.403463241e-11	4.783873377e-11	4.628412620e-11	4.611668373e-11	4.487375125e-11	4.425771068e-11	4.406622945e-11	4.381499040e-11	4.394814559e-11	4.223483692e-11	4.316089472e-11	4.268569573e-11	4.318267279e-11	4.261983402e-11	4.312080499e-11	4.387979711e-11	4.360082681e-11	4.259021886e-11	4.195827804e-11	4.279262680e-11	4.324325954e-11	4.351386525e-11	4.308425702e-11	4.384181736e-11	4.396073015e-11	4.404543101e-11	4.372162351e-11	4.384181736e-11	4.293572907e-11	4.280302602e-11	4.252910462e-11	4.347045982e-11	4.337822329e-11	4.373322844e-11	4.395944908e-11	4.399448992e-11	4.387587856e-11	4.429832791e-11	4.540705022e-11	4.506093715e-11	4.406818872e-11	4.405032920e-11	4.548436613e-11	4.460126162e-11	4.472386688e-11	4.479244143e-11	4.550780205e-11	4.443577843e-11	4.506756853e-11	4.526997648e-11	4.617636620e-11	4.548489363e-11	4.487427874e-11	4.527879321e-11	4.553372474e-11	4.655201907e-11	4.600379948e-11	4.626867809e-11	4.571789637e-11	4.485581636e-11	4.473064898e-11	4.487586123e-11	4.458287460e-11	4.477450655e-11	4.484850677e-11	4.502371097e-11	4.417218089e-11	4.503056842e-11	4.461188691e-11	4.430789821e-11	4.598262426e-11	4.491263527e-11	4.533915388e-11	4.553274510e-11	4.609965313e-11	4.622693051e-11	4.602452256e-11	4.620266567e-11	4.609837207e-11	4.670431485e-11	4.711915317e-11	4.565459679e-11	4.573387198e-11	4.502898593e-11	4.571669067e-11	4.562083702e-11	4.572407562e-11	4.430126682e-11	4.446622251e-11	4.477955544e-11	4.531210085e-11	4.518504954e-11	4.469289530e-11	4.484971248e-11	4.462213541e-11	4.528874029e-11	4.527005184e-11	4.498173732e-11	4.495340322e-11	4.527781357e-11	4.500291253e-11	4.472492187e-11	4.489206291e-11	4.613205649e-11	4.514578873e-11	4.405507666e-11	4.535377307e-11	4.681674696e-11	4.683747004e-11	4.640914287e-11	4.649384374e-11	4.657326964e-11	4.640334041e-11	4.719827765e-11	4.712601063e-11	4.682548833e-11	4.654998444e-11	4.708403698e-11	4.591141224e-11	4.540365917e-11	4.569860507e-11	4.459229418e-11	4.601442477e-11	4.619610964e-11	4.553500580e-11	4.623002013e-11	4.674824777e-11	4.564585542e-11	4.583047920e-11	4.572347277e-11	4.539092390e-11	4.524119024e-11	4.591804362e-11	4.438091879e-11	4.501203069e-11	4.564856826e-11	4.482145374e-11	4.535784233e-11	4.462492361e-11	4.487299768e-11	4.502167634e-11	4.442763991e-11	4.468852461e-11	4.464587275e-11	4.552415444e-11	4.496945418e-11	4.491625239e-11	4.526703757e-11	4.597019042e-11	4.588074208e-11	4.604652670e-11	4.560018930e-11	4.594502130e-11
1.034340776e-10	1.036228460e-10	1.033268451e-10	1.054191224e-10	1.053785805e-10	1.053114377e-10	1.047989372e-10	1.048396298e-10	1.057617690e-10	1.072570709e-10	1.061934119e-10	1.051324657e-10	1.083036240e-10	1.096462533e-10	1.063732882e-10	1.076516383e-10	1.073661873e-10	1.051344249e-10	1.089091900e-10	1.074537517e-10	1.067949840e-10	1.071754597e-10	1.060433014e-10	1.082413794e-10	1.076462880e-10	1.063739664e-10	1.081318108e-10	1.104559604e-10	1.109319884e-10	1.098588344e-10	1.102290616e-10	1.114944504e-10	1.133728654e-10	1.122214913e-10	1.111800624e-10	1.118845717e-10	1.128920147e-10	1.142683284e-10	1.160635498e-10	1.157823188e-10	1.138051865e-10	1.144173839e-10	1.160276800e-10	1.161456885e-10	1.143072125e-10	1.167875764e-10	1.163165220e-10	1.178685675e-10	1.195371143e-10	1.185812906e-10	1.200837514e-10	1.194625112e-10	1.209893875e-10	1.184459501e-10	1.205032618e-10	1.218708342e-10	1.233826392e-10	1.240563276e-10	1.220781403e-10	1.230131656e-10	1.232906287e-10	1.232800034e-10	1.266754985e-10	1.244030435e-10	1.260392623e-10	1.273713417e-10	1.267183764e-10	1.290627970e-10	1.288863870e-10	1.290258722e-10	1.314769978e-10	1.327685353e-10	1.354999122e-10	1.351483735e-10	1.402181424e-10	1.406956775e-10	1.431859131e-10	1.505371798e-10	1.619126421e-10	1.507262497e-10	1.482908736e-10	1.367042621e-10	1.266985576e-10	1.157121617e-10	1.076454590e-10	1.001321756e-10	9.188619941e-11	8.459491659e-11	7.754477503e-11	7.077571376e-11	6.561303007e-11	6.036089804e-11	5.559647421e-11	5.173384335e-11	4.799411917e-11	4.409373462e-11	4.139574069e-11	3.916443046e-11	3.634661946e-11	3.427423639e-11	3.281992852e-11	3.116434304e-11	2.999917861e-11	2.914056501e-11	2.868458196e-11	3.084776978e-11	4.694681253e-11	2.036970723e-10	1.988591758e-10	1.526522148e-10	1.301950305e-10	1.170635324e-10	1.085189933e-10	1.008993062e-10	9.391238886e-11	8.994651939e-11	8.506913595e-11	8.176308926e-11	7.811514947e-11	7.494813579e-11	7.175286336e-11	6.924401461e-11	6.769053739e-11	6.581340338e-11	6.408901730e-11	6.127919411e-11	5.932240813e-11	5.822815430e-11	5.715741174e-11	5.862603738e-11	6.943233086e-11	8.775492211e-11	9.897303965e-11	9.165470380e-11	8.120801222e-11	7.536493339e-11	7.029117054e-11	6.690313582e-11	6.426075509e-11	6.236267194e-11	1.209075502e-10	1.187064580e-10	1.205996430e-10	1.197610742e-10	1.196136013e-10	1.218997711e-10	1.230078152e-10	1.198899341e-10	1.195516581e-10	1.200965620e-10	1.196466828e-10	1.217806323e-10	1.189712612e-10	1.193243071e-10	1.204119296e-10	1.219591522e-10	1.215540349e-10	1.208732629e-10	1.198634085e-10	1.194582159e-10	1.210798909e-10	1.234383277e-10	1.218834188e-10	1.194561812e-10	1.185973416e-10	1.179360870e-10	1.190231820e-10	1.182704444e-10	1.194389999e-10	1.186432338e-10	1.180178490e-10	1.169407011e-10	1.192921298e-10	1.207890142e-10	1.209238272e-10	1.179592969e-10	1.190537768e-10	1.206041644e-10	1.198448708e-10	1.215678251e-10	1.202698823e-10	1.206584211e-10	1.189309454e-10	1.189125584e-10	1.204411679e-10	1.204639256e-10	1.178106936e-10	1.180907942e-10	1.183654692e-10	1.193558815e-10	1.160510406e-10	1.178190581e-10	1.192552804e-10	1.183497196e-10	1.168107109e-10	1.169890801e-10	1.151178992e-10	1.139690872e-10	1.151652986e-10	1.158090704e-10	1.153139772e-10	1.155169880e-10	1.151189542e-10	1.138153596e-10	1.117724410e-10	1.134602038e-10	1.129822166e-10	1.118997937e-10	1.111075693e-10	1.121030306e-10	1.145275553e-10	1.132101704e-10	1.125709200e-10	1.146148936e-10	1.105971034e-10	1.078292539e-10	1.111267099e-10	1.112123151e-10	1.107275458e-10	1.098766939e-10	1.106852707e-10	1.107016231e-10	1.107182769e-10	1.107662038e-10	1.113501424e-10	1.116361209e-10	1.093690916e-10	1.102083385e-10	1.097432373e-10	1.109687624e-10	1.091699240e-10	1.098738304e-10	1.095497214e-10	1.082767970e-10	1.074254176e-10	1.081833548e-10	1.077220214e-10	1.074899983e-10	1.101817376e-10	1.095574078e-10	1.073221790e-10	1.053360040e-10	1.075477968e-10	1.058597326e-10	1.063925041e-10	1.056539337e-10	1.081115399e-10	1.086899021e-10	1.083874959e-10	1.072213519e-10	1.081386683e-10
2.053026210e-10	2.039252522e-10	2.047568882e-10	2.037383678e-10	2.033237555e-10	2.045474720e-10	2.030604594e-10	2.028173589e-10	2.038639119e-10	2.035356584e-10	2.022494712e-10	2.013089449e-10	2.007486683e-10	2.012010342e-10	2.017271743e-10	2.008904895e-10	1.993840348e-10	1.989480966e-10	2.005071502e-10	1.974689964e-10	1.984309240e-10	1.982545141e-10	1.993945847e-10	2.004574902e-10	2.002075322e-10	2.004184554e-10	2.017187343e-10	2.021680860e-10	2.008146053e-10	1.994548700e-10	2.006766273e-10	2.017702029e-10	2.013084928e-10	2.034089839e-10	2.022642411e-10	2.026204519e-10	2.031646776e-10	2.023671783e-10	2.022525608e-10	2.010202536e-10	1.983170601e-10	1.999020364e-10	1.979723788e-10	2.001580229e-10	1.976136811e-10	1.983061334e-10	1.992557024e-10	2.010113615e-10	2.039602931e-10	2.012443643e-10	2.035809477e-10	2.022514305e-10	2.019964236e-10	2.029097461e-10	2.026026678e-10	2.031633212e-10	2.033046903e-10	2.035391248e-10	2.029181107e-10	2.017061498e-10	2.053131709e-10	2.048629903e-10	2.049401555e-10	2.070758382e-10	2.077082311e-10	2.096373612e-10	2.104766835e-10	2.145420238e-10	2.134974300e-10	2.183379640e-10	2.208901428e-10	2.211328666e-10	2.267862727e-10	2.347138671e-10	2.454458589e-10	2.584463871e-10	2.303175604e-10	1.905154621e-10	1.830719588e-10	1.682363456e-10	1.560593901e-10	1.443317109e-10	1.350705301e-10	1.252964719e-10	1.158224839e-10	1.074797498e-10	9.894380128e-11	9.263298375e-11	8.520734004e-11	7.936463799e-11	7.236332754e-11	6.608167304e-11	6.194067473e-11	5.730729611e-11	5.381233031e-11	4.999107024e-11	4.696037672e-11	4.358146016e-11	4.079627859e-11	3.946314420e-11	3.712791715e-11	3.544301794e-11	3.405208501e-11	3.321268735e-11	3.227276392e-11	3.348638268e-11	4.244937729e-11	1.563409979e-10	2.263831900e-10	1.744655518e-10	1.463655867e-10	1.309333749e-10	1.195283729e-10	1.109420862e-10	1.035355077e-10	9.752822671e-11	9.365926589e-11	8.904540464e-11	8.521532784e-11	8.247973095e-11	7.938626535e-11	7.680085424e-11	7.444482876e-11	7.208269940e-11	7.041272080e-11	6.708504676e-11	6.610834929e-11	6.508108752e-11	6.541250604e-11	7.221525173e-11	9.448525007e-11	1.110311577e-10	1.109647685e-10	9.642508080e-11	8.686315158e-11	8.236616848e-11	7.775064939e-11	7.360430075e-11	7.113086962e-11	6.825239653e-11	2.181246293e-10	2.209612041e-10	2.173847778e-10	2.182238740e-10	2.187961324e-10	2.207444784e-10	2.220936638e-10	2.252919505e-10	2.234122543e-10	2.193803725e-10	2.184927465e-10	2.225265877e-10	2.210098092e-10	2.206676900e-10	2.203520210e-10	2.199071154e-10	2.187881446e-10	2.182648681e-10	2.177641232e-10	2.214378349e-10	2.215695583e-10	2.214176393e-10	2.187741283e-10	2.222671348e-10	2.232481276e-10	2.222331489e-10	2.229398435e-10	2.220040647e-10	2.221676640e-10	2.229142976e-10	2.243208294e-10	2.214492891e-10	2.205401112e-10	2.195201590e-10	2.174180854e-10	2.208824564e-10	2.185522029e-10	2.172794292e-10	2.173518470e-10	2.204847994e-10	2.196495464e-10	2.202237640e-10	2.180342014e-10	2.200069630e-10	2.173851546e-10	2.191903984e-10	2.163909744e-10	2.177085100e-10	2.173647329e-10	2.159346899e-10	2.134368432e-10	2.159530016e-10	2.166183254e-10	2.147502342e-10	2.127962364e-10	2.129305973e-10	2.098968141e-10	2.093620080e-10	2.087331568e-10	2.111722253e-10	2.104705043e-10	2.128440125e-10	2.146653072e-10	2.157342412e-10	2.153712483e-10	2.153711729e-10	2.178994637e-10	2.166637654e-10	2.164251109e-10	2.191163981e-10	2.184927465e-10	2.153029752e-10	2.171542618e-10	2.147716355e-10	2.172357224e-10	2.181275682e-10	2.193106676e-10	2.164642210e-10	2.173032419e-10	2.192825595e-10	2.192450319e-10	2.159243660e-10	2.147178308e-10	2.159042458e-10	2.111652172e-10	2.139760200e-10	2.183227420e-10	2.181757965e-10	2.184889787e-10	2.194405824e-10	2.177306648e-10	2.187773686e-10	2.200138204e-10	2.194899410e-10	2.194213665e-10	2.206138854e-10	2.210226952e-10	2.207501302e-10	2.203729702e-10	2.219575697e-10	2.224751945e-10	2.222427192e-10	2.206323477e-10	2.214425070e-10	2.228064623e-10	2.249658069e-10	2.199827735e-10	2.204289602e-10	2.213596147e-10	2.209059677e-10	2.195073484e-10
3.836139992e-10	3.863142538e-10	3.876381947e-10	3.889965735e-10	3.843414168e-10	3.903688934e-10	3.887631186e-10	3.849460032e-10	3.855977628e-10	3.854196951e-10	3.892949858e-10	3.882474531e-10	3.827604344e-10	3.847415606e-10	3.857260952e-10	3.848873004e-10	3.888059212e-10	3.856102720e-10	3.906873506e-10	3.889883597e-10	3.944163741e-10	3.945245109e-10	3.924613213e-10	3.903163698e-10	3.939651385e-10	3.936073452e-10	3.929410417e-10	3.910331622e-10	3.918164945e-10	3.923753394e-10	3.961365402e-10	3.985975375e-10	3.948203611e-10	3.979345497e-10	3.978025249e-10	3.998828958e-10	3.938296473e-10	3.982921924e-10	3.995962391e-10	4.017866307e-10	4.001121307e-10	4.008673550e-10	4.039340690e-10	4.037996327e-10	4.042171085e-10	4.068229413e-10	4.048633671e-10	4.052566534e-10	4.087008288e-10	4.121453057e-10	4.130610396e-10	4.170321087e-10	4.147628941e-10	4.192292824e-10	4.184772231e-10	4.222978803e-10	4.214599144e-10	4.238989076e-10	4.276371246e-10	4.342456762e-10	4.380179545e-10	4.411418642e-10	4.405175344e-10	4.409380244e-10	4.378389071e-10	4.304633002e-10	4.087538046e-10	3.875381210e-10	3.474146266e-10	3.224417361e-10	2.825091954e-10	2.577226619e-10	2.401561239e-10	2.272952315e-10	2.153034273e-10	2.053678045e-10	1.919006679e-10	1.815812537e-10	1.725976113e-10	1.619703652e-10	1.521892989e-10	1.440122741e-10	1.351632187e-10	1.274622972e-10	1.195014706e-10	1.112811911e-10	1.034808741e-10	9.611423464e-11	8.944637734e-11	8.275304949e-11	7.689783824e-11	7.117578218e-11	6.572259863e-11	6.156509721e-11	5.689818488e-11	5.296765768e-11	4.970320786e-11	4.693792044e-11	4.403367538e-11	4.147381018e-11	3.943277547e-11	3.729046143e-11	3.620178399e-11	3.508876636e-11	3.438983348e-11	3.424929334e-11	3.656229018e-11	5.846191061e-11	2.104607079e-10	2.130004529e-10	1.698993160e-10	1.481093395e-10	1.343306785e-10	1.233902502e-10	1.150211413e-10	1.079038570e-10	1.022139782e-10	9.891674824e-11	9.432978931e-11	9.029150211e-11	8.732312854e-11	8.462008571e-11	8.175442325e-11	7.964903397e-11	7.672557296e-11	7.417060594e-11	7.314771485e-11	7.476185417e-11	8.287407227e-11	1.104614615e-10	1.234212971e-10	1.114077902e-10	9.976925796e-11	9.310124994e-11	8.712961267e-11	8.381896923e-11	7.949086037e-11	4.297066441e-10	4.360677999e-10	4.335540529e-10	4.336858517e-10	4.349354156e-10	4.341917962e-10	4.341685110e-10	4.349726418e-10	4.345735530e-10	4.346138688e-10	4.354259873e-10	4.365717851e-10	4.350009759e-10	4.353198852e-10	4.364818093e-10	4.359694595e-10	4.359066120e-10	4.381651260e-10	4.372431375e-10	4.381903705e-10	4.395979572e-10	4.393412925e-10	4.385148562e-10	4.376770410e-10	4.405916853e-10	4.416049307e-10	4.412536181e-10	4.417711675e-10	4.421166777e-10	4.409939391e-10	4.431968398e-10	4.442412076e-10	4.427878040e-10	4.434620952e-10	4.437749007e-10	4.442083521e-10	4.447560442e-10	4.435253195e-10	4.457261102e-10	4.448830201e-10	4.446321578e-10	4.433764147e-10	4.460413271e-10	4.459123919e-10	4.502099059e-10	4.494537020e-10	4.462353704e-10	4.515898368e-10	4.498464608e-10	4.523290855e-10	4.529072217e-10	4.567578708e-10	4.559520822e-10	4.547439645e-10	4.561991767e-10	4.576011117e-10	4.577416518e-10	4.574170154e-10	4.596909775e-10	4.591632549e-10	4.577292180e-10	4.589533866e-10	4.580962802e-10	4.580805306e-10	4.600015976e-10	4.591297965e-10	4.595504373e-10	4.597353625e-10	4.601113168e-10	4.574026976e-10	4.609125087e-10	4.609605862e-10	4.606244202e-10	4.610945703e-10	4.632869965e-10	4.604307536e-10	4.631495460e-10	4.649944274e-10	4.619467033e-10	4.637165294e-10	4.620995265e-10	4.637015334e-10	4.648144004e-10	4.624250672e-10	4.647156831e-10	4.626035118e-10	4.630671812e-10	4.633807402e-10	4.650592341e-10	4.631472853e-10	4.651423525e-10	4.633248256e-10	4.652680474e-10	4.658127252e-10	4.646480882e-10	4.650599877e-10	4.680441861e-10	4.672105156e-10	4.665285379e-10	4.702274188e-10	4.721423065e-10	4.686180270e-10	4.716724578e-10	4.726047702e-10	4.727092899e-10	4.719019942e-10	4.707836262e-10	4.745675847e-10	4.729050665e-10	4.736987980e-10	4.737212543e-10	4.750788796e-10	4.753204730e-10	4.728049175e-10
5.636438856e-10	5.652071592e-10	5.651862854e-10	5.618123424e-10	5.565663142e-10	5.481070788e-10	5.508885679e-10	5.467614352e-10	5.431443916e-10	5.437246378e-10	5.404659904e-10	5.314552197e-10	5.338483960e-10	5.426087566e-10	5.224546975e-10	5.218531254e-10	5.215322568e-10	5.147486517e-10	5.287140464e-10	5.235930349e-10	5.172769424e-10	5.197664245e-10	5.159956534e-10	5.095446725e-10	5.079732604e-10	5.187087187e-10	5.041506440e-10	5.050926774e-10	4.881803857e-10	4.868946507e-10	4.885639510e-10	4.828312697e-10	5.670898696e-10	5.635909852e-10	5.555147876e-10	5.458150311e-10	5.407022335e-10	5.352682659e-10	5.253749935e-10	5.180855946e-10	5.065720790e-10	4.960943405e-10	4.897509689e-10	4.788048888e-10	4.687979033e-10	4.531470819e-10	4.450506886e-10	4.329719982e-10	4.231763881e-10	4.140771486e-10	3.979218898e-10	3.866924688e-10	3.752480552e-10	3.674099846e-10	3.600358095e-10	3.866083708e-10	3.336482487e-10	3.277767605e-10	3.182192019e-10	3.132142397e-10	3.011972664e-10	2.913559147e-10	2.814349111e-10	2.688492965e-10	2.584292058e-10	2.551015318e-10	2.408143642e-10	2.315884502e-10	2.238961947e-10	2.163261677e-10	2.072220301e-10	2.013922140e-10	1.929974085e-10	1.841736730e-10	1.753526503e-10	1.679646849e-10	1.612325483e-10	1.531362305e-10	1.443873995e-10	1.359525042e-10	1.281215171e-10	1.221265193e-10	1.143333612e-10	1.073520203e-10	9.995802635e-11	9.466701029e-11	8.558110899e-11	8.175864322e-11	7.488234944e-11	7.032711566e-11	6.512675364e-11	5.923341193e-11	5.517357273e-11	5.332710887e-11	4.954186928e-11	4.540727629e-11	4.147350875e-11	3.929215997e-11	3.656952442e-11	3.458342470e-11	3.297621820e-11	3.116132878e-11	3.014130124e-11	2.874569619e-11	2.806560248e-11	2.716780342e-11	2.715868527e-11	3.160826904e-11	5.323607805e-11	2.212250278e-10	2.070854085e-10	1.693504182e-10	1.435102481e-10	1.300562236e-10	1.203630231e-10	1.129227602e-10	1.064541459e-10	1.006415111e-10	9.667217524e-11	9.202312243e-11	8.736871931e-11	8.389417516e-11	8.215381346e-11	7.913939698e-11	7.640048439e-11	7.449576985e-11	7.423224767e-11	7.708344166e-11	9.361797045e-11	1.055944773e-10	9.835722516e-11	8.609466452e-11	8.030101965e-11	7.563666945e-11	6.142843040e-10	6.101363729e-10	6.111933252e-10	6.042917116e-10	6.125327142e-10	6.112018405e-10	6.101815869e-10	6.082907380e-10	6.068365808e-10	6.083445426e-10	6.087012056e-10	6.073392096e-10	6.074254176e-10	6.023429888e-10	6.030425245e-10	6.028216542e-10	6.067956622e-10	6.094773037e-10	6.070552658e-10	6.033208166e-10	6.034153138e-10	6.085894517e-10	6.056283878e-10	6.053356272e-10	6.024208322e-10	6.075682185e-10	6.080370875e-10	6.099208529e-10	5.549111055e-10	5.518733285e-10	5.503034235e-10	5.515731076e-10	5.493971845e-10	5.445059355e-10	5.454103659e-10	5.508070320e-10	5.379068788e-10	5.413826286e-10	5.503296476e-10	5.464189392e-10	5.469224723e-10	5.393747509e-10	5.411857971e-10	5.409487251e-10	5.375075639e-10	5.424333263e-10	5.398107644e-10	5.424642225e-10	5.390587051e-10	5.401110606e-10	5.440326204e-10	5.467918039e-10	5.399212372e-10	5.473130458e-10	5.442824277e-10	5.445153550e-10	5.372571538e-10	5.336024319e-10	5.317024648e-10	5.489078938e-10	5.395702260e-10	5.327728306e-10	5.348998473e-10	5.437697011e-10	5.420693537e-10	5.354337491e-10	5.388467268e-10	5.403036722e-10	5.371896342e-10	5.334049975e-10	5.403704382e-10	5.450666643e-10	5.330208293e-10	5.452553573e-10	5.367103660e-10	5.440370664e-10	5.464636257e-10	5.468282765e-10	5.423826113e-10	5.429948087e-10	5.388357248e-10	5.377322774e-10	5.423729657e-10	5.529434682e-10	5.499195568e-10	5.443466315e-10	5.432658665e-10	5.482858247e-10	5.471938316e-10	5.528589934e-10	6.028908316e-10	6.023895592e-10	6.086346657e-10	6.102161002e-10	6.042253224e-10	6.052296004e-10	6.037673047e-10	6.045679691e-10	6.030918831e-10	6.079939082e-10	6.094952386e-10	6.069901577e-10	6.102469211e-10	6.049803206e-10	6.078937592e-10	6.113166087e-10	6.092324700e-10	6.125748386e-10	6.110050843e-10	6.132182336e-10	6.123535161e-10	6.132843214e-10	6.072854050e-10	6.147438289e-10	6.141771469e-10	6.116410944e-10	6.072267775e-10
5.129360230e-10	5.103104468e-10	5.118996430e-10	5.012567981e-10	4.944662602e-10	4.927677968e-10	4.881167094e-10	4.875754979e-10	4.823951054e-10	4.788959950e-10	4.747199559e-10	4.644905175e-10	4.614390255e-10	4.610071566e-10	4.614887609e-10	4.547967895e-10	4.504937744e-10	4.495701280e-10	4.450350145e-10	4.376921123e-10	4.326624331e-10	4.241806660e-10	4.183360047e-10	4.121015988e-10	4.099101523e-10	3.991025777e-10	3.980836052e-10	3.852603158e-10	3.839000530e-10	3.830179281e-10	3.783587775e-10	3.782385083e-10	3.642671604e-10	3.639971575e-10	3.632714731e-10	3.800429231e-10	3.679003303e-10	3.684208940e-10	3.668056997e-10	3.694219316e-10	3.764064376e-10	3.774326443e-10	3.749708181e-10	3.649792807e-10	3.064253596e-10	3.041583303e-10	3.565247174e-10	3.010864921e-10	2.841384060e-10	2.846572365e-10	2.774225466e-10	2.692262304e-10	2.646101085e-10	2.625758559e-10	2.520598362e-10	2.480464920e-10	2.415145028e-10	2.354097857e-10	2.310314893e-10	2.252665553e-10	2.188604116e-10	2.177100171e-10	2.098255268e-10	2.039104070e-10	1.959919308e-10	1.904976025e-10	1.856300908e-10	1.791646415e-10	1.750708164e-10	1.671309390e-10	1.637341629e-10	1.586857952e-10	1.527461091e-10	1.453648505e-10	1.397296806e-10	1.345425814e-10	1.273728489e-10	1.233968816e-10	1.163056707e-10	1.108705727e-10	1.038859161e-10	9.901810293e-11	9.280208406e-11	8.708454940e-11	8.167130487e-11	7.621450419e-11	7.155053077e-11	6.643599998e-11	6.105417917e-11	5.677271607e-11	5.302191447e-11	4.902838911e-11	4.526718829e-11	4.187546109e-11	3.947113200e-11	3.661225163e-11	3.354410587e-11	3.159176593e-11	2.954296949e-11	2.794887504e-11	2.637497617e-11	2.530250041e-11	2.435097206e-11	2.315167107e-11	2.187844521e-11	2.122766523e-11	2.072179608e-11	2.087936682e-11	2.339665552e-11	4.997554677e-11	2.012681770e-10	1.709705107e-10	1.338382228e-10	1.137840113e-10	1.020279227e-10	9.247722157e-11	8.581328281e-11	8.061503079e-11	7.582973317e-11	7.249105705e-11	6.856414697e-11	6.613351841e-11	6.313816716e-11	6.045155208e-11	4.982324346e-10	4.977513577e-10	5.027227109e-10	4.976383228e-10	4.964676573e-10	5.007047353e-10	4.960770085e-10	4.925811384e-10	4.821684326e-10	4.804386209e-10	4.810053028e-10	4.862252576e-10	4.782758098e-10	4.817416126e-10	4.716365127e-10	4.734575060e-10	4.720293469e-10	4.711999717e-10	4.721221863e-10	4.618615503e-10	4.696913316e-10	4.681726692e-10	4.675912173e-10	4.613600518e-10	4.593364998e-10	4.576629041e-10	4.615156633e-10	4.608132640e-10	4.578616949e-10	4.551979883e-10	4.487079727e-10	4.425800457e-10	4.402731528e-10	4.466054469e-10	4.449202463e-10	4.675059890e-10	5.166981281e-10	4.541184290e-10	4.486187504e-10	4.485217664e-10	4.505149496e-10	4.516082238e-10	4.499779582e-10	4.505589579e-10	4.497204645e-10	4.459861660e-10	4.471700943e-10	4.469574378e-10	4.515425882e-10	4.492799296e-10	4.542328957e-10	4.489155049e-10	4.477806338e-10	4.493008787e-10	4.472722025e-10	4.580063043e-10	4.613839398e-10	4.592439619e-10	4.639463672e-10	4.584230266e-10	4.538639496e-10	4.596411667e-10	4.478896749e-10	4.434854558e-10	4.440403068e-10	4.459125426e-10	4.459881253e-10	4.442384194e-10	4.385631598e-10	4.436690246e-10	4.420737998e-10	4.458006380e-10	4.458809682e-10	4.490551407e-10	4.465693511e-10	4.447796308e-10	4.463004032e-10	4.480445328e-10	4.424229271e-10	4.381756759e-10	4.477978151e-10	4.420362722e-10	4.446381864e-10	4.470391998e-10	4.473397974e-10	4.535297429e-10	4.400133231e-10	4.454830851e-10	4.478159007e-10	4.432654897e-10	4.473952599e-10	4.477093464e-10	4.480323250e-10	4.474232926e-10	4.517998558e-10	4.617659980e-10	4.573880031e-10	4.534225857e-10	4.518534343e-10	4.504092996e-10	4.507206733e-10	4.507716897e-10	4.583591241e-10	4.559678318e-10	4.548410239e-10	4.578553650e-10	4.550589553e-10	4.553679929e-10	4.570239551e-10	4.566560640e-10	4.597463646e-10	4.568831889e-10	4.546281413e-10	4.512144100e-10	4.620359255e-10	4.644987314e-10	4.653309701e-10	4.606315791e-10	4.636890242e-10	4.609506391e-10	4.631773526e-10	4.655553069e-10	4.703182989e-10	4.659387968e-10	4.642838142e-10	4.594105754e-10	4.635108811e-10
2.978564049e-10	2.923219115e-10	2.981117886e-10	2.952334662e-10	2.966253034e-10	3.032646759e-10	3.070843535e-10	3.138196550e-10	3.081968436e-10	3.092396289e-10	3.155890290e-10	3.252412355e-10	3.215565216e-10	3.244989725e-10	3.314880752e-10	3.314511504e-10	3.317188172e-10	3.364108987e-10	3.520128136e-10	3.526719582e-10	3.538247642e-10	3.629207632e-10	3.706272612e-10	3.754855794e-10	3.822695613e-10	3.871807798e-10	4.032890161e-10	3.995599172e-10	4.062266442e-10	4.050095590e-10	3.940313016e-10	3.825278838e-10	3.733747644e-10	3.640585732e-10	3.501145798e-10	3.393656327e-10	3.341218653e-10	3.316977174e-10	3.235023809e-10	3.215050530e-10	3.174657108e-10	3.149279251e-10	4.066264865e-10	4.037033269e-10	4.008357805e-10	3.993835073e-10	3.946725867e-10	4.023142025e-10	3.916595266e-10	3.874129537e-10	3.546916670e-10	3.462563196e-10	3.341982769e-10	3.136514589e-10	3.049940355e-10	3.010947060e-10	2.948723571e-10	2.858928594e-10	2.743865781e-10	2.691972935e-10	2.600490722e-10	2.547851846e-10	2.455521871e-10	2.410718578e-10	2.347616432e-10	2.265180031e-10	2.201525520e-10	2.105535473e-10	2.045183090e-10	1.981478844e-10	1.914363202e-10	1.843686959e-10	1.768416975e-10	1.691610469e-10	2.156804366e-10	1.878176942e-10	1.811682993e-10	1.768042453e-10	1.755512150e-10	1.695891480e-10	1.678505949e-10	1.661560500e-10	1.640210456e-10	1.616669794e-10	1.601257853e-10	1.587576101e-10	1.560984248e-10	1.543276944e-10	1.505202999e-10	1.496737434e-10	1.528073741e-10	1.491347927e-10	1.471214892e-10	1.452687708e-10	1.448336615e-10	1.459226404e-10	1.454227244e-10	1.450456398e-10	1.433825940e-10	1.432881721e-10	1.419674716e-10	1.423323484e-10	1.439252372e-10	1.446508463e-10	1.417227132e-10	1.412808218e-10	1.412911457e-10	1.390757357e-10	1.417246724e-10	1.373829994e-10	1.373354493e-10	1.370797643e-10	1.368092339e-10	1.358014895e-10	1.335979859e-10	1.332945247e-10	1.334545822e-10	1.313778284e-10	1.246429791e-10	1.259124371e-10	1.249512631e-10	1.254541933e-10	1.240052358e-10	1.230998257e-10	1.215263036e-10	1.227432381e-10	1.247768125e-10	1.248815582e-10	1.258065610e-10	1.276323771e-10	1.289495359e-10	1.277398357e-10	1.277118030e-10	1.251049153e-10	1.262904260e-10	1.271340436e-10	1.287583561e-10	1.291823879e-10	1.286210563e-10	1.307109221e-10	1.311500253e-10	1.320111257e-10	1.349850003e-10	1.333505146e-10	1.347130381e-10	1.359837772e-10	1.354871769e-10	1.346845533e-10	1.329707172e-10	1.334667900e-10	1.341305313e-10	1.329038005e-10	1.333900015e-10	1.339916490e-10	1.346173352e-10	1.346523007e-10	1.338034834e-10	1.340725067e-10	1.361360730e-10	1.374095249e-10	1.373722234e-10	1.374647613e-10	1.373034981e-10	1.380667856e-10	1.383147089e-10	1.367877573e-10	1.395760284e-10	1.411163936e-10	1.402216088e-10	1.411651494e-10	1.370097579e-10	1.371885792e-10	1.369720043e-10	1.352207912e-10	1.358444428e-10	1.370117172e-10	1.337923307e-10	1.380283537e-10	1.359342679e-10	1.348651078e-10	1.348133378e-10	1.375695824e-10	1.362906295e-10	1.349920084e-10	1.338527667e-10	1.394859019e-10	1.354280220e-10	1.370870738e-10	1.351167237e-10	1.356929759e-10	1.369072729e-10	1.352647241e-10	1.358488135e-10	1.346984189e-10	1.347971361e-10	1.356896602e-10	1.352415143e-10	1.362425519e-10	1.372062881e-10	1.367446533e-10	1.358469296e-10	1.356788842e-10	1.365275508e-10	1.386639870e-10	1.386375368e-10	1.414817226e-10	1.408937147e-10	1.439920032e-10	1.442975743e-10	1.442002889e-10	1.452056973e-10	1.443283952e-10	1.467996410e-10	1.451500087e-10	1.428099588e-10	1.456392994e-10	1.490616214e-10	1.477193688e-10	1.490988476e-10	1.486197300e-10	1.477697071e-10	1.471898377e-10	1.463825420e-10	1.470418373e-10	1.486764736e-10	1.456264134e-10	1.469651995e-10	1.484470880e-10	1.488991525e-10	1.477589311e-10	1.472904388e-10	1.481152173e-10	1.489732280e-10	1.477678985e-10	1.493589787e-10	1.496931101e-10	1.487884536e-10	1.499628115e-10	1.480484513e-10	1.491751085e-10	1.507279075e-10	1.516099570e-10	1.503113360e-10	1.502521810e-10	1.510585725e-10	1.530821998e-10	1.518104057e-10	1.481108466e-10	1.471569822e-10	1.481195880e-10	1.471908927e-10
7.582295107e-11	7.665835483e-11	7.508709344e-11	7.541301093e-11	7.604924707e-11	7.442606496e-11	7.463872141e-11	7.959538003e-11	8.636127633e-11	8.545714731e-11	8.212314331e-11	8.107387739e-11	7.427180991e-11	7.339669320e-11	7.502326636e-11	7.427670809e-11	7.454784130e-11	7.557743913e-11	7.614781356e-11	7.555822318e-11	7.738773179e-11	7.605105563e-11	7.656106940e-11	7.672647724e-11	7.713468418e-11	7.699414404e-11	7.683634722e-11	7.587781071e-11	7.570464114e-11	7.641698750e-11	7.682180339e-11	7.993825277e-11	7.897353701e-11	7.943577466e-11	7.893103586e-11	7.991037081e-11	8.068827745e-11	8.369350041e-11	8.120401832e-11	8.559075464e-11	9.101115806e-11	9.463016089e-11	1.018856493e-10	1.136348051e-10	1.172497387e-10	1.304891475e-10	1.421422236e-10	1.524703792e-10	1.451182082e-10	1.942361964e-10	3.111606958e-10	2.382931569e-10	2.598885626e-10	2.873435502e-10	3.208276722e-10	3.408520425e-10	3.668892702e-10	3.773478681e-10	3.799803018e-10	3.728058218e-10	3.618904118e-10	3.498105157e-10	3.358659948e-10	3.213854620e-10	3.095531125e-10	2.985594824e-10	2.864089017e-10	2.742724881e-10	2.591113342e-10	2.509116270e-10	2.401919183e-10	2.299294737e-10	2.195269411e-10	2.099409731e-10	2.001907277e-10	1.917740687e-10	1.815775612e-10	1.728318952e-10	1.639416197e-10	1.555513356e-10	1.456842120e-10	1.385603716e-10	1.303174851e-10	1.220127308e-10	1.143910844e-10	1.068252020e-10	9.802181273e-11	9.201392892e-11	8.579225831e-11	7.891928022e-11	7.301998534e-11	6.828577952e-11	6.305768626e-11	5.819982020e-11	5.464773406e-11	5.079474885e-11	4.705027720e-11	4.414211359e-11	4.108813487e-11	3.872728657e-11	3.698617130e-11	3.510150163e-11	3.350582469e-11	3.208316661e-11	3.106178265e-11	2.957929139e-11	2.810064332e-11	2.751783503e-11	2.750208550e-11	2.813696522e-11	3.548250482e-11	1.030132108e-10	2.382171974e-10	1.873490512e-10	1.544550471e-10	1.366067506e-10	1.232980137e-10	1.130522229e-10	1.055024668e-10	7.649264557e-11	6.759423160e-11	6.793280900e-11	6.646508764e-11	6.735082964e-11	6.708632782e-11	6.704337453e-11	6.647518543e-11	6.750583826e-11	6.867507195e-11	6.806453242e-11	7.165964720e-11	7.227523562e-11	6.718142790e-11	6.724691283e-11	6.749340441e-11	6.815398075e-11	6.910980443e-11	6.938086228e-11	6.840318517e-11	6.875110680e-11	6.917943397e-11	6.965892829e-11	6.755888933e-11	6.800809029e-11	6.709717917e-11	6.853114076e-11	6.834056380e-11	6.908847850e-11	6.829828873e-11	6.799957499e-11	6.815654288e-11	6.728248116e-11	6.826520716e-11	6.934152611e-11	6.852074154e-11	6.732023484e-11	6.839451916e-11	6.705151305e-11	6.888998910e-11	6.856286590e-11	6.922864185e-11	6.858720610e-11	6.946337780e-11	6.935124711e-11	6.813717622e-11	7.063050151e-11	6.809625756e-11	7.017052455e-11	7.044324025e-11	7.032206676e-11	6.972335822e-11	6.978198569e-11	7.015176075e-11	6.978477389e-11	6.932758513e-11	7.044670665e-11	7.060925093e-11	6.996819196e-11	7.022930273e-11	7.076252635e-11	7.146613133e-11	7.042289395e-11	7.091972031e-11	7.105965759e-11	7.236762287e-11	7.085370789e-11	7.235194869e-11	7.285412536e-11	7.168134991e-11	7.255804911e-11	7.220244110e-11	7.161488535e-11	7.184178420e-11	7.180501016e-11	7.157004815e-11	7.093245558e-11	7.137713514e-11	7.157509704e-11	7.147170772e-11	7.203183366e-11	7.092363885e-11	7.166032541e-11	7.072921871e-11	7.074685216e-11	7.059900243e-11	7.067888047e-11	7.083599907e-11	7.153410303e-11	7.053088002e-11	7.189928132e-11	7.122393508e-11	7.237169213e-11	7.168150062e-11	7.001325523e-11	7.127095762e-11	7.138143047e-11	6.991205126e-11	7.028046989e-11	7.084368545e-11	7.175376764e-11	7.114352954e-11	7.134767069e-11	7.080231465e-11	7.169265341e-11	7.010963638e-11	7.062575404e-11	7.079794397e-11	7.102989172e-11	7.040450693e-11	7.069372573e-11	7.117261720e-11	7.091821317e-11	6.970662905e-11	7.068897826e-11	7.022681596e-11	7.022274670e-11	6.953956337e-11	6.868486831e-11	6.991792908e-11	6.915411413e-11	6.948892370e-11	6.946933098e-11	7.031656573e-11	7.018815800e-11	7.080080752e-11	7.387513253e-11	7.474482356e-11	7.447647855e-11	7.295525398e-11	7.446238686e-11	7.558294016e-11
4.683000973e-11	4.583191098e-11	4.535384843e-11	4.553892434e-11	4.569385760e-11	4.514556266e-11	4.545346991e-11	4.569295332e-11	4.448204741e-11	4.501549709e-11	4.523244887e-11	4.434195941e-11	4.493124837e-11	4.557826051e-11	4.409350855e-11	4.436192892e-11	4.463366498e-11	4.448099242e-11	4.521195187e-11	4.556220955e-11	4.475355740e-11	4.463140428e-11	4.474112355e-11	4.452040394e-11	4.482130302e-11	4.534623741e-11	4.486192025e-11	4.524676663e-11	4.448815130e-11	4.458799885e-11	4.498761514e-11	4.513018991e-11	4.462597860e-11	4.453057709e-11	4.280732135e-11	4.239866227e-11	4.156175138e-11	4.123809459e-11	4.105731400e-11	4.149355362e-11	4.162783916e-11	4.133846964e-11	4.136529661e-11	4.136454304e-11	4.142060838e-11	4.081978986e-11	4.109099842e-11	4.125346735e-11	4.180575619e-11	4.167237493e-11	4.194893382e-11	4.260355698e-11	4.211976733e-11	4.345086709e-11	4.275781203e-11	4.180213907e-11	4.200077919e-11	4.167840346e-11	4.270649416e-11	4.362953769e-11	4.271033735e-11	4.536130873e-11	4.766556420e-11	5.986979879e-11	8.424134322e-11	1.065270157e-10	1.607269806e-10	2.281133786e-10	2.824018122e-10	3.125645147e-10	2.926777456e-10	2.751571751e-10	2.625096927e-10	2.459114876e-10	2.321277777e-10	2.201869146e-10	2.104225775e-10	1.964031520e-10	1.841142919e-10	1.743106186e-10	1.634707160e-10	1.530711977e-10	1.429188492e-10	1.340861462e-10	1.249019045e-10	1.152351542e-10	1.086656373e-10	1.001999212e-10	9.240932523e-11	8.526446037e-11	7.993199816e-11	7.377144179e-11	6.844101421e-11	6.333175838e-11	5.911201238e-11	5.517432629e-11	5.126783786e-11	4.769751542e-11	4.528090319e-11	4.247605354e-11	3.891047857e-11	3.777364823e-11	3.654073818e-11	3.486005894e-11	3.307810038e-11	3.170676017e-11	3.049140821e-11	2.990505816e-11	2.954831981e-11	2.997046773e-11	3.290771901e-11	5.300963133e-11	1.665146723e-10	2.274084172e-10	1.786232793e-10	1.526410620e-10	1.377316746e-10	1.249872836e-10	1.161942182e-10	1.103002736e-10	1.038638366e-10	9.901034119e-11	9.616065434e-11	9.671218962e-11	1.149909986e-10	1.184340437e-10	1.074219512e-10	9.773364893e-11	9.184399969e-11	8.783796513e-11	8.415468308e-11	8.033214194e-11	7.791748900e-11	3.837220606e-11	3.776061153e-11	3.811923380e-11	3.853761389e-11	3.774124488e-11	3.762474350e-11	3.860716807e-11	3.805698922e-11	3.751231139e-11	3.699807765e-11	3.780318804e-11	3.723190932e-11	3.789014961e-11	3.758367413e-11	3.802127017e-11	3.776400258e-11	3.698262954e-11	3.828645020e-11	3.768359704e-11	3.861138805e-11	3.883580013e-11	3.823151520e-11	3.852337149e-11	3.896601641e-11	3.902924064e-11	3.889925043e-11	3.850099056e-11	3.806249025e-11	3.723816392e-11	3.775684370e-11	3.828727912e-11	3.809052292e-11	3.775767263e-11	3.750266574e-11	3.764787799e-11	3.782082149e-11	3.767530781e-11	3.774245058e-11	3.781464225e-11	3.828878625e-11	3.789806205e-11	3.799391570e-11	3.729166714e-11	3.733786076e-11	3.798811324e-11	3.783649567e-11	3.769776409e-11	3.844537736e-11	3.814575934e-11	3.808931722e-11	3.810355962e-11	3.828735448e-11	3.859496030e-11	3.814304650e-11	3.843934883e-11	3.842887425e-11	3.744833360e-11	3.784184600e-11	3.811275313e-11	3.775096588e-11	3.843143638e-11	3.791335945e-11	3.731419877e-11	3.811493848e-11	3.814794469e-11	3.768939951e-11	3.791124947e-11	3.760078009e-11	3.783596818e-11	3.825864360e-11	3.754968829e-11	3.779278882e-11	3.783498854e-11	3.774373165e-11	3.777952605e-11	3.811335599e-11	3.741751273e-11	3.746091816e-11	3.770213478e-11	3.764433623e-11	3.773860739e-11	3.772722854e-11	3.811614418e-11	3.836565003e-11	3.874544752e-11	3.814169008e-11	3.823694088e-11	3.829119767e-11	3.775955654e-11	3.827363957e-11	3.800928846e-11	3.784169528e-11	3.836708181e-11	3.832096354e-11	3.859586458e-11	3.854718419e-11	3.866700125e-11	3.882080416e-11	3.812028880e-11	3.829436264e-11	3.807756158e-11	3.802435979e-11	3.772323464e-11	3.829315694e-11	3.791644907e-11	3.807726015e-11	3.805465316e-11	3.801908482e-11	3.783687246e-11	3.794191962e-11	3.774486200e-11	3.792609472e-11	3.680908319e-11	3.691488392e-11	3.724321282e-11	3.720478093e-11	3.746626848e-11	3.731103380e-11
2.828293104e-11	2.820561512e-11	2.781865876e-11	2.864697899e-11	2.748739095e-11	2.777269120e-11	2.800501574e-11	2.771127554e-11	2.815580438e-11	2.802626631e-11	2.756523436e-11	2.794601149e-11	2.825037697e-11	2.819122201e-11	2.809152517e-11	2.867079169e-11	2.794427828e-11	2.821202044e-11	2.822987996e-11	2.793629048e-11	2.806876746e-11	2.764383134e-11	2.779748354e-11	2.825369266e-11	2.755242373e-11	2.748716488e-11	2.855851029e-11	2.899716132e-11	2.796409708e-11	2.714730641e-11	2.814457624e-11	2.837162581e-11	2.766161551e-11	2.793094016e-11	2.790516818e-11	2.727737198e-11	2.782928404e-11	2.846868517e-11	2.793402978e-11	2.804480405e-11	2.763064393e-11	2.802121742e-11	2.773508824e-11	2.800388539e-11	2.766930189e-11	2.719998071e-11	2.768625713e-11	2.776673803e-11	2.799755543e-11	2.810456187e-11	2.781481557e-11	2.787532695e-11	2.784985641e-11	2.786507845e-11	2.835753412e-11	2.816529932e-11	2.778618004e-11	2.788331476e-11	2.785151425e-11	2.798482016e-11	2.770735699e-11	2.857961015e-11	2.808263308e-11	2.892534643e-11	2.836167874e-11	2.817283498e-11	2.830840159e-11	2.869128870e-11	2.858330263e-11	2.890341765e-11	2.977348546e-11	2.920409066e-11	2.893544422e-11	3.039645884e-11	3.173848532e-11	2.536971854e-10	2.330068884e-10	2.176494303e-10	1.998675984e-10	1.852242953e-10	1.724999491e-10	1.631932529e-10	1.514008423e-10	1.396541733e-10	1.303061062e-10	1.209765015e-10	1.117953494e-10	1.037355796e-10	9.601604494e-11	8.849944575e-11	8.148283790e-11	7.492454916e-11	6.974920555e-11	6.499736629e-11	5.981004097e-11	5.594929402e-11	5.225772274e-11	4.910465003e-11	4.638013056e-11	4.374430586e-11	4.119687451e-11	3.861530659e-11	3.720236951e-11	3.567677425e-11	3.414198548e-11	3.268850653e-11	3.197427626e-11	3.096992290e-11	3.046947943e-11	3.060994421e-11	3.161316722e-11	3.680230109e-11	6.896172862e-11	2.071472009e-10	2.191751763e-10	1.742175531e-10	1.512397298e-10	1.370671797e-10	1.251184041e-10	1.184248502e-10	1.124963923e-10	1.058735983e-10	1.038323375e-10	1.105526430e-10	1.250423693e-10	1.150431454e-10	1.049378195e-10	9.904138813e-11	9.476369287e-11	9.121982061e-11	8.686028803e-11	8.436613382e-11	8.063680886e-11	3.083601415e-11	2.996044530e-11	2.993060407e-11	2.758045641e-11	2.725830675e-11	2.729440258e-11	2.731648208e-11	2.739417478e-11	2.726463671e-11	2.715431458e-11	2.777412298e-11	2.777578083e-11	2.731000141e-11	2.755438301e-11	2.717812728e-11	2.747239498e-11	2.725792997e-11	2.705107598e-11	2.620979440e-11	2.618040531e-11	2.729086082e-11	2.692628538e-11	2.730480180e-11	2.709553640e-11	2.729229260e-11	2.743547022e-11	2.724753075e-11	2.757970284e-11	2.739613405e-11	2.692651145e-11	2.674482658e-11	2.720118642e-11	2.701580907e-11	2.731090569e-11	2.742017282e-11	2.768678463e-11	2.712809047e-11	2.712266479e-11	2.701648728e-11	2.708671967e-11	2.743554558e-11	2.773237540e-11	2.724632504e-11	2.763870709e-11	2.706366054e-11	2.773425932e-11	2.757344824e-11	2.802709523e-11	2.746222183e-11	2.841510660e-11	2.774292533e-11	2.707654653e-11	2.772084583e-11	2.696441584e-11	2.720427604e-11	2.696042194e-11	2.699365422e-11	2.722756124e-11	2.488525067e-11	2.470876541e-11	2.466362678e-11	2.439693962e-11	2.458322124e-11	2.529556760e-11	2.502345476e-11	2.528403803e-11	2.508991932e-11	2.512526158e-11	2.553610601e-11	2.561575798e-11	2.549179630e-11	2.489474561e-11	2.490243198e-11	2.479655590e-11	2.545336441e-11	2.524884648e-11	2.522292379e-11	2.571093342e-11	2.545502226e-11	2.561545655e-11	2.522616413e-11	2.493671926e-11	2.525864284e-11	2.514530645e-11	2.499414102e-11	2.545901616e-11	2.535532542e-11	2.537243137e-11	2.583399082e-11	2.558252570e-11	2.608816878e-11	2.542314640e-11	2.532246992e-11	2.538396094e-11	2.536564928e-11	2.494206958e-11	2.567204939e-11	2.559096564e-11	2.521448385e-11	2.581507630e-11	2.595456145e-11	2.553301638e-11	2.597837415e-11	2.580603351e-11	2.544914444e-11	2.497846684e-11	2.518728010e-11	2.611665359e-11	2.553271496e-11	2.552857034e-11	2.568983356e-11	2.574265857e-11	2.522480771e-11	2.563233644e-11	2.507567691e-11	2.556112441e-11	2.574906388e-11	2.599419905e-11
2.276885932e-11	2.231905551e-11	2.261565926e-11	2.279975554e-11	2.245175856e-11	2.258174877e-11	2.286056835e-11	2.244467504e-11	2.281844399e-11	2.230647095e-11	2.293441787e-11	2.282010184e-11	2.252636164e-11	2.182818233e-11	2.204279805e-11	2.218122821e-11	2.208650491e-11	2.237361372e-11	2.215432589e-11	2.198424594e-11	2.261678961e-11	2.271475325e-11	2.228295968e-11	2.216449903e-11	2.265612578e-11	2.268626844e-11	2.229825708e-11	2.268822771e-11	2.224234245e-11	2.254196046e-11	2.241430631e-11	2.180338999e-11	2.241227168e-11	2.254497473e-11	2.247624947e-11	2.267157389e-11	2.268310346e-11	2.264723370e-11	2.260488326e-11	2.236683162e-11	2.243442653e-11	2.249621898e-11	2.260834967e-11	2.216653366e-11	2.172110054e-11	2.194573869e-11	2.161786194e-11	2.217934429e-11	2.239207610e-11	2.234640997e-11	2.230307990e-11	2.231121842e-11	2.236102916e-11	2.232417976e-11	2.212034004e-11	2.212697142e-11	2.192953702e-11	2.285356019e-11	2.236818804e-11	2.220684947e-11	2.240239996e-11	2.251867526e-11	2.226140768e-11	2.253329445e-11	2.217798787e-11	2.222538720e-11	2.214776986e-11	2.228657680e-11	2.238310866e-11	2.188266518e-11	2.214912628e-11	2.244369540e-11	2.272613210e-11	2.285800623e-11	2.325219683e-11	2.263924589e-11	2.273487347e-11	2.378165262e-11	2.399762476e-11	2.482850712e-11	1.850132967e-10	1.700816791e-10	1.557294787e-10	1.442247798e-10	1.323576155e-10	1.226635107e-10	1.129792023e-10	1.046733176e-10	9.603533624e-11	8.880599658e-11	8.169150045e-11	7.572845384e-11	6.972396108e-11	6.430589372e-11	5.980725278e-11	5.650987210e-11	5.177506343e-11	4.841355425e-11	4.567795735e-11	4.294394295e-11	4.043087422e-11	3.781976650e-11	3.702407569e-11	3.526261414e-11	3.405140680e-11	3.323808254e-11	3.160781690e-11	3.037234471e-11	2.938449447e-11	2.952737066e-11	3.000068575e-11	3.277516667e-11	4.580252189e-11	1.200752361e-10	2.331062838e-10	1.946019775e-10	1.631921979e-10	1.449023868e-10	1.322304135e-10	1.228936499e-10	1.169789069e-10	1.116054507e-10	1.159801300e-10	1.293349098e-10	1.249979842e-10	1.134180794e-10	1.047993893e-10	9.999065578e-11	9.581220521e-11	9.187142951e-11	8.858851731e-11	8.523748270e-11	8.338740173e-11	2.063445773e-11	2.093400039e-11	2.101056274e-11	2.110837566e-11	2.134476946e-11	2.135840901e-11	2.101749555e-11	2.107325947e-11	2.085849303e-11	2.092940364e-11	2.102879905e-11	2.067876744e-11	2.109571575e-11	2.109684610e-11	2.118644515e-11	2.101583771e-11	2.095924487e-11	2.115238395e-11	2.161477231e-11	2.146307939e-11	2.157686792e-11	2.157920398e-11	2.202199962e-11	2.162652795e-11	2.184302759e-11	2.167799654e-11	2.128862876e-11	2.177204163e-11	2.155026703e-11	2.159789243e-11	2.163526932e-11	2.128342915e-11	2.129375301e-11	2.211491436e-11	2.156270087e-11	2.139284700e-11	2.135629902e-11	2.151191049e-11	2.116602350e-11	2.118659586e-11	2.182200309e-11	2.184204795e-11	2.135027049e-11	2.130143939e-11	2.156443408e-11	2.101448129e-11	2.088727927e-11	2.145388588e-11	2.114477292e-11	2.149533203e-11	2.140475335e-11	2.196088538e-11	2.211363330e-11	2.170354244e-11	2.115366501e-11	2.071780218e-11	2.079097348e-11	2.126888532e-11	2.107197841e-11	2.081207334e-11	2.085819161e-11	2.116029639e-11	2.088629963e-11	2.075457622e-11	2.130422758e-11	2.085540341e-11	2.113075659e-11	2.071403435e-11	2.063332738e-11	2.065774293e-11	2.053717230e-11	2.098011866e-11	2.084628526e-11	2.094515317e-11	2.091998405e-11	2.112525555e-11	2.084945024e-11	2.061328251e-11	2.085834232e-11	2.072202215e-11	2.019701241e-11	2.019618349e-11	2.039422075e-11	2.027764402e-11	2.043061801e-11	2.076173510e-11	1.855378543e-11	1.844775863e-11	1.864820730e-11	1.852861631e-11	1.802839890e-11	1.820925485e-11	1.845017004e-11	1.878603461e-11	1.859606051e-11	1.931549039e-11	1.932641710e-11	1.939996519e-11	1.910901318e-11	1.904164434e-11	1.935542941e-11	1.967313302e-11	1.991126002e-11	1.966454236e-11	1.996491395e-11	1.986536782e-11	1.953553179e-11	1.928662879e-11	1.946620368e-11	1.917525167e-11	1.987915809e-11	1.901685201e-11	1.879243992e-11	1.990010723e-11	1.892431405e-11	1.921338213e-11	1.918934336e-11	1.874624630e-11
1.731673076e-11	1.712479738e-11	1.734235202e-11	1.758100651e-11	1.747384936e-11	1.669571665e-11	1.733180209e-11	1.767233876e-11	1.762946083e-11	1.711801529e-11	1.685818558e-11	1.678546642e-11	1.712163241e-11	1.730173479e-11	1.678237679e-11	1.694484572e-11	1.680423022e-11	1.729005451e-11	1.757384763e-11	1.765900064e-11	1.720475078e-11	1.710068326e-11	1.765040998e-11	1.726187112e-11	1.708719442e-11	1.723986698e-11	1.665924404e-11	1.656105433e-11	1.694220824e-11	1.656007469e-11	1.730392013e-11	1.717257350e-11	1.680272309e-11	1.692050552e-11	1.679541349e-11	1.642880342e-11	1.669330524e-11	1.689940566e-11	1.672239291e-11	1.698086619e-11	1.655841685e-11	1.602323396e-11	1.636949774e-11	1.589362053e-11	1.636851810e-11	1.646489925e-11	1.625043424e-11	1.720249008e-11	1.624244644e-11	1.655751257e-11	1.666519721e-11	1.690068673e-11	1.638607620e-11	1.647770988e-11	1.645924750e-11	1.632270126e-11	1.660830295e-11	1.638765869e-11	1.614312638e-11	1.571042853e-11	1.617861936e-11	1.655781399e-11	1.607259256e-11	1.597357393e-11	1.653294630e-11	1.662842317e-11	1.684205926e-11	1.697272768e-11	1.672329718e-11	1.612308151e-11	1.676489405e-11	1.680935447e-11	1.680407951e-11	1.689661747e-11	1.728063492e-11	1.809335633e-11	1.824271320e-11	1.822274369e-11	1.815183309e-11	1.786359392e-11	1.816419158e-11	1.828755040e-11	1.801061474e-11	1.827074587e-11	1.831641200e-11	1.807873714e-11	1.873931349e-11	1.928014812e-11	1.450413444e-10	1.313758691e-10	1.180061687e-10	1.054593628e-10	9.047657802e-11	7.459825489e-11	5.829273494e-11	4.334499101e-11	3.457588904e-11	2.670910753e-11	2.566240374e-11	2.069150271e-11	1.966122667e-11	1.839191936e-11	1.766819415e-11	1.711650815e-11	1.736209546e-11	1.724860835e-11	1.686677624e-11	1.710075862e-11	1.742569646e-11	1.743436248e-11	1.724438838e-11	1.690611240e-11	1.688388219e-11	1.705961389e-11	1.702999873e-11	1.693874183e-11	1.676270871e-11	1.648253271e-11	1.672081042e-11	1.646844101e-11	1.637416985e-11	1.704062401e-11	1.672186541e-11	1.699043649e-11	1.701228992e-11	1.741469439e-11	1.720437400e-11	1.705908639e-11	1.648712946e-11	1.687838116e-11	1.674417098e-11	1.649180157e-11	1.570357108e-11	1.571562814e-11	1.558104117e-11	1.508376268e-11	1.604478596e-11	1.560244246e-11	1.534570237e-11	1.540689197e-11	1.587583636e-11	1.574569544e-11	1.563288654e-11	1.529091809e-11	1.548081684e-11	1.556159916e-11	1.550500632e-11	1.579520476e-11	1.576785029e-11	1.588367346e-11	1.593717667e-11	1.539400598e-11	1.521518467e-11	1.565180106e-11	1.600522372e-11	1.637914339e-11	1.592022143e-11	1.596701790e-11	1.555089851e-11	1.581675676e-11	1.569008224e-11	1.584004196e-11	1.620514490e-11	1.556589449e-11	1.592127642e-11	1.584094624e-11	1.582323743e-11	1.629195575e-11	1.609263743e-11	1.641245103e-11	1.572595200e-11	1.599218702e-11	1.569829611e-11	1.590944543e-11	1.552271513e-11	1.514359585e-11	1.516725784e-11	1.582685455e-11	1.572941840e-11	1.565534282e-11	1.576340425e-11	1.571494993e-11	1.650838004e-11	1.624553606e-11	1.607296935e-11	1.545609986e-11	1.549709387e-11	1.599339273e-11	1.595744761e-11	1.531616257e-11	1.611012017e-11	1.590718473e-11	1.519724978e-11	1.568789689e-11	1.570658534e-11	1.518474058e-11	1.534600380e-11	1.558526114e-11	1.526770825e-11	1.526228257e-11	1.527125001e-11	1.503282159e-11	1.507939199e-11	1.521217040e-11	1.538993672e-11	1.565473997e-11	1.517743099e-11	1.532271860e-11	1.558443222e-11	1.572934305e-11	1.563891508e-11	1.571954668e-11	1.584365908e-11	1.541570870e-11	1.540689197e-11	1.562489874e-11	1.528609527e-11	1.513907445e-11	1.567501091e-11	1.562414517e-11	1.580733718e-11	1.548880464e-11	1.535595088e-11	1.507750808e-11	1.519212553e-11	1.516168145e-11	1.508941443e-11	1.459077951e-11	1.500682354e-11	1.504593364e-11	1.484767031e-11	1.467397325e-11	1.529400772e-11	1.559046075e-11	1.508964050e-11	1.508798265e-11	1.491662164e-11	1.575895821e-11	1.519061840e-11	1.561276632e-11	1.603061891e-11	1.549528531e-11	1.535549874e-11	1.558217152e-11	1.546973941e-11	1.560734064e-11	1.533341924e-11	1.521051255e-11	1.558096582e-11	1.579882187e-11	1.587071211e-11
1.432582555e-11	1.431520026e-11	1.397104647e-11	1.421866840e-11	1.456945358e-11	1.390548619e-11	1.397443752e-11	1.438641229e-11	1.452175283e-11	1.437721878e-11	1.467110969e-11	1.442130242e-11	1.424285789e-11	1.425039355e-11	1.425815528e-11	1.437284810e-11	1.442974236e-11	1.402296720e-11	1.404806096e-11	1.352794940e-11	1.388830487e-11	1.426380703e-11	1.338884104e-11	1.334716881e-11	1.361641810e-11	1.391987931e-11	1.426915735e-11	1.388747595e-11	1.384708479e-11	1.416418555e-11	1.415303277e-11	1.511918030e-11	1.471067193e-11	1.439779115e-11	1.468670852e-11	1.427691909e-11	1.439756508e-11	1.379501335e-11	1.383917234e-11	1.407383293e-11	1.401196513e-11	1.376916602e-11	1.377677704e-11	1.395167981e-11	1.361242420e-11	1.414074963e-11	1.409191853e-11	1.387760423e-11	1.359139970e-11	1.351890661e-11	1.360534068e-11	1.394082846e-11	1.384045341e-11	1.391249436e-11	1.331747830e-11	1.393992418e-11	1.377195422e-11	1.385130476e-11	1.374143478e-11	1.379297872e-11	1.419937710e-11	1.413065184e-11	1.427857693e-11	1.400435411e-11	1.367466879e-11	1.422756049e-11	1.394648020e-11	1.391415220e-11	1.432364021e-11	1.394135595e-11	1.460426835e-11	1.455852687e-11	1.485565812e-11	1.483116721e-11	1.451512144e-11	1.444654689e-11	1.452800743e-11	1.476711406e-11	1.493485795e-11	1.458964916e-11	1.479763350e-11	1.439605794e-11	1.480494309e-11	1.452205425e-11	1.474804883e-11	1.528496492e-11	1.464857806e-11	1.533515244e-11	1.576242462e-11	1.571336744e-11	1.328624297e-10	1.193717064e-10	1.060923586e-10	9.101733730e-11	7.358862657e-11	5.417456969e-11	3.575748122e-11	2.239147325e-11	2.209245808e-11	1.634982966e-11	1.586920498e-11	1.524359412e-11	1.484834852e-11	1.472596933e-11	1.438430231e-11	1.448693806e-11	1.408641749e-11	1.406938689e-11	1.424737928e-11	1.357459517e-11	1.388830487e-11	1.395906476e-11	1.393155959e-11	1.424986605e-11	1.425898421e-11	1.422627942e-11	1.411136054e-11	1.446915389e-11	1.441474639e-11	1.449221302e-11	1.456003400e-11	1.433712905e-11	1.473199786e-11	1.466764329e-11	1.457420105e-11	1.438596015e-11	1.468761280e-11	1.445506220e-11	1.432318807e-11	1.407518935e-11	1.404150493e-11	1.422560121e-11	1.422055232e-11	1.428935294e-11	1.432250986e-11	1.399960664e-11	1.376276071e-11	1.403057822e-11	1.432936731e-11	1.415808166e-11	1.439854471e-11	1.430773996e-11	1.484993101e-11	1.445257543e-11	1.428317369e-11	1.417646868e-11	1.417300228e-11	1.422379265e-11	1.420932418e-11	1.458701168e-11	1.421716127e-11	1.461474292e-11	1.387745352e-11	1.432567484e-11	1.480871093e-11	1.460230908e-11	1.439696222e-11	1.445807646e-11	1.405891232e-11	1.466704044e-11	1.389629268e-11	1.396592222e-11	1.375665682e-11	1.355394744e-11	1.384821514e-11	1.394730913e-11	1.385740865e-11	1.410842163e-11	1.412786365e-11	1.419214286e-11	1.392123573e-11	1.428581117e-11	1.441836351e-11	1.397782857e-11	1.387669995e-11	1.404745811e-11	1.385213369e-11	1.470087557e-11	1.409146639e-11	1.429312077e-11	1.370835321e-11	1.431188457e-11	1.389018879e-11	1.425657279e-11	1.440901929e-11	1.384354303e-11	1.420826919e-11	1.447284636e-11	1.441587674e-11	1.405393878e-11	1.431942024e-11	1.428015942e-11	1.406916082e-11	1.404904060e-11	1.429982751e-11	1.418807361e-11	1.434587042e-11	1.384414588e-11	1.380955718e-11	1.418332614e-11	1.386147791e-11	1.432017380e-11	1.418521005e-11	1.435144681e-11	1.451595036e-11	1.448128631e-11	1.428837330e-11	1.440321682e-11	1.455701974e-11	1.436938169e-11	1.427789873e-11	1.453350846e-11	1.418551148e-11	1.372696630e-11	1.392620927e-11	1.345191455e-11	1.403939495e-11	1.449763870e-11	1.454104413e-11	1.444941045e-11	1.411897156e-11	1.434217794e-11	1.391814611e-11	1.409048675e-11	1.336909760e-11	1.402319327e-11	1.401219120e-11	1.405521984e-11	1.406757833e-11	1.374866901e-11	1.386697894e-11	1.378288093e-11	1.356201061e-11	1.381422929e-11	1.391897503e-11	1.428905151e-11	1.347173335e-11	1.383223953e-11	1.303285625e-11	1.344317318e-11	1.297890089e-11	1.328160853e-11	1.399350275e-11	1.357286196e-11	1.377022101e-11	1.341943583e-11	1.339728098e-11	1.382078532e-11	1.359109827e-11	1.403314034e-11	1.331619723e-11
1.296413099e-11	1.293926330e-11	1.280497776e-11	1.256918682e-11	1.254801160e-11	1.270904875e-11	1.260626229e-11	1.288169082e-11	1.178306631e-11	1.226293742e-11	1.268629104e-11	1.213626290e-11	1.199067386e-11	1.183536382e-11	1.232269524e-11	1.269284707e-11	1.306066285e-11	1.293346084e-11	1.250611331e-11	1.237649988e-11	1.199722989e-11	1.233723907e-11	1.256293222e-11	1.239737367e-11	1.199534597e-11	1.177183817e-11	1.180220689e-11	1.195819515e-11	1.236481960e-11	1.191539257e-11	1.189655341e-11	1.180913971e-11	1.206565372e-11	1.218682721e-11	1.199760667e-11	1.220611851e-11	1.221644237e-11	1.232525736e-11	1.227280914e-11	1.227431627e-11	1.230257501e-11	1.249058984e-11	1.207514866e-11	1.217062553e-11	1.252427426e-11	1.216030167e-11	1.182496460e-11	1.168148555e-11	1.157847302e-11	1.204410172e-11	1.207552544e-11	1.234424724e-11	1.243625770e-11	1.248636987e-11	1.243399700e-11	1.246353680e-11	1.211350519e-11	1.188321529e-11	1.191072046e-11	1.212119157e-11	1.204892455e-11	1.214003073e-11	1.196829294e-11	1.208886357e-11	1.209014463e-11	1.190062267e-11	1.188705848e-11	1.205826877e-11	1.179376695e-11	1.176362429e-11	1.209451532e-11	1.226851381e-11	1.183106849e-11	1.224831823e-11	1.234402117e-11	1.259156774e-11	1.275305703e-11	1.251432718e-11	1.245102760e-11	1.225419605e-11	1.246948998e-11	1.293037121e-11	1.267039079e-11	1.283150330e-11	1.250144120e-11	1.295719818e-11	1.283813468e-11	1.319102985e-11	1.259721949e-11	1.320512154e-11	1.332772680e-11	1.563981936e-11	1.189785708e-10	1.052263601e-10	8.826056519e-11	6.616938817e-11	4.515468082e-11	2.323320696e-11	1.691425092e-11	1.540598769e-11	1.418671719e-11	1.409018532e-11	1.320843723e-11	1.293270727e-11	1.344400210e-11	1.264574917e-11	1.273896534e-11	1.225118178e-11	1.235042648e-11	1.225283963e-11	1.268237250e-11	1.232638771e-11	1.246549608e-11	1.218999219e-11	1.206105697e-11	1.258357994e-11	1.260106268e-11	1.228464013e-11	1.254899124e-11	1.267611790e-11	1.253324170e-11	1.251764287e-11	1.249435767e-11	1.220016533e-11	1.205736449e-11	1.228705154e-11	1.228938760e-11	1.196256583e-11	1.256926218e-11	1.251583431e-11	1.288658900e-11	1.268636640e-11	1.278741966e-11	1.271304265e-11	1.261522973e-11	1.337640719e-11	1.332335611e-11	1.289276825e-11	1.288515723e-11	1.237348561e-11	1.244010089e-11	1.268938067e-11	1.311416607e-11	1.249352875e-11	1.269254565e-11	1.283391471e-11	1.301062604e-11	1.252811745e-11	1.285207566e-11	1.259081418e-11	1.286526307e-11	1.292999443e-11	1.298297015e-11	1.274770671e-11	1.267227471e-11	1.287724478e-11	1.258531314e-11	1.234801507e-11	1.218697792e-11	1.203543571e-11	1.214221607e-11	1.233738978e-11	1.217831191e-11	1.191840684e-11	1.252103392e-11	1.256556970e-11	1.255923974e-11	1.258674492e-11	1.158216549e-11	1.169015156e-11	1.173935945e-11	1.152911442e-11	1.164478687e-11	1.119875089e-11	1.161178065e-11	1.151946877e-11	1.174659369e-11	1.175789719e-11	1.205789199e-11	1.205412416e-11	1.194086312e-11	1.213370077e-11	1.209180248e-11	1.211825266e-11	1.170356505e-11	1.189278558e-11	1.251357362e-11	1.169248762e-11	1.153416331e-11	1.188751062e-11	1.185412762e-11	1.130349662e-11	1.209210390e-11	1.157877444e-11	1.168284197e-11	1.214869674e-11	1.182262855e-11	1.127275111e-11	1.164780113e-11	1.160221036e-11	1.167523095e-11	1.161004745e-11	1.142504689e-11	1.108036560e-11	1.128458211e-11	1.177522922e-11	1.140168633e-11	1.189308701e-11	1.129249455e-11	1.174380550e-11	1.175510899e-11	1.202066581e-11	1.147304907e-11	1.166151604e-11	1.170024936e-11	1.175224544e-11	1.176038396e-11	1.146347878e-11	1.079762747e-11	1.105903967e-11	1.145368242e-11	1.184907873e-11	1.162896197e-11	1.144358463e-11	1.143898787e-11	1.120862261e-11	1.154825500e-11	1.154380896e-11	1.173212522e-11	1.184237199e-11	1.143032186e-11	1.193671850e-11	1.184817445e-11	1.167251811e-11	1.208652751e-11	1.197891823e-11	1.165202110e-11	1.211086771e-11	1.217959297e-11	1.208569859e-11	1.190680192e-11	1.179278731e-11	1.198366569e-11	1.224907179e-11	1.231583778e-11	1.212910402e-11	1.267212399e-11	1.238019236e-11	1.240920466e-11	1.254921731e-11	1.204945204e-11
7.218412944e-12	6.816762030e-12	6.798450366e-12	7.140268104e-12	6.354901158e-12	6.015720903e-12	6.206900709e-12	5.952496679e-12	6.029059029e-12	5.989346078e-12	6.247141157e-12	5.950311336e-12	6.383159900e-12	7.108693670e-12	6.290923368e-12	5.833282468e-12	6.668384798e-12	6.673433693e-12	6.423626418e-12	6.893927234e-12	6.704555987e-12	6.557987314e-12	6.343446949e-12	6.875314143e-12	7.073426761e-12	6.112478834e-12	6.399813718e-12	6.118658079e-12	6.329430613e-12	5.737730243e-12	6.250155423e-12	5.821074691e-12	5.389205764e-12	5.543159388e-12	6.234933381e-12	5.763200789e-12	5.893266356e-12	6.256183955e-12	6.009692372e-12	6.292656570e-12	6.261986416e-12	6.011199504e-12	6.720606953e-12	6.608250196e-12	6.741028603e-12	6.916458871e-12	6.807041023e-12	6.612922308e-12	6.712694505e-12	6.292807284e-12	6.590842811e-12	6.818269163e-12	6.494838447e-12	6.466881132e-12	5.994696399e-12	6.293862277e-12	6.324080291e-12	5.817683642e-12	5.921223671e-12	5.897109545e-12	5.776991054e-12	5.765235418e-12	5.997107812e-12	5.977741154e-12	6.056187421e-12	6.151513576e-12	5.890252091e-12	6.171483087e-12	5.763276145e-12	6.703048854e-12	5.661243249e-12	6.397477662e-12	6.272762416e-12	6.155733548e-12	5.429446212e-12	6.027777966e-12	6.395066250e-12	6.468312908e-12	6.365752515e-12	6.640427483e-12	6.552109496e-12	6.633268602e-12	6.548341664e-12	6.710961302e-12	6.136894387e-12	6.494612377e-12	6.423098921e-12	6.535455678e-12	6.652484546e-12	6.237495507e-12	5.798769125e-12	6.752558170e-12	6.759867764e-12	7.894889538e-12	2.206962502e-11	6.469872790e-11	4.190967300e-11	2.150648482e-11	9.765542873e-12	8.365793208e-12	7.850730545e-12	7.455183520e-12	6.990685165e-12	6.795436100e-12	6.990383739e-12	6.592802084e-12	6.302603647e-12	6.441636656e-12	6.667254448e-12	6.116924876e-12	6.316619983e-12	6.722641582e-12	6.457913691e-12	6.714729134e-12	6.843588996e-12	6.797621443e-12	6.691368575e-12	6.387681299e-12	7.121504299e-12	6.750598897e-12	6.937408018e-12	6.945245109e-12	6.514958671e-12	6.372760683e-12	6.315564990e-12	6.579313245e-12	6.459420824e-12	6.718044827e-12	6.172538080e-12	5.716178243e-12	5.956038441e-12	6.236063731e-12	6.707344183e-12	5.825219307e-12	6.737938981e-12	6.331992739e-12	6.168845604e-12	6.469744684e-12	6.142998275e-12	6.511190838e-12	6.304638277e-12	6.198234695e-12	6.679989721e-12	6.461832237e-12	5.975706525e-12	6.352565102e-12	6.503052321e-12	6.324231004e-12	5.983618973e-12	6.127399450e-12	5.357405260e-12	6.079321911e-12	6.505765160e-12	6.447966614e-12	6.334479508e-12	6.479465691e-12	6.430709942e-12	6.550376293e-12	6.397251592e-12	6.237043367e-12	6.739370757e-12	6.752708883e-12	6.624602588e-12	6.691293218e-12	6.651881693e-12	6.242996542e-12	6.702144575e-12	6.085501156e-12	5.973596539e-12	5.492595079e-12	5.730571362e-12	5.458910659e-12	6.140963646e-12	5.885956762e-12	5.809243698e-12	5.791158104e-12	5.537507639e-12	5.597340815e-12	6.065607002e-12	5.927930413e-12	5.943830665e-12	5.692893040e-12	6.440355593e-12	6.754140659e-12	6.392956264e-12	6.200646108e-12	6.297630109e-12	6.090625407e-12	5.729817795e-12	5.536226576e-12	5.699373711e-12	5.448285373e-12	5.888066748e-12	5.387849344e-12	5.145653090e-12	5.442784338e-12	5.654235081e-12	5.670813543e-12	6.198762192e-12	5.750993012e-12	6.053625295e-12	5.477297681e-12	6.191754024e-12	5.361625232e-12	5.409702771e-12	5.338340029e-12	5.322138350e-12	5.329598658e-12	5.782492089e-12	5.690707697e-12	5.602766493e-12	5.984297182e-12	5.802763027e-12	6.026949043e-12	6.260780710e-12	6.046993910e-12	6.314962137e-12	5.458533876e-12	5.719795361e-12	5.946995644e-12	5.941569965e-12	6.234782668e-12	6.082034750e-12	6.099065352e-12	5.932828595e-12	6.184519786e-12	5.336682183e-12	5.728687446e-12	5.467802743e-12	5.800426971e-12	5.867419027e-12	5.983769686e-12	5.313999833e-12	5.836221377e-12	5.547304003e-12	5.600279724e-12	6.207503562e-12	5.974048679e-12	5.733660984e-12	5.517990268e-12	5.849032006e-12	5.797186635e-12	5.783547082e-12	5.829966775e-12	5.657550773e-12	5.776764984e-12	6.113458471e-12	6.631535399e-12	5.417690575e-12	5.699449068e-12	5.880606440e-12
6.075629435e-12	5.575185961e-12	5.554387528e-12	5.400810687e-12	6.088967561e-12	6.238023003e-12	6.052419589e-12	5.330955078e-12	5.665387864e-12	2.750065372e-12	3.335737210e-12	3.519984205e-12	2.931373458e-12	3.557737884e-12	3.285474329e-12	3.293914273e-12	3.106653012e-12	3.229333629e-12	3.150058439e-12	3.356912427e-12	3.506495366e-12	3.213056594e-12	3.496849715e-12	2.847953653e-12	3.253221685e-12	3.830453579e-12	3.419307729e-12	3.028960312e-12	3.038078466e-12	2.961214689e-12	3.327523336e-12	2.861065709e-12	2.627234042e-12	2.736576533e-12	3.223455810e-12	3.067316844e-12	3.028583529e-12	2.775159134e-12	3.457438191e-12	3.166636901e-12	3.078997124e-12	3.289091448e-12	2.955261514e-12	2.991884843e-12	3.322625154e-12	3.403633547e-12	3.535281604e-12	3.091883110e-12	3.494815086e-12	3.403859617e-12	3.241239979e-12	3.628196346e-12	3.266409098e-12	3.383136539e-12	3.218256202e-12	2.953000815e-12	2.834841597e-12	2.983068116e-12	3.408757798e-12	2.917507835e-12	2.879151303e-12	2.966565011e-12	3.302957070e-12	3.593381577e-12	3.217201209e-12	3.223229741e-12	3.439051169e-12	3.588860178e-12	3.423376987e-12	3.926081161e-12	3.518024932e-12	3.627894920e-12	4.123590925e-12	3.969712658e-12	3.450580736e-12	3.489087981e-12	3.397831085e-12	4.200680772e-12	3.748088767e-12	3.619530332e-12	3.824123621e-12	3.401071421e-12	3.527293800e-12	3.106050159e-12	3.541385492e-12	3.104166243e-12	3.577255255e-12	3.033180284e-12	3.424507337e-12	3.541084066e-12	3.781547117e-12	3.965869469e-12	3.785917802e-12	5.498397541e-12	5.342786071e-12	6.806091530e-11	4.223687155e-11	1.968225117e-11	5.993792120e-12	4.185458730e-12	3.940172853e-12	3.555175758e-12	3.452690722e-12	3.573788849e-12	3.391953267e-12	3.868357971e-12	3.417725239e-12	3.661428626e-12	3.533849828e-12	3.538145156e-12	3.501069688e-12	3.663764682e-12	4.004527427e-12	3.716438977e-12	3.842812069e-12	3.914551594e-12	3.939720713e-12	3.559998583e-12	3.256989517e-12	3.451485016e-12	3.491348680e-12	3.588031255e-12	3.493232597e-12	3.833919985e-12	3.181180733e-12	3.220140118e-12	2.894448702e-12	2.900477234e-12	3.182838579e-12	2.822935247e-12	2.906053625e-12	2.808089988e-12	3.311020231e-12	3.492554387e-12	3.751479816e-12	3.706642613e-12	3.059253683e-12	3.723748571e-12	2.712613120e-12	3.140714215e-12	2.786387274e-12	3.189997460e-12	2.699651777e-12	2.918562828e-12	2.869656366e-12	3.504912876e-12	3.755323005e-12	3.506344653e-12	3.317425546e-12	3.335285070e-12	3.148928089e-12	3.544701185e-12	3.404688540e-12	3.314486637e-12	3.258345937e-12	2.956844003e-12	3.358720987e-12	3.138227446e-12	3.351260679e-12	3.146516677e-12	3.020520368e-12	2.759635666e-12	3.257441657e-12	3.029261738e-12	2.999119081e-12	3.140563502e-12	2.865059611e-12	3.017355389e-12	2.786537988e-12	2.721655917e-12	3.079826047e-12	3.085779222e-12	3.293914273e-12	2.731075498e-12	2.984876675e-12	3.017430745e-12	2.689704700e-12	2.708167078e-12	3.411319924e-12	3.775744656e-12	2.985479528e-12	3.105371949e-12	2.984424535e-12	3.024438913e-12	3.045689487e-12	3.046066270e-12	2.692266826e-12	2.983670969e-12	2.903642213e-12	3.098589851e-12	2.975004955e-12	2.989096647e-12	3.360002050e-12	2.917733905e-12	3.178467894e-12	2.744338267e-12	3.023685347e-12	3.114264033e-12	3.757131564e-12	3.543721548e-12	3.266785881e-12	2.697993931e-12	2.900175807e-12	3.423075561e-12	3.053526578e-12	3.049758746e-12	3.406572456e-12	2.776666267e-12	3.132198914e-12	2.962646465e-12	3.141919922e-12	2.953905094e-12	2.543588167e-12	2.940717682e-12	3.074626438e-12	3.253146328e-12	2.609223804e-12	3.218934412e-12	2.797087918e-12	2.769658099e-12	3.199417041e-12	3.016074326e-12	3.113585823e-12	3.042223081e-12	3.292557853e-12	2.568832643e-12	2.417742571e-12	2.782694799e-12	2.656547776e-12	2.698973567e-12	2.610128084e-12	2.854132897e-12	1.928904021e-12	2.674331945e-12	2.714195609e-12	2.729342295e-12	2.943807304e-12	2.464162264e-12	2.690684336e-12	2.790833316e-12	3.269197293e-12	2.692945036e-12	2.548787775e-12	2.760690659e-12	2.437335299e-12	2.646449986e-12	2.593022125e-12	2.718189511e-12	3.125868956e-12	2.857900730e-12	2.866416030e-12
3.864062642e-12	3.861877300e-12	4.003095651e-12	3.584564849e-12	4.077171232e-12	3.589463031e-12	3.689235228e-12	3.830755006e-12	3.110872984e-12	3.356535644e-12	3.043278074e-12	3.263620902e-12	3.334682217e-12	3.172590076e-12	4.924179912e-12	5.058314739e-12	5.569910996e-12	5.484079779e-12	5.648583333e-12	5.489505457e-12	5.308423441e-12	5.204431272e-12	5.462753848e-12	5.543385458e-12	5.611960004e-12	5.793117376e-12	5.161025845e-12	4.807829254e-12	5.206691971e-12	5.020711774e-12	5.184913901e-12	5.287398937e-12	5.450922855e-12	5.323344057e-12	5.279411133e-12	5.864404762e-12	5.276246154e-12	5.530499471e-12	5.195237762e-12	5.355370630e-12	5.843154188e-12	5.913009797e-12	5.684980592e-12	5.862219419e-12	5.316561959e-12	5.309553791e-12	5.456122464e-12	5.580913066e-12	5.349266742e-12	5.123272166e-12	4.735486876e-12	5.515880282e-12	5.225531132e-12	5.400659973e-12	5.785204929e-12	5.519723471e-12	6.050234246e-12	5.810374048e-12	5.733208844e-12	5.378806547e-12	5.700880844e-12	5.662222885e-12	5.450546072e-12	5.233518937e-12	5.779703894e-12	6.051289239e-12	5.229374321e-12	5.140754908e-12	5.678047781e-12	5.366448057e-12	5.530574828e-12	5.457704953e-12	5.375415498e-12	5.191168503e-12	5.050854431e-12	5.155524810e-12	5.267278713e-12	4.579875405e-12	4.656211686e-12	5.345724980e-12	5.349342099e-12	5.050326935e-12	4.322231039e-12	5.087553117e-12	4.882507688e-12	4.665480553e-12	4.452824103e-12	5.001947969e-12	4.441746677e-12	5.387773987e-12	4.615293028e-12	4.902477199e-12	5.475036981e-12	5.400810687e-12	5.836899587e-12	8.462121606e-11	6.074951225e-11	3.342986519e-11	9.647760438e-12	6.132448345e-12	6.498530922e-12	5.687090578e-12	5.664408228e-12	5.596662605e-12	5.393425736e-12	5.333140420e-12	5.438187582e-12	5.140679551e-12	5.144598097e-12	4.806171408e-12	5.284309315e-12	5.590181934e-12	5.859808006e-12	5.561244982e-12	5.651899025e-12	5.418594855e-12	4.959145395e-12	5.327262602e-12	5.001797256e-12	5.190339580e-12	5.361775945e-12	5.231258237e-12	5.398173204e-12	4.750030708e-12	5.418594855e-12	4.799389310e-12	4.811069590e-12	4.877232723e-12	4.697959267e-12	4.950027241e-12	5.413169176e-12	5.653707585e-12	5.773901432e-12	5.616556759e-12	5.463582771e-12	5.395686435e-12	5.050402291e-12	5.400283190e-12	5.630799165e-12	5.878496454e-12	5.522285597e-12	5.684603809e-12	5.497568618e-12	5.536678716e-12	5.352959218e-12	5.399454267e-12	5.274211525e-12	5.233142154e-12	4.644757476e-12	5.364187358e-12	4.898558653e-12	5.477523751e-12	4.892228695e-12	5.342484644e-12	5.002023326e-12	4.907752164e-12	5.398851414e-12	5.271498685e-12	5.060801508e-12	5.318370518e-12	5.494629709e-12	2.834389457e-12	2.806884282e-12	2.166804946e-12	2.852098268e-12	2.776590911e-12	2.560618768e-12	2.532887523e-12	2.349544808e-12	2.441404557e-12	2.303125115e-12	2.939587332e-12	2.948253346e-12	2.803041093e-12	2.846521876e-12	2.341029507e-12	2.753983917e-12	2.248566905e-12	2.595282825e-12	2.502142013e-12	2.281723828e-12	2.679380840e-12	2.498524894e-12	3.075530718e-12	2.504704139e-12	2.191898709e-12	1.950380664e-12	2.421887187e-12	2.152185757e-12	2.346304472e-12	2.547958852e-12	2.456023746e-12	2.364917564e-12	2.099285393e-12	2.162057478e-12	2.187829450e-12	2.354442990e-12	2.602517063e-12	2.626179049e-12	2.726478742e-12	2.713140616e-12	2.505005565e-12	2.415105089e-12	2.188583016e-12	2.603798126e-12	2.440801704e-12	1.878791852e-12	1.930863293e-12	2.175772387e-12	2.109307827e-12	2.067409532e-12	1.994916441e-12	2.530551467e-12	1.561163597e-12	1.717001137e-12	1.756864802e-12	2.094236498e-12	2.156104303e-12	2.409905480e-12	1.968541615e-12	2.406815858e-12	2.159495352e-12	2.541478181e-12	2.600557790e-12	2.551349901e-12	2.625802266e-12	2.720902351e-12	2.689327917e-12	2.964002885e-12	5.562299975e-12	5.232991440e-12	5.640595528e-12	5.332160784e-12	5.356199553e-12	5.622736004e-12	6.218731702e-12	5.375490854e-12	5.654536508e-12	5.144447383e-12	5.452957485e-12	5.414450239e-12	5.174137901e-12	5.714369683e-12	5.236081063e-12	5.391089680e-12	5.573528115e-12	5.360042742e-12	2.667323777e-12	2.773878071e-12	2.742002211e-12	2.926927416e-12
2.520529034e-12	2.217595324e-12	2.796183638e-12	2.510205174e-12	2.579683999e-12	2.575539384e-12	2.524372223e-12	2.778022687e-12	2.639517175e-12	2.650142462e-12	2.569058713e-12	2.732733344e-12	3.073119305e-12	2.648183189e-12	2.816831359e-12	2.783674435e-12	2.471019719e-12	2.170572778e-12	2.904245066e-12	2.552404894e-12	2.696110015e-12	3.131445348e-12	2.901682940e-12	2.676441931e-12	2.792114379e-12	2.757224253e-12	3.646206584e-12	3.567232821e-12	3.540707282e-12	3.786445299e-12	3.423452344e-12	3.506570723e-12	3.379067281e-12	3.829926083e-12	3.529554499e-12	3.735579564e-12	3.887799985e-12	3.231217545e-12	2.642531441e-12	3.620736038e-12	3.509434275e-12	3.402277127e-12	3.067090774e-12	2.969880703e-12	3.318254469e-12	3.258345937e-12	3.408983868e-12	3.445757911e-12	3.258798077e-12	3.145160257e-12	3.220064761e-12	3.350356399e-12	3.473865939e-12	3.168822243e-12	2.671769819e-12	2.341481647e-12	2.040130427e-12	2.480288586e-12	2.308023297e-12	2.119782400e-12	2.101093952e-12	2.604024196e-12	2.393628445e-12	2.056030679e-12	2.272153535e-12	2.336884892e-12	2.552706321e-12	2.030861560e-12	1.989867546e-12	2.292273759e-12	2.204257198e-12	2.329876724e-12	2.162358904e-12	2.014207742e-12	2.464312977e-12	2.882466996e-12	2.207648247e-12	2.292123045e-12	2.066806679e-12	2.244497646e-12	2.428141788e-12	2.119405617e-12	2.253239017e-12	1.963191294e-12	2.113452442e-12	2.852248981e-12	2.217519968e-12	2.079089812e-12	2.582472195e-12	2.139751911e-12	2.557679859e-12	2.625877622e-12	2.210135016e-12	2.313976472e-12	2.489557453e-12	3.710561158e-12	6.835759440e-11	4.032334029e-11	7.818176475e-12	2.930619891e-12	2.760916729e-12	2.380365676e-12	1.967185196e-12	2.539066768e-12	2.712010267e-12	2.685936868e-12	2.391367746e-12	2.466875103e-12	2.373583578e-12	2.158817142e-12	2.196118681e-12	2.146609365e-12	2.121063463e-12	2.460846572e-12	1.909009866e-12	2.329123158e-12	1.886628943e-12	2.281799185e-12	2.396642711e-12	1.945934622e-12	2.151432191e-12	2.179088079e-12	2.170271352e-12	1.798461669e-12	1.930712580e-12	2.185342681e-12	2.544718517e-12	2.192426205e-12	1.901775629e-12	2.276072080e-12	2.332288137e-12	2.501765229e-12	1.805093054e-12	2.179841646e-12	1.772312914e-12	2.277428500e-12	2.116617421e-12	1.976227993e-12	2.155878233e-12	2.113301729e-12	2.112322092e-12	2.271852108e-12	2.334850263e-12	2.507793761e-12	2.186096247e-12	2.024983742e-12	2.439671355e-12	2.558885566e-12	3.136644956e-12	3.187962831e-12	2.853454688e-12	2.660164895e-12	2.833334464e-12	2.844336534e-12	3.241842832e-12	3.287358245e-12	3.076736424e-12	3.095952369e-12	3.462261016e-12	3.520888485e-12	3.441462582e-12	3.395268959e-12	3.153675558e-12	2.748106099e-12	3.057369767e-12	3.172665432e-12	3.335737210e-12	3.319384818e-12	3.915606587e-12	3.719830026e-12	3.340635392e-12	3.213885517e-12	3.056088704e-12	2.623616923e-12	3.006730102e-12	3.433097995e-12	2.920672814e-12	2.959858269e-12	3.116600089e-12	2.816906715e-12	3.123758970e-12	3.098062355e-12	3.303107783e-12	2.967770717e-12	2.688574350e-12	2.426182515e-12	2.453235551e-12	2.746448253e-12	2.611107720e-12	2.625124056e-12	2.942074101e-12	2.683073315e-12	2.546150293e-12	2.881939499e-12	2.568154433e-12	2.399506263e-12	1.572391737e-12	2.478856810e-12	2.464915830e-12	2.721505204e-12	2.281271689e-12	2.839589065e-12	2.624069063e-12	2.372754655e-12	2.427689648e-12	2.452180558e-12	2.693698602e-12	2.684128308e-12	2.611409147e-12	2.222192080e-12	2.347133396e-12	2.830546268e-12	2.672146602e-12	2.729266938e-12	2.373734291e-12	2.617889818e-12	2.511184810e-12	2.724218043e-12	2.534470013e-12	2.482097145e-12	2.642757511e-12	2.815474939e-12	2.939436619e-12	2.312695409e-12	2.351504081e-12	2.334096696e-12	2.787291554e-12	2.972292116e-12	2.759258882e-12	2.560694125e-12	2.767472757e-12	2.605455972e-12	2.422565396e-12	2.129201981e-12	2.451426991e-12	2.840870128e-12	2.495510628e-12	2.337487745e-12	2.143821170e-12	2.232214513e-12	2.153165394e-12	2.015112021e-12	2.200941506e-12	2.686012224e-12	1.836516775e-12	2.502217369e-12	2.126112358e-12	2.365821843e-12	1.833577866e-12	2.186548387e-12	1.913681978e-12
2.630172951e-12	2.301844052e-12	2.133949449e-12	2.463634767e-12	2.493777425e-12	2.736049036e-12	2.483754991e-12	2.563783748e-12	2.620451944e-12	2.308550794e-12	2.186322317e-12	2.777043050e-12	2.280819549e-12	2.445925956e-12	2.630775804e-12	2.332438850e-12	2.086248694e-12	2.569661566e-12	2.096421840e-12	1.955052776e-12	1.919333727e-12	1.930185083e-12	1.935761475e-12	2.200338653e-12	1.691455235e-12	1.926341895e-12	1.260264517e-12	1.675856409e-12	1.800420942e-12	2.040130427e-12	1.785877110e-12	2.126338428e-12	2.032368693e-12	1.846237782e-12	2.026943015e-12	1.818431180e-12	2.276976360e-12	2.401691606e-12	2.132969813e-12	2.186322317e-12	1.865529083e-12	1.807655180e-12	1.637801304e-12	2.080672302e-12	1.314445944e-12	1.798084886e-12	2.027244441e-12	1.881956831e-12	2.070197728e-12	2.045480749e-12	2.017372721e-12	2.078863742e-12	2.583301118e-12	1.711274032e-12	1.886026090e-12	2.533264307e-12	2.823312030e-12	2.616382685e-12	1.918580160e-12	2.121741673e-12	2.217444611e-12	2.283607745e-12	2.036664022e-12	2.204709338e-12	2.202297926e-12	2.260774681e-12	2.287827717e-12	2.145328303e-12	1.834858929e-12	2.646977483e-12	1.978488692e-12	2.024456245e-12	2.077959463e-12	1.737950284e-12	1.910818426e-12	1.898836719e-12	1.847368132e-12	1.442326169e-12	1.411053162e-12	1.369607008e-12	1.920765503e-12	1.647748381e-12	1.690249528e-12	1.993560021e-12	1.765380103e-12	1.773970760e-12	1.314370587e-12	2.013680245e-12	1.817451544e-12	1.735086732e-12	1.762893333e-12	1.656037612e-12	1.606076157e-12	1.995142511e-12	2.167106373e-12	3.258195223e-12	7.136198845e-11	4.269511531e-11	9.676245250e-12	3.161286579e-12	2.438691718e-12	2.540799971e-12	2.119104190e-12	2.066053113e-12	1.871859041e-12	2.420681480e-12	2.223322429e-12	2.306968304e-12	2.105238568e-12	2.126338428e-12	1.995971434e-12	1.881655405e-12	2.172305981e-12	2.090393309e-12	1.781355711e-12	1.843298873e-12	1.682789221e-12	1.983537588e-12	1.588141276e-12	1.939152524e-12	1.720618256e-12	1.593491597e-12	1.691003095e-12	2.039376861e-12	2.150980051e-12	2.430251774e-12	2.467930096e-12	2.089489029e-12	2.456099103e-12	2.052941057e-12	2.288430570e-12	2.003808525e-12	1.755659096e-12	2.145328303e-12	2.396039858e-12	2.284512024e-12	2.304180108e-12	2.075020554e-12	1.884820384e-12	1.794618481e-12	1.778115376e-12	1.572165667e-12	1.859349838e-12	2.470718292e-12	2.368383969e-12	2.032368693e-12	2.156179659e-12	1.579399905e-12	1.718056130e-12	1.815718341e-12	2.060552078e-12	1.920162650e-12	1.748500214e-12	1.511428212e-12	1.682111011e-12	2.021894119e-12	2.542608531e-12	2.242689087e-12	1.784219264e-12	1.798989166e-12	1.395981833e-12	1.521902785e-12	2.055804609e-12	2.292424472e-12	1.947667825e-12	1.972686231e-12	2.044425756e-12	1.459206057e-12	1.509770366e-12	1.538858030e-12	2.132140890e-12	2.143971883e-12	2.123776302e-12	1.976152636e-12	2.056181392e-12	2.003356385e-12	1.446546141e-12	1.794015627e-12	2.036136525e-12	1.909386650e-12	1.857691992e-12	1.115579760e-12	1.379403371e-12	1.728078564e-12	1.917073027e-13	2.770863806e-13	4.654026343e-13	1.240370363e-13	6.933564829e-13	6.445253775e-13	-9.449723177e-14	1.471715260e-13	2.685710798e-13	6.165680625e-13	1.204199174e-13	1.880148272e-13	2.010515266e-13	2.973573178e-13	6.065456288e-13	7.902651273e-13	8.384180229e-13	2.818338491e-13	5.788897404e-13	4.289300185e-13	7.594442598e-13	4.576409000e-13	8.380412397e-13	5.461849569e-13	1.059288347e-12	7.739880921e-13	7.106131544e-13	9.014915341e-13	4.761032778e-13	8.760963450e-13	5.909468035e-13	7.595196165e-13	9.592900801e-13	7.098595880e-13	4.031580462e-13	2.938909122e-13	9.980233952e-13	7.718781061e-13	5.961464119e-13	5.514599219e-13	2.680435833e-13	9.033754502e-13	7.094828047e-13	1.817300831e-12	2.065224190e-12	2.312092556e-12	1.625442814e-12	1.702080522e-12	2.564386601e-12	1.930411153e-12	2.370870738e-12	1.943598566e-12	1.939001811e-12	2.280668835e-12	1.554833639e-12	1.858445558e-12	2.174868107e-12	1.384602980e-12	2.069218092e-12	1.646467318e-12	1.381814784e-12	1.848950621e-12	2.060552078e-12	2.221815296e-12	2.069293449e-12	2.043069336e-12	2.521282600e-12
1.320926615e-12	6.638166784e-13	1.053711955e-12	6.473135733e-13	4.341296270e-13	1.074510389e-12	6.700712798e-13	8.971962053e-13	7.075988886e-13	8.072203722e-13	1.015656850e-12	8.054118128e-13	1.172021887e-12	1.315802364e-12	1.428988043e-12	6.672830840e-13	6.164173492e-13	1.117689746e-12	1.250166727e-12	9.169396461e-13	1.054239452e-12	6.852933220e-13	7.918476168e-13	7.588414067e-13	2.432512473e-13	3.732414585e-13	3.813046194e-13	9.758685418e-13	6.741405386e-13	6.207880346e-13	9.419580520e-13	5.157408726e-13	2.660089539e-13	3.210193041e-13	3.616365353e-13	6.036067197e-14	3.287056818e-13	4.758018512e-13	9.306545553e-13	5.880078944e-13	5.638937682e-13	9.597422200e-13	8.713488764e-13	2.221513870e-13	5.026288165e-13	5.600505794e-13	4.649504945e-13	1.912551629e-13	3.691721997e-13	6.973503850e-13	8.623060791e-13	9.302024155e-13	6.629877553e-13	8.695403169e-13	1.117086893e-12	4.590726762e-13	4.399320886e-13	4.446795572e-13	4.240318367e-13	7.950879525e-13	3.946427455e-13	1.012416514e-12	1.106084823e-12	4.440013474e-13	6.191301884e-13	8.387948061e-13	1.264484489e-12	3.665347172e-13	2.459640865e-13	4.141601163e-13	-3.353370665e-14	7.044339096e-13	3.323228007e-13	4.614087322e-13	7.220673643e-13	3.879360041e-13	2.369966459e-13	3.642740179e-13	-9.238724574e-14	9.268867231e-15	3.020294298e-13	3.027076396e-13	-8.447479810e-14	5.402317820e-13	5.742929851e-13	7.253077000e-13	5.299079217e-13	5.100137677e-13	4.376713893e-13	5.739915585e-13	1.004880850e-12	6.392504124e-13	9.614000662e-13	1.096514529e-12	1.277596545e-12	1.549935457e-12	3.253598468e-12	5.089557604e-11	1.542776576e-11	1.154237719e-12	1.177975061e-12	9.012654641e-13	1.140522809e-12	7.712752530e-13	5.910221601e-13	9.133225272e-13	6.522117552e-13	1.026583563e-12	4.794189701e-13	5.386492924e-13	8.581614637e-13	8.247784703e-13	1.077524655e-12	8.734588624e-13	8.990801214e-13	1.043538808e-12	7.993079246e-13	6.388736292e-13	9.656953949e-13	3.855245915e-13	5.033823830e-13	3.359399197e-13	1.093726333e-12	6.832586926e-13	8.360819669e-13	4.929078094e-13	8.481390300e-13	5.988592511e-13	9.378134365e-13	6.360854333e-13	5.733133488e-13	4.578669699e-13	1.117086893e-12	7.990818546e-13	4.615594455e-13	2.211717506e-13	5.825068593e-13	7.705216865e-13	3.136343530e-13	1.811573726e-13	4.835635856e-13	3.044408424e-13	8.833305828e-13	1.153710222e-12	6.279469158e-13	5.873296846e-13	3.556833604e-13	5.268936560e-13	7.883812112e-13	3.818321159e-13	2.284059884e-13	5.391767889e-13	4.941135157e-13	4.690197532e-13	5.950914189e-13	1.339841133e-13	1.867337642e-13	5.487470828e-13	-1.288598615e-14	3.013512200e-13	5.693194466e-13	4.733904386e-13	-1.243384629e-13	-5.636676983e-14	2.940416255e-13	5.887614608e-13	4.008973469e-13	3.067768984e-13	6.917739934e-14	9.201046252e-14	-1.507132883e-16	1.034646724e-13	1.944201419e-13	1.548579037e-13	7.460307772e-15	2.184589114e-13	2.396341284e-14	1.966808413e-13	4.324717808e-13	5.867268314e-13	3.422698778e-13	4.875574877e-13	4.864271380e-13	2.893695136e-14	1.418965609e-13	-1.449108267e-13	1.634485612e-13	3.409888148e-13	-3.085101012e-13	1.862062677e-13	2.306666878e-13	3.689461298e-13	1.066296515e-13	-2.223774569e-13	4.628405084e-13	3.151414859e-13	1.137885327e-14	7.987804281e-15	2.922330660e-13	2.758053176e-14	-5.268936560e-13	1.149188823e-13	-3.187586048e-14	1.639007010e-13	1.178577915e-13	-4.785146904e-14	2.645018210e-14	2.260699325e-15	-5.333743273e-13	2.949459052e-13	-1.405401414e-13	-1.183099313e-14	-3.214714440e-13	-3.867302978e-13	3.761803676e-13	4.553048440e-13	4.523659349e-13	4.158179625e-13	-7.889840643e-14	3.036872760e-14	2.411412613e-14	2.109232470e-13	3.231292901e-13	2.266727856e-13	3.774614306e-13	6.790387205e-13	9.095546950e-14	4.789668303e-13	1.609617919e-13	-3.112229404e-14	4.250114730e-13	4.490502425e-13	2.553836671e-13	5.506309989e-13	6.823544128e-13	5.072255718e-13	6.510814055e-13	5.280993623e-13	5.968999784e-13	3.892170671e-13	3.773860739e-13	8.834812961e-13	7.629860221e-13	8.123446240e-13	7.778312810e-13	1.472468827e-13	1.136378194e-13	7.166416859e-13	7.893608476e-13	6.958432522e-13	6.560549440e-13
8.843102192e-13	1.053259815e-12	1.160266250e-12	4.293821584e-13	4.758018512e-13	5.561320339e-14	-2.315709675e-13	4.763293477e-13	2.731678351e-13	1.822123656e-13	-2.629946881e-14	2.614875552e-14	1.058007284e-13	2.608093454e-13	3.756528711e-13	2.469437229e-13	3.602047591e-13	6.712016295e-13	6.002910274e-13	5.220708307e-13	6.272687060e-13	5.328468308e-13	4.499545223e-13	6.370650697e-13	3.934370391e-13	2.523694013e-13	2.259945758e-13	2.548561705e-13	7.235744972e-13	3.730153886e-13	2.259192192e-13	3.548544373e-13	3.612597521e-13	1.582489527e-15	5.015738235e-13	6.870265248e-13	7.736113089e-13	5.429446212e-13	4.148383261e-13	9.448216044e-13	7.636642319e-13	1.254235985e-12	1.168027984e-12	7.598963997e-13	6.790387205e-13	8.551471979e-13	6.956925389e-13	4.034594728e-13	7.867233650e-14	3.301374581e-13	3.360152763e-13	4.759525645e-13	4.170236688e-13	3.926081161e-13	4.538730678e-13	1.256948825e-13	-3.142372061e-13	3.692475564e-13	2.146910792e-13	9.314081218e-14	2.584732895e-13	6.400793355e-13	-1.515422114e-13	1.013546864e-13	9.467808772e-13	3.553819338e-13	5.547756143e-13	1.145420991e-13	2.782920869e-13	-3.523676681e-13	-5.198101314e-13	-5.240301035e-13	-4.198872212e-13	-5.651748312e-13	-3.446059337e-13	-2.581718629e-13	-1.366969525e-13	-3.308156679e-13	1.753549110e-13	-1.515422114e-13	6.073745519e-14	4.049666057e-13	2.670639469e-13	6.112177408e-13	2.620904084e-13	5.036084529e-13	4.049666057e-13	6.123480904e-13	1.721899319e-13	2.500333453e-13	1.597560856e-13	-3.289317517e-13	-2.030861560e-13	-3.490519757e-13	3.638218780e-13	1.964547713e-13	1.578872408e-12	6.378216504e-11	3.324637177e-11	8.528864986e-13	2.493551355e-13	4.717325924e-14	2.327013172e-13	4.630665783e-13	5.063966487e-13	-4.016509134e-14	2.816077792e-13	-6.442993075e-14	1.354912462e-13	-5.259893762e-14	-8.349516173e-14	4.484473894e-13	4.097894309e-13	3.104693739e-14	4.301357249e-13	8.244770437e-13	6.932057696e-13	3.275753322e-13	5.452806771e-13	4.298342983e-13	2.367705759e-13	2.993919472e-13	3.046669123e-13	3.070029683e-13	5.999896008e-13	5.433967610e-13	4.389524522e-13	5.329221875e-13	3.475448429e-13	7.714259662e-13	1.389275092e-12	5.224476139e-13	5.039098795e-13	5.424924813e-13	5.800954467e-13	6.748187484e-13	3.516894583e-13	4.163454590e-13	4.720340190e-13	3.203410943e-13	3.963005916e-13	5.090341313e-13	3.455855701e-13	5.277225790e-13	1.024699647e-12	6.981039515e-13	1.235095398e-13	5.468631667e-13	5.365393064e-14	3.987873609e-13	5.837879223e-13	2.328520304e-13	6.640427483e-13	4.106937107e-14	3.629929549e-13	3.901213468e-13	5.179262153e-13	-1.816095124e-14	1.810066593e-13	3.178543251e-13	6.150609296e-13	7.517578821e-13	7.754198684e-14	3.528951646e-13	3.720357522e-13	5.365393064e-13	7.290755322e-13	5.715047893e-13	5.011216836e-13	9.947077029e-13	8.603468063e-13	9.060882894e-13	7.856683720e-13	5.721829991e-13	3.013512200e-13	4.638201448e-13	6.764012380e-13	4.241825500e-13	5.913989433e-13	9.876995350e-13	1.380533721e-13	6.523624685e-13	5.938857126e-13	5.518367052e-13	4.764800610e-13	9.070679257e-13	5.525149150e-13	5.468631667e-13	1.054013382e-12	7.705970432e-13	8.277927361e-13	6.771548044e-13	7.443729310e-13	1.012341158e-12	5.100891243e-13	8.254566801e-13	5.675862438e-13	5.237286769e-13	6.968982452e-13	4.265939626e-13	6.269672794e-13	8.503997293e-13	3.991641441e-13	5.816779363e-13	1.014375787e-12	7.016457138e-13	1.407662113e-12	1.174433299e-12	1.086341382e-12	8.114403443e-13	4.107690673e-13	4.551541307e-13	7.200327349e-13	4.323964242e-13	5.244822433e-13	8.806931003e-13	1.023117158e-12	9.672025278e-13	7.292262455e-13	9.528847654e-13	1.005634416e-12	5.278732923e-13	8.491186664e-13	9.540904717e-13	6.490467761e-13	4.091112211e-13	4.405349417e-13	7.098595880e-13	9.796363740e-15	8.011918407e-13	9.511515626e-13	6.601242028e-13	6.988575179e-13	8.071450156e-13	1.223113691e-12	4.765554177e-13	9.643389753e-13	7.718781061e-13	1.155744851e-12	7.414340219e-13	5.800200901e-13	7.626845955e-13	8.559761210e-13	5.950160623e-13	5.012723969e-13	6.372157830e-13	8.662246246e-13	3.871070810e-13	3.438523673e-13	-1.403140714e-13	4.966756416e-13
9.733064159e-13	6.036067197e-13	1.082648907e-12	8.277927361e-13	3.740703816e-13	8.333691277e-13	8.694649603e-13	5.219954741e-13	5.305861315e-13	3.109968704e-13	4.072273050e-13	5.238793902e-13	6.954664689e-13	6.566577972e-13	1.092671340e-13	5.495760058e-13	2.956241150e-13	1.369230224e-13	5.410607051e-13	3.004469403e-13	3.675143536e-13	7.852162321e-13	6.296047619e-13	4.893660472e-13	4.147629694e-13	1.087396375e-13	8.774527646e-13	6.153623562e-13	1.061021550e-13	7.008167907e-14	-3.232800034e-13	4.048912491e-13	3.420438078e-13	9.074447089e-13	1.550839737e-13	4.115979904e-13	-8.515300790e-15	4.796450401e-13	1.313466308e-13	3.024815696e-13	1.921594426e-13	4.508588020e-13	1.325523371e-13	4.557569839e-13	9.118153943e-13	9.491922898e-13	1.223415118e-12	1.007669046e-12	1.223565831e-12	1.153484152e-12	1.162753019e-12	1.477743792e-12	9.289967092e-13	7.638149452e-13	1.084382109e-12	6.705987764e-13	7.604992528e-13	9.575568773e-13	9.949337728e-13	5.299832784e-13	6.109163142e-13	5.326961176e-13	1.295380713e-13	9.202553385e-13	3.849217384e-13	4.507834454e-13	1.030426752e-12	3.346588567e-13	3.134082831e-13	2.407644781e-13	3.728646753e-13	2.659335972e-13	6.843890422e-13	3.793453467e-13	1.075037886e-12	5.525149150e-13	2.021065196e-13	7.552996444e-13	3.355631364e-13	9.198031986e-13	-7.912447637e-14	5.555291807e-13	4.143861862e-13	2.596036391e-13	6.194316150e-14	2.477726460e-13	3.293085350e-14	-2.005993867e-13	-2.486015691e-13	-5.427939079e-13	-1.541043373e-13	4.110704939e-13	2.692492896e-13	3.430988008e-13	6.114438107e-13	-1.529739876e-14	9.206321217e-13	7.843383272e-11	4.768907547e-11	8.499475895e-13	3.325488707e-13	3.774614306e-13	-3.289317517e-13	-1.514668548e-13	1.518436380e-13	2.523694013e-13	2.379009256e-13	2.700028560e-13	3.929095426e-13	-1.462672463e-13	6.617066923e-13	7.460307772e-14	-5.094109145e-14	1.685728130e-13	7.020224970e-13	5.131787467e-13	5.382725092e-13	-5.749711949e-14	4.067751652e-13	3.159704090e-13	3.070029683e-13	3.227525069e-13	4.216204241e-13	2.867320310e-13	3.358645630e-13	4.475431097e-13	5.050402291e-13	4.865778513e-13	3.255407028e-14	5.033823830e-14	-1.449108267e-13	-1.280309384e-13	3.859013747e-13	2.507869118e-13	4.199625779e-13	2.158967855e-13	3.934370391e-13	1.289352182e-13	1.607357220e-13	3.822088992e-13	8.831798695e-14	4.553802006e-13	8.221409878e-14	7.609513927e-13	3.052697655e-13	4.816043128e-13	-2.437787438e-13	2.582472195e-13	-1.439311903e-13	5.037591662e-13	3.114490103e-13	6.051892092e-13	-1.476990225e-14	-1.314219874e-13	-5.943378525e-13	-5.008202571e-13	-1.345869665e-13	-2.464162264e-13	4.131804799e-13	5.716555026e-13	2.834916953e-13	3.925327594e-13	-5.440749708e-14	1.385055120e-13	4.142354729e-13	4.768568442e-13	-2.564386601e-13	-3.496548289e-14	-9.163367930e-14	-1.139392460e-13	2.412166179e-13	2.253917227e-13	5.508570688e-14	1.115278334e-13	-3.203410943e-13	-1.442326169e-13	5.188304950e-13	-2.568907999e-13	2.122796666e-13	-8.816727366e-15	8.892084011e-14	-1.663121137e-13	-3.936631091e-13	2.697014294e-13	-1.311205608e-13	-2.840945485e-14	1.612632185e-13	3.962252350e-13	3.747485914e-13	5.389507190e-13	4.170236688e-13	5.652501878e-13	5.987085378e-13	2.819092058e-13	6.002156707e-13	6.400039788e-13	7.280958959e-13	6.824297695e-13	1.020328962e-13	7.943343861e-13	9.422594785e-13	1.068481858e-12	9.311820519e-13	5.522888450e-13	4.233536269e-13	3.039133459e-13	4.749729281e-13	3.002208703e-13	1.155970921e-13	2.323245339e-13	4.764047044e-13	1.710595822e-14	9.622289892e-13	4.729382987e-13	7.860451552e-13	1.471715260e-13	5.599752227e-13	8.003629176e-13	6.286251256e-13	1.305177077e-13	-3.852231649e-13	-1.501104352e-13	2.984123109e-14	3.889909971e-13	-1.725667151e-14	3.037626326e-13	4.494270258e-13	-2.405384082e-13	2.363184361e-13	3.689461298e-13	3.995409273e-13	1.213995537e-13	1.560636101e-13	4.340542703e-13	2.886159471e-13	-3.132575698e-13	5.279486490e-13	4.599769559e-13	4.042883959e-13	3.888402839e-13	3.334531504e-13	9.649418284e-13	4.421927879e-13	3.530458779e-13	2.455873033e-13	1.660106871e-13	5.685658802e-13	6.711262729e-13	5.673601739e-13	7.705970432e-13	1.011512235e-12
-1.762591907e-13	-2.871841709e-13	-3.026322829e-13	-3.859767314e-13	-1.963040580e-13	-6.873279514e-13	1.954751349e-13	-7.075988886e-14	2.782167302e-13	2.110739603e-13	5.376696561e-13	3.629929549e-13	4.888385507e-13	1.896726733e-13	-5.870282580e-14	3.032351361e-13	1.167274418e-13	-2.586240027e-13	-6.363868599e-13	-5.394028589e-13	-1.951737084e-13	-3.586976262e-13	-1.705320857e-13	-2.855263247e-13	-3.700764795e-13	-4.112965638e-13	-1.909537363e-13	-5.620098521e-13	-4.517630817e-13	1.263730923e-13	2.550822405e-13	-4.137079764e-14	1.049718053e-13	8.093303583e-14	-2.106218204e-13	5.953174888e-15	-5.697715865e-13	-4.706022428e-13	1.213241971e-14	2.841699051e-13	6.103888177e-13	2.366198627e-14	4.428709977e-13	4.357121165e-13	2.821352757e-13	-4.184554450e-13	6.134030834e-14	-3.933616825e-14	4.736165085e-13	4.446042005e-14	2.345098766e-13	1.140899593e-13	3.690214864e-13	2.032368693e-13	3.082086746e-13	7.464075604e-13	2.440048138e-13	4.281764521e-13	4.728629421e-13	1.704567291e-13	3.247871363e-13	2.921577094e-13	3.919299063e-13	4.116733470e-13	3.721111089e-13	4.898181870e-15	5.538713346e-13	1.944954986e-13	1.507132883e-16	2.018050931e-13	3.090375977e-13	3.576426332e-13	-2.184589114e-13	6.917739934e-14	-1.122813998e-14	6.563563706e-14	7.460307772e-15	-3.698504095e-13	1.657846171e-14	2.236585199e-13	5.086573481e-13	3.149907726e-14	6.993096578e-13	3.509358918e-13	3.097911641e-13	4.581683965e-13	3.992395007e-13	2.703796392e-13	4.314921444e-13	9.285445693e-13	4.846185786e-13	1.043764878e-12	1.009477605e-12	4.554555573e-13	6.095598946e-13	7.888333510e-13	9.757178286e-13	1.552301656e-11	5.678635562e-11	1.262374503e-12	3.055711921e-13	-2.241106597e-13	1.233588265e-13	-5.817532929e-14	2.822106324e-13	7.746663019e-14	6.201851814e-14	3.005976535e-13	1.054993018e-13	-8.515300790e-15	3.933616825e-14	4.502559488e-13	1.002318724e-12	3.152921992e-13	4.193597247e-13	3.486751925e-13	4.631419350e-13	2.220760303e-13	5.312643413e-14	5.051909424e-13	-1.336826867e-13	5.794925936e-14	9.193510587e-14	4.830360891e-14	-2.943430521e-13	2.273509954e-13	3.468666331e-13	1.746013445e-13	-3.692475564e-15	-2.996180172e-13	2.494304922e-13	-7.693913368e-14	2.467176530e-13	6.225212374e-13	3.207178775e-13	3.070783249e-13	5.415882016e-13	-8.892084011e-15	7.933547497e-13	2.033122259e-13	1.045950221e-13	-8.598193098e-14	3.810031929e-13	-1.415197777e-13	-4.626897951e-14	1.789720299e-13	4.228261304e-13	2.514651216e-13	1.752041977e-13	-3.938891790e-13	1.718131487e-13	-4.785146904e-14	-6.256862164e-13	-1.066296515e-13	-2.048947155e-13	-4.670604805e-13	1.748274144e-14	2.251656527e-13	6.027777966e-13	-1.043689522e-13	5.040605928e-13	1.072325046e-13	1.467193862e-13	-1.452122533e-13	1.400880015e-13	4.227507737e-13	3.485998359e-13	6.621588322e-13	7.494971828e-13	-4.920788863e-14	-2.763328141e-13	-5.876311111e-13	-4.879342709e-13	7.784341341e-14	4.008973469e-14	-5.059445089e-13	2.070800581e-13	-4.870299912e-13	3.828117523e-14	-1.093424907e-13	1.259209524e-13	-3.485244792e-13	-4.969770682e-13	-2.594529258e-13	-2.803267163e-13	-4.846939352e-13	-1.553100436e-13	1.416704910e-14	-5.017245368e-13	-6.970489585e-14	-3.239582132e-13	1.699292326e-13	-3.014265766e-14	-2.200414009e-14	9.577829472e-14	4.820564527e-13	5.721076424e-13	4.412885082e-13	1.580228828e-13	4.662315574e-13	4.812275296e-13	1.468700995e-13	1.480004491e-13	4.473170397e-13	2.176299883e-13	2.797992198e-13	2.568907999e-13	4.207915010e-13	3.891417104e-13	6.932811263e-14	2.004486735e-13	-5.689426634e-14	-1.032386025e-13	1.761084774e-13	-3.659318640e-13	-9.268867231e-14	7.460307772e-14	-1.782184634e-13	-3.568890667e-13	1.761084774e-13	3.018033599e-13	-1.289352182e-13	4.522905782e-13	9.773756747e-14	4.224493471e-13	-5.388000057e-14	-1.168781551e-13	3.820581859e-14	9.442187513e-14	-2.106971771e-13	-6.736883988e-14	9.419580520e-15	-1.719638620e-13	-2.573429398e-13	2.803267163e-14	2.192878345e-14	-2.015036665e-13	-2.645018210e-13	1.546318338e-13	-2.800252897e-13	-6.345029438e-14	-2.882391639e-13	1.998458203e-13	2.281045619e-13	-3.240335699e-14	5.258386629e-13	7.932793930e-13	1.750534844e-13	9.639621921e-13	5.042113061e-13	8.351776872e-13
1.002996934e-13	-2.594529258e-13	-3.058726186e-13	-3.155936257e-13	-5.499527891e-13	1.681960298e-13	1.642774843e-14	-3.907242000e-13	-2.492797789e-13	-7.392486792e-14	1.189881411e-13	3.091883110e-13	-1.446847568e-13	-2.605832755e-13	-4.305125081e-13	-2.097175407e-13	-4.265186059e-13	-3.440784372e-13	-6.192809017e-13	-7.238005671e-13	-6.328450976e-13	-4.876328443e-13	-2.441555271e-13	-4.764047044e-13	-5.213172643e-13	-6.259876430e-13	-6.657759511e-13	-6.387982725e-13	-7.899637007e-13	-7.193545251e-13	-8.170920926e-13	-6.069977687e-13	-1.290181105e-12	-7.961429455e-13	-4.697733197e-13	-2.298377647e-13	-5.819040062e-13	-6.014967337e-13	-4.394045921e-13	-4.118240603e-13	-5.459588869e-13	-4.807753897e-13	-5.597491528e-13	2.162735687e-14	-1.394097917e-13	-1.120854725e-12	-8.275666661e-13	-4.016509134e-14	-3.263696258e-13	-4.231275569e-13	-1.737724214e-13	-6.446760908e-13	-9.028479537e-13	-6.161912793e-13	-4.747468582e-13	-9.956119826e-13	-4.570380468e-13	-7.048860495e-13	-5.571116703e-13	-5.092602012e-13	8.100839247e-14	-4.949424388e-13	-4.335267738e-13	-5.456574603e-13	-1.200431341e-13	-5.012723969e-13	-4.693965365e-13	3.308156679e-14	-4.600523126e-13	-2.434019606e-14	-4.543252076e-13	-4.002944938e-13	-5.712033627e-14	1.048210920e-13	-7.460307772e-15	1.713610088e-13	-4.070765917e-13	-9.796363740e-16	-9.796363740e-15	1.134117495e-13	-2.213224639e-13	-1.376765889e-13	-3.535733744e-13	-4.144615429e-15	2.042165057e-14	-4.071519484e-13	6.164173492e-14	-4.863517814e-13	-3.553819338e-13	2.684203665e-13	-1.834934285e-13	2.011268833e-13	-6.987821613e-13	1.725667151e-13	-2.366952193e-13	-1.589271625e-13	4.898181870e-15	1.722803599e-12	6.524272752e-11	7.000330816e-12	-5.471645932e-13	-4.549280608e-13	-4.831868023e-13	-3.519155282e-13	-7.556764276e-13	-5.495006492e-13	-7.378169029e-13	-7.702956166e-13	-8.432408481e-13	-1.930637223e-13	-6.051892092e-13	-4.095633610e-13	9.344223876e-15	-5.488224394e-13	-4.970524249e-13	-5.305861315e-13	-8.582368203e-13	-9.335181078e-13	-6.407575453e-13	-3.886142139e-13	-5.263661594e-13	-3.936631091e-13	-5.173987188e-13	-3.933616825e-14	-1.691756661e-13	-4.915513898e-13	-7.987804281e-14	-5.344293204e-13	-2.362430794e-13	-3.505591086e-13	-2.287827717e-13	-2.743735414e-13	-2.975080311e-13	-1.935158622e-13	4.427956411e-13	4.295328717e-15	9.547686815e-14	-9.653186117e-14	1.371490924e-13	-1.729434983e-13	-2.707564225e-13	-2.609600587e-13	-3.148400593e-13	6.149102163e-14	-6.118205939e-13	-2.210210373e-13	-5.649487612e-13	-5.710526494e-13	-5.522134884e-13	-4.317182144e-13	-2.975833878e-13	-3.089622410e-13	-3.129561432e-13	1.238863230e-13	-3.534980177e-13	-2.479233593e-13	8.681085407e-14	-2.868073877e-13	-5.219954741e-13	-1.574953863e-14	3.273492622e-13	-1.672917500e-13	-3.057972620e-13	-3.320967308e-13	3.972802280e-13	1.361694560e-13	-2.765588841e-14	-3.570397800e-13	-1.495829387e-13	-4.122008435e-13	-6.465600069e-14	-3.481476960e-13	-1.317234140e-13	-5.132541034e-13	3.972048714e-13	1.045950221e-13	2.648032476e-13	1.654831906e-13	3.024815696e-13	4.219972073e-15	1.620921416e-13	-8.349516173e-14	-5.270443692e-13	-2.065525616e-13	-3.723371788e-13	-1.403140714e-13	-4.042883959e-13	-1.490554421e-13	-3.995409273e-13	7.513057423e-14	1.836441418e-13	1.710595822e-14	2.196646177e-13	7.490450429e-14	-1.435544071e-13	-7.889840643e-14	2.114507435e-13	-3.153675558e-13	2.483001425e-13	4.596755294e-14	3.255407028e-13	2.559111636e-13	2.102450372e-14	-3.080579613e-13	-4.324717808e-13	-4.688690399e-13	-2.354895130e-13	1.900494566e-13	-3.940398923e-13	-3.675897102e-13	-2.978094577e-13	-6.372157830e-13	-7.253830567e-13	-5.040605928e-13	-6.728594757e-13	-4.183800884e-13	-3.466405631e-13	-5.862746915e-14	-4.540991377e-13	-2.804774296e-13	-4.458099068e-13	-2.403876949e-14	-1.612632185e-13	-3.993902140e-14	-3.896692069e-13	-7.825033929e-13	-6.932811263e-13	-9.081229187e-13	-8.268130997e-13	-1.156046278e-12	-4.618608720e-13	3.519155282e-14	-4.451316970e-13	-8.143792534e-13	-8.169413793e-13	-8.164138828e-13	-9.554468913e-13	-1.174508656e-12	-1.180461831e-12	-9.759438985e-13	-6.621588322e-13	-5.855211251e-13	-5.421910547e-13	-3.947934587e-13	-7.161895461e-13	-6.287758389e-13	-6.559795874e-13	-7.348779938e-13	-8.480636734e-13	-9.623043459e-13	-5.205636978e-13
-1.253708489e-12	-1.134042138e-12	-1.433810868e-12	-1.649707654e-12	-1.566739989e-12	-1.638328801e-12	-1.884820384e-12	-1.609015066e-12	-1.505098254e-12	-1.433509442e-12	-1.380759791e-12	-1.868241922e-12	-1.702005165e-12	-1.800571656e-12	-1.935083265e-12	-1.940885727e-12	-1.699141612e-12	-1.834331432e-12	-1.381287287e-12	-1.290783958e-12	-1.527855960e-12	-1.035249577e-12	-8.219149178e-13	-1.062679396e-12	-9.383409331e-13	-6.883829444e-13	-1.033591731e-12	-9.555976046e-13	-9.944816329e-13	-1.205555593e-12	-1.041956319e-12	-1.351521413e-12	-1.326427650e-12	-1.980146539e-12	-1.467947428e-12	-1.424994141e-12	-1.339313637e-12	-1.295682140e-12	-1.144592068e-12	-8.563529042e-13	-1.170740824e-12	-1.076771088e-12	-1.094781326e-12	-1.047005214e-12	-1.312562028e-12	-1.277069049e-12	-1.237431454e-12	-6.959939654e-13	-3.890663538e-13	-4.703761728e-13	-8.681838973e-13	-8.742877855e-13	-8.527357853e-13	-4.192843681e-13	-4.412131515e-13	-9.332166812e-13	-6.579388601e-13	-6.444500208e-13	-4.600523126e-13	-7.380429729e-13	-5.588448731e-13	-9.879256049e-14	-3.110722271e-13	-2.895202269e-13	-1.544811205e-14	-8.092550016e-13	-9.629825557e-13	-4.865024947e-13	-9.175424993e-13	-1.123567564e-12	-8.238741906e-13	-1.301409245e-12	-1.042031675e-12	-1.566363205e-12	-6.887597276e-13	-5.110687607e-13	-5.816025796e-13	-1.079860711e-12	-9.870213252e-13	-4.524412915e-13	-6.464092936e-13	-3.925327594e-13	-2.092654008e-13	-7.098595880e-13	-2.770110239e-13	-2.016543798e-13	-7.521346653e-13	-6.379693494e-13	-1.036304570e-12	-7.124217139e-13	-7.975747218e-13	-7.553750010e-13	-1.215804097e-12	-1.045799508e-12	-9.656200382e-13	-8.919212402e-13	-4.325471375e-13	8.176195891e-14	7.931128549e-11	5.066144294e-11	-1.234567901e-12	-1.055369801e-12	-1.084608179e-12	-9.759438985e-13	-9.352513106e-13	-1.010005102e-12	-7.216152245e-13	-7.668292109e-13	-5.652501878e-13	-8.073710855e-13	-9.879256049e-13	-8.262102465e-13	-9.425609051e-13	-1.259284881e-12	-1.328839063e-12	-1.066974725e-12	-9.635100522e-13	-1.326653720e-12	-1.366592742e-12	-7.134013502e-13	-9.433144716e-13	-1.206007733e-12	-1.614440744e-12	-6.235762304e-13	-8.626075057e-13	-1.003750500e-12	-1.397715036e-12	-9.811435069e-13	-9.581597305e-13	-9.158846531e-13	-5.853704118e-13	-3.867302978e-13	-1.137885327e-12	-8.660739113e-13	-1.089204935e-12	-1.071948263e-12	-8.811452401e-13	-1.132007509e-12	-9.206321217e-13	-1.190408908e-12	-1.393193637e-12	-8.338212676e-13	-1.393721134e-12	-1.258531314e-12	-1.121834362e-12	-8.669781910e-13	-9.913920105e-13	-7.675827774e-13	-3.661579340e-13	-1.377142672e-12	-1.117840459e-12	-1.165917998e-12	-1.472619540e-12	-1.335847231e-12	-1.634410255e-12	-1.304574224e-12	-1.233588265e-12	-1.242480349e-12	-1.203219537e-12	-1.705999067e-12	-1.432906589e-12	-1.428008407e-12	-1.721748606e-12	-1.515497471e-12	-1.236828601e-12	-1.330647623e-12	-1.392440071e-12	-2.077130540e-12	-1.630190283e-12	-1.415197777e-12	-1.248132097e-12	-1.691907375e-12	-1.303971371e-12	-1.706300494e-12	-1.754453389e-12	-1.877058649e-12	-1.805243767e-12	-1.568096408e-12	-2.166051380e-12	-2.105313924e-12	-1.929808300e-12	-2.294157675e-12	-1.704115151e-12	-1.975248357e-12	-1.469755988e-12	-1.720693613e-12	-1.918730874e-12	-1.837722481e-12	-1.710445109e-12	-2.032293336e-12	-1.969521252e-12	-1.765530816e-12	-2.298905143e-12	-2.147513645e-12	-1.986099713e-12	-1.927095461e-12	-2.307119018e-12	-1.954826706e-12	-2.028902287e-12	-2.208853954e-12	-2.479535019e-12	-2.011871686e-12	-1.893034258e-12	-1.746013445e-12	-1.646467318e-12	-1.666512186e-12	-2.260699325e-12	-1.948195321e-12	-1.276692265e-12	-1.670732158e-12	-1.252502783e-12	-1.520621722e-12	-1.428159120e-12	-1.169535117e-12	-1.565383569e-12	-1.617078227e-12	-1.325674084e-12	-1.805469837e-12	-1.653852269e-12	-1.599520129e-12	-1.753624466e-12	-1.720995039e-12	-9.061636460e-13	-7.875522881e-13	-1.148510614e-12	-7.890594210e-13	-9.900355909e-13	-9.801638706e-13	-1.069687564e-12	-1.384452266e-12	-1.010457242e-12	-1.318515203e-12	-1.416704910e-12	-1.775025753e-12	-1.847895628e-12	-1.130123592e-12	-1.510599289e-12	-1.231026139e-12	-1.203596320e-12	-1.021459312e-12	-9.510762059e-13	-4.890646206e-13	-8.604975196e-13	-3.265203391e-13	-8.840087926e-13	-6.041342162e-13	-8.136256870e-13	-5.874803979e-13	-7.786602041e-13	-7.781327076e-13	-1.507585023e-12
-1.163205159e-12	-1.458678561e-12	-1.865076943e-12	-2.084590847e-12	-1.760029781e-12	-1.594848017e-12	-1.764777250e-12	-1.468022785e-12	-1.960478454e-12	-1.974720860e-12	-2.051659994e-12	-2.411940110e-12	-2.396039858e-12	-2.142615463e-12	-2.253465087e-12	-1.728229277e-12	-2.097100050e-12	-2.151356834e-12	-2.181650205e-12	-2.184212331e-12	-1.613461108e-12	-1.918806230e-12	-1.710294396e-12	-1.938851098e-12	-2.043672190e-12	-1.810518733e-12	-1.855280579e-12	-2.124605225e-12	-1.590326618e-12	-1.949627098e-12	-1.953847070e-12	-1.717679347e-12	-1.493342617e-12	-1.300580322e-12	-1.824459712e-12	-1.597184073e-12	-1.502083988e-12	-1.787308886e-12	-1.976906203e-12	-2.024983742e-12	-2.035835099e-12	-1.858822341e-12	-2.069368805e-12	-2.075849477e-12	-1.968616972e-12	-1.919409083e-12	-2.266803213e-12	-2.402897312e-12	-2.493023859e-12	-1.991751462e-12	-2.422640753e-12	-1.577139206e-12	-1.702834088e-12	-1.642021276e-12	-2.273962094e-12	-1.478195932e-12	-1.583921304e-12	-1.724084662e-12	-1.637650591e-12	-1.473674533e-12	-2.027545868e-12	-1.510071792e-12	-1.875626873e-12	-1.887683936e-12	-1.540214450e-12	-1.452047176e-12	-1.436674421e-12	-1.783088914e-12	-1.884745027e-12	-1.876531153e-12	-1.768319012e-12	-1.419417749e-12	-1.540289807e-12	-1.074736459e-12	-1.834858929e-12	-2.004336021e-12	-1.765681529e-12	-2.072985924e-12	-1.816170481e-12	-1.987757560e-12	-1.975700497e-12	-1.848724551e-12	-1.675705696e-12	-1.857239852e-12	-1.589723765e-12	-2.181348778e-12	-1.490931205e-12	-1.502460771e-12	-1.520772436e-12	-1.490554421e-12	-1.613310395e-12	-1.700573389e-12	-1.446395428e-12	-2.120988106e-12	-1.846313139e-12	-2.137867995e-12	-2.033649756e-12	-1.523560632e-12	1.434790505e-12	5.909400214e-11	-1.491232631e-12	-1.649933724e-12	-1.631320633e-12	-2.093407575e-12	-2.246080136e-12	-1.955278846e-12	-1.929959014e-12	-2.351579438e-12	-2.355648696e-12	-2.139902624e-12	-1.966733056e-12	-1.926643321e-12	-2.500182740e-12	-2.421510403e-12	-2.458962656e-12	-2.293479465e-12	-2.471697928e-12	-2.101546092e-12	-2.552404894e-12	-2.168990289e-12	-2.288355213e-12	-2.405911578e-12	-2.540046405e-12	-1.998834986e-12	-2.069368805e-12	-1.954675993e-12	-2.008857420e-12	-1.840962817e-12	-2.391744529e-12	-2.817961708e-12	-2.419023634e-12	-2.697089651e-12	-2.339145591e-12	-1.657017248e-12	-1.404723204e-12	-1.713760801e-12	-1.389275092e-12	-1.455061442e-12	-1.556265415e-12	-1.937720748e-12	-1.901549559e-12	-1.663121137e-12	-1.626799234e-12	-1.817150117e-12	-1.758145865e-12	-1.270814447e-12	-1.544585135e-12	-1.749555207e-12	-1.838928187e-12	-1.732298536e-12	-1.855732719e-12	-1.337052937e-12	-1.238109664e-12	-1.808258033e-12	-1.407134616e-12	-1.492815121e-12	-1.879997558e-12	-2.033499043e-12	-1.736744578e-12	-1.704868717e-12	-1.993861448e-12	-1.519792799e-12	-1.892883545e-12	-2.052338204e-12	-1.886402873e-12	-1.916093391e-12	-1.753850536e-12	-1.702834088e-12	-1.893863181e-12	-1.810669446e-12	-1.175412936e-12	-1.703512298e-12	-2.085419770e-12	-1.702457305e-12	-2.053091770e-12	-1.331853329e-12	-1.408264966e-12	-1.457924995e-12	-1.937570035e-12	-2.082480861e-12	-2.228823464e-12	-2.063943127e-12	-2.303049759e-12	-2.205387548e-12	-2.141861897e-12	-2.070423798e-12	-2.134175519e-12	-1.925060832e-12	-2.215786765e-12	-2.043973616e-12	-2.420003270e-12	-1.810970872e-12	-1.915791964e-12	-1.942242147e-12	-1.803585921e-12	-1.976077280e-12	-1.951134231e-12	-1.770202928e-12	-1.697860550e-12	-2.140656191e-12	-1.677815682e-12	-1.984894007e-12	-2.152788610e-12	-1.614214675e-12	-1.858596272e-12	-1.633355262e-12	-1.473674533e-12	-1.820013670e-12	-1.879545419e-12	-1.362749553e-12	-1.770278285e-12	-1.961533447e-12	-1.918278734e-12	-1.722652885e-12	-1.902077055e-12	-1.616023234e-12	-2.141334400e-12	-2.161680694e-12	-1.699593752e-12	-1.973515154e-12	-1.558149331e-12	-1.195533160e-12	-1.369531651e-12	-1.280234028e-12	-1.644357332e-12	-1.264333776e-12	-1.549257247e-12	-1.694544857e-12	-1.628984577e-12	-1.685502060e-12	-1.786555320e-12	-1.663648633e-12	-1.546770478e-12	-1.881127908e-12	-2.465141900e-12	-2.033725113e-12	-1.666436829e-12	-2.160927128e-12	-1.743752746e-12	-1.794015627e-12	-2.346304472e-12	-2.030107994e-12	-2.410282263e-12	-2.345023410e-12	-1.954374566e-12	-2.499353817e-12	-2.515856922e-12	-2.742303638e-12	-2.794827219e-12	-2.576895804e-12	-2.954884731e-12
-2.218725674e-12	-2.250902961e-12	-2.216088191e-12	-2.433642823e-12	-2.641024308e-12	-2.125886288e-12	-2.324677116e-12	-2.873122772e-12	-2.838910855e-12	-2.600859216e-12	-2.960536479e-12	-3.204692006e-12	-2.732055134e-12	-3.030693515e-12	-2.559563775e-12	-2.661672028e-12	-2.997159808e-12	-2.968373570e-12	-2.606284895e-12	-3.189771391e-12	-3.270553713e-12	-2.555569873e-12	-3.327598693e-12	-2.758128533e-12	-2.467327243e-12	-2.885556618e-12	-2.705152812e-12	-3.026322829e-12	-2.764759917e-12	-3.081408536e-12	-2.540950684e-12	-2.968072143e-12	-3.092485963e-12	-3.079599977e-12	-3.018033599e-12	-3.409436008e-12	-3.094219166e-12	-3.113510467e-12	-2.750291442e-12	-3.045614130e-12	-3.083443166e-12	-3.285926468e-12	-3.225038300e-12	-3.066487921e-12	-3.613049661e-12	-3.230162552e-12	-3.343498945e-12	-3.487053352e-12	-3.523525968e-12	-3.235889657e-12	-3.579440597e-12	-2.752024645e-12	-3.215468006e-12	-2.950890829e-12	-2.851495415e-12	-3.155860901e-12	-3.175152202e-12	-3.159854803e-12	-3.109215138e-12	-3.295119979e-12	-3.353596735e-12	-3.642137325e-12	-3.779587844e-12	-3.499788625e-12	-3.622243171e-12	-2.988569151e-12	-3.071536816e-12	-2.948705486e-12	-2.761896365e-12	-2.813289596e-12	-3.415163113e-12	-2.973723892e-12	-2.919617821e-12	-2.923988507e-12	-3.009141515e-12	-3.273492622e-12	-2.918864255e-12	-3.123909684e-12	-3.210871251e-12	-3.315014133e-12	-3.146592033e-12	-2.473958628e-12	-3.458267114e-12	-3.235211447e-12	-3.132952481e-12	-3.087889208e-12	-3.475599142e-12	-3.283138273e-12	-3.079901403e-12	-3.388863644e-12	-3.369572344e-12	-3.625483507e-12	-3.224887587e-12	-3.214337657e-12	-2.985404172e-12	-3.250433489e-12	-3.176960761e-12	-2.902587220e-12	-1.247830671e-12	6.118537508e-11	-3.430535869e-12	-3.041544871e-12	-3.392932903e-12	-2.953302241e-12	-2.955638297e-12	-2.944485514e-12	-3.216221573e-12	-3.251639195e-12	-3.419835225e-12	-3.094746662e-12	-3.562108569e-12	-3.226997573e-12	-2.739666155e-12	-2.776289484e-12	-3.093013459e-12	-3.463089939e-12	-3.633019171e-12	-3.363242385e-12	-3.092033823e-12	-3.647110864e-12	-3.355028511e-12	-2.775686631e-12	-2.620376587e-12	-3.138905656e-12	-2.924591360e-12	-3.041695585e-12	-2.869430296e-12	-2.366952193e-12	-2.828285569e-12	-2.615478405e-12	-2.896860115e-12	-2.745167190e-12	-2.955412227e-12	-2.304707605e-12	-2.274866374e-12	-2.821202044e-12	-3.123005404e-12	-3.070858606e-12	-2.645093567e-12	-2.632735077e-12	-2.900854017e-12	-2.800177540e-12	-3.081107110e-12	-2.816680645e-12	-2.795279358e-12	-2.689855413e-12	-2.386695634e-12	-2.774933064e-12	-2.885104478e-12	-2.853153261e-12	-2.174114541e-12	-2.578327580e-12	-2.750065372e-12	-3.179522887e-12	-3.137398523e-12	-2.833183750e-12	-2.974703528e-12	-2.671393035e-12	-2.607038461e-12	-3.141844565e-12	-2.612087356e-12	-2.618794098e-12	-3.058500116e-12	-2.430477844e-12	-2.263261451e-12	-2.777043050e-12	-2.923234940e-12	-2.669961259e-12	-2.631604727e-12	-2.142238680e-12	-2.713140616e-12	-3.040489878e-12	-2.750743582e-12	-2.950815472e-12	-3.013210773e-12	-2.756998183e-12	-2.843206184e-12	-2.950589402e-12	-2.263939660e-12	-2.686615078e-12	-2.634392923e-12	-2.692116113e-12	-2.467402600e-12	-2.196269394e-12	-2.401766963e-12	-2.705981735e-12	-2.472451495e-12	-2.269139269e-12	-2.518494404e-12	-1.887834649e-12	-2.833635890e-12	-2.280593479e-12	-2.480891439e-12	-2.474787551e-12	-2.746448253e-12	-2.944485514e-12	-2.415557228e-12	-2.763102071e-12	-2.258438625e-12	-2.158892498e-12	-2.387599913e-12	-2.567777650e-12	-2.171100275e-12	-2.397471634e-12	-2.418571494e-12	-2.755943190e-12	-2.183006625e-12	-2.066957393e-12	-1.953319573e-12	-2.405760865e-12	-2.484659271e-12	-2.250601534e-12	-2.584883608e-12	-2.600934573e-12	-2.651724951e-12	-2.493099215e-12	-2.145780442e-12	-2.024908385e-12	-2.107574624e-12	-1.993786091e-12	-2.447960585e-12	-2.406665144e-12	-2.356025480e-12	-1.857013782e-12	-2.307119018e-12	-2.342611997e-12	-2.191672639e-12	-1.968390902e-12	-1.791905641e-12	-2.115034932e-12	-2.067183463e-12	-2.622486573e-12	-2.564160531e-12	-2.425956445e-12	-2.572826545e-12	-2.304481535e-12	-2.639291105e-12	-2.425881089e-12	-2.601462070e-12	-2.329952081e-12	-2.696712868e-12	-2.553685957e-12	-2.421887187e-12	-2.313147549e-12	-2.539971048e-12	-2.389709900e-12	-2.156330373e-12	-2.986835948e-12	-2.729643721e-12	-2.562502685e-12	-2.623240140e-12
-1.645713752e-12	-1.935912188e-12	-2.208401814e-12	-2.425504306e-12	-2.428970711e-12	-2.633413287e-12	-2.339974514e-12	-1.888060719e-12	-1.899816356e-12	-1.990771825e-12	-2.069594875e-12	-1.910592356e-12	-1.906070957e-12	-1.886553586e-12	-1.626648521e-12	-1.646693388e-12	-1.609165779e-12	-2.280894905e-12	-1.844278509e-12	-1.846915992e-12	-1.705546927e-12	-1.556943625e-12	-1.755659096e-12	-2.142163323e-12	-2.178560583e-12	-2.016468441e-12	-1.994012161e-12	-1.816924047e-12	-2.117747771e-12	-2.155802876e-12	-2.535223579e-12	-2.174943464e-12	-2.116165281e-12	-2.276222793e-12	-1.842922090e-12	-2.238695185e-12	-2.904546492e-12	-2.381420669e-12	-2.283306318e-12	-2.208627884e-12	-1.864398733e-12	-2.302672976e-12	-2.227768471e-12	-1.914661615e-12	-2.401088753e-12	-2.496113481e-12	-2.219328527e-12	-2.112849589e-12	-2.284135241e-12	-2.663254518e-12	-2.694376812e-12	-2.657904196e-12	-2.632282937e-12	-2.354895130e-12	-2.441479914e-12	-2.580060783e-12	-2.139149058e-12	-1.986551853e-12	-2.680134406e-12	-2.640270741e-12	-3.046443053e-12	-2.982239193e-12	-2.786387274e-12	-2.806959638e-12	-2.958049710e-12	-2.919994604e-12	-2.833259107e-12	-3.124587893e-12	-2.734994043e-12	-2.683374742e-12	-2.833635890e-12	-2.918336758e-12	-2.627610825e-12	-2.828360925e-12	-2.603496699e-12	-2.717888085e-12	-2.732657987e-12	-2.721505204e-12	-2.670187329e-12	-2.851043275e-12	-2.435677452e-12	-2.828737708e-12	-2.735069400e-12	-2.897915108e-12	-2.924892786e-12	-2.968524283e-12	-2.870636003e-12	-2.646449986e-12	-2.473205061e-12	-2.447508446e-12	-2.378557116e-12	-2.843507611e-12	-2.842226548e-12	-3.039811669e-12	-2.611107720e-12	-3.132500341e-12	-3.129862858e-12	-2.787743694e-12	-1.165616572e-12	5.732410064e-11	-2.836800869e-12	-3.105447306e-12	-3.061212956e-12	-3.152319138e-12	-2.773576645e-12	-3.092561320e-12	-3.223907950e-12	-3.552990415e-12	-2.886234828e-12	-3.094822019e-12	-2.717963441e-12	-3.434152988e-12	-3.038153823e-12	-3.267539447e-12	-2.906581122e-12	-2.956467220e-12	-3.089170271e-12	-3.716665046e-12	-3.008387948e-12	-2.605832755e-12	-2.889927303e-12	-3.232800034e-12	-3.087286354e-12	-2.813214240e-12	-3.240712482e-12	-3.261963056e-12	-3.366859504e-12	-3.182311083e-12	-2.928509905e-12	-3.380122274e-12	-2.798293624e-12	-2.786990128e-12	-3.283138273e-12	-2.431834264e-12	-3.252317405e-12	-2.960762549e-12	-3.141166355e-12	-3.731661019e-12	-3.680719927e-12	-3.832789635e-12	-3.465576708e-12	-3.271834776e-12	-3.294215699e-12	-3.128506439e-12	-3.283062916e-12	-3.090903473e-12	-3.183441432e-12	-2.603873482e-12	-2.678853343e-12	-3.087210998e-12	-3.400242498e-12	-3.155936257e-12	-3.077640704e-12	-3.204541293e-12	-3.040414522e-12	-2.791285456e-12	-3.004544759e-12	-3.058047977e-12	-2.564235887e-12	-3.154956621e-12	-2.935141290e-12	-2.858805009e-12	-2.790079750e-12	-2.828586995e-12	-2.891886576e-12	-2.958125066e-12	-2.882843779e-12	-3.133706047e-12	-2.723916616e-12	-2.656321707e-12	-2.739741512e-12	-2.442911690e-12	-2.742002211e-12	-2.686841147e-12	-2.953226885e-12	-2.598297091e-12	-2.179389506e-12	-2.318874654e-12	-3.169123670e-12	-2.815625652e-12	-2.665063077e-12	-2.900854017e-12	-3.051868732e-12	-2.669207693e-12	-2.398903410e-12	-2.506512698e-12	-2.534017873e-12	-2.313750402e-12	-2.681792252e-12	-2.817132785e-12	-2.623164783e-12	-2.763855638e-12	-2.566722657e-12	-2.365294347e-12	-2.851570772e-12	-2.935819500e-12	-3.275301182e-12	-3.374621239e-12	-3.572206360e-12	-3.027453179e-12	-3.301600650e-12	-3.317877686e-12	-2.980958130e-12	-3.216221573e-12	-2.904546492e-12	-3.072365739e-12	-3.108989068e-12	-3.355179224e-12	-3.498582918e-12	-3.079373907e-12	-3.080730326e-12	-2.961214689e-12	-3.529780569e-12	-3.669416431e-12	-3.547715450e-12	-3.265504818e-12	-3.111325124e-12	-2.913363220e-12	-3.253523112e-12	-3.063322942e-12	-3.153223418e-12	-2.770185596e-12	-3.208309125e-12	-2.986835948e-12	-2.636879692e-12	-2.856092170e-12	-2.484282488e-12	-2.911328590e-12	-2.871766352e-12	-2.333418486e-12	-2.410131550e-12	-2.187301953e-12	-2.345927689e-12	-2.492873145e-12	-2.750668225e-12	-2.637256476e-12	-2.534093230e-12	-2.149548275e-12	-2.399506263e-12	-1.922875489e-12	-1.875777586e-12	-1.842696020e-12	-1.961910231e-12	-1.635314535e-12	-1.889040356e-12	-1.944427489e-12	-2.043295406e-12	-2.348941955e-12	-2.421962543e-12	-2.555871300e-12	-2.423469676e-12
-2.373960361e-12	-2.555268447e-12	-2.057688525e-12	-2.282778821e-12	-1.993333951e-12	-2.119933113e-12	-2.210210373e-12	-2.140806904e-12	-2.088434036e-12	-1.841038173e-12	-2.502217369e-12	-2.103882148e-12	-2.135381225e-12	-2.280065982e-12	-1.391686504e-12	-2.013077392e-12	-1.665231123e-12	-2.198756163e-12	-2.168161366e-12	-2.287601647e-12	-2.643661790e-12	-2.025963378e-12	-2.415632585e-12	-2.391895242e-12	-2.676592644e-12	-2.131914820e-12	-2.433868893e-12	-2.102751799e-12	-2.194159408e-12	-1.896952803e-12	-2.252485451e-12	-1.836366061e-12	-1.579324548e-12	-1.859952691e-12	-2.062511351e-12	-2.042993980e-12	-2.458209089e-12	-2.148191855e-12	-1.826720411e-12	-1.286036489e-12	-1.237130027e-12	-1.315877720e-12	-1.748801641e-12	-1.555511849e-12	-1.676609976e-12	-1.619037500e-12	-1.906975237e-12	-1.704265864e-12	-1.611351122e-12	-1.722652885e-12	-1.793262061e-12	-1.635540605e-12	-1.387994029e-12	-1.143461718e-12	-1.519265303e-12	-1.446546141e-12	-1.614591458e-12	-1.592662674e-12	-1.751213054e-12	-2.236057702e-12	-2.190165506e-12	-2.196570821e-12	-1.570055681e-12	-1.585202367e-12	-1.673746423e-12	-2.019708777e-12	-2.188658373e-12	-1.974042650e-12	-2.190617646e-12	-2.201921142e-12	-1.875852943e-12	-1.991676105e-12	-1.820691879e-12	-2.174039184e-12	-2.183006625e-12	-2.041034707e-12	-1.783917837e-12	-1.935460049e-12	-1.729133557e-12	-1.952490650e-12	-1.815040131e-12	-1.665984689e-12	-1.794543124e-12	-1.520471009e-12	-1.953696356e-12	-1.769223292e-12	-1.936816468e-12	-2.005767798e-12	-2.199057590e-12	-2.464991187e-12	-2.168839576e-12	-1.920011936e-12	-2.125810932e-12	-2.310886850e-12	-1.999814623e-12	-1.922800132e-12	-2.079165169e-12	-2.016242371e-12	-1.633656689e-12	8.152157122e-11	-1.991073252e-12	-2.356251550e-12	-1.838551404e-12	-1.851362034e-12	-2.284587381e-12	-1.968918399e-12	-2.607565958e-12	-2.143595100e-12	-1.591683038e-12	-2.038547938e-12	-2.319703577e-12	-2.799725400e-12	-2.513822292e-12	-2.091071519e-12	-1.536295904e-12	-1.681282088e-12	-1.839003544e-12	-2.086097980e-12	-2.105238568e-12	-1.991374679e-12	-2.106218204e-12	-2.418043998e-12	-3.129486075e-12	-2.781715162e-12	-3.160080873e-12	-3.226319363e-12	-3.176282551e-12	-2.971312479e-12	-2.947725850e-12	-2.534922153e-12	-2.966263584e-12	-3.100549124e-12	-2.613443776e-12	-2.971613906e-12	-2.779981960e-12	-2.918638185e-12	-2.562879468e-12	-2.671317679e-12	-2.504327355e-12	-2.307797227e-12	-1.837571768e-12	-2.128222344e-12	-1.973665867e-12	-2.264391800e-12	-2.187000527e-12	-1.816471907e-12	-2.540046405e-12	-2.496038124e-12	-2.624295133e-12	-2.726704812e-12	-2.955336871e-12	-2.321361423e-12	-2.366500053e-12	-2.388504193e-12	-2.215862121e-12	-2.114055295e-12	-1.968843042e-12	-2.165523883e-12	-2.278784919e-12	-2.111643883e-12	-2.460243718e-12	-2.313675046e-12	-1.934857195e-12	-1.816547264e-12	-2.194762261e-12	-2.226788835e-12	-2.453536977e-12	-2.884350912e-12	-2.404931942e-12	-2.354292277e-12	-2.470944362e-12	-2.591741063e-12	-2.063415630e-12	-2.077658036e-12	-1.955806342e-12	-2.101244666e-12	-1.855280579e-12	-1.372847343e-12	-1.671937864e-12	-1.893561754e-12	-1.850080971e-12	-1.522656352e-12	-1.781431068e-12	-1.662819710e-12	-1.912777699e-12	-2.126413785e-12	-2.055201756e-12	-2.036287238e-12	-2.472074712e-12	-2.113075659e-12	-2.440952418e-12	-2.115336358e-12	-2.058668162e-12	-2.421736473e-12	-2.283230961e-12	-2.366273983e-12	-2.375090711e-12	-2.192878345e-12	-2.023928749e-12	-2.427614292e-12	-2.096421840e-12	-2.404705872e-12	-2.175018820e-12	-2.006973504e-12	-2.139450484e-12	-1.931918286e-12	-2.682093679e-12	-2.497620614e-12	-2.772898435e-12	-2.422113257e-12	-2.505382348e-12	-2.300186206e-12	-2.524673649e-12	-2.117220274e-12	-2.322265703e-12	-2.422414683e-12	-2.662124168e-12	-2.778248757e-12	-2.327992808e-12	-1.895219601e-12	-2.202222569e-12	-1.915038398e-12	-2.031991910e-12	-2.375467494e-12	-2.308701507e-12	-2.624295133e-12	-2.664309511e-12	-2.731150854e-12	-2.533038237e-12	-2.401465536e-12	-2.205764331e-12	-2.964530381e-12	-2.765513484e-12	-3.023760703e-12	-2.883371275e-12	-2.617513035e-12	-2.075774120e-12	-2.108026764e-12	-2.596940671e-12	-3.076811781e-12	-2.857147163e-12	-2.782167302e-12	-2.844637960e-12	-2.659562042e-12	-2.391518459e-12	-2.251204388e-12	-2.412467606e-12	-3.006654745e-12	-2.270118905e-12	-2.848707219e-12	-2.787065484e-12
-2.430327131e-12	-2.601311356e-12	-2.327013172e-12	-2.673879805e-12	-2.677421567e-12	-2.853530044e-12	-2.520830460e-12	-2.488125677e-12	-2.401164109e-12	-2.101621449e-12	-2.047063239e-12	-1.458753918e-12	-2.191521925e-12	-2.229426317e-12	-2.546677789e-12	-1.760632634e-12	-1.820390453e-12	-1.984140441e-12	-2.393703802e-12	-2.404856585e-12	-1.785651040e-12	-2.009384916e-12	-1.577591345e-12	-1.616173947e-12	-1.630642423e-12	-1.622956045e-12	-1.956258482e-12	-2.014509168e-12	-1.859425195e-12	-1.804038061e-12	-1.384075483e-12	-1.430118393e-12	-1.482340547e-12	-1.669827878e-12	-1.795296690e-12	-1.937645391e-12	-2.118576694e-12	-1.719261836e-12	-1.969671965e-12	-1.830940383e-12	-2.047741448e-12	-1.943372496e-12	-2.118576694e-12	-2.313373619e-12	-2.561372335e-12	-2.298829787e-12	-2.396491998e-12	-1.678870675e-12	-1.754453389e-12	-1.947667825e-12	-1.841867097e-12	-1.993107881e-12	-2.210210373e-12	-2.287074150e-12	-2.271249255e-12	-1.939529307e-12	-2.472451495e-12	-2.120083827e-12	-2.575237957e-12	-2.301241199e-12	-2.430477844e-12	-2.324677116e-12	-2.240051604e-12	-1.877510789e-12	-2.568079076e-12	-2.164092107e-12	-1.922724776e-12	-2.295664808e-12	-2.027998008e-12	-2.399958403e-12	-2.696336085e-12	-2.524899719e-12	-2.550520978e-12	-2.268159633e-12	-2.146609365e-12	-1.741265977e-12	-2.299809423e-12	-2.135079799e-12	-1.898459936e-12	-1.413539931e-12	-1.831091096e-12	-1.714740438e-12	-2.429648921e-12	-2.704248532e-12	-2.080898372e-12	-1.937419321e-12	-1.727927851e-12	-2.373056081e-12	-1.976981559e-12	-2.322416416e-12	-2.198153310e-12	-2.161153198e-12	-1.870653335e-12	-1.781958564e-12	-1.480833414e-12	-1.907728803e-12	-1.296963203e-12	-1.083854613e-12	-7.460307772e-13	1.261470223e-12	5.951788326e-11	-1.658675095e-12	-1.496507596e-12	-1.528760240e-12	-1.445189722e-12	-9.401494925e-13	-1.048286277e-12	-1.297113916e-12	-1.345945021e-12	-2.096572554e-12	-1.716096857e-12	-1.908934510e-12	-1.935083265e-12	-2.160776415e-12	-2.202599352e-12	-1.682939934e-12	-1.525218478e-12	-1.903282761e-12	-1.893787824e-12	-2.097476833e-12	-2.319552864e-12	-1.715192578e-12	-2.327465311e-12	-2.593926405e-12	-2.066053113e-12	-2.171703128e-12	-1.996348217e-12	-2.367555046e-12	-2.569962992e-12	-2.547582069e-12	-1.976680133e-12	-2.062209924e-12	-2.130030904e-12	-2.182705198e-12	-2.329876724e-12	-2.849536142e-12	-3.061363669e-12	-2.384661004e-12	-1.760481921e-12	-1.663121137e-12	-2.117973841e-12	-2.431306767e-12	-2.218198177e-12	-2.405610151e-12	-1.939906091e-12	-2.352257647e-12	-2.427614292e-12	-2.197399744e-12	-1.795673474e-12	-2.133874093e-12	-2.258061842e-12	-2.095818987e-12	-1.932219713e-12	-1.919107657e-12	-2.330931717e-12	-2.167784582e-12	-1.661538647e-12	-2.080220162e-12	-1.868015852e-12	-1.944578202e-12	-2.075924833e-12	-1.870201195e-12	-2.071780218e-12	-1.843826369e-12	-1.365085609e-12	-1.441647959e-12	-1.549634030e-12	-1.695901277e-12	-1.606151514e-12	-1.794090984e-12	-1.904639181e-12	-2.074643770e-12	-2.209456807e-12	-2.414050096e-12	-1.753247683e-12	-2.227768471e-12	-1.787534956e-12	-1.760783347e-12	-2.097326120e-12	-1.914510901e-12	-2.017222007e-12	-1.691907375e-12	-1.827097194e-12	-2.174792750e-12	-1.958293112e-12	-2.060853504e-12	-1.801249865e-12	-1.823103292e-12	-2.166654233e-12	-2.013680245e-12	-1.471413834e-12	-1.699593752e-12	-1.316254504e-12	-1.341272909e-12	-1.935610762e-12	-1.719563263e-12	-1.720015403e-12	-1.941563937e-12	-1.783917837e-12	-1.815040131e-12	-1.806750900e-12	-1.902453838e-12	-1.936515042e-12	-1.968767685e-12	-2.069519519e-12	-1.831693950e-12	-1.716322927e-12	-1.405326057e-12	-1.796200970e-12	-1.656339039e-12	-2.248265478e-12	-1.935083265e-12	-2.309982570e-12	-2.761368869e-12	-2.165599240e-12	-2.673804448e-12	-2.625124056e-12	-2.946972283e-12	-2.299131213e-12	-2.278709563e-12	-2.333870626e-12	-2.690835050e-12	-2.624295133e-12	-2.179163436e-12	-2.261151465e-12	-2.632433650e-12	-2.459716222e-12	-2.087529756e-12	-2.243894793e-12	-1.844730649e-12	-1.799592019e-12	-2.142540107e-12	-2.167106373e-12	-1.820164383e-12	-1.940961084e-12	-1.953168860e-12	-1.755131599e-12	-2.149171491e-12	-2.072383071e-12	-2.375316780e-12	-2.085871910e-12	-2.152939324e-12	-2.128146988e-12	-1.808710173e-12	-2.164921030e-12	-1.745109165e-12	-1.951661727e-12	-1.824761138e-12	-1.497713303e-12	-2.093407575e-12	-1.675253556e-12
-1.248961020e-12	-1.844655292e-12	-2.035081532e-12	-2.060175295e-12	-2.364616137e-12	-2.360772948e-12	-2.190693002e-12	-1.655359402e-12	-1.575858143e-12	-2.287149507e-12	-1.512106422e-12	-2.248265478e-12	-1.978714762e-12	-1.812176579e-12	-2.046837169e-12	-1.879846845e-12	-2.072759854e-12	-1.894616747e-12	-2.000342119e-12	-2.548486349e-12	-2.408021564e-12	-2.171401701e-12	-2.385715997e-12	-2.600934573e-12	-2.602893846e-12	-2.087831183e-12	-2.176450597e-12	-2.531832530e-12	-2.591364279e-12	-2.383078515e-12	-2.296719801e-12	-2.197851884e-12	-2.202297926e-12	-2.681867609e-12	-2.955110801e-12	-2.560091272e-12	-2.434923886e-12	-2.215259268e-12	-1.866131936e-12	-2.487296754e-12	-1.965979489e-12	-1.437955484e-12	-1.907125950e-12	-1.820315096e-12	-1.626045668e-12	-1.713836158e-12	-2.090091882e-12	-2.569586209e-12	-2.596940671e-12	-2.252334737e-12	-2.133798736e-12	-2.243216583e-12	-2.207949674e-12	-1.987154706e-12	-2.136511575e-12	-2.166428163e-12	-1.653023346e-12	-1.909989503e-12	-1.858445558e-12	-2.047590735e-12	-2.573806181e-12	-2.140731547e-12	-2.279161703e-12	-2.484659271e-12	-2.525653286e-12	-2.927680982e-12	-2.814419946e-12	-3.043127361e-12	-2.714120253e-12	-2.437712082e-12	-2.326636388e-12	-2.172456694e-12	-2.301844052e-12	-2.127393421e-12	-2.510205174e-12	-2.175923100e-12	-2.473205061e-12	-2.520001537e-12	-2.975381738e-12	-2.873876338e-12	-3.246062804e-12	-2.894750129e-12	-2.840191918e-12	-2.659712756e-12	-2.751873931e-12	-2.114206008e-12	-2.046158959e-12	-2.448186655e-12	-2.536806069e-12	-2.682696532e-12	-2.247888695e-12	-2.326561032e-12	-2.490763159e-12	-1.955354203e-12	-2.507266264e-12	-2.330781004e-12	-2.312167913e-12	-2.659260616e-12	-1.913681978e-12	-1.021836095e-13	7.069847320e-11	-2.317819661e-12	-2.279010989e-12	-2.661672028e-12	-2.039226148e-12	-2.104108218e-12	-2.339296305e-12	-2.358210822e-12	-2.429347494e-12	-2.080747658e-12	-1.879243992e-12	-2.332288137e-12	-2.070649868e-12	-1.822123656e-12	-1.839304971e-12	-2.098305757e-12	-1.940659657e-12	-1.723029669e-12	-2.856393597e-12	-2.389935969e-12	-2.182177702e-12	-2.064470623e-12	-1.796502397e-12	-2.047138595e-12	-1.796728467e-12	-1.708410480e-12	-1.770579711e-12	-1.489424072e-12	-1.479401638e-12	-1.991600748e-12	-1.456794645e-12	-1.570131038e-12	-2.219027101e-12	-1.813683712e-12	-2.082405505e-12	-2.170346708e-12	-2.301241199e-12	-2.075849477e-12	-2.238695185e-12	-2.000342119e-12	-2.013604889e-12	-2.789476897e-12	-2.743433987e-12	-2.334850263e-12	-2.268461059e-12	-2.577950797e-12	-1.788816019e-12	-1.799742732e-12	-2.020839126e-12	-2.408322991e-12	-2.641401091e-12	-2.175244890e-12	-2.119857757e-12	-1.533959848e-12	-1.834406789e-12	-1.607583290e-12	-2.012926679e-12	-2.299206570e-12	-2.185191967e-12	-2.055126399e-12	-2.033574399e-12	-2.267481423e-12	-1.775477893e-12	-1.559128968e-12	-2.137491212e-12	-1.891677838e-12	-1.714439011e-12	-2.163866037e-12	-1.372847343e-12	-1.870351908e-12	-1.952113867e-12	-2.299583353e-12	-2.168839576e-12	-2.752250715e-12	-2.227693115e-12	-2.263562877e-12	-2.637557902e-12	-2.206668611e-12	-2.287149507e-12	-2.649916392e-12	-2.131236610e-12	-2.761745652e-12	-2.714723106e-12	-2.592796056e-12	-2.849460786e-12	-2.574258321e-12	-2.542759244e-12	-2.734165120e-12	-2.549089202e-12	-2.788874044e-12	-2.600557790e-12	-2.362656864e-12	-2.438767075e-12	-2.736049036e-12	-2.220157450e-12	-2.452858767e-12	-2.387449200e-12	-1.984592581e-12	-3.246665657e-12	-2.665816644e-12	-2.781112309e-12	-2.747804673e-12	-2.847953653e-12	-3.049005179e-12	-2.501765229e-12	-2.727006239e-12	-3.247042440e-12	-2.695205735e-12	-2.643511077e-12	-2.953000815e-12	-3.381629407e-12	-2.429347494e-12	-2.547205286e-12	-3.028206745e-12	-2.683751525e-12	-2.828813065e-12	-2.834690883e-12	-2.387675270e-12	-2.867697093e-12	-2.765438127e-12	-2.649916392e-12	-2.417667215e-12	-2.875534184e-12	-3.116976872e-12	-3.093767026e-12	-2.793772226e-12	-2.654211721e-12	-2.753908561e-12	-2.767322043e-12	-3.170706160e-12	-2.936723779e-12	-3.442894358e-12	-3.107708005e-12	-2.477651103e-12	-2.868978156e-12	-2.522488307e-12	-2.676894070e-12	-2.969503920e-12	-2.633639357e-12	-2.181273422e-12	-2.505533062e-12	-2.260171828e-12	-2.818941345e-12	-2.391669172e-12	-2.652403161e-12	-2.617814461e-12	-2.674105875e-12	-2.280216696e-12	-2.130709114e-12	-2.513445509e-12	-2.632810434e-12
-2.710879917e-12	-2.682093679e-12	-2.228446681e-12	-2.467176530e-12	-2.390388109e-12	-2.339220948e-12	-2.906505765e-12	-2.911856087e-12	-2.582773622e-12	-3.014868619e-12	-2.481720362e-12	-2.523844726e-12	-2.434321033e-12	-2.536579999e-12	-2.159947491e-12	-2.313298262e-12	-2.234249143e-12	-2.369966459e-12	-3.015923612e-12	-2.346304472e-12	-2.582246125e-12	-1.853547376e-12	-1.968089475e-12	-1.879771489e-12	-2.065902400e-12	-2.285265591e-12	-2.481042152e-12	-2.588048587e-12	-2.532887523e-12	-2.337713815e-12	-2.339899158e-12	-3.015019333e-12	-2.894071919e-12	-2.613293063e-12	-2.486769257e-12	-2.906731835e-12	-2.671543749e-12	-2.050228218e-12	-2.177957729e-12	-2.201092219e-12	-2.533264307e-12	-2.196947604e-12	-2.119254904e-12	-2.498901677e-12	-2.836273373e-12	-2.126790568e-12	-1.890848915e-12	-2.495284558e-12	-2.230556667e-12	-2.393553088e-12	-2.508547327e-12	-2.734918686e-12	-2.674708728e-12	-3.016978605e-12	-2.594679972e-12	-2.877116674e-12	-3.010045794e-12	-2.833033037e-12	-3.073872872e-12	-2.911931444e-12	-2.895277625e-12	-2.856996450e-12	-2.473657201e-12	-2.608093454e-12	-3.239431419e-12	-2.938381626e-12	-2.873650268e-12	-3.006730102e-12	-2.826853792e-12	-2.627686182e-12	-2.560317342e-12	-2.937401989e-12	-3.645754444e-12	-3.526163450e-12	-3.529253072e-12	-3.104844453e-12	-3.161211222e-12	-3.346287140e-12	-3.416594889e-12	-3.081483893e-12	-3.215844789e-12	-2.931448814e-12	-2.833485177e-12	-2.795053288e-12	-2.915096423e-12	-3.273266552e-12	-3.496397576e-12	-3.105899446e-12	-2.853228618e-12	-2.630700448e-12	-2.624822629e-12	-2.415934012e-12	-2.681114042e-12	-2.673653735e-12	-2.667851273e-12	-2.450145928e-12	-2.372980725e-12	-1.895897810e-12	-1.419794533e-12	-6.001403141e-13	5.040794319e-11	4.439237300e-11	4.040834258e-11	3.682777164e-11	3.455185027e-11	3.251285019e-11	3.082885526e-11	3.002901984e-11	2.947567601e-11	3.200012358e-11	5.299260073e-11	5.826123586e-11	4.469244316e-11	4.072996474e-11	3.754607117e-11	3.553924838e-11	3.356641143e-11	3.250139598e-11	3.134859004e-11	3.042343652e-11	2.937695880e-11	2.923317832e-11	2.906468087e-11	2.915593776e-11	2.957024859e-11	-2.498675607e-12	-3.025418550e-12	-2.485412838e-12	-2.022949112e-12	-2.212395716e-12	-2.412542963e-12	-2.736953316e-12	-3.013210773e-12	-2.679230126e-12	-2.502895579e-12	-2.508245901e-12	-2.556549510e-12	-3.082840312e-12	-2.757148896e-12	-2.253314374e-12	-2.496716334e-12	-2.364239354e-12	-2.067560246e-12	-2.645696420e-12	-2.518795831e-12	-2.762273148e-12	-2.870108506e-12	-2.683751525e-12	-2.956467220e-12	-2.932277737e-12	-3.247193153e-12	-3.011100787e-12	-3.173192929e-12	-2.872369205e-12	-2.923084227e-12	-2.899949737e-12	-3.022178214e-12	-3.178995390e-12	-2.942676954e-12	-3.344252511e-12	-3.008614018e-12	-3.067542914e-12	-3.213056594e-12	-2.771843442e-12	-3.155182691e-12	-3.159854803e-12	-2.874102408e-12	-3.441990079e-12	-3.391124344e-12	-3.463918862e-12	-3.240863195e-12	-3.452238582e-12	-3.463768149e-12	-2.797615414e-12	-3.330914385e-12	-3.453293575e-12	-3.153524845e-12	-3.502200037e-12	-3.425486973e-12	-3.397529658e-12	-3.042147725e-12	-3.156086971e-12	-3.308985602e-12	-2.961214689e-12	-3.429857659e-12	-2.800780393e-12	-2.910122884e-12	-2.673804448e-12	-3.252844902e-12	-2.749763945e-12	-3.059931893e-12	-3.382006190e-12	-3.470324177e-12	-3.357967420e-12	-3.536411954e-12	-3.453745715e-12	-3.025719976e-12	-3.032728144e-12	-3.072215026e-12	-3.130993208e-12	-3.266333741e-12	-3.117730439e-12	-3.176357908e-12	-2.857976086e-12	-3.279897937e-12	-3.107105152e-12	-3.726310697e-12	-3.522546331e-12	-3.475448429e-12	-3.334682217e-12	-2.994522326e-12	-2.731226211e-12	-2.863100338e-12	-3.543872261e-12	-3.188565684e-12	-3.057595837e-12	-3.404839253e-12	-2.868752086e-12	-3.164828341e-12	-3.237472146e-12	-2.665967357e-12	-2.620904084e-12	-3.302731000e-12	-3.108687641e-12	-2.532736810e-12	-2.970182129e-12	-3.646658724e-12	-2.951192255e-12	-3.445155058e-12	-2.893695136e-12	-2.940416255e-12	-3.349904259e-12	-3.334154721e-12	-3.140036005e-12	-3.079750690e-12	-2.993542689e-12	-3.003414410e-12	-2.674105875e-12	-2.778022687e-12	-2.591062853e-12	-2.477500390e-12	-2.896407975e-12	-2.802362883e-12	-3.092862746e-12	-3.019163948e-12	-2.998817654e-12	-2.888420171e-12	-2.938381626e-12	-2.774556281e-12	-2.764383134e-12	-2.607565958e-12
-3.481100177e-12	-3.490218331e-12	-3.199567754e-12	-3.677404235e-12	-3.958559874e-12	-3.743567368e-12	-4.227733807e-12	-3.884032153e-12	-3.740251676e-12	-3.533925184e-12	-3.788103145e-12	-3.679891004e-12	-4.011008099e-12	-4.293143374e-12	-4.049816770e-12	-4.279805248e-12	-3.430385155e-12	-3.750650893e-12	-3.848765244e-12	-3.668060011e-12	-3.569041381e-12	-3.577330611e-12	-3.264826608e-12	-3.866549412e-12	-3.690064151e-12	-3.742663089e-12	-3.806791593e-12	-3.293537490e-12	-3.585243059e-12	-3.367688427e-12	-4.001588518e-12	-3.372963392e-12	-3.340258609e-12	-3.604232933e-12	-3.331215812e-12	-3.528499506e-12	-3.331140455e-12	-4.005431707e-12	-3.518703142e-12	-3.513654247e-12	-3.436564400e-12	-3.708827956e-12	-3.390747561e-12	-3.737463480e-12	-3.832262139e-12	-3.515538163e-12	-4.078000155e-12	-3.931808266e-12	-3.679062081e-12	-3.639499843e-12	-4.160892464e-12	-3.552915059e-12	-3.340409322e-12	-3.557135031e-12	-3.396248596e-12	-4.121857722e-12	-3.996162840e-12	-4.297061920e-12	-3.746280208e-12	-3.691797354e-12	-4.004075287e-12	-3.831056432e-12	-4.254711486e-12	-3.948236014e-12	-4.031806532e-12	-4.143711149e-12	-4.100230365e-12	-3.708300459e-12	-3.890060685e-12	-4.372569277e-12	-4.000081385e-12	-4.322683179e-12	-4.248532241e-12	-3.879209328e-12	-4.089077582e-12	-4.007089553e-12	-3.925704377e-12	-4.174984156e-12	-4.505724467e-12	-4.816721338e-12	-4.254108633e-12	-4.316654647e-12	-4.041301470e-12	-4.306556857e-12	-4.140320100e-12	-4.207462870e-12	-3.998046756e-12	-3.971445860e-12	-4.004602784e-12	-4.087419736e-12	-4.326903151e-12	-4.016659847e-12	-4.556740916e-12	-4.241147290e-12	-4.096763960e-12	-3.990661805e-12	-3.921484405e-12	-4.326677081e-12	-3.501747897e-12	-3.002811556e-12	4.996899074e-11	4.333263252e-11	3.882170844e-11	3.583035109e-11	3.320055493e-11	3.120360386e-11	2.986707842e-11	2.887546033e-11	2.855587281e-11	3.825917109e-11	6.131355674e-11	4.629098365e-11	4.054405990e-11	3.725647558e-11	3.451929620e-11	3.301043011e-11	3.143261270e-11	2.984748569e-11	2.926294420e-11	2.880756400e-11	2.842105977e-11	2.721927201e-11	2.676524823e-11	2.679109556e-11	2.691083727e-11	2.698551570e-11	2.809951297e-11	-3.430008372e-12	-3.257592370e-12	-3.706341186e-12	-4.089077582e-12	-3.792323117e-12	-3.857581971e-12	-3.532945548e-12	-3.858486251e-12	-3.646583367e-12	-3.621112822e-12	-3.917339790e-12	-3.990661805e-12	-4.230672716e-12	-3.486525855e-12	-4.179656268e-12	-4.357422592e-12	-4.060743484e-12	-4.066696659e-12	-4.300151542e-12	-4.116733470e-12	-4.053886029e-12	-3.713047928e-12	-3.541988345e-12	-3.953586336e-12	-3.622318528e-12	-3.807243733e-12	-3.421568428e-12	-3.071988956e-12	-3.497829352e-12	-3.589312318e-12	-3.719528599e-12	-3.747862697e-12	-3.429556232e-12	-3.843414922e-12	-3.964362336e-12	-3.773936096e-12	-3.712821858e-12	-4.130146953e-12	-3.020143585e-12	-3.117504369e-12	-3.206877349e-12	-3.303409210e-12	-3.021876787e-12	-3.282686133e-12	-3.230614692e-12	-3.160005516e-12	-2.963701458e-12	-3.309362385e-12	-3.267011951e-12	-3.816361887e-12	-3.085854578e-12	-3.208535195e-12	-3.404161043e-12	-4.072800547e-12	-3.769866837e-12	-3.867152265e-12	-4.462545110e-12	-3.932486475e-12	-4.016810560e-12	-4.117713107e-12	-3.487128708e-12	-4.345214815e-12	-3.653365465e-12	-3.539652289e-12	-3.731510305e-12	-4.100004295e-12	-4.291410171e-12	-4.119521666e-12	-3.917791930e-12	-4.438883124e-12	-3.946728881e-12	-4.367218956e-12	-4.199701136e-12	-4.326601724e-12	-4.056900295e-12	-4.413638648e-12	-4.315976437e-12	-4.379351375e-12	-4.248758311e-12	-4.121179512e-12	-4.108594953e-12	-3.815909747e-12	-3.587579115e-12	-4.266014982e-12	-3.896692069e-12	-3.969486588e-12	-3.571754220e-12	-3.985010056e-12	-4.045747512e-12	-3.755473718e-12	-3.568890667e-12	-3.793076684e-12	-4.039718980e-12	-4.330670983e-12	-4.630967210e-12	-4.495626677e-12	-4.307084353e-12	-4.245291905e-12	-4.224945611e-12	-3.879133971e-12	-3.834673551e-12	-3.576426332e-12	-3.885991426e-12	-4.113191708e-12	-3.920730839e-12	-3.546057604e-12	-4.523282566e-12	-4.691177169e-12	-4.529913950e-12	-4.033087595e-12	-3.905433440e-12	-3.996614980e-12	-3.854492349e-12	-4.003397078e-12	-3.922464042e-12	-4.066470589e-12	-3.952606699e-12	-3.848011677e-12	-3.290900007e-12	-3.961574140e-12	-3.611165745e-12	-3.642815535e-12	-4.283120941e-12	-3.585921269e-12
-3.983653637e-12	-4.378447095e-12	-4.491557418e-12	-4.176943429e-12	-4.440842397e-12	-4.438280271e-12	-4.320422479e-12	-4.828929114e-12	-4.866833506e-12	-5.294181035e-12	-4.585376440e-12	-4.084028687e-12	-4.234817332e-12	-4.442123460e-12	-3.723673214e-12	-4.354106899e-12	-4.194200101e-12	-3.758487984e-12	-3.799783425e-12	-3.822088992e-12	-4.376035683e-12	-3.570247087e-12	-3.977248322e-12	-4.292389808e-12	-4.142731513e-12	-3.947482448e-12	-4.218163513e-12	-4.396155907e-12	-4.460510481e-12	-4.191637975e-12	-4.477013586e-12	-4.246648325e-12	-4.355312606e-12	-4.288546619e-12	-4.683189364e-12	-4.506553391e-12	-4.503539125e-12	-4.054865665e-12	-4.112287428e-12	-3.943337832e-12	-4.363225053e-12	-4.100381079e-12	-4.192391541e-12	-4.772411631e-12	-4.833224443e-12	-4.965399997e-12	-4.594871378e-12	-4.930359157e-12	-4.970901032e-12	-4.565633000e-12	-4.818303827e-12	-5.350171022e-12	-4.443555236e-12	-5.089738460e-12	-5.462603135e-12	-5.539768339e-12	-5.132465677e-12	-5.178282517e-12	-4.791853645e-12	-5.004811522e-12	-4.785222261e-12	-4.410775096e-12	-4.068731288e-12	-4.227884520e-12	-3.553593269e-12	-4.213491401e-12	-3.980337944e-12	-3.946352098e-12	-4.232631989e-12	-4.091262925e-12	-4.501579852e-12	-4.281689164e-12	-4.195556520e-12	-4.561413028e-12	-4.393970564e-12	-4.059387064e-12	-4.195707233e-12	-4.026832994e-12	-3.976645469e-12	-4.072499120e-12	-3.921333692e-12	-4.323662815e-12	-4.157802841e-12	-3.674842109e-12	-3.395344316e-12	-3.574316346e-12	-3.418554162e-12	-3.419006302e-12	-3.516517800e-12	-3.570849940e-12	-3.601294024e-12	-3.135589963e-12	-3.383136539e-12	-3.682302417e-12	-3.757056208e-12	-3.679664934e-12	-4.178299849e-12	-4.404219068e-12	-3.676198529e-12	-3.025117123e-12	-1.414896351e-12	4.403239431e-11	3.882449664e-11	3.565612653e-11	3.293650525e-11	3.106509834e-11	2.907945077e-11	2.897967857e-11	3.059781179e-11	5.749425594e-11	4.920600472e-11	4.088007518e-11	3.756588997e-11	3.404959824e-11	3.213350485e-11	3.113676251e-11	2.954809374e-11	2.849317608e-11	2.751640326e-11	2.719161612e-11	2.634174389e-11	2.640353634e-11	2.621672722e-11	2.539345588e-11	2.536730712e-11	2.569043641e-11	-4.174532016e-12	-4.030676183e-12	-4.454180523e-12	-4.553877363e-12	-4.273701360e-12	-4.550637027e-12	-4.295178004e-12	-4.516801894e-12	-4.248682954e-12	-4.118918813e-12	-4.045295372e-12	-4.057578505e-12	-3.542365129e-12	-3.718850389e-12	-3.868207258e-12	-4.131428016e-12	-4.004602784e-12	-4.062702756e-12	-4.191035121e-12	-3.832412852e-12	-3.739422753e-12	-3.739045970e-12	-4.288621976e-12	-4.316428577e-12	-4.136627624e-12	-4.081165134e-12	-4.071594840e-12	-3.954565972e-12	-4.433758872e-12	-3.908749132e-12	-4.282668801e-12	-4.030073330e-12	-4.188096212e-12	-3.980639371e-12	-4.365410396e-12	-3.731661019e-12	-3.948763511e-12	-4.259685024e-12	-3.714404347e-12	-3.864288712e-12	-3.658715787e-12	-3.824651118e-12	-3.354953155e-12	-3.642514109e-12	-3.299415308e-12	-3.617344989e-12	-3.114942243e-12	-3.498507562e-12	-3.471379170e-12	-3.374018386e-12	-3.526540233e-12	-3.870015817e-12	-3.421493071e-12	-3.584414136e-12	-3.704834053e-12	-3.593607647e-12	-3.015923612e-12	-3.268066944e-12	-3.546132961e-12	-2.903642213e-12	-3.652159759e-12	-3.493307953e-12	-3.833015705e-12	-3.599636178e-12	-3.747109131e-12	-3.570548513e-12	-3.310492734e-12	-3.443346498e-12	-3.666628235e-12	-3.333325798e-12	-3.419458442e-12	-3.690290221e-12	-3.128883222e-12	-3.204239866e-12	-3.701593718e-12	-3.446586834e-12	-3.780266054e-12	-3.471379170e-12	-3.265354105e-12	-3.396248596e-12	-3.868584041e-12	-3.672958193e-12	-3.972952993e-12	-3.967225888e-12	-3.647110864e-12	-3.766249718e-12	-3.820581859e-12	-3.926985440e-12	-4.561789811e-12	-3.905207370e-12	-3.806791593e-12	-3.929095426e-12	-4.141827233e-12	-4.124495205e-12	-4.266843905e-12	-4.325019235e-12	-4.053509246e-12	-4.621849056e-12	-4.502785558e-12	-4.191562618e-12	-4.519590090e-12	-4.404821921e-12	-4.303919374e-12	-3.941604629e-12	-4.363601837e-12	-3.508906779e-12	-4.013494868e-12	-4.398115180e-12	-3.935425384e-12	-3.879058615e-12	-4.035649721e-12	-3.616516066e-12	-3.604986500e-12	-3.747259844e-12	-4.009274896e-12	-4.321251403e-12	-4.255917192e-12	-3.742361662e-12	-3.637841997e-12	-3.986893972e-12	-4.312811458e-12	-4.233762339e-12	-3.572357073e-12	-3.703176207e-12	-3.770846474e-12
-4.092468631e-12	-4.356895095e-12	-4.403616215e-12	-3.899329552e-12	-4.625014035e-12	-4.634207546e-12	-4.364355403e-12	-3.981242224e-12	-4.480404635e-12	-4.196686870e-12	-4.710393113e-12	-4.398491963e-12	-4.715366652e-12	-4.523810062e-12	-4.539559601e-12	-4.360964354e-12	-4.518836524e-12	-4.566386566e-12	-5.007901144e-12	-4.740761841e-12	-3.883203230e-12	-4.146197918e-12	-4.275133136e-12	-4.401280159e-12	-4.083275120e-12	-4.161721387e-12	-4.252224717e-12	-4.440088830e-12	-4.501353782e-12	-5.046634459e-12	-4.803986065e-12	-4.712126316e-12	-4.627726874e-12	-4.599618846e-12	-4.173627737e-12	-4.092920771e-12	-4.550034174e-12	-4.500449502e-12	-4.190809052e-12	-3.954264546e-12	-4.616348021e-12	-4.486207097e-12	-4.128865890e-12	-4.154185722e-12	-4.611449839e-12	-4.053057106e-12	-4.209798926e-12	-4.225774534e-12	-4.329163850e-12	-4.525241838e-12	-4.409569390e-12	-4.529763237e-12	-4.902025059e-12	-4.610018063e-12	-4.412508299e-12	-4.497435237e-12	-4.020503036e-12	-3.924950811e-12	-3.816437243e-12	-4.483871041e-12	-4.141525806e-12	-4.176868072e-12	-4.092694701e-12	-3.874913999e-12	-4.199475066e-12	-4.206106450e-12	-4.024873721e-12	-4.227206311e-12	-4.461113334e-12	-4.275962059e-12	-4.503689838e-12	-4.272043514e-12	-4.572264384e-12	-4.352072270e-12	-4.464353670e-12	-4.406178341e-12	-4.259006815e-12	-4.231953779e-12	-4.433532802e-12	-4.093900407e-12	-4.269782815e-12	-4.412432942e-12	-4.130749806e-12	-4.567969056e-12	-4.268200325e-12	-4.298945836e-12	-4.558775545e-12	-4.459907628e-12	-4.267220689e-12	-4.568722622e-12	-4.489070649e-12	-4.119747736e-12	-4.009727036e-12	-4.042055036e-12	-3.597676905e-12	-3.643569102e-12	-3.285474329e-12	-3.343498945e-12	-3.753815872e-12	-3.113284397e-12	-2.391367746e-12	6.385134244e-11	5.568645005e-11	4.894971677e-11	4.520132658e-11	4.155896318e-11	3.934046358e-11	4.488354761e-11	8.006967475e-11	8.417163832e-11	6.449534032e-11	5.681182617e-11	5.135849190e-11	4.871038407e-11	4.531858152e-11	4.397994609e-11	4.268275682e-11	4.091519137e-11	-4.245141192e-12	-4.290129109e-12	-4.285984493e-12	-4.681983658e-12	-4.000458168e-12	-4.348605864e-12	-4.275660633e-12	-4.448076635e-12	-4.563975153e-12	-4.826743772e-12	-4.192843681e-12	-3.857506614e-12	-4.423962509e-12	-4.451995180e-12	-4.104148911e-12	-4.421852523e-12	-3.872954726e-12	-4.074006253e-12	-3.636787004e-12	-3.986441833e-12	-4.104148911e-12	-3.748993047e-12	-4.073629470e-12	-4.035122225e-12	-3.772655033e-12	-4.199399709e-12	-3.792097047e-12	-3.924121888e-12	-4.093448267e-12	-3.760673327e-12	-4.183951597e-12	-4.395628410e-12	-3.412374917e-12	-3.757583704e-12	-3.440181519e-12	-4.065490952e-12	-3.810182642e-12	-4.105429974e-12	-3.940172853e-12	-4.026380854e-12	-4.094804687e-12	-3.876195062e-12	-3.638896990e-12	-3.869111538e-12	-4.151472883e-12	-4.131503373e-12	-4.545211349e-12	-4.592987461e-12	-4.252827570e-12	-4.342954116e-12	-4.630138287e-12	-4.613785895e-12	-4.551465950e-12	-4.816645981e-12	-4.591329615e-12	-4.514239768e-12	-4.466991152e-12	-4.806698904e-12	-4.731568330e-12	-4.174607373e-12	-4.104299624e-12	-4.316277864e-12	-4.099476799e-12	-3.837386390e-12	-3.517648149e-12	-3.907694139e-12	-3.608829689e-12	-3.916887650e-12	-4.136476911e-12	-3.640178053e-12	-4.140018673e-12	-4.035725078e-12	-3.976419399e-12	-3.986667903e-12	-4.102792491e-12	-4.000081385e-12	-4.130297666e-12	-4.446268075e-12	-4.340768773e-12	-3.690440934e-12	-3.750123397e-12	-4.332479543e-12	-4.138285471e-12	-4.479952495e-12	-3.972274783e-12	-3.592477297e-12	-4.152151093e-12	-3.839270307e-12	-3.503104317e-12	-3.737614194e-12	-3.777327145e-12	-3.858486251e-12	-3.961348070e-12	-3.802420908e-12	-4.074533750e-12	-3.922840825e-12	-3.560375367e-12	-3.756679425e-12	-3.847710251e-12	-3.838290670e-12	-3.868056545e-12	-4.083953330e-12	-3.848614530e-12	-4.028716910e-12	-3.718096823e-12	-3.626764570e-12	-3.569041381e-12	-4.151472883e-12	-3.772504320e-12	-4.011837022e-12	-3.888252125e-12	-3.935576098e-12	-4.148910757e-12	-3.606041493e-12	-3.802646977e-12	-3.480949464e-12	-4.148383261e-12	-4.101436072e-12	-4.162927093e-12	-3.689838081e-12	-3.301977434e-12	-3.567006751e-12	-4.039945050e-12	-3.750801606e-12	-4.112965638e-12	-4.106786393e-12	-4.127057331e-12	-4.165413862e-12	-4.413487935e-12	-4.307008997e-12	-3.641006976e-12	-3.729400319e-12	-3.714856487e-12
-3.246364230e-12	-3.359173127e-12	-3.147873096e-12	-3.425110190e-12	-3.767606138e-12	-3.604383647e-12	-3.774237523e-12	-3.983201497e-12	-3.200698104e-12	-3.155182691e-12	-2.815098156e-12	-3.039434885e-12	-2.585561818e-12	-2.786537988e-12	-2.795580785e-12	-2.908540395e-12	-2.571545482e-12	-2.840719415e-12	-3.186907838e-12	-3.153826271e-12	-3.100398411e-12	-2.312092556e-12	-2.882391639e-12	-2.887591247e-12	-2.338090598e-12	-2.500408810e-12	-2.556097370e-12	-2.733486910e-12	-2.879980226e-12	-2.564763384e-12	-3.278315447e-12	-3.000475500e-12	-2.806959638e-12	-2.687519357e-12	-2.380064249e-12	-2.872143135e-12	-2.782016589e-12	-2.837177653e-12	-2.797313988e-12	-2.971463192e-12	-2.842226548e-12	-2.764232421e-12	-2.923310297e-12	-3.152394495e-12	-3.025117123e-12	-2.818790631e-12	-2.595358181e-12	-2.968825710e-12	-2.777043050e-12	-3.057143697e-12	-2.973045682e-12	-2.820297764e-12	-3.159930159e-12	-3.603404010e-12	-3.175076845e-12	-3.790062418e-12	-3.576803115e-12	-3.357364567e-12	-2.885255192e-12	-2.968674997e-12	-3.090300620e-12	-3.275828678e-12	-2.751873931e-12	-2.635824699e-12	-2.574032251e-12	-2.793320086e-12	-2.654061007e-12	-2.783448365e-12	-2.886913038e-12	-2.753757847e-12	-2.930167751e-12	-2.646826769e-12	-2.642154657e-12	-3.031673151e-12	-3.090300620e-12	-3.126245740e-12	-3.048100900e-12	-3.082764956e-12	-3.116147949e-12	-2.972141402e-12	-3.237170720e-12	-2.961968255e-12	-2.690759693e-12	-2.444870963e-12	-3.026699613e-12	-3.048176256e-12	-3.196176705e-12	-3.181030020e-12	-3.009819724e-12	-3.107406578e-12	-3.264223755e-12	-2.962345038e-12	-3.049080536e-12	-2.962043612e-12	-2.539669621e-12	-2.929188115e-12	-3.192559586e-12	-2.965133234e-12	-3.047347333e-12	-2.748482882e-12	-2.239222681e-12	-6.495742726e-13	9.023415570e-11	7.512296320e-11	6.696613397e-11	6.153623562e-11	6.073285844e-11	8.305010539e-11	1.338823818e-10	9.176495057e-11	7.970630502e-11	7.273182153e-11	6.727569906e-11	6.299679810e-11	5.980250531e-11	5.655335288e-11	5.427675330e-11	5.162872083e-11	5.013032932e-11	4.831024029e-11	4.746473874e-11	4.579084161e-11	-2.979903137e-12	-2.986459165e-12	-3.114037963e-12	-3.379820847e-12	-3.107255865e-12	-2.976059948e-12	-2.839212282e-12	-3.180201097e-12	-2.599276727e-12	-2.571470125e-12	-3.304539560e-12	-3.027227109e-12	-2.748256812e-12	-2.646751413e-12	-2.587747160e-12	-2.212546429e-12	-2.590007860e-12	-3.257366300e-12	-2.972292116e-12	-2.865737821e-12	-3.028658885e-12	-3.150435222e-12	-3.582530220e-12	-2.654437790e-12	-3.093164173e-12	-3.062418662e-12	-2.742303638e-12	-2.818639918e-12	-3.040188452e-12	-3.049532676e-12	-3.034159920e-12	-2.740193652e-12	-2.686690434e-12	-2.875308114e-12	-2.572299048e-12	-2.689252560e-12	-2.807110352e-12	-2.595056755e-12	-2.007953140e-12	-2.523317230e-12	-2.593022125e-12	-2.731075498e-12	-3.125567530e-12	-2.862648198e-12	-2.579533286e-12	-2.791210100e-12	-2.601236000e-12	-2.460243718e-12	-2.174189897e-12	-2.964228955e-12	-2.800931107e-12	-3.591723730e-12	-2.698144644e-12	-3.387733295e-12	-3.077866774e-12	-3.464747785e-12	-3.050964452e-12	-3.162869069e-12	-3.356234217e-12	-3.115545096e-12	-3.002359417e-12	-2.704700672e-12	-2.613745203e-12	-3.002359417e-12	-3.284720762e-12	-3.261209489e-12	-3.069125403e-12	-2.753682491e-12	-3.086532788e-12	-3.239280706e-12	-3.246288874e-12	-3.298058888e-12	-3.733243508e-12	-3.527595226e-12	-3.258572007e-12	-3.448244680e-12	-3.311924511e-12	-3.668662864e-12	-3.238451783e-12	-3.569267451e-12	-3.100699837e-12	-2.973271752e-12	-3.176734691e-12	-2.949459052e-12	-2.779906603e-12	-3.537466947e-12	-3.186154272e-12	-3.559320373e-12	-3.216221573e-12	-3.193313153e-12	-2.904395779e-12	-3.035516340e-12	-3.131822131e-12	-3.308307392e-12	-3.370702693e-12	-2.628289035e-12	-3.330839028e-12	-2.964304311e-12	-2.988870577e-12	-2.676592644e-12	-2.967846074e-12	-3.057897263e-12	-2.940190185e-12	-3.109365851e-12	-2.490461733e-12	-2.738083665e-12	-3.023760703e-12	-2.999495864e-12	-2.785482995e-12	-2.689026490e-12	-2.642531441e-12	-2.914568926e-12	-2.794525792e-12	-2.627836895e-12	-3.008463305e-12	-3.244329601e-12	-3.208685908e-12	-3.217502636e-12	-3.391425770e-12	-3.507625716e-12	-3.098363781e-12	-3.451861799e-12	-2.990000927e-12	-3.214262300e-12	-3.306197406e-12	-3.123683614e-12	-2.992713766e-12	-3.157368034e-12	-3.100398411e-12
-2.890831583e-12	-3.308232035e-12	-3.328578329e-12	-2.816605289e-12	-2.687519357e-12	-3.234156454e-12	-3.540556569e-12	-3.034612060e-12	-3.242897825e-12	-2.967092507e-12	-3.094746662e-12	-2.780132673e-12	-2.976361374e-12	-2.360245452e-12	-2.690835050e-12	-3.103111250e-12	-2.881412003e-12	-2.892866213e-12	-2.501313090e-12	-3.441839365e-12	-2.988719864e-12	-3.265881601e-12	-3.075982858e-12	-2.560015915e-12	-2.746749680e-12	-2.723238407e-12	-2.120762037e-12	-2.469964726e-12	-2.587897874e-12	-2.360848305e-12	-2.767548113e-12	-2.797313988e-12	-2.731301567e-12	-2.299055857e-12	-3.028583529e-12	-2.666268784e-12	-2.611333790e-12	-2.193330485e-12	-2.427162152e-12	-2.793847582e-12	-2.624671916e-12	-2.287677003e-12	-2.501313090e-12	-2.102902512e-12	-2.708393148e-12	-2.712537763e-12	-2.552630964e-12	-2.619623021e-12	-3.013888983e-12	-2.303351185e-12	-2.131538037e-12	-2.352634431e-12	-1.645336969e-12	-2.232289870e-12	-2.148568638e-12	-2.225959912e-12	-2.270646402e-12	-2.046083602e-12	-1.749178424e-12	-2.435300669e-12	-2.210737870e-12	-2.017297364e-12	-2.377728193e-12	-2.192953702e-12	-2.575539384e-12	-2.211642149e-12	-2.744036840e-12	-3.143351698e-12	-2.968599640e-12	-3.153223418e-12	-2.558056643e-12	-2.715552029e-12	-2.930017038e-12	-2.792189736e-12	-2.814570659e-12	-2.910650381e-12	-3.342594665e-12	-3.518100289e-12	-3.427521603e-12	-3.215769433e-12	-3.306197406e-12	-3.219914048e-12	-3.276808315e-12	-2.991055920e-12	-2.972442829e-12	-2.533415020e-12	-2.845919023e-12	-2.741022575e-12	-2.385037788e-12	-2.469964726e-12	-2.967921430e-12	-2.760690659e-12	-2.481494292e-12	-2.785633708e-12	-1.980824748e-12	-2.503423076e-12	-2.627610825e-12	-2.489256026e-12	-2.521659383e-12	-2.424449312e-12	-1.465234589e-12	-3.773107173e-13	9.332897772e-11	7.472176443e-11	6.515599202e-11	6.075878112e-11	6.032578184e-11	1.089999947e-10	1.184662210e-10	9.055231145e-11	7.916856000e-11	7.240786332e-11	6.651022627e-11	6.231904044e-11	5.917403089e-11	5.625456379e-11	5.388791302e-11	5.194823300e-11	5.005308876e-11	4.860571369e-11	4.715306366e-11	5.856643027e-12	-2.060250651e-12	-2.250300108e-12	-2.290239129e-12	-2.384058151e-12	-1.930561867e-12	-1.982181168e-12	-2.569962992e-12	-2.622486573e-12	-2.821578827e-12	-2.570189062e-12	-2.758505316e-12	-2.783975862e-12	-2.917733905e-12	-3.084046019e-12	-2.990603780e-12	-2.444268110e-12	-2.648861399e-12	-2.492647075e-12	-2.219780667e-12	-2.894750129e-12	-2.623541566e-12	-2.621205510e-12	-3.326543700e-12	-2.559865202e-12	-2.633111860e-12	-2.455345537e-12	-2.740118295e-12	-2.929790968e-12	-2.740796505e-12	-2.018653784e-12	-2.668228056e-12	-2.866416030e-12	-3.162492285e-12	-3.063021515e-12	-3.004695472e-12	-2.998968368e-12	-2.870259219e-12	-2.397848417e-12	-2.646073203e-12	-2.741097931e-12	-2.804246799e-12	-2.786688701e-12	-2.523694013e-12	-2.733486910e-12	-2.129352694e-12	-2.293780892e-12	-2.620753371e-12	-2.953302241e-12	-2.751497148e-12	-2.434094963e-12	-2.499881313e-12	-2.718340225e-12	-2.483152138e-12	-2.793094016e-12	-2.924063863e-12	-3.266710524e-12	-2.930770605e-12	-2.566798013e-12	-2.866943527e-12	-2.717209875e-12	-2.709448141e-12	-2.674482658e-12	-2.758806743e-12	-2.770185596e-12	-3.017732172e-12	-2.824819163e-12	-2.622863357e-12	-2.770185596e-12	-2.563633034e-12	-2.761971722e-12	-2.591062853e-12	-2.636578266e-12	-2.787442267e-12	-2.227919185e-12	-2.654588504e-12	-2.586390741e-12	-2.149623631e-12	-2.210662513e-12	-1.995896077e-12	-2.488351747e-12	-2.672297315e-12	-2.873650268e-12	-2.726328029e-12	-2.675236224e-12	-2.306591521e-12	-2.589178937e-12	-2.805904645e-12	-3.144858831e-12	-3.434906554e-12	-3.249077070e-12	-3.361358469e-12	-3.913948741e-12	-3.599862248e-12	-3.545756178e-12	-2.908766464e-12	-2.738234379e-12	-2.867320310e-12	-2.943807304e-12	-2.692191469e-12	-2.667248420e-12	-2.521207244e-12	-2.303803325e-12	-3.268745154e-12	-2.780735526e-12	-2.714044896e-12	-2.861668562e-12	-2.598975300e-12	-2.932277737e-12	-3.018108955e-12	-2.668830909e-12	-2.794902575e-12	-2.627836895e-12	-2.582999692e-12	-2.690835050e-12	-2.735069400e-12	-2.588350014e-12	-3.228655419e-12	-2.967243220e-12	-3.484491226e-12	-3.055485851e-12	-2.633262573e-12	-3.027603892e-12	-3.574843842e-12	-3.096178439e-12	-3.349753546e-12	-2.758279246e-12	-2.882316282e-12	-2.631680084e-12	-2.387072417e-12
-2.420229340e-12	-2.949760479e-12	-2.464162264e-12	-2.230330597e-12	-2.629720811e-12	-2.413899382e-12	-2.664234154e-12	-2.571244055e-12	-2.384736361e-12	-2.756621400e-12	-2.351278011e-12	-2.526934349e-12	-2.474335411e-12	-2.813741736e-12	-3.044709851e-12	-3.281932566e-12	-3.008463305e-12	-2.950815472e-12	-3.035893123e-12	-3.301449937e-12	-3.043730214e-12	-2.514425146e-12	-2.552555608e-12	-2.177430233e-12	-2.411035830e-12	-3.018108955e-12	-2.577197230e-12	-2.316011102e-12	-2.391970599e-12	-2.030560133e-12	-2.448111299e-12	-2.798519694e-12	-2.999797291e-12	-2.684806518e-12	-2.614121986e-12	-2.450371998e-12	-2.857071807e-12	-3.177488258e-12	-2.744262910e-12	-2.931448814e-12	-2.440726348e-12	-2.436807802e-12	-3.123306830e-12	-3.102885180e-12	-2.981334913e-12	-2.811254967e-12	-3.114113320e-12	-2.609600587e-12	-2.749387162e-12	-2.549692055e-12	-2.679079413e-12	-2.984801318e-12	-3.422321994e-12	-2.833937317e-12	-2.848029009e-12	-3.113435110e-12	-2.726629456e-12	-2.591816419e-12	-2.697541791e-12	-2.624897986e-12	-2.250375464e-12	-2.117220274e-12	-2.643511077e-12	-2.840267275e-12	-2.415331159e-12	-2.428895354e-12	-2.889776590e-12	-2.275318514e-12	-2.324451046e-12	-2.227617758e-12	-2.378255690e-12	-2.138169421e-12	-1.996875714e-12	-2.521282600e-12	-2.075698763e-12	-2.343290207e-12	-2.318723941e-12	-2.694452169e-12	-2.182931268e-12	-2.502895579e-12	-2.606209538e-12	-3.098213068e-12	-2.589857146e-12	-2.086399407e-12	-2.165523883e-12	-2.334548836e-12	-2.980807416e-12	-2.382852445e-12	-2.838308002e-12	-2.784201932e-12	-3.072139669e-12	-2.764985987e-12	-3.138830299e-12	-2.728965512e-12	-2.798595051e-12	-2.559789845e-12	-3.120820061e-12	-2.639366462e-12	-3.028056032e-12	-2.823538100e-12	-2.044350399e-12	-1.010758668e-12	2.793621512e-12	7.410203139e-11	6.348767128e-11	5.887117254e-11	7.011589098e-11	1.472456770e-10	1.000715888e-10	8.390253974e-11	7.536206984e-11	6.874975038e-11	6.429285702e-11	6.076918034e-11	5.731498248e-11	5.460598648e-11	5.211808688e-11	5.026717698e-11	4.835846854e-11	4.724778696e-11	-3.410415645e-12	-3.413053127e-12	-3.350733182e-12	-3.054204788e-12	-2.932654521e-12	-2.678551917e-12	-3.255859167e-12	-2.742303638e-12	-3.028583529e-12	-2.402595886e-12	-2.602517063e-12	-2.523015803e-12	-2.727609092e-12	-3.028809599e-12	-3.180125740e-12	-3.114942243e-12	-3.070707893e-12	-2.766417764e-12	-3.070858606e-12	-2.976662801e-12	-2.711784197e-12	-2.842829401e-12	-3.105145879e-12	-2.825271303e-12	-3.092561320e-12	-3.181482160e-12	-3.430083729e-12	-2.721731274e-12	-3.125266103e-12	-3.013964340e-12	-2.515404782e-12	-2.670488756e-12	-2.978094577e-12	-2.487748894e-12	-3.265278748e-12	-2.386168137e-12	-2.563331608e-12	-2.956391864e-12	-3.022404284e-12	-2.934990577e-12	-3.307779895e-12	-3.078092844e-12	-3.289618944e-12	-3.590367311e-12	-3.268820510e-12	-2.934915220e-12	-3.161964789e-12	-3.450053239e-12	-2.853605401e-12	-2.814646016e-12	-3.014190410e-12	-2.657979553e-12	-2.759937092e-12	-3.251639195e-12	-3.022856424e-12	-2.736350463e-12	-2.629117958e-12	-2.922029234e-12	-3.155258048e-12	-3.434981911e-12	-2.694301455e-12	-2.886385541e-12	-2.808994268e-12	-2.826250939e-12	-2.559262349e-12	-2.572525118e-12	-3.051190522e-12	-2.670413399e-12	-2.780132673e-12	-2.603345986e-12	-2.551802041e-12	-2.486769257e-12	-2.184815184e-12	-2.143971883e-12	-2.440349564e-12	-2.095517561e-12	-2.219856024e-12	-2.313448976e-12	-2.848029009e-12	-2.874629905e-12	-2.123173449e-12	-2.601688140e-12	-2.553610601e-12	-3.107934075e-12	-2.790230463e-12	-2.887666604e-12	-2.453461620e-12	-2.468834376e-12	-2.592645342e-12	-2.779002323e-12	-2.310133283e-12	-2.750065372e-12	-2.914342856e-12	-2.413974739e-12	-2.762951358e-12	-2.622938713e-12	-2.570113706e-12	-2.500710236e-12	-2.687368644e-12	-2.753154994e-12	-2.891585150e-12	-3.170027950e-12	-2.539066768e-12	-2.494229565e-12	-2.482775355e-12	-2.471321145e-12	-2.561372335e-12	-2.106821057e-12	-2.589405007e-12	-2.384510291e-12	-2.253615800e-12	-2.805075722e-12	-2.588651440e-12	-2.533415020e-12	-2.077130540e-12	-2.402897312e-12	-2.246306206e-12	-2.514877285e-12	-2.594152475e-12	-2.669584476e-12	-2.691061120e-12	-2.581040419e-12	-2.810878184e-12	-2.890454800e-12	-2.254143297e-12	-2.586767524e-12	-2.175847743e-12	-2.776138771e-12	-2.595132112e-12	-3.029638522e-12	-2.824894520e-12
-2.897764394e-12	-2.820825261e-12	-2.679908336e-12	-2.600105650e-12	-2.618492671e-12	-2.503046292e-12	-2.102148945e-12	-2.163639967e-12	-2.107122484e-12	-2.268008919e-12	-2.486543187e-12	-2.084816917e-12	-2.341933787e-12	-2.367479690e-12	-1.878415069e-12	-2.517213341e-12	-2.615327692e-12	-2.395210935e-12	-2.675763721e-12	-1.994841084e-12	-1.808860886e-12	-2.853530044e-12	-2.493551355e-12	-2.579005790e-12	-2.799650044e-12	-2.629042601e-12	-2.883823415e-12	-2.830696981e-12	-3.112154047e-12	-2.926324563e-12	-2.674030518e-12	-3.195649209e-12	-3.074852508e-12	-2.688348280e-12	-2.648409259e-12	-2.442911690e-12	-3.598204402e-12	-2.401616249e-12	-2.812536030e-12	-2.877493457e-12	-3.172590076e-12	-3.224661517e-12	-3.198738831e-12	-2.886084115e-12	-2.900025094e-12	-3.456157128e-12	-3.333627224e-12	-3.689913438e-12	-3.426541966e-12	-3.791117411e-12	-3.674616039e-12	-3.395193603e-12	-3.607925409e-12	-4.101436072e-12	-3.566931395e-12	-3.548469017e-12	-4.083953330e-12	-3.943187119e-12	-3.975891902e-12	-3.645754444e-12	-4.057051008e-12	-3.834598195e-12	-3.786445299e-12	-3.934068965e-12	-4.111609219e-12	-3.512674611e-12	-4.357874732e-12	-4.038362560e-12	-4.229843793e-12	-4.247477248e-12	-4.308516130e-12	-4.380104942e-12	-3.767380068e-12	-4.110704939e-12	-3.851628796e-12	-3.875818279e-12	-4.109876016e-12	-4.248833668e-12	-3.856677691e-12	-3.262867335e-12	-3.667984654e-12	-3.435886190e-12	-3.353144595e-12	-3.470173463e-12	-3.167013684e-12	-3.351260679e-12	-3.252091335e-12	-3.662860403e-12	-4.091262925e-12	-3.343046805e-12	-3.561656429e-12	-3.691797354e-12	-3.236718580e-12	-3.397152875e-12	-3.278767587e-12	-2.934086297e-12	-2.903416143e-12	-3.220969041e-12	-2.873725625e-12	-3.388034721e-12	-2.283984528e-12	-1.641418423e-12	3.861274447e-13	7.533878463e-11	6.148107456e-11	5.681566936e-11	8.231372026e-11	1.381423683e-10	9.322310163e-11	8.029695039e-11	7.266354841e-11	6.769272273e-11	6.290787726e-11	5.903710787e-11	5.626903226e-11	5.401232684e-11	5.136459579e-11	4.951511767e-11	4.824935212e-11	4.636867635e-11	4.476938229e-11	4.387987247e-11	4.230627502e-11	4.201208268e-11	-2.980129207e-12	-3.743190585e-12	-3.848915957e-12	-3.622770668e-12	-3.189771391e-12	-3.698353382e-12	-3.194594216e-12	-3.629854192e-12	-3.424733407e-12	-3.740854529e-12	-3.462939226e-12	-3.296401042e-12	-3.306423476e-12	-3.461658163e-12	-3.196327419e-12	-3.202732733e-12	-3.309437741e-12	-3.155936257e-12	-2.838383359e-12	-3.241616762e-12	-3.191504593e-12	-3.108084788e-12	-2.998290158e-12	-3.119765068e-12	-3.021726074e-12	-3.361433826e-12	-3.229182915e-12	-3.198889544e-12	-2.924742073e-12	-3.038003109e-12	-2.694376812e-12	-2.569284783e-12	-2.632810434e-12	-2.707639581e-12	-2.882014856e-12	-3.287508958e-12	-3.020671081e-12	-3.051642662e-12	-3.187661405e-12	-3.424055197e-12	-3.123683614e-12	-3.713801494e-12	-3.606795059e-12	-3.480798750e-12	-3.673711759e-12	-3.664066109e-12	-3.438297603e-12	-3.514935310e-12	-3.469872037e-12	-3.669265717e-12	-3.448244680e-12	-3.641911255e-12	-3.409662078e-12	-2.841322268e-12	-3.522018835e-12	-3.292859280e-12	-3.516517800e-12	-3.402955337e-12	-3.059630466e-12	-3.049909459e-12	-3.152545208e-12	-3.362112036e-12	-3.291578217e-12	-3.799255928e-12	-3.075078578e-12	-3.263018049e-12	-3.618776766e-12	-3.620585325e-12	-3.168445460e-12	-3.472509519e-12	-3.660524347e-12	-3.957052741e-12	-3.456232484e-12	-3.898877412e-12	-3.402427840e-12	-4.015077357e-12	-3.795864880e-12	-3.780341411e-12	-3.556682891e-12	-3.456533911e-12	-3.724502137e-12	-3.894205300e-12	-3.507173576e-12	-3.361961322e-12	-3.385171169e-12	-3.534829464e-12	-3.334682217e-12	-3.283288986e-12	-3.278767587e-12	-3.207028062e-12	-3.315767700e-12	-3.286981462e-12	-3.733092795e-12	-3.382458330e-12	-3.556155394e-12	-3.594813353e-12	-3.570096374e-12	-3.372059113e-12	-3.336792203e-12	-3.012833990e-12	-3.453670358e-12	-3.615385717e-12	-3.507776429e-12	-3.213960873e-12	-3.740477746e-12	-3.447943253e-12	-3.733092795e-12	-3.404839253e-12	-3.495719366e-12	-2.734692616e-12	-3.642815535e-12	-3.037098829e-12	-3.373114106e-12	-3.900384545e-12	-3.545228681e-12	-3.488183701e-12	-3.300470301e-12	-3.853814139e-12	-3.462411729e-12	-3.676952095e-12	-3.503255030e-12	-3.393686470e-12	-3.315315560e-12	-3.397378945e-12	-3.554874331e-12	-3.743416655e-12	-3.472509519e-12
-3.406723169e-12	-3.726762837e-12	-3.519155282e-12	-3.465199925e-12	-3.616289996e-12	-3.726687480e-12	-3.517196009e-12	-3.343122161e-12	-3.421945211e-12	-3.720432879e-12	-3.694811620e-12	-3.504837520e-12	-3.790062418e-12	-3.528122723e-12	-3.524279534e-12	-3.361057043e-12	-3.328352259e-12	-3.810333355e-12	-4.226452744e-12	-3.920429412e-12	-3.963684126e-12	-3.572507786e-12	-4.137682617e-12	-3.563841772e-12	-4.160138897e-12	-3.385547952e-12	-3.775367872e-12	-4.089077582e-12	-3.797447369e-12	-4.086515456e-12	-4.036177218e-12	-4.073328043e-12	-3.965115902e-12	-3.702573354e-12	-3.906563790e-12	-3.773936096e-12	-3.408757798e-12	-2.981711696e-12	-3.537919087e-12	-3.393837183e-12	-3.444853631e-12	-3.251488482e-12	-2.880809150e-12	-3.060157963e-12	-2.845466883e-12	-2.869957793e-12	-2.691513259e-12	-2.863326408e-12	-3.083895306e-12	-3.198889544e-12	-3.188339614e-12	-3.480648037e-12	-3.751781243e-12	-3.395495029e-12	-3.478990191e-12	-3.700764795e-12	-4.068354505e-12	-3.591573017e-12	-3.599184038e-12	-3.541611562e-12	-3.961046644e-12	-3.909578056e-12	-3.779813914e-12	-3.590970164e-12	-3.546434387e-12	-4.005582420e-12	-3.714781130e-12	-3.635581297e-12	-3.500918974e-12	-3.605513996e-12	-3.868131901e-12	-4.421023599e-12	-3.603027227e-12	-3.775066446e-12	-3.289317517e-12	-3.382684400e-12	-3.123080760e-12	-3.698202669e-12	-3.210343754e-12	-3.766249718e-12	-3.677102808e-12	-3.804606250e-12	-3.045237347e-12	-3.154881264e-12	-3.078318914e-12	-3.400845351e-12	-3.083367809e-12	-2.997913375e-12	-3.352164959e-12	-2.819619554e-12	-2.912383583e-12	-3.082011389e-12	-3.394289323e-12	-3.116223306e-12	-3.056314774e-12	-3.014341123e-12	-3.429254806e-12	-3.637239144e-12	-3.271684063e-12	-3.188565684e-12	-3.124286467e-12	-2.344269843e-12	-4.187568716e-13	2.286373333e-11	6.382195335e-11	5.874585444e-11	1.165590951e-10	1.084119868e-10	8.781935204e-11	7.722187181e-11	7.036117686e-11	6.608461195e-11	6.168348250e-11	5.761708727e-11	5.602442460e-11	5.343705422e-11	5.142035971e-11	4.964239505e-11	4.793210065e-11	4.697522198e-11	4.486953127e-11	4.334695028e-11	4.254492952e-11	-2.760615302e-12	-2.845768310e-12	-2.679606910e-12	-3.132952481e-12	-2.819468841e-12	-2.752175358e-12	-2.957898996e-12	-3.064453291e-12	-3.150359866e-12	-2.761067442e-12	-2.846446520e-12	-3.089697767e-12	-3.203109517e-12	-3.072742522e-12	-3.578687031e-12	-3.331743308e-12	-2.878171667e-12	-3.294291056e-12	-2.930845961e-12	-2.631152587e-12	-2.409151914e-12	-2.564537314e-12	-2.894071919e-12	-2.871690996e-12	-3.095274159e-12	-2.655116000e-12	-2.963023248e-12	-2.676291217e-12	-3.058349403e-12	-3.144708117e-12	-3.154655194e-12	-3.391199700e-12	-3.002510130e-12	-3.066111137e-12	-2.646600699e-12	-2.956693290e-12	-2.749462519e-12	-3.155860901e-12	-2.606209538e-12	-3.177186831e-12	-3.172137936e-12	-3.209966971e-12	-3.116449376e-12	-2.843130827e-12	-2.701611050e-12	-2.992110913e-12	-3.056691557e-12	-3.181180733e-12	-2.671694462e-12	-2.829943415e-12	-3.132349628e-12	-2.826175582e-12	-2.469437229e-12	-2.429046068e-12	-2.596413174e-12	-2.837554436e-12	-2.980882773e-12	-2.784578715e-12	-2.934010940e-12	-2.534696083e-12	-2.833259107e-12	-2.691588616e-12	-2.973799248e-12	-3.038530606e-12	-2.963475388e-12	-2.825120589e-12	-3.010874717e-12	-2.922933514e-12	-2.691739329e-12	-2.727383022e-12	-3.071913599e-12	-2.673729091e-12	-2.477952530e-12	-2.585787888e-12	-2.719621288e-12	-3.000701570e-12	-2.692869679e-12	-2.469361872e-12	-3.077489991e-12	-2.918336758e-12	-2.912308227e-12	-2.417742571e-12	-2.684580448e-12	-2.983218829e-12	-2.604250265e-12	-2.939738045e-12	-2.707112085e-12	-2.902436506e-12	-2.939888759e-12	-2.823161317e-12	-2.937854129e-12	-2.451502348e-12	-2.623014070e-12	-2.231837730e-12	-2.571394769e-12	-2.308023297e-12	-2.385791354e-12	-2.207572891e-12	-2.093859715e-12	-2.236208415e-12	-1.946838902e-12	-2.428744641e-12	-2.393477732e-12	-3.133479977e-12	-2.957446857e-12	-2.554740950e-12	-2.602893846e-12	-3.184194999e-12	-2.997611948e-12	-3.042599865e-12	-3.363091672e-12	-3.018259668e-12	-2.645696420e-12	-2.257383632e-12	-2.792943302e-12	-2.492345649e-12	-3.050663025e-12	-2.973799248e-12	-2.622863357e-12	-2.911554660e-12	-3.019691445e-12	-2.990528423e-12	-3.035968480e-12	-3.113284397e-12	-2.980958130e-12	-2.847275443e-12	-2.790833316e-12	-2.771165232e-12
-2.688197567e-12	-3.425713043e-12	-3.432495141e-12	-3.253975251e-12	-3.496774359e-12	-3.170404733e-12	-3.165431194e-12	-3.481024820e-12	-3.432721211e-12	-3.619078192e-12	-3.389918637e-12	-3.181482160e-12	-3.270478356e-12	-3.272362273e-12	-3.147044173e-12	-3.581399870e-12	-3.541536205e-12	-3.282309350e-12	-3.478613408e-12	-3.683357410e-12	-3.698579452e-12	-3.266107671e-12	-3.232197181e-12	-3.305443839e-12	-2.901306157e-12	-2.826552366e-12	-2.819845624e-12	-3.290297154e-12	-2.875082045e-12	-2.526030069e-12	-2.931448814e-12	-2.891660506e-12	-2.722032700e-12	-2.737932952e-12	-3.394741463e-12	-3.694886976e-12	-3.418930945e-12	-3.584715563e-12	-3.405743533e-12	-2.723539833e-12	-2.999872647e-12	-3.381478693e-12	-3.460226386e-12	-3.082388173e-12	-3.081483893e-12	-2.838760142e-12	-2.979450997e-12	-3.346889994e-12	-3.532644121e-12	-3.256914160e-12	-3.698353382e-12	-3.830679649e-12	-3.329482609e-12	-3.405140680e-12	-3.085628508e-12	-3.445983981e-12	-4.012967371e-12	-3.667155731e-12	-3.054958354e-12	-3.481778387e-12	-3.277863308e-12	-3.403332120e-12	-3.462487086e-12	-3.258195223e-12	-3.551106499e-12	-3.026624256e-12	-3.870543314e-12	-3.740176319e-12	-2.898216534e-12	-2.879829513e-12	-3.261661629e-12	-3.261134133e-12	-3.478311981e-12	-3.154956621e-12	-3.333928651e-12	-2.928509905e-12	-3.560902863e-12	-3.530157352e-12	-3.720432879e-12	-3.697524459e-12	-3.070783249e-12	-3.651104766e-12	-3.726913550e-12	-3.749294473e-12	-3.947934587e-12	-3.760221187e-12	-3.455554274e-12	-3.723823928e-12	-3.724728207e-12	-3.522169548e-12	-2.931147388e-12	-3.476428065e-12	-3.710636515e-12	-3.193237796e-12	-3.247946720e-12	-3.608528262e-12	-3.381554050e-12	-2.969051780e-12	-3.293838916e-12	-3.185099279e-12	-2.800629680e-12	-2.415707942e-12	-1.426727344e-12	3.009442941e-12	6.998024902e-11	6.517701652e-11	1.501920464e-10	9.647232942e-11	8.192894923e-11	7.315396945e-11	6.756951462e-11	6.370093058e-11	6.007650207e-11	5.695854556e-11	5.460146508e-11	5.262388067e-11	5.089783674e-11	4.915054223e-11	4.827278804e-11	4.631351529e-11	4.530426375e-11	4.395884623e-11	4.341929266e-11	4.213928470e-11	-3.851101300e-12	-3.246514944e-12	-3.338676119e-12	-3.701518361e-12	-3.393761826e-12	-3.559094304e-12	-3.824952544e-12	-3.394440036e-12	-3.581249157e-12	-3.617043563e-12	-3.014491836e-12	-3.323001937e-12	-3.188414971e-12	-3.573035283e-12	-3.277637238e-12	-3.326920483e-12	-2.864607471e-12	-3.084573515e-12	-3.348849266e-12	-3.125492173e-12	-3.490369044e-12	-3.197156342e-12	-3.692550920e-12	-3.698278025e-12	-3.585469129e-12	-3.448395393e-12	-3.339881826e-12	-3.316295196e-12	-3.148174523e-12	-3.722618221e-12	-3.184044286e-12	-3.378615141e-12	-3.256914160e-12	-4.065114169e-12	-3.669341074e-12	-3.174775418e-12	-3.365955225e-12	-3.021047864e-12	-3.240787839e-12	-3.415087757e-12	-3.798050222e-12	-3.359323840e-12	-3.523827394e-12	-3.317048763e-12	-3.178995390e-12	-3.506420009e-12	-3.848614530e-12	-4.064059176e-12	-3.783883173e-12	-3.414635617e-12	-3.211021964e-12	-3.635505941e-12	-3.361283113e-12	-3.261963056e-12	-3.023534634e-12	-3.364674162e-12	-3.292783923e-12	-2.994296256e-12	-3.579063814e-12	-3.233402888e-12	-3.675746389e-12	-3.519456709e-12	-3.237472146e-12	-3.550352933e-12	-3.526314163e-12	-3.225716510e-12	-3.804455537e-12	-3.330612958e-12	-3.229936482e-12	-3.159628733e-12	-2.856695023e-12	-3.451258946e-12	-3.259325573e-12	-3.443195785e-12	-3.243349965e-12	-2.512089090e-12	-3.175604341e-12	-2.779153037e-12	-2.952096535e-12	-3.289618944e-12	-3.219386552e-12	-3.028658885e-12	-3.039660955e-12	-2.474184698e-12	-3.063247585e-12	-3.202431307e-12	-3.695715899e-12	-3.549524010e-12	-3.618023199e-12	-3.240712482e-12	-3.052471585e-12	-3.704457270e-12	-3.575145269e-12	-3.508906779e-12	-2.876513821e-12	-3.518778499e-12	-3.545304038e-12	-4.052152826e-12	-3.722090725e-12	-3.844997411e-12	-3.435735477e-12	-3.876345775e-12	-3.495870079e-12	-3.614858220e-12	-3.580495591e-12	-3.094520592e-12	-3.076887138e-12	-3.250282776e-12	-2.811330324e-12	-2.993165906e-12	-3.007332955e-12	-3.465275282e-12	-3.440332232e-12	-3.427898386e-12	-3.376128372e-12	-3.356384931e-12	-3.062343305e-12	-3.589387675e-12	-3.848614530e-12	-3.530760205e-12	-3.258496650e-12	-3.569493520e-12	-3.052320872e-12	-3.153675558e-12	-3.041243445e-12	-3.126170383e-12	-3.180427167e-12
-3.413957407e-12	-3.262942692e-12	-3.013210773e-12	-3.686296319e-12	-3.475147002e-12	-3.014567193e-12	-2.641627161e-12	-3.402503197e-12	-3.600615814e-12	-3.593306220e-12	-4.224267402e-12	-3.948009944e-12	-3.737840264e-12	-3.519381352e-12	-3.792323117e-12	-3.735805634e-12	-3.824500404e-12	-3.359022413e-12	-3.425185547e-12	-3.884710363e-12	-3.720508235e-12	-3.561505716e-12	-3.847710251e-12	-3.574090276e-12	-3.689988794e-12	-3.289694301e-12	-2.946294073e-12	-2.832128757e-12	-3.143351698e-12	-3.107180509e-12	-3.146516677e-12	-2.933784870e-12	-3.300244231e-12	-3.736107061e-12	-3.394590749e-12	-3.148099166e-12	-4.068128435e-12	-3.880641104e-12	-3.257667727e-12	-3.825555397e-12	-3.051642662e-12	-3.708149746e-12	-3.276959028e-12	-3.615008934e-12	-3.659544710e-12	-3.550428289e-12	-3.844017775e-12	-3.626312430e-12	-3.605212570e-12	-3.689461298e-12	-3.624880654e-12	-3.889307118e-12	-3.994354280e-12	-3.794809886e-12	-3.381478693e-12	-3.471529883e-12	-3.395268959e-12	-3.733846361e-12	-3.552613632e-12	-4.024044798e-12	-3.404763896e-12	-3.750274110e-12	-3.875215426e-12	-3.847559537e-12	-3.573562779e-12	-4.030374756e-12	-4.099476799e-12	-3.713047928e-12	-3.888704265e-12	-4.067299512e-12	-3.804907677e-12	-4.378371739e-12	-4.279353108e-12	-4.391785222e-12	-3.997745329e-12	-4.086892239e-12	-3.793905607e-12	-3.411922778e-12	-3.710335088e-12	-3.363393099e-12	-3.701819788e-12	-3.394892176e-12	-3.088190634e-12	-3.954716685e-12	-3.904378447e-12	-3.685768822e-12	-3.291728930e-12	-3.571000653e-12	-3.461507449e-12	-3.636334864e-12	-2.866340674e-12	-3.451560372e-12	-3.213885517e-12	-3.593909073e-12	-3.644096598e-12	-3.272136203e-12	-3.681850277e-12	-3.711691508e-12	-2.961440759e-12	-3.056691557e-12	-3.174473992e-12	-3.033330997e-12	-1.989189336e-12	4.946410123e-13	4.524819841e-11	6.700125017e-11	1.121201366e-10	8.649586330e-11	7.666898012e-11	6.859240571e-11	6.351201147e-11	6.028478783e-11	5.741716609e-11	5.476257759e-11	5.276999720e-11	5.081841083e-11	4.909319582e-11	4.785644258e-11	4.591495400e-11	4.477812366e-11	4.408650038e-11	4.290008538e-11	4.220296106e-11	4.074488536e-11	3.970978649e-11	3.882879197e-11	3.838109814e-11	6.583457860e-12	-3.517120653e-12	-3.818622586e-12	-3.389014358e-12	-3.622393885e-12	-3.337922553e-12	-3.696469466e-12	-3.908296993e-12	-3.733846361e-12	-4.004904210e-12	-3.171761153e-12	-3.594059786e-12	-3.442291505e-12	-3.462562442e-12	-3.681624207e-12	-4.003773861e-12	-4.024346225e-12	-3.998649609e-12	-3.529554499e-12	-3.519004569e-12	-3.214111587e-12	-3.232573964e-12	-3.742361662e-12	-3.796090949e-12	-4.050721050e-12	-3.735880991e-12	-3.803099117e-12	-4.081315848e-12	-3.904001664e-12	-3.590819451e-12	-3.783506390e-12	-3.956675958e-12	-4.312133249e-12	-3.822842558e-12	-3.508153212e-12	-3.897219566e-12	-3.620962108e-12	-3.866021915e-12	-3.441688652e-12	-3.511242835e-12	-3.762406530e-12	-3.495041156e-12	-3.716438977e-12	-3.649899060e-12	-3.569568877e-12	-3.079675333e-12	-3.677931731e-12	-3.678685298e-12	-3.719830026e-12	-3.677027452e-12	-3.996464266e-12	-3.531890555e-12	-3.946804238e-12	-3.703402277e-12	-3.669868570e-12	-3.470625603e-12	-3.703929774e-12	-4.033012239e-12	-4.194124744e-12	-3.966547679e-12	-4.073629470e-12	-4.572113671e-12	-4.204448604e-12	-3.874838643e-12	-4.294273724e-12	-4.477541083e-12	-3.930979342e-12	-3.807093019e-12	-3.734298501e-12	-3.879133971e-12	-3.526917017e-12	-3.835803901e-12	-3.973555846e-12	-4.084556183e-12	-4.173929163e-12	-4.082747624e-12	-4.172271317e-12	-4.182670534e-12	-4.152075736e-12	-3.963081273e-12	-4.294951934e-12	-3.573562779e-12	-3.952531343e-12	-4.203393611e-12	-4.166544212e-12	-4.204147178e-12	-4.104601051e-12	-3.926081161e-12	-4.534510706e-12	-3.802948404e-12	-4.244462982e-12	-3.517723506e-12	-3.504460737e-12	-3.397002162e-12	-3.544851898e-12	-4.110403512e-12	-4.005054924e-12	-4.359683291e-12	-4.390730228e-12	-3.713123284e-12	-4.350037641e-12	-4.113568491e-12	-4.220198143e-12	-4.004828854e-12	-4.100381079e-12	-4.231124856e-12	-4.770301645e-12	-4.584773587e-12	-4.319593556e-12	-5.010463270e-12	-4.504518761e-12	-4.507005530e-12	-4.025476574e-12	-3.712068291e-12	-3.923368321e-12	-4.064059176e-12	-3.994203567e-12	-3.855396628e-12	-4.030977609e-12	-3.803551257e-12	-3.773257886e-12	-3.469947394e-12	-3.592778724e-12	-3.816437243e-12
-3.975364406e-12	-4.323888885e-12	-4.337980578e-12	-4.472266117e-12	-4.274605640e-12	-4.050947120e-12	-3.892848881e-12	-3.908146279e-12	-4.648449952e-12	-4.541895657e-12	-3.996991763e-12	-4.216882450e-12	-4.417029697e-12	-4.417632550e-12	-3.904981300e-12	-4.207688940e-12	-4.429991040e-12	-4.287717696e-12	-4.175587009e-12	-4.436245642e-12	-4.283573080e-12	-4.173175597e-12	-4.195782590e-12	-4.075814813e-12	-4.506779460e-12	-4.259232884e-12	-3.535658387e-12	-4.154110366e-12	-4.606702371e-12	-4.229467010e-12	-4.488166369e-12	-4.504066621e-12	-3.809504432e-12	-3.705210837e-12	-3.754644795e-12	-3.926156517e-12	-3.935123958e-12	-3.838441383e-12	-3.750650893e-12	-3.785465663e-12	-3.535130891e-12	-3.789836348e-12	-3.873331510e-12	-3.437920820e-12	-3.728722110e-12	-3.488032988e-12	-3.881846810e-12	-3.995183203e-12	-4.009651679e-12	-4.210024996e-12	-3.943789972e-12	-3.926533300e-12	-3.659243284e-12	-3.813875117e-12	-3.520285632e-12	-4.128263037e-12	-3.769640767e-12	-4.010480602e-12	-3.977097609e-12	-3.767304711e-12	-3.317651616e-12	-3.542967982e-12	-3.750876963e-12	-4.170462758e-12	-3.910482335e-12	-3.412600987e-12	-3.784938166e-12	-3.810257999e-12	-3.324509070e-12	-3.700237298e-12	-3.461206023e-12	-3.648919423e-12	-3.326392986e-12	-3.184722495e-12	-3.773257886e-12	-3.463014582e-12	-3.743492012e-12	-3.539727646e-12	-3.121648984e-12	-3.794960600e-12	-3.673636403e-12	-3.644774808e-12	-3.611316458e-12	-4.018920546e-12	-3.755624432e-12	-3.962553776e-12	-4.189377275e-12	-3.939946783e-12	-3.998046756e-12	-3.502501464e-12	-3.686220962e-12	-3.534754108e-12	-3.830830362e-12	-3.850950586e-12	-3.960971287e-12	-4.197365080e-12	-3.661805410e-12	-3.673485689e-12	-3.375600875e-12	-3.161889432e-12	-2.890078017e-12	-2.505306992e-12	-1.878791852e-12	-1.634485612e-13	4.360587571e-12	1.125367081e-10	1.223072245e-10	1.002177807e-10	9.025111095e-11	8.202834465e-11	7.531941798e-11	7.146281564e-11	6.822549421e-11	6.497347823e-11	6.261692525e-11	6.046406129e-11	5.791225924e-11	5.671891143e-11	5.504290431e-11	5.330058334e-11	5.267979530e-11	5.164560072e-11	4.974593507e-11	4.860827582e-11	4.802026792e-11	2.584378718e-11	-3.726988907e-12	-3.877551482e-12	-4.183348744e-12	-4.027586560e-12	-4.260438591e-12	-4.414768998e-12	-4.650032441e-12	-4.558700188e-12	-3.854341635e-12	-3.901816321e-12	-3.964965189e-12	-4.477767152e-12	-4.203845751e-12	-3.794659173e-12	-3.987195399e-12	-4.064209889e-12	-3.780944264e-12	-3.652310472e-12	-3.966698392e-12	-3.933466112e-12	-3.822013635e-12	-3.455177491e-12	-4.050344267e-12	-4.092770057e-12	-3.931732909e-12	-3.676198529e-12	-3.922765468e-12	-3.897671706e-12	-3.972952993e-12	-3.937083231e-12	-3.793980963e-12	-3.915832657e-12	-3.781321047e-12	-3.749294473e-12	-3.934822531e-12	-4.025928714e-12	-4.171291681e-12	-3.638143423e-12	-3.535583031e-12	-3.716363620e-12	-3.731661019e-12	-3.324961210e-12	-3.142899558e-12	-3.571076010e-12	-3.516668513e-12	-4.024873721e-12	-3.466707058e-12	-3.375676232e-12	-3.334832931e-12	-3.144934187e-12	-3.544399758e-12	-3.299113881e-12	-3.848011677e-12	-3.831659285e-12	-3.882901804e-12	-3.800160208e-12	-4.022763735e-12	-3.624880654e-12	-3.770545047e-12	-3.884559650e-12	-3.798050222e-12	-3.821109355e-12	-3.948537441e-12	-3.928115790e-12	-3.858636964e-12	-4.216204241e-12	-3.729098893e-12	-3.899781692e-12	-4.074985889e-12	-3.364222022e-12	-3.728948179e-12	-3.603177940e-12	-4.013042728e-12	-4.274907066e-12	-3.723522501e-12	-4.056071372e-12	-3.799331285e-12	-3.677102808e-12	-4.181615541e-12	-3.608980402e-12	-3.793905607e-12	-3.161361936e-12	-3.530986275e-12	-3.199944538e-12	-3.672430696e-12	-3.578084178e-12	-3.565273548e-12	-3.930828629e-12	-4.189829415e-12	-3.932712545e-12	-4.093900407e-12	-3.747485914e-12	-3.796543089e-12	-3.506646079e-12	-3.922011902e-12	-3.980865441e-12	-3.887950699e-12	-4.015981637e-12	-4.207010730e-12	-4.206558590e-12	-4.399396243e-12	-4.281161668e-12	-5.104357649e-12	-4.441445250e-12	-4.579046482e-12	-4.516274398e-12	-4.356669025e-12	-3.933918252e-12	-3.997067119e-12	-3.994580350e-12	-4.259534311e-12	-4.175662366e-12	-4.436170285e-12	-4.189678702e-12	-4.308591486e-12	-3.904303090e-12	-3.932411119e-12	-3.695640543e-12	-3.862630866e-12	-4.074533750e-12	-4.041979679e-12	-4.023668015e-12	-3.952380629e-12	-3.484189799e-12	-3.537391590e-12
-3.178920034e-12	-3.342820735e-12	-3.545228681e-12	-3.256914160e-12	-3.471379170e-12	-3.290523224e-12	-3.873256153e-12	-3.518175646e-12	-3.961950923e-12	-3.444627561e-12	-3.219687978e-12	-3.469344540e-12	-3.541084066e-12	-3.330914385e-12	-3.438674386e-12	-3.619379619e-12	-3.634074165e-12	-3.856300908e-12	-3.945071035e-12	-3.465425995e-12	-3.270101573e-12	-3.226470076e-12	-3.295496762e-12	-3.177337544e-12	-3.267011951e-12	-3.377484791e-12	-2.951192255e-12	-2.818187778e-12	-3.386904372e-12	-3.114414746e-12	-3.779437131e-12	-3.796543089e-12	-3.606568989e-12	-3.765948292e-12	-3.903700237e-12	-3.956374532e-12	-3.299716734e-12	-3.535733744e-12	-3.871598307e-12	-3.458643897e-12	-3.869412964e-12	-3.497603282e-12	-3.761276180e-12	-3.568137101e-12	-3.760145830e-12	-3.719076459e-12	-3.755096935e-12	-3.781547117e-12	-3.960594504e-12	-4.192692968e-12	-3.846579901e-12	-3.713801494e-12	-3.809730502e-12	-3.653440822e-12	-3.928115790e-12	-3.622017101e-12	-4.129920883e-12	-3.971898000e-12	-3.762406530e-12	-3.825103257e-12	-3.718624319e-12	-3.615235003e-12	-3.555929325e-12	-3.719227172e-12	-3.617495703e-12	-3.551257213e-12	-3.878154335e-12	-3.484717296e-12	-3.570021017e-12	-3.829549299e-12	-3.274849042e-12	-3.818019733e-12	-3.378615141e-12	-3.786068516e-12	-3.812895481e-12	-3.937309301e-12	-4.097216099e-12	-3.759241550e-12	-3.520888485e-12	-4.158857834e-12	-3.450806806e-12	-3.535281604e-12	-3.313883783e-12	-3.337018273e-12	-3.618399983e-12	-3.693304487e-12	-3.755473718e-12	-3.868508684e-12	-3.793754893e-12	-3.817416880e-12	-3.815608320e-12	-3.946427455e-12	-4.045144658e-12	-4.076643736e-12	-3.541385492e-12	-3.857732684e-12	-3.652687256e-12	-3.747109131e-12	-3.977625105e-12	-3.616516066e-12	-3.220818328e-12	-2.605682042e-12	-1.763948326e-12	-8.217642045e-13	2.272530318e-12	1.285034246e-11	1.364876871e-10	1.146103722e-10	1.019635681e-10	9.358564245e-11	8.718567802e-11	8.188938700e-11	7.733709212e-11	7.359457975e-11	7.093305843e-11	6.764441912e-11	6.571144585e-11	6.373551928e-11	6.154979982e-11	5.987311448e-11	5.793298232e-11	5.603565274e-11	5.519964613e-11	5.437984119e-11	5.237648481e-11	5.084606672e-11	4.297664773e-12	-3.737463480e-12	-4.087344379e-12	-3.521943478e-12	-3.891191034e-12	-3.774237523e-12	-4.157878198e-12	-3.568363171e-12	-3.451108232e-12	-3.972952993e-12	-3.409812791e-12	-3.393837183e-12	-3.490670471e-12	-3.533473045e-12	-3.611241101e-12	-3.792775257e-12	-4.015228071e-12	-4.106334253e-12	-3.707546893e-12	-3.826459677e-12	-3.605212570e-12	-4.273776717e-12	-4.199851849e-12	-4.469025782e-12	-4.468724355e-12	-4.296986563e-12	-4.121104156e-12	-4.071293414e-12	-3.637766640e-12	-3.848840600e-12	-3.536713380e-12	-3.633471311e-12	-3.366934861e-12	-3.768510418e-12	-4.071896267e-12	-3.768510418e-12	-3.775066446e-12	-4.129920883e-12	-4.211456772e-12	-3.896692069e-12	-3.761125467e-12	-4.112061358e-12	-4.318086424e-12	-3.780492124e-12	-3.722241438e-12	-3.790815984e-12	-4.165112436e-12	-3.820581859e-12	-3.911386615e-12	-4.128489107e-12	-3.632567032e-12	-3.731284235e-12	-3.761652963e-12	-3.225565797e-12	-3.829473943e-12	-3.820054362e-12	-4.118240603e-12	-4.160063541e-12	-4.323662815e-12	-4.127735540e-12	-3.932561832e-12	-3.949818504e-12	-4.009274896e-12	-4.250265444e-12	-3.889834615e-12	-4.123214142e-12	-4.309345053e-12	-4.461791544e-12	-4.564954790e-12	-3.992621077e-12	-4.347927655e-12	-4.511979069e-12	-4.210100352e-12	-4.385907403e-12	-4.568647265e-12	-4.444459516e-12	-3.799255928e-12	-4.003773861e-12	-4.493290621e-12	-3.777703928e-12	-4.546869195e-12	-3.974686196e-12	-3.665347172e-12	-3.694208767e-12	-4.319141417e-12	-4.023969441e-12	-4.227281667e-12	-3.642664822e-12	-3.935651454e-12	-3.808148013e-12	-4.273023150e-12	-3.863309076e-12	-4.409946173e-12	-3.864062642e-12	-3.846881328e-12	-3.552236849e-12	-3.753665159e-12	-3.223531167e-12	-3.730606026e-12	-3.701518361e-12	-3.626764570e-12	-3.707170109e-12	-3.943488545e-12	-3.783054250e-12	-3.548016877e-12	-3.809881215e-12	-4.001513161e-12	-3.928417217e-12	-4.106635680e-12	-3.757583704e-12	-3.899706335e-12	-3.737237410e-12	-3.579515954e-12	-3.525485240e-12	-3.686673102e-12	-3.954641329e-12	-3.748766977e-12	-3.909427342e-12	-3.890362111e-12	-3.839722446e-12	-3.891869244e-12	-4.299699402e-12	-3.922388685e-12	-3.544249045e-12	-3.600766528e-12
-3.944016042e-12	-4.130674450e-12	-3.785314949e-12	-3.374696595e-12	-4.047631428e-12	-3.245535307e-12	-3.677554948e-12	-3.178543251e-12	-3.117202942e-12	-3.201979167e-12	-3.411244568e-12	-3.884559650e-12	-4.017413413e-12	-3.927136154e-12	-3.988702532e-12	-3.710862585e-12	-3.665723955e-12	-3.406497099e-12	-4.004828854e-12	-4.277469192e-12	-4.470005418e-12	-4.196837583e-12	-3.943789972e-12	-4.116507400e-12	-3.923820461e-12	-4.054187456e-12	-4.274530283e-12	-3.932637189e-12	-4.538278538e-12	-4.233837695e-12	-4.517178677e-12	-4.368575375e-12	-4.455913726e-12	-4.259609668e-12	-4.408740466e-12	-4.425921781e-12	-4.413563292e-12	-4.145142925e-12	-4.320422479e-12	-4.203845751e-12	-4.251546507e-12	-4.769623435e-12	-4.518987237e-12	-4.696376777e-12	-4.670303378e-12	-4.535490342e-12	-4.535791768e-12	-4.800519659e-12	-4.591480329e-12	-4.466162229e-12	-4.881754122e-12	-4.640160721e-12	-4.231049500e-12	-4.612730902e-12	-4.919432444e-12	-4.743022540e-12	-4.723881952e-12	-4.117788463e-12	-4.190959765e-12	-4.447398425e-12	-4.527050398e-12	-4.212134982e-12	-4.371589641e-12	-4.776480890e-12	-5.172404698e-12	-4.560810174e-12	-5.096520558e-12	-4.920487437e-12	-4.632172916e-12	-4.584396804e-12	-4.936839829e-12	-4.751311771e-12	-4.676181197e-12	-4.886652304e-12	-4.942943717e-12	-4.759827072e-12	-3.877325412e-12	-4.296383710e-12	-4.085686533e-12	-4.204599317e-12	-4.455310873e-12	-4.057201721e-12	-4.450412691e-12	-4.610394846e-12	-4.551239881e-12	-4.201886478e-12	-4.572791881e-12	-4.572113671e-12	-4.606853084e-12	-4.225171681e-12	-4.466614369e-12	-4.423058229e-12	-4.638578231e-12	-4.035649721e-12	-5.083333145e-12	-4.925536332e-12	-4.887707297e-12	-5.133746740e-12	-4.922145283e-12	-4.680250455e-12	-4.373624270e-12	-3.955997748e-12	-2.875609541e-12	-1.908633083e-12	2.151356834e-12	9.347313498e-12	1.294525415e-10	1.088246398e-10	9.762995818e-11	9.021335727e-11	8.474442417e-11	7.944255676e-11	7.574036019e-11	7.174517699e-11	6.867371553e-11	6.638159248e-11	6.385782311e-11	6.250697991e-11	5.987846480e-11	5.793313304e-11	5.597619634e-11	5.461728998e-11	5.399288483e-11	5.255447720e-11	5.156037235e-11	5.059550588e-11	4.938037999e-11	4.839222832e-11	4.822915654e-11	-8.941065829e-13	-4.410398313e-12	-4.370911431e-12	-4.246120828e-12	-4.048008211e-12	-4.526070761e-12	-4.239866227e-12	-4.818454541e-12	-4.756812806e-12	-4.628329728e-12	-4.269179961e-12	-4.410473669e-12	-4.631570063e-12	-4.830586960e-12	-4.642948916e-12	-4.380255655e-12	-4.758018512e-12	-4.658246315e-12	-4.444082733e-12	-4.019824826e-12	-4.477465726e-12	-4.262548577e-12	-4.183800884e-12	-3.781170334e-12	-4.172120604e-12	-4.374377837e-12	-4.103847484e-12	-4.526598258e-12	-4.298719766e-12	-4.182670534e-12	-4.503162342e-12	-4.491632775e-12	-4.658246315e-12	-4.603914175e-12	-4.193220464e-12	-3.858938391e-12	-3.887573915e-12	-3.902494531e-12	-4.100682505e-12	-4.289074116e-12	-4.067450225e-12	-4.057126365e-12	-3.802420908e-12	-4.174532016e-12	-3.977172965e-12	-3.975741189e-12	-4.286285920e-12	-4.171743821e-12	-4.295253360e-12	-3.995107847e-12	-4.435718145e-12	-4.490954565e-12	-4.532928216e-12	-3.948537441e-12	-4.500826286e-12	-4.349133361e-12	-4.296459067e-12	-3.933013972e-12	-4.153130729e-12	-4.081918701e-12	-4.216656380e-12	-4.216807094e-12	-4.042055036e-12	-4.039191483e-12	-3.891417104e-12	-4.482816048e-12	-4.414241501e-12	-3.855698055e-12	-4.113568491e-12	-3.936555734e-12	-3.966170895e-12	-3.877476125e-12	-3.531513772e-12	-3.904378447e-12	-3.789007425e-12	-3.638746276e-12	-4.033539735e-12	-3.607548626e-12	-3.778231425e-12	-3.663463256e-12	-4.471211124e-12	-3.963533413e-12	-4.466991152e-12	-4.486583880e-12	-3.724577494e-12	-4.247401891e-12	-4.362622200e-12	-4.368952158e-12	-4.455687656e-12	-4.175059513e-12	-3.961498783e-12	-3.959087371e-12	-3.819828292e-12	-4.181992324e-12	-4.465257950e-12	-4.471211124e-12	-4.090810785e-12	-4.176642002e-12	-3.803852684e-12	-4.039342197e-12	-3.874160433e-12	-3.594210500e-12	-3.779813914e-12	-3.414560260e-12	-3.903398811e-12	-3.896767426e-12	-3.947181021e-12	-3.964437692e-12	-3.799406642e-12	-3.964814476e-12	-4.149287541e-12	-4.243860129e-12	-4.091564351e-12	-4.434437082e-12	-3.636937717e-12	-3.923669748e-12	-3.854643062e-12	-3.647939787e-12	-4.280332745e-12	-3.707622249e-12	-3.646131228e-12	-3.463466722e-12
-3.397077519e-12	-3.801667341e-12	-3.571528150e-12	-3.692475564e-12	-3.663011116e-12	-3.417423813e-12	-3.438071533e-12	-3.952832769e-12	-4.100155009e-12	-3.686823815e-12	-3.797070586e-12	-3.620208542e-12	-3.938213580e-12	-3.806188740e-12	-3.754494082e-12	-4.543101363e-12	-4.363752550e-12	-3.677027452e-12	-4.044993945e-12	-3.893677804e-12	-3.693078417e-12	-3.851930223e-12	-3.473564512e-12	-3.645076235e-12	-3.768435061e-12	-4.026983707e-12	-4.135572631e-12	-3.855999482e-12	-3.931506839e-12	-3.655626165e-12	-3.768661131e-12	-3.752836236e-12	-3.736333131e-12	-3.882751090e-12	-4.098497162e-12	-3.865645132e-12	-3.821486139e-12	-3.843188852e-12	-3.936329664e-12	-4.305200437e-12	-4.133010505e-12	-4.173703093e-12	-4.180711261e-12	-4.352675123e-12	-3.690742361e-12	-3.357892064e-12	-3.791192768e-12	-4.020804462e-12	-3.701141578e-12	-3.874085076e-12	-3.912064825e-12	-3.462562442e-12	-4.099928939e-12	-3.940172853e-12	-3.713650781e-12	-3.943639259e-12	-4.091790421e-12	-4.009425609e-12	-4.066470589e-12	-3.741984879e-12	-3.879209328e-12	-3.479216261e-12	-3.406949239e-12	-3.725104991e-12	-3.822616488e-12	-4.050645693e-12	-3.983879707e-12	-3.405065323e-12	-3.687652738e-12	-3.848991314e-12	-3.226620790e-12	-3.371305546e-12	-3.248097433e-12	-3.104995166e-12	-3.402503197e-12	-3.549373296e-12	-3.411319924e-12	-3.449299673e-12	-3.330839028e-12	-3.295722832e-12	-3.547715450e-12	-3.338299336e-12	-3.411621351e-12	-3.696469466e-12	-3.429254806e-12	-3.241616762e-12	-3.218482272e-12	-2.992789123e-12	-3.601595451e-12	-3.934370391e-12	-3.529027003e-12	-4.040924686e-12	-3.762029746e-12	-4.015755567e-12	-4.193823317e-12	-3.989606812e-12	-3.711239368e-12	-3.901439538e-12	-3.803475901e-12	-3.545605464e-12	-3.137247810e-12	-3.247268510e-12	-2.793621512e-12	-9.837056328e-13	1.412409581e-12	8.016063022e-12	1.233258956e-10	1.052552970e-10	9.491802327e-11	8.759689922e-11	8.184417301e-11	7.776165146e-11	7.333188649e-11	7.000858312e-11	6.761322147e-11	6.491206256e-11	6.353024778e-11	6.088274280e-11	5.873575665e-11	5.811557147e-11	5.533099276e-11	5.407502357e-11	5.349349634e-11	5.243028945e-11	5.102986158e-11	5.013831712e-11	4.901294100e-11	4.831099386e-11	-4.240016940e-12	-3.844093132e-12	-4.261418227e-12	-4.195707233e-12	-4.445439152e-12	-4.336624158e-12	-4.292841948e-12	-4.403992998e-12	-4.046501078e-12	-4.506025894e-12	-4.068505218e-12	-4.096990030e-12	-4.006185273e-12	-3.990360378e-12	-4.426599991e-12	-4.533455713e-12	-3.758035844e-12	-4.054564239e-12	-3.946352098e-12	-4.050344267e-12	-3.944317468e-12	-4.097743596e-12	-3.713801494e-12	-4.239564800e-12	-3.781848544e-12	-3.744245578e-12	-4.058558141e-12	-3.608226836e-12	-4.349208718e-12	-4.344762676e-12	-4.467820075e-12	-4.268652465e-12	-3.707848319e-12	-3.972726923e-12	-4.082747624e-12	-3.733544935e-12	-3.479366974e-12	-3.260305209e-12	-3.504159310e-12	-3.207254132e-12	-3.958409161e-12	-3.776724292e-12	-3.827363957e-12	-3.767606138e-12	-4.288395906e-12	-3.615913213e-12	-3.558416094e-12	-3.229258272e-12	-3.296325685e-12	-3.332722945e-12	-2.663103805e-12	-3.461055310e-12	-2.955562941e-12	-3.308307392e-12	-3.505214303e-12	-3.385171169e-12	-3.146968817e-12	-3.480723394e-12	-3.047724116e-12	-3.353596735e-12	-3.283364343e-12	-3.629025269e-12	-3.457438191e-12	-3.367010218e-12	-3.620886752e-12	-3.295421406e-12	-3.548921157e-12	-3.329407252e-12	-3.593456933e-12	-3.806942306e-12	-3.845600265e-12	-3.822088992e-12	-3.579289884e-12	-3.652837969e-12	-3.914476237e-12	-3.505817156e-12	-3.770092907e-12	-3.536939450e-12	-3.505967869e-12	-3.524354891e-12	-3.539501576e-12	-3.139885292e-12	-3.079449264e-12	-3.389315784e-12	-3.373943029e-12	-3.202732733e-12	-3.124060397e-12	-3.578008821e-12	-3.863158363e-12	-4.025325861e-12	-4.008144546e-12	-3.915908014e-12	-3.751329103e-12	-3.217050496e-12	-3.369496987e-12	-3.655174025e-12	-3.534904821e-12	-4.058407428e-12	-3.434605127e-12	-3.083443166e-12	-3.554196122e-12	-3.687878808e-12	-3.822917915e-12	-3.415087757e-12	-3.274622972e-12	-3.339881826e-12	-4.037533637e-12	-3.604232933e-12	-3.760748683e-12	-3.829700013e-12	-3.561807143e-12	-3.606795059e-12	-3.376580511e-12	-3.432193715e-12	-3.508077855e-12	-3.571678863e-12	-3.085779222e-12	-3.167541181e-12	-3.153072705e-12	-3.153901628e-12	-3.118333292e-12	-2.856996450e-12	-3.060308676e-12
-3.196930272e-12	-3.383965463e-12	-3.422623421e-12	-3.594511926e-12	-3.537919087e-12	-4.047932854e-12	-3.587428402e-12	-4.070765917e-12	-3.740929886e-12	-4.152452520e-12	-3.880565748e-12	-3.524580961e-12	-3.708903312e-12	-3.333024371e-12	-3.226997573e-12	-3.487731562e-12	-3.990360378e-12	-4.581231825e-12	-3.616365353e-12	-3.531890555e-12	-3.649597633e-12	-3.612898947e-12	-3.841304936e-12	-3.385171169e-12	-3.611994668e-12	-3.355254581e-12	-3.193313153e-12	-3.498130778e-12	-3.758261914e-12	-3.250282776e-12	-3.295346049e-12	-3.388411505e-12	-3.292331783e-12	-3.404462470e-12	-3.212679810e-12	-3.449299673e-12	-3.525560597e-12	-2.813214240e-12	-2.919768535e-12	-3.461733519e-12	-4.105128547e-12	-3.816060460e-12	-3.469193827e-12	-3.820657215e-12	-3.863836573e-12	-4.043110029e-12	-3.807017663e-12	-3.626538500e-12	-3.752610166e-12	-3.943337832e-12	-4.232029136e-12	-4.065566309e-12	-4.384023487e-12	-4.110102086e-12	-4.010631315e-12	-4.192919038e-12	-4.339035571e-12	-4.185760156e-12	-4.258403961e-12	-4.184026954e-12	-4.029395120e-12	-4.408514397e-12	-4.121028799e-12	-4.477917866e-12	-4.282216661e-12	-3.914400881e-12	-4.242503709e-12	-4.002718868e-12	-4.014022364e-12	-4.069861638e-12	-4.072649833e-12	-3.903097384e-12	-3.823596125e-12	-4.144841499e-12	-3.989154672e-12	-4.151698953e-12	-3.993525357e-12	-3.843113495e-12	-3.619982472e-12	-3.825555397e-12	-3.415841323e-12	-4.278222759e-12	-3.438448316e-12	-3.739045970e-12	-3.855019845e-12	-3.717795396e-12	-3.705286193e-12	-4.143560436e-12	-4.238735877e-12	-3.773483956e-12	-4.191110478e-12	-4.341673053e-12	-4.260287877e-12	-4.178676632e-12	-4.099401442e-12	-4.053057106e-12	-3.828645020e-12	-4.432402453e-12	-3.885011790e-12	-3.821486139e-12	-3.801064488e-12	-3.544625828e-12	-2.559036279e-12	-1.477894505e-12	1.038414556e-12	8.783721156e-12	1.194549002e-10	1.036546465e-10	9.215846297e-11	8.566181596e-11	8.023839828e-11	7.535061563e-11	7.206483987e-11	6.825337617e-11	6.543443482e-11	6.361283866e-11	6.113842789e-11	5.937960382e-11	5.802235530e-11	5.683910528e-11	5.484245563e-11	5.427705473e-11	5.227324621e-11	5.156029700e-11	5.064373413e-11	4.974081082e-11	4.872801752e-11	4.830473925e-11	4.728290316e-11	4.664515988e-11	-3.514633884e-12	-3.185400705e-12	-3.501597184e-12	-3.531513772e-12	-3.319686245e-12	-3.461658163e-12	-3.736785270e-12	-3.796015593e-12	-3.613351087e-12	-3.510037128e-12	-3.763989019e-12	-3.261435559e-12	-3.051416592e-12	-3.293160706e-12	-3.036948116e-12	-3.209740901e-12	-3.500692904e-12	-4.003171008e-12	-3.416218106e-12	-4.171216324e-12	-3.743492012e-12	-3.955771678e-12	-3.983653637e-12	-4.273475290e-12	-4.389675235e-12	-3.830604292e-12	-3.906187007e-12	-3.770921830e-12	-3.662860403e-12	-3.649748346e-12	-3.584263423e-12	-3.384568316e-12	-3.479668401e-12	-3.830152153e-12	-3.641383759e-12	-3.764441159e-12	-4.289450899e-12	-4.004150644e-12	-3.941529273e-12	-3.814930110e-12	-3.880113608e-12	-3.536788737e-12	-3.791720264e-12	-3.977625105e-12	-3.190298887e-12	-3.465652065e-12	-3.407853519e-12	-3.103261963e-12	-3.381855477e-12	-3.449224316e-12	-3.479442331e-12	-3.407853519e-12	-3.958484518e-12	-3.528348793e-12	-3.500165408e-12	-3.822541132e-12	-3.798803789e-12	-3.721186445e-12	-4.069560211e-12	-3.778005355e-12	-4.192165471e-12	-3.901288825e-12	-3.385472595e-12	-2.807939275e-12	-2.810426044e-12	-3.460151030e-12	-3.943789972e-12	-3.216221573e-12	-3.305745266e-12	-3.365126302e-12	-3.362187392e-12	-3.369949127e-12	-3.325714777e-12	-2.899572954e-12	-3.028056032e-12	-2.976587444e-12	-2.560091272e-12	-2.738987945e-12	-2.541854964e-12	-2.807562491e-12	-2.788874044e-12	-2.765814911e-12	-2.839739778e-12	-2.897462968e-12	-2.767623470e-12	-3.564293912e-12	-2.985780955e-12	-2.840417988e-12	-2.977341011e-12	-2.362656864e-12	-2.934839863e-12	-3.011477570e-12	-2.656623133e-12	-3.188414971e-12	-2.754963554e-12	-2.619924447e-12	-2.307043661e-12	-2.733712980e-12	-2.962571108e-12	-2.912157513e-12	-2.940340898e-12	-3.218406915e-12	-3.194895642e-12	-3.039811669e-12	-2.767397400e-12	-2.986609878e-12	-2.992638409e-12	-3.059102970e-12	-2.861291779e-12	-2.923687080e-12	-2.947650493e-12	-3.368441994e-12	-3.190977097e-12	-3.220441545e-12	-3.088718131e-12	-2.749161092e-12	-2.273736024e-12	-2.792641876e-12	-3.175453628e-12	-2.926399919e-12	-3.180954663e-12
-3.149681656e-12	-3.101076620e-12	-3.581852010e-12	-3.787274222e-12	-3.488861911e-12	-3.920580126e-12	-3.759241550e-12	-3.885539286e-12	-4.047179288e-12	-3.667909298e-12	-3.804455537e-12	-3.945673888e-12	-3.480045184e-12	-3.778231425e-12	-4.107992100e-12	-3.701141578e-12	-3.890588181e-12	-3.163471922e-12	-3.311095588e-12	-3.663613969e-12	-3.988853245e-12	-3.810559425e-12	-3.704231200e-12	-4.162173527e-12	-3.777477858e-12	-3.166712257e-12	-3.429706946e-12	-3.525485240e-12	-3.977172965e-12	-3.355631364e-12	-3.669115004e-12	-3.550352933e-12	-2.959782913e-12	-2.900552590e-12	-3.773710026e-12	-3.617797129e-12	-3.814025831e-12	-3.383814749e-12	-3.193237796e-12	-3.542139059e-12	-3.323228007e-12	-3.696620179e-12	-4.119597023e-12	-3.541008709e-12	-3.804455537e-12	-4.203468968e-12	-3.795488096e-12	-4.232631989e-12	-4.004376714e-12	-3.984331847e-12	-3.796693803e-12	-3.929999706e-12	-4.053057106e-12	-3.966698392e-12	-4.355237249e-12	-4.389675235e-12	-3.897596349e-12	-4.332027403e-12	-4.418687543e-12	-4.102340351e-12	-4.905340751e-12	-4.767664163e-12	-4.278222759e-12	-4.275962059e-12	-4.381687431e-12	-4.897126877e-12	-4.847542205e-12	-4.825161282e-12	-4.761409561e-12	-4.258479318e-12	-4.716647714e-12	-4.244010842e-12	-4.238208381e-12	-3.583359143e-12	-4.059763847e-12	-3.793001327e-12	-3.724502137e-12	-4.075438029e-12	-3.781547117e-12	-3.714630417e-12	-3.921032265e-12	-4.128564463e-12	-3.772052180e-12	-3.960820574e-12	-3.955394895e-12	-4.367445025e-12	-4.529838594e-12	-4.284552717e-12	-4.317935710e-12	-4.292314451e-12	-4.338658787e-12	-4.359080438e-12	-4.322758535e-12	-4.367897165e-12	-4.497133810e-12	-3.993977497e-12	-3.705964403e-12	-3.914400881e-12	-4.378597809e-12	-3.806264096e-12	-4.280709528e-12	-3.583886639e-12	-3.093013459e-12	-1.834482145e-12	8.824263031e-14	1.289020612e-11	1.200168347e-10	1.030948220e-10	9.360244698e-11	8.526400823e-11	7.960939637e-11	7.416231670e-11	7.117352148e-11	6.789286998e-11	6.614278728e-11	6.391110026e-11	6.155537621e-11	5.931766066e-11	5.784624682e-11	5.641936877e-11	5.507937692e-11	5.333652846e-11	5.219781421e-11	5.076543511e-11	5.029121575e-11	4.915182329e-11	4.838341159e-11	4.794460985e-11	4.732826786e-11	4.622353946e-11	4.589234701e-11	-4.206031094e-12	-3.787575649e-12	-3.853964852e-12	-4.159159261e-12	-4.296760493e-12	-4.513787628e-12	-4.162399597e-12	-4.380707795e-12	-4.147629694e-12	-4.670529448e-12	-4.271968157e-12	-4.504744831e-12	-4.412885082e-12	-4.172572744e-12	-3.965417329e-12	-4.793662205e-12	-4.379577445e-12	-4.163831373e-12	-3.627292067e-12	-4.125173414e-12	-4.170613471e-12	-4.502785558e-12	-4.524412915e-12	-4.141299736e-12	-4.166920995e-12	-4.687032553e-12	-4.765026680e-12	-4.497359880e-12	-3.941755343e-12	-4.298116913e-12	-4.188774422e-12	-4.509266230e-12	-4.301884745e-12	-4.776028750e-12	-4.243407989e-12	-4.298342983e-12	-4.704666008e-12	-4.841212247e-12	-4.843849730e-12	-4.756059239e-12	-4.626822595e-12	-4.491331348e-12	-4.121857722e-12	-4.316127151e-12	-4.375734256e-12	-4.795998261e-12	-4.372946060e-12	-4.662918427e-12	-4.762992051e-12	-4.934428416e-12	-4.791627575e-12	-4.377768886e-12	-4.027134420e-12	-4.085385106e-12	-3.984783986e-12	-3.604006863e-12	-4.054488882e-12	-3.770695760e-12	-3.684713829e-12	-4.398793389e-12	-4.101812855e-12	-3.933164685e-12	-3.791117411e-12	-4.002266728e-12	-4.673166931e-12	-4.446644858e-12	-4.743323967e-12	-4.418160047e-12	-4.596529224e-12	-4.148232548e-12	-3.996841049e-12	-4.913027129e-12	-4.465860803e-12	-4.557193055e-12	-4.382214928e-12	-4.131955512e-12	-4.227206311e-12	-3.725029634e-12	-3.679212794e-12	-3.613953941e-12	-4.464353670e-12	-4.529386454e-12	-4.095181470e-12	-4.315599654e-12	-4.517480104e-12	-4.097592883e-12	-4.211456772e-12	-4.162399597e-12	-3.832412852e-12	-4.348379794e-12	-3.894129943e-12	-3.890663538e-12	-4.041301470e-12	-4.073554113e-12	-4.266994619e-12	-4.625692245e-12	-4.858092136e-12	-4.735034736e-12	-4.711523463e-12	-4.448151991e-12	-4.175134870e-12	-4.042582532e-12	-4.050871763e-12	-4.161495317e-12	-4.051851400e-12	-3.946126028e-12	-4.100004295e-12	-4.326300298e-12	-4.399396243e-12	-4.108067456e-12	-4.606174874e-12	-4.342803403e-12	-4.092543988e-12	-4.698336050e-12	-4.143560436e-12	-3.835803901e-12	-3.838139957e-12	-4.303467235e-12	-4.214998534e-12	-3.905734867e-12
