X-data:	uhfli - Oscillators - Frequency 1	Hz
Y-data:	I-meas	A
Parameter #1 (next row contains parameters values):	DC12-G1	
-3.125000000e+00	-3.126500000e+00	-3.128000000e+00	-3.129500000e+00	-3.131000000e+00	-3.132500000e+00	-3.134000000e+00	-3.135500000e+00	-3.137000000e+00	-3.138500000e+00	-3.140000000e+00	-3.141500000e+00	-3.143000000e+00	-3.144500000e+00	-3.146000000e+00	-3.147500000e+00	-3.149000000e+00	-3.150500000e+00	-3.152000000e+00	-3.153500000e+00	-3.155000000e+00	-3.156500000e+00	-3.158000000e+00	-3.159500000e+00	-3.161000000e+00	-3.162500000e+00	-3.164000000e+00	-3.165500000e+00	-3.167000000e+00	-3.168500000e+00	-3.170000000e+00	-3.171500000e+00	-3.173000000e+00	-3.174500000e+00	-3.176000000e+00	-3.177500000e+00	-3.179000000e+00	-3.180500000e+00	-3.182000000e+00	-3.183500000e+00	-3.185000000e+00	-3.186500000e+00	-3.188000000e+00	-3.189500000e+00	-3.191000000e+00	-3.192500000e+00	-3.194000000e+00	-3.195500000e+00	-3.197000000e+00	-3.198500000e+00	-3.200000000e+00	-3.201500000e+00	-3.203000000e+00	-3.204500000e+00	-3.206000000e+00	-3.207500000e+00	-3.209000000e+00	-3.210500000e+00	-3.212000000e+00	-3.213500000e+00	-3.215000000e+00	-3.216500000e+00	-3.218000000e+00	-3.219500000e+00	-3.221000000e+00	-3.222500000e+00	-3.224000000e+00	-3.225500000e+00	-3.227000000e+00	-3.228500000e+00	-3.230000000e+00	-3.231500000e+00	-3.233000000e+00	-3.234500000e+00	-3.236000000e+00	-3.237500000e+00	-3.239000000e+00	-3.240500000e+00	-3.242000000e+00	-3.243500000e+00	-3.245000000e+00	-3.246500000e+00	-3.248000000e+00	-3.249500000e+00	-3.251000000e+00	-3.252500000e+00	-3.254000000e+00	-3.255500000e+00	-3.257000000e+00	-3.258500000e+00	-3.260000000e+00	-3.261500000e+00	-3.263000000e+00	-3.264500000e+00	-3.266000000e+00	-3.267500000e+00	-3.269000000e+00	-3.270500000e+00	-3.272000000e+00	-3.273500000e+00	-3.275000000e+00	-3.276500000e+00	-3.278000000e+00	-3.279500000e+00	-3.281000000e+00	-3.282500000e+00	-3.284000000e+00	-3.285500000e+00	-3.287000000e+00	-3.288500000e+00	-3.290000000e+00	-3.291500000e+00	-3.293000000e+00	-3.294500000e+00	-3.296000000e+00	-3.297500000e+00	-3.299000000e+00	-3.300500000e+00	-3.302000000e+00	-3.303500000e+00	-3.305000000e+00	-3.306500000e+00	-3.308000000e+00	-3.309500000e+00	-3.311000000e+00	-3.312500000e+00	-3.314000000e+00	-3.315500000e+00	-3.317000000e+00	-3.318500000e+00	-3.320000000e+00	-3.321500000e+00	-3.323000000e+00	-3.324500000e+00	-3.326000000e+00	-3.327500000e+00	-3.329000000e+00	-3.330500000e+00	-3.332000000e+00	-3.333500000e+00	-3.335000000e+00	-3.336500000e+00	-3.338000000e+00	-3.339500000e+00	-3.341000000e+00	-3.342500000e+00	-3.344000000e+00	-3.345500000e+00	-3.347000000e+00	-3.348500000e+00	-3.350000000e+00	-3.351500000e+00	-3.353000000e+00	-3.354500000e+00	-3.356000000e+00	-3.357500000e+00	-3.359000000e+00	-3.360500000e+00	-3.362000000e+00	-3.363500000e+00	-3.365000000e+00	-3.366500000e+00	-3.368000000e+00	-3.369500000e+00	-3.371000000e+00	-3.372500000e+00	-3.374000000e+00	-3.375500000e+00	-3.377000000e+00	-3.378500000e+00	-3.380000000e+00	-3.381500000e+00	-3.383000000e+00	-3.384500000e+00	-3.386000000e+00	-3.387500000e+00	-3.389000000e+00	-3.390500000e+00	-3.392000000e+00	-3.393500000e+00	-3.395000000e+00	-3.396500000e+00	-3.398000000e+00	-3.399500000e+00	-3.401000000e+00	-3.402500000e+00	-3.404000000e+00	-3.405500000e+00	-3.407000000e+00	-3.408500000e+00	-3.410000000e+00	-3.411500000e+00	-3.413000000e+00	-3.414500000e+00	-3.416000000e+00	-3.417500000e+00	-3.419000000e+00	-3.420500000e+00	-3.422000000e+00	-3.423500000e+00	-3.425000000e+00
First row is x-data, the following rows are y-data
2.800000000e+08	2.801000000e+08	2.802000000e+08	2.803000000e+08	2.804000000e+08	2.805000000e+08	2.806000000e+08	2.807000000e+08	2.808000000e+08	2.809000000e+08	2.810000000e+08	2.811000000e+08	2.812000000e+08	2.813000000e+08	2.814000000e+08	2.815000000e+08	2.816000000e+08	2.817000000e+08	2.818000000e+08	2.819000000e+08	2.820000000e+08	2.821000000e+08	2.822000000e+08	2.823000000e+08	2.824000000e+08	2.825000000e+08	2.826000000e+08	2.827000000e+08	2.828000000e+08	2.829000000e+08	2.830000000e+08	2.831000000e+08	2.832000000e+08	2.833000000e+08	2.834000000e+08	2.835000000e+08	2.836000000e+08	2.837000000e+08	2.838000000e+08	2.839000000e+08	2.840000000e+08	2.841000000e+08	2.842000000e+08	2.843000000e+08	2.844000000e+08	2.845000000e+08	2.846000000e+08	2.847000000e+08	2.848000000e+08	2.849000000e+08	2.850000000e+08	2.851000000e+08	2.852000000e+08	2.853000000e+08	2.854000000e+08	2.855000000e+08	2.856000000e+08	2.857000000e+08	2.858000000e+08	2.859000000e+08	2.860000000e+08	2.861000000e+08	2.862000000e+08	2.863000000e+08	2.864000000e+08	2.865000000e+08	2.866000000e+08	2.867000000e+08	2.868000000e+08	2.869000000e+08	2.870000000e+08	2.871000000e+08	2.872000000e+08	2.873000000e+08	2.874000000e+08	2.875000000e+08	2.876000000e+08	2.877000000e+08	2.878000000e+08	2.879000000e+08	2.880000000e+08	2.881000000e+08	2.882000000e+08	2.883000000e+08	2.884000000e+08	2.885000000e+08	2.886000000e+08	2.887000000e+08	2.888000000e+08	2.889000000e+08	2.890000000e+08	2.891000000e+08	2.892000000e+08	2.893000000e+08	2.894000000e+08	2.895000000e+08	2.896000000e+08	2.897000000e+08	2.898000000e+08	2.899000000e+08	2.900000000e+08	2.901000000e+08	2.902000000e+08	2.903000000e+08	2.904000000e+08	2.905000000e+08	2.906000000e+08	2.907000000e+08	2.908000000e+08	2.909000000e+08	2.910000000e+08	2.911000000e+08	2.912000000e+08	2.913000000e+08	2.914000000e+08	2.915000000e+08	2.916000000e+08	2.917000000e+08	2.918000000e+08	2.919000000e+08	2.920000000e+08	2.921000000e+08	2.922000000e+08	2.923000000e+08	2.924000000e+08	2.925000000e+08	2.926000000e+08	2.927000000e+08	2.928000000e+08	2.929000000e+08	2.930000000e+08	2.931000000e+08	2.932000000e+08	2.933000000e+08	2.934000000e+08	2.935000000e+08	2.936000000e+08	2.937000000e+08	2.938000000e+08	2.939000000e+08	2.940000000e+08	2.941000000e+08	2.942000000e+08	2.943000000e+08	2.944000000e+08	2.945000000e+08	2.946000000e+08	2.947000000e+08	2.948000000e+08	2.949000000e+08	2.950000000e+08	2.951000000e+08	2.952000000e+08	2.953000000e+08	2.954000000e+08	2.955000000e+08	2.956000000e+08	2.957000000e+08	2.958000000e+08	2.959000000e+08	2.960000000e+08	2.961000000e+08	2.962000000e+08	2.963000000e+08	2.964000000e+08	2.965000000e+08	2.966000000e+08	2.967000000e+08	2.968000000e+08	2.969000000e+08	2.970000000e+08	2.971000000e+08	2.972000000e+08	2.973000000e+08	2.974000000e+08	2.975000000e+08	2.976000000e+08	2.977000000e+08	2.978000000e+08	2.979000000e+08	2.980000000e+08	2.981000000e+08	2.982000000e+08	2.983000000e+08	2.984000000e+08	2.985000000e+08	2.986000000e+08	2.987000000e+08	2.988000000e+08	2.989000000e+08	2.990000000e+08	2.991000000e+08	2.992000000e+08	2.993000000e+08	2.994000000e+08	2.995000000e+08	2.996000000e+08	2.997000000e+08	2.998000000e+08	2.999000000e+08	3.000000000e+08	3.001000000e+08	3.002000000e+08	3.003000000e+08	3.004000000e+08	3.005000000e+08	3.006000000e+08	3.007000000e+08	3.008000000e+08	3.009000000e+08	3.010000000e+08	3.011000000e+08	3.012000000e+08	3.013000000e+08	3.014000000e+08	3.015000000e+08	3.016000000e+08	3.017000000e+08	3.018000000e+08	3.019000000e+08	3.020000000e+08	3.021000000e+08	3.022000000e+08	3.023000000e+08	3.024000000e+08	3.025000000e+08	3.026000000e+08	3.027000000e+08	3.028000000e+08	3.029000000e+08	3.030000000e+08	3.031000000e+08	3.032000000e+08	3.033000000e+08	3.034000000e+08	3.035000000e+08	3.036000000e+08	3.037000000e+08	3.038000000e+08	3.039000000e+08	3.040000000e+08	3.041000000e+08	3.042000000e+08	3.043000000e+08	3.044000000e+08	3.045000000e+08	3.046000000e+08	3.047000000e+08	3.048000000e+08	3.049000000e+08	3.050000000e+08
-6.994377641e-12	-6.958507878e-12	-6.357689354e-12	-6.807342450e-12	-7.045770872e-12	-7.168677559e-12	-6.893098311e-12	-6.167338471e-12	-6.617217637e-12	-6.754065303e-12	-6.699281022e-12	-7.077194593e-12	-6.911560689e-12	-6.785262953e-12	-6.792120408e-12	-7.159182622e-12	-7.290830679e-12	-6.603125944e-12	-6.988198396e-12	-7.734681313e-12	-7.441317897e-12	-7.404543855e-12	-7.679068110e-12	-6.914348885e-12	-7.796096978e-12	-7.522100220e-12	-7.033563096e-12	-6.932585193e-12	-7.049538704e-12	-6.904175738e-12	-7.016532494e-12	-6.603352014e-12	-7.241396720e-12	-6.702747428e-12	-6.014665910e-12	-6.700109945e-12	-6.972147431e-12	-6.992343011e-12	-6.760244547e-12	-6.481048181e-12	-6.915253164e-12	-6.988273753e-12	-6.501695901e-12	-7.182769251e-12	-6.698226029e-12	-7.246897755e-12	-7.275231854e-12	-7.020224970e-12	-6.677578309e-12	-6.483836377e-12	-6.637488574e-12	-6.503579817e-12	-6.250004710e-12	-6.700034589e-12	-6.912540325e-12	-6.861749947e-12	-6.600262392e-12	-6.469367901e-12	-6.723621218e-12	-6.251285773e-12	-6.549547370e-12	-6.607798056e-12	-6.474341439e-12	-6.328450976e-12	-6.521213272e-12	-6.473663230e-12	-6.016549826e-12	-6.486925999e-12	-6.297856179e-12	-5.949105630e-12	-6.103511394e-12	-6.666124099e-12	-6.534551398e-12	-6.409534725e-12	-6.260177857e-12	-6.605914140e-12	-5.986557882e-12	-6.597700266e-12	-6.386777019e-12	-7.089025586e-12	-6.427168180e-12	-5.743984844e-12	-6.750372827e-12	-6.388284152e-12	-6.453618362e-12	-6.570873301e-12	-6.463791509e-12	-6.976367403e-12	-6.563186923e-12	-6.403581551e-12	-6.746755708e-12	-6.484062447e-12	-7.064157893e-12	-6.880513751e-12	-6.764992016e-12	-6.687525386e-12	-6.044431785e-12	-6.707720966e-12	-6.101099981e-12	-6.718798393e-12	-6.883678731e-12	-7.000104746e-12	-6.870340604e-12	-6.616539427e-12	-6.960015011e-12	-6.689409302e-12	-7.041852327e-12	-6.989404102e-12	-6.532139986e-12	-6.528975006e-12	-5.635019137e-12	-6.284744123e-12	-6.491748824e-12	-6.462887230e-12	-6.226116654e-12	-6.187081912e-12	-6.499962698e-12	-6.680441861e-12	-6.760244547e-12	-6.061763813e-12	-5.986256455e-12	-6.179621604e-12	-6.279996654e-12	-6.459948320e-12	-6.520384349e-12	-6.632439679e-12	-6.562584070e-12	-6.559795874e-12	-6.670871567e-12	-7.172972887e-12	-6.966043543e-12	-6.638769637e-12	-6.918568857e-12	-6.570421161e-12	-6.251587199e-12	-6.493858810e-12	-6.353921522e-12	-6.023331924e-12	-6.555801972e-12	-6.258218584e-12	-6.365074305e-12	-6.689861442e-12	-6.854063569e-12	-6.521816125e-12	-6.606064853e-12	-6.387003089e-12	-7.017286061e-12	-6.784735457e-12	-7.051497977e-12	-7.185783517e-12	-6.435382054e-12	-6.200420038e-12	-6.675694393e-12	-6.399361579e-12	-6.098010359e-12	-6.225890584e-12	-6.601015958e-12	-6.152794639e-12	-6.893324381e-12	-6.697472463e-12	-6.881945528e-12	-7.093546984e-12	-6.871923094e-12	-6.568311175e-12	-6.261760346e-12	-6.765594869e-12	-7.131903516e-12	-6.242167619e-12	-6.933037332e-12	-6.728896183e-12	-7.062500047e-12	-7.439660051e-12	-7.040043767e-12	-6.805232464e-12	-6.463490083e-12	-6.682853274e-12	-6.595967063e-12	-7.000782956e-12	-6.716236267e-12	-7.077496019e-12	-6.364697522e-12	-6.433272068e-12	-6.451583733e-12	-6.630178980e-12	-6.430860656e-12	-6.061613099e-12	-6.190246891e-12	-6.116924876e-12	-6.049329966e-12	-6.427846390e-12	-6.400717998e-12	-6.200872178e-12	-6.061839169e-12	-5.868097237e-12	-5.983618973e-12	-6.439149887e-12	-6.594007790e-12	-6.389565215e-12	-6.529201076e-12	-6.334931648e-12	-6.153924988e-12	-6.298232962e-12	-6.398608012e-12	-5.992737127e-12	-6.669515148e-12	-6.269371367e-12	-5.942926385e-12	-5.913235867e-12	-6.282634137e-12	-6.718195540e-12	-6.502976964e-12	-6.400115145e-12	-6.294465130e-12	-5.963950889e-12	-6.036519337e-12	-6.081808680e-12	-6.224910947e-12	-6.581950727e-12	-6.111725268e-12	-5.951818469e-12	-5.907584119e-12	-5.435700813e-12	-5.948125993e-12	-5.740669152e-12	-5.916702273e-12	-5.912331587e-12	-6.018810526e-12	-5.971637266e-12	-5.763803642e-12	-6.020393015e-12	-6.226568793e-12	-6.120541995e-12	-6.347892991e-12	-6.393709830e-12	-6.180978024e-12	-6.304939703e-12	-6.570797944e-12	-6.764615233e-12	-6.500339482e-12	-6.350455116e-12	-6.886090143e-12	-6.511718335e-12	-6.571400797e-12	-6.558288741e-12	-6.586698196e-12	-6.017604819e-12	-6.272837773e-12	-6.793928967e-12	-7.005228998e-12	-6.419180376e-12	-6.505162307e-12
-7.919983301e-12	-7.723227103e-12	-8.055700617e-12	-8.152006408e-12	-8.286593375e-12	-8.271371333e-12	-8.358106830e-12	-7.235443545e-12	-7.440865757e-12	-7.503110345e-12	-7.708683271e-12	-7.835056363e-12	-7.734982740e-12	-7.610794990e-12	-7.987954994e-12	-8.091570380e-12	-7.762186488e-12	-8.228342689e-12	-8.186142968e-12	-7.839577762e-12	-7.703031522e-12	-7.553976080e-12	-7.864294741e-12	-7.872131832e-12	-8.056454184e-12	-8.125631583e-12	-8.243715444e-12	-8.066250547e-12	-8.171222353e-12	-7.845907720e-12	-7.685548781e-12	-7.949523105e-12	-8.269864200e-12	-7.857135860e-12	-8.507086916e-12	-8.215908843e-12	-7.689618040e-12	-7.774997118e-12	-7.599416137e-12	-8.128344422e-12	-7.822999300e-12	-7.697229061e-12	-7.892176699e-12	-8.078458324e-12	-7.886751021e-12	-8.624718637e-12	-8.333465207e-12	-8.622081155e-12	-8.215682773e-12	-8.359613963e-12	-8.775959422e-12	-7.975069008e-12	-7.953290938e-12	-7.943946714e-12	-7.898280587e-12	-7.741011271e-12	-7.899184867e-12	-7.721795327e-12	-7.928272532e-12	-7.780799579e-12	-7.671306375e-12	-7.595120808e-12	-7.921716504e-12	-7.635888752e-12	-7.707251495e-12	-7.785547048e-12	-7.561210318e-12	-7.798508391e-12	-7.755253677e-12	-7.984940728e-12	-8.000991693e-12	-7.830384251e-12	-8.021714771e-12	-7.449381058e-12	-7.952914154e-12	-7.922394714e-12	-7.664222851e-12	-8.120055191e-12	-7.626167745e-12	-7.178926062e-12	-7.516523828e-12	-6.856248912e-12	-6.109615282e-12	-4.080788351e-12	1.151750949e-11	-7.621646347e-12	-7.301229896e-12	-7.550434318e-12	-7.449004275e-12	-7.669196389e-12	-8.069943023e-12	-7.571383465e-12	-7.508912807e-12	-7.797227328e-12	-7.458273142e-12	-7.467692723e-12	-7.571308108e-12	-7.683137368e-12	-7.830384251e-12	-7.977254351e-12	-7.628202375e-12	-7.651562934e-12	-7.907172671e-12	-7.846510573e-12	-7.393692498e-12	-7.480051212e-12	-7.482990121e-12	-7.510419940e-12	-7.102665138e-12	-7.294447798e-12	-7.118942174e-12	-7.444181450e-12	-7.441996107e-12	-6.874635933e-12	-7.207109447e-12	-7.256618762e-12	-7.105905474e-12	-7.386307547e-12	-6.805910674e-12	-7.051196550e-12	-6.943285836e-12	-7.627298095e-12	-7.209445503e-12	-7.379600806e-12	-7.453902457e-12	-7.409517393e-12	-7.524134849e-12	-7.413586652e-12	-7.876201091e-12	-7.579295913e-12	-7.776654964e-12	-7.593764388e-12	-7.804235496e-12	-8.272577039e-12	-7.600998626e-12	-7.854875160e-12	-7.701750459e-12	-7.564450654e-12	-7.258502679e-12	-7.234011769e-12	-7.165964720e-12	-6.598378476e-12	-6.940120857e-12	-7.297612777e-12	-6.975764550e-12	-7.157976915e-12	-7.642520137e-12	-7.572890598e-12	-7.673868501e-12	-7.469953422e-12	-7.862184755e-12	-8.005362379e-12	-8.233014801e-12	-8.370917460e-12	-8.314701403e-12	-7.768667159e-12	-8.131961541e-12	-8.105737429e-12	-7.768893229e-12	-7.718705704e-12	-7.722021397e-12	-7.773489985e-12	-7.683212725e-12	-8.017118015e-12	-7.526923045e-12	-7.580350906e-12	-7.959018043e-12	-7.777860670e-12	-7.438755771e-12	-7.180357839e-12	-7.500774290e-12	-7.659927522e-12	-7.814107216e-12	-7.996244225e-12	-7.296105644e-12	-7.509741730e-12	-7.817272195e-12	-8.029627218e-12	-7.582913032e-12	-7.894512755e-12	-7.433932946e-12	-7.820286461e-12	-7.948618826e-12	-7.662489648e-12	-8.112444170e-12	-7.999409204e-12	-8.069566240e-12	-8.093454296e-12	-8.453734412e-12	-8.263383528e-12	-8.433689544e-12	-8.041081428e-12	-8.255094298e-12	-8.017494799e-12	-7.921490434e-12	-8.035429680e-12	-8.146128590e-12	-8.385838075e-12	-7.842064531e-12	-7.903555553e-12	-8.290511920e-12	-8.171825206e-12	-8.209955668e-12	-7.992099609e-12	-8.052083498e-12	-7.953441651e-12	-8.174990185e-12	-8.742727142e-12	-8.413720033e-12	-8.173407695e-12	-8.098503191e-12	-7.886072811e-12	-7.775826041e-12	-7.444482876e-12	-7.411175240e-12	-7.421423743e-12	-7.412305589e-12	-7.874015748e-12	-7.975822574e-12	-7.430843324e-12	-7.435892219e-12	-7.305902008e-12	-7.143583796e-12	-7.322781896e-12	-7.072974621e-12	-7.286083210e-12	-7.859019776e-12	-7.594668668e-12	-7.687508054e-12	-7.701524390e-12	-7.356843099e-12	-7.386382904e-12	-7.678842040e-12	-7.434987939e-12	-7.734153816e-12	-7.197388440e-12	-7.642746207e-12	-7.805742628e-12	-7.637169815e-12	-7.898582014e-12	-8.097900338e-12	-7.499267157e-12	-7.400549953e-12	-7.774318908e-12	-8.149821066e-12	-7.422026596e-12	-7.336120022e-12	-7.476735520e-12	-7.316904078e-12	-7.618330654e-12	-7.005002928e-12
-7.105227264e-12	-6.990986592e-12	-6.684058980e-12	-7.201306986e-12	-6.815556324e-12	-7.302360245e-12	-6.975839906e-12	-7.019245333e-12	-7.280356105e-12	-7.086237390e-12	-6.943285836e-12	-7.558271409e-12	-6.725203708e-12	-6.405164040e-12	-6.723771932e-12	-6.561378363e-12	-6.754216016e-12	-6.474944293e-12	-6.463866866e-12	-6.882246954e-12	-6.789106142e-12	-7.265435490e-12	-7.400851379e-12	-6.659944854e-12	-6.606366280e-12	-6.757230282e-12	-6.780816911e-12	-6.790763988e-12	-7.280054679e-12	-7.537774402e-12	-7.255789839e-12	-7.167999349e-12	-7.334688246e-12	-7.573418094e-12	-7.851559468e-12	-7.506576751e-12	-7.267093336e-12	-7.187290650e-12	-7.400776023e-12	-7.333783966e-12	-7.119394313e-12	-6.967173892e-12	-7.362118064e-12	-6.986766620e-12	-7.014196438e-12	-7.290830679e-12	-7.189702062e-12	-6.892194031e-12	-7.525265199e-12	-7.817196838e-12	-7.603334682e-12	-7.333331826e-12	-7.104925838e-12	-7.213514762e-12	-6.942306200e-12	-7.228284664e-12	-7.294899938e-12	-7.018793193e-12	-6.836354758e-12	-6.844568632e-12	-7.306881644e-12	-6.669439791e-12	-7.008996830e-12	-6.512924041e-12	-6.931078060e-12	-6.934469109e-12	-7.280732889e-12	-7.181864971e-12	-7.013593585e-12	-6.825428045e-12	-7.197087014e-12	-6.761299540e-12	-7.489094010e-12	-7.334688246e-12	-7.680650599e-12	-7.421348387e-12	-7.750807635e-12	-7.602279689e-12	-7.902801986e-12	-7.660379662e-12	-7.165738650e-12	-6.503429104e-12	-6.115417743e-12	-2.894448702e-12	3.549961078e-11	-7.605369312e-12	-7.871152196e-12	-7.895944531e-12	-7.676807410e-12	-7.817347552e-12	-7.590524053e-12	-7.795041985e-12	-7.276362203e-12	-7.456766009e-12	-7.552695017e-12	-7.927895749e-12	-7.702504026e-12	-7.552619661e-12	-7.161141894e-12	-6.816234534e-12	-6.971393864e-12	-7.126477838e-12	-7.264154427e-12	-6.974483487e-12	-7.005756494e-12	-7.307936637e-12	-6.952102563e-12	-7.543350793e-12	-7.366488750e-12	-7.253755210e-12	-7.409442037e-12	-7.566485283e-12	-7.652843997e-12	-7.832871020e-12	-7.792555216e-12	-7.549680752e-12	-7.463322037e-12	-7.005379711e-12	-7.521045227e-12	-7.088573446e-12	-7.650281872e-12	-6.727916547e-12	-7.469878065e-12	-6.972147431e-12	-7.135746705e-12	-7.058732215e-12	-6.860016744e-12	-7.441468611e-12	-7.749300502e-12	-7.997977428e-12	-7.602053619e-12	-7.035145585e-12	-6.596871343e-12	-6.752256743e-12	-7.381936862e-12	-6.795662170e-12	-6.863784576e-12	-7.075536747e-12	-6.359648627e-12	-6.826859821e-12	-7.107563320e-12	-6.688505022e-12	-6.785941163e-12	-6.535380321e-12	-6.750598897e-12	-6.594007790e-12	-7.127984971e-12	-6.930927346e-12	-7.438605058e-12	-7.054135460e-12	-7.254885560e-12	-6.777651932e-12	-6.504860880e-12	-6.888200129e-12	-6.691519288e-12	-6.730478673e-12	-6.568461888e-12	-6.481952461e-12	-6.777199792e-12	-7.010051823e-12	-6.315564990e-12	-6.355805438e-12	-6.621437609e-12	-6.413227201e-12	-6.624376518e-12	-6.808246730e-12	-6.490543118e-12	-6.567406895e-12	-6.487528852e-12	-6.786393303e-12	-6.681572211e-12	-7.023314592e-12	-6.598077049e-12	-6.731458309e-12	-6.268316374e-12	-6.327245270e-12	-6.598453832e-12	-6.729122253e-12	-6.597549553e-12	-6.894454731e-12	-6.755949219e-12	-6.567557608e-12	-6.350002977e-12	-6.627842924e-12	-6.526488237e-12	-6.813521695e-12	-6.647360294e-12	-6.610360182e-12	-6.690238225e-12	-7.051271907e-12	-6.502449468e-12	-6.639899987e-12	-6.496647006e-12	-6.837560464e-12	-6.770869834e-12	-7.026780998e-12	-6.435231341e-12	-6.552712349e-12	-6.697095680e-12	-6.796340380e-12	-6.989328746e-12	-6.820303793e-12	-6.383913466e-12	-6.559569804e-12	-7.335592526e-12	-6.814049191e-12	-7.046147655e-12	-7.107563320e-12	-6.789030785e-12	-6.816309891e-12	-7.173801811e-12	-7.126477838e-12	-6.984656634e-12	-7.099726229e-12	-6.970112801e-12	-6.794305751e-12	-6.595213497e-12	-6.965516046e-12	-6.910882479e-12	-7.157976915e-12	-6.795511457e-12	-7.018717837e-12	-6.525433244e-12	-6.490241691e-12	-6.798073583e-12	-6.237495507e-12	-6.478938195e-12	-6.837635821e-12	-6.629726840e-12	-6.204263227e-12	-6.055961351e-12	-6.201776458e-12	-6.567105468e-12	-6.812165275e-12	-7.060465418e-12	-6.792647904e-12	-6.606441637e-12	-6.635378588e-12	-6.437567397e-12	-6.920980269e-12	-6.585492490e-12	-6.378638501e-12	-6.515787594e-12	-6.854817136e-12	-6.455426922e-12	-7.156092999e-12	-6.805006394e-12	-6.801841415e-12	-6.594535287e-12	-7.199347713e-12	-6.837861891e-12
-6.754517442e-12	-6.743364659e-12	-7.279979322e-12	-6.947129025e-12	-6.783454394e-12	-6.703425638e-12	-6.690765721e-12	-6.653765609e-12	-6.846829332e-12	-6.618423343e-12	-6.764087736e-12	-6.762957387e-12	-6.709454169e-12	-6.734472575e-12	-6.407952236e-12	-6.411267928e-12	-6.885864073e-12	-6.629199343e-12	-6.699582449e-12	-6.576826476e-12	-6.747810701e-12	-6.743741442e-12	-6.619176910e-12	-6.450679453e-12	-6.713071288e-12	-6.876821276e-12	-7.193846678e-12	-6.686545749e-12	-6.408856516e-12	-6.394463397e-12	-6.560775510e-12	-6.540278503e-12	-6.730704743e-12	-6.541182783e-12	-6.814501331e-12	-6.652183120e-12	-6.626260434e-12	-6.700486729e-12	-6.492276321e-12	-6.135613324e-12	-6.110670275e-12	-6.544197049e-12	-6.681798281e-12	-6.500264125e-12	-6.905230731e-12	-6.825804828e-12	-6.488508489e-12	-6.510587985e-12	-6.309536459e-12	-6.623924378e-12	-6.709604883e-12	-6.362964319e-12	-7.231298930e-12	-6.605235930e-12	-7.265812273e-12	-7.016080354e-12	-7.265134063e-12	-6.835224408e-12	-7.109673306e-12	-6.725806561e-12	-6.639221777e-12	-6.383235257e-12	-6.799354646e-12	-6.845774339e-12	-6.701014225e-12	-6.857680688e-12	-6.332821662e-12	-6.605462000e-12	-6.704857414e-12	-6.638468210e-12	-6.444952348e-12	-6.853611429e-12	-7.175233587e-12	-6.469669328e-12	-6.446459481e-12	-6.365074305e-12	-6.379316711e-12	-6.141189716e-12	-6.430483873e-12	-6.690991791e-12	-6.175778415e-12	-5.337435749e-12	-3.238225713e-12	1.010585348e-11	-6.378412431e-12	-6.393031620e-12	-5.837879223e-12	-6.665898029e-12	-6.514355817e-12	-6.302377577e-12	-6.285573046e-12	-6.264774612e-12	-5.959278777e-12	-5.900575951e-12	-5.751068369e-12	-5.911351951e-12	-6.040211812e-12	-6.510964769e-12	-6.600036322e-12	-6.298082249e-12	-6.139984009e-12	-5.706758662e-12	-6.023859421e-12	-6.813672408e-12	-6.363793242e-12	-6.052268876e-12	-6.040663952e-12	-6.111951338e-12	-6.352866529e-12	-6.662431623e-12	-6.666953022e-12	-6.198536122e-12	-6.585492490e-12	-6.727690477e-12	-6.775391233e-12	-6.317750333e-12	-6.847733611e-12	-6.846980045e-12	-7.037556998e-12	-6.870566674e-12	-6.511115482e-12	-6.664918393e-12	-7.093848411e-12	-7.030247403e-12	-6.632288966e-12	-6.889029052e-12	-6.705384910e-12	-6.560097300e-12	-6.247216514e-12	-6.369821774e-12	-6.250456850e-12	-6.799203932e-12	-6.000046721e-12	-5.942700315e-12	-5.773675362e-12	-6.150609296e-12	-6.488282419e-12	-5.860260146e-12	-6.213004598e-12	-5.687919501e-12	-5.983845043e-12	-6.088816848e-12	-5.370592672e-12	-6.120014499e-12	-5.776689628e-12	-5.743155921e-12	-5.923559727e-12	-6.238324430e-12	-5.886484258e-12	-5.926046497e-12	-6.282558780e-12	-5.686337011e-12	-5.911728734e-12	-5.687844144e-12	-6.033128288e-12	-5.682493823e-12	-6.328601690e-12	-5.454766044e-12	-5.803818020e-12	-6.305467200e-12	-5.746923753e-12	-6.078040848e-12	-6.052118162e-12	-6.004040623e-12	-5.901404874e-12	-6.472985020e-12	-6.484439230e-12	-5.837502440e-12	-5.951290972e-12	-5.486340478e-12	-6.245860094e-12	-5.913989433e-12	-5.765235418e-12	-5.658982550e-12	-5.839310999e-12	-6.321141382e-12	-6.522720405e-12	-6.397854446e-12	-6.685942896e-12	-5.936521070e-12	-5.953551672e-12	-6.167413828e-12	-5.882565713e-12	-6.298609745e-12	-6.210517828e-12	-6.483911733e-12	-5.856115531e-12	-6.427318893e-12	-6.433121355e-12	-6.343823732e-12	-6.468463621e-12	-6.746077498e-12	-7.028288131e-12	-6.266055675e-12	-6.411946138e-12	-6.750448184e-12	-7.175911797e-12	-6.843815066e-12	-6.627466140e-12	-6.145258974e-12	-6.177662331e-12	-6.196652206e-12	-6.354298305e-12	-6.281503787e-12	-6.572305077e-12	-6.098989995e-12	-6.136969744e-12	-6.063120232e-12	-5.799974831e-12	-5.806154076e-12	-5.748732313e-12	-6.112252764e-12	-6.068771981e-12	-5.982262553e-12	-6.058824904e-12	-6.809678506e-12	-6.518952573e-12	-6.529879286e-12	-6.651052770e-12	-6.578710392e-12	-6.491372041e-12	-6.364923592e-12	-6.550602363e-12	-6.731307596e-12	-6.978703459e-12	-7.068679292e-12	-6.811034926e-12	-6.652785973e-12	-6.351811536e-12	-6.675016183e-12	-6.042246442e-12	-5.923032231e-12	-5.746094830e-12	-5.928985406e-12	-6.037197547e-12	-5.908262329e-12	-5.948276707e-12	-5.940741042e-12	-6.164776345e-12	-5.757473684e-12	-5.673978522e-12	-5.903967000e-12	-5.666518214e-12	-5.670888899e-12	-5.746697683e-12	-5.535020870e-12	-5.564636031e-12	-5.458157093e-12	-5.394480729e-12	-5.516332422e-12	-5.417539862e-12
-5.618817458e-12	-5.889573881e-12	-6.237344794e-12	-6.186403702e-12	-7.248103462e-12	-6.404636544e-12	-6.088967561e-12	-6.320613885e-12	-6.061537743e-12	-5.844962747e-12	-5.573151332e-12	-5.664106801e-12	-5.701182270e-12	-5.584379472e-12	-5.472248785e-12	-6.053474582e-12	-5.331633287e-12	-5.727481739e-12	-5.996504959e-12	-6.171106303e-12	-6.223328458e-12	-6.058146694e-12	-5.966136231e-12	-5.792288453e-12	-5.828082859e-12	-5.597491528e-12	-5.224852923e-12	-4.907827521e-12	-4.966304277e-12	-5.256276643e-12	-5.907810189e-12	-5.501637877e-12	-5.548886493e-12	-5.959730916e-12	-6.148423953e-12	-6.002307420e-12	-5.608342885e-12	-5.831473908e-12	-6.055509211e-12	-6.051590666e-12	-6.040437882e-12	-6.504936237e-12	-5.850237713e-12	-6.186780485e-12	-6.119411645e-12	-5.775936061e-12	-6.258746081e-12	-6.249326500e-12	-6.474266083e-12	-6.327320627e-12	-6.219786695e-12	-6.321292095e-12	-6.337719844e-12	-5.869529013e-12	-6.128454443e-12	-6.029134386e-12	-5.864781545e-12	-6.073142666e-12	-5.687768788e-12	-6.101853547e-12	-5.979851140e-12	-5.956415224e-12	-5.819492202e-12	-5.698469431e-12	-6.012555924e-12	-5.481819079e-12	-5.534116590e-12	-5.550770409e-12	-5.866740818e-12	-5.749862663e-12	-5.967568007e-12	-5.658831836e-12	-6.002985630e-12	-5.730194578e-12	-6.133804764e-12	-6.006678106e-12	-6.376302445e-12	-5.938631056e-12	-6.113307757e-12	-6.136819030e-12	-5.570739919e-12	-5.437057233e-12	-1.620243206e-12	2.188741265e-11	-6.156034975e-12	-6.187081912e-12	-6.235159451e-12	-6.591068881e-12	-6.481349607e-12	-5.967191224e-12	-5.977967224e-12	-6.467483985e-12	-6.138853660e-12	-6.526186811e-12	-6.338096627e-12	-6.265678892e-12	-6.634248238e-12	-6.210819255e-12	-5.715273963e-12	-5.733811697e-12	-6.052570302e-12	-6.291827647e-12	-6.055207785e-12	-5.632683081e-12	-6.117150946e-12	-6.099743561e-12	-6.289793018e-12	-5.734866690e-12	-5.739463446e-12	-5.949859196e-12	-5.645493710e-12	-6.014138414e-12	-5.967869434e-12	-6.040513239e-12	-5.565917094e-12	-5.819266132e-12	-5.576165598e-12	-5.716856452e-12	-6.120089855e-12	-6.014741267e-12	-6.217902779e-12	-6.012405211e-12	-5.902083084e-12	-5.839084929e-12	-5.849710216e-12	-6.189116541e-12	-6.008109882e-12	-6.136743674e-12	-6.148876093e-12	-6.291375507e-12	-5.985804315e-12	-5.523039164e-12	-6.000649574e-12	-5.906679839e-12	-6.081130470e-12	-5.676163865e-12	-6.349701550e-12	-5.915345853e-12	-6.116548093e-12	-6.160933156e-12	-6.201851814e-12	-6.062668092e-12	-6.178943394e-12	-6.216998500e-12	-6.220766332e-12	-6.538771370e-12	-5.481291583e-12	-5.805626579e-12	-6.152493212e-12	-6.554520909e-12	-6.098688568e-12	-6.113759897e-12	-5.545344730e-12	-5.958826637e-12	-5.623188144e-12	-6.147745744e-12	-6.213381381e-12	-6.267939591e-12	-6.382029550e-12	-6.648641357e-12	-6.268542444e-12	-6.792271121e-12	-6.651580267e-12	-6.271556710e-12	-6.584362140e-12	-6.895886507e-12	-7.184653167e-12	-6.695287120e-12	-6.737788267e-12	-6.553315203e-12	-6.445253775e-12	-6.073820876e-12	-6.925803095e-12	-6.591747091e-12	-6.451885159e-12	-6.658814504e-12	-6.678030449e-12	-7.067172159e-12	-6.819399513e-12	-6.664692323e-12	-7.003345081e-12	-6.467559341e-12	-7.183824244e-12	-7.109296523e-12	-6.978175962e-12	-7.477790513e-12	-7.498438234e-12	-7.490827212e-12	-6.706289190e-12	-7.587509787e-12	-6.584588210e-12	-6.640653553e-12	-7.160388328e-12	-6.950218647e-12	-6.677427595e-12	-6.269672794e-12	-6.332821662e-12	-6.632213609e-12	-6.889782619e-12	-6.636433581e-12	-7.317808358e-12	-6.665370532e-12	-6.630028266e-12	-7.284802147e-12	-7.423835156e-12	-7.167321139e-12	-7.219995433e-12	-6.967626032e-12	-7.154359796e-12	-6.469970754e-12	-6.836279401e-12	-6.466956488e-12	-6.545553468e-12	-6.833039066e-12	-7.171315041e-12	-6.949314368e-12	-6.791140771e-12	-6.411418642e-12	-7.075762816e-12	-6.697849246e-12	-6.772452324e-12	-6.818193807e-12	-6.767026645e-12	-7.069131432e-12	-6.622191175e-12	-6.802594981e-12	-6.483459593e-12	-5.784602075e-12	-6.478712125e-12	-7.220221503e-12	-6.492125607e-12	-6.330334892e-12	-6.439375957e-12	-6.755195652e-12	-6.988876606e-12	-6.478561412e-12	-6.564844769e-12	-6.035238274e-12	-5.693495893e-12	-5.993716763e-12	-5.928382553e-12	-6.190849744e-12	-6.347892991e-12	-6.372007117e-12	-6.378638501e-12	-6.210593185e-12	-6.566728685e-12	-6.372685326e-12	-6.626109721e-12	-6.219334556e-12	-5.824239670e-12
-7.488867940e-12	-7.988181064e-12	-7.799186600e-12	-7.839125622e-12	-8.220430241e-12	-8.261122829e-12	-8.056152757e-12	-7.690597676e-12	-7.882380336e-12	-7.707854348e-12	-7.527375185e-12	-7.485476891e-12	-8.012747330e-12	-7.932266434e-12	-7.789013453e-12	-7.714410376e-12	-7.569951689e-12	-8.245599360e-12	-8.073635498e-12	-7.718404278e-12	-7.461664191e-12	-7.700544753e-12	-7.933547497e-12	-7.752390124e-12	-7.529183744e-12	-7.653371494e-12	-7.283897868e-12	-8.033319694e-12	-7.743573397e-12	-7.421725170e-12	-7.556538206e-12	-7.477489086e-12	-7.648247242e-12	-7.530841591e-12	-7.863390461e-12	-7.447271072e-12	-7.494745758e-12	-7.512982066e-12	-7.514941339e-12	-7.561587101e-12	-7.803180503e-12	-7.815840419e-12	-8.465414691e-12	-7.937315329e-12	-7.485552247e-12	-7.422101953e-12	-7.835960643e-12	-7.414114149e-12	-7.156319069e-12	-7.794062349e-12	-7.547043269e-12	-7.229188944e-12	-7.169657195e-12	-7.049387991e-12	-7.266415126e-12	-6.714126281e-12	-7.172445391e-12	-7.094677334e-12	-7.016231068e-12	-7.618858151e-12	-6.887220493e-12	-7.140042034e-12	-7.268675826e-12	-7.316376581e-12	-7.695646571e-12	-7.675827774e-12	-7.517277395e-12	-7.716821788e-12	-8.085240422e-12	-8.136030800e-12	-7.718781061e-12	-8.052158855e-12	-8.106717065e-12	-7.574849871e-12	-7.611925340e-12	-7.648774739e-12	-7.621721703e-12	-7.680801312e-12	-7.693988725e-12	-7.997751358e-12	-7.690899103e-12	-7.035597725e-12	-5.276698294e-12	2.121726602e-11	-7.390527519e-12	-7.093773054e-12	-7.201608412e-12	-6.891365108e-12	-7.005605781e-12	-7.437097925e-12	-7.188119573e-12	-7.175685727e-12	-7.304018092e-12	-7.306580218e-12	-7.299270623e-12	-7.407332051e-12	-7.282390735e-12	-7.868665426e-12	-7.932492504e-12	-8.329395949e-12	-7.728652781e-12	-7.790671300e-12	-7.909131944e-12	-7.823300727e-12	-7.729707774e-12	-7.434008303e-12	-7.717499998e-12	-7.789842377e-12	-7.453977813e-12	-7.798508391e-12	-8.086144701e-12	-7.704689369e-12	-7.362344134e-12	-7.785697761e-12	-7.455484946e-12	-7.264003714e-12	-7.863013678e-12	-7.699941900e-12	-7.544857926e-12	-7.945453847e-12	-7.406352414e-12	-7.586982290e-12	-7.870700056e-12	-7.469651995e-12	-7.266641196e-12	-7.254885560e-12	-7.415922708e-12	-8.312214634e-12	-7.860225482e-12	-7.641013004e-12	-7.767386097e-12	-7.015100718e-12	-7.385403267e-12	-7.187667433e-12	-7.399871743e-12	-7.283295014e-12	-7.164834370e-12	-6.867778479e-12	-6.961974284e-12	-7.197765223e-12	-7.044941949e-12	-7.383217925e-12	-7.867987216e-12	-7.514338485e-12	-7.663695354e-12	-7.647644389e-12	-7.762487915e-12	-7.444558233e-12	-7.434234373e-12	-7.762638628e-12	-8.067079470e-12	-7.018341054e-12	-6.950896857e-12	-7.243205280e-12	-7.341093561e-12	-7.423081589e-12	-7.330694344e-12	-7.017662844e-12	-7.104398341e-12	-7.347272805e-12	-7.270559742e-12	-7.539658318e-12	-7.295352078e-12	-6.977874536e-12	-7.371085505e-12	-7.662263578e-12	-7.319692274e-12	-6.770191624e-12	-7.130923880e-12	-7.786225258e-12	-7.500472863e-12	-7.600923270e-12	-7.571232752e-12	-7.454957450e-12	-8.007623078e-12	-8.194808982e-12	-7.742669117e-12	-8.522836454e-12	-7.861807972e-12	-7.364906260e-12	-7.542371157e-12	-7.766858600e-12	-7.833775300e-12	-7.813353649e-12	-8.006869512e-12	-7.376812610e-12	-7.742669117e-12	-7.931060728e-12	-7.815312922e-12	-8.138969709e-12	-7.907172671e-12	-8.140627555e-12	-7.997977428e-12	-8.210407808e-12	-8.112896310e-12	-8.129700842e-12	-7.647192249e-12	-7.617124948e-12	-7.610267493e-12	-7.607856081e-12	-7.675375634e-12	-7.262421224e-12	-7.751937984e-12	-7.567540276e-12	-7.598361144e-12	-7.456238513e-12	-7.626544529e-12	-7.759549006e-12	-7.607705368e-12	-7.386985757e-12	-7.745683383e-12	-7.536041199e-12	-7.712827886e-12	-7.416148778e-12	-7.967382630e-12	-7.929704308e-12	-7.953441651e-12	-7.632949843e-12	-7.625037396e-12	-8.008376645e-12	-7.612678906e-12	-7.844702013e-12	-7.713280026e-12	-7.923901846e-12	-8.218018829e-12	-8.003704533e-12	-8.237762269e-12	-8.652902022e-12	-8.412137544e-12	-7.993154602e-12	-7.969115833e-12	-8.461420789e-12	-7.683740222e-12	-8.060071302e-12	-7.418409477e-12	-7.940555665e-12	-7.802276223e-12	-8.328265599e-12	-7.913276560e-12	-7.703332949e-12	-7.792856642e-12	-7.798206964e-12	-8.079136533e-12	-7.898808084e-12	-7.844777370e-12	-7.561888528e-12	-7.716445005e-12	-7.420971603e-12	-7.472214121e-12	-7.560758178e-12	-7.078324942e-12
-7.580953759e-12	-7.768968586e-12	-7.757966516e-12	-7.729104921e-12	-8.110183471e-12	-8.283805179e-12	-7.711170040e-12	-7.627298095e-12	-7.312985532e-12	-7.384800414e-12	-7.712074320e-12	-7.008695403e-12	-7.853594097e-12	-7.199272356e-12	-7.545083996e-12	-7.769722153e-12	-7.984639302e-12	-7.789616307e-12	-7.493992192e-12	-7.518332388e-12	-7.124593922e-12	-7.873789678e-12	-7.509289590e-12	-7.144337363e-12	-7.158655125e-12	-7.407181337e-12	-7.117133614e-12	-7.370934792e-12	-7.291207462e-12	-7.661585368e-12	-7.500246793e-12	-7.452922820e-12	-7.807099048e-12	-6.907416073e-12	-7.158202985e-12	-7.689241257e-12	-7.846209146e-12	-7.740634488e-12	-7.475906597e-12	-7.663770711e-12	-7.634230906e-12	-7.965574071e-12	-7.643047634e-12	-7.160312971e-12	-7.950276672e-12	-7.461287408e-12	-6.974031347e-12	-7.118942174e-12	-7.589167633e-12	-7.603033256e-12	-7.280808245e-12	-6.819474870e-12	-7.088196663e-12	-7.573870234e-12	-7.327454008e-12	-7.933698210e-12	-7.747642656e-12	-7.873714321e-12	-7.649452948e-12	-7.849148055e-12	-8.312365347e-12	-7.684569145e-12	-7.687281984e-12	-7.850052335e-12	-7.794815915e-12	-8.094509289e-12	-7.417580554e-12	-7.625866319e-12	-7.824581789e-12	-7.620063857e-12	-7.387061113e-12	-7.632196277e-12	-7.680801312e-12	-7.701072250e-12	-7.914180839e-12	-7.888182797e-12	-8.264363165e-12	-8.228342689e-12	-7.912070853e-12	-7.468973786e-12	-7.441920750e-12	-7.581405899e-12	-7.064308607e-12	-7.430466541e-12	-7.260838735e-12	-7.938822462e-12	-7.692783019e-12	-7.865425091e-12	-7.672286012e-12	-7.770852502e-12	-7.349608861e-12	-7.946282770e-12	-7.430617254e-12	-7.792329146e-12	-7.448250709e-12	-7.466637730e-12	-7.640033368e-12	-7.917797958e-12	-7.313739099e-12	-7.925258266e-12	-7.512077786e-12	-7.216981168e-12	-7.619837787e-12	-6.825277331e-12	-7.095054117e-12	-7.446065366e-12	-6.839595094e-12	-6.736507204e-12	-6.630706476e-12	-7.013744298e-12	-6.623622952e-12	-7.406804554e-12	-6.822263066e-12	-7.111029726e-12	-7.631065927e-12	-7.031076326e-12	-7.258879462e-12	-7.369879799e-12	-7.448326065e-12	-7.186989223e-12	-7.399871743e-12	-7.988256421e-12	-7.602128976e-12	-7.051573334e-12	-6.806739597e-12	-7.405448135e-12	-7.347498875e-12	-7.347875659e-12	-7.312156609e-12	-7.393240358e-12	-7.380806512e-12	-7.278924329e-12	-7.498739660e-12	-7.658269676e-12	-7.676656697e-12	-7.463322037e-12	-7.747039803e-12	-7.780272083e-12	-7.152325167e-12	-7.450134625e-12	-7.280657532e-12	-7.209897643e-12	-7.368221952e-12	-7.477036947e-12	-7.390301449e-12	-8.082376869e-12	-7.784341341e-12	-7.481935128e-12	-7.690296250e-12	-7.480578709e-12	-7.294146371e-12	-7.128060328e-12	-6.973353137e-12	-7.056094732e-12	-7.421046960e-12	-7.091813782e-12	-7.582762318e-12	-6.951876493e-12	-7.852086965e-12	-7.641540501e-12	-7.575151297e-12	-7.663167858e-12	-7.563320304e-12	-7.397912470e-12	-7.537096192e-12	-7.578014850e-12	-7.199649139e-12	-7.746436949e-12	-7.403714932e-12	-7.200930202e-12	-7.227983238e-12	-8.038443946e-12	-7.627524165e-12	-8.012144477e-12	-8.019001931e-12	-7.971602602e-12	-8.142963611e-12	-7.478770149e-12	-7.880571776e-12	-7.490299716e-12	-7.555483213e-12	-7.358199519e-12	-7.444030736e-12	-7.008092550e-12	-7.311553756e-12	-7.422629450e-12	-7.508762094e-12	-7.388643603e-12	-7.143583796e-12	-7.402584582e-12	-7.412531659e-12	-7.628202375e-12	-7.751711915e-12	-6.935448745e-12	-7.436570429e-12	-7.271464021e-12	-7.367166959e-12	-7.025047795e-12	-7.585173731e-12	-7.909508727e-12	-7.537925115e-12	-7.880873203e-12	-7.314115882e-12	-7.473570541e-12	-7.649377592e-12	-7.323309393e-12	-7.837844559e-12	-7.528957674e-12	-7.434385086e-12	-7.549982178e-12	-7.428808694e-12	-7.412757729e-12	-7.262195154e-12	-7.123840355e-12	-7.805591915e-12	-7.304470231e-12	-7.144488076e-12	-7.617727801e-12	-7.539733675e-12	-7.609212500e-12	-7.983358239e-12	-7.996244225e-12	-7.809209034e-12	-7.780573509e-12	-7.576432360e-12	-7.555407857e-12	-7.491354709e-12	-8.046431750e-12	-8.084712925e-12	-8.135277233e-12	-7.560833535e-12	-7.583666598e-12	-8.084034715e-12	-8.118171275e-12	-8.054720981e-12	-7.348101728e-12	-8.173332339e-12	-7.685548781e-12	-7.700318683e-12	-8.084788282e-12	-8.151102129e-12	-7.766481817e-12	-7.985392868e-12	-8.355243278e-12	-8.177853737e-12	-8.046130323e-12	-7.865877230e-12	-7.656687186e-12	-7.753821901e-12	-7.952612728e-12	-8.189458660e-12
-7.206958734e-12	-7.708306488e-12	-7.702277956e-12	-7.783286348e-12	-8.128947275e-12	-7.763241481e-12	-7.552393591e-12	-7.699263690e-12	-7.738675215e-12	-7.682082375e-12	-7.724357453e-12	-7.534458709e-12	-7.820512531e-12	-7.999936700e-12	-7.686980557e-12	-8.215004563e-12	-8.085165065e-12	-7.768667159e-12	-8.278605571e-12	-8.080342240e-12	-7.864746881e-12	-7.959470183e-12	-7.524285562e-12	-7.687658767e-12	-8.023824757e-12	-7.766632530e-12	-7.712451103e-12	-8.504750860e-12	-8.094433932e-12	-7.447045002e-12	-7.894814182e-12	-8.156151024e-12	-7.703634376e-12	-7.830158181e-12	-7.631819494e-12	-7.610945703e-12	-7.920962937e-12	-7.721267830e-12	-7.965498714e-12	-7.947789903e-12	-7.518483101e-12	-7.624962039e-12	-7.946132056e-12	-7.602355046e-12	-7.948242043e-12	-7.962032308e-12	-8.059920589e-12	-7.802728363e-12	-7.521271297e-12	-7.559401759e-12	-7.542371157e-12	-7.680575242e-12	-8.060448086e-12	-7.603259326e-12	-8.117945205e-12	-7.973938658e-12	-7.858793706e-12	-8.107395275e-12	-7.949221679e-12	-7.933698210e-12	-7.962484448e-12	-7.505295688e-12	-7.493916835e-12	-7.581104472e-12	-7.533629786e-12	-8.290210494e-12	-7.860979049e-12	-7.593161535e-12	-7.543049367e-12	-7.934451777e-12	-7.867233650e-12	-7.931211441e-12	-7.748773005e-12	-7.872960755e-12	-8.098578548e-12	-7.816066489e-12	-7.885017818e-12	-8.060900226e-12	-7.981474323e-12	-8.515225433e-12	-8.461948286e-12	-8.049446016e-12	-3.158950523e-12	-8.234220507e-12	-8.159240646e-12	-8.058338100e-12	-8.263534242e-12	-8.467524677e-12	-8.672796176e-12	-8.509347615e-12	-8.248312200e-12	-8.092399303e-12	-8.120055191e-12	-8.280866270e-12	-7.913728700e-12	-8.642427449e-12	-8.333465207e-12	-8.281469123e-12	-8.217717402e-12	-8.278228787e-12	-8.217491332e-12	-7.918250098e-12	-8.221635948e-12	-7.602656472e-12	-7.954195217e-12	-7.972582239e-12	-8.014179106e-12	-7.429411548e-12	-7.235744972e-12	-7.414641645e-12	-7.991119973e-12	-7.610041424e-12	-7.541391521e-12	-7.425342289e-12	-7.797302684e-12	-7.744628390e-12	-7.847565566e-12	-8.039875722e-12	-8.466394328e-12	-7.830158181e-12	-8.136633653e-12	-7.538301898e-12	-7.903178769e-12	-7.390678232e-12	-8.210407808e-12	-8.543710245e-12	-7.893834545e-12	-7.889237790e-12	-8.059468449e-12	-7.704840082e-12	-7.365207687e-12	-7.549153255e-12	-7.194901671e-12	-7.648171885e-12	-7.925032196e-12	-7.531519800e-12	-7.627222738e-12	-7.453224247e-12	-7.576959857e-12	-7.385101841e-12	-7.771907495e-12	-7.328433644e-12	-7.502130709e-12	-7.702654739e-12	-7.575754150e-12	-7.920661511e-12	-8.257279640e-12	-7.768290376e-12	-7.393918568e-12	-7.355637393e-12	-7.848243776e-12	-7.446969646e-12	-7.449079632e-12	-7.580652332e-12	-7.452395324e-12	-7.741840194e-12	-8.167077737e-12	-8.039122155e-12	-8.011692337e-12	-7.921641147e-12	-7.916893679e-12	-7.574774514e-12	-7.763316838e-12	-8.005965232e-12	-7.746286236e-12	-8.005437735e-12	-7.820437174e-12	-7.570177759e-12	-7.440564331e-12	-7.595422235e-12	-7.216679741e-12	-7.368674092e-12	-7.941987441e-12	-7.774318908e-12	-8.011993763e-12	-7.999032421e-12	-8.095112142e-12	-7.976274714e-12	-8.541148119e-12	-7.963840868e-12	-8.074539778e-12	-7.732345257e-12	-7.464150960e-12	-7.427000135e-12	-7.785170265e-12	-7.820663244e-12	-7.495951464e-12	-7.822999300e-12	-7.602128976e-12	-7.649603662e-12	-7.911844783e-12	-7.794589845e-12	-7.819758964e-12	-7.389397169e-12	-7.658043606e-12	-7.885545315e-12	-7.793308782e-12	-7.638375522e-12	-7.974014015e-12	-8.286141235e-12	-7.972732952e-12	-7.968663693e-12	-7.880873203e-12	-8.055549904e-12	-7.569348836e-12	-7.356164889e-12	-7.615542459e-12	-7.954195217e-12	-8.255697151e-12	-7.930005735e-12	-8.365416425e-12	-8.515300790e-12	-7.917948672e-12	-8.107470632e-12	-8.399703698e-12	-8.156904590e-12	-8.642502805e-12	-8.126686576e-12	-8.479581740e-12	-7.852388391e-12	-8.248236843e-12	-8.287723724e-12	-8.679276848e-12	-8.306638242e-12	-7.944775637e-12	-7.838296699e-12	-8.121562324e-12	-8.026386883e-12	-7.661510012e-12	-7.965649427e-12	-7.741614124e-12	-8.218470968e-12	-8.242208311e-12	-7.444482876e-12	-7.752390124e-12	-8.132338324e-12	-7.716068222e-12	-8.577017881e-12	-8.074615135e-12	-8.345672984e-12	-8.281619836e-12	-8.191870073e-12	-8.201214297e-12	-8.388626271e-12	-8.653504875e-12	-8.354414355e-12	-8.504374076e-12	-8.660889826e-12	-8.828709073e-12	-8.735492904e-12	-8.698944932e-12
-8.024879750e-12	-8.260595333e-12	-8.673549743e-12	-8.147635723e-12	-7.852011608e-12	-8.179813010e-12	-8.289833710e-12	-8.516280426e-12	-7.632271634e-12	-8.093002156e-12	-7.814860782e-12	-7.980645400e-12	-8.205057486e-12	-7.599717563e-12	-7.799638740e-12	-7.804536922e-12	-7.350889924e-12	-7.250213448e-12	-6.914574955e-12	-7.124744635e-12	-7.074858537e-12	-7.123991069e-12	-7.063102900e-12	-7.248028105e-12	-7.490149003e-12	-7.154133726e-12	-7.222783629e-12	-7.388342176e-12	-7.663167858e-12	-7.788335244e-12	-7.697907271e-12	-7.698585480e-12	-7.909734797e-12	-7.707552921e-12	-7.596552584e-12	-7.431973673e-12	-7.584194095e-12	-6.751126393e-12	-7.335592526e-12	-6.948862228e-12	-7.434987939e-12	-7.588715493e-12	-7.339360358e-12	-6.882171598e-12	-7.126779265e-12	-6.960617864e-12	-7.706196501e-12	-6.885939430e-12	-7.508309954e-12	-7.459780275e-12	-7.211027993e-12	-7.601601479e-12	-7.453224247e-12	-7.046524439e-12	-7.482613338e-12	-7.785471691e-12	-6.905004661e-12	-7.009976466e-12	-7.332427546e-12	-7.420142680e-12	-7.212384412e-12	-7.140494174e-12	-7.198066650e-12	-7.260160525e-12	-7.096862677e-12	-7.136575628e-12	-6.827839457e-12	-7.237252105e-12	-6.760998114e-12	-7.366488750e-12	-7.354280973e-12	-7.238608524e-12	-7.188797783e-12	-6.944491542e-12	-7.295201364e-12	-6.905381444e-12	-7.328885784e-12	-7.152852663e-12	-7.236573895e-12	-7.354808470e-12	-7.327378651e-12	-6.662657693e-12	7.641088361e-12	-7.495574681e-12	-7.107186537e-12	-7.468973786e-12	-7.097766957e-12	-7.110652943e-12	-7.624962039e-12	-7.612226766e-12	-7.229490371e-12	-7.257372329e-12	-7.496855744e-12	-7.287138203e-12	-7.868137930e-12	-7.629031298e-12	-7.932341791e-12	-7.833624587e-12	-7.312231966e-12	-7.338983575e-12	-7.476358737e-12	-7.416148778e-12	-7.871905762e-12	-7.378621169e-12	-7.233936413e-12	-7.454957450e-12	-7.644253340e-12	-7.115098985e-12	-6.731684379e-12	-6.574264350e-12	-7.232127853e-12	-7.290152469e-12	-7.428281198e-12	-7.506426038e-12	-7.504843548e-12	-7.187592076e-12	-7.199875209e-12	-7.455861730e-12	-7.898958797e-12	-7.370859435e-12	-7.573644164e-12	-7.787129537e-12	-7.644177983e-12	-7.966176924e-12	-7.217960804e-12	-7.209822286e-12	-7.618632081e-12	-7.673190291e-12	-7.576507717e-12	-7.432802596e-12	-7.581858039e-12	-7.766933957e-12	-7.582913032e-12	-7.952763441e-12	-7.394973561e-12	-7.164005447e-12	-6.923843822e-12	-7.097239460e-12	-7.334537533e-12	-7.400022456e-12	-7.963464085e-12	-7.424362652e-12	-7.403413505e-12	-7.507707101e-12	-7.725939942e-12	-7.676656697e-12	-7.657591466e-12	-7.718404278e-12	-7.612904976e-12	-7.630990571e-12	-8.070545876e-12	-7.694591578e-12	-7.497383241e-12	-7.816141845e-12	-7.664901060e-12	-7.560758178e-12	-7.272066875e-12	-7.556764276e-12	-7.790822013e-12	-8.219752031e-12	-8.301363277e-12	-8.000840980e-12	-7.793082712e-12	-7.413888079e-12	-7.216378314e-12	-7.965121931e-12	-7.651261508e-12	-7.947187050e-12	-7.253905923e-12	-7.465733450e-12	-8.182073709e-12	-7.628127018e-12	-7.737846292e-12	-7.496629674e-12	-7.533479073e-12	-7.820437174e-12	-7.796925901e-12	-7.332126120e-12	-7.480880135e-12	-7.791726293e-12	-7.166416859e-12	-7.648699382e-12	-7.675978487e-12	-7.808530824e-12	-7.962710518e-12	-7.401378876e-12	-7.310197336e-12	-7.185105307e-12	-7.132431013e-12	-6.805081751e-12	-7.173801811e-12	-7.253227713e-12	-7.129718174e-12	-7.096561250e-12	-7.082544914e-12	-7.165814006e-12	-7.240191014e-12	-6.946300102e-12	-7.695495858e-12	-7.339737141e-12	-7.258351965e-12	-7.415470568e-12	-7.024520298e-12	-7.225421112e-12	-6.999125109e-12	-6.756778142e-12	-7.157675489e-12	-7.472816975e-12	-6.918342787e-12	-7.356466316e-12	-6.894982227e-12	-7.187215293e-12	-7.514112416e-12	-7.360912358e-12	-7.625715606e-12	-7.395576414e-12	-7.182467825e-12	-7.072522481e-12	-7.558949619e-12	-7.879893566e-12	-7.033939879e-12	-7.610794990e-12	-7.273498651e-12	-7.484647968e-12	-7.466788443e-12	-7.612528193e-12	-7.447271072e-12	-7.721267830e-12	-8.029250435e-12	-7.738524502e-12	-7.564676724e-12	-7.919606518e-12	-7.623078123e-12	-7.929402881e-12	-8.146505373e-12	-7.739353425e-12	-7.098746593e-12	-7.343655686e-12	-7.061595767e-12	-7.283144301e-12	-7.571986318e-12	-7.212309056e-12	-7.739278068e-12	-8.069038743e-12	-7.844249874e-12	-7.660455018e-12	-7.919983301e-12	-7.694591578e-12	-8.096996058e-12	-7.624660613e-12	-7.660982515e-12
-6.363567173e-12	-6.868230618e-12	-7.374702624e-12	-7.415847352e-12	-7.225119685e-12	-7.403941002e-12	-7.407407407e-12	-7.475906597e-12	-7.062952187e-12	-6.657759511e-12	-7.137932048e-12	-6.693177134e-12	-7.138911684e-12	-6.990609809e-12	-7.330016134e-12	-7.325494735e-12	-6.994528354e-12	-7.116982901e-12	-6.751126393e-12	-6.904100381e-12	-6.387605942e-12	-6.461530810e-12	-6.638694280e-12	-6.805006394e-12	-6.618272630e-12	-6.867929192e-12	-6.800108212e-12	-7.091663068e-12	-7.186160300e-12	-7.453525674e-12	-7.182693895e-12	-7.510570653e-12	-7.564375297e-12	-7.090683432e-12	-7.328735071e-12	-6.749543904e-12	-6.878177695e-12	-6.953232913e-12	-6.744042869e-12	-6.838464744e-12	-7.066343236e-12	-6.657232015e-12	-6.898297919e-12	-7.212082986e-12	-7.004098648e-12	-6.948033305e-12	-7.228962874e-12	-7.391959295e-12	-7.747190516e-12	-7.685171998e-12	-7.348779938e-12	-7.441619324e-12	-7.411250596e-12	-7.807626545e-12	-7.173349671e-12	-7.000406172e-12	-6.864462786e-12	-7.178323209e-12	-6.760696687e-12	-6.771548044e-12	-7.028514201e-12	-7.086689530e-12	-7.473645898e-12	-7.482914765e-12	-7.017059991e-12	-7.170561475e-12	-7.528505535e-12	-7.408311687e-12	-7.321576190e-12	-7.426623352e-12	-7.350965281e-12	-7.066267879e-12	-6.954438619e-12	-7.425794429e-12	-7.238005671e-12	-6.983827711e-12	-7.437173282e-12	-7.154058370e-12	-6.824222338e-12	-6.962426424e-12	-6.936805165e-12	-5.270142266e-12	1.031133598e-10	-7.303339882e-12	-7.456992079e-12	-7.523004500e-12	-7.020752466e-12	-7.491580779e-12	-7.896019888e-12	-7.574020948e-12	-7.957510910e-12	-7.875522881e-12	-7.040194480e-12	-7.438228275e-12	-7.853217314e-12	-7.050895124e-12	-7.436947212e-12	-7.699263690e-12	-7.231374287e-12	-7.584495521e-12	-7.741840194e-12	-7.496328248e-12	-7.117058257e-12	-7.063178257e-12	-7.087292383e-12	-6.982622004e-12	-7.315472302e-12	-7.248781671e-12	-6.908546423e-12	-7.600998626e-12	-6.928289864e-12	-7.046750508e-12	-7.056396159e-12	-6.621286896e-12	-7.120524663e-12	-7.213288692e-12	-7.084579544e-12	-6.705384910e-12	-6.741480743e-12	-7.075461390e-12	-6.798827149e-12	-6.935825528e-12	-7.010503963e-12	-6.989856242e-12	-6.976593473e-12	-6.910957836e-12	-7.310800190e-12	-7.217810091e-12	-7.089854509e-12	-7.445537869e-12	-7.274629000e-12	-7.229791797e-12	-7.358425589e-12	-7.591428332e-12	-7.526621618e-12	-7.310272693e-12	-7.094903404e-12	-7.333407183e-12	-7.498739660e-12	-7.091060215e-12	-7.404845282e-12	-7.301003826e-12	-7.672587438e-12	-7.201683769e-12	-7.346519239e-12	-7.208089084e-12	-6.818043093e-12	-6.777651932e-12	-7.046976578e-12	-6.838690814e-12	-6.695362477e-12	-6.531311062e-12	-7.130547097e-12	-6.353770809e-12	-6.868004549e-12	-7.051799404e-12	-7.277944693e-12	-7.234463909e-12	-7.096184467e-12	-6.850145024e-12	-7.080208858e-12	-7.309066987e-12	-7.042078397e-12	-6.758737414e-12	-6.674413330e-12	-6.698979596e-12	-7.227832524e-12	-7.479448359e-12	-7.242677783e-12	-7.108166173e-12	-7.342299267e-12	-7.288645336e-12	-6.641557833e-12	-7.247575965e-12	-7.314869448e-12	-7.430466541e-12	-7.372969421e-12	-7.299421336e-12	-7.134465642e-12	-7.354657756e-12	-6.793024688e-12	-6.966646396e-12	-6.876745919e-12	-7.223537196e-12	-6.687374672e-12	-7.238457811e-12	-7.082921698e-12	-7.569876332e-12	-7.283370371e-12	-7.071316774e-12	-7.309519127e-12	-7.606122878e-12	-7.616672808e-12	-7.506953534e-12	-7.192038118e-12	-7.114496132e-12	-6.949615794e-12	-7.779970656e-12	-7.979590406e-12	-7.485778317e-12	-7.522929143e-12	-7.023314592e-12	-7.543878290e-12	-7.496026821e-12	-7.353150624e-12	-7.711998963e-12	-7.571609535e-12	-8.028346155e-12	-7.636793032e-12	-8.049973512e-12	-7.448853562e-12	-7.646664753e-12	-7.160689754e-12	-7.271690091e-12	-7.332276833e-12	-6.717668043e-12	-7.211706203e-12	-7.524662346e-12	-7.317431574e-12	-7.331447910e-12	-7.758946152e-12	-7.606801088e-12	-7.057601865e-12	-7.478167296e-12	-7.661057872e-12	-7.667387830e-12	-7.960525176e-12	-7.453601030e-12	-8.228041262e-12	-7.402886009e-12	-7.931738937e-12	-7.470631632e-12	-7.393617142e-12	-7.673341005e-12	-7.639355158e-12	-7.247425252e-12	-7.331900050e-12	-7.551187884e-12	-7.235744972e-12	-6.983827711e-12	-7.529861954e-12	-7.484120471e-12	-7.149838398e-12	-7.181262118e-12	-7.553222514e-12	-7.132355656e-12	-7.253529140e-12	-7.397611044e-12	-6.710358449e-12	-6.831079793e-12	-6.994754424e-12
-5.955737014e-12	-7.122860719e-12	-7.089402369e-12	-6.336438781e-12	-6.474567509e-12	-6.143827198e-12	-6.831682646e-12	-6.118205939e-12	-6.527543230e-12	-6.311495731e-12	-6.481123537e-12	-6.349701550e-12	-6.195069716e-12	-6.154452485e-12	-6.221745968e-12	-6.110594918e-12	-6.532818195e-12	-6.560850867e-12	-6.771774114e-12	-6.788352576e-12	-7.037556998e-12	-7.141172384e-12	-6.536962811e-12	-6.524981104e-12	-6.544573832e-12	-6.569818308e-12	-6.645928518e-12	-6.468538978e-12	-6.648490644e-12	-6.775994086e-12	-7.095958397e-12	-6.831607289e-12	-6.939442647e-12	-7.090005222e-12	-7.227983238e-12	-6.785715093e-12	-6.595590280e-12	-6.976518116e-12	-6.684812547e-12	-6.991438732e-12	-6.772527680e-12	-6.768985918e-12	-6.725806561e-12	-6.569667594e-12	-6.697472463e-12	-6.628747203e-12	-6.480972824e-12	-6.896037220e-12	-6.977648466e-12	-7.086990956e-12	-6.859187821e-12	-6.937709444e-12	-7.127532831e-12	-6.687600742e-12	-6.909526059e-12	-7.082695628e-12	-6.889556549e-12	-6.683757554e-12	-6.980361305e-12	-7.227983238e-12	-6.615785861e-12	-6.965139263e-12	-7.071618201e-12	-6.446082698e-12	-6.921733836e-12	-6.879081975e-12	-7.052854397e-12	-6.791140771e-12	-6.964385696e-12	-6.684737190e-12	-6.822413779e-12	-6.514054391e-12	-6.956774675e-12	-6.994000858e-12	-6.869888465e-12	-6.799430002e-12	-6.378939928e-12	-6.746454282e-12	-6.616765497e-12	-6.462736516e-12	-6.397100879e-12	-4.232556632e-12	-6.459044041e-12	-6.570044378e-12	-6.893173668e-12	-7.285028217e-12	-7.170561475e-12	-6.563412993e-12	-6.959035375e-12	-7.271162595e-12	-6.457687621e-12	-6.443595929e-12	-6.130263002e-12	-6.956850032e-12	-6.852707150e-12	-6.890008689e-12	-6.577655399e-12	-6.064401295e-12	-5.944132091e-12	-6.121973771e-12	-6.395367676e-12	-6.558213384e-12	-6.627390784e-12	-6.135387254e-12	-6.810658142e-12	-7.140569530e-12	-7.423910512e-12	-6.875690926e-12	-6.934469109e-12	-6.805383177e-12	-6.889255122e-12	-6.904251094e-12	-7.041174117e-12	-7.178699992e-12	-7.350362428e-12	-6.932509836e-12	-7.319616917e-12	-7.910337651e-12	-7.869343636e-12	-7.988934630e-12	-7.423985869e-12	-6.877348772e-12	-7.520216304e-12	-7.130321027e-12	-7.564601367e-12	-6.913067822e-12	-7.097465530e-12	-6.990459095e-12	-6.822790562e-12	-6.370876767e-12	-6.604708434e-12	-7.096938033e-12	-6.987896969e-12	-7.006962200e-12	-6.825955541e-12	-6.848035038e-12	-7.167396496e-12	-6.682551847e-12	-6.805383177e-12	-6.561001580e-12	-7.093320915e-12	-7.038310564e-12	-6.942004773e-12	-6.452035873e-12	-7.079756719e-12	-6.693855344e-12	-6.951348997e-12	-6.899277556e-12	-6.651203483e-12	-6.817817024e-12	-6.766047009e-12	-7.075386033e-12	-6.648867427e-12	-6.771397331e-12	-6.774713023e-12	-6.975915263e-12	-6.744645722e-12	-6.889782619e-12	-6.725429778e-12	-6.383762753e-12	-6.497777356e-12	-6.799731429e-12	-6.457989048e-12	-6.685189330e-12	-6.632741105e-12	-6.649244211e-12	-6.773733387e-12	-6.339151620e-12	-6.867250982e-12	-6.730026533e-12	-6.652559903e-12	-7.429336191e-12	-6.700185302e-12	-6.544573832e-12	-6.936805165e-12	-6.984279850e-12	-6.353092599e-12	-6.983149501e-12	-6.605838784e-12	-6.883301947e-12	-7.091587712e-12	-7.056546872e-12	-6.865291709e-12	-6.807945303e-12	-6.866949556e-12	-6.488207062e-12	-6.807267093e-12	-6.968379599e-12	-6.327546697e-12	-6.157391394e-12	-6.332821662e-12	-6.456632628e-12	-6.482706027e-12	-6.860092101e-12	-6.467257915e-12	-7.426020499e-12	-6.902216465e-12	-6.978175962e-12	-6.552636993e-12	-6.831004436e-12	-6.523700041e-12	-6.204866080e-12	-6.956247179e-12	-6.960241081e-12	-6.894680801e-12	-7.437474708e-12	-6.921357053e-12	-6.896338647e-12	-7.273423294e-12	-6.876821276e-12	-7.029192410e-12	-7.760227215e-12	-7.457670289e-12	-7.253755210e-12	-7.313889812e-12	-7.351342064e-12	-7.308991630e-12	-7.788787383e-12	-7.566183857e-12	-7.356390959e-12	-7.459780275e-12	-7.527224472e-12	-7.392260722e-12	-7.476886233e-12	-7.361063071e-12	-7.282089308e-12	-7.393014288e-12	-7.065815739e-12	-7.161292608e-12	-7.179905699e-12	-7.610719633e-12	-7.034467375e-12	-6.895208297e-12	-6.870868101e-12	-7.057903292e-12	-6.997316550e-12	-6.686395036e-12	-6.683908267e-12	-6.811863849e-12	-6.890385472e-12	-7.094828047e-12	-7.343278903e-12	-7.717801425e-12	-7.673491718e-12	-6.928666647e-12	-7.143508440e-12	-6.890837612e-12	-6.997844046e-12	-6.870792744e-12	-7.084956327e-12	-7.200704132e-12
-5.608116815e-12	-6.244126892e-12	-6.168393464e-12	-6.555048405e-12	-6.783981890e-12	-6.364923592e-12	-5.935616790e-12	-5.771565376e-12	-5.893718496e-12	-5.600581150e-12	-6.791969695e-12	-7.052628327e-12	-6.534928181e-12	-6.604105581e-12	-6.446986978e-12	-6.049103896e-12	-6.181731590e-12	-5.720473571e-12	-6.212853884e-12	-6.440807733e-12	-6.850446450e-12	-6.777878002e-12	-5.961162693e-12	-5.675561011e-12	-6.024612987e-12	-5.770887166e-12	-6.084446163e-12	-6.264548542e-12	-5.302997763e-12	-6.097181435e-12	-6.320161746e-12	-6.261609633e-12	-6.438547033e-12	-6.051439952e-12	-6.064250582e-12	-5.637204480e-12	-5.624092423e-12	-5.554236814e-12	-5.966211588e-12	-6.030114022e-12	-6.216395646e-12	-5.842551335e-12	-6.023633351e-12	-5.682343109e-12	-6.140511506e-12	-5.725974606e-12	-5.920168678e-12	-5.621304228e-12	-5.969828707e-12	-6.385043816e-12	-5.642027305e-12	-6.052193519e-12	-6.073218023e-12	-6.026572260e-12	-5.692139473e-12	-5.435625456e-12	-5.607890745e-12	-5.976158665e-12	-5.920470105e-12	-5.911276594e-12	-6.715181274e-12	-6.035615057e-12	-6.043527505e-12	-6.318353186e-12	-6.281277717e-12	-6.609380546e-12	-6.271707423e-12	-5.969979420e-12	-6.399512292e-12	-6.011727001e-12	-5.618289962e-12	-5.643006941e-12	-6.010069155e-12	-5.767194691e-12	-5.584002689e-12	-5.585208395e-12	-5.515729569e-12	-5.521381317e-12	-5.338641455e-12	-5.250474182e-12	-5.297948868e-12	-2.494154208e-12	-5.264339804e-12	-5.666819641e-12	-5.389883973e-12	-5.471495219e-12	-6.367787145e-12	-6.039382889e-12	-6.342316599e-12	-5.793343446e-12	-6.123480904e-12	-6.212552458e-12	-6.253320402e-12	-6.429881019e-12	-6.215717437e-12	-6.172010583e-12	-5.982639336e-12	-6.047069267e-12	-5.838331363e-12	-6.101250694e-12	-5.921299028e-12	-5.539240842e-12	-5.586338745e-12	-5.765084705e-12	-5.518216338e-12	-5.862671559e-12	-5.994394973e-12	-5.790781320e-12	-6.391223061e-12	-5.844962747e-12	-5.689501991e-12	-5.963348035e-12	-6.168242751e-12	-6.478335342e-12	-6.739822897e-12	-6.251813269e-12	-6.358668991e-12	-6.321141382e-12	-6.278640235e-12	-6.020920512e-12	-6.376076375e-12	-6.373589606e-12	-6.240886556e-12	-6.973729920e-12	-6.444274138e-12	-6.378487788e-12	-6.128680513e-12	-6.133578695e-12	-5.904494496e-12	-6.447740544e-12	-6.426188544e-12	-5.797789488e-12	-5.970808343e-12	-6.085727226e-12	-6.020619085e-12	-6.225287731e-12	-5.904042356e-12	-6.405164040e-12	-6.355730082e-12	-5.992887840e-12	-5.953024175e-12	-6.026647617e-12	-5.982790050e-12	-5.815272230e-12	-6.567482252e-12	-6.122651981e-12	-6.393559117e-12	-6.718723036e-12	-6.434176348e-12	-6.623999735e-12	-6.601392741e-12	-6.808020660e-12	-6.987143403e-12	-6.176381268e-12	-6.252039339e-12	-6.283463060e-12	-6.574264350e-12	-6.732965442e-12	-7.371462288e-12	-6.882096241e-12	-6.744645722e-12	-6.367711788e-12	-6.749694617e-12	-6.923467039e-12	-6.856173555e-12	-6.567406895e-12	-6.952554703e-12	-6.277359172e-12	-7.130321027e-12	-6.942607626e-12	-6.609908042e-12	-6.345330865e-12	-6.410665075e-12	-6.860845667e-12	-6.869134898e-12	-6.802896408e-12	-6.858358898e-12	-6.291375507e-12	-7.212761196e-12	-6.910957836e-12	-6.971243151e-12	-6.300870445e-12	-5.954983448e-12	-5.951290972e-12	-5.901857014e-12	-5.800954467e-12	-5.550921122e-12	-6.212251031e-12	-6.643743176e-12	-6.348571200e-12	-6.045938917e-12	-5.726577459e-12	-5.961840903e-12	-6.219108486e-12	-6.196124709e-12	-5.993641406e-12	-6.562885496e-12	-6.742385023e-12	-6.150458583e-12	-6.247819367e-12	-6.533496405e-12	-6.943587263e-12	-6.215416010e-12	-6.521740769e-12	-6.607496630e-12	-6.406972600e-12	-6.054604931e-12	-5.875783615e-12	-6.295067983e-12	-6.315941773e-12	-6.199666471e-12	-6.140511506e-12	-6.061387029e-12	-5.745265907e-12	-6.187835478e-12	-6.142772205e-12	-6.364622166e-12	-6.099140708e-12	-6.080527617e-12	-6.685641470e-12	-6.688580379e-12	-6.014741267e-12	-6.557987314e-12	-6.963632130e-12	-6.268542444e-12	-6.597624909e-12	-6.312173941e-12	-6.816611317e-12	-6.824373052e-12	-6.305316487e-12	-6.394086613e-12	-6.976367403e-12	-6.499661272e-12	-6.683983623e-12	-6.260931423e-12	-6.405088683e-12	-6.346009074e-12	-6.590918168e-12	-6.516767230e-12	-6.909375346e-12	-6.703500994e-12	-6.178943394e-12	-6.985108774e-12	-7.160086901e-12	-6.706063120e-12	-6.421516432e-12	-5.927704343e-12	-6.221067758e-12	-5.551976115e-12	-5.975932595e-12	-5.986633238e-12
-4.956055773e-12	-5.264264448e-12	-4.656889896e-12	-5.211665510e-12	-5.237512839e-12	-5.494780422e-12	-5.442935051e-12	-5.258612699e-12	-5.073838208e-12	-4.913102486e-12	-4.958994682e-12	-5.271875469e-12	-5.677068144e-12	-5.162985118e-12	-5.361248449e-12	-5.451751778e-12	-5.234724643e-12	-5.250097398e-12	-5.103604082e-12	-5.234800000e-12	-6.031018302e-12	-5.380162966e-12	-5.423568393e-12	-5.296667805e-12	-5.299154574e-12	-5.441804701e-12	-5.413696673e-12	-5.082956362e-12	-4.818906681e-12	-4.599844916e-12	-4.907526094e-12	-5.323720840e-12	-5.604575053e-12	-5.111968670e-12	-5.430199778e-12	-4.432628523e-12	-5.103830152e-12	-5.142412754e-12	-5.082428865e-12	-5.186270321e-12	-5.372627302e-12	-5.407140645e-12	-5.478503387e-12	-4.766609170e-12	-5.358309539e-12	-5.173685761e-12	-5.566218521e-12	-5.249871329e-12	-5.448360729e-12	-5.628010969e-12	-5.578953794e-12	-5.112194740e-12	-5.359364532e-12	-4.920562794e-12	-4.930133087e-12	-5.182803915e-12	-4.867662429e-12	-4.948520109e-12	-4.979491689e-12	-4.803835352e-12	-4.897352947e-12	-4.446268075e-12	-5.508721401e-12	-5.224250070e-12	-5.717157879e-12	-5.619721738e-12	-5.394556085e-12	-4.944978346e-12	-5.857547307e-12	-5.264264448e-12	-4.814762065e-12	-5.239773538e-12	-4.847692919e-12	-5.168938293e-12	-5.136911719e-12	-4.761334204e-12	-5.027192445e-12	-5.054772977e-12	-5.080620306e-12	-4.952664724e-12	-4.530064664e-12	1.650838004e-12	-5.219879384e-12	-5.109783327e-12	-5.094862711e-12	-5.207746964e-12	-5.275115804e-12	-4.991624109e-12	-4.403766928e-12	-5.040756641e-12	-4.653122063e-12	-4.719285197e-12	-5.068337173e-12	-5.502994296e-12	-5.588222661e-12	-5.246706349e-12	-5.397796421e-12	-5.539617625e-12	-5.572548479e-12	-5.255899860e-12	-5.499678604e-12	-4.915664612e-12	-5.155976950e-12	-4.888837646e-12	-5.710601851e-12	-4.835259072e-12	-4.954171857e-12	-5.222366153e-12	-5.052512277e-12	-4.960426458e-12	-4.932695213e-12	-5.484456562e-12	-5.062986851e-12	-5.045504110e-12	-5.143769174e-12	-4.895921171e-12	-5.127868922e-12	-5.610905011e-12	-5.234573930e-12	-4.678743322e-12	-5.025986739e-12	-5.048895159e-12	-4.902251129e-12	-4.450186621e-12	-4.791929002e-12	-4.918754234e-12	-4.536771405e-12	-4.738275071e-12	-4.858393562e-12	-4.899689003e-12	-5.139549201e-12	-4.905868248e-12	-4.799916806e-12	-4.353202620e-12	-4.716497001e-12	-4.587185000e-12	-4.879493422e-12	-4.852214317e-12	-4.923350989e-12	-5.018827858e-12	-4.453125530e-12	-4.431272103e-12	-4.720189477e-12	-4.766232386e-12	-4.625842958e-12	-4.651388861e-12	-4.430292467e-12	-3.902720601e-12	-4.617327657e-12	-4.994487661e-12	-4.608134147e-12	-4.812878149e-12	-4.481082845e-12	-4.881754122e-12	-5.172103272e-12	-4.715140582e-12	-4.827421981e-12	-4.939628025e-12	-4.980094542e-12	-4.756436023e-12	-4.842568667e-12	-4.285080213e-12	-3.817115453e-12	-3.911989468e-12	-3.977172965e-12	-4.041301470e-12	-3.947859231e-12	-4.103998197e-12	-3.642212682e-12	-4.278373472e-12	-4.350715850e-12	-3.826007537e-12	-4.313791095e-12	-4.253355066e-12	-4.247929388e-12	-4.260966087e-12	-4.018769833e-12	-4.552370230e-12	-4.639181084e-12	-4.630515070e-12	-4.508588020e-12	-4.766684526e-12	-4.882507688e-12	-5.276472224e-12	-5.077907467e-12	-5.248062769e-12	-4.741138624e-12	-4.613258399e-12	-4.155542142e-12	-4.636543602e-12	-4.921165647e-12	-4.611374483e-12	-5.076701760e-12	-4.754627463e-12	-4.783413701e-12	-4.534359992e-12	-4.223363122e-12	-4.513109419e-12	-4.339412354e-12	-4.903306122e-12	-4.764273114e-12	-4.685977560e-12	-4.632022203e-12	-4.685902204e-12	-4.681079378e-12	-4.304220801e-12	-4.414995068e-12	-4.373021417e-12	-4.159837471e-12	-4.435718145e-12	-4.655232049e-12	-4.363300410e-12	-4.468121502e-12	-4.444308802e-12	-4.385153837e-12	-4.435944215e-12	-4.438581698e-12	-4.571887601e-12	-4.843096163e-12	-4.595323517e-12	-4.464504383e-12	-4.420345390e-12	-5.112722236e-12	-5.055526543e-12	-4.867511716e-12	-5.002249396e-12	-5.283103609e-12	-4.582663601e-12	-4.460133698e-12	-4.822825226e-12	-4.681154735e-12	-5.126738572e-12	-4.517254034e-12	-4.576635070e-12	-5.107447271e-12	-4.618759434e-12	-5.117846488e-12	-4.581910035e-12	-5.194032055e-12	-5.168410796e-12	-4.812576722e-12	-5.343464281e-12	-5.156429090e-12	-5.624243137e-12	-5.077003187e-12	-4.718004134e-12	-4.785975827e-12	-4.940381591e-12	-4.944752276e-12	-5.064192557e-12	-5.030809564e-12
-5.285816448e-12	-5.136082796e-12	-5.516257066e-12	-5.415429876e-12	-5.143166320e-12	-4.573017951e-12	-5.407065288e-12	-4.512581922e-12	-4.711448106e-12	-4.920412080e-12	-5.447531806e-12	-6.984053781e-12	-6.805307821e-12	-6.760093834e-12	-7.127683544e-12	-6.837635821e-12	-7.264757280e-12	-6.658287008e-12	-6.767704855e-12	-6.752934953e-12	-6.403280124e-12	-6.697924603e-12	-6.733266869e-12	-6.643743176e-12	-6.265226752e-12	-6.812768128e-12	-6.720531596e-12	-7.149536971e-12	-7.009222900e-12	-7.159785475e-12	-6.914876381e-12	-7.190455629e-12	-6.846226478e-12	-6.505313020e-12	-6.620759399e-12	-6.982094508e-12	-7.026479571e-12	-6.972448857e-12	-6.783831177e-12	-7.001611879e-12	-7.004475431e-12	-7.039139487e-12	-7.159936188e-12	-6.502072684e-12	-6.839519737e-12	-6.592425301e-12	-6.865140996e-12	-6.487378139e-12	-6.821057359e-12	-6.539072797e-12	-6.541408853e-12	-6.998296186e-12	-6.704555987e-12	-6.796415737e-12	-7.268299042e-12	-7.190530986e-12	-7.043736243e-12	-6.968831738e-12	-7.208616580e-12	-7.052251543e-12	-6.834621555e-12	-6.387078446e-12	-7.177494286e-12	-7.279527182e-12	-6.838766171e-12	-7.278773616e-12	-7.235820329e-12	-7.435063296e-12	-6.421290362e-12	-6.932886619e-12	-6.968530312e-12	-7.186461727e-12	-6.972674927e-12	-6.569290811e-12	-6.808322086e-12	-6.605235930e-12	-6.464243649e-12	-6.771698757e-12	-6.841479010e-12	-6.912314255e-12	-6.561227650e-12	1.371699662e-10	-6.853837499e-12	-7.561963885e-12	-7.270861168e-12	-7.340189281e-12	-6.758285275e-12	-7.261592301e-12	-6.749920687e-12	-6.598378476e-12	-6.384667033e-12	-6.438697747e-12	-6.544649188e-12	-6.617820490e-12	-6.204338583e-12	-6.562885496e-12	-7.026102788e-12	-6.139531869e-12	-6.395141606e-12	-6.609908042e-12	-6.445103062e-12	-6.498983062e-12	-6.388208795e-12	-6.282634137e-12	-6.294841913e-12	-6.451056236e-12	-6.205468933e-12	-6.394915537e-12	-6.060934890e-12	-6.185574779e-12	-6.259650360e-12	-6.555726615e-12	-6.113759897e-12	-6.857153192e-12	-6.379316711e-12	-6.484213160e-12	-6.377960292e-12	-6.953383626e-12	-6.458667257e-12	-6.135311897e-12	-6.084295449e-12	-6.208031059e-12	-6.101928904e-12	-6.336815564e-12	-6.327622053e-12	-6.818947373e-12	-6.538771370e-12	-6.781042981e-12	-6.629651483e-12	-6.983903067e-12	-7.173349671e-12	-7.010503963e-12	-7.044715879e-12	-6.583231790e-12	-6.428524600e-12	-7.266113700e-12	-6.948711514e-12	-7.109221166e-12	-7.138082761e-12	-6.720154813e-12	-6.659342001e-12	-6.434628488e-12	-7.339360358e-12	-7.340867491e-12	-6.243071899e-12	-7.178323209e-12	-6.962577137e-12	-7.626845955e-12	-7.144111293e-12	-7.295653504e-12	-7.608609647e-12	-7.306052721e-12	-6.361381830e-12	-6.966269613e-12	-7.025424578e-12	-7.083675264e-12	-6.985636270e-12	-6.794682534e-12	-7.006660774e-12	-7.052025474e-12	-6.895509724e-12	-6.960843934e-12	-6.807719233e-12	-6.806890310e-12	-6.740275037e-12	-6.631309329e-12	-6.048350330e-12	-6.054529575e-12	-6.148951450e-12	-5.936671783e-12	-6.347591564e-12	-6.165303842e-12	-6.207352849e-12	-5.660112899e-12	-5.055677257e-12	-5.026288165e-12	-5.701408340e-12	-5.292975329e-12	-5.484079779e-12	-6.136140820e-12	-5.661544676e-12	-5.394480729e-12	-5.085066348e-12	-5.347081399e-12	-5.347533539e-12	-5.717836089e-12	-5.152359831e-12	-5.569910996e-12	-5.205712335e-12	-5.003907242e-12	-5.188832447e-12	-4.740234344e-12	-5.267429427e-12	-6.080527617e-12	-5.856567671e-12	-6.034861491e-12	-5.726125320e-12	-5.920093322e-12	-5.946242077e-12	-5.686261655e-12	-5.947824567e-12	-5.931170748e-12	-5.788068481e-12	-5.705703669e-12	-5.704874746e-12	-4.917096388e-12	-5.646850130e-12	-5.342786071e-12	-5.736976676e-12	-6.072464456e-12	-6.082411533e-12	-6.234858024e-12	-6.298232962e-12	-6.155432121e-12	-5.673149599e-12	-6.034560064e-12	-5.980755420e-12	-5.697715865e-12	-6.343522305e-12	-6.872073807e-12	-6.429202810e-12	-6.907868213e-12	-6.421215005e-12	-6.193713297e-12	-6.522117552e-12	-6.059804540e-12	-6.266131032e-12	-6.501017691e-12	-6.177436261e-12	-6.114739534e-12	-6.392805550e-12	-5.977741154e-12	-6.110444205e-12	-5.850162356e-12	-6.577730755e-12	-5.951667756e-12	-5.501110380e-12	-5.684603809e-12	-5.744361627e-12	-5.821225405e-12	-5.522888450e-12	-5.752650858e-12	-6.038553966e-12	-5.941946748e-12	-6.001177071e-12	-5.946618860e-12	-6.186931199e-12	-6.432292432e-12	-6.825804828e-12	-6.313228934e-12	-6.125741604e-12
-5.933054664e-12	-5.956490581e-12	-5.556271444e-12	-5.880455727e-12	-6.014590553e-12	-6.383988823e-12	-6.399663005e-12	-6.163118499e-12	-5.457629596e-12	-5.598395808e-12	-5.909468035e-12	-5.312794126e-12	-5.371270882e-12	-5.389055050e-12	-6.006376679e-12	-5.775333208e-12	-5.640520172e-12	-6.290395871e-12	-5.744663054e-12	-5.893417070e-12	-6.097708932e-12	-5.880757153e-12	-5.441955414e-12	-6.256259311e-12	-5.900802021e-12	-5.704121180e-12	-6.271632067e-12	-6.121295562e-12	-5.806832285e-12	-5.341655721e-12	-5.647076200e-12	-5.601108647e-12	-5.644815501e-12	-5.371723022e-12	-5.198628811e-12	-5.155976950e-12	-5.554990381e-12	-5.447381093e-12	-5.472550212e-12	-5.835467810e-12	-5.820697908e-12	-5.499904674e-12	-5.690707697e-12	-5.400132477e-12	-5.462979918e-12	-5.777443194e-12	-6.036293267e-12	-6.029887952e-12	-5.610603584e-12	-5.849333433e-12	-5.504426072e-12	-5.548283639e-12	-5.896883475e-12	-5.507591052e-12	-5.750691586e-12	-5.709094718e-12	-5.697414438e-12	-5.538713346e-12	-5.659359333e-12	-5.358610966e-12	-5.830343558e-12	-5.565540311e-12	-5.602540423e-12	-5.594929402e-12	-5.504576786e-12	-5.571794912e-12	-5.812634747e-12	-5.178885370e-12	-5.087251690e-12	-5.437207946e-12	-5.574055612e-12	-5.675259585e-12	-5.666894997e-12	-5.222592223e-12	-5.547982213e-12	-5.749862663e-12	-5.698996928e-12	-5.460493149e-12	-5.872844706e-12	-5.632230941e-12	-4.881678765e-12	1.306406144e-10	-5.158614432e-12	-5.655892927e-12	-5.567725654e-12	-5.553633961e-12	-4.952212584e-12	-5.553935388e-12	-5.248891692e-12	-5.239095328e-12	-5.091471663e-12	-5.272930462e-12	-5.234573930e-12	-5.535473010e-12	-5.658078270e-12	-5.937048567e-12	-5.600355081e-12	-5.573980255e-12	-5.730872788e-12	-6.085124372e-12	-5.773524649e-12	-6.312475368e-12	-6.089193631e-12	-6.250908990e-12	-6.364998949e-12	-6.508704069e-12	-6.216621716e-12	-5.937349993e-12	-6.050460316e-12	-6.455125495e-12	-5.854005545e-12	-5.930417182e-12	-6.098537855e-12	-5.796734495e-12	-5.650467249e-12	-5.835919950e-12	-5.807962635e-12	-5.100288390e-12	-5.675485655e-12	-6.045034638e-12	-5.585660535e-12	-5.828987139e-12	-5.892889573e-12	-5.375792281e-12	-5.236683916e-12	-5.660565039e-12	-5.998388875e-12	-5.865987251e-12	-5.915345853e-12	-5.835166384e-12	-5.828233572e-12	-5.715500033e-12	-5.687165935e-12	-6.164399562e-12	-5.578577010e-12	-5.759206886e-12	-5.748656956e-12	-5.781889236e-12	-5.445195750e-12	-5.480613373e-12	-5.716178243e-12	-6.187307982e-12	-5.854231615e-12	-5.409325988e-12	-5.589202297e-12	-5.719946075e-12	-5.744436984e-12	-5.668778913e-12	-5.618742102e-12	-6.000951001e-12	-6.064702722e-12	-5.896129909e-12	-6.062065239e-12	-6.028380819e-12	-6.449775173e-12	-6.420762865e-12	-6.559871231e-12	-5.887614608e-12	-5.949633126e-12	-6.048877827e-12	-6.155281408e-12	-6.012631281e-12	-5.985955029e-12	-5.843455615e-12	-6.028456176e-12	-5.938329630e-12	-5.891533154e-12	-5.899973098e-12	-5.407216002e-12	-5.805325153e-12	-6.342994809e-12	-6.098462498e-12	-6.274797046e-12	-6.306522193e-12	-6.273591339e-12	-6.115417743e-12	-6.261835703e-12	-5.979474357e-12	-5.552051472e-12	-5.923484371e-12	-5.660112899e-12	-6.054152792e-12	-6.326642417e-12	-6.699959232e-12	-6.327697410e-12	-6.420687509e-12	-6.569366168e-12	-6.390243425e-12	-5.991229994e-12	-6.173668429e-12	-6.667932658e-12	-6.741480743e-12	-6.878554479e-12	-6.528899650e-12	-6.139984009e-12	-6.133880121e-12	-6.266959955e-12	-5.717610019e-12	-6.240132989e-12	-6.494084880e-12	-6.738843260e-12	-6.413151844e-12	-6.219334556e-12	-6.540278503e-12	-6.165906695e-12	-6.377432795e-12	-6.380447061e-12	-6.565221552e-12	-6.402752627e-12	-6.475245719e-12	-6.598001693e-12	-6.569366168e-12	-5.756192621e-12	-6.428147817e-12	-6.086932932e-12	-5.918586189e-12	-6.312927508e-12	-6.320086389e-12	-6.001779924e-12	-5.978946861e-12	-5.829589992e-12	-5.572849905e-12	-6.040739309e-12	-6.019865519e-12	-5.809846551e-12	-5.972842973e-12	-5.613241067e-12	-6.211346751e-12	-6.253998612e-12	-5.343991777e-12	-5.407592785e-12	-5.361399162e-12	-5.942624958e-12	-5.777217124e-12	-5.814141880e-12	-5.143919887e-12	-6.054152792e-12	-5.693646606e-12	-5.590483360e-12	-5.615652479e-12	-5.563882465e-12	-5.923107587e-12	-6.335986641e-12	-6.280373437e-12	-6.031395085e-12	-6.134859758e-12	-5.980981490e-12	-6.014515197e-12	-6.439300600e-12	-6.051289239e-12	-5.616632116e-12
-4.293746227e-12	-4.980848109e-12	-4.751236414e-12	-4.359607934e-12	-4.812953506e-12	-4.639708581e-12	-4.885672667e-12	-4.610771629e-12	-4.907827521e-12	-4.297966200e-12	-4.899839716e-12	-4.493592048e-12	-4.406404410e-12	-4.095558253e-12	-4.161269247e-12	-4.457571572e-12	-4.222157416e-12	-4.555007713e-12	-4.711749533e-12	-4.319367486e-12	-4.482288551e-12	-4.358402228e-12	-4.451166257e-12	-4.639407154e-12	-4.788010456e-12	-4.732774036e-12	-4.754476750e-12	-4.752969617e-12	-4.568797979e-12	-4.685073281e-12	-5.107447271e-12	-4.711297393e-12	-4.846788639e-12	-4.533757139e-12	-4.286813416e-12	-4.428709977e-12	-5.076174264e-12	-4.173250953e-12	-4.782358708e-12	-4.687710763e-12	-4.792004359e-12	-4.173477023e-12	-4.148232548e-12	-4.281915234e-12	-4.329389920e-12	-3.881017887e-12	-4.156371065e-12	-4.173326310e-12	-3.370175197e-12	-3.727064263e-12	-3.656681158e-12	-3.851930223e-12	-4.285532353e-12	-4.276263486e-12	-4.397210900e-12	-4.599015993e-12	-4.555459853e-12	-4.505573754e-12	-4.644531406e-12	-4.500524859e-12	-4.058030645e-12	-4.472040048e-12	-4.503991265e-12	-4.114397414e-12	-4.025325861e-12	-3.715685410e-12	-3.718699676e-12	-3.640630193e-12	-3.896089216e-12	-4.057653861e-12	-3.679815648e-12	-3.806113383e-12	-3.934596461e-12	-3.558868234e-12	-3.438448316e-12	-3.850121663e-12	-3.880339678e-12	-3.815382250e-12	-4.124495205e-12	-3.885614643e-12	-3.454725351e-12	1.655181561e-10	-4.006938840e-12	-4.314318591e-12	-4.467518649e-12	-3.842510642e-12	-4.770904498e-12	-4.368198592e-12	-4.395477697e-12	-4.681983658e-12	-4.507985167e-12	-4.331273836e-12	-4.619889783e-12	-5.017471438e-12	-5.393124309e-12	-4.545512776e-12	-4.710167043e-12	-5.101041956e-12	-4.881678765e-12	-4.697356414e-12	-4.815892415e-12	-4.894263325e-12	-4.587561783e-12	-4.832923016e-12	-4.961858235e-12	-4.263452857e-12	-4.153055373e-12	-3.758714054e-12	-4.030450113e-12	-3.931958979e-12	-4.196837583e-12	-4.215978171e-12	-3.903850951e-12	-4.076719092e-12	-3.586674835e-12	-4.272721724e-12	-3.954867399e-12	-3.690516291e-12	-3.754870865e-12	-3.927136154e-12	-3.751856599e-12	-3.829624656e-12	-3.433625491e-12	-3.673033550e-12	-3.905056657e-12	-3.659620067e-12	-4.117411680e-12	-4.178375205e-12	-4.201132912e-12	-3.648844067e-12	-4.018769833e-12	-3.534301968e-12	-3.791418838e-12	-4.087118309e-12	-3.931054699e-12	-4.092468631e-12	-4.044165022e-12	-4.119446310e-12	-4.250943654e-12	-4.118542030e-12	-3.988627175e-12	-3.865494419e-12	-3.379820847e-12	-3.839194950e-12	-4.225623821e-12	-3.744848431e-12	-3.795488096e-12	-3.968582308e-12	-3.889683901e-12	-3.772730390e-12	-3.847559537e-12	-4.068279148e-12	-4.674598707e-12	-4.340015207e-12	-5.001495829e-12	-4.987102710e-12	-4.074383036e-12	-4.471663264e-12	-4.322532466e-12	-4.473848607e-12	-4.187493359e-12	-4.207312157e-12	-4.111986002e-12	-3.845901691e-12	-3.857657328e-12	-4.118918813e-12	-4.247552605e-12	-4.264658563e-12	-3.823370055e-12	-3.942810336e-12	-3.532945548e-12	-3.926382587e-12	-3.780793551e-12	-3.499562555e-12	-3.472057380e-12	-4.468272215e-12	-3.887046419e-12	-3.604383647e-12	-4.175737723e-12	-4.184780520e-12	-4.398944103e-12	-4.007767763e-12	-3.981995791e-12	-4.333233109e-12	-3.899028125e-12	-5.070296446e-12	-4.589897839e-12	-4.747167155e-12	-4.365937893e-12	-4.597433503e-12	-4.871957758e-12	-4.421023599e-12	-4.246497612e-12	-4.476184663e-12	-4.535716412e-12	-4.168654198e-12	-4.266165696e-12	-4.193672604e-12	-4.160591037e-12	-4.461113334e-12	-4.313866451e-12	-4.808884247e-12	-4.221855989e-12	-4.040849330e-12	-4.613861252e-12	-4.276112773e-12	-4.954623997e-12	-4.358552941e-12	-4.244990479e-12	-4.299171906e-12	-4.388770956e-12	-4.450638761e-12	-4.494496327e-12	-4.247401891e-12	-4.545663489e-12	-4.678743322e-12	-4.723203743e-12	-4.520569726e-12	-4.694568218e-12	-4.928324528e-12	-4.993884808e-12	-4.591178902e-12	-4.767890232e-12	-5.238191049e-12	-5.120860754e-12	-5.239095328e-12	-6.291903004e-12	-7.704764725e-12	-7.071467488e-12	-6.854289639e-12	-6.146163254e-12	-6.046843197e-12	-5.652954018e-12	-5.859958720e-12	-6.322121018e-12	-5.644740144e-12	-5.690858410e-12	-4.954473283e-12	-4.710694540e-12	-4.767438093e-12	-4.729684414e-12	-4.269179961e-12	-4.533304999e-12	-3.825178614e-12	-3.858184824e-12	-4.162701023e-12	-4.175134870e-12	-4.485378174e-12	-4.184328380e-12	-3.666477521e-12	-3.866097272e-12
-1.872537251e-12	-1.690701668e-12	-1.834256075e-12	-1.715644718e-12	-1.686632410e-12	-1.879017922e-12	-1.612933612e-12	-1.987908273e-12	-1.887985363e-12	-1.972912301e-12	-1.707732270e-12	-2.309379717e-12	-2.413296529e-12	-1.728455347e-12	-2.202900779e-12	-1.788213166e-12	-1.661990787e-12	-1.850307041e-12	-1.642699486e-12	-1.740512410e-12	-1.590175905e-12	-1.423110225e-12	-1.625442814e-12	-1.803510565e-12	-9.081229187e-13	-7.587660500e-13	-1.048889130e-12	-1.417458477e-12	-1.617530367e-12	-1.046628431e-12	-1.150319173e-12	-1.664854339e-12	-1.460185694e-12	-1.458226421e-12	-1.885046454e-12	-1.095760963e-12	-1.649029444e-12	-1.297189273e-12	-1.028994976e-12	-1.273602643e-12	-1.620243206e-12	-9.407523457e-13	-6.042095729e-13	-6.657005945e-13	-8.143038968e-13	-1.284830783e-12	-1.951586370e-12	-1.365462392e-12	-1.785123543e-12	-2.317066095e-12	-1.648125164e-12	-2.024531602e-12	-1.864172663e-12	-2.238469115e-12	-3.099268061e-12	-2.222568863e-12	-2.263261451e-12	-1.807278397e-12	-1.943975349e-12	-1.828302901e-12	-1.235170754e-12	-1.543454786e-12	-1.812478005e-12	-1.728756774e-12	-1.360639567e-12	-1.351370700e-12	-1.855205223e-12	-1.634334898e-12	-1.837345698e-12	-2.162283547e-12	-1.393871847e-12	-1.566212492e-12	-2.180444499e-12	-1.310301329e-12	-1.380383008e-12	-1.414293498e-12	-1.446998281e-12	-1.387541889e-12	-9.198785552e-13	-1.287769692e-12	-5.320179078e-14	1.609494334e-10	-1.485053386e-12	-1.264333776e-12	-1.151449523e-12	-1.256421328e-12	-1.335847231e-12	-1.018143619e-12	-1.083176403e-12	-1.283926503e-12	-1.358529581e-12	-1.223415118e-12	-1.097268096e-12	-9.861924021e-13	-9.373612967e-13	-8.499475895e-13	-1.208117719e-12	-6.455050139e-13	-6.988575179e-13	-8.736095757e-13	-5.866514748e-13	-7.422629450e-13	-4.571887601e-13	-7.695420501e-13	-7.048106928e-13	-3.252392762e-13	-4.144615429e-13	-5.287022154e-13	-3.879360041e-13	-6.985560913e-13	-3.149907726e-13	-7.591428332e-13	-2.112246736e-13	-4.343556969e-13	-2.244874429e-13	-6.735376855e-13	-6.488960628e-13	-6.887597276e-13	-1.465686729e-13	-4.253882563e-13	-2.354895130e-13	-6.721812659e-14	-4.019523399e-13	-2.166503520e-13	-5.354843134e-13	-6.864990283e-13	3.737689550e-14	-2.238092331e-13	1.467947428e-13	-1.103221270e-13	-5.464863834e-13	-4.774596974e-13	-6.363868599e-13	-1.025905354e-12	-7.856683720e-13	-9.072186390e-13	-5.641198382e-13	-5.155901593e-13	-2.484508558e-13	-2.621657650e-13	4.370685361e-15	-6.669816574e-13	-4.851460751e-13	-6.638920350e-14	-6.340508039e-13	-1.161471956e-12	-8.431654915e-13	-8.162631695e-13	-1.100207005e-12	-7.524360919e-13	-8.358558970e-13	-1.078127508e-12	-1.051677326e-12	-1.869598342e-13	-5.372928728e-13	-1.098699872e-13	-5.519874185e-13	-3.972802280e-13	-7.473871968e-13	-1.141803872e-12	-6.980285948e-13	-4.842417954e-13	-4.365410396e-13	-6.030038665e-13	-5.019506067e-13	-4.006712770e-13	-6.522117552e-13	-2.620904084e-13	-3.241089265e-13	-7.650960081e-13	-7.176213223e-13	-8.431654915e-13	-8.935037298e-13	-3.412902414e-13	-1.080689634e-12	-5.769304677e-13	-3.781396404e-13	-1.057027648e-12	-3.411395281e-13	-1.080614277e-12	-9.130211006e-13	-5.692440900e-13	-1.019349326e-12	-7.892854909e-13	-6.449775173e-13	-5.621605654e-14	-2.214731772e-13	-4.204900744e-13	-5.455821037e-14	-2.012022399e-13	-8.409801488e-14	-4.491255992e-14	6.111423841e-14	-3.121272201e-13	1.514668548e-13	1.428761973e-13	-9.042797299e-15	-5.536452646e-13	5.237286769e-14	-7.578617703e-13	-2.578704363e-13	-2.205688974e-13	-1.642021276e-13	-2.202674709e-13	-1.069310781e-13	-2.568907999e-13	1.455890365e-13	3.466405631e-15	9.630579123e-14	-3.686447032e-13	-1.418965609e-13	-8.899619675e-14	2.579457930e-13	6.427921747e-14	-2.764835274e-13	-4.409117250e-13	-4.932845927e-13	-1.798009530e-12	2.144650093e-13	-2.214731772e-13	-4.085837246e-13	-9.133225272e-14	-5.211665510e-13	-4.649504945e-14	1.024850361e-14	-2.788949400e-13	-4.895167604e-13	-7.932793930e-13	-4.242579066e-13	-6.416618250e-13	-6.076759785e-13	-8.086521485e-13	-6.231240905e-13	-3.302128147e-13	-5.784376006e-13	-1.453629666e-13	-6.363868599e-13	-9.129457440e-13	-4.843925086e-13	-3.391802554e-13	-5.691687333e-13	-7.149838398e-13	-3.034612060e-13	-4.345817669e-13	-5.509324254e-13	-4.284778787e-13	-1.989415406e-13	3.010497934e-13	-3.419684512e-13	1.623182115e-13	-4.076794449e-14
-3.859465887e-12	-4.196460800e-12	-4.717702707e-12	-4.178525919e-12	-4.360286144e-12	-4.395553054e-12	-4.529612524e-12	-4.429538900e-12	-4.115904547e-12	-4.708057057e-12	-4.899312220e-12	-4.827648051e-12	-4.642873560e-12	-4.792607212e-12	-4.691252525e-12	-4.969695326e-12	-4.749955351e-12	-4.865778513e-12	-4.683942931e-12	-4.345214815e-12	-4.535641055e-12	-4.388092746e-12	-4.459681558e-12	-4.735260806e-12	-4.285984493e-12	-4.490351712e-12	-4.511903712e-12	-4.059160994e-12	-4.150945387e-12	-4.589294986e-12	-4.397210900e-12	-4.718230204e-12	-4.725690512e-12	-4.866155296e-12	-5.628161682e-12	-5.153188754e-12	-5.361851302e-12	-5.138117425e-12	-5.210987300e-12	-5.218296895e-12	-5.623263500e-12	-4.991548752e-12	-5.220482237e-12	-5.171425062e-12	-5.168335440e-12	-4.876931297e-12	-5.394330015e-12	-5.261400895e-12	-5.188983160e-12	-5.626579193e-12	-5.112571523e-12	-4.667665896e-12	-5.446100030e-12	-4.899990430e-12	-5.124176446e-12	-5.321761567e-12	-5.078133536e-12	-5.114907579e-12	-5.680911333e-12	-5.324549763e-12	-4.726218008e-12	-5.239622825e-12	-4.898558653e-12	-4.761560274e-12	-5.469762016e-12	-4.808432107e-12	-5.113400446e-12	-4.686505057e-12	-5.055225117e-12	-4.949876528e-12	-5.342635357e-12	-5.369010183e-12	-4.929304164e-12	-5.284384672e-12	-5.557401793e-12	-4.876027017e-12	-4.945581199e-12	-4.933298066e-12	-4.737295435e-12	-4.748222148e-12	-4.448151991e-12	1.040939004e-10	-4.692684302e-12	-4.531496440e-12	-4.772939128e-12	-5.521532031e-12	-5.366297344e-12	-5.279637203e-12	-5.250926322e-12	-5.671341039e-12	-4.918829591e-12	-4.650710651e-12	-5.131712110e-12	-4.963063941e-12	-5.197573817e-12	-5.078359606e-12	-4.951986514e-12	-5.105940138e-12	-5.367653763e-12	-5.382499022e-12	-5.096219131e-12	-5.149948418e-12	-5.061781145e-12	-5.169767216e-12	-4.649429588e-12	-4.560659461e-12	-5.018827858e-12	-4.849953618e-12	-4.463600103e-12	-4.608510930e-12	-4.818529897e-12	-4.846336499e-12	-5.300360280e-12	-4.744077533e-12	-4.649203518e-12	-5.109934040e-12	-5.057711886e-12	-4.709112050e-12	-4.681682232e-12	-4.858996415e-12	-4.923577059e-12	-5.006167941e-12	-4.969921395e-12	-4.958015046e-12	-4.972935661e-12	-5.612412144e-12	-4.816344555e-12	-4.790723296e-12	-4.807075687e-12	-5.110913677e-12	-5.546776507e-12	-5.308875581e-12	-5.475715191e-12	-5.031110991e-12	-5.084312781e-12	-5.110913677e-12	-5.134274236e-12	-4.699541756e-12	-5.340902155e-12	-5.089738460e-12	-5.312794126e-12	-5.716027529e-12	-5.171349705e-12	-5.167280447e-12	-5.511358884e-12	-5.217920111e-12	-5.622585291e-12	-5.519798828e-12	-5.600355081e-12	-5.031563130e-12	-4.839403688e-12	-4.341220913e-12	-4.583944664e-12	-4.244086199e-12	-4.408062257e-12	-4.754702820e-12	-4.362396130e-12	-4.811069590e-12	-4.599543489e-12	-4.121330226e-12	-3.970918364e-12	-4.343707683e-12	-4.207990366e-12	-4.040397190e-12	-4.242277639e-12	-4.201585052e-12	-4.584246091e-12	-3.910180909e-12	-4.398944103e-12	-4.222534199e-12	-3.892472097e-12	-4.187493359e-12	-4.116356687e-12	-3.585996626e-12	-3.829323230e-12	-3.708526529e-12	-3.909125916e-12	-4.013193441e-12	-4.224342758e-12	-3.999553889e-12	-3.074325012e-12	-3.590518024e-12	-3.596471199e-12	-3.596847982e-12	-3.420814862e-12	-3.409436008e-12	-3.367989854e-12	-3.526012737e-12	-3.400393211e-12	-3.904905944e-12	-4.097216099e-12	-3.403256763e-12	-3.839948516e-12	-4.097291456e-12	-3.862932293e-12	-3.710485802e-12	-4.212737835e-12	-4.334966312e-12	-4.516048328e-12	-3.824952544e-12	-3.740402389e-12	-3.871146167e-12	-3.268443727e-12	-3.689913438e-12	-3.983352210e-12	-4.049590700e-12	-3.893677804e-12	-3.764667229e-12	-4.270234954e-12	-4.564954790e-12	-3.900761328e-12	-4.189980128e-12	-3.907618783e-12	-3.971822644e-12	-4.025325861e-12	-4.008219903e-12	-4.738199715e-12	-4.095407540e-12	-4.003171008e-12	-4.414844355e-12	-4.994261592e-12	-4.270385668e-12	-4.206558590e-12	-4.309269696e-12	-4.819434177e-12	-4.552219517e-12	-4.621472273e-12	-4.316051794e-12	-4.343933752e-12	-4.634810399e-12	-4.199927205e-12	-4.700370679e-12	-4.487111376e-12	-4.840760107e-12	-4.754099967e-12	-4.676557980e-12	-4.474677530e-12	-4.891098346e-12	-4.800670373e-12	-4.333459179e-12	-4.553048440e-12	-4.484323181e-12	-4.731719043e-12	-4.534058566e-12	-4.379954228e-12	-4.698712833e-12	-4.924481339e-12	-5.080544949e-12	-4.895619744e-12	-4.967509983e-12	-4.870375269e-12
-1.941337867e-12	-2.280894905e-12	-2.045330036e-12	-1.890773559e-12	-2.195967967e-12	-2.333117060e-12	-1.469002421e-12	-1.220476209e-12	-1.785877110e-12	-1.906824524e-12	-1.873818314e-12	-1.862364104e-12	-2.148116498e-12	-2.203202205e-12	-2.022647686e-12	-2.226035268e-12	-1.963643433e-12	-2.190391576e-12	-2.882090212e-12	-2.723389120e-12	-2.373885004e-12	-2.100189673e-12	-2.088358680e-12	-1.890773559e-12	-1.272698363e-12	-1.675479626e-12	-1.912626985e-12	-1.611803262e-12	-1.768695795e-12	-1.735086732e-12	-1.383623343e-12	-2.377049983e-12	-1.670430731e-12	-1.714891151e-12	-1.848875264e-12	-1.728304634e-12	-1.987832916e-12	-2.171477058e-12	-1.716548997e-12	-1.577666702e-12	-1.672013221e-12	-1.901926342e-12	-2.357005116e-12	-2.601838853e-12	-2.504327355e-12	-2.146307939e-12	-2.630097594e-12	-2.403500165e-12	-2.756696757e-12	-2.358587605e-12	-1.978639406e-12	-2.540197118e-12	-2.031991910e-12	-2.467025816e-12	-1.961608804e-12	-2.247210485e-12	-2.214957842e-12	-2.258890765e-12	-2.474862907e-12	-2.582020055e-12	-2.178259156e-12	-2.331459214e-12	-2.382626375e-12	-1.584750227e-12	-1.966054846e-12	-1.867714425e-12	-1.745787375e-12	-1.581886674e-12	-1.334641525e-12	-1.776231459e-12	-1.281289021e-12	-1.249111734e-12	-1.292592517e-12	-1.404346421e-12	-1.483470897e-12	-1.734031739e-12	-2.076075547e-12	-1.025453214e-12	-6.898900773e-13	-9.805406538e-13	1.443456519e-12	1.001742246e-10	-9.347238141e-13	-8.670535477e-13	-1.310225972e-12	-1.026508207e-12	-8.137010436e-13	-9.513776325e-13	-8.042814631e-13	-7.505521758e-13	-7.837844559e-13	-8.589903868e-13	-9.855895489e-13	-1.686180270e-12	-1.212563761e-12	-1.034194584e-12	-9.614000662e-13	-1.171042250e-12	-8.812959534e-13	-1.164938362e-12	-5.525149150e-13	-1.242781775e-12	-1.357549944e-12	-1.188374278e-12	-1.038263843e-12	-1.487389442e-12	-1.377820882e-12	-1.472770253e-12	-1.473071680e-12	-1.526725611e-12	-7.073728187e-13	-6.613299091e-13	-7.626092389e-13	-7.791123439e-13	-8.072957289e-13	-1.117915816e-12	-7.857437286e-13	-8.052610995e-13	-1.223791901e-12	-1.134795704e-12	-1.024850361e-12	-1.530192016e-12	-1.401708938e-12	-1.366215959e-12	-1.491081918e-12	-9.597422200e-13	-9.880009616e-13	-1.290783958e-12	-8.658478414e-13	-1.485128743e-12	-1.253783845e-12	-1.429590896e-12	-1.098247732e-12	-1.142256012e-12	-8.540922049e-13	-1.012190444e-12	-1.152353802e-12	-6.681120071e-13	-1.339388993e-12	-1.532151289e-12	-1.453629666e-12	-1.329667986e-12	-1.329441916e-12	-1.635766675e-12	-1.585654506e-12	-1.487314086e-12	-1.417985973e-12	-1.937268608e-12	-2.407343354e-12	-1.822500439e-12	-1.923176916e-12	-1.408264966e-12	-1.481059484e-12	-2.068690595e-12	-1.540365163e-12	-1.467269218e-12	-1.850457754e-12	-1.526800967e-12	-1.754679459e-12	-1.905769531e-12	-2.399280193e-12	-2.093332218e-12	-1.909989503e-12	-2.526331495e-12	-2.508321257e-12	-2.390689536e-12	-2.202448639e-12	-2.034403322e-12	-1.794769194e-12	-2.161077841e-12	-2.469211159e-12	-2.585637174e-12	-2.591967132e-12	-2.048947155e-12	-2.197249030e-12	-2.249395828e-12	-2.146383296e-12	-2.381043885e-12	-1.651968353e-12	-2.332589563e-12	-1.997704637e-12	-2.169367072e-12	-2.120460610e-12	-2.927605626e-12	-2.434622459e-12	-2.690458266e-12	-2.724670183e-12	-2.579683999e-12	-2.220911017e-12	-2.179992359e-12	-2.565969090e-12	-2.128599128e-12	-2.134552302e-12	-1.728078564e-12	-1.997327853e-12	-2.025435882e-12	-1.403969637e-12	-2.169291715e-12	-2.359190459e-12	-2.658883832e-12	-2.297850150e-12	-3.001756563e-12	-2.148417925e-12	-9.930498567e-13	-1.535843765e-12	-1.456116435e-12	-1.259661664e-12	-1.114449410e-12	-9.956873393e-13	-9.205567650e-13	-1.157251984e-12	-1.113243704e-12	-6.591445664e-13	-1.206384516e-12	-8.548457713e-13	-1.346397161e-12	-1.177748992e-12	-1.425446281e-12	-1.381890141e-12	-1.185962866e-12	-1.192971034e-12	-1.120553299e-12	-8.312591417e-13	-1.413539931e-12	-7.829555328e-13	-1.195985299e-12	-1.011060095e-12	-1.008271899e-12	-7.705970432e-13	-8.097071415e-13	-5.871789713e-13	-7.806194768e-13	-6.819776296e-13	-1.162677663e-12	-7.070713921e-13	-1.052204822e-12	-1.378499092e-12	-1.325372657e-12	-1.357097805e-12	-1.497411876e-12	-1.125300767e-12	-1.601102618e-12	-1.716548997e-12	-1.511880352e-12	-1.486635876e-12	-1.579399905e-12	-1.303368517e-12	-7.780573509e-13	-1.485204100e-12	-8.257581067e-13	-1.155217355e-13
2.624671916e-12	2.988795221e-12	2.096421840e-12	2.615478405e-12	2.252862234e-12	2.107574624e-12	2.505985201e-12	1.960553811e-12	2.275167800e-12	2.502518796e-12	2.801232533e-12	3.137398523e-12	3.230916118e-12	3.165355838e-12	3.142372061e-12	3.099494131e-12	3.383362609e-12	3.180050383e-12	3.476428065e-12	3.406421743e-12	3.481401603e-12	3.252468118e-12	3.735353494e-12	3.152921992e-12	3.611316458e-12	3.461808876e-12	2.579834713e-12	3.510790695e-12	3.369044847e-12	2.801232533e-12	3.593381577e-12	3.211323391e-12	3.638670920e-12	4.096010393e-12	4.182670534e-12	4.169935261e-12	3.590819451e-12	3.797673439e-12	3.646583367e-12	3.469872037e-12	4.006260630e-12	3.762105103e-12	3.565801045e-12	3.214563726e-12	3.781094977e-12	2.796485065e-12	3.970014084e-12	4.061421694e-12	1.820239740e-12	3.779964628e-12	3.087512424e-12	3.180276453e-12	3.353446022e-12	3.269875503e-12	3.268971224e-12	2.809295694e-12	3.065734354e-12	3.152093068e-12	2.752024645e-12	3.313054860e-12	3.403106050e-12	2.056030679e-12	3.065056144e-12	3.449751813e-12	3.900158475e-12	3.406798526e-12	3.505892513e-12	3.402578554e-12	3.091732396e-12	3.041544871e-12	3.329256539e-12	3.171685796e-12	3.278842944e-12	3.587579115e-12	2.895352982e-12	2.935065933e-12	3.042147725e-12	3.246514944e-12	3.253749181e-12	3.766400432e-12	8.873772346e-12	1.019131545e-10	3.424356624e-12	2.590686069e-12	2.986986661e-12	2.629570098e-12	3.320967308e-12	3.204390580e-12	3.320364455e-12	3.452012512e-12	3.367914497e-12	3.350808539e-12	3.317877686e-12	3.868885468e-12	3.290975364e-12	3.221948678e-12	2.320909283e-12	2.466950460e-12	3.095424872e-12	3.064227221e-12	2.755943190e-12	3.090451334e-12	3.329557965e-12	3.506947506e-12	3.532794835e-12	3.324885854e-12	3.400769994e-12	3.510112485e-12	3.327975476e-12	3.916812293e-12	3.811011565e-12	3.502350751e-12	3.069577543e-12	2.867169597e-12	2.795656142e-12	2.609600587e-12	3.159930159e-12	2.559563775e-12	2.284813451e-12	1.214975174e-12	2.320683213e-12	2.236660555e-12	2.324074262e-12	2.287074150e-12	2.638838965e-12	2.621054797e-12	2.437109229e-12	2.332589563e-12	2.300713703e-12	2.410809760e-12	2.995275892e-12	2.267707493e-12	2.455345537e-12	2.999721934e-12	1.579852045e-12	2.987966297e-12	2.168010652e-12	2.957220787e-12	2.822859890e-12	2.975306381e-12	3.154956621e-12	1.980523322e-12	2.946444787e-12	3.581324514e-12	2.866943527e-12	2.546527076e-12	2.651574238e-12	2.378783186e-12	2.236811269e-12	2.355573340e-12	3.184571782e-12	3.079599977e-12	2.874027052e-12	3.297983532e-12	3.246891727e-12	2.880733793e-12	2.512315160e-12	3.730229242e-12	2.787065484e-12	3.142673488e-12	2.892866213e-12	3.051718018e-12	3.188264258e-12	2.974552815e-12	3.045086634e-12	2.444192753e-12	2.187528023e-12	2.977868507e-12	3.411998134e-12	2.920371388e-12	2.750592868e-12	2.830923051e-12	2.875157401e-12	2.535072866e-12	2.890831583e-12	2.653458154e-12	2.840417988e-12	2.212245003e-12	2.655191357e-12	2.254444723e-12	2.417290431e-12	1.915565894e-12	2.348489815e-12	2.333870626e-12	2.451954488e-12	2.382174235e-12	2.331308500e-12	2.361225088e-12	2.282552752e-12	2.190919072e-12	2.568606573e-12	2.167181729e-12	2.240051604e-12	2.350072305e-12	2.362506151e-12	2.190165506e-12	2.727533735e-12	2.788045121e-12	3.117579725e-12	3.436865827e-12	3.041997011e-12	3.169651167e-12	3.191956733e-12	3.403256763e-12	3.430988008e-12	3.300319588e-12	4.278147402e-12	4.159686758e-12	3.917565860e-12	4.282367374e-12	3.810182642e-12	3.876421132e-12	4.146951485e-12	4.157652128e-12	4.613785895e-12	4.569099405e-12	5.035029536e-12	4.934503773e-12	4.014700574e-12	4.220198143e-12	4.864572807e-12	4.404746564e-12	5.133972810e-12	5.461924925e-12	5.538487276e-12	4.454934089e-12	5.089663103e-12	5.155901593e-12	6.499585915e-12	5.547153290e-12	5.400207834e-12	4.584848944e-12	5.061630431e-12	4.652142427e-12	4.682435798e-12	4.875951660e-12	5.288001790e-12	4.985595577e-12	5.199985230e-12	4.888234793e-12	3.887498559e-12	4.426072495e-12	4.006411343e-12	2.786387274e-12	3.430309799e-12	3.519230639e-12	3.689009158e-12	4.059311707e-12	3.622469241e-12	3.744245578e-12	4.340542703e-12
8.590958861e-12	8.240022969e-12	8.538284566e-12	7.081640635e-12	8.312440704e-12	8.021187274e-12	7.086614173e-12	7.867082937e-12	8.402115110e-12	7.038235208e-12	7.705216865e-12	9.111899342e-12	9.308278756e-12	9.629524130e-12	9.105267957e-12	9.652055767e-12	9.063595733e-12	9.637361221e-12	1.011173130e-11	9.614302088e-12	9.507371010e-12	9.019738166e-12	1.038949589e-11	1.052242501e-11	1.000540307e-11	8.359915390e-12	8.847020737e-12	8.218320255e-12	9.081530614e-12	9.325912211e-12	8.178531947e-12	8.135503303e-12	7.292036385e-12	8.233391584e-12	7.919305091e-12	8.229322325e-12	8.948827564e-12	7.468973786e-12	8.534742804e-12	8.992685131e-12	9.274142196e-12	8.139045066e-12	8.402039754e-12	8.737075394e-12	8.028647582e-12	7.298517057e-12	9.429000100e-12	8.128796562e-12	8.568804007e-12	8.849658220e-12	8.092097876e-12	9.103459397e-12	8.223519864e-12	9.218830420e-12	9.898924133e-12	9.429602953e-12	8.876259115e-12	9.928690008e-12	1.000472486e-11	9.976767547e-12	9.740901250e-12	1.002597544e-11	8.845664318e-12	8.843855758e-12	9.746779069e-12	9.813017559e-12	1.008701432e-11	9.922661476e-12	8.479732454e-12	9.543466843e-12	9.986563910e-12	9.076104936e-12	1.006892872e-11	9.945193113e-12	9.731180243e-12	9.759665055e-12	1.016470702e-11	9.418073387e-12	9.372633330e-12	9.490038982e-12	2.436928373e-10	8.018572399e-11	1.020547496e-11	9.125991034e-12	8.793818947e-12	9.286048546e-12	1.026741812e-11	8.931344822e-12	9.502774255e-12	9.609027123e-12	9.071206754e-12	9.028931676e-12	7.667312473e-12	7.810264027e-12	6.203434304e-12	6.267336738e-12	7.695345145e-12	7.959922322e-12	8.773774079e-12	8.811452401e-12	9.290193162e-12	8.720120149e-12	8.518315056e-12	8.544539168e-12	8.407314719e-12	7.583817311e-12	8.493522720e-12	7.970698322e-12	8.072731219e-12	8.173407695e-12	7.870700056e-12	8.115759862e-12	6.984731990e-12	7.164156160e-12	8.125782296e-12	7.042756606e-12	8.686209659e-12	6.853385360e-12	7.402509226e-12	7.815312922e-12	8.155924954e-12	7.981474323e-12	7.938445679e-12	7.945303133e-12	8.537907783e-12	7.737921649e-12	8.970831704e-12	9.286500686e-12	8.595103476e-12	8.131509401e-12	9.700208663e-12	8.444164118e-12	9.444222142e-12	8.268206354e-12	8.183354772e-12	8.752448149e-12	8.755839198e-12	7.925861119e-12	8.074087638e-12	8.339493739e-12	8.350872592e-12	8.074765848e-12	8.374308509e-12	8.123596953e-12	8.353585431e-12	8.547628790e-12	8.422235334e-12	8.027140449e-12	7.809887244e-12	8.158110297e-12	8.248839696e-12	8.529693909e-12	8.462551139e-12	8.101442100e-12	8.011767694e-12	7.607027158e-12	7.076516383e-12	7.857060503e-12	7.624811326e-12	7.859924056e-12	6.752859596e-12	7.921791860e-12	7.606951801e-12	7.434385086e-12	7.954873427e-12	7.999032421e-12	7.735887019e-12	6.497249859e-12	8.229171612e-12	6.909224633e-12	7.244335629e-12	8.263383528e-12	8.055323834e-12	8.494954496e-12	7.223461839e-12	7.728426712e-12	7.093396271e-12	7.551715381e-12	7.836864922e-12	7.770551076e-12	7.327077225e-12	7.210877279e-12	5.934411084e-12	6.318202473e-12	6.124611254e-12	6.478259985e-12	6.748941051e-12	6.344200515e-12	6.113458471e-12	6.858283541e-12	6.326265634e-12	6.950896857e-12	6.529276433e-12	7.159182622e-12	6.250532206e-12	7.106734397e-12	7.341394987e-12	7.909358014e-12	7.599039354e-12	6.948108661e-12	7.997977428e-12	7.972582239e-12	7.036954145e-12	7.678540613e-12	7.470706988e-12	7.603862179e-12	7.149989111e-12	7.848017706e-12	7.974918295e-12	7.237327462e-12	7.012613949e-12	7.669874599e-12	7.899335580e-12	7.897150238e-12	7.227531098e-12	7.367619099e-12	6.881945528e-12	6.728519400e-12	6.873731653e-12	7.032131320e-12	6.662054840e-12	6.830929080e-12	7.140494174e-12	7.279527182e-12	7.075988886e-12	6.206900709e-12	6.929947710e-12	6.633645385e-12	7.055642592e-12	6.028079393e-12	7.373722987e-12	7.474700891e-12	6.902442535e-12	6.175326275e-12	6.748338198e-12	7.529183744e-12	7.730235271e-12	7.217810091e-12	7.757665089e-12	7.944022070e-12	6.112328121e-12	7.256317336e-12	7.946810266e-12	7.196484160e-12	8.707460232e-12	7.912146210e-12	6.893249024e-12	6.963858200e-12	6.950294004e-12	7.576432360e-12	8.127289429e-12
1.363261978e-11	1.427224698e-11	1.477178617e-11	1.517140245e-11	1.526122757e-11	1.547177404e-11	1.573763228e-11	1.566227564e-11	1.625985382e-11	1.637062809e-11	1.761499236e-11	1.755222027e-11	1.639632471e-11	1.726714609e-11	1.756420198e-11	1.771001708e-11	1.726669395e-11	1.654635978e-11	1.711688494e-11	1.637025131e-11	1.669654558e-11	1.729110950e-11	1.678554177e-11	1.707212309e-11	1.710746536e-11	1.712954485e-11	1.714130049e-11	1.664575520e-11	1.706639599e-11	1.626060739e-11	1.676391442e-11	1.610650305e-11	1.617093298e-11	1.684055212e-11	1.627937119e-11	1.619971922e-11	1.611328515e-11	1.565798031e-11	1.520870399e-11	1.560764207e-11	1.529996089e-11	1.523801773e-11	1.517064889e-11	1.537275541e-11	1.399606488e-11	1.419817140e-11	1.382312138e-11	1.363812082e-11	1.445656933e-11	1.491850556e-11	1.506914349e-11	1.502355272e-11	1.469853951e-11	1.407330544e-11	1.462318287e-11	1.453720094e-11	1.463719920e-11	1.446018645e-11	1.436938169e-11	1.503184195e-11	1.538850495e-11	1.501383171e-11	1.529476128e-11	1.431143243e-11	1.499514326e-11	1.444888295e-11	1.412356832e-11	1.428445475e-11	1.458897095e-11	1.420276815e-11	1.491398416e-11	1.462981425e-11	1.430254035e-11	1.440005185e-11	1.485611026e-11	1.416320591e-11	1.453863271e-11	1.406298158e-11	1.474910382e-11	1.646052857e-11	2.381411626e-10	3.339746184e-11	1.348537290e-11	1.468278997e-11	1.521759608e-11	1.544494707e-11	1.567990909e-11	1.540018523e-11	1.460012374e-11	1.474149280e-11	1.447359993e-11	1.488248508e-11	1.530033767e-11	1.496085599e-11	1.552045443e-11	1.584275480e-11	1.544351530e-11	1.623084152e-11	1.641636957e-11	1.635970138e-11	1.702721053e-11	1.676956616e-11	1.667514429e-11	1.685735665e-11	1.724242911e-11	1.773021266e-11	1.744250100e-11	1.743895923e-11	1.759268679e-11	1.742795716e-11	1.790059404e-11	1.810405698e-11	1.787037602e-11	1.802606285e-11	1.781287890e-11	1.849154084e-11	1.834173183e-11	1.844549793e-11	1.885581486e-11	1.781302962e-11	1.734822983e-11	1.687755224e-11	1.722969383e-11	1.700362390e-11	1.745862732e-11	1.682932398e-11	1.764867678e-11	1.780217826e-11	1.806592651e-11	1.800428478e-11	1.799983874e-11	1.759366642e-11	1.875257626e-11	1.817398794e-11	1.833690901e-11	1.784068550e-11	1.800051695e-11	1.852055315e-11	1.838242442e-11	1.851678532e-11	1.873238067e-11	1.816042375e-11	1.836102313e-11	1.889756244e-11	1.811355191e-11	1.888716322e-11	1.888015505e-11	1.893915931e-11	1.930275511e-11	1.913026376e-11	1.916568138e-11	1.915957749e-11	1.925754113e-11	1.984358975e-11	2.010357017e-11	1.983424553e-11	1.930787937e-11	1.952701649e-11	1.825650347e-11	1.853713161e-11	1.793917664e-11	1.838815152e-11	1.858377737e-11	1.814987382e-11	1.822937507e-11	1.849945329e-11	1.847541452e-11	1.876945614e-11	1.924314801e-11	1.938896312e-11	1.933478169e-11	1.904933072e-11	1.987523954e-11	1.978081766e-11	1.928783450e-11	1.929454124e-11	1.926394644e-11	1.865167371e-11	1.930011763e-11	1.864511768e-11	1.929032127e-11	1.938293458e-11	1.866923181e-11	1.856448607e-11	1.787768562e-11	1.812304685e-11	1.824761138e-11	1.838845295e-11	1.843540014e-11	1.856441071e-11	1.825514705e-11	1.844806006e-11	1.803065960e-11	1.926718678e-11	1.870886940e-11	1.919145335e-11	1.961721839e-11	1.928353917e-11	1.943101212e-11	1.862710744e-11	1.849327404e-11	1.888218968e-11	1.810111807e-11	1.881301228e-11	1.860163690e-11	1.922837811e-11	1.918474661e-11	1.813525463e-11	1.831015740e-11	1.824000036e-11	1.764332645e-11	1.838332870e-11	1.877684109e-11	1.848513553e-11	1.881158051e-11	1.835898850e-11	1.819727314e-11	1.883833212e-11	1.853909088e-11	1.853667947e-11	1.904322683e-11	1.831000668e-11	1.804882056e-11	1.814979846e-11	1.784008265e-11	1.768952008e-11	1.809486347e-11	1.818725071e-11	1.860608294e-11	1.891504518e-11	1.911896026e-11	1.917495025e-11	1.753677216e-11	1.941315260e-11	1.908226157e-11	1.917766308e-11	1.897955047e-11	1.962859724e-11	1.899047718e-11	1.887683936e-11	1.942392860e-11	1.951043803e-11	1.990598505e-11	1.985444111e-11	1.920162650e-11	1.934171450e-11	1.813126072e-11	1.788537199e-11	1.816705513e-11	1.802734391e-11	1.833479902e-11
2.778693361e-11	2.635493130e-11	2.606458215e-11	2.604257801e-11	2.661054104e-11	2.629969488e-11	2.632011653e-11	2.694203492e-11	2.682033394e-11	2.664377332e-11	2.776937551e-11	2.694331598e-11	2.640971558e-11	2.651770165e-11	2.545441940e-11	2.509496821e-11	2.514214147e-11	2.521825168e-11	2.567476223e-11	2.589231686e-11	2.494508385e-11	2.497462365e-11	2.496143624e-11	2.464403405e-11	2.486038298e-11	2.502903115e-11	2.501923478e-11	2.520325571e-11	2.517966908e-11	2.564296173e-11	2.512428195e-11	2.527906449e-11	2.560588626e-11	2.577822690e-11	2.570761773e-11	2.558199820e-11	2.509783176e-11	2.536911568e-11	2.594273046e-11	2.585953672e-11	2.518268334e-11	2.602245779e-11	2.537243137e-11	2.579977890e-11	2.499383959e-11	2.549450914e-11	2.583308654e-11	2.650677494e-11	2.677549673e-11	2.601665533e-11	2.645877276e-11	2.613745203e-11	2.582698265e-11	2.520928424e-11	2.486543187e-11	2.488690852e-11	2.474455982e-11	2.501885800e-11	2.542744172e-11	2.510574421e-11	2.495352379e-11	2.490589839e-11	2.543505275e-11	2.589412542e-11	2.520144715e-11	2.553045426e-11	2.597875093e-11	2.596691994e-11	2.595230075e-11	2.568749750e-11	2.650737779e-11	2.593549622e-11	2.602208100e-11	2.637844257e-11	2.671724605e-11	2.711949981e-11	2.723374049e-11	2.723728225e-11	2.758671101e-11	3.133457370e-11	2.299345980e-10	4.180967474e-11	2.709583783e-11	2.566669907e-11	2.500371131e-11	2.455292787e-11	2.442436943e-11	2.465797503e-11	2.513912720e-11	2.485880049e-11	2.552879641e-11	2.504462997e-11	2.451502348e-11	2.558840352e-11	2.493129358e-11	2.505698846e-11	2.615629119e-11	2.539285303e-11	2.609095698e-11	2.638944464e-11	2.671257393e-11	2.716026776e-11	2.739937439e-11	2.821247258e-11	2.909904350e-11	2.900394341e-11	3.000445358e-11	2.948260882e-11	2.867915628e-11	2.967627539e-11	2.860410106e-11	3.064566326e-11	2.948675343e-11	2.944734191e-11	2.873718089e-11	2.974869313e-11	2.939964115e-11	2.968260535e-11	2.907553223e-11	2.933641693e-11	2.913792753e-11	2.917824333e-11	2.873235807e-11	2.837343437e-11	2.746222183e-11	2.719666502e-11	2.747676566e-11	2.710857310e-11	2.707443654e-11	2.730743928e-11	2.724044723e-11	2.765121629e-11	2.811021361e-11	2.802634167e-11	2.817494497e-11	2.834050352e-11	2.867184668e-11	2.873929088e-11	2.930755533e-11	2.883740523e-11	2.892301038e-11	2.828082106e-11	2.771730407e-11	2.714949176e-11	2.806944567e-11	2.873936624e-11	2.823515493e-11	2.776123699e-11	2.820192265e-11	2.862105630e-11	2.862248808e-11	2.879513015e-11	2.932729877e-11	2.924063863e-11	2.843206184e-11	2.815798973e-11	2.917990118e-11	2.923438403e-11	2.826258475e-11	2.939172870e-11	2.893099818e-11	2.901728154e-11	2.886264971e-11	2.909994778e-11	2.874584691e-11	2.440259136e-11	2.618334422e-11	2.862791376e-11	2.934267153e-11	2.919361609e-11	2.901924081e-11	2.916588484e-11	2.899482526e-11	2.865496679e-11	2.854547359e-11	2.859151650e-11	2.832927538e-11	2.742989383e-11	2.750479833e-11	2.761067442e-11	2.699825097e-11	2.704007391e-11	2.611265969e-11	2.638190898e-11	2.656871810e-11	2.613956201e-11	2.660504000e-11	2.595282825e-11	2.618274137e-11	2.610165762e-11	2.576428592e-11	2.627919787e-11	2.587385448e-11	2.578041225e-11	2.622772929e-11	2.536821140e-11	2.584732895e-11	2.595885678e-11	2.578681756e-11	2.608100990e-11	2.638959536e-11	2.634279888e-11	2.652968336e-11	2.632350758e-11	2.762506754e-11	2.728784656e-11	2.657339021e-11	2.766824690e-11	2.750374334e-11	2.727933125e-11	2.811842749e-11	2.823794313e-11	2.884079628e-11	2.889083309e-11	2.904290280e-11	2.841126341e-11	2.801873065e-11	2.788256119e-11	2.798873870e-11	2.792393199e-11	2.711090916e-11	2.688883312e-11	2.718490938e-11	2.671852711e-11	2.613488990e-11	2.603082237e-11	2.502661973e-11	2.580656100e-11	2.634144246e-11	2.632004117e-11	2.643051402e-11	2.712017802e-11	2.741278787e-11	2.732537416e-11	2.741248645e-11	2.754888197e-11	2.699395564e-11	2.779220858e-11	2.792747375e-11	2.780192958e-11	2.759726094e-11	2.743667593e-11	2.733780801e-11	2.746696930e-11	2.798195661e-11	2.743547022e-11	2.796424779e-11	2.639592532e-11	2.694324062e-11	2.765287414e-11	2.686509578e-11
3.767651352e-11	3.812578983e-11	3.838772953e-11	3.914762593e-11	3.935410313e-11	3.860196847e-11	3.835909400e-11	3.952282666e-11	3.891944601e-11	3.975296585e-11	3.948341513e-11	3.899299409e-11	4.003668361e-11	3.905915723e-11	3.627367423e-11	3.624209980e-11	3.350424220e-11	3.502087002e-11	2.937861665e-11	3.149636442e-11	3.210419111e-11	2.790343498e-11	3.411967992e-11	3.214232157e-11	3.352684920e-11	3.301623257e-11	3.706333651e-11	3.764019162e-11	3.638241387e-11	3.676974702e-11	3.668022333e-11	3.731404806e-11	3.826263750e-11	3.651127373e-11	3.579719417e-11	3.480972071e-11	3.375676232e-11	3.339911968e-11	3.321502340e-11	3.206063497e-11	3.200065108e-11	3.072275311e-11	3.114181141e-11	2.893597172e-11	2.715521886e-11	2.886227292e-11	2.919783606e-11	3.068093017e-11	3.152198568e-11	3.478289374e-11	3.086457431e-11	3.303024891e-11	3.529705212e-11	3.528733112e-11	3.265647996e-11	3.177164224e-11	3.013210773e-11	3.400302783e-11	3.349444584e-11	3.181489695e-11	3.199695861e-11	3.453610073e-11	3.316581551e-11	3.159470484e-11	2.931983847e-11	3.110729806e-11	3.428636881e-11	3.521076877e-11	3.192145125e-11	3.090217728e-11	3.393807040e-11	3.095530371e-11	2.957333822e-11	3.013843769e-11	2.953950308e-11	2.978380932e-11	2.932443522e-11	3.401862666e-11	3.530986275e-11	4.277740476e-11	1.488899590e-10	3.962802453e-11	3.096886791e-11	2.795987711e-11	2.895458481e-11	3.043941213e-11	3.028568457e-11	2.924568753e-11	2.942812596e-11	2.962744429e-11	2.289756847e-11	2.366281519e-11	2.474591624e-11	2.319417222e-11	2.246637775e-11	2.516233705e-11	2.661641886e-11	2.437779903e-11	2.442670549e-11	2.626518154e-11	2.794925182e-11	2.760298804e-11	2.766869904e-11	2.761971722e-11	2.655146143e-11	2.755408158e-11	2.961712043e-11	2.849099074e-11	2.794314793e-11	2.715130032e-11	2.876498749e-11	2.403944770e-11	2.531335177e-11	2.421977615e-11	2.361315516e-11	2.289884953e-11	2.545208335e-11	3.069524793e-11	3.224209377e-11	3.073563910e-11	2.943505877e-11	3.277147419e-11	3.093473135e-11	2.679697338e-11	2.801564103e-11	2.853914363e-11	2.562306757e-11	3.069034975e-11	3.399285468e-11	3.209386725e-11	3.410867785e-11	3.702701460e-11	3.546148032e-11	3.617420346e-11	3.903783130e-11	3.663320078e-11	3.766257254e-11	4.018604048e-11	3.984791522e-11	3.961076786e-11	4.020955176e-11	4.061240838e-11	3.921665261e-11	4.044579484e-11	3.643953421e-11	3.705783547e-11	3.791878513e-11	3.705029981e-11	3.717147329e-11	3.502275394e-11	3.682686736e-11	3.535454924e-11	3.407778162e-11	3.758276985e-11	3.882344164e-11	3.913873384e-11	3.785993159e-11	3.833196561e-11	3.762692885e-11	3.702633639e-11	3.639831412e-11	3.927211510e-11	3.888402839e-11	3.809519503e-11	4.023487159e-11	3.971965821e-11	3.666153488e-11	3.812383056e-11	3.902652780e-11	4.069364284e-11	3.936020702e-11	3.890060685e-11	4.164562332e-11	3.955899785e-11	4.132573437e-11	4.040163584e-11	4.009500966e-11	3.894242978e-11	3.847597216e-11	3.487422599e-11	3.543691405e-11	3.504257274e-11	3.736370809e-11	3.896217323e-11	3.809346183e-11	3.379655062e-11	3.242558720e-11	3.175408414e-11	3.601067954e-11	3.407845983e-11	3.479080619e-11	3.547278382e-11	3.910406979e-11	3.528702969e-11	3.820378396e-11	4.040570510e-11	3.977790890e-11	3.816550278e-11	3.618369840e-11	3.566501862e-11	3.057919870e-11	2.916422700e-11	3.171271334e-11	3.236824079e-11	3.384251818e-11	3.251963229e-11	2.625350126e-11	2.406054756e-11	2.886008758e-11	2.986896233e-11	3.006571853e-11	3.296137294e-11	3.182959150e-11	2.910477060e-11	3.380860769e-11	3.583660570e-11	3.403196478e-11	2.926497883e-11	2.902361150e-11	3.456232484e-11	3.776309830e-11	3.705331407e-11	3.894710190e-11	4.027503668e-11	4.062747970e-11	4.106884357e-11	3.728691967e-11	3.632710209e-11	3.545552715e-11	3.506834471e-11	3.712821858e-11	3.646553225e-11	3.530820491e-11	3.879653932e-11	3.690644397e-11	3.774177237e-11	4.082687339e-11	4.182730819e-11	4.151646204e-11	3.950225429e-11	3.815759034e-11	3.428908165e-11	3.693681270e-11	3.447611684e-11	3.708089460e-11	2.862369379e-11	2.804796903e-11	2.985939204e-11	3.187284621e-11	3.020090835e-11	3.093623848e-11
2.405482045e-11	2.344556198e-11	2.427719791e-11	2.466686712e-11	2.413643170e-11	2.381616596e-11	2.285762945e-11	2.401653928e-11	2.632124688e-11	2.535698326e-11	2.667112778e-11	2.735446183e-11	2.720374854e-11	2.563859104e-11	2.640157706e-11	2.665274076e-11	2.848247544e-11	2.830591482e-11	2.832882324e-11	2.863462050e-11	2.688137282e-11	2.797547593e-11	2.587445734e-11	2.614679625e-11	2.459377117e-11	2.385437178e-11	2.323320696e-11	2.263389557e-11	2.154732812e-11	2.089775384e-11	2.175990921e-11	2.094251569e-11	2.062873062e-11	2.073724419e-11	2.065759222e-11	1.984283618e-11	1.973582975e-11	2.032406371e-11	2.009761700e-11	1.956808586e-11	2.007214645e-11	2.113957332e-11	2.099044252e-11	2.062172246e-11	2.044470970e-11	2.094130998e-11	2.077394288e-11	2.036897627e-11	2.078848671e-11	1.987124564e-11	2.014584525e-11	1.970237140e-11	1.907480127e-11	2.033529185e-11	2.157762149e-11	2.229893529e-11	2.148968028e-11	2.143504672e-11	2.082495933e-11	1.995037011e-11	2.022625079e-11	1.986370997e-11	1.982663450e-11	1.859726621e-11	1.862997100e-11	1.859613586e-11	1.850111113e-11	1.807414039e-11	1.767746301e-11	1.911775455e-11	1.924744334e-11	1.957200440e-11	2.028435076e-11	2.124009908e-11	2.177550804e-11	2.328904623e-11	2.375105782e-11	2.503234684e-11	2.808813412e-11	1.631326661e-10	1.137163410e-10	3.684917292e-11	2.518946544e-11	2.240089283e-11	2.168832040e-11	2.196216644e-11	2.097228157e-11	2.153896353e-11	1.998126634e-11	2.008525851e-11	1.970327568e-11	2.028397398e-11	2.017870075e-11	2.096022450e-11	2.069346198e-11	2.065962685e-11	2.151997366e-11	2.141605684e-11	2.065759222e-11	2.055435362e-11	1.973326762e-11	1.997621744e-11	2.008706707e-11	2.018601034e-11	1.973763831e-11	2.078532173e-11	2.106836129e-11	2.053445946e-11	2.032029588e-11	2.119503581e-11	2.153135251e-11	2.174498859e-11	2.167897617e-11	2.121251855e-11	2.099247715e-11	1.999874908e-11	1.911074638e-11	1.861263897e-11	1.871957005e-11	1.939996519e-11	1.930923579e-11	1.878279427e-11	1.899665643e-11	1.784272013e-11	1.728493025e-11	1.719216622e-11	1.731017473e-11	1.721469786e-11	1.693572756e-11	1.742660074e-11	1.733737848e-11	1.784769367e-11	1.771868310e-11	1.782900522e-11	1.923342700e-11	1.955859092e-11	1.878497961e-11	2.077507323e-11	1.871120546e-11	1.981299495e-11	1.888143612e-11	2.023845856e-11	1.998058813e-11	2.024825493e-11	1.993092810e-11	2.065781829e-11	2.101041203e-11	2.122186277e-11	2.178040622e-11	2.358286179e-11	2.299703924e-11	2.262379778e-11	2.047907233e-11	2.181235743e-11	2.110807424e-11	2.277933389e-11	2.259124371e-11	2.265039867e-11	2.174702322e-11	2.200971649e-11	2.278189602e-11	2.335679186e-11	2.319605613e-11	2.293811034e-11	2.300442419e-11	2.375851813e-11	2.395572646e-11	2.310947135e-11	2.315732282e-11	2.343953345e-11	2.284647666e-11	2.177784409e-11	2.232259727e-11	2.310464853e-11	2.316350206e-11	2.313072192e-11	2.353779852e-11	2.340969222e-11	2.339793658e-11	2.230835487e-11	2.415692870e-11	2.317435342e-11	2.238175224e-11	2.279508343e-11	2.197271637e-11	2.178718832e-11	2.043973616e-11	2.132758814e-11	2.094982529e-11	2.172373802e-11	2.207934602e-11	2.192441276e-11	2.140806904e-11	2.160964806e-11	2.138410563e-11	2.208710776e-11	2.095864201e-11	2.171484594e-11	2.083543390e-11	2.074621163e-11	2.046739205e-11	2.030341599e-11	1.948481677e-11	1.907834303e-11	2.063423166e-11	1.740746016e-11	1.885822627e-11	1.898663399e-11	1.870269016e-11	1.921466320e-11	1.857405637e-11	1.820013670e-11	1.859975298e-11	1.800714833e-11	1.825477026e-11	1.577915379e-11	1.918436983e-11	1.851942280e-11	1.854022123e-11	1.871632971e-11	1.980824748e-11	2.045834925e-11	2.077454573e-11	2.108614545e-11	2.176759559e-11	2.131063290e-11	2.261701568e-11	2.128026417e-11	1.719608477e-11	2.101817376e-11	2.157498401e-11	2.237225730e-11	2.276237865e-11	2.258325590e-11	2.128373058e-11	2.083558461e-11	2.209426664e-11	2.304684998e-11	2.346945004e-11	2.246087671e-11	2.222259901e-11	2.105374210e-11	2.160384560e-11	2.155034238e-11	2.102789477e-11	2.157739542e-11	2.277971068e-11	2.325792394e-11	2.249539006e-11	2.272575532e-11	2.297963185e-11
6.444967420e-11	6.425864510e-11	6.458931006e-11	6.464793753e-11	6.419888728e-11	6.648882499e-11	6.565990190e-11	6.729318181e-11	6.671647741e-11	6.758247596e-11	6.780869661e-11	6.942886446e-11	7.113644601e-11	7.289918864e-11	7.261155232e-11	7.150177503e-11	7.049335241e-11	7.066252808e-11	7.358568766e-11	7.343580330e-11	7.300408508e-11	7.039885518e-11	6.872450591e-11	6.807146523e-11	6.764313806e-11	6.540994391e-11	6.536126352e-11	6.339724330e-11	6.397213914e-11	6.009956120e-11	6.121687416e-11	6.237005689e-11	6.080813972e-11	6.163774102e-11	6.247156229e-11	6.205702539e-11	6.064642436e-11	5.981712450e-11	6.056541597e-11	5.847758479e-11	5.874404588e-11	5.635041744e-11	5.919196578e-11	5.792665236e-11	5.758912995e-11	5.861382960e-11	5.359259033e-11	5.537206213e-11	5.281611547e-11	5.486174693e-11	5.563015863e-11	5.624552099e-11	5.641311417e-11	5.416884259e-11	5.693948033e-11	5.346357976e-11	5.470749188e-11	5.547206039e-11	5.682938427e-11	5.329832264e-11	5.402656925e-11	5.378527727e-11	5.459174408e-11	5.445346463e-11	5.704965174e-11	5.626662085e-11	5.698823607e-11	5.662931238e-11	5.652268273e-11	5.590995785e-11	5.526211678e-11	5.695289381e-11	5.708800827e-11	5.710413459e-11	5.504230145e-11	5.739403160e-11	6.011402967e-11	9.805142790e-11	2.146077348e-10	1.947303099e-10	1.158619707e-10	7.075649782e-11	5.875090334e-11	5.466499073e-11	5.235704279e-11	5.369793892e-11	5.497530940e-11	5.122684385e-11	5.114583545e-11	5.314512258e-11	5.175923854e-11	5.009777525e-11	4.936628830e-11	4.881678765e-11	4.980011650e-11	5.074003992e-11	5.048073771e-11	5.093943360e-11	5.125917185e-11	5.086264518e-11	5.172773946e-11	5.239291256e-11	5.307300627e-11	5.418775711e-11	5.404450413e-11	5.233963541e-11	5.091637447e-11	5.286110339e-11	5.315974177e-11	5.192253638e-11	5.227362299e-11	5.088329290e-11	4.836012639e-11	5.172201235e-11	5.111915920e-11	5.152533151e-11	5.205704799e-11	5.115495361e-11	5.104169257e-11	5.104591254e-11	5.340721299e-11	5.433929932e-11	5.567944188e-11	5.664928189e-11	5.866288678e-11	5.578810616e-11	5.669728407e-11	5.674325162e-11	5.811142686e-11	6.238188788e-11	6.302573505e-11	6.342610490e-11	6.442488186e-11	6.577286151e-11	6.209606013e-11	6.286288934e-11	6.396008208e-11	6.221218472e-11	6.361035189e-11	6.216576502e-11	5.970732987e-11	5.799839189e-11	5.893032751e-11	6.142395422e-11	5.988343834e-11	5.754655345e-11	5.763961891e-11	5.709426287e-11	5.464600086e-11	5.346448404e-11	5.399883800e-11	5.140204804e-11	5.160980631e-11	5.111305531e-11	5.060861794e-11	4.761530132e-11	4.838250731e-11	4.930653048e-11	4.513915735e-11	4.495084109e-11	4.645669291e-11	4.764205293e-11	4.681282841e-11	4.800595016e-11	4.868385853e-11	4.922793350e-11	4.885431526e-11	4.742027832e-11	4.802531682e-11	4.803029036e-11	5.022218907e-11	4.697273521e-11	5.016054733e-11	5.100454174e-11	5.200912117e-11	5.334285841e-11	5.123739378e-11	4.648849342e-11	5.421955761e-11	5.633293470e-11	5.958005249e-11	5.780894529e-11	5.868489092e-11	5.815618870e-11	5.882528035e-11	5.846605522e-11	5.933853445e-11	5.779500431e-11	6.015502369e-11	6.114724462e-11	6.014228842e-11	6.173804071e-11	6.235882875e-11	6.347064067e-11	6.417394423e-11	6.466557098e-11	6.585695953e-11	6.720976200e-11	6.636132154e-11	6.440935839e-11	6.360206266e-11	6.182221408e-11	6.057355449e-11	6.470098860e-11	5.988193121e-11	5.874050412e-11	5.665998253e-11	5.789959933e-11	6.000385826e-11	5.985450139e-11	6.102667399e-11	5.924991504e-11	6.038847857e-11	6.027740288e-11	5.992616556e-11	5.897991218e-11	5.897365758e-11	5.851081707e-11	5.982872942e-11	6.145236367e-11	6.109562532e-11	6.329852610e-11	6.020317658e-11	6.221730897e-11	6.483082810e-11	6.684797475e-11	6.569946414e-11	6.187873157e-11	6.631136009e-11	6.613540233e-11	6.526209418e-11	6.522976618e-11	6.399602720e-11	6.170669235e-11	6.231941722e-11	6.459737322e-11	6.598581939e-11	6.470950390e-11	6.212258567e-11	6.359919911e-11	5.570250101e-11	6.034838884e-11	6.299370847e-11	6.506315264e-11	6.562237429e-11	6.639741738e-11	6.786144626e-11	7.104790196e-11	6.963828057e-11	6.968334385e-11	6.520753597e-11
1.520450663e-10	1.464858559e-10	1.437152936e-10	1.417311531e-10	1.413499239e-10	1.388011361e-10	1.404528784e-10	1.378893207e-10	1.393443821e-10	1.356528862e-10	1.413825533e-10	1.389783749e-10	1.307872584e-10	1.321289834e-10	1.324332736e-10	1.297017459e-10	1.292401865e-10	1.273525026e-10	1.254592422e-10	1.201729736e-10	1.220798735e-10	1.208338514e-10	1.237893390e-10	1.291970071e-10	1.258650378e-10	1.286115614e-10	1.270511513e-10	1.252114696e-10	1.285452475e-10	1.309329981e-10	1.340910444e-10	1.414506757e-10	1.453828607e-10	1.441464089e-10	1.457309331e-10	1.400100074e-10	1.468474925e-10	1.482907229e-10	1.539527197e-10	1.609027123e-10	1.598110206e-10	1.589752401e-10	1.584221223e-10	1.575161847e-10	1.449424011e-10	1.597162219e-10	1.589160097e-10	1.612489761e-10	1.651846275e-10	1.635945270e-10	1.623326800e-10	1.674340234e-10	1.682087650e-10	1.681229338e-10	1.741278787e-10	1.731564562e-10	1.693276605e-10	1.723954295e-10	1.749844577e-10	1.796362233e-10	1.804281463e-10	1.852140468e-10	1.816786898e-10	1.868660905e-10	1.860522387e-10	1.799200918e-10	1.835436160e-10	1.808716955e-10	1.816254880e-10	1.833445992e-10	1.844176024e-10	1.681762863e-10	1.941124607e-10	2.102033650e-10	2.940075643e-10	3.384477134e-10	3.307981851e-10	3.039278897e-10	2.585512082e-10	2.162455361e-10	1.996513248e-10	1.636253479e-10	1.806441938e-10	1.838677250e-10	1.825060304e-10	1.805281446e-10	1.835347240e-10	1.833926767e-10	1.844917533e-10	1.812578230e-10	1.463242159e-10	1.806982999e-10	1.821110862e-10	1.806681572e-10	1.743350341e-10	1.744660040e-10	1.765658922e-10	1.753742776e-10	1.740249415e-10	1.716130014e-10	1.728645246e-10	1.737616454e-10	1.738171079e-10	1.618365318e-10	1.611597538e-10	1.631917457e-10	1.605377601e-10	1.583803747e-10	1.543980021e-10	1.514471113e-10	1.517617253e-10	1.492538562e-10	1.534779729e-10	1.476919390e-10	1.459854878e-10	1.480423474e-10	1.469363380e-10	1.491454180e-10	1.481122784e-10	1.482054946e-10	1.454837633e-10	1.482511607e-10	1.503897069e-10	1.466786936e-10	1.489802362e-10	1.492200211e-10	1.524782163e-10	1.493430031e-10	1.558480900e-10	1.573868727e-10	1.565685749e-10	1.543204602e-10	1.538003486e-10	1.585402815e-10	1.587990562e-10	1.619182938e-10	1.653906526e-10	1.656225250e-10	1.685918782e-10	1.688275184e-10	1.713908500e-10	1.700702249e-10	1.753392368e-10	1.781862861e-10	1.754686995e-10	1.816847937e-10	1.820411553e-10	1.802552782e-10	1.793928967e-10	1.793088741e-10	1.806837560e-10	1.767632513e-10	1.759683140e-10	1.733596931e-10	1.738885460e-10	1.682422987e-10	1.690000098e-10	1.662893559e-10	1.663581566e-10	1.713401350e-10	1.737467248e-10	1.684348350e-10	1.727756037e-10	1.757002705e-10	1.760654488e-10	1.719449475e-10	1.740076849e-10	1.675545186e-10	1.679300962e-10	1.630489449e-10	1.619286930e-10	1.695069339e-10	1.652670677e-10	1.688505022e-10	1.668983883e-10	1.698990899e-10	1.729512601e-10	1.691954096e-10	1.704360814e-10	1.702935066e-10	1.700541739e-10	1.708320805e-10	1.663183683e-10	1.685163709e-10	1.676180443e-10	1.618225155e-10	1.625081103e-10	1.603951100e-10	1.623530263e-10	1.571864994e-10	1.509728166e-10	1.515404028e-10	1.531430879e-10	1.533973413e-10	1.500756957e-10	1.499023755e-10	1.470597721e-10	1.481711319e-10	1.442069203e-10	1.458636361e-10	1.508065798e-10	1.494391582e-10	1.121136559e-10	1.468807248e-10	1.474538874e-10	1.465945956e-10	1.432405467e-10	1.470058168e-10	1.396027801e-10	1.429092035e-10	1.487705187e-10	1.522267512e-10	1.516166638e-10	1.493057016e-10	1.473368585e-10	1.476701610e-10	1.533939502e-10	1.548943764e-10	1.521067080e-10	1.483022525e-10	1.553001719e-10	1.578900290e-10	1.556523888e-10	1.531078964e-10	1.548847307e-10	1.517195256e-10	1.576281647e-10	1.583138348e-10	1.594150214e-10	1.565389598e-10	1.550168309e-10	1.563402443e-10	1.558764241e-10	1.574247018e-10	1.566512412e-10	1.573897363e-10	1.528904925e-10	1.532441412e-10	1.522770140e-10	1.549041727e-10	1.546109600e-10	1.578662917e-10	1.567269746e-10	1.576457228e-10	1.567991663e-10	1.499613797e-10	1.486192779e-10	1.484119718e-10	1.508124577e-10	1.519267564e-10	1.561780014e-10
2.871808552e-10	2.893809678e-10	2.766046255e-10	2.864912665e-10	2.904655006e-10	2.901943674e-10	2.828710580e-10	2.918256127e-10	3.024791582e-10	2.975909234e-10	3.016141393e-10	3.025191726e-10	2.956141680e-10	2.989429724e-10	2.919529654e-10	2.942344632e-10	2.944697266e-10	2.966944808e-10	2.888949928e-10	2.899290366e-10	3.046679673e-10	2.947835870e-10	2.881892778e-10	2.934699700e-10	2.957881664e-10	2.962385731e-10	2.973491040e-10	2.986637006e-10	3.113713176e-10	3.046772362e-10	3.137648707e-10	3.109227949e-10	3.074120042e-10	3.045397857e-10	3.045440810e-10	2.995660964e-10	3.086774683e-10	3.109339476e-10	2.995385159e-10	2.920684871e-10	2.952336923e-10	3.033223237e-10	2.939869919e-10	2.924369058e-10	2.843457875e-10	3.089132592e-10	2.984164555e-10	2.961806992e-10	3.032152419e-10	2.885857291e-10	2.872719614e-10	2.696298406e-10	2.864459018e-10	2.816110949e-10	2.803879812e-10	2.842026099e-10	2.836240216e-10	2.843356897e-10	2.735537364e-10	2.816847937e-10	2.752351692e-10	2.868143958e-10	2.866675257e-10	2.915003734e-10	2.854581270e-10	3.024280664e-10	2.749641114e-10	2.788690173e-10	3.135701491e-10	3.605650392e-10	3.758081058e-10	3.913831185e-10	3.894999559e-10	3.763845841e-10	3.736864395e-10	3.597885643e-10	3.355355559e-10	3.239713253e-10	3.147789451e-10	2.954860617e-10	2.941620454e-10	2.968910109e-10	2.937749383e-10	2.919018736e-10	2.771477962e-10	2.734606710e-10	2.718049348e-10	2.690861424e-10	2.831418144e-10	2.861457563e-10	2.746104627e-10	2.645025746e-10	2.845922791e-10	2.842787955e-10	2.837315555e-10	2.828196648e-10	2.897738020e-10	2.131883170e-10	2.932707270e-10	2.940704117e-10	2.827288600e-10	2.944870586e-10	3.064802193e-10	2.982193979e-10	3.089702289e-10	3.205902234e-10	3.097146771e-10	3.058003516e-10	3.119135840e-10	3.056013347e-10	3.165225471e-10	2.634927955e-10	3.118134350e-10	3.085907328e-10	3.074301651e-10	3.171197485e-10	3.110634104e-10	3.086090445e-10	3.048253120e-10	3.107460835e-10	3.023348503e-10	2.967124910e-10	3.057715654e-10	2.976921274e-10	3.101170816e-10	3.052809936e-10	2.962495752e-10	2.935967199e-10	2.997745329e-10	2.992733359e-10	2.944966289e-10	2.856964800e-10	2.932400569e-10	2.887379495e-10	3.018532459e-10	2.998767165e-10	2.984503660e-10	2.959699267e-10	2.872331527e-10	2.925481322e-10	3.062367419e-10	3.011093252e-10	3.039100302e-10	2.983160051e-10	2.955885467e-10	2.630036556e-10	2.896683027e-10	2.806630330e-10	2.812719900e-10	2.866646622e-10	2.079133519e-10	2.706405993e-10	2.722661175e-10	2.714565610e-10	2.724393624e-10	2.729523151e-10	2.743268203e-10	2.726003995e-10	2.700002939e-10	2.758232525e-10	2.677563991e-10	2.558166663e-10	2.708218320e-10	2.788632902e-10	2.830399322e-10	2.837589853e-10	2.775698688e-10	2.727520171e-10	2.727634713e-10	2.822100295e-10	2.797062297e-10	2.806408028e-10	2.759619087e-10	2.708250724e-10	2.819479391e-10	2.844983094e-10	2.781768666e-10	2.771872078e-10	2.824021890e-10	2.784988655e-10	2.738369267e-10	2.814570659e-10	2.799465420e-10	2.046879368e-10	2.791194275e-10	2.824888491e-10	2.944331786e-10	2.924778998e-10	2.830674374e-10	2.919210895e-10	2.861021248e-10	2.764692097e-10	2.951079974e-10	2.873473180e-10	2.912026393e-10	2.944887918e-10	2.850711706e-10	2.830217713e-10	2.724264010e-10	2.927462448e-10	2.845123257e-10	2.791075211e-10	2.898511932e-10	2.786562855e-10	2.786542509e-10	2.766982185e-10	2.776710728e-10	2.745029287e-10	2.829776877e-10	2.730368652e-10	2.754482025e-10	2.729831359e-10	2.788018746e-10	2.717632626e-10	2.790113660e-10	2.731619573e-10	2.791803156e-10	2.099999020e-10	2.710616922e-10	2.835157341e-10	2.773174994e-10	2.814982860e-10	2.792987009e-10	2.764596394e-10	2.762688363e-10	2.791686354e-10	2.734678299e-10	2.631653709e-10	2.578120349e-10	2.583980082e-10	2.700933593e-10	2.759369657e-10	2.793785036e-10	2.813863060e-10	2.759103648e-10	2.853233893e-10	2.729000176e-10	2.808781762e-10	2.882985449e-10	2.877635881e-10	2.901856260e-10	2.927856563e-10	2.905491465e-10	2.878516047e-10	2.791311831e-10	2.627104428e-10	2.643341525e-10	2.720217359e-10	2.675920463e-10	2.704516802e-10	2.682082375e-10
4.273633539e-10	4.268029266e-10	4.254753686e-10	3.731517841e-10	4.319674188e-10	4.301311281e-10	4.306256184e-10	4.358405242e-10	4.334234599e-10	4.394451340e-10	4.465641515e-10	4.531133221e-10	4.480045937e-10	4.530302037e-10	4.570922282e-10	4.559508765e-10	3.818373909e-10	4.608259239e-10	4.703382684e-10	4.652357947e-10	4.718685358e-10	4.702439219e-10	4.788901172e-10	4.810083925e-10	4.874260657e-10	4.836867937e-10	4.859385256e-10	4.972310955e-10	4.929080355e-10	5.062968012e-10	5.063707261e-10	5.091651765e-10	5.114168330e-10	4.720332654e-10	5.200591851e-10	5.201455438e-10	5.184959115e-10	5.185739810e-10	5.124716000e-10	5.159957288e-10	5.053735316e-10	4.640477219e-10	4.836538628e-10	4.700203388e-10	4.601169686e-10	4.522917086e-10	4.410230267e-10	4.329766703e-10	4.824192196e-10	4.728183310e-10	4.551087660e-10	4.730602258e-10	4.804325924e-10	4.735645878e-10	4.715218952e-10	4.761553492e-10	4.756716349e-10	4.764317574e-10	4.777197532e-10	4.769918080e-10	4.770312949e-10	4.722552661e-10	4.678744830e-10	4.615411338e-10	4.677297228e-10	4.572375912e-10	4.600632393e-10	4.572341248e-10	4.558209617e-10	4.525550047e-10	4.480060255e-10	4.184980215e-10	4.319793252e-10	4.222360125e-10	4.197851130e-10	4.195659005e-10	4.189330554e-10	4.187087940e-10	4.223944875e-10	4.175953243e-10	4.177846202e-10	4.223855201e-10	4.245936958e-10	4.220162725e-10	4.238326691e-10	4.265731641e-10	4.234867821e-10	4.218149949e-10	4.225140031e-10	4.275041201e-10	4.276579984e-10	4.294219467e-10	4.226933520e-10	4.349398616e-10	4.214966885e-10	4.335872852e-10	4.332646081e-10	4.327191013e-10	4.293420687e-10	4.208159165e-10	4.300764945e-10	4.331337136e-10	4.278252901e-10	4.295841896e-10	4.334609875e-10	4.163241330e-10	4.146976352e-10	4.117010783e-10	4.030412434e-10	4.121539717e-10	4.028514201e-10	3.988901473e-10	4.031612112e-10	3.993914951e-10	4.043718911e-10	4.069880477e-10	4.026880469e-10	4.040902079e-10	4.049470130e-10	4.006783605e-10	4.036567565e-10	4.049285506e-10	4.105006469e-10	4.084489869e-10	4.090368441e-10	4.071887978e-10	4.118803517e-10	4.089434019e-10	4.117595550e-10	4.058274046e-10	4.025749365e-10	4.025668734e-10	3.979857923e-10	4.004189076e-10	4.085587816e-10	4.046390304e-10	4.111086997e-10	4.172205003e-10	4.213147775e-10	4.347073864e-10	4.359228891e-10	4.430632325e-10	4.466100437e-10	4.512707768e-10	4.654197403e-10	3.697424235e-10	4.613344305e-10	4.650613441e-10	4.641766571e-10	4.666811351e-10	4.511252631e-10	4.619203284e-10	4.615825800e-10	4.634860134e-10	4.595679954e-10	4.534069116e-10	4.518734792e-10	4.484678864e-10	4.430440919e-10	4.355104621e-10	4.269392467e-10	4.178904209e-10	4.128403954e-10	4.118524698e-10	4.083940519e-10	3.976926549e-10	3.935629601e-10	3.940245949e-10	3.857774884e-10	3.848004895e-10	3.869717405e-10	3.745479920e-10	3.815694980e-10	3.732860696e-10	3.769451622e-10	3.777483887e-10	3.806700411e-10	3.609107001e-10	3.652274301e-10	3.616268143e-10	3.703687125e-10	3.672514342e-10	3.654886162e-10	3.624612384e-10	3.547747854e-10	3.575158079e-10	3.622001277e-10	3.659913204e-10	3.724143440e-10	3.334617411e-10	3.742164981e-10	3.737923909e-10	3.716668061e-10	3.722571500e-10	3.721531579e-10	3.767423021e-10	3.760966464e-10	3.806897846e-10	3.803606268e-10	3.671229511e-10	3.760006420e-10	3.728609075e-10	3.610752037e-10	3.562183172e-10	3.592475790e-10	3.534625248e-10	3.509045435e-10	3.486981009e-10	3.541757754e-10	3.469540468e-10	3.429031750e-10	3.421356676e-10	3.487482131e-10	3.381963237e-10	3.474972928e-10	3.420480278e-10	3.453948424e-10	3.428745395e-10	3.437204932e-10	3.371729051e-10	3.410992877e-10	3.427205105e-10	3.321661343e-10	3.386245001e-10	3.397259882e-10	3.415954358e-10	3.521872643e-10	3.440769301e-10	3.392137891e-10	3.409512872e-10	3.405928910e-10	3.409221242e-10	3.436161242e-10	3.560941295e-10	3.267873277e-10	3.416552690e-10	3.362433055e-10	3.419915857e-10	3.394679670e-10	3.353648731e-10	3.377130615e-10	3.477443119e-10	3.354204863e-10	3.357932003e-10	3.329933242e-10	3.362818127e-10	3.309793425e-10	3.305134124e-10	3.225335959e-10	3.192363659e-10	3.266713538e-10
6.060884401e-10	6.015499355e-10	6.059695273e-10	6.100815886e-10	6.128156784e-10	6.098852092e-10	6.062949926e-10	6.095332183e-10	6.065961931e-10	6.065749426e-10	6.051334453e-10	6.010112862e-10	5.994801145e-10	5.943696530e-10	5.934542205e-10	5.883376550e-10	5.854361982e-10	5.789204859e-10	5.787026299e-10	5.761027503e-10	5.683866821e-10	5.687442493e-10	5.642829099e-10	5.671961224e-10	5.567179318e-10	5.547578301e-10	5.545102082e-10	5.543891101e-10	5.487152069e-10	5.433844025e-10	5.379432007e-10	5.430026458e-10	5.303550880e-10	5.309600512e-10	5.630614541e-10	5.756824863e-10	6.088820616e-10	6.203449375e-10	6.313265859e-10	6.292236834e-10	6.371939296e-10	6.391574976e-10	6.337600027e-10	6.356285460e-10	6.372856386e-10	6.356736093e-10	6.368921262e-10	6.343169636e-10	6.313013414e-10	6.141051059e-10	6.340190788e-10	6.263775383e-10	6.254327920e-10	6.359252251e-10	6.370513548e-10	6.275832446e-10	6.366081070e-10	6.355284724e-10	6.421955761e-10	6.404038212e-10	6.321627432e-10	6.380169748e-10	6.309427192e-10	6.367313151e-10	6.372763697e-10	6.377153975e-10	6.400643395e-10	6.464326541e-10	6.471551736e-10	6.434118323e-10	6.479025608e-10	6.464263995e-10	6.470288006e-10	6.452589744e-10	6.429425865e-10	6.431433366e-10	6.434192927e-10	6.420336347e-10	6.398990070e-10	6.398942596e-10	6.408837677e-10	6.441871769e-10	6.393385043e-10	6.420300176e-10	6.402001322e-10	6.373044778e-10	6.337586462e-10	6.378646791e-10	6.352881600e-10	6.349876377e-10	6.365281536e-10	6.357828011e-10	6.349766357e-10	6.320182845e-10	6.344572023e-10	6.329206803e-10	6.367990608e-10	6.402437637e-10	6.387633824e-10	6.332205244e-10	6.001181592e-10	6.279806002e-10	6.358896568e-10	6.350692490e-10	6.397910963e-10	6.386981235e-10	6.310047377e-10	6.261706089e-10	6.325182005e-10	6.287950548e-10	6.307109221e-10	6.310184526e-10	6.317515974e-10	6.279693720e-10	6.281130018e-10	6.301700121e-10	6.272337405e-10	6.207850203e-10	6.205163739e-10	6.150372676e-10	6.213097286e-10	6.238240031e-10	6.214615723e-10	6.193230261e-10	6.025168366e-10	6.013092463e-10	6.076815549e-10	6.003747486e-10	6.016928117e-10	6.049391759e-10	6.072505902e-10	6.004996899e-10	6.040171873e-10	5.938506718e-10	5.932346312e-10	6.017943171e-10	6.012289915e-10	5.955189925e-10	5.898836719e-10	5.881443652e-10	5.887537744e-10	5.887189597e-10	5.819201325e-10	5.901506605e-10	5.911830466e-10	6.008811452e-10	6.057806082e-10	6.106325964e-10	6.109360576e-10	5.951312826e-10	6.207607555e-10	6.297934550e-10	6.338953432e-10	6.302279614e-10	6.348821384e-10	6.369885827e-10	6.403175378e-10	6.418256503e-10	6.464564668e-10	6.460971664e-10	6.462869144e-10	6.340526125e-10	6.511571389e-10	6.529972728e-10	6.514499749e-10	6.497545257e-10	6.508332561e-10	6.487549198e-10	6.508753051e-10	6.505435098e-10	6.504961105e-10	6.477021875e-10	6.381089099e-10	6.489855112e-10	6.473048319e-10	6.486784329e-10	6.468231523e-10	6.492328317e-10	6.500087790e-10	6.427688141e-10	6.466178054e-10	6.468882604e-10	6.436631468e-10	6.487228933e-10	6.488236451e-10	6.496181302e-10	6.493689258e-10	6.503529328e-10	6.490200245e-10	6.505319049e-10	6.490005825e-10	6.514318139e-10	6.526101658e-10	6.513724329e-10	6.541154901e-10	6.514815493e-10	6.515669284e-10	6.499469866e-10	6.474219362e-10	6.555795190e-10	6.559868216e-10	6.544805930e-10	6.570810755e-10	6.542830833e-10	6.555240565e-10	6.565916341e-10	6.574653190e-10	6.562259283e-10	6.567966041e-10	6.572531147e-10	6.544657478e-10	6.562642094e-10	6.563913361e-10	6.571911715e-10	6.546734307e-10	6.573045833e-10	6.546725264e-10	6.552844977e-10	6.537952243e-10	6.560405509e-10	6.527622355e-10	6.554667854e-10	6.520559930e-10	6.504626521e-10	6.513735632e-10	6.508252683e-10	6.505615200e-10	6.485629111e-10	6.513505795e-10	6.518633061e-10	6.513031801e-10	6.513894635e-10	6.523161241e-10	6.534340400e-10	6.542147348e-10	6.524057232e-10	6.526509337e-10	6.530593667e-10	6.523700795e-10	6.515732583e-10	6.480939667e-10	6.469099631e-10	6.447711155e-10	6.404620719e-10	6.390507173e-10	6.369873770e-10	6.367638692e-10	6.386609727e-10	6.371319864e-10	6.388281138e-10	6.356518312e-10
5.829603556e-10	5.772643730e-10	5.679090717e-10	5.696660872e-10	5.658013463e-10	5.724807332e-10	5.645158373e-10	5.690321117e-10	5.669760810e-10	5.743133314e-10	5.747886811e-10	5.695565940e-10	5.766815647e-10	5.725386824e-10	5.697557616e-10	5.788832597e-10	5.826283342e-10	5.825592322e-10	5.799393078e-10	5.835280172e-10	5.896166080e-10	5.949090558e-10	5.899803545e-10	5.907208089e-10	5.997561459e-10	6.066316108e-10	6.143761638e-10	6.139368346e-10	6.083037747e-10	6.112949813e-10	6.029569194e-10	6.077213432e-10	5.985036431e-10	5.972468450e-10	5.883528017e-10	5.955140943e-10	5.951984253e-10	6.031325757e-10	6.091849953e-10	6.058274046e-10	6.042727217e-10	6.141263565e-10	6.145687754e-10	6.083919420e-10	6.091690950e-10	6.139715740e-10	6.147875357e-10	6.177703024e-10	6.295299328e-10	6.191990644e-10	6.232316245e-10	6.289336357e-10	6.187593584e-10	6.167437188e-10	6.199860892e-10	6.203545832e-10	6.148911511e-10	6.113484092e-10	6.095846116e-10	6.119051441e-10	6.089466422e-10	6.165657264e-10	6.152640911e-10	6.135418904e-10	6.136090332e-10	6.106246086e-10	6.098072151e-10	6.121772569e-10	6.078318914e-10	6.031568405e-10	6.047062485e-10	6.072669426e-10	6.071092965e-10	5.937102823e-10	5.958439304e-10	5.986131363e-10	6.101772162e-10	5.937390686e-10	5.927962062e-10	5.966430122e-10	6.018873825e-10	6.109480393e-10	6.004793436e-10	6.033214948e-10	5.941908317e-10	5.932714052e-10	5.944997939e-10	5.977507549e-10	5.985836719e-10	5.886954484e-10	5.856843476e-10	5.943462924e-10	5.883443618e-10	5.897840505e-10	5.967566500e-10	5.896187180e-10	6.018536227e-10	5.903386000e-10	6.017236325e-10	5.950319625e-10	5.964990057e-10	6.042300699e-10	6.023983759e-10	6.074095174e-10	5.969729990e-10	6.096317848e-10	5.987435787e-10	6.054347212e-10	6.054478332e-10	6.032142623e-10	6.094878536e-10	6.114592588e-10	6.133160465e-10	6.010009623e-10	6.129553896e-10	5.984434332e-10	6.080113909e-10	6.043892231e-10	5.999064824e-10	6.024955106e-10	6.031622662e-10	5.956950256e-10	5.977410339e-10	6.043167300e-10	6.023004876e-10	6.028175849e-10	5.924094006e-10	5.981239210e-10	5.916317200e-10	5.985490078e-10	5.886538515e-10	5.916580948e-10	5.930354636e-10	5.889585184e-10	5.900661857e-10	6.026658166e-10	5.989211189e-10	5.970587548e-10	6.046766333e-10	5.996049805e-10	5.966208574e-10	5.956973617e-10	6.008051857e-10	5.918874805e-10	5.841114284e-10	5.847374914e-10	5.941322042e-10	5.848695916e-10	5.721960358e-10	5.751870917e-10	5.714296587e-10	5.801803737e-10	5.654240356e-10	5.608201968e-10	5.951690363e-10	5.675732825e-10	5.586296545e-10	5.669939406e-10	5.586325934e-10	5.727482493e-10	5.848349275e-10	5.748593657e-10	5.782940461e-10	5.738333096e-10	5.672393772e-10	5.806388435e-10	5.724212768e-10	5.772468902e-10	5.780980435e-10	5.890782601e-10	5.821938278e-10	5.792598923e-10	5.836040521e-10	5.938526310e-10	5.897799812e-10	6.059067552e-10	5.991229994e-10	6.014553629e-10	5.972769877e-10	6.017561866e-10	6.050409074e-10	5.975610822e-10	6.047259919e-10	6.131976612e-10	5.931152663e-10	6.013803077e-10	6.009700661e-10	6.087420489e-10	6.007062425e-10	6.127125905e-10	6.039097288e-10	6.056553654e-10	6.065700444e-10	6.045397857e-10	6.019789408e-10	5.982258032e-10	6.113511220e-10	6.031491542e-10	6.183271126e-10	6.190118785e-10	6.161833668e-10	6.162905993e-10	6.217628481e-10	6.177685692e-10	6.289095215e-10	6.294040872e-10	6.319657610e-10	6.261042197e-10	6.316686297e-10	6.325138298e-10	6.267688653e-10	6.280649243e-10	6.237174488e-10	6.246362723e-10	6.280154903e-10	6.538165503e-10	6.194951406e-10	6.237865508e-10	6.164502801e-10	6.113643094e-10	6.191722374e-10	6.097512251e-10	6.092216940e-10	6.112823214e-10	6.042384345e-10	6.009440680e-10	6.030817100e-10	5.986867598e-10	5.933298820e-10	5.895145751e-10	5.924740566e-10	5.877090299e-10	5.749754903e-10	5.757154171e-10	5.791086515e-10	5.798549837e-10	5.713790191e-10	5.791379652e-10	5.788338258e-10	5.809282884e-10	5.797595822e-10	6.010651662e-10	5.878287716e-10	5.879100814e-10	5.911281869e-10	5.863816980e-10	5.945957983e-10	5.986788473e-10	5.959459633e-10	5.960228270e-10	5.890918243e-10
3.768193166e-10	3.724415477e-10	3.674720785e-10	3.683866067e-10	3.609519956e-10	3.579005036e-10	3.629543723e-10	3.768516446e-10	3.528205615e-10	3.379557099e-10	3.656713561e-10	3.673516586e-10	3.661890563e-10	3.790673560e-10	3.813335564e-10	3.691746865e-10	3.725795258e-10	3.761570071e-10	3.845809756e-10	3.792836296e-10	3.933899412e-10	3.966733809e-10	4.029478012e-10	4.222609555e-10	4.802410358e-10	4.455584417e-10	4.479878646e-10	4.326968711e-10	4.435168795e-10	4.439598259e-10	4.516619531e-10	4.592455444e-10	4.565264506e-10	4.322888149e-10	3.876956918e-10	3.685856236e-10	2.928449620e-10	2.835217626e-10	2.799674158e-10	2.715497772e-10	2.702091825e-10	2.676349995e-10	2.679336379e-10	2.624423993e-10	2.607281863e-10	2.693399436e-10	2.559500476e-10	2.543445743e-10	2.633502961e-10	2.570677373e-10	2.525293081e-10	2.549589570e-10	2.488368325e-10	2.525144628e-10	2.359389400e-10	2.252074003e-10	2.232821888e-10	2.240477369e-10	2.192241581e-10	2.126861403e-10	2.031254922e-10	1.958002235e-10	1.990763536e-10	1.971480524e-10	1.947241306e-10	1.925714174e-10	1.947902184e-10	1.901134344e-10	1.895190211e-10	1.806177436e-10	1.872865806e-10	1.831831852e-10	1.821873472e-10	1.801551292e-10	1.822739320e-10	1.853128393e-10	2.085542602e-10	2.023330417e-10	2.120936864e-10	2.150509825e-10	2.171546386e-10	2.065071969e-10	2.066481892e-10	2.065538427e-10	2.083496669e-10	2.091536469e-10	2.172269810e-10	2.186571747e-10	2.193806739e-10	2.218865084e-10	2.182700677e-10	2.171776224e-10	2.185095511e-10	2.182799394e-10	2.233356166e-10	2.211089032e-10	2.322957477e-10	2.235130815e-10	2.279496286e-10	2.278029092e-10	2.311998360e-10	2.298678320e-10	2.308641222e-10	2.293643742e-10	2.300831259e-10	2.299400990e-10	2.393962275e-10	2.417444912e-10	2.491838499e-10	2.474610463e-10	2.544509779e-10	2.530702181e-10	4.111484126e-10	2.558770270e-10	2.562471788e-10	2.571282487e-10	2.530579349e-10	2.500047851e-10	2.481908000e-10	2.499542962e-10	2.531822734e-10	2.575468549e-10	2.556197594e-10	2.529986293e-10	2.470390491e-10	2.398308846e-10	2.421535271e-10	2.347339119e-10	2.439675122e-10	2.395505579e-10	2.355150589e-10	2.366433739e-10	2.312814473e-10	2.289319778e-10	2.178374452e-10	2.251479439e-10	2.142509210e-10	2.098326103e-10	2.078943620e-10	2.055110575e-10	2.008705953e-10	1.982095261e-10	2.039852361e-10	2.004471663e-10	2.006418125e-10	2.007434687e-10	1.991103395e-10	1.983041741e-10	1.962834103e-10	2.007883059e-10	2.054384137e-10	2.090408380e-10	2.174192158e-10	2.286230909e-10	2.271349479e-10	2.347871891e-10	2.401514518e-10	2.459066648e-10	2.601901399e-10	2.730560058e-10	2.658161162e-10	2.717380181e-10	2.795552149e-10	2.900086133e-10	2.866650390e-10	3.033649002e-10	2.953501936e-10	3.139116654e-10	3.028866116e-10	3.102083385e-10	3.220521423e-10	3.233451869e-10	3.170116871e-10	3.208226986e-10	3.258410743e-10	3.417421552e-10	3.397446766e-10	3.340395004e-10	3.390366256e-10	3.355624582e-10	3.449323034e-10	3.516223909e-10	3.468934600e-10	3.430431876e-10	3.417133689e-10	3.376643057e-10	3.394688713e-10	3.345288665e-10	3.451604079e-10	3.350909517e-10	3.310134037e-10	3.451647786e-10	3.363372752e-10	3.456914462e-10	3.304200455e-10	3.294343806e-10	3.310895139e-10	3.317889743e-10	3.264194366e-10	3.214607433e-10	3.101997479e-10	3.194919003e-10	3.069977687e-10	3.026372565e-10	2.992861465e-10	3.075629435e-10	2.991964721e-10	2.960309656e-10	2.911284130e-10	2.797815109e-10	2.925246963e-10	2.890255105e-10	3.025518774e-10	2.914955506e-10	2.872360916e-10	2.892322138e-10	2.881317807e-10	2.936646162e-10	2.904535189e-10	2.799166254e-10	2.846890370e-10	2.754016321e-10	2.754647056e-10	2.834694651e-10	2.815468910e-10	2.818293278e-10	2.832157393e-10	2.859832120e-10	2.813841207e-10	2.886669636e-10	2.866110082e-10	2.871550079e-10	2.845824074e-10	2.893632590e-10	2.812638515e-10	2.933702732e-10	2.892139021e-10	2.984631766e-10	3.098439891e-10	3.104514390e-10	3.126991770e-10	3.186687797e-10	3.238949890e-10	3.145489566e-10	3.153716251e-10	3.130622453e-10	3.187397656e-10	3.165629382e-10	3.111977713e-10	3.163850212e-10	3.036262371e-10
3.516570549e-11	3.493616915e-11	3.422374744e-11	3.402224377e-11	3.413618302e-11	3.299807162e-11	3.208874300e-11	3.211820745e-11	3.249212711e-11	3.150073510e-11	3.165619586e-11	3.248202932e-11	3.238836102e-11	3.224947872e-11	3.366023046e-11	3.324840640e-11	3.317998256e-11	3.207088347e-11	3.240471341e-11	3.379858525e-11	3.075862287e-11	3.088394097e-11	2.874388763e-11	2.826974363e-11	2.760494731e-11	2.687330966e-11	2.782408444e-11	2.646502736e-11	2.597701773e-11	2.570226741e-11	2.623978635e-11	2.442663013e-11	2.513980541e-11	2.573135507e-11	2.608364738e-11	2.516580346e-11	2.487319361e-11	2.479188379e-11	2.476083685e-11	2.427003903e-11	2.475661688e-11	2.365279275e-11	2.479135629e-11	2.528546981e-11	2.645259351e-11	2.722846552e-11	2.792001344e-11	2.804367370e-11	2.862301558e-11	2.977966471e-11	2.801993635e-11	3.206847206e-11	3.444687846e-11	3.759000409e-11	3.750032969e-11	4.177877851e-11	5.162630942e-11	6.281571608e-11	7.678631041e-11	8.450260470e-11	8.817556290e-11	8.735809402e-11	8.503839044e-11	8.151923516e-11	7.686083813e-11	7.025937003e-11	6.663561973e-11	6.203924122e-11	5.782341376e-11	5.291897729e-11	4.973335051e-11	4.662292967e-11	4.566959277e-11	4.314529590e-11	4.097449705e-11	3.946442526e-11	3.847273182e-11	3.759264157e-11	3.736235167e-11	3.576456474e-11	3.514339993e-11	3.698609595e-11	3.739784465e-11	3.761170681e-11	3.703311849e-11	3.721849584e-11	3.577074399e-11	3.596117023e-11	3.720922697e-11	3.751042748e-11	4.039869693e-11	3.987858537e-11	3.820596930e-11	4.055905587e-11	3.965296758e-11	4.040171120e-11	4.114631020e-11	4.083139478e-11	3.875803208e-11	4.090223003e-11	4.225480644e-11	4.183077460e-11	3.993254073e-11	3.895893289e-11	3.868945753e-11	3.822503453e-11	3.828027095e-11	3.684608330e-11	3.705293729e-11	3.515274415e-11	3.537421733e-11	3.541453313e-11	3.463376294e-11	3.417604668e-11	3.520338381e-11	3.342361059e-11	3.524987886e-11	3.769143413e-11	3.610171037e-11	3.739829679e-11	3.747598949e-11	3.753650087e-11	3.748458015e-11	4.125602947e-11	4.116258723e-11	4.315418798e-11	4.275901774e-11	4.126303764e-11	4.399328422e-11	4.096545425e-11	4.243174384e-11	4.348967576e-11	4.387580321e-11	4.504707153e-11	4.498995119e-11	4.642052172e-11	4.512664814e-11	4.332954289e-11	4.388552421e-11	4.118677672e-11	4.175134870e-11	4.531692367e-11	4.536138409e-11	4.629663540e-11	4.405281596e-11	4.525573408e-11	4.845846681e-11	4.423080836e-11	4.026810387e-11	4.087344379e-11	4.141435378e-11	4.117283574e-11	4.268501752e-11	4.141307272e-11	3.961219964e-11	3.868975896e-11	3.903700237e-11	3.881311778e-11	4.038159097e-11	3.848433674e-11	3.877197306e-11	3.817673092e-11	3.990910482e-11	3.860061205e-11	3.674307077e-11	3.560420581e-11	3.787982575e-11	3.526216200e-11	3.683515659e-11	3.708149746e-11	3.859948170e-11	3.757124029e-11	3.529328429e-11	3.530172424e-11	3.645061163e-11	3.767606138e-11	3.645769516e-11	3.590940021e-11	3.643576637e-11	3.645905158e-11	3.622906310e-11	3.542538449e-11	3.660878523e-11	3.726491553e-11	3.669748000e-11	3.530292994e-11	3.705293729e-11	3.837220606e-11	3.744215436e-11	3.672204626e-11	3.683146411e-11	3.688368627e-11	3.585680128e-11	3.408870833e-11	3.612265952e-11	3.540677140e-11	3.450301916e-11	3.247554865e-11	3.445886017e-11	3.450641021e-11	3.406482028e-11	3.345948036e-11	3.309392527e-11	3.339376936e-11	3.417838274e-11	3.291487789e-11	3.365646262e-11	3.484430941e-11	3.561769464e-11	3.423399594e-11	3.491898784e-11	3.631587395e-11	3.800717847e-11	3.849639381e-11	3.930692987e-11	4.009342717e-11	4.237160923e-11	4.120712301e-11	4.128813140e-11	4.226226674e-11	4.342539655e-11	4.138006651e-11	3.962983309e-11	4.273166328e-11	4.166205107e-11	4.274017858e-11	4.280905455e-11	4.581427752e-11	4.614584676e-11	4.721553432e-11	4.804558776e-11	4.503260305e-11	4.254560772e-11	4.177131821e-11	3.919668310e-11	3.815201394e-11	3.922629826e-11	3.855592556e-11	3.785525948e-11	3.815231537e-11	3.679649863e-11	3.456812730e-11	3.701458076e-11	3.323793182e-11	3.329203789e-11	3.275263503e-11	3.314207817e-11	3.328510508e-11	3.351441535e-11	3.260742278e-11	3.157707138e-11
1.082882512e-11	1.094351793e-11	1.070667200e-11	1.040336151e-11	9.959736945e-12	9.907590147e-12	1.011708162e-11	9.676923460e-12	9.342264603e-12	9.098561216e-12	9.433521499e-12	8.786207926e-12	9.027499900e-12	9.425307625e-12	9.108508293e-12	8.948526137e-12	9.635326592e-12	9.557558535e-12	1.001120553e-11	9.753937950e-12	1.005491239e-11	1.041406215e-11	1.068602428e-11	1.103213735e-11	1.078798182e-11	1.142173120e-11	1.208102648e-11	1.157907587e-11	1.193973277e-11	1.208600002e-11	1.218645042e-11	1.248049205e-11	1.266082050e-11	1.252080785e-11	1.257777748e-11	1.314106839e-11	1.258312780e-11	1.276737479e-11	1.265396304e-11	1.278674145e-11	1.275132383e-11	1.304657116e-11	1.345372311e-11	1.323353099e-11	1.271085731e-11	1.296315135e-11	1.376615175e-11	1.298168909e-11	1.260528265e-11	1.332848037e-11	1.302833485e-11	1.261349653e-11	1.257589356e-11	1.255848618e-11	1.205487772e-11	1.184689338e-11	1.156558703e-11	1.117606854e-11	1.133537248e-11	1.152896370e-11	1.159648326e-11	1.121691184e-11	1.132105472e-11	1.127945785e-11	1.056967362e-11	1.099769936e-11	1.247951241e-11	1.390706868e-11	1.716119464e-11	2.466166751e-11	3.354877798e-11	3.494385553e-11	3.469043114e-11	3.185370563e-11	2.815090620e-11	2.424306135e-11	2.091101661e-11	1.786472427e-11	1.498542226e-11	1.308779124e-11	1.162413914e-11	1.142165584e-11	1.108315380e-11	1.154313075e-11	1.131480012e-11	1.133891425e-11	1.096393959e-11	1.131510155e-11	1.089370719e-11	1.019477432e-11	1.029484794e-11	1.016056240e-11	1.047585460e-11	1.056628257e-11	1.007721795e-11	1.039311301e-11	1.019334254e-11	9.830048160e-12	9.902842679e-12	1.008294506e-11	1.029243653e-11	1.066002624e-11	1.052332929e-11	1.045460403e-11	1.076439519e-11	1.130244163e-11	1.169715973e-11	1.136046625e-11	1.201554155e-11	1.202511185e-11	1.278741966e-11	1.245012332e-11	1.289359717e-11	1.308801731e-11	1.315794828e-11	1.302547130e-11	1.278470682e-11	1.286541379e-11	1.266458833e-11	1.246692785e-11	1.288756864e-11	1.279585960e-11	1.330602409e-11	1.265094878e-11	1.333948244e-11	1.344626280e-11	1.382560815e-11	1.353036082e-11	1.327452501e-11	1.283067437e-11	1.230679498e-11	1.248433524e-11	1.220672136e-11	1.212548690e-11	1.209346032e-11	1.199451705e-11	1.151125489e-11	1.173468734e-11	1.215992488e-11	1.254612769e-11	1.281628126e-11	1.244371801e-11	1.267875538e-11	1.350285564e-11	1.390006051e-11	1.362131628e-11	1.349200428e-11	1.417903081e-11	1.357534873e-11	1.434323294e-11	1.389719696e-11	1.422552586e-11	1.444752653e-11	1.433313515e-11	1.395627657e-11	1.419462963e-11	1.405861089e-11	1.364603326e-11	1.420630991e-11	1.547305510e-11	1.582979345e-11	1.631991307e-11	1.644485438e-11	1.631109634e-11	1.679096745e-11	1.661033758e-11	1.730738653e-11	1.694235895e-11	1.683964784e-11	1.651908068e-11	1.575805393e-11	1.598683670e-11	1.509408654e-11	1.469740916e-11	1.515949611e-11	1.542362114e-11	1.552859295e-11	1.555866025e-11	1.509084620e-11	1.506771171e-11	1.444074443e-11	1.482476189e-11	1.534276346e-11	1.477374544e-11	1.543379429e-11	1.416139735e-11	1.425521638e-11	1.382440244e-11	1.309073015e-11	1.327482643e-11	1.308018022e-11	1.366600277e-11	1.371536138e-11	1.401761688e-11	1.360564210e-11	1.340692663e-11	1.320135371e-11	1.352907975e-11	1.300226145e-11	1.376524747e-11	1.278870072e-11	1.196264119e-11	1.370895606e-11	1.351664591e-11	1.353412865e-11	1.482905722e-11	1.447420278e-11	1.428942829e-11	1.434383579e-11	1.417692082e-11	1.434594577e-11	1.419334857e-11	1.405943981e-11	1.398965956e-11	1.317301961e-11	1.375658146e-11	1.301160568e-11	1.260460444e-11	1.198969423e-11	1.153740365e-11	1.082505729e-11	1.162406379e-11	1.095467072e-11	1.120915011e-11	1.185028443e-11	1.193935599e-11	1.118744739e-11	1.273783499e-11	1.287219589e-11	1.281341770e-11	1.322644747e-11	1.300211074e-11	1.316096255e-11	1.328168389e-11	1.319012557e-11	1.190416443e-11	1.205811806e-11	1.254431913e-11	1.226414312e-11	1.228230407e-11	1.303519231e-11	1.363171550e-11	1.255110122e-11	1.239729831e-11	1.258568992e-11	1.227672768e-11	1.291198419e-11	1.342840328e-11	1.365914532e-11	1.346841765e-11	1.412356832e-11
7.323234036e-12	6.955568969e-12	6.427695677e-12	6.938915151e-12	6.547588098e-12	6.650299204e-12	6.493406670e-12	6.668535511e-12	5.849182720e-12	6.053474582e-12	5.331407218e-12	5.475639834e-12	6.055735281e-12	6.116924876e-12	5.865007615e-12	5.955134161e-12	5.629292032e-12	5.437283303e-12	5.318898015e-12	4.644983546e-12	4.964495717e-12	5.363433791e-12	4.705570288e-12	4.781303715e-12	4.541971013e-12	4.240921220e-12	4.650258511e-12	4.229467010e-12	4.318990703e-12	4.384777054e-12	4.843246877e-12	5.232313230e-12	4.784167268e-12	4.758319939e-12	4.907526094e-12	4.778138736e-12	4.997200501e-12	5.375867638e-12	5.570815276e-12	5.699373711e-12	6.430107089e-12	6.284367340e-12	6.798375009e-12	6.598830616e-12	6.515938307e-12	6.142922918e-12	6.411644712e-12	6.794456464e-12	6.504333384e-12	6.352414389e-12	7.381484722e-12	6.725957274e-12	7.462342401e-12	6.782097974e-12	6.659492714e-12	7.158956552e-12	6.983978424e-12	6.883528017e-12	6.570948657e-12	6.740953246e-12	6.757154925e-12	6.374041746e-12	6.546231678e-12	6.646003875e-12	6.964084270e-12	7.530163381e-12	7.295427434e-12	7.570328472e-12	7.263325504e-12	7.493690765e-12	8.251552535e-12	9.584988354e-12	2.122080778e-11	2.638160755e-11	2.791390956e-11	2.458442695e-11	1.931812787e-11	1.508828408e-11	1.060373483e-11	8.762470583e-12	7.767235383e-12	6.557384461e-12	6.166810975e-12	5.321309427e-12	5.458006380e-12	4.856735716e-12	5.317014098e-12	4.577765419e-12	5.140679551e-12	4.751763911e-12	4.626370455e-12	4.648374595e-12	5.081298516e-12	4.858694989e-12	5.094711998e-12	4.677311546e-12	4.347098732e-12	4.831943380e-12	4.351394060e-12	4.846562569e-12	4.505498398e-12	4.281387738e-12	4.720867687e-12	4.264357136e-12	4.383420634e-12	4.211381415e-12	3.966321609e-12	3.918771566e-12	3.835502474e-12	3.824123621e-12	3.665950025e-12	3.979810448e-12	4.290279822e-12	3.558340737e-12	3.774538949e-12	4.289752325e-12	4.308666843e-12	4.533681782e-12	4.534586062e-12	4.769171295e-12	5.078510320e-12	4.817625618e-12	5.077982823e-12	4.629234007e-12	5.189962796e-12	5.057109033e-12	4.947691185e-12	5.039626291e-12	5.379861540e-12	5.260270545e-12	5.544741877e-12	4.933222710e-12	5.218070825e-12	5.248740979e-12	5.891608510e-12	5.895979196e-12	5.659057906e-12	6.047596764e-12	5.942248175e-12	6.069977687e-12	6.050837099e-12	6.529728573e-12	6.456934055e-12	6.166509548e-12	6.177511618e-12	6.268617801e-12	6.029511169e-12	5.797864845e-12	5.793042020e-12	5.524094157e-12	5.267956923e-12	5.490409737e-12	5.268409063e-12	5.340676085e-12	5.749109096e-12	5.773373935e-12	5.814518663e-12	5.285138238e-12	5.321008001e-12	6.526186811e-12	6.195145073e-12	5.694324816e-12	5.806530859e-12	5.606006829e-12	5.254317371e-12	5.283028252e-12	4.764649897e-12	4.971805312e-12	5.242486377e-12	4.837293702e-12	4.691177169e-12	5.508118548e-12	5.072858571e-12	5.017245368e-12	5.499000394e-12	5.865535111e-12	5.891985293e-12	5.868926160e-12	5.432535834e-12	5.623037430e-12	5.988743224e-12	5.812710104e-12	5.602163640e-12	5.596888675e-12	5.717007166e-12	5.537130856e-12	5.515804926e-12	5.821602188e-12	5.144372027e-12	4.860051408e-12	4.871731688e-12	5.616632116e-12	5.358158826e-12	5.516633849e-12	6.259499647e-12	5.536226576e-12	5.762145796e-12	6.109690638e-12	5.698620144e-12	5.093280222e-12	5.368030547e-12	5.404352449e-12	5.622585291e-12	5.937349993e-12	5.448963582e-12	5.500808954e-12	6.342919452e-12	5.780532817e-12	6.262061773e-12	6.226644150e-12	6.102908540e-12	5.908714468e-12	6.334856291e-12	6.163118499e-12	6.540504573e-12	6.358518277e-12	5.757322970e-12	6.417145747e-12	6.082863673e-12	5.956490581e-12	6.667405162e-12	6.478259985e-12	6.184444429e-12	6.270803144e-12	5.922354021e-12	6.258218584e-12	6.071786246e-12	5.537130856e-12	6.194692933e-12	6.131770135e-12	5.429898351e-12	5.841948482e-12	6.739069330e-12	6.276078109e-12	6.428449243e-12	6.065305575e-12	6.650600630e-12	5.886710328e-12	6.131694778e-12	6.495742726e-12	5.916400846e-12	6.020393015e-12	5.626503836e-12	6.061763813e-12	5.392295386e-12	5.558607500e-12	5.098856614e-12	5.172103272e-12	5.535171583e-12	5.670813543e-12	5.315356252e-12
1.916997671e-12	1.523334562e-12	1.969445895e-12	2.087303687e-12	1.944427489e-12	1.187017859e-12	1.489876212e-12	1.761310844e-12	2.013906315e-12	2.043973616e-12	2.369665032e-12	2.804925009e-12	1.994238231e-12	2.202900779e-12	1.933952916e-12	1.981804385e-12	1.668471458e-12	1.999362483e-12	2.072307714e-12	1.667642535e-12	1.796502397e-12	1.855732719e-12	1.175639006e-12	1.632300269e-12	1.693489864e-12	1.592662674e-12	1.173604376e-12	1.208645216e-12	1.148736684e-12	8.568050441e-13	1.485731596e-12	1.142029942e-12	1.946311405e-12	1.314898084e-12	1.784746760e-12	1.410224239e-12	1.407511400e-12	1.358529581e-12	2.039979714e-12	1.755960522e-12	1.216783733e-12	9.989276750e-13	1.838400691e-12	1.589799122e-12	1.828981110e-12	1.575179933e-12	1.306608853e-12	1.465762086e-12	1.096966669e-12	1.344362532e-12	1.286413272e-12	1.092520627e-12	2.602441706e-12	1.076846445e-12	9.899602343e-13	1.307362419e-12	8.247031137e-13	1.066296515e-12	9.357034505e-13	1.010909381e-12	1.711500102e-12	1.335395091e-12	1.233738978e-12	5.346553903e-13	1.644357332e-12	1.446621498e-12	1.210076992e-12	1.152203089e-12	7.516825255e-13	9.739846257e-13	1.136981047e-12	1.434715148e-12	1.008121186e-12	9.546179682e-13	5.348061036e-13	1.309849189e-12	1.761160131e-12	1.414971707e-12	2.119428224e-11	1.409010997e-11	6.769890198e-12	2.754209987e-12	1.702834088e-12	1.665532549e-12	1.747068438e-12	1.081443200e-12	1.443757945e-12	1.499521862e-12	9.559743878e-13	1.120176515e-12	1.145647061e-12	1.382568350e-12	1.434790505e-12	1.374580546e-12	9.874734650e-13	1.619263570e-12	1.578646338e-12	1.814964775e-12	1.761762984e-12	1.683015291e-12	1.673068214e-12	1.473825246e-12	1.539084100e-12	1.276466195e-12	1.254085272e-12	2.054598903e-12	1.454081806e-12	1.710520466e-12	1.597786926e-12	1.942845000e-12	1.255969188e-12	1.252352069e-12	1.620846059e-12	1.357776014e-12	1.163657299e-12	1.365160966e-12	1.330270839e-12	1.477894505e-12	7.901144140e-13	8.265870298e-13	7.234991406e-13	9.783553111e-13	7.397008191e-13	2.290992696e-12	1.089431005e-12	1.081744627e-12	7.480654066e-13	8.530372119e-13	1.676534619e-12	1.165164432e-12	1.605850087e-12	1.713534732e-12	1.529438450e-12	1.386712966e-12	1.237054670e-12	1.205630950e-12	1.652797276e-12	1.345040742e-12	1.119272236e-12	1.413766001e-12	1.656414395e-12	1.281213664e-12	6.473135733e-13	1.175262222e-12	1.324920518e-12	1.031933885e-12	1.284378643e-12	1.319118056e-12	1.058459424e-12	1.577365276e-12	1.324694448e-12	1.329291203e-12	1.304875650e-12	1.524540268e-12	1.660785081e-12	1.486861946e-12	1.851964887e-12	1.504118617e-12	1.707430843e-12	1.235698251e-12	1.783013557e-12	1.875400803e-12	1.342629329e-12	1.938398958e-12	1.996649644e-12	1.680754591e-12	1.489047289e-12	1.381211931e-12	1.715720074e-12	1.894692104e-12	1.257024181e-12	1.583393807e-12	9.149803734e-13	1.098699872e-12	1.088376012e-12	1.139618530e-12	1.152429159e-12	1.732524606e-12	1.228690083e-12	1.259737020e-12	9.859663322e-13	1.200355985e-12	1.571713527e-12	1.289201468e-12	1.401332155e-12	1.467193862e-12	1.288975398e-12	1.857767348e-12	1.308342056e-12	1.479401638e-12	1.203068824e-12	1.094479900e-12	1.499069722e-12	1.861685894e-12	1.777060383e-12	1.279631174e-12	1.509167513e-12	1.580831681e-12	1.526876324e-12	1.488896575e-12	8.974976319e-13	1.323940881e-12	1.716624354e-12	1.358077441e-12	2.014810595e-12	1.886704300e-12	2.445473816e-12	2.489934236e-12	2.000944972e-12	2.070499155e-12	1.682186368e-12	1.817752970e-12	2.014207742e-12	2.335754542e-12	2.403952305e-12	2.245703353e-12	2.287375577e-12	2.202147212e-12	2.260171828e-12	2.280593479e-12	2.056181392e-12	2.224151352e-12	1.999287126e-12	2.194385478e-12	2.526557565e-12	2.241784807e-12	2.611258433e-12	2.222041366e-12	2.048344301e-12	2.268461059e-12	2.136662288e-12	2.458811942e-12	2.383229228e-12	3.066261851e-12	2.638160755e-12	2.775385204e-12	2.901532227e-12	2.627686182e-12	2.039979714e-12	2.592569986e-12	1.761461557e-12	1.583393807e-12	2.216464975e-12	2.227843828e-12	2.163564610e-12	2.276298150e-12	1.936891825e-12	2.131085897e-12	2.262432528e-12	1.834708215e-12	2.748332169e-12
-5.033823830e-14	-5.274211525e-13	-6.682627204e-13	-1.037887060e-12	-9.541658283e-13	-4.300603682e-13	-5.530424115e-13	-1.077600011e-14	-2.463408698e-13	-1.959272748e-13	-3.456609268e-13	-1.226052600e-13	-1.541796939e-13	-1.712856522e-13	-3.874838643e-13	-3.235060734e-13	-6.163419926e-13	-5.439242575e-13	-1.318515203e-12	-1.298018196e-12	-8.283955892e-13	-1.166972991e-12	-7.381936862e-13	-1.495452603e-12	-1.627628157e-12	-1.466214225e-12	-1.864926230e-12	-2.231159520e-12	-2.202373282e-12	-1.916771601e-12	-1.767791515e-12	-1.951435657e-12	-2.130709114e-12	-1.632903122e-12	-1.570432464e-12	-1.438558337e-12	-1.837647124e-12	-1.448957554e-12	-1.362222056e-12	-1.200054558e-12	-1.632450982e-12	-2.013830958e-12	-1.834708215e-12	-1.535542338e-12	-1.581811318e-12	-1.912702342e-12	-2.300412276e-12	-1.993936804e-12	-1.836516775e-12	-1.397488966e-12	-1.621674982e-12	-1.580831681e-12	-1.845107432e-12	-1.685125277e-12	-1.557245052e-12	-1.474503456e-12	-1.452800743e-12	-1.080614277e-12	-1.590703402e-12	-1.546242981e-12	-1.256195258e-12	-1.378423735e-12	-1.277596545e-12	-1.403818924e-12	-1.105255900e-12	-1.290331818e-12	-1.173152236e-12	-1.457774281e-12	-1.196437439e-12	-1.625894954e-12	-1.208645216e-12	-1.669752521e-12	-1.928979377e-12	-1.660935794e-12	-2.058366735e-12	-1.817903684e-12	-1.244816405e-12	-1.195608516e-12	-9.944062763e-13	1.673701209e-11	7.788033817e-12	1.521601359e-12	-1.020705745e-12	-1.447450421e-12	-1.864624803e-12	-1.526499541e-12	-1.076168235e-12	-1.882107544e-12	-2.110890316e-12	-2.022044833e-12	-9.950091295e-13	-1.712178312e-12	-1.625292101e-12	-1.196136013e-12	-1.570658534e-12	-1.382116210e-12	-1.193950670e-12	-1.216859090e-12	-1.096062389e-12	-1.130048236e-12	-1.209172712e-12	-1.435770141e-12	-1.518511736e-12	-1.209021999e-12	-1.348205721e-12	-9.908645140e-13	-1.184305020e-12	-1.484073750e-12	-1.179030054e-12	-1.009779032e-12	-6.083541883e-13	-1.856109502e-12	-9.969684022e-13	-7.044339096e-13	-1.465385302e-12	-1.475558449e-12	-1.635314535e-12	-1.455664295e-12	-1.150093103e-12	-1.295003930e-12	-1.075414669e-12	-8.632857155e-13	-1.347828937e-12	-1.426124491e-12	-1.720542899e-12	-1.295832853e-12	-1.527177750e-12	-1.540365163e-12	-1.934555769e-12	-1.491307988e-12	-1.447224351e-12	-1.363804546e-12	-1.534939485e-12	-1.255893832e-12	-1.187319285e-12	-1.640062003e-12	-1.436222281e-12	-1.559807177e-12	-1.445189722e-12	-1.660031514e-12	-1.630491710e-12	-1.990470399e-12	-1.969521252e-12	-2.127996274e-12	-1.621147486e-12	-1.854225586e-12	-1.658298311e-12	-1.342101832e-12	-1.831091096e-12	-1.707732270e-12	-1.875476160e-12	-1.631848129e-12	-1.430947316e-12	-1.866207293e-12	-1.553552576e-12	-2.635372559e-12	-2.098833253e-12	-2.347811605e-12	-2.095065421e-12	-2.162811044e-12	-1.492513694e-12	-1.894390677e-12	-2.338693451e-12	-2.303125115e-12	-2.315031465e-12	-1.708410480e-12	-2.116089925e-12	-2.254067940e-12	-2.276072080e-12	-2.242613730e-12	-2.042692553e-12	-1.647522311e-12	-1.610446842e-12	-1.842243880e-12	-1.598389779e-12	-2.011193476e-12	-1.898761363e-12	-2.099059323e-12	-2.231837730e-12	-2.422565396e-12	-2.352634431e-12	-2.236660555e-12	-1.899590286e-12	-1.864549446e-12	-2.169291715e-12	-2.302371549e-12	-2.081124442e-12	-2.208778597e-12	-2.397622347e-12	-2.534017873e-12	-1.541344800e-12	-1.826871124e-12	-2.568380503e-12	-2.041712917e-12	-2.414879019e-12	-2.563482321e-12	-1.895596384e-12	-2.099285393e-12	-2.040507211e-12	-1.974419434e-12	-1.886402873e-12	-2.165749953e-12	-1.835084999e-12	-1.451142897e-12	-1.658222955e-12	-1.898233866e-12	-1.698689473e-12	-1.760481921e-12	-2.156179659e-12	-1.665080409e-12	-2.243970150e-12	-2.404479802e-12	-2.077130540e-12	-2.278257423e-12	-1.775251823e-12	-1.968466259e-12	-2.173963827e-12	-1.961834874e-12	-1.497261163e-12	-1.572617807e-12	-2.101621449e-12	-2.008254567e-12	-1.950908161e-12	-1.768921865e-12	-2.016694511e-12	-1.642473416e-12	-1.917826594e-12	-1.796502397e-12	-1.924985475e-12	-1.785274257e-12	-1.402462504e-12	-1.886101447e-12	-1.612707542e-12	-1.393947204e-12	-1.563876436e-12	-1.299148545e-12	-1.075113242e-12	-1.506605387e-12	-1.364633469e-12	-9.072186390e-13	-1.104954473e-12	-9.922962903e-13	-1.119422949e-12	-1.273451930e-12	-1.149113467e-12	-1.819034033e-12	-1.564780716e-12	-1.932219713e-12	-1.763797613e-12	-1.528684883e-12	-1.392138644e-12
-1.855205223e-12	-1.981729028e-12	-2.023551966e-12	-1.953319573e-12	-2.251129031e-12	-2.167935296e-12	-2.110739603e-12	-2.405308725e-12	-2.470944362e-12	-2.216163548e-12	-2.851344702e-12	-2.654211721e-12	-3.049984816e-12	-3.259400930e-12	-3.116524732e-12	-3.226545433e-12	-2.996933738e-12	-3.173192929e-12	-2.945615863e-12	-2.818865988e-12	-3.040715948e-12	-2.757525680e-12	-2.661596672e-12	-2.647203553e-12	-2.524221509e-12	-2.521207244e-12	-2.017523434e-12	-1.930561867e-12	-1.710821892e-12	-2.068238456e-12	-2.264693227e-12	-2.128523771e-12	-1.545414058e-12	-1.541872296e-12	-2.225733842e-12	-2.146383296e-12	-1.604795094e-12	-1.655962255e-12	-1.954751349e-12	-1.611049695e-12	-1.569754254e-12	-1.774799683e-12	-2.017071294e-12	-1.847669558e-12	-2.680586546e-12	-2.291821619e-12	-2.084364777e-12	-2.918864255e-12	-2.751195722e-12	-1.995519294e-12	-1.907125950e-12	-2.721429847e-12	-2.554213454e-12	-2.127242708e-12	-2.496264194e-12	-2.652101734e-12	-2.545622796e-12	-1.944954986e-12	-2.583602545e-12	-2.716908448e-12	-2.663631301e-12	-2.361526515e-12	-3.009216871e-12	-2.674181231e-12	-2.243668723e-12	-2.808768198e-12	-2.734843330e-12	-2.133949449e-12	-2.302220836e-12	-2.394909508e-12	-2.164167464e-12	-2.164544247e-12	-2.273057814e-12	-1.968164832e-12	-2.200564723e-12	-2.242839800e-12	-2.116617421e-12	-1.846765278e-12	-1.788665306e-12	-1.664477556e-12	1.442100099e-11	7.538829395e-12	-1.141427089e-12	-2.032368693e-12	-2.604627049e-12	-2.319326794e-12	-2.427840361e-12	-2.640722881e-12	-2.851570772e-12	-2.478027886e-12	-1.925512972e-12	-2.482850712e-12	-2.477048250e-12	-2.433115327e-12	-2.334247409e-12	-2.577347943e-12	-2.603119916e-12	-2.822332394e-12	-2.655794210e-12	-2.199283660e-12	-2.192652275e-12	-2.899422241e-12	-2.467101173e-12	-2.370870738e-12	-2.999043724e-12	-3.095650942e-12	-2.621582294e-12	-2.488502460e-12	-2.910725737e-12	-3.260983419e-12	-2.836725513e-12	-2.253841870e-12	-2.817132785e-12	-2.435149956e-12	-2.623692280e-12	-2.712763833e-12	-2.480062516e-12	-2.690533623e-12	-1.917223741e-12	-2.275092444e-12	-2.623466210e-12	-2.516158348e-12	-1.855582006e-12	-2.288731996e-12	-2.698144644e-12	-2.462278348e-12	-2.601838853e-12	-2.394231298e-12	-2.559186992e-12	-2.573354041e-12	-2.515555495e-12	-2.705604952e-12	-2.373357508e-12	-2.225206345e-12	-2.905450772e-12	-2.347284109e-12	-2.355045843e-12	-1.615269668e-12	-2.220157450e-12	-1.909989503e-12	-2.179766289e-12	-1.532904855e-12	-2.009837056e-12	-1.959272748e-12	-2.301617983e-12	-2.489180670e-12	-2.324074262e-12	-2.038623294e-12	-2.236057702e-12	-2.689026490e-12	-2.615930545e-12	-2.351880864e-12	-2.194762261e-12	-2.068163099e-12	-2.196043324e-12	-2.304481535e-12	-2.512089090e-12	-2.436883159e-12	-2.443514543e-12	-1.958594538e-12	-2.824743806e-12	-2.719395218e-12	-2.481343579e-12	-2.260021115e-12	-1.867412999e-12	-2.499127747e-12	-2.039678287e-12	-2.533038237e-12	-2.893016926e-12	-2.369438962e-12	-2.242764443e-12	-2.412166179e-12	-2.171627771e-12	-2.431683550e-12	-2.360396165e-12	-2.342913424e-12	-2.542608531e-12	-2.968222857e-12	-2.521357957e-12	-2.942752311e-12	-2.840568702e-12	-2.833635890e-12	-3.167767250e-12	-2.598975300e-12	-2.416536865e-12	-3.110194774e-12	-2.931674884e-12	-3.198060621e-12	-2.905526129e-12	-3.081559250e-12	-2.298000864e-12	-2.532209314e-12	-2.586541454e-12	-2.789024757e-12	-2.792265093e-12	-2.482775355e-12	-2.448864865e-12	-2.430101061e-12	-2.836876226e-12	-2.138244778e-12	-1.914209475e-12	-2.514651216e-12	-2.698973567e-12	-2.521282600e-12	-2.578327580e-12	-2.656397063e-12	-3.224736873e-12	-2.999646577e-12	-3.011326857e-12	-2.869656366e-12	-3.114640816e-12	-3.030015305e-12	-3.003565123e-12	-2.558056643e-12	-2.721655917e-12	-2.764157064e-12	-2.917206409e-12	-2.972141402e-12	-3.073270019e-12	-3.024137487e-12	-2.878925233e-12	-3.186380342e-12	-2.749236449e-12	-3.458719254e-12	-3.368743420e-12	-3.448018610e-12	-3.912140181e-12	-3.942810336e-12	-4.149287541e-12	-3.850573803e-12	-3.793604180e-12	-4.066093805e-12	-3.844017775e-12	-3.667005018e-12	-3.830076796e-12	-4.210477136e-12	-3.424884120e-12	-3.900384545e-12	-3.464144932e-12	-4.035574365e-12	-3.933164685e-12	-3.830604292e-12	-4.286511990e-12	-4.371966424e-12	-3.869412964e-12	-4.231878423e-12	-4.054338169e-12	-3.598129045e-12	-4.618005867e-12	-3.502576820e-12	-3.999629245e-12
-3.450053239e-12	-4.201961835e-12	-4.099100016e-12	-4.186739793e-12	-4.537223545e-12	-4.024270868e-12	-4.249511877e-12	-4.599920273e-12	-3.824425048e-12	-4.362998983e-12	-4.500901642e-12	-4.395176270e-12	-3.792850614e-12	-4.258705388e-12	-4.201057555e-12	-4.245065835e-12	-4.253581136e-12	-4.059010281e-12	-4.254033276e-12	-4.111986002e-12	-3.707622249e-12	-4.244236912e-12	-3.286604678e-12	-4.043788239e-12	-3.855999482e-12	-4.130373023e-12	-3.702271927e-12	-3.720658949e-12	-4.049741414e-12	-3.763084739e-12	-3.869789747e-12	-3.552387562e-12	-4.170839541e-12	-4.154035009e-12	-4.523810062e-12	-4.007918476e-12	-3.794885243e-12	-4.043637525e-12	-3.871975090e-12	-4.468196859e-12	-4.110780295e-12	-4.660883798e-12	-4.534812132e-12	-3.986667903e-12	-4.181314114e-12	-4.103847484e-12	-3.931205412e-12	-4.121707009e-12	-4.272194227e-12	-4.060442057e-12	-4.171140967e-12	-4.363827907e-12	-4.058934924e-12	-3.905659510e-12	-4.778590876e-12	-4.343556969e-12	-4.504217335e-12	-4.447549138e-12	-4.685525420e-12	-4.331123123e-12	-4.920261367e-12	-4.739028638e-12	-4.465710089e-12	-4.702480665e-12	-4.680853308e-12	-4.700219966e-12	-4.576559713e-12	-4.301432605e-12	-4.430443180e-12	-4.382817781e-12	-4.461414761e-12	-4.596529224e-12	-4.878965926e-12	-4.913403912e-12	-4.156747848e-12	-4.761635631e-12	-4.696226064e-12	-4.377919599e-12	-4.574600440e-12	-4.417707907e-12	-4.234666618e-12	1.443426376e-11	4.513862985e-14	-4.394573417e-12	-4.576333643e-12	-4.239866227e-12	-4.109197806e-12	-4.050494980e-12	-4.170990254e-12	-3.991189301e-12	-3.926382587e-12	-4.212813192e-12	-4.117863820e-12	-4.514767265e-12	-4.131880156e-12	-4.367445025e-12	-4.322004969e-12	-4.145142925e-12	-3.882525020e-12	-3.533774471e-12	-4.099401442e-12	-3.488560485e-12	-3.796769159e-12	-3.505967869e-12	-3.419232372e-12	-3.732942082e-12	-3.729174249e-12	-3.725557131e-12	-3.719453242e-12	-3.765194725e-12	-3.987722896e-12	-3.860897663e-12	-4.546341699e-12	-4.418084690e-12	-3.861048377e-12	-3.597902975e-12	-4.189377275e-12	-3.589463031e-12	-4.100833218e-12	-3.851327370e-12	-4.064435959e-12	-4.362245417e-12	-4.175134870e-12	-4.474225390e-12	-4.629761504e-12	-4.178149135e-12	-4.085385106e-12	-3.881470027e-12	-4.323662815e-12	-4.086515456e-12	-4.711146679e-12	-4.190206198e-12	-4.093674337e-12	-4.235872325e-12	-4.457872998e-12	-4.354257613e-12	-4.185835513e-12	-3.927136154e-12	-3.913345888e-12	-4.240016940e-12	-4.335945948e-12	-3.999629245e-12	-3.924347958e-12	-4.281086311e-12	-4.186890506e-12	-4.130599093e-12	-4.458852635e-12	-4.100079652e-12	-4.340165920e-12	-4.569476188e-12	-4.470231488e-12	-4.374679263e-12	-4.347776941e-12	-4.243784772e-12	-3.996162840e-12	-4.128187680e-12	-4.471286481e-12	-4.520795796e-12	-4.602708469e-12	-4.446795572e-12	-3.871975090e-12	-4.300679039e-12	-4.194124744e-12	-3.981995791e-12	-4.296459067e-12	-3.742512375e-12	-3.829172516e-12	-4.057729218e-12	-4.117411680e-12	-4.676407266e-12	-4.318463207e-12	-3.991867511e-12	-4.590877475e-12	-4.566386566e-12	-4.396381977e-12	-5.025383886e-12	-4.524865055e-12	-4.485378174e-12	-4.770150932e-12	-5.033371690e-12	-4.902929339e-12	-4.815741702e-12	-4.604215601e-12	-4.901572919e-12	-4.651162791e-12	-4.748598932e-12	-4.640010007e-12	-4.475054313e-12	-4.069861638e-12	-3.622846025e-12	-4.227884520e-12	-4.138436184e-12	-3.718624319e-12	-4.073478757e-12	-3.773257886e-12	-3.908070923e-12	-3.673561046e-12	-3.814628684e-12	-3.667833941e-12	-3.261586272e-12	-3.859239817e-12	-3.817793663e-12	-3.957580238e-12	-4.150568604e-12	-3.920806196e-12	-3.920655482e-12	-3.514332457e-12	-3.979207595e-12	-3.698504095e-12	-4.108218170e-12	-4.119144883e-12	-3.782752823e-12	-4.258931458e-12	-4.118466673e-12	-3.495719366e-12	-3.546283674e-12	-4.049213917e-12	-3.784033886e-12	-3.016074326e-12	-3.589010891e-12	-3.306348119e-12	-3.386000092e-12	-3.736107061e-12	-3.470399533e-12	-3.591271591e-12	-3.257818440e-12	-3.306800259e-12	-3.614933577e-12	-3.753062306e-12	-3.389541854e-12	-3.474845575e-12	-3.814176544e-12	-3.423753771e-12	-3.596621912e-12	-3.081559250e-12	-3.592251227e-12	-3.699333018e-12	-3.607247199e-12	-3.292030357e-12	-3.270101573e-12	-3.596697269e-12	-3.320289098e-12	-3.265052678e-12	-3.243726748e-12	-3.815532964e-12	-3.569493520e-12	-3.632642388e-12	-3.471379170e-12	-2.986233095e-12	-3.052320872e-12	-3.636108794e-12
-4.074759820e-12	-4.128036967e-12	-3.633094528e-12	-4.159385331e-12	-3.933842895e-12	-4.327656717e-12	-4.184102310e-12	-3.869789747e-12	-3.927362224e-12	-3.599862248e-12	-3.536185884e-12	-3.805133747e-12	-3.906337720e-12	-4.268953892e-12	-4.022688378e-12	-4.045822868e-12	-3.684638473e-12	-4.318161780e-12	-4.077924799e-12	-3.690591648e-12	-3.755624432e-12	-4.249210451e-12	-4.488467796e-12	-4.280634171e-12	-4.030525469e-12	-4.110102086e-12	-3.976871539e-12	-3.729927816e-12	-4.072348407e-12	-3.964286979e-12	-4.108368883e-12	-4.163605303e-12	-3.870618671e-12	-4.323964242e-12	-4.315825724e-12	-3.710711872e-12	-3.704306557e-12	-3.997971399e-12	-4.288621976e-12	-3.587579115e-12	-4.191939401e-12	-3.693379843e-12	-4.095708967e-12	-3.665347172e-12	-4.017940910e-12	-3.762858669e-12	-3.609733968e-12	-3.863685859e-12	-3.805962670e-12	-4.396306620e-12	-4.515972971e-12	-4.564578007e-12	-4.122686645e-12	-4.363225053e-12	-3.710787228e-12	-4.226377388e-12	-3.978981525e-12	-3.786068516e-12	-4.479575712e-12	-4.214320325e-12	-4.366465389e-12	-4.425469641e-12	-4.104224267e-12	-3.447566470e-12	-3.447566470e-12	-3.817642950e-12	-3.582605577e-12	-3.927739007e-12	-3.976042616e-12	-4.043863595e-12	-3.898349916e-12	-3.807771229e-12	-4.165187793e-12	-4.127886254e-12	-4.238057667e-12	-4.414919711e-12	-4.428709977e-12	-4.343556969e-12	-4.845281506e-12	-4.343783039e-12	-3.800009495e-12	-3.318932679e-12	4.684621141e-12	-4.089303652e-12	-4.404897278e-12	-4.142128659e-12	-4.292389808e-12	-4.006712770e-12	-4.165187793e-12	-5.350547805e-12	-5.578652367e-12	-5.461623499e-12	-5.578124870e-12	-6.200193968e-12	-5.684151669e-12	-5.711430774e-12	-5.700579417e-12	-6.005623113e-12	-5.778799614e-12	-5.740066299e-12	-5.840365992e-12	-5.730119222e-12	-6.114664177e-12	-6.004794190e-12	-5.943529238e-12	-5.844962747e-12	-5.814141880e-12	-5.800879111e-12	-5.783170299e-12	-6.048124260e-12	-5.710677208e-12	-6.270275647e-12	-5.939384623e-12	-6.008788092e-12	-6.347139424e-12	-6.258067871e-12	-6.166208121e-12	-5.992812483e-12	-6.195973996e-12	-6.349776907e-12	-6.276831675e-12	-6.548869161e-12	-6.345858361e-12	-6.293485493e-12	-6.521213272e-12	-6.342994809e-12	-6.452638726e-12	-6.522494335e-12	-6.532742839e-12	-6.645099595e-12	-6.216094220e-12	-6.399512292e-12	-6.497099146e-12	-6.286778752e-12	-6.588280685e-12	-6.141943282e-12	-6.403807621e-12	-6.382255620e-12	-6.243071899e-12	-6.225589157e-12	-6.242167619e-12	-6.833943345e-12	-6.330410249e-12	-6.274721689e-12	-6.514506531e-12	-6.036519337e-12	-6.114438107e-12	-5.821903614e-12	-6.096804652e-12	-6.018885882e-12	-6.155959618e-12	-6.544875258e-12	-6.320387815e-12	-6.307501829e-12	-6.075780148e-12	-5.723412480e-12	-5.852272342e-12	-6.075780148e-12	-5.803893376e-12	-5.871563643e-12	-6.298986528e-12	-6.280524151e-12	-5.450847498e-12	-5.921751168e-12	-5.803742663e-12	-5.769681460e-12	-6.041492875e-12	-6.266959955e-12	-5.669909263e-12	-6.357538641e-12	-6.554897692e-12	-6.183012653e-12	-5.999368511e-12	-6.356332935e-12	-6.154301772e-12	-6.314359284e-12	-5.905700203e-12	-6.242167619e-12	-5.889875307e-12	-6.115945240e-12	-5.467350604e-12	-5.534418017e-12	-5.711958271e-12	-5.595607612e-12	-5.602841850e-12	-5.474057345e-12	-5.167431160e-12	-5.906529126e-12	-5.464487051e-12	-5.285213595e-12	-5.448511443e-12	-5.650844032e-12	-5.774278215e-12	-5.186119608e-12	-5.291618909e-12	-5.897863112e-12	-5.856115531e-12	-5.565615668e-12	-5.606911109e-12	-6.127399450e-12	-6.054002078e-12	-5.196669538e-12	-5.592291920e-12	-6.003060987e-12	-5.799824118e-12	-5.675636368e-12	-5.709772928e-12	-5.440825065e-12	-5.896958832e-12	-5.875180762e-12	-5.539692982e-12	-5.460417792e-12	-5.530198045e-12	-5.963574105e-12	-5.805551223e-12	-5.617687109e-12	-5.871940426e-12	-5.908563755e-12	-5.769907530e-12	-6.043527505e-12	-5.838934216e-12	-5.840968845e-12	-5.795453432e-12	-6.059729183e-12	-5.660715752e-12	-5.570363136e-12	-5.821150048e-12	-5.904042356e-12	-5.897561685e-12	-5.871262216e-12	-6.100271058e-12	-5.826500370e-12	-5.659359333e-12	-5.926573993e-12	-5.916325489e-12	-5.811504397e-12	-5.774805712e-12	-5.878571811e-12	-5.976460091e-12	-5.713314690e-12	-6.007205602e-12	-5.722508201e-12	-5.737353460e-12	-5.544817234e-12	-5.715876816e-12	-5.823109321e-12	-5.622811360e-12	-5.485586911e-12	-5.771866803e-12	-5.845640957e-12	-5.647754410e-12
-6.140888289e-12	-6.153548205e-12	-6.408555089e-12	-6.306898976e-12	-5.999669938e-12	-5.485511555e-12	-5.880757153e-12	-5.441880058e-12	-5.438036869e-12	-5.826952509e-12	-6.023482637e-12	-6.103586750e-12	-5.686713795e-12	-6.250758276e-12	-5.867419027e-12	-6.279092374e-12	-6.179094108e-12	-5.814066523e-12	-6.047596764e-12	-6.182786583e-12	-6.189191898e-12	-5.638711612e-12	-5.682719893e-12	-5.569232786e-12	-5.589428367e-12	-5.822205041e-12	-5.596135108e-12	-6.042773938e-12	-5.603520060e-12	-5.943303168e-12	-6.317147480e-12	-5.765461488e-12	-5.863274412e-12	-6.491598111e-12	-6.315866417e-12	-6.117603086e-12	-6.061763813e-12	-6.332972375e-12	-5.883545349e-12	-6.016625183e-12	-6.460174390e-12	-5.946468147e-12	-5.982790050e-12	-5.921374385e-12	-5.633285934e-12	-5.995148539e-12	-5.845339531e-12	-6.020694442e-12	-5.701106914e-12	-6.056940987e-12	-5.892738860e-12	-5.729214942e-12	-5.593045486e-12	-5.646322633e-12	-5.622509934e-12	-6.362662893e-12	-6.002458134e-12	-5.757775110e-12	-6.050008176e-12	-5.898616678e-12	-5.541878325e-12	-5.557929290e-12	-5.349266742e-12	-6.082110107e-12	-5.149948418e-12	-5.361851302e-12	-5.491841513e-12	-5.639615892e-12	-5.533965877e-12	-5.664785011e-12	-5.789877041e-12	-5.743683418e-12	-5.918435475e-12	-6.090248624e-12	-6.251210416e-12	-6.004794190e-12	-6.066661995e-12	-6.070957323e-12	-6.153322135e-12	-6.176908765e-12	-5.728612089e-12	-5.724542830e-12	8.375966355e-12	-5.909694105e-12	-6.075026582e-12	-5.419800561e-12	-5.759131530e-12	-5.991079280e-12	-6.469970754e-12	-5.480538016e-12	-5.823109321e-12	-5.556723584e-12	-5.781889236e-12	-5.491012590e-12	-5.966136231e-12	-5.872844706e-12	-5.971938693e-12	-6.091152904e-12	-5.715726103e-12	-5.811579754e-12	-5.697715865e-12	-5.658304340e-12	-5.749485879e-12	-6.208558556e-12	-6.121370918e-12	-6.263870332e-12	-6.343446949e-12	-6.451131593e-12	-6.209538192e-12	-6.269974220e-12	-5.957771644e-12	-5.898692035e-12	-5.805249796e-12	-6.165755982e-12	-6.070354470e-12	-6.266733885e-12	-6.234104458e-12	-6.433874922e-12	-6.345481578e-12	-6.302603647e-12	-6.463414726e-12	-6.404937970e-12	-6.511567622e-12	-6.972147431e-12	-6.966947822e-12	-6.426263900e-12	-7.011031459e-12	-6.828065527e-12	-6.592199231e-12	-6.839971877e-12	-6.314057857e-12	-6.474868936e-12	-5.893944566e-12	-6.191527954e-12	-5.467350604e-12	-6.392504124e-12	-5.678801347e-12	-5.728612089e-12	-5.806455502e-12	-5.730872788e-12	-5.796357712e-12	-5.531855891e-12	-5.012950039e-12	-5.408195638e-12	-5.674129235e-12	-5.297119944e-12	-5.810524761e-12	-5.784677432e-12	-5.491464730e-12	-5.522662380e-12	-5.212193006e-12	-5.484607275e-12	-5.156655160e-12	-5.532081961e-12	-5.937500706e-12	-5.742477711e-12	-6.086857575e-12	-5.799522691e-12	-5.650090466e-12	-5.775634635e-12	-6.318127116e-12	-6.042171085e-12	-6.161385296e-12	-6.159501380e-12	-6.172010583e-12	-6.637111791e-12	-6.560624797e-12	-6.160933156e-12	-6.371705690e-12	-6.001252427e-12	-6.310817522e-12	-6.047672120e-12	-6.079321911e-12	-5.786109208e-12	-5.744436984e-12	-5.679630270e-12	-5.881360007e-12	-5.832604258e-12	-6.081130470e-12	-6.431614222e-12	-6.355277942e-12	-5.864781545e-12	-5.613467137e-12	-5.721754634e-12	-5.118373984e-12	-5.161854768e-12	-5.504953569e-12	-5.350924588e-12	-6.132749771e-12	-6.494235594e-12	-5.555141094e-12	-5.711506131e-12	-5.561320339e-12	-5.423116253e-12	-5.511660310e-12	-5.537432283e-12	-5.462979918e-12	-5.474132702e-12	-5.105714068e-12	-5.288981427e-12	-5.425678379e-12	-5.624845990e-12	-5.413470603e-12	-5.401714967e-12	-5.507741765e-12	-5.375264784e-12	-5.640218745e-12	-5.605931472e-12	-5.489806884e-12	-5.261476252e-12	-5.135103159e-12	-5.186647104e-12	-5.026966375e-12	-5.369613036e-12	-5.429672281e-12	-5.320706574e-12	-5.417690575e-12	-5.570287779e-12	-5.430350491e-12	-5.815724370e-12	-6.004869546e-12	-5.984673966e-12	-5.780683530e-12	-5.747601963e-12	-6.277585242e-12	-6.295143340e-12	-5.933356091e-12	-5.890327447e-12	-6.504107314e-12	-6.136366890e-12	-5.676013151e-12	-6.013610917e-12	-5.530650185e-12	-6.192130807e-12	-5.687768788e-12	-6.226870220e-12	-6.071560176e-12	-6.247894724e-12	-5.970582273e-12	-5.798015558e-12	-5.831097125e-12	-5.665463221e-12	-5.838029936e-12	-6.007582386e-12	-5.776689628e-12	-6.202756094e-12	-6.056865631e-12	-6.365225019e-12	-6.321141382e-12	-5.830644985e-12	-6.619553693e-12
-6.068169127e-12	-6.380522417e-12	-6.504710167e-12	-6.650977413e-12	-6.134106191e-12	-6.157617464e-12	-6.019564092e-12	-6.629123987e-12	-5.794850579e-12	-6.850069667e-12	-6.708248463e-12	-6.339829830e-12	-6.661753413e-12	-6.368013215e-12	-6.563186923e-12	-6.504258027e-12	-6.411192572e-12	-6.385571313e-12	-6.310817522e-12	-6.517671510e-12	-6.414056124e-12	-6.374719956e-12	-6.784509387e-12	-6.472683593e-12	-6.970263515e-12	-7.006434704e-12	-6.812542058e-12	-7.156319069e-12	-6.921658479e-12	-6.715030561e-12	-6.665973386e-12	-6.986841976e-12	-6.950294004e-12	-6.578635035e-12	-6.723018365e-12	-6.708625246e-12	-6.546080965e-12	-6.181505520e-12	-6.313379648e-12	-6.575319343e-12	-6.356031508e-12	-6.077664065e-12	-6.793100044e-12	-7.100479796e-12	-7.265209420e-12	-6.931304130e-12	-7.089100942e-12	-6.508854782e-12	-6.624451875e-12	-6.325738137e-12	-6.770040911e-12	-6.603728797e-12	-6.503203034e-12	-6.650449917e-12	-6.381049914e-12	-6.599810252e-12	-6.124912680e-12	-6.406821886e-12	-7.017888914e-12	-6.355805438e-12	-6.460099034e-12	-6.318503899e-12	-5.964176959e-12	-5.910899811e-12	-5.899596314e-12	-6.156562471e-12	-5.894848846e-12	-5.854005545e-12	-6.387907369e-12	-6.589184965e-12	-6.264774612e-12	-6.166057408e-12	-6.297931535e-12	-6.501093048e-12	-6.257917157e-12	-5.727557096e-12	-6.127550163e-12	-6.160857800e-12	-6.252566836e-12	-6.112328121e-12	-5.839989209e-12	-5.633059864e-12	1.732795890e-11	-4.239489444e-12	-5.715575389e-12	-5.519195975e-12	-5.277225790e-12	-5.524320227e-12	-6.032600791e-12	-6.278489521e-12	-6.506970866e-12	-6.074574442e-12	-6.526262167e-12	-6.226568793e-12	-5.731174215e-12	-6.223177744e-12	-6.199440402e-12	-6.386324879e-12	-6.670946924e-12	-6.499284489e-12	-6.384893103e-12	-6.320613885e-12	-5.979775784e-12	-6.390620208e-12	-5.833885321e-12	-5.648206550e-12	-6.086782219e-12	-5.850840566e-12	-6.189116541e-12	-5.818211139e-12	-6.092132540e-12	-5.823938244e-12	-6.077136568e-12	-6.125590890e-12	-6.144430051e-12	-5.913235867e-12	-6.452638726e-12	-6.350379760e-12	-6.653840966e-12	-6.607195203e-12	-6.723621218e-12	-6.441184516e-12	-6.136065464e-12	-6.114212037e-12	-6.391373774e-12	-6.621739035e-12	-6.016248400e-12	-6.307577186e-12	-6.219711339e-12	-6.022729071e-12	-6.106450303e-12	-6.435155984e-12	-6.174874136e-12	-5.870659363e-12	-6.006376679e-12	-6.385119173e-12	-6.442239509e-12	-6.573962923e-12	-6.108108149e-12	-6.209688905e-12	-5.969451924e-12	-5.820697908e-12	-6.178717324e-12	-6.345933718e-12	-6.515862950e-12	-6.240509773e-12	-5.995073183e-12	-6.449775173e-12	-6.613977301e-12	-6.507573720e-12	-6.260931423e-12	-6.282935563e-12	-6.127173380e-12	-6.253094332e-12	-6.464997216e-12	-6.304638277e-12	-6.577353972e-12	-6.551129860e-12	-6.213758164e-12	-6.177813045e-12	-6.363567173e-12	-6.412925774e-12	-6.362813606e-12	-6.115191673e-12	-5.855964817e-12	-6.207880346e-12	-5.910824454e-12	-6.173216289e-12	-6.545779538e-12	-6.145032904e-12	-6.778104072e-12	-6.437265971e-12	-6.190171534e-12	-6.813898478e-12	-6.382180264e-12	-6.218656346e-12	-5.973596539e-12	-6.018358386e-12	-5.872467923e-12	-5.974576175e-12	-5.839461712e-12	-6.003965267e-12	-6.376754585e-12	-6.032902218e-12	-6.082110107e-12	-5.955887728e-12	-6.166584905e-12	-6.190849744e-12	-5.698921571e-12	-5.814895446e-12	-6.085350442e-12	-6.206297856e-12	-6.150910723e-12	-5.786862775e-12	-6.028908316e-12	-5.972240119e-12	-5.817457572e-12	-5.706080452e-12	-5.537733709e-12	-5.664860368e-12	-5.928608622e-12	-5.468857736e-12	-5.978570078e-12	-6.089193631e-12	-6.150760009e-12	-6.592726727e-12	-6.122802694e-12	-6.124083757e-12	-5.465994184e-12	-6.066812708e-12	-5.189133873e-12	-5.431104058e-12	-5.675862438e-12	-5.583249122e-12	-6.260102500e-12	-5.238341762e-12	-5.729290299e-12	-5.607363248e-12	-6.009767728e-12	-6.211723535e-12	-5.553784674e-12	-5.965684091e-12	-6.182635870e-12	-6.045486778e-12	-5.934938581e-12	-6.486021719e-12	-6.255731815e-12	-6.803800688e-12	-6.187157269e-12	-6.644722812e-12	-6.286778752e-12	-5.799974831e-12	-5.857698020e-12	-5.861917992e-12	-6.208859982e-12	-6.325662781e-12	-5.991832847e-12	-6.270652430e-12	-6.103059254e-12	-6.234104458e-12	-6.295369410e-12	-5.868624734e-12	-6.060708820e-12	-6.070429827e-12	-6.164173492e-12	-6.590013888e-12	-6.297931535e-12	-6.159199954e-12	-6.331389885e-12	-6.588129972e-12	-6.165982052e-12
-6.382481690e-12	-6.787372939e-12	-6.980813445e-12	-6.543744909e-12	-6.497325216e-12	-6.308330752e-12	-6.692875708e-12	-6.753161023e-12	-6.617519063e-12	-6.554144126e-12	-6.605537357e-12	-6.690539652e-12	-6.844794702e-12	-6.224232737e-12	-6.522795762e-12	-6.347666921e-12	-6.440883089e-12	-5.502391443e-12	-5.737202746e-12	-6.303206501e-12	-6.250306136e-12	-5.845565601e-12	-5.609473234e-12	-6.110067422e-12	-6.187307982e-12	-6.161460653e-12	-5.883922132e-12	-6.154452485e-12	-6.179998387e-12	-6.187986192e-12	-6.089495058e-12	-6.244051535e-12	-5.647000843e-12	-5.220180811e-12	-6.091077547e-12	-5.854608398e-12	-6.007883812e-12	-6.337644487e-12	-5.282350042e-12	-5.298099581e-12	-5.839763139e-12	-5.511660310e-12	-5.451902492e-12	-6.162063506e-12	-6.275625969e-12	-5.766139698e-12	-5.978344008e-12	-6.092207897e-12	-5.776312845e-12	-5.495835415e-12	-5.266449790e-12	-6.041040736e-12	-5.972466189e-12	-6.282935563e-12	-5.796508425e-12	-6.206523926e-12	-5.430049065e-12	-5.469083806e-12	-5.593422269e-12	-5.929136119e-12	-5.941419252e-12	-6.418200740e-12	-5.995676036e-12	-6.335911284e-12	-5.829665349e-12	-5.927478273e-12	-5.963423392e-12	-5.745190551e-12	-6.036293267e-12	-6.212401744e-12	-6.095825016e-12	-5.814820090e-12	-5.401112113e-12	-5.603218633e-12	-5.752424788e-12	-5.682493823e-12	-5.572623835e-12	-5.730345292e-12	-6.422043928e-12	-6.123631618e-12	-5.549489346e-12	-5.813312957e-12	-5.551976115e-12	-9.497951430e-13	-6.006075253e-12	-5.698620144e-12	-5.518065625e-12	-5.857170524e-12	-6.325436711e-12	-6.330334892e-12	-5.986557882e-12	-6.310892878e-12	-6.150307870e-12	-6.569140098e-12	-6.385571313e-12	-6.191603311e-12	-5.679404200e-12	-5.785129572e-12	-6.180073744e-12	-5.963498749e-12	-5.700579417e-12	-6.204037157e-12	-6.064175225e-12	-6.080829044e-12	-6.028380819e-12	-5.823486104e-12	-6.048651757e-12	-6.203358947e-12	-6.024311561e-12	-5.845942384e-12	-6.766499149e-12	-6.327395983e-12	-6.120918778e-12	-5.894170636e-12	-6.743063233e-12	-5.915270496e-12	-5.831172482e-12	-5.892211363e-12	-5.970205490e-12	-5.674129235e-12	-5.975857238e-12	-6.265377465e-12	-6.371554977e-12	-5.861239783e-12	-6.069299477e-12	-6.449549104e-12	-6.172312010e-12	-5.749561236e-12	-6.098763925e-12	-6.722415512e-12	-6.764389163e-12	-5.971712623e-12	-6.246764374e-12	-6.121823058e-12	-6.995734060e-12	-6.518048293e-12	-6.339980543e-12	-6.480068544e-12	-6.760395261e-12	-6.574490420e-12	-6.340960179e-12	-6.625431511e-12	-6.452638726e-12	-6.517294727e-12	-6.712091652e-12	-6.467257915e-12	-6.262363199e-12	-6.582779650e-12	-6.140812932e-12	-6.126419813e-12	-6.338925550e-12	-5.887539251e-12	-6.069676260e-12	-5.954832735e-12	-5.614823556e-12	-5.790705964e-12	-5.935918217e-12	-5.747149823e-12	-5.703292256e-12	-5.983543616e-12	-5.813086887e-12	-5.845038104e-12	-6.017680176e-12	-6.055885994e-12	-5.930040399e-12	-5.609247165e-12	-5.790630607e-12	-5.981056847e-12	-5.527033066e-12	-6.061537743e-12	-5.709622215e-12	-5.782266020e-12	-5.877215391e-12	-5.966060875e-12	-5.905926273e-12	-5.627634186e-12	-5.081599942e-12	-5.142412754e-12	-5.188983160e-12	-5.685357375e-12	-5.774278215e-12	-5.599827584e-12	-5.824917880e-12	-5.979775784e-12	-5.884072846e-12	-5.728838159e-12	-6.166660261e-12	-5.635471277e-12	-5.721603921e-12	-5.640595528e-12	-5.918209406e-12	-5.786712062e-12	-6.047672120e-12	-5.967643364e-12	-5.501185737e-12	-5.362303442e-12	-5.602540423e-12	-5.371044812e-12	-5.853101265e-12	-5.819416845e-12	-5.969828707e-12	-5.452957485e-12	-5.490786520e-12	-5.135555299e-12	-5.411586687e-12	-5.168787579e-12	-5.547454716e-12	-6.069902330e-12	-6.541182783e-12	-5.977816511e-12	-5.872995419e-12	-6.005547756e-12	-5.914140147e-12	-5.914516930e-12	-6.227020933e-12	-5.774202859e-12	-6.339377690e-12	-6.045109994e-12	-5.950838832e-12	-6.004342050e-12	-6.147142891e-12	-5.448586799e-12	-5.395083582e-12	-5.706306522e-12	-6.217978136e-12	-5.770133600e-12	-5.803516593e-12	-6.285648402e-12	-6.230487339e-12	-6.184293716e-12	-6.482630670e-12	-6.936202311e-12	-6.234933381e-12	-6.537791734e-12	-5.870734720e-12	-5.725597823e-12	-5.777141768e-12	-5.975329742e-12	-5.594100479e-12	-5.838406719e-12	-6.013761630e-12	-5.731400285e-12	-5.890704230e-12	-6.126344457e-12	-5.574507752e-12	-5.780683530e-12	-5.459136729e-12	-5.956565937e-12	-6.201324318e-12	-5.744663054e-12	-5.660640396e-12
-5.679554914e-12	-5.753630495e-12	-6.391825914e-12	-6.223629884e-12	-6.372986753e-12	-5.776388201e-12	-6.581347874e-12	-6.168544177e-12	-6.240208346e-12	-5.727858522e-12	-6.166057408e-12	-5.783245656e-12	-6.324984571e-12	-6.714729134e-12	-5.811805824e-12	-5.858225517e-12	-5.642554801e-12	-5.953551672e-12	-6.181806947e-12	-6.587753189e-12	-5.957018077e-12	-6.028606889e-12	-5.642931584e-12	-5.578727724e-12	-5.563581038e-12	-5.678575277e-12	-5.662222885e-12	-5.916626916e-12	-5.534870157e-12	-6.214361017e-12	-6.030189379e-12	-5.695078382e-12	-5.962368399e-12	-5.860561573e-12	-5.883620706e-12	-6.091981827e-12	-5.749259809e-12	-5.874427195e-12	-5.953853098e-12	-5.637958046e-12	-6.097482862e-12	-6.544724545e-12	-6.456707985e-12	-6.264623899e-12	-6.158672457e-12	-6.022352288e-12	-5.652727948e-12	-5.952722749e-12	-5.915119783e-12	-5.732907418e-12	-5.713390047e-12	-5.941343895e-12	-6.258595367e-12	-5.995902106e-12	-5.821677544e-12	-6.327772767e-12	-6.169825240e-12	-6.113307757e-12	-5.651145459e-12	-5.998765658e-12	-5.796809852e-12	-5.744436984e-12	-5.749862663e-12	-5.428315862e-12	-5.639314466e-12	-5.823636817e-12	-6.041040736e-12	-6.291074081e-12	-5.993792120e-12	-5.693345179e-12	-6.175703059e-12	-5.834262104e-12	-6.280976291e-12	-6.008788092e-12	-5.521004534e-12	-5.556346800e-12	-6.018584456e-12	-5.780156033e-12	-5.862520846e-12	-5.678876704e-12	-5.323570127e-12	-5.955661658e-12	-5.690783053e-12	1.010329135e-11	-5.976083308e-12	-6.066209855e-12	-5.838406719e-12	-5.330502938e-12	-5.713314690e-12	-5.838029936e-12	-5.493499359e-12	-5.892889573e-12	-6.149102163e-12	-6.196124709e-12	-6.249025073e-12	-5.892136007e-12	-6.082788316e-12	-6.442088796e-12	-5.534794800e-12	-6.028531533e-12	-5.503823219e-12	-5.580988423e-12	-5.456423890e-12	-5.934185014e-12	-5.894095279e-12	-6.157466751e-12	-5.949482413e-12	-6.075930862e-12	-5.693194466e-12	-6.287532319e-12	-5.985126106e-12	-5.791308817e-12	-6.199967898e-12	-6.112704904e-12	-6.182786583e-12	-6.014138414e-12	-5.972390833e-12	-6.304261494e-12	-5.731174215e-12	-5.800803754e-12	-5.879099307e-12	-6.031545798e-12	-5.626955976e-12	-5.967869434e-12	-5.497870044e-12	-5.731023501e-12	-5.728461376e-12	-5.187852810e-12	-5.866740818e-12	-5.885127839e-12	-5.219954741e-12	-5.214378349e-12	-5.605027192e-12	-5.938706413e-12	-5.579330577e-12	-5.821828258e-12	-5.903213433e-12	-5.868323307e-12	-5.947523140e-12	-5.343388924e-12	-5.354315637e-12	-5.800728397e-12	-5.628237039e-12	-5.753479781e-12	-5.629744172e-12	-5.592065850e-12	-5.722056061e-12	-5.767722187e-12	-4.943395857e-12	-5.920168678e-12	-5.889799951e-12	-5.435474743e-12	-6.147368960e-12	-6.078643701e-12	-6.343145522e-12	-6.234255171e-12	-5.819642915e-12	-5.596964032e-12	-5.952270609e-12	-6.328827760e-12	-5.756192621e-12	-5.995223896e-12	-6.045411421e-12	-6.174572709e-12	-5.896958832e-12	-6.257691087e-12	-6.002382777e-12	-5.894321349e-12	-5.541878325e-12	-5.731174215e-12	-6.104114247e-12	-5.686035585e-12	-5.846997377e-12	-5.989346078e-12	-5.541576898e-12	-5.458006380e-12	-5.967568007e-12	-5.961916259e-12	-5.495835415e-12	-5.768701824e-12	-5.275794014e-12	-5.547304003e-12	-5.710300424e-12	-5.674656732e-12	-5.831473908e-12	-5.948653490e-12	-6.201399674e-12	-5.951893826e-12	-6.148574667e-12	-5.594854045e-12	-6.049631393e-12	-6.263418192e-12	-6.067038778e-12	-5.888368174e-12	-6.146992177e-12	-6.597549553e-12	-6.371253550e-12	-5.864178692e-12	-5.643006941e-12	-5.503823219e-12	-5.965382665e-12	-6.058222050e-12	-5.873146132e-12	-5.816101153e-12	-6.411795425e-12	-6.062668092e-12	-5.885278552e-12	-6.157316037e-12	-6.044507141e-12	-5.819492202e-12	-6.376377802e-12	-6.043602861e-12	-6.050987813e-12	-6.172387366e-12	-5.756720117e-12	-5.881586077e-12	-5.463733485e-12	-5.321460140e-12	-5.925292930e-12	-5.499301821e-12	-5.514147080e-12	-5.988969294e-12	-5.634265570e-12	-5.503145010e-12	-5.491766156e-12	-5.659510046e-12	-5.626202409e-12	-5.715047893e-12	-5.828158216e-12	-5.361549875e-12	-5.519271331e-12	-5.667121067e-12	-5.549263276e-12	-5.761166159e-12	-5.540446548e-12	-5.798693768e-12	-6.329279899e-12	-6.373363536e-12	-6.513752964e-12	-6.399964432e-12	-6.251361129e-12	-6.353921522e-12	-5.927553629e-12	-5.713239333e-12	-5.857019811e-12	-5.611357151e-12	-5.936822497e-12	-5.874653265e-12	-5.823184677e-12	-5.846319167e-12	-5.790329180e-12
-5.861315139e-12	-6.055810638e-12	-6.281428430e-12	-6.161083870e-12	-6.742309666e-12	-6.070580540e-12	-6.653916322e-12	-5.874577909e-12	-6.160631730e-12	-6.531461776e-12	-6.160556373e-12	-6.231843759e-12	-6.005020260e-12	-6.185273352e-12	-6.003513127e-12	-6.269748151e-12	-5.900048454e-12	-5.945413154e-12	-5.793343446e-12	-6.171709157e-12	-5.225757202e-12	-5.626353123e-12	-5.921223671e-12	-6.038553966e-12	-6.091981827e-12	-6.280750221e-12	-6.218957772e-12	-6.406143676e-12	-6.266507815e-12	-5.973445826e-12	-5.748054103e-12	-5.713088620e-12	-5.576240954e-12	-5.341354295e-12	-5.921148315e-12	-6.308556822e-12	-6.079547981e-12	-5.750314802e-12	-6.081281184e-12	-6.092433967e-12	-6.175552345e-12	-6.149554303e-12	-6.097256792e-12	-5.908036259e-12	-6.396045886e-12	-6.253847899e-12	-5.844133824e-12	-5.758905460e-12	-5.961238049e-12	-5.800879111e-12	-5.964101602e-12	-5.887689965e-12	-5.723789264e-12	-5.287926434e-12	-5.787465628e-12	-5.492670436e-12	-5.571418129e-12	-5.561772479e-12	-5.684528452e-12	-5.581515919e-12	-5.736524537e-12	-5.800426971e-12	-5.783773152e-12	-5.707436872e-12	-5.566369234e-12	-5.267806210e-12	-5.614974269e-12	-5.495081849e-12	-5.290940700e-12	-5.785280285e-12	-5.802687670e-12	-5.919867252e-12	-5.650844032e-12	-6.172085940e-12	-5.600129011e-12	-5.716479669e-12	-5.899144175e-12	-5.598094381e-12	-5.962820539e-12	-5.903740930e-12	-5.654762578e-12	-6.204338583e-12	-5.448210016e-12	1.662842317e-11	-5.447230380e-12	-5.496815051e-12	-5.297044588e-12	-5.103378012e-12	-5.591387640e-12	-5.500206100e-12	-5.611733934e-12	-5.492369009e-12	-5.883394636e-12	-5.548208283e-12	-5.364564141e-12	-5.879250021e-12	-5.433289400e-12	-5.621379584e-12	-5.899747028e-12	-5.996655672e-12	-5.452882128e-12	-6.204790723e-12	-6.465750782e-12	-6.034484707e-12	-5.710149711e-12	-5.687844144e-12	-6.229281633e-12	-6.462510446e-12	-6.252491479e-12	-5.605705402e-12	-5.971863336e-12	-5.672094606e-12	-5.798919838e-12	-5.696284089e-12	-6.091002191e-12	-5.639540535e-12	-5.501863947e-12	-5.318747301e-12	-5.795076649e-12	-5.989270721e-12	-6.255882528e-12	-5.982940763e-12	-6.723696575e-12	-5.909241965e-12	-5.843757041e-12	-6.054152792e-12	-6.462811873e-12	-5.737353460e-12	-5.788294551e-12	-6.137195813e-12	-6.310214668e-12	-5.896582049e-12	-5.747451250e-12	-5.767194691e-12	-6.105093883e-12	-6.208407842e-12	-6.402375844e-12	-5.970883700e-12	-5.903439503e-12	-6.175401632e-12	-5.582646269e-12	-5.737504173e-12	-5.991305350e-12	-5.656269710e-12	-6.264849969e-12	-5.659660759e-12	-5.709320788e-12	-5.999067085e-12	-5.829966775e-12	-5.701257627e-12	-5.601937570e-12	-5.518291695e-12	-5.609322521e-12	-5.745416621e-12	-5.535774436e-12	-5.935993574e-12	-5.796131642e-12	-5.680308480e-12	-5.408798491e-12	-5.882113573e-12	-5.855286608e-12	-5.936671783e-12	-5.755363698e-12	-5.835015670e-12	-5.909995531e-12	-6.027627253e-12	-6.056488848e-12	-5.995751392e-12	-6.255957885e-12	-6.287984458e-12	-5.848353796e-12	-5.738634523e-12	-5.781211026e-12	-6.217902779e-12	-6.134332261e-12	-5.916400846e-12	-5.987462162e-12	-5.955134161e-12	-6.271104570e-12	-6.194542220e-12	-6.349249410e-12	-5.680835976e-12	-6.123104121e-12	-5.792665236e-12	-5.685658802e-12	-5.957696287e-12	-6.062442022e-12	-5.460568506e-12	-5.994244260e-12	-5.556346800e-12	-5.507289625e-12	-5.527409849e-12	-5.841044202e-12	-5.766893264e-12	-6.098537855e-12	-6.292581214e-12	-6.191075814e-12	-6.083918666e-12	-6.083994023e-12	-5.833734607e-12	-6.182033017e-12	-5.900123811e-12	-5.747074467e-12	-5.909091252e-12	-5.333893987e-12	-6.067490918e-12	-5.737127390e-12	-5.580536283e-12	-6.118658079e-12	-6.296801186e-12	-6.131016569e-12	-6.069977687e-12	-6.310591452e-12	-6.413302558e-12	-6.352640459e-12	-6.409384012e-12	-6.087611142e-12	-5.902610580e-12	-6.423927845e-12	-6.347290137e-12	-6.350605830e-12	-6.451809803e-12	-6.138250807e-12	-6.409384012e-12	-5.843229545e-12	-6.156788541e-12	-6.398909439e-12	-5.959504847e-12	-5.680308480e-12	-5.772318942e-12	-5.792288453e-12	-6.182409800e-12	-5.619269598e-12	-5.844284538e-12	-5.576391668e-12	-6.251963983e-12	-6.241715479e-12	-6.066285211e-12	-6.013535560e-12	-6.154603198e-12	-5.696133375e-12	-5.765612201e-12	-6.370273914e-12	-5.698996928e-12	-5.679554914e-12	-6.421215005e-12	-6.647737078e-12	-6.243750108e-12	-5.665689291e-12	-5.436303666e-12	-5.817382216e-12
-5.587167668e-12	-5.580762353e-12	-5.414751666e-12	-5.496815051e-12	-5.319274798e-12	-5.602163640e-12	-5.441955414e-12	-5.542029038e-12	-5.472248785e-12	-5.800276257e-12	-5.740895222e-12	-6.084144736e-12	-5.963649462e-12	-5.746697683e-12	-5.951441686e-12	-5.768626467e-12	-5.474886268e-12	-5.762522579e-12	-5.525978073e-12	-5.858074804e-12	-5.671416396e-12	-5.941343895e-12	-6.303131144e-12	-5.930266469e-12	-6.246990444e-12	-5.878948594e-12	-6.376980655e-12	-5.546776507e-12	-5.596436535e-12	-5.737504173e-12	-5.872241853e-12	-6.395895173e-12	-5.912331587e-12	-5.603821486e-12	-6.123933044e-12	-6.041492875e-12	-5.829288565e-12	-5.858828370e-12	-5.539090129e-12	-5.510982101e-12	-5.851744845e-12	-6.083843309e-12	-5.639691249e-12	-6.034710777e-12	-5.777593908e-12	-5.772092873e-12	-6.016625183e-12	-5.841496342e-12	-5.210233734e-12	-5.368331973e-12	-5.199080950e-12	-5.569006717e-12	-5.428165149e-12	-5.715575389e-12	-5.455896394e-12	-5.547379360e-12	-5.395158938e-12	-6.001629211e-12	-5.534719443e-12	-5.510529961e-12	-5.251001678e-12	-5.588825514e-12	-5.622057794e-12	-5.688522354e-12	-5.753329068e-12	-6.210668542e-12	-5.761392229e-12	-5.894472063e-12	-6.037951113e-12	-5.869001517e-12	-5.648357263e-12	-5.597566885e-12	-5.958600567e-12	-5.793117376e-12	-6.388133439e-12	-6.099517491e-12	-5.850011643e-12	-5.803064453e-12	-5.576467024e-12	-6.057769911e-12	-6.076910498e-12	-6.442767006e-12	-6.201851814e-12	-4.929002738e-12	-5.749259809e-12	-5.939836762e-12	-6.000574218e-12	-6.414734334e-12	-6.136894387e-12	-6.068395197e-12	-5.920696175e-12	-6.073896232e-12	-5.532609457e-12	-5.791987027e-12	-5.348362462e-12	-5.707512228e-12	-5.378957260e-12	-5.818663279e-12	-6.017906246e-12	-5.962745182e-12	-5.895225629e-12	-5.988743224e-12	-6.156713184e-12	-6.136517604e-12	-6.381878837e-12	-5.827856789e-12	-5.665086438e-12	-6.258896794e-12	-5.878195028e-12	-6.065682358e-12	-5.997409239e-12	-5.486039051e-12	-5.216714405e-12	-6.483384237e-12	-5.737579530e-12	-5.615275696e-12	-5.672622102e-12	-5.632381654e-12	-5.984900036e-12	-5.559134996e-12	-5.850840566e-12	-5.556723584e-12	-6.306672906e-12	-5.811202971e-12	-5.506008562e-12	-5.827932146e-12	-6.087686498e-12	-5.613994633e-12	-5.761166159e-12	-4.739103994e-12	-5.109105117e-12	-5.770736453e-12	-5.954305238e-12	-5.202095216e-12	-5.290940700e-12	-5.006544725e-12	-5.473153065e-12	-5.617084256e-12	-5.409325988e-12	-5.860410859e-12	-5.716781096e-12	-5.449114296e-12	-5.486415835e-12	-5.612939640e-12	-6.100271058e-12	-6.138929016e-12	-5.835769237e-12	-6.670193358e-12	-5.487696897e-12	-6.085877939e-12	-6.097558219e-12	-5.876311111e-12	-6.035841127e-12	-5.507741765e-12	-5.883997489e-12	-5.553860031e-12	-6.455125495e-12	-5.752650858e-12	-5.895225629e-12	-6.180224457e-12	-5.860636929e-12	-5.848579866e-12	-5.720850355e-12	-5.671943892e-12	-5.473303778e-12	-5.433515470e-12	-5.500884310e-12	-5.616406046e-12	-5.548585066e-12	-5.649864396e-12	-4.968263549e-12	-5.275191161e-12	-5.437283303e-12	-4.948520109e-12	-5.382046882e-12	-5.444216114e-12	-5.402694603e-12	-5.426431946e-12	-5.749787306e-12	-5.502994296e-12	-5.712184340e-12	-5.530348758e-12	-5.787767055e-12	-5.442332198e-12	-5.323720840e-12	-5.361625232e-12	-5.521758101e-12	-5.222441510e-12	-5.575638101e-12	-5.421383051e-12	-5.643835864e-12	-5.124628586e-12	-5.644966214e-12	-5.958374497e-12	-5.824013600e-12	-5.666744284e-12	-5.936822497e-12	-5.840667419e-12	-5.408421708e-12	-5.563731751e-12	-5.829816062e-12	-6.146389324e-12	-5.702990830e-12	-5.780984957e-12	-5.324399050e-12	-5.234875356e-12	-5.865459755e-12	-5.866213321e-12	-6.144279338e-12	-5.999368511e-12	-6.159878163e-12	-5.472851639e-12	-5.899747028e-12	-5.758604033e-12	-6.267562808e-12	-6.321141382e-12	-6.320915312e-12	-5.865987251e-12	-5.979248287e-12	-5.789650971e-12	-5.976686161e-12	-6.112102051e-12	-6.399210865e-12	-5.692440900e-12	-6.147293604e-12	-6.162364933e-12	-6.279770584e-12	-6.433874922e-12	-6.499435202e-12	-6.512697971e-12	-6.967399962e-12	-6.536058531e-12	-6.309913242e-12	-6.395593746e-12	-5.939610693e-12	-6.401094781e-12	-6.297780822e-12	-6.001327784e-12	-5.999293155e-12	-6.175401632e-12	-5.934034301e-12	-5.970431560e-12	-5.982036483e-12	-5.564862101e-12	-6.204941437e-12	-6.076006218e-12	-5.400810687e-12	-6.263493549e-12	-6.022276931e-12	-5.970808343e-12	-5.794549153e-12
-6.054604931e-12	-6.198460765e-12	-6.154452485e-12	-5.993716763e-12	-5.851895559e-12	-5.571041346e-12	-5.293050686e-12	-5.814066523e-12	-5.445497177e-12	-5.839160286e-12	-6.106073519e-12	-5.742402355e-12	-6.120541995e-12	-5.933582161e-12	-6.268693158e-12	-6.558288741e-12	-6.182560513e-12	-6.681647568e-12	-6.360477550e-12	-5.755439054e-12	-5.776312845e-12	-5.363358435e-12	-5.692290186e-12	-6.154979982e-12	-6.049179253e-12	-6.345632291e-12	-5.919189042e-12	-5.968623001e-12	-5.986934665e-12	-6.294088347e-12	-6.224458807e-12	-6.115342387e-12	-5.985427532e-12	-6.269898864e-12	-5.972842973e-12	-5.887162468e-12	-6.588054615e-12	-6.313907144e-12	-5.770585740e-12	-5.934561797e-12	-6.414357551e-12	-6.694684267e-12	-6.232145185e-12	-6.574490420e-12	-6.818344520e-12	-5.906227699e-12	-5.802160174e-12	-5.954983448e-12	-6.218957772e-12	-6.293636207e-12	-5.806003362e-12	-6.407349383e-12	-5.807736565e-12	-6.210819255e-12	-6.233727675e-12	-6.391750557e-12	-6.663109833e-12	-6.406897243e-12	-6.307049689e-12	-6.498756992e-12	-6.444349495e-12	-5.977665798e-12	-6.350229047e-12	-6.319558892e-12	-5.932527168e-12	-5.649186186e-12	-5.751068369e-12	-5.839009573e-12	-6.214888514e-12	-5.998539588e-12	-5.706231166e-12	-5.794775222e-12	-5.942097462e-12	-6.104867813e-12	-5.912783727e-12	-6.310817522e-12	-6.582553580e-12	-6.665370532e-12	-6.304261494e-12	-6.377282082e-12	-6.117226303e-12	-6.016474470e-12	-5.847750943e-12	-4.290355178e-12	-5.688371641e-12	-5.709622215e-12	-6.051666022e-12	-6.243900822e-12	-6.242167619e-12	-6.157466751e-12	-6.259499647e-12	-6.085124372e-12	-5.733208844e-12	-6.130865855e-12	-5.816101153e-12	-5.972315476e-12	-5.909769461e-12	-5.863726552e-12	-6.115493100e-12	-5.878421097e-12	-6.410891145e-12	-6.286628039e-12	-6.597474196e-12	-6.174120569e-12	-6.356332935e-12	-6.272008850e-12	-5.678876704e-12	-6.119411645e-12	-5.868700090e-12	-5.844058468e-12	-5.988065015e-12	-6.045938917e-12	-6.679462225e-12	-6.822564492e-12	-6.712242365e-12	-6.698150673e-12	-6.308255396e-12	-6.858283541e-12	-6.564543343e-12	-6.125063394e-12	-6.474416796e-12	-6.742083596e-12	-6.193788653e-12	-6.631384686e-12	-6.709378813e-12	-6.461078670e-12	-6.548492377e-12	-6.724525498e-12	-6.755120296e-12	-6.167715254e-12	-6.091002191e-12	-6.092358610e-12	-6.054680288e-12	-6.001403141e-12	-6.353017242e-12	-6.059729183e-12	-6.779611205e-12	-6.382858473e-12	-6.661301274e-12	-6.900257192e-12	-6.546985244e-12	-6.781495121e-12	-6.477280349e-12	-6.247141157e-12	-6.521590055e-12	-6.245257241e-12	-6.482329244e-12	-6.942306200e-12	-6.331314529e-12	-6.640126057e-12	-7.040948047e-12	-6.396874809e-12	-6.697095680e-12	-6.137195813e-12	-5.995902106e-12	-5.974274749e-12	-6.377658865e-12	-6.464545076e-12	-7.009147543e-12	-6.188815115e-12	-6.662356267e-12	-6.559117664e-12	-6.539826363e-12	-6.698527456e-12	-6.499133775e-12	-6.540806000e-12	-6.832662282e-12	-6.471628600e-12	-6.502374111e-12	-6.918644213e-12	-6.411569355e-12	-7.068151795e-12	-7.097691600e-12	-6.696794253e-12	-6.788880072e-12	-6.742912519e-12	-6.820303793e-12	-6.738089694e-12	-6.622567959e-12	-6.494160237e-12	-7.103494062e-12	-6.491145971e-12	-6.298006892e-12	-6.222951675e-12	-6.548643091e-12	-6.473587873e-12	-6.498154139e-12	-6.455502278e-12	-6.293937633e-12	-6.258746081e-12	-6.331013102e-12	-5.712787194e-12	-5.730269935e-12	-6.392127341e-12	-6.282181997e-12	-6.300418305e-12	-6.905908941e-12	-6.281428430e-12	-6.310214668e-12	-6.398758725e-12	-5.818211139e-12	-6.034710777e-12	-6.464092936e-12	-6.293636207e-12	-6.501695901e-12	-5.995223896e-12	-5.870810076e-12	-6.067716988e-12	-5.878571811e-12	-6.091303617e-12	-5.630045598e-12	-5.990099644e-12	-6.241489409e-12	-6.360402193e-12	-6.541032070e-12	-6.304336850e-12	-6.525810027e-12	-6.135462611e-12	-6.087987925e-12	-6.478561412e-12	-6.020845155e-12	-6.198912905e-12	-6.156261044e-12	-5.651974382e-12	-6.231391619e-12	-6.111197771e-12	-5.966211588e-12	-6.323100655e-12	-6.415487900e-12	-6.429428880e-12	-6.417296460e-12	-6.609681972e-12	-6.523775398e-12	-6.033052931e-12	-6.113684541e-12	-6.285799116e-12	-6.310290025e-12	-5.967266581e-12	-5.843229545e-12	-5.916024063e-12	-6.049405323e-12	-6.166735618e-12	-6.065380932e-12	-5.423040897e-12	-6.285346976e-12	-5.468405597e-12	-5.672697459e-12	-5.873522916e-12	-6.128228373e-12	-6.759792408e-12	-6.195898639e-12
-6.651203483e-12	-6.062743449e-12	-6.434025635e-12	-6.999200466e-12	-6.574490420e-12	-6.416768963e-12	-6.067490918e-12	-6.392956264e-12	-5.978042581e-12	-5.551222549e-12	-6.268241018e-12	-6.383536683e-12	-6.298609745e-12	-6.413830054e-12	-6.583231790e-12	-6.319784962e-12	-6.628068994e-12	-6.719928743e-12	-6.844342562e-12	-7.028740271e-12	-6.302377577e-12	-6.357463284e-12	-6.302226864e-12	-6.659115931e-12	-6.538696014e-12	-6.725806561e-12	-6.455803705e-12	-6.272159563e-12	-6.620834756e-12	-6.203132877e-12	-6.166132765e-12	-6.062969519e-12	-6.072690526e-12	-5.724015334e-12	-6.670871567e-12	-6.353318669e-12	-6.160028877e-12	-6.017755532e-12	-6.035841127e-12	-6.112780261e-12	-6.687073246e-12	-6.540353860e-12	-6.956623962e-12	-6.126645883e-12	-6.744118226e-12	-6.804855681e-12	-6.427846390e-12	-6.201625744e-12	-6.309611815e-12	-6.484213160e-12	-6.442239509e-12	-6.216244933e-12	-5.923559727e-12	-5.815724370e-12	-6.059352400e-12	-6.469066474e-12	-6.102757827e-12	-6.193336513e-12	-6.561152294e-12	-6.433422782e-12	-6.494084880e-12	-6.702144575e-12	-6.562056573e-12	-6.709002029e-12	-7.148557335e-12	-7.033412382e-12	-6.720004099e-12	-6.517596153e-12	-6.131091925e-12	-5.896129909e-12	-5.927628986e-12	-6.306898976e-12	-6.184670499e-12	-6.993548718e-12	-6.557384461e-12	-6.834018702e-12	-6.658287008e-12	-6.896414003e-12	-6.346837998e-12	-6.435532768e-12	-6.335534501e-12	-6.264247116e-12	-6.005246330e-12	-5.469837373e-12	4.395326984e-12	-5.993189267e-12	-6.029661882e-12	-6.434477775e-12	-6.248346864e-12	-6.440581663e-12	-6.845548269e-12	-6.331389885e-12	-6.012028428e-12	-6.639824630e-12	-6.241112626e-12	-6.316469270e-12	-6.095523589e-12	-6.279092374e-12	-6.626486504e-12	-6.273440626e-12	-6.694608910e-12	-6.233953745e-12	-5.923785797e-12	-5.982865406e-12	-6.373815676e-12	-6.018659812e-12	-6.560775510e-12	-6.458064404e-12	-5.986331812e-12	-5.724994970e-12	-5.606685039e-12	-5.895828482e-12	-5.721528564e-12	-5.871714356e-12	-5.992435700e-12	-5.327187245e-12	-6.044808568e-12	-5.760111166e-12	-5.605856116e-12	-5.285364308e-12	-5.807736565e-12	-5.197799887e-12	-6.133880121e-12	-5.404503162e-12	-5.685282018e-12	-5.806756929e-12	-5.782944229e-12	-5.484531918e-12	-5.904042356e-12	-6.057393127e-12	-6.095749659e-12	-5.918209406e-12	-5.903665573e-12	-6.218656346e-12	-6.261911060e-12	-6.410363649e-12	-6.608476266e-12	-6.376528515e-12	-6.047295337e-12	-6.371404264e-12	-6.121823058e-12	-6.066586638e-12	-5.480311946e-12	-5.556798940e-12	-5.407517428e-12	-5.998162805e-12	-6.061160960e-12	-6.140963646e-12	-6.209613549e-12	-6.799580716e-12	-6.750222114e-12	-7.221954706e-12	-6.749769974e-12	-6.457160125e-12	-6.420084656e-12	-6.179244821e-12	-6.074875869e-12	-6.613826588e-12	-6.082034750e-12	-6.842835429e-12	-5.869604370e-12	-5.765235418e-12	-5.822205041e-12	-6.050535673e-12	-6.205845716e-12	-6.198083982e-12	-6.164098135e-12	-6.500264125e-12	-6.174346639e-12	-6.254224682e-12	-6.585567846e-12	-6.717517330e-12	-6.522343622e-12	-6.740953246e-12	-6.912163542e-12	-6.469367901e-12	-6.402827984e-12	-7.039742341e-12	-6.654293106e-12	-6.744570365e-12	-6.174723422e-12	-6.051213883e-12	-6.252039339e-12	-6.372609970e-12	-6.644421385e-12	-6.098236428e-12	-5.966588371e-12	-5.907358049e-12	-5.748807669e-12	-5.956716651e-12	-6.086932932e-12	-6.259424290e-12	-6.273139200e-12	-6.421591789e-12	-6.698150673e-12	-6.613826588e-12	-6.377282082e-12	-6.722114085e-12	-6.709152743e-12	-6.764539876e-12	-6.725655848e-12	-6.853385360e-12	-6.598152406e-12	-7.127382118e-12	-6.862202087e-12	-6.609154476e-12	-6.763786310e-12	-6.361683256e-12	-6.712393078e-12	-6.833340492e-12	-6.073745519e-12	-6.750372827e-12	-6.669515148e-12	-6.738541834e-12	-6.300945801e-12	-6.527015734e-12	-6.379618138e-12	-6.566804042e-12	-6.471703957e-12	-6.282408067e-12	-6.417673243e-12	-6.657081302e-12	-6.638844994e-12	-6.790085778e-12	-7.008544690e-12	-7.561587101e-12	-6.971318508e-12	-6.963707487e-12	-7.124593922e-12	-6.957000745e-12	-6.895359010e-12	-6.585191063e-12	-6.611189105e-12	-6.383988823e-12	-6.051892092e-12	-6.312776794e-12	-5.694550886e-12	-5.812634747e-12	-6.030490805e-12	-6.054981715e-12	-6.169749884e-12	-6.102230331e-12	-6.308858249e-12	-6.652258476e-12	-6.624075091e-12	-6.951424354e-12	-6.478184628e-12	-6.015796260e-12	-6.261760346e-12	-6.311194305e-12	-6.200570751e-12
-5.933431448e-12	-6.687299316e-12	-6.469292544e-12	-6.369143564e-12	-6.711714869e-12	-6.335534501e-12	-6.115945240e-12	-5.956339868e-12	-6.537716377e-12	-6.261308206e-12	-6.817892380e-12	-6.519027929e-12	-6.073594806e-12	-6.410288292e-12	-6.881568744e-12	-6.493331314e-12	-6.574113636e-12	-6.270577074e-12	-6.439978810e-12	-6.487980992e-12	-6.255355032e-12	-6.817590954e-12	-6.378713858e-12	-6.268391731e-12	-6.028079393e-12	-5.799296621e-12	-6.120918778e-12	-5.704648676e-12	-5.695078382e-12	-5.160046209e-12	-5.312568056e-12	-5.392295386e-12	-5.727029599e-12	-5.636375556e-12	-5.474132702e-12	-5.478804813e-12	-5.735168117e-12	-5.373833008e-12	-5.538261206e-12	-5.722056061e-12	-5.653255445e-12	-5.068940026e-12	-5.287926434e-12	-5.833433181e-12	-5.666819641e-12	-6.238023003e-12	-5.509399611e-12	-6.047370694e-12	-5.978494721e-12	-6.163269212e-12	-6.040136456e-12	-5.895903839e-12	-6.393483760e-12	-6.141340429e-12	-6.037423617e-12	-5.732003138e-12	-5.847524873e-12	-5.994394973e-12	-5.417163079e-12	-6.075704792e-12	-6.144882191e-12	-5.750390159e-12	-5.435173317e-12	-5.554764311e-12	-6.003814553e-12	-5.926573993e-12	-6.013761630e-12	-5.850162356e-12	-6.076609072e-12	-5.363433791e-12	-5.647754410e-12	-5.883168566e-12	-5.755062271e-12	-5.168712223e-12	-5.604951836e-12	-5.279561846e-12	-6.211497465e-12	-6.096503226e-12	-5.973445826e-12	-5.626503836e-12	-5.984975392e-12	-5.328619022e-12	-5.633888787e-12	-5.271046546e-12	3.274939470e-11	-5.394857512e-12	-6.126419813e-12	-5.768852537e-12	-5.673149599e-12	-5.386794351e-12	-5.466370967e-12	-5.551222549e-12	-5.373833008e-12	-5.536980143e-12	-5.298551721e-12	-5.711204704e-12	-5.997333882e-12	-5.833659251e-12	-5.656571137e-12	-6.140360793e-12	-6.032148652e-12	-6.121898415e-12	-5.857773377e-12	-5.929738972e-12	-5.850086999e-12	-5.980830777e-12	-5.913009797e-12	-5.704121180e-12	-5.690707697e-12	-6.056639561e-12	-6.070053044e-12	-6.482027817e-12	-6.431162082e-12	-6.149855730e-12	-6.474567509e-12	-6.210969968e-12	-6.051816736e-12	-6.448343397e-12	-5.991606777e-12	-6.242619759e-12	-6.671700490e-12	-6.251436486e-12	-6.487152069e-12	-6.247141157e-12	-6.236365157e-12	-5.928457909e-12	-6.440958446e-12	-5.957620930e-12	-6.810808856e-12	-5.908865182e-12	-5.767270047e-12	-6.152342499e-12	-6.045637491e-12	-6.376980655e-12	-6.448343397e-12	-6.238776570e-12	-6.345406221e-12	-6.331842025e-12	-5.984372539e-12	-6.327622053e-12	-6.409836152e-12	-6.373815676e-12	-6.324457074e-12	-6.262137129e-12	-6.251813269e-12	-6.425585691e-12	-6.489638838e-12	-6.265904962e-12	-6.082034750e-12	-6.468840404e-12	-6.215265297e-12	-6.166886331e-12	-6.541936349e-12	-6.543292769e-12	-6.976442759e-12	-6.630405049e-12	-6.477807845e-12	-6.904326451e-12	-6.696342113e-12	-6.600563818e-12	-6.322874585e-12	-6.360854333e-12	-6.245483311e-12	-6.250381493e-12	-6.788578646e-12	-6.216546360e-12	-6.056639561e-12	-6.231090192e-12	-6.110594918e-12	-6.118432009e-12	-5.893115643e-12	-6.300719731e-12	-6.140888289e-12	-5.965910161e-12	-6.398080516e-12	-6.644572099e-12	-6.261684990e-12	-6.094242526e-12	-6.188212262e-12	-5.645870494e-12	-6.505086950e-12	-6.622567959e-12	-6.656478448e-12	-5.920470105e-12	-5.956867364e-12	-6.358518277e-12	-5.961464119e-12	-6.419858586e-12	-5.735243474e-12	-6.205921073e-12	-6.435231341e-12	-6.343145522e-12	-6.601242028e-12	-6.292656570e-12	-6.253546472e-12	-6.081055114e-12	-6.401320851e-12	-5.998238162e-12	-6.412096851e-12	-6.505991230e-12	-6.690087512e-12	-6.522795762e-12	-6.865442423e-12	-7.110728299e-12	-6.485343509e-12	-7.279602539e-12	-6.795360744e-12	-6.354222949e-12	-6.741330030e-12	-6.928440577e-12	-6.561679790e-12	-5.949331700e-12	-6.120994135e-12	-6.669816574e-12	-5.647452983e-12	-6.097106079e-12	-6.075252652e-12	-6.182183730e-12	-5.348965316e-12	-6.057167057e-12	-5.742025572e-12	-5.299983497e-12	-5.871036146e-12	-5.110838320e-12	-5.194710265e-12	-5.909543391e-12	-6.030566162e-12	-6.112026694e-12	-5.927855056e-12	-5.839763139e-12	-5.824164314e-12	-6.310440738e-12	-6.291827647e-12	-6.415940040e-12	-6.450378027e-12	-6.439451313e-12	-6.114136680e-12	-6.246915087e-12	-5.888518888e-12	-5.732229208e-12	-5.840893489e-12	-5.830795698e-12	-6.034936847e-12	-6.055961351e-12	-6.454145859e-12	-6.247819367e-12	-5.983242189e-12	-6.165982052e-12	-6.202982164e-12	-6.338699480e-12	-6.487152069e-12
-6.763560240e-12	-6.921055626e-12	-7.198594146e-12	-7.363248414e-12	-6.939442647e-12	-6.582779650e-12	-6.626863287e-12	-6.670645497e-12	-6.655574169e-12	-6.737712911e-12	-6.825804828e-12	-6.837711178e-12	-6.802594981e-12	-6.800108212e-12	-6.982094508e-12	-7.098897306e-12	-6.801313918e-12	-7.109296523e-12	-6.825503401e-12	-6.911183906e-12	-6.917061724e-12	-6.465826139e-12	-6.618046560e-12	-7.163101167e-12	-7.201985195e-12	-7.211404776e-12	-7.084353474e-12	-6.445103062e-12	-6.536812097e-12	-7.133938146e-12	-7.128587824e-12	-7.159257978e-12	-6.881719458e-12	-6.984807347e-12	-7.156695852e-12	-6.757531708e-12	-6.094694666e-12	-6.662808406e-12	-6.624527231e-12	-6.138552233e-12	-6.648415287e-12	-6.732513302e-12	-7.212459769e-12	-6.942909053e-12	-7.468973786e-12	-6.784735457e-12	-6.711790225e-12	-6.923090255e-12	-6.831758003e-12	-6.687299316e-12	-6.480143901e-12	-5.817382216e-12	-6.043301435e-12	-6.071334106e-12	-5.791308817e-12	-6.479767118e-12	-6.639221777e-12	-6.341789102e-12	-6.434929915e-12	-6.565749049e-12	-7.091663068e-12	-6.690313582e-12	-6.920151346e-12	-6.790613275e-12	-6.268919227e-12	-6.558966951e-12	-6.683305414e-12	-6.142922918e-12	-6.018283029e-12	-6.255807171e-12	-6.179395534e-12	-5.959278777e-12	-5.889573881e-12	-5.581968059e-12	-6.049405323e-12	-6.048953183e-12	-5.971637266e-12	-5.822280398e-12	-6.035238274e-12	-5.911502664e-12	-6.108937072e-12	-6.005095616e-12	-6.167413828e-12	-5.716328956e-12	5.145977123e-11	-6.268693158e-12	-6.263794976e-12	-6.389791285e-12	-6.627692210e-12	-6.691670001e-12	-6.165831338e-12	-6.442390222e-12	-6.107429939e-12	-6.049857463e-12	-6.391072348e-12	-6.449850530e-12	-6.349324767e-12	-6.326416347e-12	-6.885185863e-12	-7.263551574e-12	-6.935147318e-12	-7.020677110e-12	-7.070939991e-12	-7.214117615e-12	-6.971996717e-12	-6.460701887e-12	-6.457009411e-12	-6.260328570e-12	-6.626863287e-12	-6.707344183e-12	-5.809997265e-12	-5.834337461e-12	-6.541258139e-12	-6.478938195e-12	-6.722415512e-12	-6.962878564e-12	-6.562960853e-12	-6.345556935e-12	-6.063120232e-12	-5.980378637e-12	-6.185800849e-12	-6.093488960e-12	-6.302000794e-12	-6.456707985e-12	-6.798450366e-12	-6.654293106e-12	-6.444575565e-12	-6.366129298e-12	-6.439978810e-12	-6.887597276e-12	-5.814141880e-12	-6.470121467e-12	-6.706590617e-12	-6.000272791e-12	-5.856040174e-12	-6.250155423e-12	-6.722641582e-12	-6.339302333e-12	-6.765971652e-12	-6.477807845e-12	-6.889029052e-12	-6.697171036e-12	-6.605763427e-12	-6.694759624e-12	-6.787297583e-12	-6.704782057e-12	-6.930927346e-12	-6.368842138e-12	-6.227849856e-12	-6.420612152e-12	-6.775918729e-12	-6.591973161e-12	-6.650675987e-12	-6.946752242e-12	-7.144563433e-12	-6.229583059e-12	-6.554671622e-12	-6.603201301e-12	-6.751277107e-12	-6.464319006e-12	-6.069676260e-12	-5.964704455e-12	-6.045411421e-12	-5.946543504e-12	-6.218053493e-12	-6.627315427e-12	-6.406369746e-12	-7.068830005e-12	-6.824448408e-12	-6.697020323e-12	-6.490769188e-12	-6.762655960e-12	-6.473738586e-12	-6.745323932e-12	-6.832360856e-12	-6.629726840e-12	-6.054002078e-12	-6.025441910e-12	-6.186403702e-12	-6.106525659e-12	-6.332294165e-12	-6.264548542e-12	-6.248799003e-12	-5.910523028e-12	-6.045712847e-12	-6.205845716e-12	-5.760563306e-12	-5.855964817e-12	-6.375172096e-12	-6.131694778e-12	-6.113383114e-12	-5.970280847e-12	-6.301247228e-12	-6.155281408e-12	-5.530499471e-12	-5.309327721e-12	-5.883771419e-12	-5.816779363e-12	-5.994621043e-12	-5.909844818e-12	-5.813312957e-12	-6.195295786e-12	-5.673903165e-12	-5.487018688e-12	-5.581063780e-12	-5.654235081e-12	-5.623263500e-12	-5.676314578e-12	-5.624167780e-12	-6.054002078e-12	-6.013535560e-12	-5.853930188e-12	-5.811655111e-12	-5.959881630e-12	-6.374192459e-12	-5.970280847e-12	-5.550619695e-12	-5.725823893e-12	-5.428391219e-12	-5.217392615e-12	-6.013008064e-12	-6.208181772e-12	-5.886258188e-12	-5.664257515e-12	-6.081884037e-12	-6.381049914e-12	-6.256485381e-12	-6.555048405e-12	-5.937274637e-12	-6.171935226e-12	-6.648942784e-12	-6.022352288e-12	-5.753329068e-12	-6.128831226e-12	-6.192884374e-12	-6.575093273e-12	-6.230185912e-12	-6.808774226e-12	-6.197556485e-12	-6.585492490e-12	-6.014590553e-12	-5.712787194e-12	-5.938178916e-12	-6.132975841e-12	-6.354147592e-12	-5.716328956e-12	-5.712636480e-12	-5.392898239e-12	-5.955360231e-12	-5.893869210e-12	-5.396515358e-12
-6.910656409e-12	-7.357973449e-12	-8.149293569e-12	-7.632723773e-12	-7.223386482e-12	-7.615467102e-12	-7.303490595e-12	-7.085709893e-12	-7.534006570e-12	-7.724960306e-12	-7.677711690e-12	-7.493841478e-12	-7.341696414e-12	-7.718253565e-12	-7.779669230e-12	-7.596100444e-12	-7.228284664e-12	-7.139439181e-12	-7.990215693e-12	-7.880496419e-12	-8.344844061e-12	-8.335499837e-12	-8.037690379e-12	-7.779593873e-12	-7.420067324e-12	-8.407314719e-12	-7.922846853e-12	-7.731968474e-12	-7.847942349e-12	-7.572438458e-12	-7.737469509e-12	-7.570855969e-12	-7.339285001e-12	-7.627599522e-12	-7.358802372e-12	-7.644177983e-12	-7.840708111e-12	-7.804386209e-12	-7.323610819e-12	-7.620289927e-12	-7.606876444e-12	-7.233258203e-12	-7.313362315e-12	-7.560079968e-12	-7.569348836e-12	-7.358727015e-12	-7.571082039e-12	-7.776127467e-12	-7.678389900e-12	-7.331824693e-12	-7.849072699e-12	-7.628202375e-12	-7.599491493e-12	-7.798357677e-12	-7.125121418e-12	-7.546365059e-12	-7.587886570e-12	-7.393541785e-12	-7.620515997e-12	-8.009733064e-12	-8.027065092e-12	-7.477564443e-12	-7.166868999e-12	-7.697229061e-12	-7.387061113e-12	-7.456992079e-12	-7.984488588e-12	-7.584269451e-12	-7.895492392e-12	-7.834453510e-12	-7.558422122e-12	-7.892025986e-12	-7.992627106e-12	-7.661359298e-12	-7.338230008e-12	-7.808304754e-12	-7.204924105e-12	-7.382916498e-12	-7.448250709e-12	-7.160011545e-12	-6.321216739e-12	-6.844719345e-12	-7.300476329e-12	-6.696191400e-12	-7.340038568e-12	-7.248329532e-12	-7.108166173e-12	-6.922788829e-12	-7.413888079e-12	-7.254960916e-12	-7.290906036e-12	-6.910957836e-12	-7.511173506e-12	-7.507179604e-12	-7.414340219e-12	-7.384574344e-12	-7.190304916e-12	-6.777802645e-12	-7.126477838e-12	-7.168526845e-12	-7.377038680e-12	-7.451114261e-12	-7.196634874e-12	-6.679386868e-12	-6.635152518e-12	-7.152325167e-12	-6.938161584e-12	-7.420444107e-12	-6.972750284e-12	-6.394161970e-12	-6.959864298e-12	-7.006811487e-12	-7.074104970e-12	-7.005982564e-12	-7.040948047e-12	-6.830476940e-12	-6.496647006e-12	-6.435683481e-12	-6.564694056e-12	-6.700788155e-12	-6.964611766e-12	-6.981868438e-12	-7.185482090e-12	-7.079229222e-12	-7.181563545e-12	-7.400248526e-12	-7.509138877e-12	-7.470405562e-12	-7.248028105e-12	-6.945923319e-12	-7.090758789e-12	-6.980436662e-12	-7.162121531e-12	-7.057752579e-12	-6.644948882e-12	-5.969828707e-12	-7.280280749e-12	-6.892420101e-12	-7.097465530e-12	-7.215021895e-12	-7.352397057e-12	-7.387061113e-12	-7.453450317e-12	-6.814199905e-12	-7.346594596e-12	-7.497684667e-12	-7.831514601e-12	-7.493992192e-12	-7.630990571e-12	-7.720966404e-12	-7.484421898e-12	-7.164759013e-12	-7.402886009e-12	-7.731290264e-12	-7.610568920e-12	-7.398816750e-12	-7.209671573e-12	-7.452922820e-12	-7.967005847e-12	-7.850429118e-12	-6.532968909e-12	-7.169506482e-12	-7.629784864e-12	-7.370784078e-12	-7.489169366e-12	-7.443051100e-12	-7.709813620e-12	-7.315321588e-12	-7.253001644e-12	-7.216453671e-12	-7.451415688e-12	-7.895190965e-12	-7.928573958e-12	-7.265962986e-12	-7.289022119e-12	-7.340942847e-12	-7.684343075e-12	-7.611322486e-12	-7.544104360e-12	-7.927217539e-12	-7.428507268e-12	-7.528882318e-12	-7.317431574e-12	-7.535589059e-12	-8.331355221e-12	-8.088932897e-12	-8.072203722e-12	-8.329471305e-12	-7.824581789e-12	-8.035505036e-12	-8.003403106e-12	-7.584796948e-12	-7.874015748e-12	-7.868816140e-12	-8.029099722e-12	-8.399402271e-12	-8.023447973e-12	-8.043266771e-12	-8.029099722e-12	-7.926765399e-12	-8.305583249e-12	-8.037841092e-12	-7.239588161e-12	-7.658646459e-12	-7.942439581e-12	-8.482746720e-12	-7.741161984e-12	-7.835433146e-12	-7.606348948e-12	-6.544724545e-12	-8.066099834e-12	-6.967927459e-12	-7.192791685e-12	-7.202738762e-12	-6.932208409e-12	-7.124593922e-12	-6.951575067e-12	-7.326022232e-12	-7.746135523e-12	-7.596778654e-12	-7.196785587e-12	-7.496026821e-12	-7.530841591e-12	-7.469576639e-12	-7.645308333e-12	-7.670025312e-12	-8.154568534e-12	-7.322405113e-12	-7.414867715e-12	-7.102740495e-12	-7.129793530e-12	-6.800258925e-12	-7.393767855e-12	-7.178247853e-12	-7.105453334e-12	-6.525810027e-12	-6.510663342e-12	-6.562433356e-12	-6.466052209e-12	-6.478561412e-12	-6.705234197e-12	-6.644873525e-12	-7.043284103e-12	-7.205828384e-12	-7.264757280e-12	-7.103644775e-12	-7.092491991e-12	-7.043886956e-12	-7.053231180e-12	-7.153304803e-12	-7.010202536e-12
-7.202814119e-12	-7.548927185e-12	-7.135294565e-12	-7.784190628e-12	-7.639355158e-12	-7.913879413e-12	-7.829856755e-12	-7.250288804e-12	-8.035278967e-12	-7.351794204e-12	-7.128060328e-12	-7.488340443e-12	-7.606951801e-12	-7.612904976e-12	-7.514263129e-12	-7.493841478e-12	-7.351643491e-12	-7.890594210e-12	-7.140042034e-12	-7.392411435e-12	-7.119695740e-12	-7.743724110e-12	-7.453299604e-12	-7.739353425e-12	-7.470480919e-12	-7.759925789e-12	-7.928950742e-12	-7.593236892e-12	-7.669799242e-12	-7.464226317e-12	-7.408839184e-12	-7.813805789e-12	-7.423835156e-12	-7.801447300e-12	-8.105888142e-12	-8.095941065e-12	-8.001669903e-12	-7.731667047e-12	-7.519914877e-12	-7.367393029e-12	-7.098219096e-12	-7.654878627e-12	-7.277718623e-12	-7.787581677e-12	-7.902500560e-12	-8.023447973e-12	-7.675978487e-12	-7.638375522e-12	-7.367393029e-12	-7.663846067e-12	-7.857211216e-12	-7.831665314e-12	-7.886223524e-12	-7.569122766e-12	-7.249083098e-12	-7.282089308e-12	-7.167396496e-12	-7.381258652e-12	-7.794288419e-12	-7.600772556e-12	-7.867233650e-12	-7.918325455e-12	-8.228870185e-12	-7.859547272e-12	-7.703332949e-12	-7.888333510e-12	-7.928724672e-12	-7.741990907e-12	-7.732345257e-12	-7.771982852e-12	-7.490977926e-12	-7.787054181e-12	-7.784793481e-12	-7.767160027e-12	-7.733777033e-12	-7.652617927e-12	-8.148690716e-12	-8.022920477e-12	-7.990140337e-12	-7.691501956e-12	-7.930457875e-12	-7.268600469e-12	-8.168509513e-12	-8.423817824e-12	-7.745909453e-12	3.033700245e-11	-7.724583523e-12	-7.734229173e-12	-7.793459495e-12	-7.588640137e-12	-7.545310066e-12	-8.003177036e-12	-7.775599971e-12	-7.765878964e-12	-8.232788731e-12	-7.653070067e-12	-8.199330381e-12	-8.442054132e-12	-7.861431188e-12	-8.133242604e-12	-8.102949233e-12	-7.576507717e-12	-7.463698821e-12	-7.835659216e-12	-7.938521035e-12	-6.835073695e-12	-7.299044553e-12	-7.102212999e-12	-7.183296748e-12	-7.459930988e-12	-7.183598174e-12	-7.791726293e-12	-8.028346155e-12	-7.564224584e-12	-7.657290039e-12	-7.322555826e-12	-7.311252329e-12	-7.939500672e-12	-7.664750347e-12	-7.943796001e-12	-7.884942461e-12	-7.605670738e-12	-7.664825704e-12	-7.673190291e-12	-7.315472302e-12	-6.698376743e-12	-6.882397668e-12	-7.111858649e-12	-6.971619934e-12	-7.239437448e-12	-6.868833472e-12	-6.775617303e-12	-6.724676211e-12	-7.066795376e-12	-6.979381669e-12	-7.068377865e-12	-7.289549616e-12	-7.212685839e-12	-7.497533954e-12	-7.307710567e-12	-6.992267655e-12	-7.441242541e-12	-7.625338822e-12	-7.065288243e-12	-6.980210592e-12	-7.118414677e-12	-7.090758789e-12	-7.712451103e-12	-7.455635660e-12	-7.533931213e-12	-7.334688246e-12	-7.709738264e-12	-7.483366905e-12	-8.025105820e-12	-7.484874038e-12	-7.782758852e-12	-7.955702350e-12	-8.048089596e-12	-7.883510685e-12	-7.941761371e-12	-7.803707999e-12	-7.744628390e-12	-8.166324171e-12	-7.448476778e-12	-7.407407407e-12	-7.430466541e-12	-7.716445005e-12	-7.956606630e-12	-8.231432311e-12	-7.758946152e-12	-7.717575355e-12	-7.593689032e-12	-7.293392805e-12	-7.887806014e-12	-7.256166623e-12	-7.371613001e-12	-7.663544641e-12	-7.444935016e-12	-7.473419828e-12	-7.427753701e-12	-7.272820441e-12	-7.768365733e-12	-7.215624748e-12	-7.235971042e-12	-7.575075941e-12	-7.721795327e-12	-7.849374125e-12	-8.228719472e-12	-7.562717451e-12	-7.407181337e-12	-7.671080305e-12	-7.967834770e-12	-7.359631295e-12	-7.323460106e-12	-7.338305365e-12	-7.435967576e-12	-7.679068110e-12	-7.802276223e-12	-7.549077898e-12	-7.728803495e-12	-7.531444444e-12	-7.071015348e-12	-7.487134737e-12	-7.303641308e-12	-7.306128078e-12	-7.297612777e-12	-7.397837114e-12	-7.199498426e-12	-7.260989448e-12	-7.358199519e-12	-7.673717788e-12	-7.861807972e-12	-7.392185365e-12	-7.354280973e-12	-7.428582624e-12	-7.338079295e-12	-7.284877504e-12	-7.036351292e-12	-6.843287569e-12	-7.301908106e-12	-6.788201862e-12	-7.414114149e-12	-7.191887405e-12	-7.287891770e-12	-7.791650936e-12	-7.745231243e-12	-7.821567524e-12	-7.648850095e-12	-6.992192298e-12	-7.576733787e-12	-7.853744811e-12	-7.892478126e-12	-7.568369199e-12	-7.428582624e-12	-7.633628053e-12	-7.419012331e-12	-8.095639638e-12	-8.209654241e-12	-7.858266209e-12	-7.705216865e-12	-7.584570878e-12	-7.108241530e-12	-7.416148778e-12	-6.947731878e-12	-7.079153865e-12	-7.436269002e-12	-7.042681250e-12	-7.101082649e-12	-7.159031908e-12	-7.563697087e-12	-7.484045115e-12
-6.599584182e-12	-6.625657581e-12	-7.094677334e-12	-7.068528579e-12	-6.670720854e-12	-6.877876269e-12	-7.058882928e-12	-7.133787432e-12	-6.968228885e-12	-6.899654339e-12	-7.015025361e-12	-7.227531098e-12	-6.864688856e-12	-7.450134625e-12	-6.691519288e-12	-7.119092887e-12	-7.135671349e-12	-7.261516944e-12	-6.856550339e-12	-6.722490869e-12	-6.866346702e-12	-7.565204220e-12	-7.106206901e-12	-6.960467151e-12	-7.418484834e-12	-7.140117391e-12	-7.410120247e-12	-7.420368750e-12	-7.478393366e-12	-7.499493227e-12	-6.579463958e-12	-6.774411596e-12	-7.028514201e-12	-7.465733450e-12	-7.191812048e-12	-7.058581502e-12	-7.157976915e-12	-7.137404551e-12	-6.665822672e-12	-7.383293281e-12	-7.174103237e-12	-6.817967737e-12	-6.680969358e-12	-6.584738923e-12	-6.375247452e-12	-6.687600742e-12	-6.036519337e-12	-6.355428655e-12	-6.978477389e-12	-6.843438283e-12	-6.645401022e-12	-6.062818806e-12	-5.978042581e-12	-5.753102998e-12	-6.517822223e-12	-6.560624797e-12	-6.867024912e-12	-7.077420663e-12	-6.683606840e-12	-6.920829556e-12	-6.637940714e-12	-6.581875371e-12	-6.428223173e-12	-6.475999286e-12	-6.203886444e-12	-6.561303007e-12	-6.369746417e-12	-6.448418754e-12	-6.997994760e-12	-6.056488848e-12	-6.100949268e-12	-6.710961302e-12	-7.025047795e-12	-7.087895236e-12	-7.257673755e-12	-6.892194031e-12	-7.185256020e-12	-7.301531322e-12	-7.247274539e-12	-7.428884051e-12	-7.362118064e-12	-7.525943409e-12	-7.318561924e-12	-7.166266146e-12	-7.013819655e-12	6.151068972e-11	-6.848336464e-12	-7.298893840e-12	-6.934167682e-12	-6.812768128e-12	-7.417881981e-12	-6.866874199e-12	-6.939141221e-12	-7.043811599e-12	-7.956832700e-12	-7.437700778e-12	-7.207184804e-12	-7.305977364e-12	-7.548701115e-12	-7.741990907e-12	-7.638224808e-12	-7.558346766e-12	-7.322329756e-12	-7.262044441e-12	-7.086388103e-12	-7.207787657e-12	-7.123388216e-12	-7.564752080e-12	-7.845681650e-12	-7.760453285e-12	-7.644027270e-12	-7.386533617e-12	-7.548776472e-12	-7.911468000e-12	-7.190907769e-12	-7.830308894e-12	-7.472741618e-12	-7.068830005e-12	-6.878102339e-12	-7.432350457e-12	-7.461136695e-12	-7.151797670e-12	-7.263099434e-12	-7.298818483e-12	-7.103494062e-12	-7.291282819e-12	-7.548324332e-12	-7.374175127e-12	-7.171390398e-12	-7.778689593e-12	-7.323384749e-12	-7.697304417e-12	-7.279225756e-12	-7.042831963e-12	-8.080945093e-12	-7.532122653e-12	-7.445010373e-12	-7.678163830e-12	-8.120205904e-12	-7.370181225e-12	-7.727070292e-12	-7.538527968e-12	-7.636491606e-12	-7.543124724e-12	-7.857060503e-12	-7.762487915e-12	-7.441393254e-12	-6.882774451e-12	-6.880287682e-12	-7.733023467e-12	-7.389849309e-12	-7.476509450e-12	-7.227380385e-12	-6.927913081e-12	-6.882246954e-12	-6.763409526e-12	-7.157600132e-12	-6.622040462e-12	-7.790746656e-12	-7.639656585e-12	-7.959846966e-12	-7.911166574e-12	-7.490224359e-12	-7.856382293e-12	-7.218639014e-12	-7.739278068e-12	-7.760528642e-12	-7.461890261e-12	-7.254358063e-12	-7.342223910e-12	-7.282013952e-12	-7.526320192e-12	-7.372667994e-12	-7.489696863e-12	-7.569725619e-12	-7.507707101e-12	-7.245541336e-12	-7.470179492e-12	-7.393843211e-12	-7.592181899e-12	-7.310574120e-12	-7.395651771e-12	-7.401906372e-12	-6.913218535e-12	-7.348704582e-12	-7.463322037e-12	-7.368146596e-12	-6.985184130e-12	-7.161217251e-12	-7.364680190e-12	-7.088573446e-12	-7.615768529e-12	-7.468144863e-12	-7.483366905e-12	-7.802954433e-12	-7.599717563e-12	-8.405355446e-12	-7.475680527e-12	-7.816895412e-12	-7.537096192e-12	-7.978912197e-12	-7.907398741e-12	-7.495423968e-12	-7.530766234e-12	-8.476492118e-12	-8.069415526e-12	-8.008753428e-12	-7.924730770e-12	-7.606348948e-12	-8.056228114e-12	-8.006794155e-12	-7.833549230e-12	-8.015008029e-12	-7.785999188e-12	-8.551547336e-12	-8.204228563e-12	-8.024352253e-12	-7.894286685e-12	-8.232638018e-12	-8.255320367e-12	-7.480352639e-12	-7.429939044e-12	-7.693611942e-12	-7.862561538e-12	-7.271313308e-12	-7.793534852e-12	-7.749601929e-12	-7.486381170e-12	-7.824205006e-12	-7.799940167e-12	-7.299647406e-12	-7.468672359e-12	-7.723453173e-12	-7.471309842e-12	-7.944097427e-12	-7.621118850e-12	-8.102044953e-12	-7.060013278e-12	-7.729029565e-12	-7.518935241e-12	-7.936184979e-12	-7.040269837e-12	-8.069189456e-12	-7.822471803e-12	-7.762261845e-12	-7.828424978e-12	-7.906193035e-12	-7.760905425e-12	-8.107470632e-12	-7.579069843e-12	-7.863164391e-12
-7.770400362e-12	-7.932191077e-12	-8.245900787e-12	-8.179360870e-12	-7.877632867e-12	-7.451491044e-12	-8.002197400e-12	-7.361289141e-12	-7.388266820e-12	-7.589092276e-12	-7.588414067e-12	-7.174027880e-12	-7.717198572e-12	-7.238533168e-12	-7.607780724e-12	-7.857814070e-12	-8.038594659e-12	-7.804762992e-12	-7.472138765e-12	-7.330618987e-12	-7.450511408e-12	-7.782758852e-12	-7.752314768e-12	-7.264681923e-12	-7.859622629e-12	-7.764070404e-12	-7.973260448e-12	-8.405958299e-12	-7.577788780e-12	-7.809887244e-12	-8.231281598e-12	-7.939576028e-12	-7.752842264e-12	-7.501301786e-12	-7.891799916e-12	-7.800241593e-12	-7.424362652e-12	-7.805064419e-12	-7.830308894e-12	-7.387287183e-12	-7.879818210e-12	-8.340548732e-12	-8.354037571e-12	-7.728954208e-12	-7.607027158e-12	-7.384875771e-12	-7.688261620e-12	-7.998128141e-12	-7.537246905e-12	-7.792253789e-12	-7.390753589e-12	-7.525039129e-12	-7.185632804e-12	-7.107789390e-12	-7.459930988e-12	-7.294749224e-12	-7.949899889e-12	-7.729783131e-12	-8.001217763e-12	-8.157055303e-12	-8.009506994e-12	-7.531519800e-12	-7.507254961e-12	-7.776654964e-12	-7.347875659e-12	-7.729180278e-12	-7.470782345e-12	-7.383443995e-12	-7.479373003e-12	-7.224290762e-12	-7.564450654e-12	-7.360837001e-12	-7.071768914e-12	-7.080736355e-12	-7.668894963e-12	-7.318185141e-12	-7.406578484e-12	-8.072128366e-12	-7.784265985e-12	-8.051405288e-12	-7.461287408e-12	-7.560607465e-12	-7.240191014e-12	-7.744402320e-12	-7.363399127e-12	-5.732907418e-12	-7.515845618e-12	-7.290378539e-12	-7.267017979e-12	-8.077780114e-12	-7.524059493e-12	-7.498061450e-12	-7.905288755e-12	-7.537849758e-12	-7.667312473e-12	-8.093303583e-12	-7.224064692e-12	-7.653220781e-12	-6.996939767e-12	-6.895132940e-12	-7.495574681e-12	-7.574699157e-12	-7.403488862e-12	-7.235443545e-12	-7.827143915e-12	-7.889162434e-12	-7.488039017e-12	-7.070713921e-12	-7.562416024e-12	-7.469425926e-12	-7.682685229e-12	-7.024972438e-12	-7.115927908e-12	-7.418936974e-12	-7.362042708e-12	-7.312458036e-12	-7.369653729e-12	-7.184427097e-12	-7.342902120e-12	-7.365961253e-12	-7.510043157e-12	-7.446291436e-12	-7.789314880e-12	-7.407332051e-12	-7.642821564e-12	-8.015158743e-12	-7.653522207e-12	-7.309443770e-12	-7.555709283e-12	-7.257146259e-12	-7.575377367e-12	-7.881400699e-12	-7.395802484e-12	-7.294899938e-12	-7.668894963e-12	-7.629483438e-12	-7.129567460e-12	-7.558497479e-12	-7.287741056e-12	-7.366187323e-12	-7.830911748e-12	-7.370407295e-12	-7.660153592e-12	-7.206808021e-12	-7.544631856e-12	-7.731214907e-12	-8.059167023e-12	-7.328282931e-12	-7.281637168e-12	-7.597909004e-12	-7.325871518e-12	-7.281109672e-12	-7.142152020e-12	-7.436419715e-12	-7.620591354e-12	-7.351040638e-12	-7.097239460e-12	-7.381936862e-12	-7.165286510e-12	-6.991664802e-12	-7.171917894e-12	-7.565957787e-12	-7.347046735e-12	-7.634230906e-12	-7.799337314e-12	-7.471008415e-12	-7.795268055e-12	-7.695571215e-12	-7.467843436e-12	-7.840934181e-12	-7.351492777e-12	-7.392788218e-12	-7.260235881e-12	-7.174178594e-12	-6.969736018e-12	-7.120750733e-12	-7.123162146e-12	-7.070111068e-12	-7.363926624e-12	-7.490977926e-12	-7.297009924e-12	-7.564526010e-12	-7.449757841e-12	-7.358727015e-12	-7.618782794e-12	-7.839954545e-12	-7.905966965e-12	-7.615391745e-12	-7.550509675e-12	-7.851634825e-12	-7.677787047e-12	-7.575452724e-12	-7.346067099e-12	-7.158655125e-12	-7.286987490e-12	-7.306730931e-12	-6.812391345e-12	-6.857228548e-12	-6.964385696e-12	-6.744344295e-12	-7.245918119e-12	-6.835827261e-12	-7.151496244e-12	-6.674337973e-12	-7.712978599e-12	-7.563018878e-12	-7.594517955e-12	-7.951482378e-12	-7.884791748e-12	-8.170920926e-12	-7.574322374e-12	-7.988256421e-12	-7.753897257e-12	-7.406503128e-12	-7.321877616e-12	-8.155171387e-12	-7.678239187e-12	-7.768215020e-12	-8.059769876e-12	-7.231675713e-12	-7.499191800e-12	-7.191284552e-12	-7.690070180e-12	-7.709361481e-12	-7.635361256e-12	-7.270559742e-12	-7.315773728e-12	-7.435289366e-12	-7.346971379e-12	-7.766481817e-12	-7.495122541e-12	-7.627072025e-12	-7.386156834e-12	-7.411778093e-12	-7.116229334e-12	-6.858961751e-12	-7.111934006e-12	-7.210425140e-12	-7.609664640e-12	-7.163176524e-12	-7.042605893e-12	-6.557309105e-12	-6.427017467e-12	-7.105679404e-12	-7.232127853e-12	-6.753311736e-12	-6.928515934e-12	-7.609739997e-12	-7.353753477e-12	-7.178926062e-12	-7.261366231e-12
-6.427997103e-12	-6.957377528e-12	-6.959864298e-12	-7.044791236e-12	-6.495064517e-12	-6.716989834e-12	-6.845623625e-12	-6.999954032e-12	-6.866497416e-12	-7.162347601e-12	-7.239437448e-12	-7.269278679e-12	-7.528580891e-12	-7.592558682e-12	-7.796775188e-12	-7.563395661e-12	-7.387437897e-12	-7.468370933e-12	-7.342299267e-12	-7.287741056e-12	-7.557216416e-12	-6.891591178e-12	-7.438831128e-12	-6.739521470e-12	-7.134465642e-12	-6.998899039e-12	-7.271991518e-12	-6.693855344e-12	-6.654820602e-12	-7.004927571e-12	-7.258653392e-12	-7.135143852e-12	-7.018567124e-12	-7.233182846e-12	-7.333859323e-12	-6.997617976e-12	-6.574641133e-12	-6.454673355e-12	-6.714201638e-12	-6.343522305e-12	-6.714427708e-12	-6.904703234e-12	-6.726258701e-12	-7.201080916e-12	-7.292865308e-12	-6.627541497e-12	-7.062876830e-12	-6.942833696e-12	-7.335743239e-12	-7.524888416e-12	-7.350814568e-12	-6.847055401e-12	-7.185708160e-12	-7.737469509e-12	-7.628955941e-12	-7.199046286e-12	-7.728728138e-12	-7.406126344e-12	-7.245390622e-12	-7.559627829e-12	-6.973880634e-12	-6.860996381e-12	-7.316753364e-12	-6.907039290e-12	-6.579388601e-12	-6.940422284e-12	-6.655800239e-12	-7.164156160e-12	-6.649018141e-12	-7.005907207e-12	-6.723018365e-12	-7.173274314e-12	-6.682024351e-12	-7.181412832e-12	-7.009901109e-12	-7.024218872e-12	-7.160388328e-12	-7.186386370e-12	-7.414717002e-12	-7.429863687e-12	-7.441996107e-12	-6.776144799e-12	-7.212082986e-12	-6.868305975e-12	-6.891515822e-12	-5.743155921e-12	-7.024671012e-12	-6.828140884e-12	-6.736281135e-12	-6.865593136e-12	-6.952931486e-12	-6.846075765e-12	-6.801012492e-12	-6.540429216e-12	-6.994000858e-12	-7.276362203e-12	-6.740501107e-12	-7.014121082e-12	-6.905381444e-12	-7.034844159e-12	-7.072823907e-12	-6.657081302e-12	-7.134164216e-12	-7.428281198e-12	-7.474926961e-12	-6.823996268e-12	-7.019998900e-12	-7.501151073e-12	-7.524813059e-12	-7.461362765e-12	-7.407407407e-12	-7.236724608e-12	-7.692029452e-12	-7.706573285e-12	-7.268751182e-12	-7.201683769e-12	-7.627448808e-12	-7.136952412e-12	-7.288946763e-12	-7.084052047e-12	-6.564317273e-12	-6.587979259e-12	-7.018265697e-12	-7.231901783e-12	-7.055039739e-12	-6.832737639e-12	-6.939367291e-12	-6.817892380e-12	-7.216302958e-12	-7.053005110e-12	-7.792931999e-12	-7.027459208e-12	-6.602673804e-12	-6.458064404e-12	-6.824071625e-12	-6.754216016e-12	-7.187968860e-12	-7.540035101e-12	-7.282541448e-12	-6.628370420e-12	-6.757682421e-12	-7.127231404e-12	-6.871847737e-12	-6.664089469e-12	-6.490015621e-12	-6.753387093e-12	-6.818193807e-12	-7.251645224e-12	-7.171691824e-12	-7.415771995e-12	-6.981567011e-12	-7.226626818e-12	-6.727841190e-12	-7.368598736e-12	-6.692423568e-12	-7.055265809e-12	-6.968078172e-12	-7.392110009e-12	-7.134164216e-12	-7.207184804e-12	-6.665671959e-12	-7.191661335e-12	-7.057978648e-12	-7.269730819e-12	-7.010880746e-12	-6.560700154e-12	-6.846301835e-12	-6.725655848e-12	-6.020995868e-12	-6.532215342e-12	-6.591068881e-12	-7.097239460e-12	-7.091813782e-12	-7.037406285e-12	-7.016909277e-12	-6.584964993e-12	-7.215247965e-12	-7.031453110e-12	-7.070261781e-12	-7.090608075e-12	-6.932735906e-12	-6.767252715e-12	-6.385872739e-12	-6.423098921e-12	-6.874485220e-12	-7.248630958e-12	-7.245465979e-12	-7.061821837e-12	-7.575829507e-12	-6.977045613e-12	-7.393692498e-12	-7.113667208e-12	-7.262195154e-12	-7.284802147e-12	-7.124367852e-12	-7.450586765e-12	-7.391507155e-12	-7.720288194e-12	-7.139062398e-12	-7.217207238e-12	-6.604407007e-12	-6.737712911e-12	-7.101007292e-12	-6.802896408e-12	-7.116304691e-12	-7.071015348e-12	-7.407407407e-12	-7.409668107e-12	-7.459629562e-12	-7.517277395e-12	-7.223235769e-12	-7.276211490e-12	-6.657684155e-12	-6.891817248e-12	-6.775918729e-12	-7.029795264e-12	-6.669289078e-12	-6.958357165e-12	-6.700109945e-12	-7.026102788e-12	-6.865517779e-12	-6.676824742e-12	-6.867401695e-12	-6.940045500e-12	-6.230411982e-12	-6.881342675e-12	-7.130471740e-12	-7.002666872e-12	-7.562943521e-12	-7.851860895e-12	-7.370558008e-12	-7.427602988e-12	-7.834453510e-12	-7.636114822e-12	-6.751352463e-12	-7.237026035e-12	-7.399494960e-12	-7.466939156e-12	-7.280280749e-12	-7.508837450e-12	-7.567841703e-12	-7.623756333e-12	-7.247349895e-12	-7.296557784e-12	-7.469878065e-12	-7.100555152e-12	-7.014196438e-12	-7.498890373e-12	-7.005605781e-12	-7.254056637e-12	-7.126025698e-12
-6.327320627e-12	-6.631836826e-12	-6.568085105e-12	-6.434628488e-12	-6.495667370e-12	-6.361381830e-12	-6.011576288e-12	-6.746831065e-12	-6.771924827e-12	-6.629199343e-12	-7.392938932e-12	-7.269504749e-12	-6.798299653e-12	-7.252172720e-12	-7.705442935e-12	-7.484497254e-12	-7.053080467e-12	-7.288796050e-12	-7.525189842e-12	-7.367242316e-12	-7.145844496e-12	-6.275324542e-12	-6.816912744e-12	-6.445931985e-12	-7.034618089e-12	-7.578693060e-12	-7.123237502e-12	-6.443143789e-12	-7.373572274e-12	-6.871697024e-12	-7.326549728e-12	-7.070035712e-12	-6.776672296e-12	-6.826935177e-12	-7.374702624e-12	-7.029418480e-12	-7.003495795e-12	-6.958281808e-12	-6.875992353e-12	-7.111105083e-12	-7.196860944e-12	-7.012463235e-12	-6.424907481e-12	-7.180508552e-12	-6.780515485e-12	-6.152719282e-12	-6.948259375e-12	-6.772301610e-12	-6.923014899e-12	-6.538922083e-12	-7.017135347e-12	-7.080962425e-12	-6.918870283e-12	-7.662866431e-12	-6.362436823e-12	-6.808397443e-12	-6.324004934e-12	-6.615333721e-12	-6.792346478e-12	-6.879986255e-12	-6.441485943e-12	-6.545854895e-12	-6.911937472e-12	-6.774788380e-12	-6.505086950e-12	-7.181412832e-12	-6.937181948e-12	-6.535907818e-12	-7.259331602e-12	-7.174706090e-12	-7.518030961e-12	-6.832586926e-12	-7.028740271e-12	-7.312231966e-12	-7.279828609e-12	-6.844342562e-12	-6.606140210e-12	-6.827387317e-12	-6.842910786e-12	-6.956850032e-12	-6.637036434e-12	-6.392428767e-12	-7.030624187e-12	-6.841855793e-12	-6.714879848e-12	-5.649487612e-12	5.878948594e-11	-7.074180327e-12	-6.562810140e-12	-6.460325104e-12	-6.611113749e-12	-6.593932434e-12	-6.515561524e-12	-5.891382440e-12	-5.741724145e-12	-6.489111342e-12	-6.280599507e-12	-6.333123088e-12	-6.539223510e-12	-6.570044378e-12	-6.669213721e-12	-6.555425189e-12	-6.144430051e-12	-6.180149101e-12	-6.330259536e-12	-6.642838896e-12	-6.784358674e-12	-6.959939654e-12	-7.349910288e-12	-6.729725106e-12	-6.773507317e-12	-6.785338310e-12	-6.118582722e-12	-6.838012604e-12	-7.003721865e-12	-6.640804266e-12	-6.991966228e-12	-6.588883539e-12	-6.416392180e-12	-6.503203034e-12	-5.962142329e-12	-6.225739870e-12	-6.759717051e-12	-6.913746032e-12	-6.523775398e-12	-6.903874311e-12	-6.201324318e-12	-6.165228485e-12	-6.101476764e-12	-6.589863175e-12	-6.944416186e-12	-6.508402643e-12	-6.768609135e-12	-6.680894001e-12	-6.878328409e-12	-7.029644550e-12	-6.860393527e-12	-6.672604770e-12	-6.840122590e-12	-6.186177632e-12	-6.662959120e-12	-6.326114920e-12	-6.821509499e-12	-6.707871680e-12	-6.496571649e-12	-6.804252828e-12	-6.852782506e-12	-6.931680913e-12	-6.800635709e-12	-6.811110282e-12	-6.579765385e-12	-6.770191624e-12	-6.900935402e-12	-6.557685888e-12	-6.301624011e-12	-6.051289239e-12	-6.180601241e-12	-6.436437047e-12	-6.472834307e-12	-6.837409751e-12	-6.829723373e-12	-6.923542395e-12	-6.653238113e-12	-6.907717500e-12	-6.435532768e-12	-6.718496967e-12	-6.667932658e-12	-6.531537132e-12	-6.808322086e-12	-6.643893889e-12	-6.865291709e-12	-6.783454394e-12	-6.426565327e-12	-6.636885721e-12	-6.625431511e-12	-6.907416073e-12	-6.888727626e-12	-6.670268714e-12	-6.767403429e-12	-6.691368575e-12	-6.772527680e-12	-6.629425413e-12	-6.573661496e-12	-6.381049914e-12	-6.645099595e-12	-6.708549889e-12	-6.506970866e-12	-6.889104409e-12	-6.159124597e-12	-6.801389275e-12	-6.988047683e-12	-7.175158230e-12	-6.739672184e-12	-6.893022954e-12	-7.492334345e-12	-7.471988051e-12	-7.356164889e-12	-7.007263627e-12	-7.059033641e-12	-6.815556324e-12	-7.219995433e-12	-7.383820778e-12	-6.874259150e-12	-7.079832075e-12	-7.108844383e-12	-7.385252554e-12	-7.510344583e-12	-7.254433420e-12	-7.397686400e-12	-7.263024077e-12	-7.474173394e-12	-7.534081926e-12	-7.183522818e-12	-6.860468884e-12	-6.338171983e-12	-6.602146308e-12	-7.091436998e-12	-6.683531484e-12	-7.219015797e-12	-7.029493837e-12	-6.819474870e-12	-7.229641084e-12	-7.183598174e-12	-6.932359123e-12	-7.110050090e-12	-6.974332773e-12	-7.043585529e-12	-6.118055226e-12	-6.654368462e-12	-6.699657805e-12	-6.738240407e-12	-6.636282868e-12	-6.400115145e-12	-6.646757441e-12	-6.222047395e-12	-6.186102276e-12	-6.044959281e-12	-5.818738635e-12	-5.943001741e-12	-6.216018863e-12	-6.415261830e-12	-6.214737800e-12	-5.801708034e-12	-6.305015060e-12	-5.557175723e-12	-5.867192957e-12	-6.128529799e-12	-5.834714244e-12	-6.064325939e-12	-6.118658079e-12	-6.036820763e-12
-6.645702448e-12	-6.500414838e-12	-6.888802982e-12	-6.985937697e-12	-6.929721640e-12	-6.894153304e-12	-6.794230394e-12	-6.931078060e-12	-6.820755933e-12	-6.504634810e-12	-7.011860382e-12	-6.912464969e-12	-6.502148041e-12	-6.401923704e-12	-6.356182221e-12	-6.405088683e-12	-6.651278840e-12	-6.868079905e-12	-6.267487451e-12	-6.437265971e-12	-6.623095455e-12	-6.720004099e-12	-6.558288741e-12	-6.840725443e-12	-7.100781222e-12	-6.902442535e-12	-7.287514987e-12	-6.949239011e-12	-6.803348548e-12	-6.969283878e-12	-6.864086003e-12	-6.896790787e-12	-6.493708097e-12	-6.395895173e-12	-6.502298754e-12	-6.284593409e-12	-6.422119285e-12	-7.065891096e-12	-6.602297021e-12	-6.554520909e-12	-6.596946699e-12	-6.896866143e-12	-7.003571151e-12	-6.666726952e-12	-7.384197561e-12	-6.911786759e-12	-6.595740993e-12	-6.593631007e-12	-6.631912182e-12	-7.108995097e-12	-6.967324606e-12	-6.596946699e-12	-6.755195652e-12	-6.869285611e-12	-6.908395710e-12	-7.591277619e-12	-6.492427034e-12	-6.624677945e-12	-7.152701950e-12	-7.039817697e-12	-6.540052433e-12	-7.069508215e-12	-6.914876381e-12	-6.866346702e-12	-6.531838559e-12	-7.227078958e-12	-6.638091427e-12	-6.917061724e-12	-6.487905635e-12	-6.731835093e-12	-7.044715879e-12	-6.505463733e-12	-6.640502840e-12	-7.174706090e-12	-7.042153753e-12	-6.382406334e-12	-7.176363936e-12	-6.671097637e-12	-6.311345018e-12	-6.608024126e-12	-6.893851877e-12	-6.875992353e-12	-6.761525610e-12	-6.967249249e-12	-6.516541160e-12	-5.816553293e-12	2.297797401e-11	-7.052779040e-12	-6.805232464e-12	-7.077119236e-12	-6.731458309e-12	-6.859112465e-12	-7.056848299e-12	-6.804177471e-12	-6.507046223e-12	-6.397854446e-12	-6.525433244e-12	-6.791366841e-12	-6.710509162e-12	-6.541182783e-12	-6.256485381e-12	-6.430785299e-12	-6.786091876e-12	-6.614655511e-12	-6.865517779e-12	-6.858358898e-12	-6.827688744e-12	-7.219166510e-12	-6.523172545e-12	-7.080208858e-12	-6.994226927e-12	-6.847582898e-12	-6.732211876e-12	-6.354524375e-12	-6.950218647e-12	-7.016004998e-12	-7.011634312e-12	-6.808322086e-12	-7.449079632e-12	-7.258351965e-12	-6.837259038e-12	-5.930718608e-12	-6.471176460e-12	-6.844568632e-12	-6.945395822e-12	-7.114270062e-12	-6.766951289e-12	-6.906210367e-12	-6.844794702e-12	-6.829949443e-12	-6.851576800e-12	-6.880664465e-12	-6.735226142e-12	-6.501017691e-12	-6.612771595e-12	-5.726728173e-12	-6.271556710e-12	-6.216772430e-12	-6.530256069e-12	-6.473663230e-12	-6.083541883e-12	-6.182635870e-12	-6.143751842e-12	-6.084822946e-12	-6.055433855e-12	-6.249175787e-12	-6.011500931e-12	-6.275249186e-12	-6.560700154e-12	-6.053248512e-12	-6.266131032e-12	-5.734113124e-12	-5.702237263e-12	-5.853025908e-12	-6.092057184e-12	-6.240132989e-12	-6.408027593e-12	-6.621136182e-12	-6.384817746e-12	-6.254752178e-12	-6.631007903e-12	-6.891817248e-12	-6.286251256e-12	-6.570797944e-12	-6.581573944e-12	-6.082939030e-12	-6.911485332e-12	-6.471779314e-12	-6.406369746e-12	-6.405917607e-12	-6.540052433e-12	-6.040437882e-12	-6.366280012e-12	-6.305693270e-12	-6.276228822e-12	-6.766574505e-12	-6.922412046e-12	-6.471025747e-12	-6.529577860e-12	-6.451583733e-12	-6.762882030e-12	-6.647737078e-12	-6.700712798e-12	-6.659342001e-12	-6.486247789e-12	-6.590616741e-12	-6.770869834e-12	-6.528522867e-12	-6.856625695e-12	-6.305090417e-12	-6.387229159e-12	-6.632288966e-12	-6.680592575e-12	-5.976912231e-12	-6.452864796e-12	-6.814425975e-12	-6.482103174e-12	-6.732437946e-12	-7.002742228e-12	-6.508930139e-12	-6.269522081e-12	-7.134390286e-12	-6.701541722e-12	-6.904025024e-12	-6.320237102e-12	-6.782474757e-12	-6.227548430e-12	-6.436437047e-12	-6.624753301e-12	-6.741480743e-12	-6.534852825e-12	-6.350907256e-12	-6.529954643e-12	-6.801841415e-12	-6.477355705e-12	-6.712468435e-12	-6.875238786e-12	-6.905607514e-12	-7.780950292e-12	-6.915780661e-12	-7.000104746e-12	-6.743138589e-12	-6.802745695e-12	-6.801615345e-12	-7.016004998e-12	-6.451508376e-12	-6.834922982e-12	-6.609003763e-12	-5.701408340e-12	-6.224006668e-12	-6.704405274e-12	-6.639146420e-12	-6.572305077e-12	-6.347139424e-12	-6.557007678e-12	-6.384214893e-12	-5.792439166e-12	-6.861071737e-12	-6.318880683e-12	-6.767478785e-12	-6.581573944e-12	-7.020375683e-12	-6.792271121e-12	-6.845397555e-12	-6.985410200e-12	-7.230846790e-12	-6.761902394e-12	-6.962501780e-12	-7.254433420e-12	-6.856927122e-12	-6.612922308e-12
-6.448870894e-12	-6.921206339e-12	-7.174932160e-12	-7.023163879e-12	-6.552787706e-12	-6.675995819e-12	-7.112084719e-12	-6.169599170e-12	-6.246990444e-12	-6.674564043e-12	-6.979758452e-12	-6.354298305e-12	-7.063328970e-12	-6.836505471e-12	-7.011709669e-12	-6.694006057e-12	-7.017738200e-12	-7.049387991e-12	-7.032432746e-12	-6.603050588e-12	-7.265284777e-12	-6.470422894e-12	-6.783529750e-12	-6.739822897e-12	-6.604180937e-12	-6.362738249e-12	-6.815857751e-12	-6.567934391e-12	-7.053834033e-12	-6.836053331e-12	-7.381484722e-12	-6.596117776e-12	-6.673056910e-12	-6.836279401e-12	-6.730930813e-12	-6.316996766e-12	-6.814275261e-12	-6.886617640e-12	-6.558966951e-12	-6.128755869e-12	-6.783152967e-12	-6.549924154e-12	-6.741556100e-12	-7.010880746e-12	-7.147879125e-12	-6.692423568e-12	-7.591126906e-12	-7.381560078e-12	-7.020074256e-12	-7.121353586e-12	-7.300853113e-12	-7.107111180e-12	-7.523230569e-12	-7.493238625e-12	-7.026328858e-12	-7.016231068e-12	-7.268826539e-12	-6.782022618e-12	-7.042229110e-12	-7.282240021e-12	-6.907416073e-12	-6.818495233e-12	-7.288117840e-12	-7.204396608e-12	-6.865442423e-12	-7.707703634e-12	-7.139439181e-12	-7.017210704e-12	-6.868607402e-12	-6.943737976e-12	-7.085031684e-12	-7.151948384e-12	-6.638618924e-12	-6.949540438e-12	-7.089929866e-12	-6.861071737e-12	-7.019169977e-12	-7.527827325e-12	-7.206054454e-12	-7.425719072e-12	-7.353678120e-12	-6.997768690e-12	-7.482990121e-12	-7.564299941e-12	-7.933095357e-12	-6.145334331e-12	-3.710561158e-12	-6.836204045e-12	-6.922336689e-12	-6.946978312e-12	-6.996638340e-12	-6.928515934e-12	-6.875389500e-12	-6.697773889e-12	-6.827688744e-12	-6.683003987e-12	-6.476978922e-12	-6.583382504e-12	-6.706063120e-12	-6.575997552e-12	-6.262966053e-12	-5.934411084e-12	-6.213230667e-12	-6.619629049e-12	-5.948201350e-12	-6.319935676e-12	-6.271632067e-12	-6.177210192e-12	-6.585341776e-12	-6.679311512e-12	-6.592123874e-12	-6.516239734e-12	-6.801389275e-12	-6.814802758e-12	-6.781495121e-12	-7.121052160e-12	-6.531913916e-12	-6.823544128e-12	-6.957829668e-12	-6.836882254e-12	-6.899202199e-12	-7.024897082e-12	-7.107412607e-12	-6.902141108e-12	-7.125950341e-12	-7.214795825e-12	-6.936805165e-12	-7.073803544e-12	-6.661376630e-12	-6.283538416e-12	-6.701089582e-12	-6.269823507e-12	-6.507799789e-12	-6.275324542e-12	-6.447062334e-12	-6.575997552e-12	-6.597474196e-12	-6.526789664e-12	-6.180073744e-12	-6.937709444e-12	-6.720305526e-12	-6.666350169e-12	-6.414960404e-12	-6.620457972e-12	-6.586924266e-12	-6.698301386e-12	-6.919774563e-12	-6.894530087e-12	-6.780364771e-12	-6.601694168e-12	-6.970338871e-12	-6.209161409e-12	-6.600865245e-12	-6.736431848e-12	-7.296934567e-12	-6.816535961e-12	-6.806739597e-12	-6.935599458e-12	-7.097239460e-12	-6.927611654e-12	-6.806814953e-12	-7.190380272e-12	-7.161970817e-12	-7.443352527e-12	-6.964084270e-12	-7.060465418e-12	-7.091436998e-12	-7.288042483e-12	-7.142453447e-12	-7.044565166e-12	-6.583683930e-12	-6.816611317e-12	-7.283068945e-12	-7.139137754e-12	-6.743816799e-12	-6.889104409e-12	-7.056772942e-12	-7.078324942e-12	-7.157675489e-12	-6.826181611e-12	-6.703425638e-12	-6.876595206e-12	-6.165153128e-12	-6.942306200e-12	-6.823619485e-12	-6.890837612e-12	-6.639221777e-12	-6.755120296e-12	-7.069508215e-12	-7.176062510e-12	-7.188270286e-12	-7.278246119e-12	-7.193620608e-12	-7.265812273e-12	-7.246144189e-12	-6.931605556e-12	-6.875238786e-12	-6.843287569e-12	-6.584362140e-12	-6.635227875e-12	-7.038084494e-12	-6.539298867e-12	-6.793627541e-12	-7.076742453e-12	-7.157223349e-12	-6.903798955e-12	-7.320069057e-12	-7.305977364e-12	-7.107412607e-12	-7.196107377e-12	-6.665898029e-12	-6.669590504e-12	-7.009750396e-12	-6.998070116e-12	-7.114119348e-12	-7.426924778e-12	-7.256769476e-12	-6.993699431e-12	-7.212987265e-12	-7.162121531e-12	-7.184427097e-12	-6.828743737e-12	-7.204245895e-12	-7.096033754e-12	-7.162875097e-12	-6.865216353e-12	-6.940572997e-12	-7.496629674e-12	-7.405372778e-12	-7.042831963e-12	-7.501301786e-12	-7.124066425e-12	-7.003345081e-12	-6.840951513e-12	-6.336815564e-12	-6.558288741e-12	-6.868833472e-12	-7.470480919e-12	-7.068001082e-12	-6.284367340e-12	-6.968982452e-12	-7.020149613e-12	-7.060992914e-12	-7.833775300e-12	-7.537246905e-12	-7.500925003e-12	-7.213891545e-12	-7.376812610e-12	-7.672662795e-12	-7.227757168e-12	-7.462493114e-12
-7.159408691e-12	-6.781495121e-12	-7.422478736e-12	-7.420594820e-12	-7.335743239e-12	-7.131752803e-12	-7.356692386e-12	-7.293844945e-12	-7.455861730e-12	-6.970112801e-12	-7.603786822e-12	-7.518181674e-12	-7.590448696e-12	-7.798508391e-12	-7.797754824e-12	-7.771907495e-12	-7.534534066e-12	-7.417580554e-12	-7.558045339e-12	-6.889405835e-12	-6.926104521e-12	-7.126854621e-12	-7.215926175e-12	-7.444106093e-12	-7.333030400e-12	-7.309066987e-12	-6.847658255e-12	-7.000632242e-12	-7.265209420e-12	-7.309519127e-12	-7.572513815e-12	-7.804762992e-12	-7.715540725e-12	-7.509063520e-12	-7.749451215e-12	-7.506199968e-12	-7.515619548e-12	-7.696852278e-12	-8.158487080e-12	-7.584872304e-12	-7.591654402e-12	-7.514790625e-12	-7.632422347e-12	-7.595346878e-12	-7.404694568e-12	-7.229264301e-12	-7.419238401e-12	-7.377189393e-12	-7.315773728e-12	-7.499342513e-12	-7.086463460e-12	-7.389020386e-12	-7.057225082e-12	-7.282089308e-12	-7.540261171e-12	-7.882380336e-12	-7.414490932e-12	-7.268449756e-12	-7.113591852e-12	-7.008695403e-12	-7.702051886e-12	-7.615014962e-12	-7.910639077e-12	-7.587359074e-12	-8.005965232e-12	-7.640711578e-12	-7.766105034e-12	-7.763768978e-12	-8.360744313e-12	-8.174990185e-12	-7.675752417e-12	-7.427829058e-12	-7.664825704e-12	-7.614788892e-12	-7.510495297e-12	-7.550434318e-12	-7.304997728e-12	-7.081489921e-12	-7.658947886e-12	-7.576055577e-12	-7.887429231e-12	-8.242057598e-12	-7.431596890e-12	-7.961806238e-12	-7.903329483e-12	-6.793552184e-12	-5.961916259e-12	6.560828260e-11	-7.472063408e-12	-7.699715830e-12	-7.404619212e-12	-8.060674156e-12	-7.770927859e-12	-8.126309793e-12	-8.032490771e-12	-8.324648480e-12	-8.413870747e-12	-8.255847864e-12	-8.718462302e-12	-8.938277633e-12	-8.205735696e-12	-7.759247579e-12	-7.976952924e-12	-7.999258491e-12	-8.565639028e-12	-7.822095020e-12	-7.604766458e-12	-7.827445342e-12	-7.832494237e-12	-8.052008142e-12	-7.804310852e-12	-7.597682934e-12	-8.243338661e-12	-8.129776198e-12	-7.853066601e-12	-7.535212276e-12	-7.844928083e-12	-8.124049093e-12	-7.612452836e-12	-7.753897257e-12	-7.798357677e-12	-7.747491942e-12	-7.932040364e-12	-8.050274939e-12	-7.576959857e-12	-7.560079968e-12	-8.076649764e-12	-7.705442935e-12	-8.684476456e-12	-8.257505710e-12	-8.024502966e-12	-7.872508615e-12	-7.865500447e-12	-7.569499549e-12	-8.107093848e-12	-7.612151410e-12	-7.689316613e-12	-8.174311975e-12	-8.536626720e-12	-8.081849373e-12	-7.361213785e-12	-7.671457089e-12	-8.078458324e-12	-7.294899938e-12	-7.771681425e-12	-7.665428557e-12	-8.076348338e-12	-7.789691663e-12	-7.941912084e-12	-8.158939220e-12	-8.054118128e-12	-7.783361705e-12	-7.786903467e-12	-7.844551300e-12	-7.667387830e-12	-8.172729485e-12	-7.931512868e-12	-7.875748951e-12	-7.664901060e-12	-7.419087687e-12	-7.396028554e-12	-7.241321364e-12	-7.857135860e-12	-7.498212164e-12	-7.922771497e-12	-8.009356281e-12	-7.487586877e-12	-7.504692835e-12	-6.875540213e-12	-7.781477789e-12	-7.683288082e-12	-7.679143466e-12	-7.667312473e-12	-7.393466428e-12	-7.788938097e-12	-8.074012282e-12	-8.132112254e-12	-7.751184418e-12	-7.643122990e-12	-7.851936251e-12	-7.952085231e-12	-7.288720693e-12	-7.720815690e-12	-7.734078460e-12	-8.138065429e-12	-7.876954657e-12	-7.792479859e-12	-7.951030238e-12	-7.221427210e-12	-7.711546823e-12	-7.545686849e-12	-7.762261845e-12	-7.809209034e-12	-7.447798569e-12	-7.281486455e-12	-7.480427996e-12	-7.323761532e-12	-7.301003826e-12	-8.052761708e-12	-7.840783468e-12	-7.628729871e-12	-7.273800077e-12	-7.119469670e-12	-7.239286734e-12	-7.036275935e-12	-7.573267381e-12	-7.051497977e-12	-7.206054454e-12	-7.375456190e-12	-7.633477340e-12	-6.959864298e-12	-7.559326402e-12	-7.617275661e-12	-7.660228949e-12	-7.600094347e-12	-7.726844222e-12	-7.089779152e-12	-6.900257192e-12	-7.456766009e-12	-7.125498202e-12	-6.711940938e-12	-6.982169864e-12	-6.953911123e-12	-7.369352302e-12	-7.905364112e-12	-7.423156946e-12	-7.683514152e-12	-7.587585144e-12	-7.582686962e-12	-7.798282321e-12	-7.756384027e-12	-7.442448247e-12	-7.558798906e-12	-7.605670738e-12	-7.475228387e-12	-6.978703459e-12	-7.202211265e-12	-6.821208073e-12	-7.217885447e-12	-7.183070678e-12	-7.351718847e-12	-7.148029838e-12	-7.520894514e-12	-7.159333335e-12	-7.172671461e-12	-6.774637666e-12	-7.292036385e-12	-7.595271521e-12	-7.650734011e-12	-7.770777146e-12	-7.573644164e-12
-8.744309631e-12	-8.445821964e-12	-8.861413856e-12	-8.872114500e-12	-8.578675728e-12	-8.069189456e-12	-8.664808372e-12	-8.352831865e-12	-8.534441377e-12	-8.592541350e-12	-8.197672535e-12	-8.402039754e-12	-8.690504987e-12	-8.937071927e-12	-8.392394103e-12	-9.417847317e-12	-9.066383929e-12	-9.190571678e-12	-8.951992543e-12	-9.142720209e-12	-8.863448486e-12	-8.625773630e-12	-8.899092179e-12	-8.694724960e-12	-8.896002556e-12	-8.767067338e-12	-8.881081941e-12	-8.306939669e-12	-9.032774865e-12	-8.511834384e-12	-9.052593663e-12	-8.944532235e-12	-8.780782247e-12	-8.607235896e-12	-8.782364737e-12	-8.485911699e-12	-8.777541911e-12	-8.765484848e-12	-8.609270525e-12	-8.765861632e-12	-8.721250498e-12	-8.728409379e-12	-8.868422024e-12	-9.294789917e-12	-8.747173184e-12	-8.717407309e-12	-9.252288770e-12	-9.077988852e-12	-8.652374526e-12	-8.838731507e-12	-8.857796738e-12	-8.278078074e-12	-8.706932736e-12	-7.782080642e-12	-8.104757792e-12	-8.475738552e-12	-8.376493851e-12	-8.077629401e-12	-8.497893405e-12	-7.926765399e-12	-8.459235447e-12	-9.025992767e-12	-8.500907671e-12	-8.684476456e-12	-9.148296601e-12	-8.883417997e-12	-8.454337265e-12	-8.615072987e-12	-8.604598413e-12	-8.476642831e-12	-8.527885349e-12	-8.647024204e-12	-8.641297099e-12	-8.589602441e-12	-8.621026162e-12	-8.962014976e-12	-9.020943872e-12	-9.154475846e-12	-8.712509128e-12	-8.468127531e-12	-8.956212515e-12	-8.645969211e-12	-8.412438971e-12	-8.082301512e-12	-8.619217602e-12	-8.851089996e-12	-8.360970383e-12	4.214109326e-11	-8.847397521e-12	-8.965406025e-12	-8.964727816e-12	-8.722606918e-12	-8.783193660e-12	-8.480862803e-12	-8.574907895e-12	-8.093378939e-12	-8.345974410e-12	-8.282147333e-12	-8.555239811e-12	-8.631199309e-12	-8.567749014e-12	-8.098879974e-12	-8.190438297e-12	-8.776034779e-12	-8.489152034e-12	-8.769478751e-12	-8.656895924e-12	-8.550567699e-12	-8.743782135e-12	-8.507011559e-12	-8.699321715e-12	-8.186896535e-12	-8.494276286e-12	-8.611229798e-12	-8.667747281e-12	-8.354941851e-12	-8.336931613e-12	-8.281092340e-12	-8.554561601e-12	-7.982227889e-12	-8.298575081e-12	-8.138517569e-12	-8.197672535e-12	-9.125463538e-12	-8.490357741e-12	-8.440019502e-12	-8.400155838e-12	-8.450795502e-12	-8.209352815e-12	-7.890594210e-12	-8.486815978e-12	-8.957192151e-12	-8.625246134e-12	-8.547176650e-12	-8.621101518e-12	-8.171297709e-12	-8.601508791e-12	-8.457652957e-12	-8.307693235e-12	-8.844081828e-12	-8.285990522e-12	-8.415227166e-12	-8.465866831e-12	-8.786961492e-12	-8.730670079e-12	-8.577394665e-12	-8.437306663e-12	-8.365868564e-12	-8.562247979e-12	-8.631877518e-12	-8.463304705e-12	-8.091871806e-12	-7.748396222e-12	-8.345748340e-12	-8.540922049e-12	-7.976425427e-12	-8.026236169e-12	-8.083959359e-12	-7.916290825e-12	-8.156979947e-12	-8.239269402e-12	-7.880722489e-12	-8.574757182e-12	-8.318996732e-12	-8.207996395e-12	-8.280414130e-12	-8.500455531e-12	-7.918325455e-12	-7.756082600e-12	-8.205961766e-12	-8.343412284e-12	-8.181470856e-12	-8.283805179e-12	-8.557877294e-12	-8.821022695e-12	-8.541374189e-12	-8.455844398e-12	-8.049898155e-12	-8.285915165e-12	-8.490433097e-12	-8.111765960e-12	-7.904083049e-12	-8.318167809e-12	-7.953969147e-12	-8.276570941e-12	-8.529995335e-12	-8.154267108e-12	-7.752239411e-12	-8.015158743e-12	-8.433764901e-12	-8.137010436e-12	-7.532198010e-12	-8.202193933e-12	-8.064592701e-12	-8.215758129e-12	-8.301212564e-12	-8.442129488e-12	-8.184786549e-12	-8.425475670e-12	-8.424119250e-12	-8.090515387e-12	-7.891950629e-12	-7.658947886e-12	-7.622927410e-12	-7.966101567e-12	-7.715842152e-12	-7.905439469e-12	-8.042437848e-12	-8.201967863e-12	-7.719534628e-12	-7.770174292e-12	-7.691125173e-12	-7.595497591e-12	-7.827520699e-12	-7.873563608e-12	-7.829932111e-12	-7.578014850e-12	-7.839879188e-12	-7.972657595e-12	-8.114554156e-12	-7.775449257e-12	-7.894814182e-12	-8.429168146e-12	-7.962710518e-12	-7.850052335e-12	-7.972657595e-12	-7.705744362e-12	-8.359161823e-12	-8.355393991e-12	-8.091871806e-12	-8.716050890e-12	-8.372047809e-12	-8.018926575e-12	-8.121562324e-12	-7.952763441e-12	-7.793986992e-12	-8.279811277e-12	-7.531519800e-12	-7.854649090e-12	-8.298424368e-12	-8.036333960e-12	-8.189910800e-12	-8.056077400e-12	-8.185992255e-12	-8.060749512e-12	-8.268959920e-12	-8.738883953e-12	-8.600378441e-12	-8.777692625e-12	-8.590883504e-12	-8.440471642e-12
-8.434292397e-12	-8.177175527e-12	-8.201214297e-12	-8.028195442e-12	-8.009130211e-12	-8.256526074e-12	-7.851936251e-12	-8.199556451e-12	-8.188026884e-12	-8.012973400e-12	-8.511909741e-12	-8.134071527e-12	-8.123823023e-12	-8.290285850e-12	-8.527357853e-12	-8.119904478e-12	-8.020282994e-12	-7.885469958e-12	-7.642143354e-12	-7.965121931e-12	-7.909358014e-12	-7.999635274e-12	-7.866706154e-12	-8.099332114e-12	-8.170996283e-12	-8.132715107e-12	-8.195939332e-12	-7.863767244e-12	-7.984337875e-12	-7.475228387e-12	-7.841537034e-12	-7.468672359e-12	-7.593086179e-12	-7.530314094e-12	-7.829555328e-12	-8.034676113e-12	-8.458331167e-12	-8.125104086e-12	-7.458122429e-12	-7.849298769e-12	-8.744158918e-12	-8.591637070e-12	-8.372047809e-12	-8.420577488e-12	-7.712375746e-12	-8.415980733e-12	-8.006115945e-12	-8.055700617e-12	-8.441828062e-12	-7.965875497e-12	-8.388098774e-12	-8.458180454e-12	-8.335575193e-12	-8.334821627e-12	-7.480503352e-12	-8.127892282e-12	-8.175819108e-12	-8.052610995e-12	-8.053892058e-12	-8.059393093e-12	-8.203625710e-12	-8.572345769e-12	-8.266473151e-12	-8.301966130e-12	-7.927142182e-12	-8.248688983e-12	-7.986523218e-12	-7.548625759e-12	-8.012596617e-12	-8.420502131e-12	-7.837241706e-12	-8.239269402e-12	-8.189307947e-12	-7.947639189e-12	-8.023900113e-12	-7.650960081e-12	-7.878311077e-12	-7.651713648e-12	-8.256526074e-12	-7.698962264e-12	-8.154191751e-12	-8.000087414e-12	-8.106264925e-12	-7.634758403e-12	-8.179586940e-12	-7.613507829e-12	-7.810942237e-12	-7.964971218e-12	5.471909681e-11	-8.012521260e-12	-7.969266546e-12	-8.336705543e-12	-8.019830854e-12	-8.448007307e-12	-8.181169430e-12	-8.516431139e-12	-8.394805516e-12	-8.556219448e-12	-8.103476729e-12	-8.431654915e-12	-8.516732566e-12	-9.116646810e-12	-8.499400538e-12	-9.021772795e-12	-8.676564008e-12	-8.845061465e-12	-9.061862530e-12	-8.656293071e-12	-8.399929768e-12	-8.913485298e-12	-8.463304705e-12	-8.363005012e-12	-8.647777770e-12	-8.318469235e-12	-8.681688260e-12	-8.718613016e-12	-8.517787559e-12	-8.311536424e-12	-8.777617268e-12	-8.176195891e-12	-8.165570604e-12	-8.237460843e-12	-8.645140288e-12	-8.328190242e-12	-8.631500735e-12	-8.676036512e-12	-8.715749463e-12	-8.801806751e-12	-8.254868228e-12	-8.718989799e-12	-8.125631583e-12	-8.149896422e-12	-8.190438297e-12	-8.362025376e-12	-7.954948784e-12	-8.513115447e-12	-8.308220732e-12	-8.254114661e-12	-8.257053570e-12	-8.601207364e-12	-8.641598525e-12	-8.401135474e-12	-8.498119475e-12	-8.815069520e-12	-8.343412284e-12	-8.378754551e-12	-8.166625597e-12	-8.323292060e-12	-8.438361656e-12	-8.488097041e-12	-8.483650999e-12	-9.034432711e-12	-9.583631934e-12	-9.090121271e-12	-9.005495760e-12	-9.030664879e-12	-8.047185316e-12	-8.366471418e-12	-8.462400426e-12	-8.510025825e-12	-8.827277297e-12	-8.988841942e-12	-9.043927649e-12	-8.873395563e-12	-9.140534866e-12	-9.060882894e-12	-8.741144652e-12	-8.530522832e-12	-8.630521099e-12	-8.996452963e-12	-8.712132344e-12	-9.124709971e-12	-8.626225770e-12	-9.061410390e-12	-8.945436515e-12	-8.189684730e-12	-8.503997293e-12	-8.963823536e-12	-9.379867568e-12	-9.320712603e-12	-8.668274777e-12	-9.329529330e-12	-9.166231482e-12	-9.088840208e-12	-9.311142309e-12	-9.058019341e-12	-9.546104325e-12	-8.892385437e-12	-8.814315954e-12	-8.338514103e-12	-8.761415590e-12	-8.605201266e-12	-8.924185941e-12	-8.273179892e-12	-8.219073822e-12	-8.605050553e-12	-8.153965681e-12	-8.849884290e-12	-8.588472091e-12	-8.374233152e-12	-8.599097378e-12	-8.532256035e-12	-8.295711529e-12	-8.333239138e-12	-8.679502917e-12	-8.525323223e-12	-8.670535477e-12	-8.614168707e-12	-8.693368540e-12	-8.747323897e-12	-8.624191141e-12	-8.672268680e-12	-8.418392145e-12	-8.372876732e-12	-8.195261122e-12	-8.230000535e-12	-8.433237404e-12	-8.302192200e-12	-8.094358576e-12	-8.262931389e-12	-8.555239811e-12	-7.960374462e-12	-8.014254463e-12	-8.259691053e-12	-8.838882220e-12	-8.346125124e-12	-8.443561265e-12	-8.529844622e-12	-8.122541960e-12	-8.492317013e-12	-8.633309295e-12	-8.941744039e-12	-8.928405913e-12	-9.133451342e-12	-8.826222304e-12	-8.674152596e-12	-9.408277023e-12	-8.954177885e-12	-9.034357355e-12	-8.988691228e-12	-8.859680654e-12	-8.752071366e-12	-9.065178222e-12	-8.803841380e-12	-9.284164630e-12	-8.693142470e-12	-8.522836454e-12	-8.715071253e-12	-8.379131334e-12	-8.983868403e-12	-8.848000374e-12
-9.048373691e-12	-8.862619563e-12	-7.976877567e-12	-8.554260175e-12	-8.837073660e-12	-8.306110746e-12	-8.677995785e-12	-8.700225995e-12	-8.666616931e-12	-9.171205021e-12	-8.842725409e-12	-8.885301913e-12	-9.225612518e-12	-8.254416088e-12	-8.554260175e-12	-9.262838700e-12	-8.741295366e-12	-8.824338388e-12	-8.528714272e-12	-8.759833100e-12	-8.331129151e-12	-8.331129151e-12	-8.477773181e-12	-8.890124738e-12	-8.508669405e-12	-8.567146161e-12	-8.101366743e-12	-8.713111981e-12	-8.672042610e-12	-8.741144652e-12	-8.934434445e-12	-8.485007419e-12	-9.278889665e-12	-8.514321153e-12	-8.953122892e-12	-8.671062973e-12	-9.197127706e-12	-9.415285191e-12	-8.872792710e-12	-9.012503928e-12	-8.562700119e-12	-8.690429631e-12	-8.686360372e-12	-8.480787447e-12	-7.926765399e-12	-7.728275998e-12	-7.876954657e-12	-7.846133790e-12	-7.978912197e-12	-8.144696814e-12	-8.258259277e-12	-8.232864088e-12	-8.090440030e-12	-7.998052784e-12	-8.581765350e-12	-8.395031586e-12	-8.420200705e-12	-8.373931725e-12	-8.341151585e-12	-8.789146835e-12	-8.533084958e-12	-8.594651336e-12	-8.547779503e-12	-8.843705045e-12	-8.289381571e-12	-8.835415814e-12	-8.822755898e-12	-8.363909292e-12	-8.639714609e-12	-8.571592203e-12	-8.590732791e-12	-8.608441602e-12	-8.250572899e-12	-8.584101406e-12	-8.199631807e-12	-8.069415526e-12	-7.970622966e-12	-8.530146049e-12	-8.094660002e-12	-8.364512145e-12	-8.572647196e-12	-8.219978101e-12	-8.010938770e-12	-7.969115833e-12	-7.704312585e-12	-7.812976866e-12	-7.563169591e-12	-7.433254736e-12	-5.373004085e-12	-7.800995160e-12	-8.421707838e-12	-8.239570829e-12	-8.378302411e-12	-8.602639140e-12	-8.231281598e-12	-8.602563784e-12	-8.428339222e-12	-8.675282945e-12	-8.007095582e-12	-8.849281437e-12	-8.829161213e-12	-8.736095757e-12	-8.677016148e-12	-8.271295976e-12	-8.106717065e-12	-8.362929655e-12	-8.471518580e-12	-8.436025600e-12	-8.199481094e-12	-8.199405738e-12	-8.872415926e-12	-8.165419891e-12	-8.063236282e-12	-7.897451664e-12	-8.786283282e-12	-8.855083898e-12	-8.496536985e-12	-8.291943697e-12	-8.472874999e-12	-8.115383079e-12	-8.151629625e-12	-8.324196340e-12	-8.059619163e-12	-8.013726966e-12	-7.782457425e-12	-7.808003328e-12	-7.953064868e-12	-8.296239025e-12	-8.554712315e-12	-8.027366519e-12	-7.888333510e-12	-7.717349285e-12	-7.792705929e-12	-7.912522993e-12	-7.760302572e-12	-7.487963660e-12	-7.705744362e-12	-8.275289878e-12	-7.766331104e-12	-8.004458099e-12	-7.857060503e-12	-7.651412221e-12	-7.717801425e-12	-8.031435778e-12	-7.797378041e-12	-8.086069345e-12	-8.045828897e-12	-7.793534852e-12	-8.059920589e-12	-7.987126071e-12	-8.050199582e-12	-7.963991581e-12	-7.762337201e-12	-8.037916449e-12	-7.677485620e-12	-7.980343973e-12	-7.524059493e-12	-7.826917845e-12	-7.781779216e-12	-7.932492504e-12	-7.644630123e-12	-7.872056475e-12	-7.819683608e-12	-8.185841542e-12	-8.144320031e-12	-8.123672310e-12	-7.945303133e-12	-7.787807747e-12	-7.552393591e-12	-7.759624362e-12	-8.444917684e-12	-8.270316340e-12	-8.327512033e-12	-8.470689656e-12	-7.856533007e-12	-8.382673096e-12	-8.041458211e-12	-8.520651112e-12	-8.405882942e-12	-8.686963225e-12	-8.687038582e-12	-8.243414018e-12	-8.281243053e-12	-8.537606356e-12	-8.283880536e-12	-8.272577039e-12	-8.436854523e-12	-8.596987392e-12	-8.621252231e-12	-8.116664142e-12	-8.292169766e-12	-8.498345545e-12	-8.151177485e-12	-8.044397120e-12	-7.895567748e-12	-8.588396735e-12	-8.357880760e-12	-8.665260512e-12	-8.502791587e-12	-8.089686464e-12	-8.201892507e-12	-8.209126745e-12	-8.717482666e-12	-8.072881932e-12	-8.802560317e-12	-8.313797123e-12	-7.854950517e-12	-8.242057598e-12	-8.526905713e-12	-8.357730047e-12	-7.824054293e-12	-7.975521148e-12	-8.335725907e-12	-7.786828111e-12	-8.015234099e-12	-8.188629737e-12	-8.187197961e-12	-7.862034042e-12	-8.128871919e-12	-8.069340170e-12	-7.805441202e-12	-7.941158518e-12	-8.109053121e-12	-8.056152757e-12	-8.705500960e-12	-8.305507892e-12	-7.983961092e-12	-8.142586828e-12	-7.938973175e-12	-8.090590743e-12	-7.909282657e-12	-8.276947724e-12	-8.190061514e-12	-7.783286348e-12	-7.524210206e-12	-8.049069232e-12	-8.636549630e-12	-8.581991420e-12	-8.568502581e-12	-8.685456092e-12	-8.028949008e-12	-8.411534691e-12	-8.322010998e-12	-8.073484785e-12	-8.173106269e-12	-8.245448647e-12	-7.983132169e-12	-8.410781124e-12	-8.052460281e-12	-8.198049318e-12	-8.055851330e-12
-7.923600420e-12	-8.248839696e-12	-8.163988115e-12	-7.994360309e-12	-8.175668395e-12	-8.651319533e-12	-8.356298271e-12	-8.414850383e-12	-8.250120759e-12	-8.110861681e-12	-7.933924280e-12	-8.009657708e-12	-8.133167247e-12	-7.976726854e-12	-7.554880360e-12	-7.244335629e-12	-7.925559693e-12	-8.006040589e-12	-8.111389177e-12	-8.160220283e-12	-7.930834658e-12	-8.026839022e-12	-7.489772219e-12	-8.180189793e-12	-8.076649764e-12	-7.925635049e-12	-8.160220283e-12	-8.096317848e-12	-8.534893517e-12	-8.357880760e-12	-8.461345433e-12	-8.288025151e-12	-8.570386497e-12	-7.923223637e-12	-8.224800927e-12	-8.380261683e-12	-8.293526186e-12	-8.002724896e-12	-8.091118240e-12	-8.083431862e-12	-8.020358351e-12	-8.362552872e-12	-8.041382855e-12	-8.081547946e-12	-8.207619612e-12	-8.336328760e-12	-8.279961990e-12	-8.483877069e-12	-8.307316452e-12	-8.033244337e-12	-8.257505710e-12	-8.107244562e-12	-8.610325518e-12	-8.068285177e-12	-7.933020000e-12	-8.532934245e-12	-7.818628615e-12	-7.823526796e-12	-7.623002766e-12	-7.749225145e-12	-8.191945430e-12	-8.086898268e-12	-7.832343524e-12	-8.318017095e-12	-7.906042322e-12	-8.369259613e-12	-8.160823136e-12	-7.939425315e-12	-8.232336591e-12	-7.660455018e-12	-8.043718911e-12	-7.630764501e-12	-7.530690877e-12	-8.004458099e-12	-7.583440528e-12	-7.486381170e-12	-7.555483213e-12	-7.533102290e-12	-7.390226093e-12	-7.581707325e-12	-7.374777980e-12	-7.413134512e-12	-7.573945591e-12	-7.467315940e-12	-7.251946651e-12	-7.406503128e-12	-7.147653055e-12	-6.958281808e-12	-5.758754747e-12	1.111879749e-10	-7.017964270e-12	-7.733023467e-12	-7.337777868e-12	-7.577261283e-12	-7.576206290e-12	-7.472967688e-12	-7.433330093e-12	-7.367242316e-12	-7.423081589e-12	-7.785923831e-12	-8.090063247e-12	-8.146882157e-12	-7.877632867e-12	-7.407181337e-12	-7.654953983e-12	-7.734530600e-12	-7.456087800e-12	-7.027986704e-12	-7.552393591e-12	-7.623982403e-12	-7.756384027e-12	-7.915386546e-12	-7.355562036e-12	-7.351040638e-12	-7.561888528e-12	-7.517804891e-12	-8.139647919e-12	-7.938144252e-12	-7.495047185e-12	-7.675300277e-12	-8.344844061e-12	-7.521045227e-12	-7.873488252e-12	-8.129399415e-12	-7.954572001e-12	-7.523984136e-12	-7.819909678e-12	-7.700996893e-12	-7.978836840e-12	-7.614487466e-12	-8.052083498e-12	-7.736339159e-12	-7.676279914e-12	-8.144546101e-12	-7.817573622e-12	-8.071600869e-12	-8.274611668e-12	-8.044547834e-12	-8.099633541e-12	-7.947413119e-12	-7.839276335e-12	-7.819306824e-12	-7.673567075e-12	-7.719157844e-12	-8.264287808e-12	-8.420049992e-12	-8.017570155e-12	-7.888107440e-12	-7.335969309e-12	-7.404016358e-12	-7.726015299e-12	-7.420745533e-12	-7.151722314e-12	-7.460157058e-12	-7.296859210e-12	-7.768516446e-12	-7.826314992e-12	-7.630990571e-12	-7.707778991e-12	-7.677259550e-12	-7.656310403e-12	-7.533177647e-12	-7.599039354e-12	-7.369955155e-12	-7.974315441e-12	-7.795343412e-12	-7.990743190e-12	-8.097146771e-12	-7.807400475e-12	-8.098352478e-12	-7.906569818e-12	-8.155397457e-12	-7.784567411e-12	-7.887730657e-12	-7.891799916e-12	-8.137613289e-12	-7.663921424e-12	-8.184711192e-12	-7.836035999e-12	-8.161802772e-12	-8.400457264e-12	-7.679294180e-12	-7.939048532e-12	-7.690522320e-12	-7.252700217e-12	-8.035505036e-12	-7.603410039e-12	-8.180641933e-12	-8.205735696e-12	-8.361799306e-12	-8.167228450e-12	-8.127214072e-12	-8.210257094e-12	-8.129625485e-12	-7.786602041e-12	-7.808304754e-12	-7.603560752e-12	-8.285236955e-12	-7.954119861e-12	-7.575226654e-12	-7.402283156e-12	-7.862636895e-12	-8.075368701e-12	-8.182299779e-12	-8.094735359e-12	-8.290587277e-12	-8.161878129e-12	-7.756685453e-12	-7.438755771e-12	-7.582611605e-12	-7.735058096e-12	-7.591805116e-12	-7.690974459e-12	-7.987954994e-12	-7.695043718e-12	-7.610192137e-12	-7.465432023e-12	-8.029627218e-12	-7.961730882e-12	-7.991948896e-12	-7.554578933e-12	-7.418334121e-12	-7.367016246e-12	-7.422629450e-12	-7.162272244e-12	-7.380957225e-12	-7.383745421e-12	-7.700167970e-12	-7.615165675e-12	-8.030456141e-12	-7.637094459e-12	-7.794288419e-12	-7.888333510e-12	-7.652617927e-12	-7.716972502e-12	-7.910789790e-12	-8.194507556e-12	-7.365961253e-12	-7.888182797e-12	-7.974767581e-12	-8.141607191e-12	-7.966101567e-12	-8.004684169e-12	-7.974842938e-12	-8.101668170e-12	-7.779443160e-12	-8.266849934e-12	-8.202495360e-12	-8.061352365e-12	-8.229322325e-12	-8.083055079e-12
-7.757815803e-12	-8.036560029e-12	-8.112745597e-12	-7.896321315e-12	-7.994134239e-12	-8.050501009e-12	-7.557141059e-12	-8.083884002e-12	-7.803481929e-12	-7.897903804e-12	-7.827219272e-12	-7.940404952e-12	-8.004005959e-12	-7.854347664e-12	-8.052610995e-12	-7.808756894e-12	-8.048767806e-12	-7.777785313e-12	-7.572287745e-12	-7.765577537e-12	-8.063311638e-12	-7.694817648e-12	-8.028195442e-12	-8.041759638e-12	-7.816518629e-12	-7.187064580e-12	-7.200779489e-12	-7.550811101e-12	-7.557517843e-12	-7.645911186e-12	-7.654275774e-12	-7.751787271e-12	-7.578165563e-12	-7.952763441e-12	-8.209428171e-12	-7.716068222e-12	-7.496403604e-12	-7.691878739e-12	-7.775223188e-12	-7.772736418e-12	-7.931060728e-12	-7.709436837e-12	-8.142436115e-12	-7.892025986e-12	-7.914180839e-12	-7.812976866e-12	-7.513208136e-12	-7.754123327e-12	-6.915629948e-12	-7.547796835e-12	-7.326851155e-12	-6.959261445e-12	-6.998296186e-12	-7.337325728e-12	-6.889255122e-12	-7.178549279e-12	-7.261140161e-12	-7.155264076e-12	-6.762731317e-12	-7.292639238e-12	-7.340415351e-12	-6.983300214e-12	-7.088196663e-12	-7.242527070e-12	-7.477413730e-12	-7.008469333e-12	-7.003194368e-12	-7.090909502e-12	-6.981491655e-12	-7.365584470e-12	-7.265812273e-12	-7.352849197e-12	-7.767009313e-12	-7.076290313e-12	-7.826465706e-12	-7.408160974e-12	-7.334462176e-12	-7.590976193e-12	-7.742216977e-12	-7.868665426e-12	-8.064441988e-12	-8.107169205e-12	-8.407540789e-12	-8.231809094e-12	-7.889162434e-12	-7.964293008e-12	-6.870868101e-12	-6.695061050e-12	-5.949331700e-12	-3.061966522e-12	-7.649603662e-12	-7.622927410e-12	-7.975521148e-12	-7.722774963e-12	-7.875447524e-12	-7.734530600e-12	-7.767009313e-12	-8.049898155e-12	-7.820663244e-12	-8.237460843e-12	-7.618029228e-12	-7.367091603e-12	-8.037087526e-12	-8.027366519e-12	-7.737770935e-12	-8.382296313e-12	-7.937842826e-12	-8.448158020e-12	-7.952914154e-12	-8.545292734e-12	-8.131735471e-12	-8.303096480e-12	-8.465791475e-12	-7.981474323e-12	-7.888484224e-12	-7.618255298e-12	-8.031963274e-12	-8.040855358e-12	-7.638149452e-12	-8.154116394e-12	-7.585249088e-12	-7.878763217e-12	-7.986447861e-12	-8.035580393e-12	-7.785923831e-12	-7.883058545e-12	-8.147635723e-12	-7.927217539e-12	-8.347180117e-12	-7.941836728e-12	-8.422687474e-12	-8.156151024e-12	-8.358257543e-12	-8.557500511e-12	-7.877331440e-12	-7.934376420e-12	-7.764221117e-12	-7.832042097e-12	-7.924203273e-12	-8.057885960e-12	-7.824732503e-12	-8.321332788e-12	-7.835357790e-12	-8.112896310e-12	-8.500606244e-12	-7.587208360e-12	-7.906268392e-12	-7.963840868e-12	-8.167605234e-12	-7.950352029e-12	-7.830610321e-12	-8.099030687e-12	-8.171222353e-12	-8.457125461e-12	-8.080719023e-12	-8.100462464e-12	-8.044472477e-12	-8.228870185e-12	-8.134448310e-12	-8.757647757e-12	-8.233617654e-12	-7.847038069e-12	-7.569273479e-12	-7.564752080e-12	-8.120205904e-12	-7.986975358e-12	-8.514773293e-12	-8.586663532e-12	-8.422687474e-12	-7.542295800e-12	-7.334688246e-12	-7.984714658e-12	-7.409818820e-12	-7.965272644e-12	-7.852162321e-12	-8.507463699e-12	-8.241228675e-12	-8.498873041e-12	-8.635871420e-12	-8.274611668e-12	-8.507614412e-12	-7.755253677e-12	-8.505127643e-12	-8.106189569e-12	-8.333389851e-12	-8.140476842e-12	-8.046582463e-12	-8.246578997e-12	-7.457142793e-12	-7.373270848e-12	-7.854573734e-12	-7.990667833e-12	-7.541090094e-12	-8.003855246e-12	-8.037162883e-12	-7.387287183e-12	-7.959394826e-12	-8.393750523e-12	-7.744477677e-12	-7.954647357e-12	-7.754274040e-12	-8.046054967e-12	-7.981022183e-12	-8.260067836e-12	-8.405129376e-12	-8.157130660e-12	-8.153739611e-12	-8.180641933e-12	-8.302267557e-12	-8.070922659e-12	-8.037690379e-12	-8.151931052e-12	-8.370917460e-12	-8.579655364e-12	-8.087199694e-12	-8.519671475e-12	-8.446650887e-12	-8.000991693e-12	-8.195939332e-12	-8.527960706e-12	-8.473327139e-12	-8.290813347e-12	-7.761734348e-12	-7.906720532e-12	-8.059543806e-12	-7.568519913e-12	-8.176874101e-12	-7.454580667e-12	-7.677937760e-12	-7.573041311e-12	-7.783210992e-12	-7.783889202e-12	-7.908378378e-12	-8.429243502e-12	-8.016439805e-12	-8.026085456e-12	-7.911543357e-12	-7.795343412e-12	-7.696701564e-12	-7.732571327e-12	-7.772811775e-12	-7.913728700e-12	-7.835583860e-12	-7.457821002e-12	-7.283747154e-12	-7.026780998e-12	-7.039440914e-12	-6.965440689e-12	-7.199649139e-12	-7.343655686e-12	-7.838070629e-12
-7.582536248e-12	-7.741312698e-12	-7.750355495e-12	-7.706121145e-12	-7.369276945e-12	-7.939123889e-12	-7.184728524e-12	-7.453827100e-12	-7.773565341e-12	-7.374702624e-12	-7.596326514e-12	-7.793836279e-12	-7.190078846e-12	-7.661660725e-12	-7.986900001e-12	-7.509440304e-12	-7.787581677e-12	-7.603636109e-12	-7.464904527e-12	-7.631065927e-12	-7.743648754e-12	-7.595120808e-12	-7.785019551e-12	-7.006811487e-12	-7.449004275e-12	-7.465281310e-12	-7.432877953e-12	-7.808907607e-12	-7.090457362e-12	-7.642972277e-12	-7.366940889e-12	-7.648397955e-12	-7.762412558e-12	-7.340490707e-12	-7.622173843e-12	-7.930759301e-12	-7.941761371e-12	-7.592407969e-12	-7.119017530e-12	-7.478619436e-12	-7.681630235e-12	-7.736113089e-12	-7.758041873e-12	-8.303247193e-12	-7.870323272e-12	-7.473871968e-12	-7.739579495e-12	-8.080794380e-12	-8.279735920e-12	-7.635285899e-12	-7.835357790e-12	-7.318712637e-12	-7.665654627e-12	-7.976576141e-12	-7.764974684e-12	-8.045753540e-12	-8.125933009e-12	-7.916969035e-12	-7.930910014e-12	-7.649076165e-12	-7.526320192e-12	-7.679670963e-12	-7.437022569e-12	-7.914557623e-12	-7.247048469e-12	-7.724131383e-12	-7.485175464e-12	-7.119168244e-12	-7.139589894e-12	-7.314718735e-12	-6.797320016e-12	-7.525641982e-12	-7.038385921e-12	-7.137705978e-12	-6.992644438e-12	-7.241773504e-12	-7.187667433e-12	-6.657834868e-12	-6.825804828e-12	-7.498890373e-12	-7.367317673e-12	-7.546214346e-12	-7.357295239e-12	-7.889689930e-12	-7.631442710e-12	-7.324741169e-12	-7.344936749e-12	-7.198292720e-12	-5.881962860e-12	-3.664367535e-12	-7.443503240e-12	-7.347951015e-12	-7.952989511e-12	-7.162724384e-12	-7.350965281e-12	-7.079304579e-12	-7.188496356e-12	-6.925577025e-12	-7.216755098e-12	-6.534325328e-12	-7.293166735e-12	-6.814124548e-12	-6.303131144e-12	-6.654142392e-12	-6.805609247e-12	-7.211555489e-12	-6.883301947e-12	-6.893550451e-12	-6.860845667e-12	-7.367393029e-12	-6.702446001e-12	-7.489094010e-12	-7.420218037e-12	-7.078927796e-12	-6.925953808e-12	-6.975764550e-12	-7.086538817e-12	-7.320897980e-12	-7.003872578e-12	-6.931605556e-12	-7.444859660e-12	-7.022561026e-12	-7.348101728e-12	-7.463849534e-12	-7.296256357e-12	-7.441543967e-12	-7.159257978e-12	-7.186009587e-12	-7.975897931e-12	-7.448250709e-12	-7.826917845e-12	-7.683664865e-12	-7.056622229e-12	-7.295954931e-12	-7.924806126e-12	-7.304168805e-12	-7.782306712e-12	-7.448401422e-12	-7.241698147e-12	-7.714184306e-12	-7.436947212e-12	-7.538678682e-12	-7.629935578e-12	-7.315170875e-12	-7.795268055e-12	-7.479373003e-12	-7.297160637e-12	-7.473269114e-12	-7.666558907e-12	-8.444390188e-12	-7.913879413e-12	-7.559627829e-12	-7.826390349e-12	-8.192397570e-12	-7.929855021e-12	-7.712074320e-12	-7.840934181e-12	-7.501979996e-12	-7.913728700e-12	-7.572137032e-12	-7.421649813e-12	-7.897979161e-12	-8.259088200e-12	-8.098804618e-12	-7.432953310e-12	-8.259615696e-12	-7.647795102e-12	-8.048391023e-12	-7.763693621e-12	-7.254960916e-12	-7.378169029e-12	-7.616296025e-12	-7.206883377e-12	-7.146296635e-12	-7.245465979e-12	-7.017059991e-12	-7.028589557e-12	-6.557685888e-12	-6.736356491e-12	-7.184427097e-12	-7.723227103e-12	-7.727673145e-12	-7.313965169e-12	-7.307183071e-12	-7.308614847e-12	-7.530163381e-12	-7.265058707e-12	-7.323384749e-12	-7.408613114e-12	-7.076365670e-12	-7.144714146e-12	-6.839745807e-12	-7.866706154e-12	-7.088573446e-12	-7.535589059e-12	-7.703935802e-12	-7.546138989e-12	-7.803632642e-12	-7.671306375e-12	-7.134842425e-12	-7.860752979e-12	-7.573418094e-12	-7.518633814e-12	-8.097071415e-12	-7.747868726e-12	-7.691878739e-12	-7.824355720e-12	-7.712903243e-12	-7.770023579e-12	-8.048767806e-12	-8.397669068e-12	-7.934677847e-12	-8.028044729e-12	-8.088330044e-12	-7.785471691e-12	-7.949297036e-12	-7.571383465e-12	-7.886977091e-12	-7.368824806e-12	-6.997090480e-12	-7.205376244e-12	-7.184427097e-12	-7.123463572e-12	-7.359179155e-12	-7.548550402e-12	-7.088196663e-12	-7.059410425e-12	-7.046223012e-12	-7.140418817e-12	-7.400399240e-12	-7.440941114e-12	-7.154133726e-12	-7.407708834e-12	-7.419991967e-12	-7.156394426e-12	-7.508460667e-12	-7.831966741e-12	-7.279979322e-12	-7.500171436e-12	-7.176213223e-12	-7.145543069e-12	-7.019772830e-12	-7.303189169e-12	-6.966797109e-12	-7.033487739e-12	-7.029493837e-12	-7.192867041e-12	-7.113064355e-12	-7.365283043e-12	-6.353394026e-12	-6.466655062e-12
-6.683305414e-12	-7.146673419e-12	-6.915328521e-12	-7.266565839e-12	-6.949465081e-12	-7.144186649e-12	-7.300174903e-12	-6.877424129e-12	-6.995357277e-12	-7.326399015e-12	-7.632497704e-12	-7.425719072e-12	-7.360384861e-12	-7.474324107e-12	-7.209294790e-12	-6.684887903e-12	-6.805986030e-12	-6.981340941e-12	-7.424965505e-12	-7.271162595e-12	-6.791140771e-12	-7.061972551e-12	-7.345841029e-12	-7.158805838e-12	-6.991137305e-12	-7.244637056e-12	-7.486757954e-12	-7.206129811e-12	-7.002516158e-12	-7.364755547e-12	-7.712827886e-12	-7.190530986e-12	-7.228812161e-12	-7.249459881e-12	-7.308690204e-12	-6.954664689e-12	-7.164759013e-12	-6.997090480e-12	-6.997768690e-12	-7.017888914e-12	-7.088799516e-12	-7.201683769e-12	-6.886994423e-12	-7.452772107e-12	-7.139589894e-12	-6.942155486e-12	-6.872601304e-12	-6.863709220e-12	-7.656461116e-12	-6.810055289e-12	-7.200930202e-12	-7.020978536e-12	-6.839218310e-12	-7.339963211e-12	-7.315396945e-12	-7.367845169e-12	-7.402509226e-12	-7.151496244e-12	-7.357747379e-12	-7.556688919e-12	-7.273423294e-12	-7.201533056e-12	-7.571458822e-12	-7.084654900e-12	-7.146598062e-12	-7.320671910e-12	-7.171013615e-12	-7.489998289e-12	-7.428657981e-12	-7.357295239e-12	-7.532273367e-12	-7.220221503e-12	-7.492937199e-12	-7.360234148e-12	-7.219618650e-12	-7.602505759e-12	-7.384574344e-12	-7.615693172e-12	-7.318411211e-12	-7.936637119e-12	-8.041006071e-12	-7.540788668e-12	-7.512680639e-12	-7.669422459e-12	-7.536870122e-12	-7.556312136e-12	-7.625112752e-12	-7.709587550e-12	-8.302267557e-12	-7.878687860e-12	-7.975747218e-12	-8.346351194e-12	-7.659776809e-12	-7.875296811e-12	-8.495105209e-12	-8.021413344e-12	-8.161275276e-12	-8.290285850e-12	-7.759699719e-12	-7.763919691e-12	-7.996696365e-12	-8.076574408e-12	-8.384632369e-12	-8.195110409e-12	-8.133091891e-12	-8.280866270e-12	-8.233240871e-12	-8.018097652e-12	-8.354037571e-12	-8.326230970e-12	-7.851031972e-12	-7.285103574e-12	-7.401077449e-12	-7.260537308e-12	-7.855478014e-12	-7.813052223e-12	-7.784341341e-12	-8.016590519e-12	-7.865349734e-12	-7.768742516e-12	-7.517578821e-12	-7.856533007e-12	-7.264983350e-12	-7.155414789e-12	-7.557743913e-12	-7.408537757e-12	-7.379902232e-12	-6.932208409e-12	-7.078852439e-12	-7.495348611e-12	-7.663393928e-12	-7.551790738e-12	-7.269278679e-12	-7.106282257e-12	-7.909433371e-12	-7.196258090e-12	-7.734304530e-12	-7.809887244e-12	-7.435590792e-12	-7.398515323e-12	-7.522778430e-12	-7.281260385e-12	-7.233258203e-12	-7.249158455e-12	-7.105076551e-12	-8.160144926e-12	-7.445462513e-12	-7.291734959e-12	-7.693536585e-12	-7.484572611e-12	-7.893457762e-12	-7.591880472e-12	-8.007547721e-12	-7.678314543e-12	-7.904158406e-12	-7.713430739e-12	-7.998504924e-12	-7.537171549e-12	-7.753068334e-12	-7.535664416e-12	-7.523305926e-12	-7.762186488e-12	-8.028120085e-12	-7.612151410e-12	-7.999710630e-12	-7.508460667e-12	-7.843496307e-12	-7.843948447e-12	-7.433254736e-12	-7.789164167e-12	-8.101442100e-12	-7.697831914e-12	-7.917270462e-12	-8.143566464e-12	-7.949070966e-12	-7.729632418e-12	-7.489922933e-12	-7.606725731e-12	-8.014706603e-12	-7.374853337e-12	-6.980210592e-12	-7.628503801e-12	-7.206732664e-12	-7.410346317e-12	-7.549680752e-12	-7.378847239e-12	-7.073577474e-12	-6.855269276e-12	-7.481859772e-12	-7.312005896e-12	-7.544556500e-12	-7.654501844e-12	-7.525792695e-12	-7.718856418e-12	-7.541542234e-12	-7.918174742e-12	-7.937918182e-12	-7.935582126e-12	-7.501527856e-12	-7.238985308e-12	-7.877632867e-12	-7.423985869e-12	-7.761583635e-12	-8.308672872e-12	-7.747642656e-12	-7.296859210e-12	-7.388718960e-12	-7.673491718e-12	-7.750129425e-12	-7.964217651e-12	-7.749827998e-12	-7.576130934e-12	-7.464829170e-12	-7.575904864e-12	-7.424211939e-12	-7.737921649e-12	-7.514489199e-12	-7.731667047e-12	-7.317431574e-12	-7.350663854e-12	-7.187290650e-12	-7.703709732e-12	-7.281712525e-12	-7.085483824e-12	-7.455258876e-12	-8.074916561e-12	-7.743648754e-12	-7.702202599e-12	-7.584194095e-12	-7.796096978e-12	-7.706723998e-12	-7.392336079e-12	-7.412079519e-12	-7.497006457e-12	-7.232655350e-12	-7.222934343e-12	-7.050216914e-12	-6.871169528e-12	-7.011634312e-12	-7.446065366e-12	-7.542371157e-12	-7.464753814e-12	-7.591126906e-12	-7.188044216e-12	-7.512529926e-12	-7.205225531e-12	-7.351191351e-12	-7.843797734e-12	-7.768968586e-12	-7.802728363e-12	-7.924127916e-12
-7.586605507e-12	-8.108827051e-12	-7.826088922e-12	-7.748773005e-12	-7.507104248e-12	-7.855704084e-12	-8.128871919e-12	-7.790671300e-12	-8.488699894e-12	-7.639882655e-12	-7.691878739e-12	-7.623002766e-12	-7.253679853e-12	-7.546063633e-12	-7.745155887e-12	-7.585475158e-12	-7.610794990e-12	-7.865575804e-12	-7.748622292e-12	-7.692933732e-12	-8.596007756e-12	-7.907021958e-12	-7.913427273e-12	-8.207845682e-12	-8.022317624e-12	-7.626167745e-12	-7.865048307e-12	-7.010202536e-12	-7.819909678e-12	-7.912296923e-12	-7.296708497e-12	-7.540939381e-12	-7.440413618e-12	-7.403338149e-12	-7.690446963e-12	-7.627448808e-12	-7.681102739e-12	-7.694742292e-12	-7.818402545e-12	-8.086822911e-12	-8.294957962e-12	-8.337157683e-12	-7.470480919e-12	-7.884038182e-12	-7.034542732e-12	-7.919606518e-12	-7.806496195e-12	-8.286819445e-12	-8.039046799e-12	-8.603015924e-12	-8.336479473e-12	-7.832946377e-12	-7.908152308e-12	-7.890594210e-12	-7.763542908e-12	-7.916366182e-12	-8.200234661e-12	-7.836563496e-12	-7.504918905e-12	-8.168810940e-12	-7.957209483e-12	-7.834152083e-12	-7.855251944e-12	-8.133167247e-12	-7.861355832e-12	-8.019981568e-12	-7.862862965e-12	-7.952763441e-12	-7.825259999e-12	-7.932793930e-12	-7.677259550e-12	-7.561888528e-12	-7.682007019e-12	-7.935205343e-12	-7.939425315e-12	-8.289984424e-12	-7.793534852e-12	-7.446894289e-12	-7.437323995e-12	-7.543576863e-12	-7.462040974e-12	-6.748338198e-12	-7.393843211e-12	-7.133184579e-12	-7.674395998e-12	-7.970246183e-12	-7.476735520e-12	-6.811034926e-12	-6.486549216e-12	-4.256369332e-12	4.996145508e-14	2.049897402e-10	-7.615090319e-12	-7.597833647e-12	-7.949146322e-12	-7.636114822e-12	-8.739562163e-12	-8.334369487e-12	-8.059091666e-12	-8.063462351e-12	-7.706045788e-12	-7.650055802e-12	-7.652391858e-12	-7.754198684e-12	-8.137839359e-12	-7.646890823e-12	-8.573325406e-12	-8.592239923e-12	-7.937164616e-12	-8.015083386e-12	-7.789239523e-12	-8.021488701e-12	-7.872282545e-12	-7.860677622e-12	-7.692406236e-12	-7.645383690e-12	-7.609137144e-12	-7.859924056e-12	-8.363607865e-12	-7.796096978e-12	-7.717575355e-12	-7.827746769e-12	-7.464377030e-12	-8.165645961e-12	-8.100613177e-12	-7.700921536e-12	-8.271748116e-12	-7.734832026e-12	-7.617953871e-12	-7.349608861e-12	-7.484421898e-12	-7.235142119e-12	-7.326172945e-12	-7.893231692e-12	-7.338305365e-12	-7.670402096e-12	-7.637772669e-12	-7.788410600e-12	-7.813353649e-12	-7.696023355e-12	-7.723754600e-12	-7.629709508e-12	-7.930457875e-12	-7.999861344e-12	-8.110334184e-12	-7.664448921e-12	-7.717650711e-12	-7.278698259e-12	-7.544707213e-12	-7.533705143e-12	-7.447873925e-12	-7.362494847e-12	-7.049011208e-12	-7.248329532e-12	-7.905062685e-12	-7.661434655e-12	-7.283144301e-12	-7.623831689e-12	-7.484120471e-12	-7.940857091e-12	-7.664222851e-12	-7.488039017e-12	-7.592106542e-12	-7.813805789e-12	-7.825636782e-12	-7.381560078e-12	-7.477413730e-12	-7.315999798e-12	-8.052610995e-12	-7.797754824e-12	-7.894211329e-12	-8.066702687e-12	-8.117794492e-12	-8.344015138e-12	-8.485987055e-12	-8.007246295e-12	-7.549906822e-12	-8.176723388e-12	-8.551848762e-12	-8.535496370e-12	-8.267603500e-12	-8.266473151e-12	-8.385235222e-12	-7.730762767e-12	-8.094057149e-12	-8.058714883e-12	-7.802502293e-12	-8.221862017e-12	-7.532876220e-12	-7.965875497e-12	-8.386817712e-12	-8.149519639e-12	-7.977480420e-12	-8.459310803e-12	-8.461571503e-12	-8.442581628e-12	-8.425400313e-12	-8.436553097e-12	-8.277098438e-12	-8.665109798e-12	-8.301438634e-12	-8.214175640e-12	-8.148012506e-12	-7.756836166e-12	-7.896472028e-12	-7.873488252e-12	-7.838296699e-12	-7.797227328e-12	-8.302870410e-12	-8.057433820e-12	-8.248688983e-12	-8.001669903e-12	-7.958038406e-12	-7.833247804e-12	-7.929478238e-12	-7.942891721e-12	-7.738373789e-12	-7.732043830e-12	-7.463623464e-12	-8.035731106e-12	-7.778538880e-12	-8.034600757e-12	-8.323668844e-12	-7.931814294e-12	-8.136181513e-12	-8.071902296e-12	-7.941912084e-12	-7.730536698e-12	-7.813805789e-12	-7.625489536e-12	-8.135955443e-12	-8.206941402e-12	-7.763392194e-12	-8.447705880e-12	-7.969794043e-12	-8.472573573e-12	-8.046507107e-12	-8.361347166e-12	-8.218244899e-12	-8.288175864e-12	-7.761432922e-12	-8.123220170e-12	-7.658345032e-12	-7.749225145e-12	-8.156979947e-12	-7.973109735e-12	-8.095036785e-12	-7.833699943e-12	-7.858567636e-12	-7.986146435e-12	-8.123446240e-12
-7.756233313e-12	-8.724189407e-12	-7.895040252e-12	-7.653597564e-12	-8.203851780e-12	-8.011692337e-12	-7.992476393e-12	-8.095187499e-12	-8.090063247e-12	-8.211764227e-12	-8.404149740e-12	-8.140175415e-12	-8.142888254e-12	-7.944624924e-12	-7.747341229e-12	-8.015008029e-12	-8.368506047e-12	-8.005889875e-12	-8.247483276e-12	-7.896547385e-12	-7.598888640e-12	-7.509440304e-12	-7.837995272e-12	-7.730913481e-12	-7.717801425e-12	-7.949447749e-12	-7.494142905e-12	-7.565354934e-12	-7.440036834e-12	-7.614412109e-12	-7.624886682e-12	-7.885243888e-12	-8.086898268e-12	-8.056303470e-12	-7.629182011e-12	-7.821944307e-12	-7.620440640e-12	-8.163008478e-12	-7.445537869e-12	-7.426171212e-12	-7.451792471e-12	-7.510796723e-12	-7.671080305e-12	-6.698678169e-12	-7.340415351e-12	-7.351266708e-12	-7.567012780e-12	-7.442222177e-12	-7.246973112e-12	-7.338305365e-12	-7.689542683e-12	-8.214326353e-12	-7.875296811e-12	-7.302586315e-12	-8.094961429e-12	-7.646815466e-12	-7.814182573e-12	-7.122257866e-12	-7.639882655e-12	-6.796943233e-12	-7.121881083e-12	-7.233559629e-12	-7.352472414e-12	-7.357747379e-12	-7.553674654e-12	-8.024955106e-12	-8.038820729e-12	-7.824581789e-12	-7.537171549e-12	-7.921716504e-12	-7.759247579e-12	-7.324515099e-12	-7.720664977e-12	-8.260444619e-12	-8.059468449e-12	-7.981172896e-12	-8.099256757e-12	-8.295786885e-12	-7.637169815e-12	-7.955400924e-12	-7.958264476e-12	-7.423985869e-12	-7.483140835e-12	-7.122333223e-12	-7.432651883e-12	-7.433706876e-12	-7.277341840e-12	-6.517520797e-12	-5.914516930e-12	-4.339110927e-12	7.112160076e-13	2.341286474e-10	-8.360518243e-12	-7.615165675e-12	-8.105662072e-12	-7.257598399e-12	-7.048634425e-12	-7.521798793e-12	-7.346293169e-12	-7.325720805e-12	-7.546892556e-12	-7.265435490e-12	-7.515845618e-12	-7.735736306e-12	-7.147276272e-12	-8.053213848e-12	-7.695495858e-12	-7.368824806e-12	-7.730762767e-12	-7.641841927e-12	-7.848243776e-12	-7.876653231e-12	-8.156075667e-12	-7.820663244e-12	-7.538075828e-12	-7.945604560e-12	-8.024578323e-12	-8.025181176e-12	-8.013124113e-12	-7.998655637e-12	-8.260595333e-12	-7.811997230e-12	-8.400532621e-12	-8.089987890e-12	-8.022995834e-12	-8.074313708e-12	-7.954496644e-12	-8.100462464e-12	-8.134071527e-12	-8.079513317e-12	-7.486004387e-12	-8.059091666e-12	-7.527375185e-12	-7.455635660e-12	-7.375230120e-12	-8.006266659e-12	-8.328491669e-12	-8.075896198e-12	-7.861958685e-12	-8.146203947e-12	-7.736263803e-12	-7.877708224e-12	-7.695420501e-12	-8.191945430e-12	-8.425174243e-12	-8.146203947e-12	-8.139723275e-12	-8.281243053e-12	-8.028496869e-12	-7.853970881e-12	-7.624057759e-12	-8.097975694e-12	-8.131358688e-12	-7.956681987e-12	-7.890443496e-12	-7.817272195e-12	-7.474474821e-12	-8.028421512e-12	-8.418693572e-12	-7.962559805e-12	-8.250723612e-12	-7.572664528e-12	-7.627373452e-12	-7.952688085e-12	-8.110937037e-12	-7.907775525e-12	-8.228719472e-12	-8.414398243e-12	-8.035354323e-12	-8.170016646e-12	-7.834378153e-12	-8.277173794e-12	-7.889011720e-12	-7.864596168e-12	-8.252080032e-12	-7.779443160e-12	-8.125104086e-12	-7.463020611e-12	-8.035580393e-12	-7.473645898e-12	-7.952914154e-12	-7.660907158e-12	-8.136181513e-12	-7.605369312e-12	-8.155623527e-12	-8.136633653e-12	-8.253737878e-12	-8.434744537e-12	-8.091570380e-12	-7.906871245e-12	-8.469634663e-12	-7.910714434e-12	-8.032113987e-12	-7.547495409e-12	-7.696400138e-12	-7.572890598e-12	-7.150893391e-12	-7.251720581e-12	-6.778254785e-12	-7.073577474e-12	-7.189475993e-12	-7.160237615e-12	-7.050895124e-12	-6.926858088e-12	-7.243054566e-12	-7.328358288e-12	-7.423383016e-12	-7.814483999e-12	-7.463246681e-12	-7.997676001e-12	-8.368732117e-12	-7.871981119e-12	-8.369787110e-12	-8.222766297e-12	-7.595949731e-12	-8.187122605e-12	-8.142285401e-12	-7.394973561e-12	-8.076272981e-12	-7.392110009e-12	-7.617652445e-12	-8.003478463e-12	-7.719685341e-12	-7.747115159e-12	-7.510193870e-12	-7.570705255e-12	-7.594744025e-12	-7.779443160e-12	-8.271974186e-12	-7.664750347e-12	-7.897828448e-12	-7.719986767e-12	-8.081397233e-12	-8.087802548e-12	-7.821416810e-12	-7.530163381e-12	-8.136558296e-12	-7.999032421e-12	-8.033922547e-12	-7.722021397e-12	-7.967457987e-12	-7.892704196e-12	-7.581858039e-12	-7.642520137e-12	-7.289700329e-12	-7.621495633e-12	-7.679444893e-12	-7.376887967e-12	-7.160463685e-12	-7.573719521e-12	-7.616974235e-12
-7.660379662e-12	-7.651110795e-12	-7.869192923e-12	-7.415395212e-12	-7.036125222e-12	-6.794305751e-12	-6.821886282e-12	-6.923165612e-12	-6.940723710e-12	-7.818101118e-12	-7.971904029e-12	-7.375832974e-12	-7.384272918e-12	-7.832871020e-12	-7.518332388e-12	-8.101969597e-12	-7.759624362e-12	-7.812147943e-12	-7.760453285e-12	-7.683062012e-12	-7.951105595e-12	-7.902349846e-12	-8.426455306e-12	-7.857889426e-12	-7.747793369e-12	-7.700092613e-12	-8.178305877e-12	-7.803255859e-12	-8.161049206e-12	-8.004232029e-12	-7.721644614e-12	-8.062859498e-12	-7.883284615e-12	-7.961580169e-12	-7.474851604e-12	-7.577487353e-12	-8.159918856e-12	-7.716218935e-12	-7.807400475e-12	-7.971677959e-12	-8.017570155e-12	-7.539206178e-12	-7.834227440e-12	-7.756836166e-12	-7.755781173e-12	-7.544481143e-12	-7.241246007e-12	-7.346443882e-12	-7.624434543e-12	-8.462626496e-12	-7.735510236e-12	-7.793233425e-12	-7.697907271e-12	-7.279225756e-12	-7.091738425e-12	-6.857228548e-12	-7.051347264e-12	-6.571476154e-12	-6.761525610e-12	-7.509666374e-12	-7.274026147e-12	-8.259766409e-12	-7.670025312e-12	-7.420971603e-12	-7.735058096e-12	-7.625715606e-12	-7.046675152e-12	-7.240191014e-12	-6.979306312e-12	-6.850672520e-12	-6.921884549e-12	-6.970640298e-12	-6.786920799e-12	-6.588129972e-12	-7.544255073e-12	-7.271690091e-12	-7.107035824e-12	-7.466487016e-12	-7.011860382e-12	-7.037330928e-12	-6.823167345e-12	-6.881493388e-12	-6.934243039e-12	-7.382841141e-12	-7.054436886e-12	-6.782625471e-12	-7.366639463e-12	-6.995507990e-12	-5.631175948e-12	-3.854190922e-12	1.174885439e-12	1.727551067e-11	-7.585625871e-12	-7.444407520e-12	-8.019378715e-12	-7.978007917e-12	-7.618104584e-12	-7.886600308e-12	-8.019755498e-12	-8.019001931e-12	-7.994360309e-12	-7.801824083e-12	-7.278547546e-12	-7.415395212e-12	-7.667839970e-12	-7.365961253e-12	-7.754575467e-12	-7.657139326e-12	-7.404393142e-12	-7.154209083e-12	-7.443126457e-12	-7.566183857e-12	-7.782080642e-12	-7.005002928e-12	-7.134540999e-12	-7.523758066e-12	-7.653823634e-12	-7.173274314e-12	-7.397083547e-12	-7.372366568e-12	-7.275457923e-12	-7.019320690e-12	-7.510344583e-12	-6.920151346e-12	-7.431370820e-12	-7.184125671e-12	-7.453299604e-12	-7.415395212e-12	-7.263702287e-12	-7.268675826e-12	-7.227606454e-12	-7.014121082e-12	-7.160539041e-12	-6.986917333e-12	-7.447421785e-12	-6.894605444e-12	-7.194901671e-12	-7.419389114e-12	-7.378093673e-12	-7.056245446e-12	-7.763542908e-12	-6.727690477e-12	-7.272745084e-12	-7.056697585e-12	-7.048935851e-12	-7.108316887e-12	-6.998597613e-12	-7.752164054e-12	-7.632120920e-12	-7.895190965e-12	-7.705066152e-12	-7.378093673e-12	-7.072899264e-12	-7.365735183e-12	-7.655556837e-12	-7.536116556e-12	-7.571232752e-12	-7.108542957e-12	-7.555181787e-12	-7.512605283e-12	-7.682383802e-12	-7.496102178e-12	-7.467918793e-12	-7.480352639e-12	-7.144714146e-12	-7.542823297e-12	-7.351944917e-12	-8.061879862e-12	-8.093680366e-12	-7.336421449e-12	-7.434008303e-12	-7.252097364e-12	-7.600621843e-12	-7.687131271e-12	-7.372743351e-12	-7.846811999e-12	-7.539582961e-12	-7.604917172e-12	-7.673943858e-12	-7.768139663e-12	-7.219467937e-12	-6.972976354e-12	-7.453525674e-12	-7.437776135e-12	-7.797528754e-12	-7.767160027e-12	-7.580501619e-12	-7.180809978e-12	-7.877180727e-12	-7.373044778e-12	-7.766105034e-12	-7.770475719e-12	-7.758117229e-12	-7.425417645e-12	-7.313362315e-12	-7.528806961e-12	-7.716595718e-12	-8.069716953e-12	-7.792555216e-12	-7.570629899e-12	-7.515242765e-12	-7.281335742e-12	-7.429486904e-12	-7.148858761e-12	-7.423985869e-12	-7.036275935e-12	-7.638074095e-12	-7.236121755e-12	-7.281034315e-12	-7.635361256e-12	-7.967533343e-12	-7.717123215e-12	-7.777257817e-12	-7.157072636e-12	-7.332050763e-12	-7.499417870e-12	-7.260838735e-12	-6.820755933e-12	-7.815689705e-12	-7.108241530e-12	-7.392185365e-12	-7.776353537e-12	-7.750807635e-12	-7.453299604e-12	-7.637546599e-12	-7.741689481e-12	-7.909207301e-12	-7.905665539e-12	-7.846585930e-12	-7.527601255e-12	-7.812901510e-12	-6.979080242e-12	-7.852388391e-12	-8.321935641e-12	-7.701449033e-12	-8.054947051e-12	-7.642896920e-12	-7.435666149e-12	-7.678013117e-12	-7.424588722e-12	-7.420820890e-12	-7.653898990e-12	-7.699640473e-12	-7.667011047e-12	-7.438152918e-12	-7.563244948e-12	-7.473796611e-12	-7.771907495e-12	-7.800392307e-12	-7.355712750e-12	-7.430994037e-12
-6.920980269e-12	-7.410647743e-12	-7.579371269e-12	-7.836337426e-12	-7.748848362e-12	-7.402961365e-12	-7.193017755e-12	-6.958206452e-12	-7.021656746e-12	-7.057225082e-12	-7.232429280e-12	-7.041927683e-12	-7.143583796e-12	-7.224667545e-12	-6.615032294e-12	-6.976367403e-12	-7.560381395e-12	-7.362344134e-12	-7.290453896e-12	-7.221351853e-12	-6.746831065e-12	-7.152626594e-12	-7.075386033e-12	-7.212007629e-12	-7.036502005e-12	-7.322631183e-12	-6.952479347e-12	-6.886165500e-12	-7.566862066e-12	-7.043133390e-12	-7.045469446e-12	-6.939065864e-12	-7.453299604e-12	-7.563923157e-12	-7.799488027e-12	-7.749978712e-12	-7.452244611e-12	-7.574473088e-12	-7.367468386e-12	-7.470706988e-12	-7.496554317e-12	-7.819231468e-12	-7.230168580e-12	-7.316904078e-12	-7.242150287e-12	-7.433028666e-12	-7.502658206e-12	-7.587811214e-12	-7.697831914e-12	-8.415001096e-12	-7.949598462e-12	-8.186444395e-12	-8.423667111e-12	-7.954722714e-12	-8.123144814e-12	-8.344844061e-12	-7.700017257e-12	-8.229020899e-12	-8.396312649e-12	-8.305131109e-12	-8.111992030e-12	-8.466469684e-12	-8.281469123e-12	-8.253587165e-12	-8.152006408e-12	-8.157055303e-12	-7.860752979e-12	-7.617652445e-12	-7.547269339e-12	-8.024502966e-12	-7.914406909e-12	-8.177326241e-12	-8.311008928e-12	-7.916366182e-12	-8.092248590e-12	-7.442448247e-12	-7.845003440e-12	-7.372215855e-12	-7.409743463e-12	-7.144940216e-12	-7.559175689e-12	-7.851710181e-12	-7.815538992e-12	-7.410044890e-12	-7.397611044e-12	-7.644328697e-12	-6.899805052e-12	-6.194617576e-12	-5.926347923e-12	-3.894205300e-12	7.519839520e-13	2.089074568e-11	-7.819758964e-12	-7.498664303e-12	-7.757891159e-12	-7.730084558e-12	-7.490525786e-12	-7.310649476e-12	-7.630613787e-12	-7.097993026e-12	-7.366187323e-12	-7.031453110e-12	-7.576809143e-12	-7.514790625e-12	-7.557216416e-12	-7.421423743e-12	-7.497986094e-12	-7.693838012e-12	-7.806194768e-12	-7.706723998e-12	-7.641766571e-12	-7.924504700e-12	-7.934979273e-12	-8.143265038e-12	-8.225931276e-12	-7.877030014e-12	-7.982906099e-12	-7.442146820e-12	-7.871453622e-12	-7.707326851e-12	-7.623530263e-12	-8.264061738e-12	-7.753294404e-12	-7.890518853e-12	-8.168584870e-12	-7.868439356e-12	-7.378018316e-12	-7.709060054e-12	-7.289172833e-12	-7.864294741e-12	-7.881400699e-12	-7.835131720e-12	-7.541316164e-12	-7.951105595e-12	-7.693687299e-12	-7.745231243e-12	-8.322161711e-12	-7.431898317e-12	-8.081472589e-12	-8.022543694e-12	-8.158562436e-12	-8.252004675e-12	-7.983132169e-12	-7.802125510e-12	-8.292772620e-12	-8.088706827e-12	-8.569934357e-12	-8.823358751e-12	-8.567598301e-12	-7.894135972e-12	-7.775223188e-12	-8.278831640e-12	-8.364587501e-12	-8.454186551e-12	-8.130454408e-12	-8.280263417e-12	-7.940631021e-12	-7.873262182e-12	-7.910488364e-12	-8.330149515e-12	-8.040629288e-12	-7.722021397e-12	-8.239269402e-12	-7.871905762e-12	-7.637169815e-12	-7.512379213e-12	-7.141473810e-12	-7.151873027e-12	-8.163912758e-12	-7.333256470e-12	-7.473570541e-12	-7.323309393e-12	-7.398515323e-12	-7.483517618e-12	-7.688563047e-12	-7.656235046e-12	-7.260763378e-12	-7.296934567e-12	-6.925426311e-12	-7.660228949e-12	-8.147861793e-12	-7.951180952e-12	-7.384423631e-12	-7.287741056e-12	-7.783663132e-12	-7.337702512e-12	-7.556312136e-12	-7.984413232e-12	-7.191585979e-12	-7.160237615e-12	-7.462643828e-12	-7.511474933e-12	-7.444482876e-12	-7.479523716e-12	-8.045828897e-12	-7.258954818e-12	-7.342751407e-12	-7.398590680e-12	-7.316376581e-12	-7.229641084e-12	-7.619159577e-12	-7.745758740e-12	-7.257523042e-12	-6.827161247e-12	-6.495667370e-12	-6.852104297e-12	-7.264380497e-12	-7.475002317e-12	-7.571534178e-12	-7.592407969e-12	-7.600847913e-12	-7.268977252e-12	-7.283822511e-12	-7.360912358e-12	-7.550509675e-12	-7.356692386e-12	-7.752164054e-12	-7.079907432e-12	-7.261667658e-12	-7.028966340e-12	-7.595271521e-12	-6.959336801e-12	-6.915177808e-12	-6.849165387e-12	-7.003872578e-12	-6.724977638e-12	-7.350588498e-12	-7.449833198e-12	-7.711622180e-12	-7.715465369e-12	-7.963916225e-12	-7.512605283e-12	-7.660228949e-12	-7.662338935e-12	-7.104247628e-12	-7.241547434e-12	-6.954363263e-12	-7.816292559e-12	-7.468220219e-12	-7.479674429e-12	-7.369503015e-12	-7.900239860e-12	-7.197237727e-12	-7.286384637e-12	-7.449381058e-12	-7.358727015e-12	-7.345690316e-12	-7.338908218e-12	-7.729255635e-12	-7.835357790e-12	-7.848017706e-12
-7.329865421e-12	-7.853141958e-12	-7.799488027e-12	-7.998806351e-12	-7.940932448e-12	-8.288703361e-12	-7.994887805e-12	-8.538510636e-12	-8.147183583e-12	-8.059694519e-12	-7.949975245e-12	-8.083055079e-12	-7.885620671e-12	-8.175668395e-12	-7.461814904e-12	-7.990743190e-12	-8.330827725e-12	-8.593973126e-12	-7.695043718e-12	-8.151177485e-12	-8.440019502e-12	-8.347632257e-12	-8.173483052e-12	-8.619368315e-12	-8.436251670e-12	-8.398196565e-12	-8.447479810e-12	-8.400758691e-12	-8.008753428e-12	-8.461044006e-12	-8.213271360e-12	-8.016439805e-12	-8.285387668e-12	-8.405054019e-12	-8.458029740e-12	-8.129399415e-12	-8.660211617e-12	-8.306336816e-12	-8.128042995e-12	-8.735417547e-12	-8.619443672e-12	-8.033997904e-12	-8.841293632e-12	-8.344090494e-12	-8.103099946e-12	-7.930533231e-12	-8.017193372e-12	-8.186670465e-12	-8.658327700e-12	-7.778388167e-12	-7.897074881e-12	-8.433689544e-12	-8.101065317e-12	-8.074313708e-12	-8.149067499e-12	-8.033244337e-12	-8.526302860e-12	-8.469710020e-12	-8.347858326e-12	-8.743480708e-12	-8.710700568e-12	-8.439642719e-12	-8.395860509e-12	-8.045376757e-12	-8.660437686e-12	-8.296465095e-12	-8.337383753e-12	-8.314098550e-12	-8.457351530e-12	-7.895115608e-12	-7.876803944e-12	-8.013726966e-12	-8.085767918e-12	-8.410328985e-12	-7.769646796e-12	-8.260293906e-12	-8.521480035e-12	-8.112142744e-12	-7.990667833e-12	-7.559929255e-12	-8.136935079e-12	-8.655690218e-12	-8.662773742e-12	-8.224047360e-12	-8.467373964e-12	-7.861431188e-12	-7.818251831e-12	-7.847264139e-12	-6.599508825e-12	-5.362755581e-12	-7.979439693e-12	-8.466168258e-12	-8.401361544e-12	-7.978987553e-12	-8.296465095e-12	-8.215984199e-12	-8.197069682e-12	-7.580200192e-12	-8.123898380e-12	-8.174010548e-12	-8.364512145e-12	-8.112745597e-12	-7.388718960e-12	-7.775373901e-12	-8.016213736e-12	-7.983207525e-12	-8.455467614e-12	-8.379055977e-12	-8.249141123e-12	-8.661492679e-12	-8.591787784e-12	-8.463756845e-12	-8.346501907e-12	-8.562097266e-12	-8.874149129e-12	-8.228418046e-12	-7.857437286e-12	-7.770098936e-12	-7.846284503e-12	-8.202420003e-12	-7.917044392e-12	-7.879290713e-12	-8.522158244e-12	-8.744158918e-12	-7.919305091e-12	-8.090515387e-12	-8.245599360e-12	-7.546892556e-12	-8.094886072e-12	-7.846962713e-12	-8.212065654e-12	-7.614186039e-12	-7.696701564e-12	-8.070244449e-12	-7.979741120e-12	-8.048240309e-12	-8.038293232e-12	-7.539356891e-12	-7.845681650e-12	-7.923374350e-12	-7.932417147e-12	-7.910563720e-12	-8.100161037e-12	-8.347330830e-12	-8.250196116e-12	-8.044321764e-12	-8.096543918e-12	-7.765878964e-12	-8.045678183e-12	-7.634004836e-12	-7.652090431e-12	-7.797754824e-12	-7.734832026e-12	-8.063160925e-12	-8.023749400e-12	-7.658345032e-12	-7.927971105e-12	-7.029870620e-12	-7.720288194e-12	-7.907474098e-12	-7.930231805e-12	-7.594216528e-12	-7.957812336e-12	-8.196994325e-12	-8.301137207e-12	-8.254717514e-12	-7.854950517e-12	-7.435892219e-12	-7.827596055e-12	-7.407332051e-12	-8.122391247e-12	-7.857588000e-12	-8.235049430e-12	-8.090289317e-12	-7.940404952e-12	-8.188931164e-12	-7.780272083e-12	-7.866630797e-12	-8.324874550e-12	-8.016063022e-12	-7.723679243e-12	-7.800316950e-12	-7.803632642e-12	-7.495725394e-12	-7.032658816e-12	-7.487436164e-12	-7.473043044e-12	-8.107998128e-12	-7.648850095e-12	-7.756610096e-12	-8.187499388e-12	-7.878085007e-12	-7.704990795e-12	-8.025784029e-12	-7.817648978e-12	-7.999409204e-12	-7.706648641e-12	-8.008376645e-12	-7.843044167e-12	-7.401981729e-12	-7.927142182e-12	-7.823602153e-12	-8.128495135e-12	-7.912673706e-12	-7.868740783e-12	-7.678691326e-12	-8.207921038e-12	-8.319072088e-12	-9.088764852e-12	-8.353284005e-12	-8.611531224e-12	-8.059468449e-12	-8.747474610e-12	-8.607914105e-12	-8.388852341e-12	-8.532105321e-12	-8.314324620e-12	-7.982680029e-12	-8.302568983e-12	-7.766783243e-12	-8.076875834e-12	-7.827596055e-12	-7.151119461e-12	-7.581405899e-12	-7.993154602e-12	-7.491279352e-12	-7.788712027e-12	-8.101969597e-12	-8.300232927e-12	-8.202872143e-12	-8.502640874e-12	-8.449213013e-12	-8.403396173e-12	-8.249819332e-12	-7.967156560e-12	-7.977103637e-12	-8.043568197e-12	-7.911468000e-12	-7.871378265e-12	-7.850956615e-12	-7.965649427e-12	-7.636039466e-12	-7.638074095e-12	-8.225403780e-12	-8.209804954e-12	-7.806797621e-12	-8.339343026e-12	-8.227061626e-12	-8.628561826e-12	-8.672117966e-12	-8.590808147e-12
-8.168509513e-12	-8.663376596e-12	-8.216587052e-12	-7.959997679e-12	-7.977329707e-12	-8.220430241e-12	-8.030305428e-12	-8.085165065e-12	-8.000087414e-12	-8.075217988e-12	-8.390736257e-12	-8.260519976e-12	-8.410931838e-12	-8.023523330e-12	-8.423817824e-12	-8.155246744e-12	-7.768064306e-12	-7.592407969e-12	-8.020358351e-12	-8.377172061e-12	-8.154417821e-12	-8.754934918e-12	-7.901746993e-12	-8.271522046e-12	-7.866555440e-12	-8.326381683e-12	-8.297896871e-12	-7.832795664e-12	-8.197823248e-12	-7.320069057e-12	-7.839653118e-12	-7.574548444e-12	-7.758720082e-12	-8.125782296e-12	-7.699640473e-12	-7.856608363e-12	-7.969718686e-12	-8.203474996e-12	-7.919380448e-12	-7.807852614e-12	-8.425023530e-12	-8.343035501e-12	-8.268357067e-12	-8.072053009e-12	-8.368279977e-12	-8.392092677e-12	-8.365642495e-12	-8.793818947e-12	-8.526302860e-12	-8.687490722e-12	-8.284709459e-12	-8.089535750e-12	-7.917119748e-12	-7.985543581e-12	-8.341151585e-12	-8.370766746e-12	-7.838748839e-12	-8.400306551e-12	-8.552903755e-12	-8.316962102e-12	-8.465188621e-12	-8.166022744e-12	-7.935506770e-12	-8.155020674e-12	-8.251326465e-12	-8.091947163e-12	-8.083733289e-12	-8.557726580e-12	-8.498722328e-12	-8.609647308e-12	-8.100387107e-12	-7.913427273e-12	-7.997902071e-12	-8.193980059e-12	-8.245071864e-12	-8.145525737e-12	-8.035505036e-12	-8.222766297e-12	-7.973034378e-12	-7.900239860e-12	-8.118020562e-12	-7.880496419e-12	-8.036710743e-12	-8.258862130e-12	-8.901880374e-12	-7.946132056e-12	-8.176497318e-12	-7.187366006e-12	-5.948427420e-12	-2.953679024e-12	9.009414306e-12	1.313790341e-10	-7.887655301e-12	-7.673717788e-12	-8.025557959e-12	-7.865877230e-12	-7.859622629e-12	-7.411778093e-12	-7.979816476e-12	-8.328642382e-12	-8.071525512e-12	-7.526320192e-12	-7.491806849e-12	-7.613206403e-12	-7.601978263e-12	-7.922319357e-12	-8.326607753e-12	-8.172729485e-12	-8.579127867e-12	-7.962635162e-12	-8.265945654e-12	-8.049596729e-12	-7.803783356e-12	-8.040780002e-12	-7.480955492e-12	-7.833247804e-12	-7.738675215e-12	-7.790520586e-12	-8.154342464e-12	-7.897074881e-12	-7.967910127e-12	-7.766255747e-12	-7.661283942e-12	-8.174914828e-12	-7.587585144e-12	-8.062030575e-12	-7.759172222e-12	-7.958791973e-12	-8.160521709e-12	-7.723829956e-12	-7.881023916e-12	-7.948242043e-12	-7.655556837e-12	-8.210181738e-12	-8.090816813e-12	-8.135804730e-12	-7.831740671e-12	-7.749451215e-12	-7.768893229e-12	-8.194884339e-12	-7.674923494e-12	-7.841687748e-12	-8.148916786e-12	-8.299479361e-12	-7.892402769e-12	-7.890594210e-12	-8.434066327e-12	-8.550040203e-12	-8.228794829e-12	-8.264363165e-12	-7.483743688e-12	-7.604766458e-12	-8.031209708e-12	-7.397912470e-12	-7.488943296e-12	-7.646740109e-12	-7.725939942e-12	-7.914030126e-12	-7.731290264e-12	-8.426379950e-12	-8.229925178e-12	-8.167153094e-12	-8.376870634e-12	-7.738675215e-12	-7.427527631e-12	-7.368975519e-12	-7.313889812e-12	-8.177476954e-12	-7.894211329e-12	-7.673567075e-12	-8.273707389e-12	-7.917722602e-12	-8.490583811e-12	-8.333465207e-12	-7.961278742e-12	-8.018474435e-12	-7.945303133e-12	-8.203248926e-12	-8.467072538e-12	-8.266623864e-12	-8.281770550e-12	-7.715540725e-12	-8.048466379e-12	-8.329471305e-12	-8.100462464e-12	-8.010637344e-12	-8.145676450e-12	-8.342734075e-12	-8.175969821e-12	-8.339719809e-12	-8.129324058e-12	-7.584646234e-12	-7.820361817e-12	-7.528128751e-12	-7.781779216e-12	-7.201080916e-12	-7.550811101e-12	-7.877406797e-12	-7.403413505e-12	-7.905439469e-12	-7.717273928e-12	-8.128193709e-12	-7.732797397e-12	-7.951783805e-12	-7.749601929e-12	-7.358576302e-12	-7.767160027e-12	-7.556914989e-12	-7.801522656e-12	-7.836186713e-12	-7.707100781e-12	-7.125046062e-12	-7.046599795e-12	-7.210048356e-12	-7.370407295e-12	-7.183598174e-12	-7.175233587e-12	-7.649829732e-12	-7.754198684e-12	-7.449079632e-12	-7.766255747e-12	-7.512680639e-12	-7.602656472e-12	-6.951273640e-12	-7.351191351e-12	-7.325268665e-12	-7.218714370e-12	-7.396405337e-12	-7.483743688e-12	-7.264229784e-12	-8.023221903e-12	-7.561737815e-12	-7.299119910e-12	-7.958867329e-12	-7.801221230e-12	-8.036635386e-12	-7.897602378e-12	-8.076951191e-12	-8.327135249e-12	-8.117568422e-12	-8.071826939e-12	-7.811846517e-12	-7.597155437e-12	-7.978460057e-12	-8.079136533e-12	-8.224951640e-12	-8.175593038e-12	-8.376719921e-12	-8.632706441e-12	-7.764371831e-12	-7.596778654e-12
-7.497307884e-12	-7.613809256e-12	-7.494142905e-12	-7.097540887e-12	-6.909073920e-12	-7.461664191e-12	-7.352999910e-12	-7.799638740e-12	-7.491731492e-12	-7.733626320e-12	-7.411401310e-12	-7.715239299e-12	-7.359329868e-12	-7.503939269e-12	-7.899034154e-12	-7.987502854e-12	-7.332126120e-12	-6.705686337e-12	-7.507179604e-12	-7.313965169e-12	-7.165814006e-12	-7.273875434e-12	-7.635361256e-12	-7.437550065e-12	-7.186386370e-12	-6.962652494e-12	-7.428205841e-12	-7.102363712e-12	-7.178775349e-12	-7.004098648e-12	-7.268374399e-12	-7.279301112e-12	-7.320596553e-12	-7.129492104e-12	-7.408613114e-12	-7.036049865e-12	-7.103418705e-12	-7.355034540e-12	-7.545611493e-12	-7.174329307e-12	-7.437399352e-12	-7.556538206e-12	-6.917966004e-12	-7.293468161e-12	-6.653614896e-12	-6.765745582e-12	-6.661376630e-12	-7.007489697e-12	-7.157298705e-12	-7.359480582e-12	-7.017512131e-12	-7.041249473e-12	-7.008846116e-12	-6.759566338e-12	-6.891591178e-12	-7.051347264e-12	-6.719627316e-12	-6.396648739e-12	-6.614806224e-12	-6.484665300e-12	-6.993171934e-12	-7.557065703e-12	-7.583817311e-12	-7.777709957e-12	-7.120223237e-12	-6.970941724e-12	-7.233408916e-12	-7.303189169e-12	-7.095355544e-12	-7.157675489e-12	-7.317883714e-12	-6.785865806e-12	-6.935298032e-12	-7.093773054e-12	-7.392185365e-12	-7.073803544e-12	-7.081942061e-12	-6.744871792e-12	-7.339887854e-12	-7.124367852e-12	-6.808849583e-12	-6.643215679e-12	-6.910430339e-12	-6.787749722e-12	-6.539072797e-12	-6.524378251e-12	-6.780138701e-12	-7.145618426e-12	-6.931982339e-12	-7.003420438e-12	-7.155942286e-12	-6.864086003e-12	-7.143131656e-12	-6.852028940e-12	-7.113516495e-12	-7.082695628e-12	-7.136198845e-12	-7.183899601e-12	-6.455426922e-12	-6.925652381e-12	-6.805307821e-12	-7.015703571e-12	-6.355579368e-12	-7.122107153e-12	-6.677126169e-12	-6.694684267e-12	-6.724224071e-12	-7.018416410e-12	-6.571099371e-12	-6.928817360e-12	-6.958131095e-12	-6.822865919e-12	-6.929420214e-12	-7.517729534e-12	-6.776446226e-12	-7.018416410e-12	-6.936051598e-12	-6.844870059e-12	-6.841780436e-12	-6.904552521e-12	-7.190907769e-12	-7.053909390e-12	-6.620985469e-12	-7.640033368e-12	-7.115023628e-12	-7.580501619e-12	-7.453224247e-12	-7.324364386e-12	-7.132732439e-12	-7.044565166e-12	-7.056320802e-12	-7.083901334e-12	-7.189249923e-12	-7.096561250e-12	-7.059787208e-12	-6.995055851e-12	-6.641859259e-12	-6.897092213e-12	-7.252172720e-12	-7.031227040e-12	-7.186235657e-12	-7.474625534e-12	-7.233710343e-12	-7.197463797e-12	-7.784718125e-12	-6.849843597e-12	-6.880363038e-12	-7.387136470e-12	-6.757380995e-12	-7.169958622e-12	-6.945847962e-12	-6.763409526e-12	-7.280958959e-12	-7.166040076e-12	-6.965892829e-12	-7.086237390e-12	-7.103343348e-12	-7.014271795e-12	-7.234313196e-12	-7.258653392e-12	-7.255111630e-12	-7.446065366e-12	-7.503110345e-12	-6.894605444e-12	-6.762882030e-12	-7.538226542e-12	-6.901312185e-12	-7.371462288e-12	-7.455937086e-12	-7.644554767e-12	-7.445613226e-12	-7.473193758e-12	-7.442674317e-12	-7.724583523e-12	-7.800769090e-12	-7.882681762e-12	-7.463774177e-12	-7.297612777e-12	-7.048634425e-12	-7.613959969e-12	-7.682308445e-12	-7.556161423e-12	-7.614336752e-12	-7.795644838e-12	-7.757288306e-12	-7.449757841e-12	-7.451717114e-12	-7.506350681e-12	-7.316753364e-12	-7.886298881e-12	-8.003704533e-12	-7.587434430e-12	-7.575151297e-12	-7.022259599e-12	-6.978628102e-12	-7.434837226e-12	-7.154510510e-12	-7.225722538e-12	-7.312156609e-12	-7.869042210e-12	-7.155113363e-12	-7.912824420e-12	-7.572513815e-12	-7.528053395e-12	-8.051028505e-12	-7.415696638e-12	-7.686377704e-12	-7.510193870e-12	-8.225253066e-12	-8.279057710e-12	-7.487737590e-12	-7.585475158e-12	-7.448401422e-12	-7.658872529e-12	-7.753746544e-12	-8.165269178e-12	-7.643650487e-12	-8.253888591e-12	-7.980193260e-12	-7.935280700e-12	-8.054118128e-12	-7.621043494e-12	-7.476886233e-12	-7.862561538e-12	-7.933924280e-12	-7.683740222e-12	-7.451867827e-12	-7.604088249e-12	-6.910430339e-12	-7.144638789e-12	-7.102514425e-12	-7.243205280e-12	-7.549454682e-12	-7.316301225e-12	-7.493916835e-12	-7.797001258e-12	-7.143131656e-12	-7.763542908e-12	-7.484497254e-12	-7.176363936e-12	-7.143131656e-12	-7.093320915e-12	-7.358048805e-12	-7.650507941e-12	-7.098143740e-12	-7.323686176e-12	-7.494595045e-12	-7.101233362e-12	-7.413059156e-12	-7.291433532e-12	-7.071241418e-12
-7.426774065e-12	-7.036125222e-12	-7.004852214e-12	-7.077646733e-12	-7.069734285e-12	-7.420142680e-12	-7.603485396e-12	-7.275231854e-12	-6.983224857e-12	-7.491505422e-12	-7.027308494e-12	-7.218488301e-12	-7.828575692e-12	-7.677636333e-12	-7.615241032e-12	-7.023088522e-12	-6.957302172e-12	-7.079982789e-12	-7.284726791e-12	-7.221050426e-12	-7.214720468e-12	-7.643650487e-12	-7.192565615e-12	-7.555257143e-12	-7.267394763e-12	-6.935298032e-12	-7.076817809e-12	-7.589921200e-12	-7.317130148e-12	-7.118565390e-12	-7.049689418e-12	-6.905758227e-12	-6.940949780e-12	-6.948259375e-12	-6.994829781e-12	-6.780816911e-12	-7.570479185e-12	-7.281260385e-12	-7.354657756e-12	-7.286761420e-12	-7.069734285e-12	-6.896112577e-12	-6.852707150e-12	-6.809678506e-12	-7.166190789e-12	-6.927611654e-12	-6.984731990e-12	-6.451809803e-12	-7.035673082e-12	-6.809226366e-12	-6.863106367e-12	-6.643140322e-12	-6.936880521e-12	-7.103644775e-12	-7.164532943e-12	-7.323460106e-12	-6.639523203e-12	-7.223838622e-12	-6.867326339e-12	-7.161367964e-12	-7.262195154e-12	-6.582101441e-12	-6.960015011e-12	-6.983752354e-12	-6.538168517e-12	-6.922713472e-12	-7.109296523e-12	-7.330468274e-12	-7.068830005e-12	-7.223763266e-12	-7.118263964e-12	-7.026554928e-12	-6.809226366e-12	-7.196936300e-12	-7.022787096e-12	-6.968831738e-12	-6.932133053e-12	-7.129115321e-12	-7.190681699e-12	-7.419163044e-12	-7.437625422e-12	-7.117661111e-12	-6.877122702e-12	-7.331071127e-12	-7.170109335e-12	-6.793326114e-12	-6.688580379e-12	-5.835467810e-12	-3.485094079e-12	3.941679986e-12	5.308385763e-11	2.109261859e-10	1.631698923e-10	-7.142830230e-12	-6.749996044e-12	-6.727916547e-12	-6.992116941e-12	-6.673584407e-12	-7.458725282e-12	-6.795511457e-12	-7.138082761e-12	-7.093320915e-12	-6.841705080e-12	-7.082544914e-12	-7.079907432e-12	-7.316075155e-12	-6.945094396e-12	-6.907792857e-12	-6.609832686e-12	-7.133787432e-12	-6.968681025e-12	-6.853460716e-12	-6.798601079e-12	-6.291074081e-12	-7.317280861e-12	-6.647284938e-12	-7.269881532e-12	-7.204924105e-12	-6.355956151e-12	-6.853234646e-12	-6.914273528e-12	-7.038913417e-12	-6.831833359e-12	-6.581046448e-12	-6.494913803e-12	-6.232521968e-12	-6.970112801e-12	-7.036803431e-12	-7.047956215e-12	-7.167999349e-12	-6.944190116e-12	-7.242527070e-12	-6.884658367e-12	-7.086840243e-12	-6.986540550e-12	-7.459780275e-12	-7.409442037e-12	-7.116229334e-12	-7.440187548e-12	-7.208918007e-12	-6.891515822e-12	-7.350588498e-12	-7.069357502e-12	-7.679143466e-12	-7.534760136e-12	-6.921357053e-12	-7.246671685e-12	-7.516448472e-12	-7.267997616e-12	-7.207787657e-12	-7.547646122e-12	-7.203115545e-12	-7.538603325e-12	-6.965968186e-12	-6.745022505e-12	-6.872224521e-12	-7.236046399e-12	-7.180583908e-12	-6.940572997e-12	-7.299421336e-12	-6.769362701e-12	-6.631912182e-12	-6.751051037e-12	-7.095204831e-12	-6.941552633e-12	-7.357822736e-12	-6.989554816e-12	-7.095506257e-12	-6.746077498e-12	-7.047504075e-12	-7.233936413e-12	-7.354431687e-12	-6.706364547e-12	-6.516616517e-12	-7.026178145e-12	-6.841479010e-12	-6.619101553e-12	-7.043434816e-12	-6.516691873e-12	-7.110200803e-12	-6.527618587e-12	-6.680969358e-12	-7.096335180e-12	-7.288569980e-12	-7.280657532e-12	-7.585249088e-12	-7.307559854e-12	-7.124217139e-12	-6.871923094e-12	-6.665596602e-12	-6.340508039e-12	-6.782550114e-12	-6.356559005e-12	-6.966947822e-12	-6.724450141e-12	-6.930776633e-12	-6.915780661e-12	-6.851727513e-12	-7.103870845e-12	-7.039666984e-12	-6.255581101e-12	-6.420838222e-12	-6.909752129e-12	-7.223763266e-12	-6.812617415e-12	-7.046449082e-12	-6.973202424e-12	-6.788955429e-12	-6.686319679e-12	-6.949012941e-12	-6.939216577e-12	-6.993548718e-12	-7.185557447e-12	-7.148180552e-12	-7.384423631e-12	-6.813672408e-12	-7.550132891e-12	-7.376661897e-12	-7.380128302e-12	-7.251117727e-12	-6.968530312e-12	-7.571835605e-12	-6.902141108e-12	-7.002290088e-12	-7.008695403e-12	-7.150139824e-12	-6.896037220e-12	-7.028363487e-12	-7.076817809e-12	-7.134616356e-12	-7.147125558e-12	-6.703500994e-12	-7.281034315e-12	-6.761676324e-12	-6.574791846e-12	-6.719778029e-12	-6.893098311e-12	-6.799656072e-12	-6.870491318e-12	-6.251210416e-12	-6.967475319e-12	-6.913519962e-12	-6.834621555e-12	-6.757004212e-12	-7.259934455e-12	-6.911033192e-12	-6.068998051e-12	-6.890385472e-12	-6.588431399e-12	-6.687223959e-12	-6.778782282e-12
-6.312852151e-12	-6.117678443e-12	-6.637036434e-12	-6.482781384e-12	-6.112252764e-12	-6.508477999e-12	-6.776521583e-12	-6.306748263e-12	-6.587150336e-12	-6.782851541e-12	-6.349098697e-12	-7.180809978e-12	-6.850898590e-12	-6.590692098e-12	-6.775466590e-12	-6.642009973e-12	-6.382707760e-12	-6.183088010e-12	-6.793552184e-12	-6.401772991e-12	-6.512396545e-12	-6.287833745e-12	-6.271481353e-12	-6.526563594e-12	-6.321216739e-12	-6.519329356e-12	-6.831984073e-12	-5.855135894e-12	-6.169523814e-12	-6.555048405e-12	-6.119713072e-12	-6.452714083e-12	-6.295821549e-12	-6.556254112e-12	-6.739898253e-12	-6.305165773e-12	-6.383084543e-12	-6.439225243e-12	-6.394990893e-12	-6.459797607e-12	-6.214963870e-12	-5.907056622e-12	-5.958148427e-12	-6.256711451e-12	-6.072163030e-12	-6.110820988e-12	-6.394011257e-12	-6.392428767e-12	-6.263568906e-12	-6.381878837e-12	-6.551883426e-12	-6.654820602e-12	-6.887145136e-12	-6.395895173e-12	-6.328450976e-12	-6.221595255e-12	-6.315263564e-12	-6.505313020e-12	-5.853628762e-12	-5.748054103e-12	-5.724693543e-12	-6.116246666e-12	-5.842928118e-12	-6.154226415e-12	-6.030867589e-12	-6.167413828e-12	-5.916325489e-12	-6.386174166e-12	-6.755271009e-12	-6.901010759e-12	-6.352866529e-12	-6.124159114e-12	-6.377658865e-12	-6.322271732e-12	-6.005547756e-12	-6.772376967e-12	-6.484891370e-12	-6.220690975e-12	-5.955134161e-12	-5.429596925e-12	-5.895903839e-12	-5.555141094e-12	-5.499753961e-12	-5.699373711e-12	-5.613090353e-12	-5.576768451e-12	-5.658530410e-12	-4.369931795e-12	-1.897178873e-12	6.362662893e-12	8.148291326e-11	1.983671722e-10	1.608734739e-10	-5.594326549e-12	-5.281521119e-12	-5.375340141e-12	-5.529595192e-12	-5.459814939e-12	-5.612713570e-12	-5.987085378e-12	-6.259047507e-12	-5.488676534e-12	-5.901932370e-12	-5.185366041e-12	-5.036084529e-12	-5.358610966e-12	-5.426130519e-12	-5.631175948e-12	-5.832981041e-12	-5.616029262e-12	-6.291224794e-12	-6.135311897e-12	-6.510964769e-12	-6.263870332e-12	-6.654594532e-12	-6.629651483e-12	-6.164927059e-12	-6.292656570e-12	-6.348571200e-12	-6.315564990e-12	-6.400039788e-12	-5.976234022e-12	-6.157165324e-12	-6.353469382e-12	-6.872149164e-12	-6.743741442e-12	-6.606140210e-12	-6.395216963e-12	-6.721435876e-12	-6.729499037e-12	-6.621739035e-12	-6.761148827e-12	-6.882246954e-12	-6.448946250e-12	-6.554370196e-12	-6.052419589e-12	-6.753763876e-12	-6.128831226e-12	-6.628370420e-12	-6.766800575e-12	-6.667857302e-12	-5.995525322e-12	-6.740727177e-12	-6.886165500e-12	-6.006979532e-12	-6.753311736e-12	-6.386174166e-12	-6.771246617e-12	-6.622040462e-12	-7.368824806e-12	-6.242469045e-12	-6.680291148e-12	-7.048709781e-12	-6.664541609e-12	-6.603352014e-12	-6.639975343e-12	-6.547437384e-12	-6.333198445e-12	-6.587677832e-12	-6.661828770e-12	-6.650073134e-12	-6.727464407e-12	-6.733869722e-12	-6.897695066e-12	-6.398457299e-12	-6.397402306e-12	-6.603804154e-12	-5.955284874e-12	-6.205016793e-12	-6.128529799e-12	-6.588808182e-12	-6.644873525e-12	-6.361457186e-12	-6.641783903e-12	-6.555199119e-12	-6.671549777e-12	-6.794456464e-12	-6.349098697e-12	-5.926950776e-12	-6.017529463e-12	-5.822506467e-12	-6.205016793e-12	-6.353921522e-12	-6.600262392e-12	-5.914667643e-12	-5.693948033e-12	-6.396573383e-12	-6.031169015e-12	-6.273214556e-12	-6.218505633e-12	-5.660112899e-12	-5.875557545e-12	-6.319935676e-12	-6.049932820e-12	-6.775541946e-12	-6.347892991e-12	-6.220314192e-12	-6.034107924e-12	-6.345858361e-12	-6.555425189e-12	-6.588958895e-12	-6.585417133e-12	-6.751051037e-12	-6.675769749e-12	-6.780741555e-12	-6.594535287e-12	-6.405616180e-12	-6.558138028e-12	-6.987218760e-12	-6.420009299e-12	-6.047370694e-12	-6.519027929e-12	-6.330937746e-12	-6.385269886e-12	-6.550300937e-12	-6.480369971e-12	-6.396045886e-12	-6.294012990e-12	-6.349701550e-12	-6.282181997e-12	-6.752332100e-12	-6.358744347e-12	-6.210367115e-12	-6.471477887e-12	-6.639523203e-12	-6.759717051e-12	-6.728067260e-12	-6.714201638e-12	-6.710283092e-12	-6.788051149e-12	-6.632891819e-12	-6.753085666e-12	-6.720833022e-12	-6.718270897e-12	-6.289416235e-12	-6.538093160e-12	-6.702295288e-12	-6.657608798e-12	-6.556480182e-12	-6.666953022e-12	-6.523473971e-12	-6.619478336e-12	-6.517596153e-12	-6.693779987e-12	-6.659342001e-12	-6.872525947e-12	-6.647661721e-12	-6.760922757e-12	-6.358141494e-12	-6.302679004e-12	-6.432141719e-12
-6.711564155e-12	-6.549698084e-12	-6.449925887e-12	-6.069676260e-12	-6.661979483e-12	-6.221067758e-12	-6.718421610e-12	-6.214587087e-12	-7.012463235e-12	-6.582327511e-12	-7.118866817e-12	-6.816762030e-12	-6.940196214e-12	-6.589938532e-12	-6.964988550e-12	-6.565749049e-12	-6.511718335e-12	-6.584362140e-12	-6.737712911e-12	-6.922864185e-12	-6.800108212e-12	-6.768383065e-12	-6.678784015e-12	-6.929721640e-12	-6.736657918e-12	-6.775994086e-12	-6.388811648e-12	-6.523398615e-12	-6.412624348e-12	-6.104641743e-12	-6.394614110e-12	-6.562282643e-12	-6.523172545e-12	-6.599508825e-12	-7.222180776e-12	-6.797546086e-12	-6.504785524e-12	-6.679839008e-12	-6.335760571e-12	-6.722038729e-12	-6.696040687e-12	-6.889330479e-12	-6.616313357e-12	-6.798148939e-12	-6.459722250e-12	-6.718421610e-12	-6.548115594e-12	-6.549170587e-12	-7.012387879e-12	-6.498606279e-12	-6.370952124e-12	-6.366882865e-12	-6.709981666e-12	-6.267864234e-12	-6.443219145e-12	-6.473361803e-12	-6.800032855e-12	-6.511416908e-12	-6.094619310e-12	-6.518048293e-12	-6.738391121e-12	-6.152568569e-12	-6.203735730e-12	-6.551506643e-12	-6.754668156e-12	-7.148255908e-12	-6.886542283e-12	-6.589184965e-12	-6.604331651e-12	-6.494913803e-12	-6.751729247e-12	-6.477807845e-12	-6.890084045e-12	-6.434854558e-12	-6.591822448e-12	-6.445856628e-12	-6.350756543e-12	-6.091228261e-12	-6.468463621e-12	-6.476451425e-12	-6.259273577e-12	-6.660773777e-12	-6.245935451e-12	-6.442616292e-12	-6.519027929e-12	-6.794908604e-12	-6.193713297e-12	-5.504200003e-12	-3.162944425e-12	6.628445777e-12	1.893162364e-10	-6.835601192e-12	-7.068453222e-12	-6.434402418e-12	-7.022787096e-12	-6.845472912e-12	-6.819248800e-12	-6.550451650e-12	-6.781721191e-12	-6.724902281e-12	-7.014799291e-12	-7.255639126e-12	-6.958507878e-12	-6.854741779e-12	-6.687148603e-12	-7.568821339e-12	-7.159408691e-12	-7.485627604e-12	-7.719534628e-12	-7.476132667e-12	-6.916684941e-12	-6.989178032e-12	-7.084956327e-12	-7.242451713e-12	-7.373647631e-12	-7.434083659e-12	-7.150968747e-12	-7.571458822e-12	-7.651789004e-12	-7.752164054e-12	-7.341545700e-12	-6.983149501e-12	-7.146899489e-12	-6.723018365e-12	-7.205376244e-12	-7.206808021e-12	-7.002290088e-12	-6.739069330e-12	-7.311403043e-12	-6.737712911e-12	-7.174027880e-12	-7.219015797e-12	-6.629576126e-12	-7.070111068e-12	-6.643818532e-12	-6.959336801e-12	-7.336647519e-12	-6.811863849e-12	-7.438152918e-12	-7.771756782e-12	-7.292337812e-12	-8.042061065e-12	-7.460533842e-12	-7.120826090e-12	-7.035296299e-12	-7.438228275e-12	-7.222708273e-12	-6.590013888e-12	-6.800861779e-12	-7.021807459e-12	-6.874108437e-12	-6.945320465e-12	-7.642218711e-12	-7.482236555e-12	-7.017964270e-12	-7.185858874e-12	-7.295954931e-12	-7.428507268e-12	-7.593387605e-12	-7.121805726e-12	-7.481256919e-12	-7.487511520e-12	-7.095204831e-12	-7.160312971e-12	-7.086915600e-12	-7.626017032e-12	-7.429712974e-12	-7.274478287e-12	-7.406126344e-12	-7.266641196e-12	-7.168828272e-12	-7.145316999e-12	-6.987068046e-12	-7.024972438e-12	-7.262798007e-12	-7.268374399e-12	-7.238759238e-12	-7.268751182e-12	-7.310498763e-12	-7.488415800e-12	-7.483366905e-12	-7.842064531e-12	-7.762487915e-12	-7.393918568e-12	-7.620440640e-12	-7.119997167e-12	-6.956548605e-12	-7.125950341e-12	-7.098143740e-12	-7.293166735e-12	-6.960165724e-12	-6.537188881e-12	-6.592651371e-12	-6.628897917e-12	-6.845548269e-12	-7.384649701e-12	-6.936051598e-12	-7.314718735e-12	-6.807869946e-12	-7.350889924e-12	-6.916986367e-12	-7.205903741e-12	-6.642462113e-12	-6.920452773e-12	-7.194901671e-12	-7.428130485e-12	-7.125799628e-12	-7.365056973e-12	-6.540730643e-12	-6.804554254e-12	-7.213816189e-12	-7.644328697e-12	-7.053532606e-12	-7.177644999e-12	-6.818872017e-12	-6.585040350e-12	-6.783605107e-12	-6.700185302e-12	-6.719778029e-12	-6.764238450e-12	-6.696869610e-12	-6.380220991e-12	-6.695663903e-12	-6.954137193e-12	-6.995206564e-12	-6.969585305e-12	-6.826633751e-12	-7.664147494e-12	-7.630463074e-12	-6.821434142e-12	-7.058732215e-12	-6.903045388e-12	-7.182618538e-12	-6.169297744e-12	-6.480068544e-12	-6.830476940e-12	-6.111800624e-12	-7.022636382e-12	-6.655122029e-12	-6.724676211e-12	-7.145769139e-12	-6.773281247e-12	-6.540052433e-12	-7.076968523e-12	-6.805759960e-12	-6.869360968e-12	-6.587903902e-12	-6.857529975e-12	-6.512622615e-12	-6.868607402e-12	-6.654745246e-12
-6.774411596e-12	-7.664524277e-12	-7.414867715e-12	-6.942381556e-12	-6.308707536e-12	-7.009675040e-12	-7.180960692e-12	-7.237628888e-12	-7.114119348e-12	-7.166040076e-12	-6.873807010e-12	-7.562717451e-12	-7.139062398e-12	-7.568745983e-12	-7.125422845e-12	-7.072597837e-12	-7.020752466e-12	-7.237628888e-12	-7.114496132e-12	-7.412456303e-12	-7.159031908e-12	-6.771774114e-12	-6.601995595e-12	-6.777049079e-12	-7.324816525e-12	-6.926330591e-12	-7.504165339e-12	-6.621965105e-12	-6.647887791e-12	-6.512697971e-12	-6.683305414e-12	-6.782173331e-12	-6.779008352e-12	-6.750222114e-12	-7.262571937e-12	-6.509080852e-12	-7.018868550e-12	-7.138158118e-12	-6.981416298e-12	-7.214117615e-12	-7.136123488e-12	-6.827538031e-12	-7.192339545e-12	-7.119846453e-12	-7.177343573e-12	-6.770191624e-12	-7.419765897e-12	-7.029343124e-12	-6.885562647e-12	-6.871320241e-12	-6.804177471e-12	-6.653690253e-12	-6.667329805e-12	-6.934016969e-12	-7.342977477e-12	-7.093546984e-12	-7.040495907e-12	-7.094903404e-12	-6.704932771e-12	-6.645024238e-12	-7.733174180e-12	-7.271690091e-12	-7.105151908e-12	-6.838163317e-12	-7.282842875e-12	-7.019094620e-12	-6.612771595e-12	-7.070337138e-12	-6.720833022e-12	-6.856625695e-12	-6.684360407e-12	-6.294465130e-12	-6.551582000e-12	-6.870491318e-12	-7.242527070e-12	-7.496780387e-12	-7.181714258e-12	-7.128587824e-12	-7.049840131e-12	-7.194374174e-12	-6.843965779e-12	-7.038762704e-12	-6.818645947e-12	-7.050744411e-12	-6.804177471e-12	-6.819927010e-12	-6.791065415e-12	-5.436605093e-12	-6.644722812e-12	-6.984958060e-12	-6.916308157e-12	-6.865668493e-12	-7.112838285e-12	-7.159634761e-12	-7.047353362e-12	-7.040797334e-12	-6.738692547e-12	-6.966118899e-12	-6.724073358e-12	-6.331691312e-12	-6.761600967e-12	-6.734095792e-12	-6.400567285e-12	-6.372459257e-12	-6.383461327e-12	-7.063856467e-12	-6.881794814e-12	-6.968907095e-12	-7.185708160e-12	-7.434987939e-12	-6.799354646e-12	-6.743515372e-12	-6.960843934e-12	-7.104850481e-12	-6.602372378e-12	-6.368616068e-12	-6.536133888e-12	-6.758812771e-12	-7.094677334e-12	-6.924295962e-12	-6.825126618e-12	-6.639975343e-12	-6.868833472e-12	-7.358802372e-12	-6.752332100e-12	-6.876971989e-12	-6.691594645e-12	-6.590315315e-12	-6.394538753e-12	-6.810055289e-12	-6.423927845e-12	-6.933489472e-12	-6.965817473e-12	-7.431822960e-12	-7.147351628e-12	-6.904025024e-12	-6.999125109e-12	-6.967173892e-12	-7.055567236e-12	-7.122257866e-12	-7.489018653e-12	-7.501151073e-12	-7.359028442e-12	-7.389321813e-12	-7.414490932e-12	-7.141925950e-12	-7.254358063e-12	-7.322857253e-12	-7.176213223e-12	-7.872659328e-12	-7.236799965e-12	-7.201683769e-12	-6.970188158e-12	-6.897770423e-12	-7.139966677e-12	-6.812315988e-12	-7.361741281e-12	-7.052477613e-12	-6.801389275e-12	-6.532893552e-12	-6.785036883e-12	-7.066418593e-12	-7.108316887e-12	-6.888350842e-12	-6.736582561e-12	-6.393709830e-12	-6.347742277e-12	-6.131242639e-12	-6.648716714e-12	-6.428901383e-12	-6.432593859e-12	-6.859263178e-12	-6.668686225e-12	-6.728519400e-12	-6.604633077e-12	-6.492803817e-12	-6.521665412e-12	-6.119562359e-12	-6.559419091e-12	-6.268617801e-12	-6.455050139e-12	-5.976234022e-12	-5.814292593e-12	-6.659266644e-12	-6.224157381e-12	-6.694834980e-12	-5.775257852e-12	-6.473437160e-12	-6.292807284e-12	-6.400491928e-12	-6.402677271e-12	-6.266131032e-12	-5.981358273e-12	-6.233652318e-12	-6.406294390e-12	-6.566125832e-12	-6.738089694e-12	-6.541936349e-12	-6.738240407e-12	-6.708399176e-12	-6.335007004e-12	-6.191829381e-12	-6.917061724e-12	-7.132355656e-12	-7.086086677e-12	-6.503881244e-12	-6.979230955e-12	-6.641482476e-12	-7.017436774e-12	-6.400491928e-12	-6.533647118e-12	-6.595439567e-12	-6.176908765e-12	-6.808698870e-12	-6.591219595e-12	-6.776220156e-12	-6.955342899e-12	-6.659040574e-12	-6.758586701e-12	-6.505162307e-12	-6.698828882e-12	-6.478259985e-12	-7.032658816e-12	-6.636961078e-12	-6.918493500e-12	-6.965365333e-12	-7.200402706e-12	-6.999351179e-12	-6.590239958e-12	-7.034316662e-12	-6.631460043e-12	-6.788880072e-12	-7.290077112e-12	-6.379090641e-12	-6.656930588e-12	-6.385797383e-12	-6.315941773e-12	-6.532139986e-12	-6.226192010e-12	-6.116397380e-12	-6.542237776e-12	-6.714201638e-12	-6.560172657e-12	-6.572757217e-12	-6.862729583e-12	-7.011558956e-12	-6.318051759e-12	-6.350907256e-12	-6.787222226e-12	-6.931002703e-12	-7.094828047e-12
-7.342826763e-12	-7.593990458e-12	-7.709361481e-12	-7.632799130e-12	-7.272292944e-12	-7.834981006e-12	-7.491203996e-12	-7.058355432e-12	-7.024595655e-12	-7.512077786e-12	-7.212987265e-12	-7.380203659e-12	-7.935356056e-12	-7.551941451e-12	-7.625489536e-12	-8.010938770e-12	-7.692632306e-12	-7.593764388e-12	-8.064969484e-12	-7.868439356e-12	-7.750732278e-12	-7.973411162e-12	-7.316451938e-12	-7.327529365e-12	-7.376435827e-12	-7.713053956e-12	-7.834830293e-12	-7.818251831e-12	-7.590674766e-12	-8.207092115e-12	-7.840180615e-12	-8.051782072e-12	-8.082150799e-12	-8.246578997e-12	-7.827596055e-12	-7.951105595e-12	-7.714787159e-12	-7.480654066e-12	-7.945303133e-12	-7.816292559e-12	-7.936184979e-12	-7.656687186e-12	-7.672361368e-12	-8.086747554e-12	-7.838372055e-12	-7.661133228e-12	-8.022016197e-12	-8.125104086e-12	-8.234521934e-12	-7.877406797e-12	-7.772284278e-12	-7.871830405e-12	-7.397535687e-12	-7.832871020e-12	-8.263157458e-12	-7.977329707e-12	-8.213422073e-12	-8.597590245e-12	-8.348687250e-12	-8.199481094e-12	-8.097824981e-12	-8.555767308e-12	-8.477547111e-12	-7.712827886e-12	-7.901445567e-12	-7.903630909e-12	-7.840557398e-12	-8.093454296e-12	-8.072279079e-12	-8.395333012e-12	-8.230226605e-12	-8.155171387e-12	-8.237460843e-12	-8.026914379e-12	-7.846661286e-12	-7.840255971e-12	-8.612887644e-12	-8.158261010e-12	-7.780498153e-12	-7.538980108e-12	-7.585173731e-12	-7.469124499e-12	-7.727673145e-12	-8.081171163e-12	-8.083733289e-12	-8.286744088e-12	-7.856985146e-12	-7.623982403e-12	-5.828836426e-12	2.939135192e-12	-8.131434044e-12	-8.164817038e-12	-8.490583811e-12	-8.399251558e-12	-8.308898941e-12	-8.482596006e-12	-8.208297822e-12	-8.015610882e-12	-8.478903531e-12	-8.741069296e-12	-8.422612117e-12	-8.415377880e-12	-8.394353376e-12	-8.447931950e-12	-8.133242604e-12	-8.246880423e-12	-8.044698547e-12	-7.831288531e-12	-7.642444781e-12	-8.551471979e-12	-8.118095918e-12	-8.140702912e-12	-8.066853400e-12	-7.835809929e-12	-7.381710792e-12	-7.424739436e-12	-7.557367129e-12	-7.834981006e-12	-7.698434767e-12	-8.295560815e-12	-7.849750909e-12	-8.070545876e-12	-8.241605458e-12	-7.896622741e-12	-7.977103637e-12	-7.430692610e-12	-7.847565566e-12	-8.252833598e-12	-8.106415639e-12	-8.578374301e-12	-8.211613514e-12	-8.482445293e-12	-8.523062524e-12	-8.459762943e-12	-8.584704259e-12	-8.901880374e-12	-9.010243229e-12	-8.248613626e-12	-8.844835395e-12	-8.222163444e-12	-8.922528095e-12	-8.813788457e-12	-8.645517071e-12	-8.443787335e-12	-7.943569931e-12	-8.328340956e-12	-8.631726805e-12	-8.687867505e-12	-8.505353713e-12	-8.548080930e-12	-8.972263480e-12	-9.002180068e-12	-8.764731282e-12	-8.971735983e-12	-8.454940118e-12	-8.769704820e-12	-8.962768543e-12	-8.753126359e-12	-9.308429470e-12	-8.878595171e-12	-8.527583923e-12	-8.644009938e-12	-8.564734748e-12	-8.058338100e-12	-8.374383865e-12	-8.327512033e-12	-8.580182860e-12	-8.472498216e-12	-8.958473214e-12	-8.311687137e-12	-8.898866109e-12	-8.384406299e-12	-8.207921038e-12	-8.102873876e-12	-7.907172671e-12	-7.971527246e-12	-8.380261683e-12	-8.521103251e-12	-7.945981343e-12	-7.906569818e-12	-8.085391135e-12	-8.332033431e-12	-8.083733289e-12	-8.621402945e-12	-7.489470793e-12	-7.834076727e-12	-7.695571215e-12	-7.557517843e-12	-7.959470183e-12	-8.182450493e-12	-8.427284229e-12	-7.904309119e-12	-8.891405801e-12	-8.407917572e-12	-8.707460232e-12	-7.988934630e-12	-8.189835444e-12	-7.711170040e-12	-7.839728475e-12	-8.454261908e-12	-8.634665714e-12	-8.414850383e-12	-7.989989623e-12	-8.683346106e-12	-7.993380672e-12	-8.345220844e-12	-7.299044553e-12	-7.844928083e-12	-7.914256196e-12	-8.138291499e-12	-8.087124338e-12	-8.215305989e-12	-8.335876620e-12	-8.317037459e-12	-7.946132056e-12	-7.879667496e-12	-8.081623303e-12	-8.275139165e-12	-8.212743864e-12	-8.786283282e-12	-8.237837626e-12	-7.843194881e-12	-8.256526074e-12	-7.900692000e-12	-7.494293618e-12	-7.658043606e-12	-8.215079919e-12	-7.643047634e-12	-7.617501731e-12	-7.705744362e-12	-7.803934069e-12	-8.191267220e-12	-8.001519190e-12	-8.327059893e-12	-7.680650599e-12	-7.889689930e-12	-7.945001707e-12	-8.155246744e-12	-7.818477901e-12	-8.102723163e-12	-7.627674878e-12	-7.768667159e-12	-8.262177822e-12	-7.595497591e-12	-7.588790850e-12	-7.890669566e-12	-7.772510348e-12	-8.247709346e-12	-7.758494013e-12	-8.305960032e-12	-7.885394601e-12
-8.260067836e-12	-8.646798134e-12	-8.133694744e-12	-7.676053844e-12	-8.209804954e-12	-7.846133790e-12	-8.072429792e-12	-8.140853625e-12	-7.955325567e-12	-7.714485732e-12	-7.909810154e-12	-8.107470632e-12	-8.619142245e-12	-8.205358912e-12	-8.129550128e-12	-8.409123278e-12	-7.997449931e-12	-7.852237678e-12	-8.488775251e-12	-8.010561987e-12	-7.828726405e-12	-8.197597178e-12	-8.176195891e-12	-8.165796674e-12	-8.525850720e-12	-8.622834721e-12	-8.727655813e-12	-8.445143754e-12	-7.862787608e-12	-8.071826939e-12	-8.300685067e-12	-8.728786163e-12	-8.440094859e-12	-8.472950356e-12	-8.749886023e-12	-8.228568759e-12	-8.194432199e-12	-8.435498104e-12	-8.653203449e-12	-8.631500735e-12	-8.346351194e-12	-8.452302635e-12	-7.930683944e-12	-8.118020562e-12	-8.368053907e-12	-8.262856032e-12	-8.646496707e-12	-8.401512257e-12	-7.875899664e-12	-8.629993602e-12	-7.929779665e-12	-8.219978101e-12	-8.315228900e-12	-8.514471867e-12	-8.980025214e-12	-8.586211392e-12	-8.207318185e-12	-9.001351145e-12	-8.606406973e-12	-8.615299057e-12	-8.225931276e-12	-8.664582302e-12	-8.235576927e-12	-8.566317238e-12	-8.418015362e-12	-8.157507443e-12	-8.473251782e-12	-8.924336654e-12	-8.805800653e-12	-9.414531625e-12	-9.208205133e-12	-8.403999026e-12	-8.519596119e-12	-8.128947275e-12	-8.420276062e-12	-8.058940953e-12	-8.316811389e-12	-8.238817262e-12	-8.013199470e-12	-8.283126969e-12	-8.694574246e-12	-8.181018716e-12	-8.132941177e-12	-7.723754600e-12	-7.908830518e-12	-8.173633765e-12	-7.808078684e-12	-7.831363887e-12	-7.144563433e-12	2.426039338e-11	-8.109279191e-12	-7.956455917e-12	-8.077629401e-12	-7.587509787e-12	-7.866706154e-12	-8.012069120e-12	-8.039574295e-12	-7.871227552e-12	-7.899712364e-12	-7.243732776e-12	-8.386290215e-12	-8.468655027e-12	-8.583799979e-12	-8.099332114e-12	-7.833021734e-12	-8.340021236e-12	-8.464962552e-12	-8.088857541e-12	-7.819834321e-12	-8.287045515e-12	-8.102421736e-12	-7.736489872e-12	-8.267302074e-12	-8.379508117e-12	-8.662924456e-12	-8.349817599e-12	-8.688696428e-12	-7.905439469e-12	-8.236179780e-12	-8.014405176e-12	-8.168132730e-12	-7.985769651e-12	-7.726844222e-12	-8.003779889e-12	-8.060146659e-12	-8.399402271e-12	-8.261574969e-12	-8.016515162e-12	-8.143641821e-12	-8.217792759e-12	-7.961128029e-12	-8.234974074e-12	-8.394202663e-12	-8.011240197e-12	-8.463229349e-12	-8.623286861e-12	-8.599022021e-12	-8.221033094e-12	-8.085165065e-12	-8.067833037e-12	-7.901671636e-12	-8.135201877e-12	-8.088932897e-12	-8.268658493e-12	-8.523137881e-12	-7.754876894e-12	-7.974918295e-12	-8.109505261e-12	-8.022619050e-12	-8.354715781e-12	-8.319825655e-12	-8.625999700e-12	-9.047394054e-12	-9.059451117e-12	-8.768951254e-12	-8.152307835e-12	-8.552828399e-12	-8.566015811e-12	-8.679050778e-12	-9.042948012e-12	-8.584026049e-12	-9.068192488e-12	-8.185464758e-12	-8.012973400e-12	-8.000464197e-12	-8.339945879e-12	-7.595799018e-12	-8.094735359e-12	-7.932266434e-12	-8.378679194e-12	-7.840482041e-12	-8.112594883e-12	-8.360141459e-12	-7.944549567e-12	-7.844702013e-12	-7.728125285e-12	-7.665428557e-12	-7.895718462e-12	-8.197973961e-12	-7.394446065e-12	-7.874091105e-12	-8.385009152e-12	-7.926463972e-12	-7.795569481e-12	-8.190815080e-12	-7.555483213e-12	-7.457896359e-12	-7.384951127e-12	-7.683062012e-12	-7.800392307e-12	-7.818251831e-12	-8.012898043e-12	-8.092625373e-12	-7.947187050e-12	-7.357521309e-12	-7.578316276e-12	-7.885093175e-12	-7.764447187e-12	-8.168283443e-12	-7.194901671e-12	-7.621043494e-12	-7.564073871e-12	-8.081547946e-12	-8.035278967e-12	-7.684267718e-12	-7.546138989e-12	-8.252080032e-12	-8.052083498e-12	-8.196768255e-12	-8.493296650e-12	-8.514924007e-12	-8.039800365e-12	-8.240399752e-12	-8.091570380e-12	-7.721267830e-12	-8.123898380e-12	-7.503713199e-12	-7.449004275e-12	-7.305751294e-12	-7.525265199e-12	-7.276588273e-12	-7.909810154e-12	-7.627222738e-12	-7.815086852e-12	-7.481709059e-12	-6.966721752e-12	-7.966779777e-12	-7.486155101e-12	-7.543727577e-12	-7.908227664e-12	-7.902349846e-12	-7.717499998e-12	-7.939274602e-12	-7.414566289e-12	-8.122541960e-12	-7.693536585e-12	-8.001669903e-12	-8.003403106e-12	-8.252080032e-12	-8.265945654e-12	-8.436553097e-12	-8.214175640e-12	-8.205961766e-12	-8.437306663e-12	-8.079437960e-12	-8.146203947e-12	-8.480410664e-12	-7.876125734e-12	-8.097448198e-12	-8.702335981e-12	-8.165118464e-12
-8.357353264e-12	-8.357730047e-12	-8.491186664e-12	-8.505052286e-12	-8.415980733e-12	-8.489905601e-12	-7.929252168e-12	-8.398422635e-12	-8.287422298e-12	-8.528789629e-12	-8.397066215e-12	-8.360518243e-12	-8.644688148e-12	-8.072203722e-12	-8.723059058e-12	-8.635193211e-12	-7.536267269e-12	-8.632480371e-12	-8.571742916e-12	-8.583799979e-12	-8.778446191e-12	-8.385009152e-12	-8.357654690e-12	-8.277249151e-12	-8.318996732e-12	-8.462551139e-12	-8.807609213e-12	-8.364436788e-12	-8.168584870e-12	-8.135126520e-12	-7.900767357e-12	-8.039348225e-12	-8.533461741e-12	-8.146053233e-12	-8.059995946e-12	-7.640259438e-12	-8.292546550e-12	-7.803255859e-12	-7.811921873e-12	-8.049144589e-12	-7.915989399e-12	-7.673717788e-12	-7.852011608e-12	-7.750581565e-12	-7.510419940e-12	-8.017268729e-12	-7.344333896e-12	-7.443955380e-12	-7.927368252e-12	-7.304771658e-12	-7.831966741e-12	-7.721343187e-12	-7.605218598e-12	-7.980494686e-12	-8.162028842e-12	-7.942891721e-12	-8.073861568e-12	-7.824732503e-12	-7.848168419e-12	-7.981022183e-12	-8.190212227e-12	-7.971150462e-12	-8.049219946e-12	-8.176723388e-12	-7.968437623e-12	-8.230528032e-12	-8.433162048e-12	-8.400080481e-12	-8.175366968e-12	-8.222766297e-12	-8.253059668e-12	-8.467976817e-12	-8.131132618e-12	-7.753972614e-12	-8.369334970e-12	-8.382823809e-12	-8.081547946e-12	-7.708381844e-12	-8.041307498e-12	-7.831363887e-12	-7.864972951e-12	-7.872810042e-12	-8.272124899e-12	-7.876201091e-12	-7.965498714e-12	-8.460893293e-12	-8.007170938e-12	-7.833699943e-12	-2.120988106e-12	-7.841687748e-12	-7.843345594e-12	-8.425626383e-12	-8.250497542e-12	-7.618782794e-12	-8.122240534e-12	-8.247784703e-12	-8.614168707e-12	-8.603769490e-12	-8.793216093e-12	-8.928707340e-12	-8.641824595e-12	-8.808814919e-12	-8.752146722e-12	-8.741370722e-12	-8.078307610e-12	-8.464133628e-12	-8.627205406e-12	-8.536023867e-12	-8.542278468e-12	-8.187574744e-12	-7.817272195e-12	-8.350495809e-12	-8.437532733e-12	-8.835039031e-12	-8.156226380e-12	-7.839276335e-12	-8.001594547e-12	-7.689090543e-12	-8.142888254e-12	-8.354338998e-12	-7.774168195e-12	-8.676564008e-12	-8.643181015e-12	-8.541675615e-12	-8.267302074e-12	-8.562850832e-12	-8.585985322e-12	-8.505655139e-12	-8.699020288e-12	-8.024050827e-12	-7.696550851e-12	-7.852162321e-12	-7.502808919e-12	-7.032282033e-12	-7.234388552e-12	-6.990006955e-12	-7.258653392e-12	-7.166341503e-12	-7.838070629e-12	-7.323460106e-12	-7.057752579e-12	-7.454053170e-12	-7.416450205e-12	-7.324515099e-12	-7.391733225e-12	-7.292337812e-12	-7.576809143e-12	-7.857361930e-12	-7.597381507e-12	-7.637471242e-12	-7.645685116e-12	-7.634909116e-12	-7.984187162e-12	-8.191644003e-12	-7.821040027e-12	-8.008452001e-12	-7.480352639e-12	-7.486757954e-12	-7.911769427e-12	-8.078232254e-12	-7.973335805e-12	-8.037991806e-12	-8.638358190e-12	-8.289682997e-12	-8.023071190e-12	-8.125631583e-12	-8.302870410e-12	-8.372047809e-12	-8.001519190e-12	-8.620046525e-12	-8.293902969e-12	-8.355620061e-12	-7.867685790e-12	-7.960977315e-12	-8.359237180e-12	-7.893457762e-12	-8.004081316e-12	-8.295410102e-12	-7.771606069e-12	-8.421557124e-12	-8.225629850e-12	-7.966930490e-12	-8.440094859e-12	-8.089535750e-12	-8.755989911e-12	-7.870926126e-12	-8.216888479e-12	-8.266774577e-12	-8.226157346e-12	-8.751468513e-12	-8.580484287e-12	-8.481541013e-12	-8.829236569e-12	-8.550793769e-12	-8.579504651e-12	-8.617710469e-12	-8.123672310e-12	-8.181696926e-12	-8.187424031e-12	-8.378528481e-12	-8.027969372e-12	-8.424496034e-12	-8.537983140e-12	-8.885377269e-12	-8.083205792e-12	-8.074991918e-12	-8.471593936e-12	-8.482972789e-12	-8.100537820e-12	-8.088480757e-12	-8.246955780e-12	-7.488717226e-12	-7.790068446e-12	-7.957887693e-12	-8.331204508e-12	-7.815463636e-12	-8.116136646e-12	-8.301664704e-12	-8.313947837e-12	-8.130152982e-12	-8.464208985e-12	-8.362251446e-12	-8.213572787e-12	-7.803481929e-12	-8.491563447e-12	-8.277625934e-12	-8.084336142e-12	-7.811243663e-12	-8.570461853e-12	-8.599172735e-12	-8.244242941e-12	-8.087275051e-12	-7.734907383e-12	-7.630689144e-12	-8.077327974e-12	-8.682667896e-12	-8.423139614e-12	-8.247031137e-12	-7.886072811e-12	-8.206338549e-12	-8.599549518e-12	-8.698191365e-12	-7.853217314e-12	-7.939199245e-12	-8.178230520e-12	-8.304905039e-12	-8.474984985e-12	-8.199179668e-12	-9.057416488e-12	-8.292847976e-12	-8.332033431e-12
-7.917195105e-12	-7.996470295e-12	-7.469576639e-12	-7.957510910e-12	-8.165269178e-12	-8.113951303e-12	-8.029401148e-12	-8.397367642e-12	-8.387872705e-12	-8.000765624e-12	-8.239269402e-12	-8.293375473e-12	-8.156603164e-12	-8.731951142e-12	-8.892686864e-12	-7.939500672e-12	-8.202043220e-12	-8.037388953e-12	-8.070922659e-12	-7.580953759e-12	-8.140928982e-12	-7.571383465e-12	-8.067833037e-12	-8.195035052e-12	-8.322990634e-12	-8.439265936e-12	-8.244770437e-12	-7.988708560e-12	-8.637679980e-12	-8.160069569e-12	-8.674227952e-12	-8.279585207e-12	-8.354338998e-12	-8.937900850e-12	-8.066024477e-12	-8.327436676e-12	-8.319222802e-12	-8.366772844e-12	-8.234295864e-12	-8.739562163e-12	-8.297444732e-12	-8.637303197e-12	-8.158110297e-12	-8.533913881e-12	-8.239194046e-12	-8.173256982e-12	-8.680482554e-12	-8.014781959e-12	-8.338664816e-12	-8.344919417e-12	-8.172729485e-12	-7.921113651e-12	-8.839183646e-12	-8.372047809e-12	-8.392168033e-12	-8.355620061e-12	-8.255169654e-12	-8.884548346e-12	-8.260293906e-12	-8.789523618e-12	-8.605276623e-12	-8.417337152e-12	-8.855611395e-12	-8.323668844e-12	-8.538812063e-12	-8.908210332e-12	-8.395106942e-12	-8.513416874e-12	-8.456824034e-12	-8.355167921e-12	-8.424646747e-12	-8.681989687e-12	-8.371520313e-12	-8.181169430e-12	-8.010260561e-12	-8.343186215e-12	-8.233843724e-12	-8.100914604e-12	-7.895417035e-12	-8.092625373e-12	-8.504524790e-12	-8.196768255e-12	-8.592918133e-12	-8.548909853e-12	-8.517787559e-12	-8.463380062e-12	-7.701222963e-12	-6.021900148e-12	7.594744025e-11	-8.538736706e-12	-8.472272146e-12	-8.252080032e-12	-8.311913207e-12	-8.314399976e-12	-8.753879925e-12	-8.610777658e-12	-8.157055303e-12	-8.967968151e-12	-7.797076614e-12	-7.941912084e-12	-8.682818610e-12	-8.062105932e-12	-7.609212500e-12	-7.716369648e-12	-8.305055753e-12	-7.900918070e-12	-8.206941402e-12	-8.078609037e-12	-7.782834209e-12	-7.718178208e-12	-7.344409253e-12	-7.180960692e-12	-7.995942798e-12	-7.749149789e-12	-7.395048918e-12	-7.064007180e-12	-7.437625422e-12	-7.725789229e-12	-7.327001868e-12	-7.627298095e-12	-8.046657820e-12	-7.925484336e-12	-7.630312361e-12	-7.782758852e-12	-8.036861456e-12	-7.862034042e-12	-7.912146210e-12	-8.011315554e-12	-7.695269788e-12	-7.649452948e-12	-7.849750909e-12	-7.667387830e-12	-7.700695466e-12	-7.910337651e-12	-8.500304818e-12	-8.005663805e-12	-8.179511583e-12	-8.183430129e-12	-8.436628453e-12	-8.482596006e-12	-8.793592877e-12	-8.502866944e-12	-8.372198523e-12	-8.001971330e-12	-8.064215918e-12	-8.474834272e-12	-7.810490097e-12	-7.785622404e-12	-8.108525625e-12	-8.194356842e-12	-8.044472477e-12	-8.526981070e-12	-8.079287247e-12	-8.170393430e-12	-8.170845569e-12	-7.879215356e-12	-8.123823023e-12	-7.901445567e-12	-8.344542634e-12	-8.175969821e-12	-8.507388342e-12	-9.303380574e-12	-8.528864986e-12	-8.368430690e-12	-8.070621233e-12	-8.256601430e-12	-8.063386995e-12	-8.276947724e-12	-8.255169654e-12	-8.142963611e-12	-8.216210269e-12	-8.297746158e-12	-8.294279752e-12	-8.611380511e-12	-8.271898829e-12	-8.180340507e-12	-8.052987778e-12	-8.277625934e-12	-8.177476954e-12	-8.215833486e-12	-8.255621794e-12	-7.888032084e-12	-8.038142519e-12	-8.076423694e-12	-8.450343363e-12	-8.167303807e-12	-7.536342626e-12	-7.726316725e-12	-8.116965569e-12	-7.520819157e-12	-8.456974747e-12	-7.942288868e-12	-7.709135411e-12	-8.085240422e-12	-8.055625260e-12	-7.867158293e-12	-7.788862740e-12	-7.715239299e-12	-7.848319132e-12	-8.291566913e-12	-7.499643940e-12	-7.820964671e-12	-8.040855358e-12	-7.789013453e-12	-7.782080642e-12	-7.790219160e-12	-7.622475270e-12	-7.954044504e-12	-8.186896535e-12	-7.634381620e-12	-7.660078235e-12	-7.310649476e-12	-7.347348162e-12	-7.925408979e-12	-7.941987441e-12	-7.874015748e-12	-8.069264813e-12	-8.364210718e-12	-7.995415302e-12	-7.929101455e-12	-8.137010436e-12	-8.188403667e-12	-8.417940006e-12	-7.893683832e-12	-7.586530151e-12	-8.026085456e-12	-7.811168307e-12	-7.837317062e-12	-7.542747940e-12	-7.990743190e-12	-7.739579495e-12	-7.556161423e-12	-7.287364273e-12	-7.036049865e-12	-7.478318010e-12	-7.426397282e-12	-6.974408130e-12	-7.260537308e-12	-7.460307772e-12	-7.839351692e-12	-7.510646010e-12	-7.554805003e-12	-7.539055465e-12	-7.591805116e-12	-7.576206290e-12	-7.208918007e-12	-7.206958734e-12	-7.792630572e-12	-8.279434494e-12	-8.178908730e-12	-7.386910400e-12
-7.138760971e-12	-7.230394650e-12	-7.271087238e-12	-7.109371880e-12	-7.530615521e-12	-7.490827212e-12	-7.838070629e-12	-7.264832637e-12	-6.919020997e-12	-6.853912856e-12	-7.135595992e-12	-7.002892942e-12	-7.246219546e-12	-6.868004549e-12	-7.288645336e-12	-7.185482090e-12	-6.990308382e-12	-6.956171822e-12	-6.722641582e-12	-7.355109896e-12	-7.201909839e-12	-6.897468996e-12	-6.853988213e-12	-7.193620608e-12	-6.990233025e-12	-6.430408516e-12	-6.785941163e-12	-7.419238401e-12	-7.024746368e-12	-6.728745470e-12	-6.979909165e-12	-6.687977526e-12	-6.901161472e-12	-7.281787882e-12	-7.475228387e-12	-7.049011208e-12	-6.843136856e-12	-6.950896857e-12	-7.351718847e-12	-7.286233924e-12	-7.385403267e-12	-6.913746032e-12	-7.289398903e-12	-6.634172882e-12	-6.708173106e-12	-7.047579432e-12	-6.883452661e-12	-6.732588659e-12	-6.806965667e-12	-7.515770262e-12	-7.186311013e-12	-6.953308270e-12	-7.184276384e-12	-6.745700715e-12	-6.742912519e-12	-6.815028828e-12	-6.714653778e-12	-6.568311175e-12	-6.984129137e-12	-6.647661721e-12	-6.901613612e-12	-6.405390110e-12	-6.853460716e-12	-7.183899601e-12	-6.327019200e-12	-6.653765609e-12	-6.798977862e-12	-6.984731990e-12	-6.891063682e-12	-6.836580828e-12	-6.644647455e-12	-6.171181660e-12	-5.998765658e-12	-5.817532929e-12	-6.431764935e-12	-6.526036097e-12	-6.628671847e-12	-6.417447173e-12	-6.963481417e-12	-7.112612215e-12	-6.792873974e-12	-6.775089806e-12	-6.714653778e-12	-6.675769749e-12	-6.733643652e-12	-6.607421273e-12	-6.158069604e-12	-2.804246799e-12	1.482346576e-10	1.234940917e-10	1.090199642e-10	-6.963707487e-12	-6.247216514e-12	-6.608024126e-12	-6.708399176e-12	-6.950067934e-12	-6.990006955e-12	-6.691067148e-12	-6.824297695e-12	-6.363491816e-12	-7.487285450e-12	-7.080434928e-12	-7.042379823e-12	-7.091210929e-12	-7.264606567e-12	-7.524813059e-12	-7.603334682e-12	-6.893399738e-12	-6.948937584e-12	-6.674111903e-12	-6.966344969e-12	-6.802519625e-12	-6.939970144e-12	-7.344333896e-12	-6.987520186e-12	-7.172596104e-12	-7.242301000e-12	-7.287364273e-12	-7.061068271e-12	-7.338606791e-12	-7.268600469e-12	-7.349307435e-12	-7.011709669e-12	-7.188044216e-12	-7.713807523e-12	-7.637848025e-12	-7.451340331e-12	-7.586982290e-12	-7.229188944e-12	-7.561210318e-12	-7.397686400e-12	-7.379224022e-12	-7.474324107e-12	-7.465281310e-12	-7.408085617e-12	-7.452093897e-12	-7.345238176e-12	-7.444256806e-12	-7.661660725e-12	-7.788636670e-12	-7.339661784e-12	-7.532725507e-12	-7.551640024e-12	-7.838522769e-12	-7.857663356e-12	-7.185482090e-12	-7.450662121e-12	-7.537623689e-12	-7.565656360e-12	-6.941175850e-12	-7.005379711e-12	-7.031679180e-12	-7.269655462e-12	-6.842307933e-12	-6.770417694e-12	-7.081263851e-12	-6.740350393e-12	-6.815028828e-12	-7.563320304e-12	-6.879458758e-12	-6.216169577e-12	-7.002666872e-12	-6.626034364e-12	-6.506518727e-12	-6.570345804e-12	-6.535154251e-12	-6.602598448e-12	-6.769664128e-12	-6.957302172e-12	-7.123463572e-12	-7.095656971e-12	-6.628973273e-12	-6.895283654e-12	-7.428281198e-12	-6.886090143e-12	-7.722247467e-12	-7.764597901e-12	-7.601375409e-12	-7.198066650e-12	-7.270936525e-12	-7.137932048e-12	-7.174027880e-12	-6.798450366e-12	-6.698150673e-12	-7.078551012e-12	-7.216152245e-12	-7.307032357e-12	-7.678992753e-12	-8.007547721e-12	-7.409894177e-12	-7.753520474e-12	-7.899410937e-12	-7.172897531e-12	-7.572137032e-12	-7.392863575e-12	-7.482085842e-12	-7.735585593e-12	-8.077478687e-12	-7.702956166e-12	-8.228191976e-12	-7.780874936e-12	-7.822848587e-12	-7.545083996e-12	-7.461513478e-12	-7.679897033e-12	-7.641841927e-12	-7.440338261e-12	-7.414340219e-12	-7.113742565e-12	-6.872827374e-12	-7.094677334e-12	-6.952705417e-12	-7.238683881e-12	-7.378545813e-12	-7.893307049e-12	-7.979590406e-12	-7.469576639e-12	-7.761357565e-12	-7.831363887e-12	-7.184728524e-12	-7.654878627e-12	-7.666182123e-12	-7.448778205e-12	-7.083449194e-12	-7.695571215e-12	-7.436871855e-12	-7.441317897e-12	-7.175158230e-12	-7.456539939e-12	-7.334989672e-12	-7.108241530e-12	-6.998296186e-12	-7.510570653e-12	-7.744477677e-12	-8.067983750e-12	-7.124443209e-12	-7.063102900e-12	-6.923090255e-12	-6.397779089e-12	-7.086538817e-12	-7.120826090e-12	-6.807719233e-12	-6.683832910e-12	-6.684661833e-12	-6.885336577e-12	-6.556329468e-12	-7.579823409e-12	-7.268600469e-12	-7.022862452e-12	-7.682459159e-12	-7.180885335e-12
-5.401413540e-12	-5.759659026e-12	-6.301699368e-12	-6.589938532e-12	-6.876067709e-12	-7.220070790e-12	-6.908471066e-12	-6.659944854e-12	-6.750222114e-12	-6.309385745e-12	-6.823318059e-12	-7.085333110e-12	-7.430315827e-12	-7.032960243e-12	-6.328224906e-12	-7.163176524e-12	-7.213966902e-12	-6.973202424e-12	-7.080660998e-12	-6.840725443e-12	-7.027534564e-12	-7.061972551e-12	-7.359480582e-12	-7.209294790e-12	-6.745700715e-12	-7.145392356e-12	-6.337267704e-12	-7.334462176e-12	-6.993774788e-12	-7.042003040e-12	-6.720305526e-12	-6.654519176e-12	-6.723319792e-12	-6.803800688e-12	-6.506066587e-12	-6.896564717e-12	-6.690313582e-12	-6.784207960e-12	-6.477431062e-12	-6.398532655e-12	-6.213306024e-12	-6.674714756e-12	-6.674564043e-12	-6.651504910e-12	-6.388208795e-12	-6.337116990e-12	-6.900784689e-12	-6.928214507e-12	-6.908923206e-12	-6.140737576e-12	-6.831381219e-12	-6.512999398e-12	-6.172010583e-12	-6.362512180e-12	-6.243147255e-12	-6.957452885e-12	-6.798902506e-12	-6.662883763e-12	-6.197104346e-12	-6.354524375e-12	-6.759641694e-12	-6.623698308e-12	-6.678030449e-12	-6.796491093e-12	-7.064459320e-12	-6.637036434e-12	-6.507272293e-12	-6.575922196e-12	-6.312023228e-12	-6.480671398e-12	-6.940874423e-12	-7.202211265e-12	-6.829723373e-12	-7.113441139e-12	-6.504408740e-12	-6.616765497e-12	-7.275081140e-12	-7.385930764e-12	-7.470556275e-12	-7.319466204e-12	-7.427829058e-12	-7.640862291e-12	-6.713523428e-12	-7.472364835e-12	-7.369352302e-12	-7.347574232e-12	-7.328282931e-12	-5.159594069e-12	-7.392336079e-12	-7.043133390e-12	-7.757363663e-12	-7.517578821e-12	-7.637169815e-12	-7.459930988e-12	-7.345313533e-12	-6.974031347e-12	-7.817875048e-12	-7.243582063e-12	-7.602731829e-12	-7.353075267e-12	-7.294146371e-12	-7.299119910e-12	-7.051422620e-12	-7.136198845e-12	-7.037406285e-12	-7.402207799e-12	-7.710265760e-12	-7.480729422e-12	-7.403112079e-12	-7.448401422e-12	-7.069884998e-12	-7.108693670e-12	-7.393918568e-12	-7.003420438e-12	-7.248706315e-12	-7.907021958e-12	-7.744326963e-12	-7.489546150e-12	-7.754500110e-12	-6.931228773e-12	-7.211027993e-12	-7.993682099e-12	-7.673265648e-12	-7.080887068e-12	-7.374853337e-12	-7.582686962e-12	-7.529033031e-12	-7.365207687e-12	-7.911241930e-12	-7.899712364e-12	-7.900616643e-12	-7.697455131e-12	-7.539884388e-12	-8.166248814e-12	-7.483969758e-12	-7.671984585e-12	-8.302041487e-12	-7.409517393e-12	-7.509591017e-12	-7.214946538e-12	-7.014799291e-12	-7.265510846e-12	-7.422855519e-12	-7.607328584e-12	-7.186235657e-12	-7.000406172e-12	-7.387136470e-12	-7.089477726e-12	-7.257146259e-12	-7.225571825e-12	-7.473721254e-12	-7.445085729e-12	-7.378244386e-12	-7.397535687e-12	-7.665127130e-12	-7.464452387e-12	-7.317205504e-12	-7.193469895e-12	-6.885035150e-12	-7.405523491e-12	-6.995432634e-12	-7.457519576e-12	-7.268600469e-12	-7.776805677e-12	-7.689467326e-12	-7.701750459e-12	-7.042907320e-12	-7.064610033e-12	-6.817892380e-12	-6.956322535e-12	-6.858208185e-12	-6.917664577e-12	-6.954815403e-12	-6.925577025e-12	-6.758662058e-12	-6.391373774e-12	-6.304110780e-12	-6.440506306e-12	-6.743967512e-12	-6.981265585e-12	-7.457368862e-12	-6.834621555e-12	-7.404393142e-12	-6.843739709e-12	-6.696342113e-12	-6.773507317e-12	-7.207260161e-12	-6.630254336e-12	-6.397628376e-12	-6.183389436e-12	-6.858660325e-12	-6.631384686e-12	-6.542614559e-12	-6.905908941e-12	-6.549019874e-12	-7.077345306e-12	-7.492786485e-12	-7.046976578e-12	-6.478259985e-12	-6.695513190e-12	-6.777275149e-12	-6.856927122e-12	-7.274327574e-12	-6.771246617e-12	-7.279753252e-12	-6.874560577e-12	-7.312081253e-12	-7.033110956e-12	-7.143433083e-12	-7.262044441e-12	-7.228887517e-12	-7.434912583e-12	-7.160539041e-12	-7.435892219e-12	-6.842458646e-12	-7.072070341e-12	-7.105227264e-12	-6.792497191e-12	-7.084880970e-12	-7.003872578e-12	-6.834546199e-12	-6.903271458e-12	-6.593480294e-12	-6.727313694e-12	-6.989328746e-12	-6.507347650e-12	-6.562584070e-12	-6.836656185e-12	-6.918568857e-12	-7.008695403e-12	-6.743515372e-12	-7.484572611e-12	-6.919774563e-12	-7.348478512e-12	-7.227531098e-12	-7.144262006e-12	-7.335441812e-12	-7.086011320e-12	-6.596193133e-12	-6.987369473e-12	-6.637187147e-12	-6.673961190e-12	-7.085483824e-12	-6.330485606e-12	-6.270049577e-12	-6.860016744e-12	-6.872827374e-12	-7.130170314e-12	-6.780892268e-12	-6.869813108e-12	-6.355504012e-12
-7.473193758e-12	-7.982378602e-12	-8.066401261e-12	-8.180943360e-12	-8.670535477e-12	-8.416206803e-12	-8.605653406e-12	-8.150574632e-12	-8.623663644e-12	-8.236481206e-12	-8.186971891e-12	-8.013877680e-12	-8.641523169e-12	-7.952085231e-12	-8.229548395e-12	-8.202043220e-12	-8.113649876e-12	-7.695043718e-12	-7.387061113e-12	-7.610192137e-12	-8.092474659e-12	-7.946885623e-12	-8.362929655e-12	-8.036258603e-12	-7.870775412e-12	-7.901897706e-12	-8.030682211e-12	-8.211312087e-12	-8.312742130e-12	-7.931738937e-12	-8.295334746e-12	-7.930910014e-12	-8.230678745e-12	-7.988557847e-12	-7.875748951e-12	-8.074464421e-12	-8.258862130e-12	-8.420652845e-12	-8.559987280e-12	-8.488021685e-12	-8.644160651e-12	-8.111841317e-12	-8.251251109e-12	-8.751769939e-12	-8.444164118e-12	-8.075745484e-12	-8.396463362e-12	-8.023447973e-12	-7.776052111e-12	-8.098578548e-12	-7.773113202e-12	-8.417563222e-12	-8.561419056e-12	-8.240399752e-12	-7.903178769e-12	-8.233693011e-12	-7.728878851e-12	-7.959394826e-12	-8.090967527e-12	-7.605595382e-12	-7.232203210e-12	-7.198217363e-12	-7.362946987e-12	-7.821567524e-12	-7.519085954e-12	-8.216360982e-12	-7.780874936e-12	-7.989160700e-12	-8.024352253e-12	-7.695721928e-12	-7.643349060e-12	-8.110786324e-12	-7.925635049e-12	-7.467165226e-12	-7.183899601e-12	-8.051932785e-12	-7.967985483e-12	-7.777936027e-12	-7.978987553e-12	-7.748094796e-12	-7.942062798e-12	-8.821926975e-12	-7.671004949e-12	-7.583365172e-12	-7.643122990e-12	-7.131074593e-12	-7.232806063e-12	-6.291074081e-12	-8.330074158e-12	-7.845530937e-12	-7.839200978e-12	-7.698359411e-12	-7.970246183e-12	-8.313118914e-12	-8.178079807e-12	-7.853669454e-12	-7.950276672e-12	-7.846585930e-12	-7.898657371e-12	-7.938897819e-12	-7.709813620e-12	-7.698886907e-12	-7.710341117e-12	-7.394069281e-12	-7.630990571e-12	-7.824506433e-12	-7.671532445e-12	-7.606047521e-12	-7.642067997e-12	-7.463472751e-12	-7.677108837e-12	-7.768139663e-12	-8.175065541e-12	-7.678842040e-12	-7.955325567e-12	-7.262195154e-12	-7.689165900e-12	-7.684795215e-12	-6.960693221e-12	-7.484798681e-12	-7.125347488e-12	-7.691803382e-12	-7.741312698e-12	-7.525792695e-12	-7.721117117e-12	-7.683363438e-12	-6.908697136e-12	-7.496629674e-12	-7.305751294e-12	-7.471837338e-12	-7.599039354e-12	-7.794062349e-12	-7.207486230e-12	-7.308916273e-12	-7.385704694e-12	-7.236347825e-12	-7.374777980e-12	-7.362570204e-12	-7.741011271e-12	-7.748697649e-12	-7.760603999e-12	-7.574774514e-12	-7.626770599e-12	-7.887127804e-12	-7.988783917e-12	-8.018022295e-12	-7.730762767e-12	-7.821944307e-12	-7.865877230e-12	-8.089234324e-12	-7.440187548e-12	-7.976199358e-12	-7.298290987e-12	-8.057810603e-12	-7.977329707e-12	-7.957360196e-12	-7.648171885e-12	-7.886524951e-12	-7.481181562e-12	-7.797528754e-12	-7.677259550e-12	-7.509138877e-12	-7.148406621e-12	-7.321651546e-12	-6.837711178e-12	-7.082544914e-12	-7.575829507e-12	-7.311327686e-12	-7.388040750e-12	-8.189006521e-12	-7.802200866e-12	-7.757288306e-12	-7.592181899e-12	-7.798583747e-12	-7.136424915e-12	-7.530088024e-12	-6.886768353e-12	-6.968982452e-12	-7.433028666e-12	-7.785245621e-12	-7.516448472e-12	-7.525114486e-12	-7.418334121e-12	-8.223444507e-12	-7.514037059e-12	-7.118490034e-12	-7.447949282e-12	-7.048106928e-12	-7.123764999e-12	-7.701222963e-12	-7.564978150e-12	-7.964594434e-12	-7.923223637e-12	-7.396706764e-12	-7.161669391e-12	-7.373572274e-12	-7.265887630e-12	-7.013292158e-12	-7.268374399e-12	-7.042681250e-12	-7.213062622e-12	-6.907039290e-12	-7.060390061e-12	-7.504466765e-12	-7.470706988e-12	-7.208089084e-12	-7.006283991e-12	-7.260537308e-12	-7.075461390e-12	-7.381936862e-12	-7.130547097e-12	-7.922771497e-12	-7.268901895e-12	-7.302209532e-12	-7.271388665e-12	-7.570629899e-12	-7.486155101e-12	-7.643047634e-12	-7.551037171e-12	-7.740935914e-12	-7.534760136e-12	-7.735811663e-12	-7.388945030e-12	-7.619762431e-12	-7.558497479e-12	-7.197840580e-12	-7.424438009e-12	-7.182693895e-12	-7.460307772e-12	-6.909902843e-12	-7.182317111e-12	-7.218111517e-12	-7.168074706e-12	-7.161066538e-12	-7.298140273e-12	-7.257070902e-12	-7.147728412e-12	-6.899729696e-12	-7.255186986e-12	-7.431822960e-12	-7.386533617e-12	-6.976894899e-12	-7.232429280e-12	-6.890762255e-12	-6.793928967e-12	-7.418635547e-12	-7.137404551e-12	-7.070412495e-12	-7.214569755e-12	-7.254056637e-12	-7.838447412e-12
-8.258786773e-12	-8.579730721e-12	-8.638358190e-12	-8.151931052e-12	-8.149368926e-12	-7.761809705e-12	-7.807475831e-12	-7.945755273e-12	-8.046883890e-12	-7.944850994e-12	-8.826373017e-12	-8.516732566e-12	-8.508970832e-12	-7.878913930e-12	-7.808982964e-12	-8.085315778e-12	-7.959168756e-12	-8.148766073e-12	-8.377398131e-12	-8.107169205e-12	-8.137236506e-12	-8.469785377e-12	-8.235878353e-12	-8.421481768e-12	-8.193452563e-12	-7.994737092e-12	-8.267678857e-12	-8.121939107e-12	-8.226609486e-12	-8.699924568e-12	-8.963597466e-12	-8.845513605e-12	-8.525097154e-12	-8.741596792e-12	-8.428263866e-12	-7.978460057e-12	-8.480259950e-12	-8.298575081e-12	-8.093303583e-12	-8.197446465e-12	-8.168961653e-12	-7.953667721e-12	-8.005136309e-12	-8.119979835e-12	-8.360593599e-12	-8.231130885e-12	-7.704614012e-12	-8.273933459e-12	-8.086973624e-12	-8.127892282e-12	-8.086370771e-12	-7.735660949e-12	-8.107696702e-12	-8.055625260e-12	-8.043794267e-12	-8.254943584e-12	-8.371444956e-12	-8.250346829e-12	-8.450795502e-12	-8.021714771e-12	-8.152835331e-12	-7.654275774e-12	-8.472799643e-12	-8.314399976e-12	-8.195637905e-12	-8.158336366e-12	-8.176421961e-12	-8.235350857e-12	-8.423591754e-12	-8.294882606e-12	-8.195939332e-12	-8.216436339e-12	-8.341754438e-12	-8.283579109e-12	-7.563772444e-12	-8.412137544e-12	-8.414925740e-12	-8.016063022e-12	-8.141531835e-12	-7.621495633e-12	-7.832946377e-12	-7.821341454e-12	-7.937692112e-12	-7.993154602e-12	-8.038971442e-12	-7.843873090e-12	-7.781703859e-12	-6.181204094e-12	-7.563546374e-12	-7.914482266e-12	-8.002574183e-12	-7.565807073e-12	-8.361271809e-12	-8.049898155e-12	-8.082678296e-12	-8.531502468e-12	-8.056454184e-12	-8.415076453e-12	-8.700376708e-12	-8.124425877e-12	-8.103175303e-12	-8.354112928e-12	-8.717859449e-12	-8.614922273e-12	-8.045226044e-12	-8.326155613e-12	-8.367978550e-12	-8.239495472e-12	-7.964142294e-12	-8.197973961e-12	-7.681856305e-12	-8.026010099e-12	-8.155623527e-12	-7.996319581e-12	-7.704538655e-12	-7.943494574e-12	-7.848469846e-12	-7.680650599e-12	-7.494368975e-12	-7.745231243e-12	-7.960374462e-12	-8.027667945e-12	-8.145375024e-12	-8.279811277e-12	-8.311234997e-12	-8.360819669e-12	-8.141607191e-12	-8.694046750e-12	-8.027743302e-12	-8.373102802e-12	-8.493070580e-12	-8.883041213e-12	-8.191417933e-12	-7.846962713e-12	-7.731214907e-12	-8.635193211e-12	-8.393750523e-12	-8.630596455e-12	-8.824715171e-12	-8.941744039e-12	-8.194281486e-12	-8.259691053e-12	-8.412514327e-12	-7.844400587e-12	-8.114629513e-12	-8.027517232e-12	-7.958339833e-12	-8.595480259e-12	-8.175442325e-12	-8.674001882e-12	-7.685925564e-12	-8.410555054e-12	-8.244770437e-12	-7.850579832e-12	-7.687884837e-12	-7.584194095e-12	-7.792404502e-12	-8.422762831e-12	-8.152759975e-12	-7.987578211e-12	-8.403546887e-12	-8.189157234e-12	-7.819005398e-12	-8.419070355e-12	-8.221711304e-12	-8.493296650e-12	-7.908227664e-12	-7.844928083e-12	-7.947639189e-12	-8.224951640e-12	-8.306713599e-12	-8.603468063e-12	-8.651997742e-12	-8.580182860e-12	-8.779727254e-12	-8.215305989e-12	-8.871360933e-12	-8.475437125e-12	-8.258259277e-12	-8.669028344e-12	-7.881852839e-12	-8.507991195e-12	-8.637378553e-12	-8.271672759e-12	-8.411610047e-12	-8.581539280e-12	-8.263760312e-12	-8.513944370e-12	-8.404903306e-12	-8.620121882e-12	-8.384933795e-12	-8.291868340e-12	-8.202570717e-12	-8.307090382e-12	-7.957963050e-12	-8.178908730e-12	-8.456597964e-12	-8.080191526e-12	-7.933246070e-12	-8.063688421e-12	-8.027441876e-12	-8.390585544e-12	-8.035505036e-12	-8.542429182e-12	-8.159089933e-12	-8.188479024e-12	-8.001820617e-12	-7.712526460e-12	-8.245373290e-12	-7.575075941e-12	-7.469275212e-12	-7.710416474e-12	-7.734455243e-12	-7.894060615e-12	-7.808078684e-12	-8.514773293e-12	-8.218244899e-12	-8.308220732e-12	-8.039725009e-12	-8.494879139e-12	-7.781251719e-12	-7.814483999e-12	-8.247181850e-12	-8.262705319e-12	-8.014706603e-12	-7.853292671e-12	-8.112519527e-12	-7.901520923e-12	-8.166625597e-12	-8.015761596e-12	-8.310481431e-12	-8.646345994e-12	-8.185540115e-12	-8.117945205e-12	-8.244544367e-12	-7.879818210e-12	-7.782608139e-12	-7.606499661e-12	-7.979515050e-12	-8.213346717e-12	-8.485911699e-12	-8.714920540e-12	-8.454412621e-12	-8.961336767e-12	-8.349365459e-12	-8.898564682e-12	-8.363683222e-12	-8.007472365e-12	-8.515225433e-12	-8.218621682e-12	-8.432257768e-12
-7.881551412e-12	-8.338438746e-12	-7.900164504e-12	-7.819457538e-12	-7.632799130e-12	-8.113122380e-12	-8.199179668e-12	-8.315605683e-12	-8.313872480e-12	-8.317791025e-12	-8.366320704e-12	-7.932266434e-12	-8.272501682e-12	-8.366697488e-12	-7.456841366e-12	-7.597682934e-12	-7.745155887e-12	-7.588338710e-12	-7.844702013e-12	-7.598662570e-12	-7.475831240e-12	-7.625489536e-12	-7.830685678e-12	-7.523305926e-12	-7.686980557e-12	-7.624359186e-12	-7.795041985e-12	-7.588037283e-12	-7.487511520e-12	-7.699640473e-12	-7.595045451e-12	-7.632874487e-12	-7.997525288e-12	-7.418560191e-12	-7.795946265e-12	-7.674019214e-12	-8.091796450e-12	-7.659098599e-12	-8.208222465e-12	-7.709964334e-12	-8.432107055e-12	-7.812750796e-12	-7.522401646e-12	-7.776353537e-12	-8.217265262e-12	-7.995867442e-12	-7.941309231e-12	-7.997525288e-12	-7.798357677e-12	-7.856985146e-12	-8.110409541e-12	-8.114855583e-12	-8.178758017e-12	-8.216813122e-12	-8.009205568e-12	-7.709587550e-12	-7.775298544e-12	-7.779895299e-12	-7.616371382e-12	-8.088556114e-12	-7.841537034e-12	-8.473703922e-12	-7.803707999e-12	-7.882229622e-12	-8.145073597e-12	-8.324874550e-12	-7.751636558e-12	-7.791726293e-12	-7.720288194e-12	-7.562189955e-12	-7.796775188e-12	-7.115852551e-12	-7.593387605e-12	-7.820587887e-12	-7.624811326e-12	-7.556914989e-12	-7.631668780e-12	-8.050727079e-12	-8.083356506e-12	-7.902952699e-12	-7.760453285e-12	-7.393918568e-12	-7.127382118e-12	-7.408914540e-12	-7.738223075e-12	-7.454656023e-12	-7.608458934e-12	1.792552201e-10	-7.688638403e-12	-7.728351355e-12	-7.568519913e-12	-7.374476554e-12	-8.003327749e-12	-7.514790625e-12	-7.882757119e-12	-7.646664753e-12	-7.715842152e-12	-7.801447300e-12	-7.910940504e-12	-7.886675664e-12	-7.952009875e-12	-7.988105707e-12	-8.312516060e-12	-8.070771946e-12	-7.931211441e-12	-8.335499837e-12	-8.184711192e-12	-8.296992592e-12	-8.330978438e-12	-8.245750074e-12	-8.268959920e-12	-8.777843338e-12	-8.237385486e-12	-7.996997791e-12	-8.087802548e-12	-8.200310017e-12	-7.910789790e-12	-8.165495248e-12	-8.298424368e-12	-8.461119363e-12	-8.444164118e-12	-8.156753877e-12	-7.925936476e-12	-7.908755161e-12	-7.844702013e-12	-7.850730545e-12	-7.906343748e-12	-8.151403555e-12	-8.013048757e-12	-8.037690379e-12	-8.345446914e-12	-8.368279977e-12	-8.079890100e-12	-8.339116956e-12	-8.663904092e-12	-8.500832314e-12	-8.381919530e-12	-8.152910688e-12	-8.644989574e-12	-8.779049044e-12	-8.338966242e-12	-8.175819108e-12	-8.861263143e-12	-8.916198137e-12	-8.676187225e-12	-8.388927698e-12	-8.825393381e-12	-8.908361046e-12	-8.692464260e-12	-8.491940230e-12	-8.709871645e-12	-8.208071752e-12	-8.406711866e-12	-8.690731057e-12	-8.674529379e-12	-8.422536761e-12	-8.416583586e-12	-8.319825655e-12	-8.043944981e-12	-8.358408257e-12	-8.092625373e-12	-7.972054742e-12	-8.456597964e-12	-8.623211504e-12	-8.084938995e-12	-7.927594322e-12	-8.584101406e-12	-8.281167696e-12	-7.990743190e-12	-8.202269290e-12	-7.768215020e-12	-7.935582126e-12	-8.008075218e-12	-7.963690155e-12	-7.682308445e-12	-7.813655076e-12	-7.966176924e-12	-7.615542459e-12	-7.362344134e-12	-7.802728363e-12	-7.859773342e-12	-7.612904976e-12	-8.102497093e-12	-7.878913930e-12	-7.996470295e-12	-7.943042434e-12	-7.838522769e-12	-8.058639526e-12	-7.665428557e-12	-8.130152982e-12	-7.689316613e-12	-8.336027333e-12	-8.412815754e-12	-8.121939107e-12	-8.565337602e-12	-8.102723163e-12	-8.347330830e-12	-8.605351980e-12	-7.844249874e-12	-7.529409814e-12	-7.918476168e-12	-7.867007580e-12	-8.132338324e-12	-7.946132056e-12	-7.836111356e-12	-7.890518853e-12	-7.790822013e-12	-7.939802098e-12	-7.917421175e-12	-7.932869287e-12	-8.106114212e-12	-7.988181064e-12	-8.638056763e-12	-7.926991469e-12	-7.845530937e-12	-8.134071527e-12	-8.069716953e-12	-7.784718125e-12	-7.423383016e-12	-7.246747042e-12	-7.764296474e-12	-7.602279689e-12	-8.012295190e-12	-7.886148168e-12	-7.692330879e-12	-7.599943633e-12	-7.696927634e-12	-7.583817311e-12	-7.578919130e-12	-7.518709171e-12	-7.668970319e-12	-7.817875048e-12	-8.071299442e-12	-7.946659553e-12	-8.150876059e-12	-8.069566240e-12	-8.717105883e-12	-8.108676338e-12	-7.908905874e-12	-8.423817824e-12	-8.345145487e-12	-7.669422459e-12	-7.600546486e-12	-7.888484224e-12	-7.814182573e-12	-7.434987939e-12	-7.845530937e-12	-7.419690540e-12	-7.711019327e-12	-7.572890598e-12	-7.678163830e-12
-6.660547707e-12	-7.086237390e-12	-7.058732215e-12	-6.839745807e-12	-7.150968747e-12	-7.068302509e-12	-7.386307547e-12	-7.588489423e-12	-7.523230569e-12	-7.157826202e-12	-7.202588049e-12	-7.180960692e-12	-7.039214844e-12	-7.339963211e-12	-6.803499261e-12	-7.332955043e-12	-7.377415463e-12	-7.740106991e-12	-6.957377528e-12	-7.236950678e-12	-7.428431911e-12	-7.377038680e-12	-7.749375859e-12	-8.244770437e-12	-7.277417196e-12	-7.999936700e-12	-7.345313533e-12	-7.489696863e-12	-7.839653118e-12	-7.309443770e-12	-7.628955941e-12	-7.956380560e-12	-7.493841478e-12	-7.370558008e-12	-6.845774339e-12	-7.698208697e-12	-7.837241706e-12	-7.605444668e-12	-6.917438507e-12	-7.485702961e-12	-6.963858200e-12	-7.319616917e-12	-7.611699270e-12	-7.089854509e-12	-7.235744972e-12	-7.482764052e-12	-7.174630734e-12	-7.659626095e-12	-7.462568471e-12	-7.714636446e-12	-7.231826427e-12	-7.441167184e-12	-7.518935241e-12	-7.327454008e-12	-7.637546599e-12	-7.250138091e-12	-6.920603486e-12	-7.488792583e-12	-7.345690316e-12	-7.306806287e-12	-6.997919403e-12	-6.649319567e-12	-6.453392292e-12	-6.895132940e-12	-6.589034252e-12	-6.683079344e-12	-6.620608686e-12	-7.291207462e-12	-7.292111742e-12	-7.402659939e-12	-7.292036385e-12	-7.697982627e-12	-8.049069232e-12	-7.681705592e-12	-7.584872304e-12	-7.875447524e-12	-7.089327012e-12	-7.510872080e-12	-7.404920638e-12	-6.974106704e-12	-7.586530151e-12	-7.879516783e-12	-7.577261283e-12	-7.395425701e-12	-7.427753701e-12	-7.102589782e-12	-6.868004549e-12	1.919437719e-10	-7.042003040e-12	-7.177418929e-12	-7.477187660e-12	-7.006811487e-12	-7.315321588e-12	-7.641389788e-12	-7.006434704e-12	-7.623530263e-12	-7.420368750e-12	-7.313965169e-12	-7.723001033e-12	-7.290529252e-12	-7.666483550e-12	-7.464150960e-12	-7.282089308e-12	-7.562114598e-12	-7.454279240e-12	-7.438755771e-12	-7.429185478e-12	-7.212233699e-12	-7.379148666e-12	-7.111557222e-12	-7.700620110e-12	-7.661660725e-12	-7.279602539e-12	-7.728125285e-12	-7.744477677e-12	-7.030172047e-12	-7.633175913e-12	-7.661283942e-12	-7.501452499e-12	-7.514865982e-12	-7.871076839e-12	-8.164741681e-12	-7.706648641e-12	-7.687960194e-12	-7.485175464e-12	-8.364512145e-12	-7.414867715e-12	-7.763768978e-12	-7.417279128e-12	-7.964066938e-12	-7.582310178e-12	-7.757891159e-12	-7.680801312e-12	-7.503562485e-12	-8.360216816e-12	-7.423081589e-12	-7.833097090e-12	-8.377021348e-12	-8.344919417e-12	-8.037388953e-12	-8.049069232e-12	-8.180641933e-12	-7.767386097e-12	-8.194808982e-12	-8.348235110e-12	-7.828349622e-12	-7.626619885e-12	-7.581179829e-12	-7.141323097e-12	-7.583139102e-12	-7.511399576e-12	-7.342223910e-12	-7.633929480e-12	-7.273574007e-12	-7.366790176e-12	-7.098671236e-12	-7.225195042e-12	-7.456992079e-12	-7.280808245e-12	-7.121202873e-12	-6.958432522e-12	-7.410346317e-12	-6.970112801e-12	-7.394898204e-12	-7.246520972e-12	-7.655858263e-12	-7.936034266e-12	-7.888182797e-12	-7.474022681e-12	-7.391055016e-12	-7.044414453e-12	-6.898674703e-12	-7.508008527e-12	-7.275985420e-12	-7.126025698e-12	-7.531896584e-12	-7.136274202e-12	-6.890159402e-12	-6.960391794e-12	-7.506953534e-12	-7.505747828e-12	-7.496102178e-12	-7.209973000e-12	-7.683137368e-12	-7.722473537e-12	-7.778312810e-12	-7.113215069e-12	-7.211706203e-12	-7.697681201e-12	-7.557894626e-12	-7.266339770e-12	-7.348327798e-12	-6.859037108e-12	-6.816234534e-12	-7.312005896e-12	-7.746286236e-12	-7.640560864e-12	-7.821944307e-12	-8.016515162e-12	-7.563697087e-12	-7.658495746e-12	-7.453299604e-12	-7.933698210e-12	-8.153061401e-12	-8.090515387e-12	-7.941384588e-12	-7.659098599e-12	-7.528580891e-12	-7.469124499e-12	-7.407633477e-12	-7.488792583e-12	-7.540562598e-12	-7.043585529e-12	-7.930231805e-12	-7.423985869e-12	-6.969133165e-12	-7.723905313e-12	-7.472816975e-12	-7.919229735e-12	-7.563923157e-12	-7.359631295e-12	-7.150818034e-12	-7.068001082e-12	-7.669497816e-12	-7.183296748e-12	-7.836940279e-12	-7.945453847e-12	-7.731290264e-12	-7.348101728e-12	-7.387663967e-12	-7.468069506e-12	-7.460006345e-12	-7.918174742e-12	-7.892704196e-12	-7.029192410e-12	-7.646815466e-12	-7.403639575e-12	-7.460157058e-12	-7.667011047e-12	-7.189551349e-12	-7.547043269e-12	-7.982152532e-12	-7.905288755e-12	-7.647418319e-12	-7.714108949e-12	-7.486908667e-12	-7.480126569e-12	-7.416751631e-12	-7.452395324e-12	-7.507254961e-12	-7.503713199e-12
-6.772452324e-12	-6.863935290e-12	-6.960015011e-12	-6.239228710e-12	-6.536359958e-12	-6.858584968e-12	-6.876670563e-12	-7.071015348e-12	-6.634625022e-12	-6.954137193e-12	-6.978251319e-12	-6.987670899e-12	-6.606064853e-12	-6.863935290e-12	-7.035145585e-12	-7.464301674e-12	-6.807267093e-12	-6.654669889e-12	-7.155188719e-12	-6.744419652e-12	-6.789558282e-12	-7.172671461e-12	-6.555349832e-12	-6.871923094e-12	-6.730403316e-12	-7.144940216e-12	-6.557384461e-12	-6.827387317e-12	-7.196032021e-12	-6.590239958e-12	-6.609079119e-12	-6.705460267e-12	-6.583533217e-12	-6.492427034e-12	-6.698678169e-12	-6.841102227e-12	-6.612922308e-12	-6.804328184e-12	-7.057601865e-12	-6.507649076e-12	-6.272460990e-12	-6.585944629e-12	-6.683003987e-12	-6.545478112e-12	-6.720004099e-12	-6.939141221e-12	-6.858660325e-12	-6.635529301e-12	-6.603201301e-12	-6.313530361e-12	-6.072615169e-12	-6.522418978e-12	-6.204187870e-12	-6.572455790e-12	-6.253546472e-12	-6.905456801e-12	-6.425133551e-12	-7.094828047e-12	-6.503278391e-12	-6.666199455e-12	-7.026780998e-12	-6.730252603e-12	-6.770116268e-12	-6.713975568e-12	-6.164851702e-12	-6.282784850e-12	-6.028832959e-12	-6.347666921e-12	-6.617895847e-12	-6.718798393e-12	-6.780741555e-12	-7.373044778e-12	-7.083675264e-12	-7.119394313e-12	-7.092944131e-12	-7.627373452e-12	-7.356164889e-12	-7.276738986e-12	-7.345388889e-12	-7.153681587e-12	-7.396857477e-12	-7.495951464e-12	-7.604766458e-12	-7.825033929e-12	-7.972431525e-12	-7.749451215e-12	-6.988725892e-12	-7.768893229e-12	-7.790972726e-12	-7.461890261e-12	-7.307710567e-12	-7.744929817e-12	-7.721493900e-12	-7.732495970e-12	-7.179754985e-12	-8.123144814e-12	-7.879215356e-12	-7.932643217e-12	-7.471309842e-12	-7.464753814e-12	-7.682835942e-12	-7.611623913e-12	-7.078551012e-12	-7.181262118e-12	-7.191359909e-12	-7.124593922e-12	-7.245164553e-12	-7.082695628e-12	-7.623907046e-12	-7.471837338e-12	-7.209973000e-12	-7.338305365e-12	-7.802803719e-12	-7.434611156e-12	-7.860526909e-12	-7.839125622e-12	-7.726768865e-12	-7.573945591e-12	-7.294447798e-12	-7.784718125e-12	-7.202512692e-12	-7.361439854e-12	-7.337928581e-12	-7.299421336e-12	-7.563018878e-12	-7.369427659e-12	-6.642763539e-12	-7.279828609e-12	-7.486531884e-12	-7.408763827e-12	-7.549605395e-12	-7.165814006e-12	-7.419615184e-12	-7.964669791e-12	-7.267093336e-12	-6.815254898e-12	-7.223838622e-12	-7.589695130e-12	-7.895944531e-12	-7.738373789e-12	-7.478091940e-12	-7.739504138e-12	-7.462643828e-12	-7.488641870e-12	-7.068377865e-12	-6.857680688e-12	-7.208541223e-12	-7.179604272e-12	-7.097616243e-12	-7.383443995e-12	-7.401002093e-12	-7.489169366e-12	-7.144337363e-12	-7.267696189e-12	-7.657892893e-12	-7.002817585e-12	-7.138082761e-12	-7.445839296e-12	-7.104398341e-12	-7.582536248e-12	-7.198066650e-12	-6.896263290e-12	-7.413888079e-12	-7.259030175e-12	-7.290981392e-12	-7.817422908e-12	-7.812675440e-12	-7.649528305e-12	-7.689090543e-12	-7.536945479e-12	-7.166944356e-12	-5.935842860e-12	-7.349985645e-12	-7.606122878e-12	-7.111934006e-12	-7.133862789e-12	-6.738993974e-12	-7.202135909e-12	-7.250062734e-12	-7.428733338e-12	-7.370558008e-12	-7.452772107e-12	-7.032658816e-12	-7.466185590e-12	-6.927460941e-12	-6.939593360e-12	-6.907642143e-12	-6.818796660e-12	-6.909601416e-12	-7.421273030e-12	-6.836128688e-12	-6.891515822e-12	-6.918267430e-12	-6.431388152e-12	-6.850898590e-12	-6.812315988e-12	-6.946300102e-12	-6.293937633e-12	-6.305693270e-12	-6.439375957e-12	-6.401019425e-12	-6.465901495e-12	-6.778782282e-12	-6.898071850e-12	-6.716160911e-12	-6.392654837e-12	-6.908471066e-12	-6.524981104e-12	-6.576826476e-12	-6.398608012e-12	-5.986030385e-12	-6.854214283e-12	-6.780967625e-12	-6.747358561e-12	-6.715558057e-12	-6.753311736e-12	-6.647963148e-12	-6.696643540e-12	-6.704932771e-12	-7.127231404e-12	-6.968831738e-12	-6.780741555e-12	-6.491522754e-12	-6.629651483e-12	-6.906813220e-12	-6.504860880e-12	-7.189475993e-12	-6.829648017e-12	-6.867024912e-12	-6.820982003e-12	-6.883000521e-12	-6.855269276e-12	-6.709077386e-12	-7.000632242e-12	-6.632364322e-12	-6.720606953e-12	-6.378261718e-12	-6.826633751e-12	-6.806588884e-12	-7.399268890e-12	-7.025575291e-12	-7.103720131e-12	-7.122257866e-12	-7.123991069e-12	-6.933188046e-12	-7.120675376e-12	-7.138233474e-12	-7.214946538e-12	-7.317280861e-12	-7.365509113e-12	-6.886919066e-12
-6.937709444e-12	-6.896941500e-12	-6.926632018e-12	-6.804629611e-12	-6.534702111e-12	-6.250758276e-12	-6.430860656e-12	-6.515712237e-12	-6.508025859e-12	-7.261366231e-12	-6.622567959e-12	-7.003043655e-12	-7.010579319e-12	-6.817590954e-12	-6.549321300e-12	-6.535983174e-12	-6.818193807e-12	-6.754818869e-12	-6.784283317e-12	-6.140662219e-12	-6.364848235e-12	-6.331917382e-12	-7.071467488e-12	-6.560926224e-12	-6.624376518e-12	-6.816083821e-12	-6.136140820e-12	-6.401396208e-12	-6.473512516e-12	-6.426942110e-12	-6.344652655e-12	-6.921658479e-12	-7.001084382e-12	-7.396179267e-12	-6.579690028e-12	-6.629199343e-12	-6.463640796e-12	-7.001084382e-12	-6.657458085e-12	-6.499585915e-12	-6.738165051e-12	-6.220917045e-12	-6.746906421e-12	-6.603804154e-12	-7.254659490e-12	-7.352095631e-12	-7.003269725e-12	-7.128135684e-12	-7.200930202e-12	-6.601166672e-12	-6.674187260e-12	-6.652183120e-12	-6.339000907e-12	-6.871847737e-12	-6.544347762e-12	-6.760847401e-12	-6.995131207e-12	-6.134407618e-12	-6.292957997e-12	-6.615107651e-12	-6.664918393e-12	-6.812768128e-12	-6.466127565e-12	-6.456331201e-12	-7.120072523e-12	-6.895208297e-12	-6.719401246e-12	-6.288059815e-12	-6.937860158e-12	-7.225571825e-12	-6.715784127e-12	-6.836957611e-12	-6.455728348e-12	-6.740199680e-12	-6.441485943e-12	-6.766499149e-12	-6.865140996e-12	-6.912615682e-12	-6.643969245e-12	-6.528748937e-12	-6.631761469e-12	-6.699808519e-12	-6.779611205e-12	-7.348177085e-12	-6.907943570e-12	-6.741857526e-12	-5.681589543e-12	-6.804554254e-12	-7.267017979e-12	-6.595514923e-12	-6.357463284e-12	-5.704648676e-12	-6.134256904e-12	-6.387605942e-12	-6.990082312e-12	-6.848713248e-12	-7.070111068e-12	-6.290848011e-12	-6.564694056e-12	-6.857379262e-12	-6.922336689e-12	-7.104096915e-12	-6.971846004e-12	-6.678181162e-12	-6.683983623e-12	-6.641105693e-12	-6.444500208e-12	-6.366732152e-12	-6.308029326e-12	-6.298986528e-12	-6.761977750e-12	-6.694910337e-12	-6.407801523e-12	-6.675769749e-12	-6.640578196e-12	-6.562358000e-12	-6.832812996e-12	-6.278489521e-12	-7.134993139e-12	-6.381275984e-12	-6.782851541e-12	-6.715407344e-12	-6.772979820e-12	-6.503353747e-12	-6.452864796e-12	-6.561830503e-12	-6.563563706e-12	-6.071936960e-12	-6.356031508e-12	-6.386023452e-12	-6.393333047e-12	-6.393634474e-12	-6.111348485e-12	-6.296349046e-12	-6.626561861e-12	-6.030566162e-12	-6.478109272e-12	-6.282106640e-12	-6.068998051e-12	-6.364320739e-12	-6.790990058e-12	-6.230261269e-12	-6.473587873e-12	-6.052947085e-12	-6.703274924e-12	-6.393106977e-12	-6.453392292e-12	-6.816535961e-12	-6.790462562e-12	-6.648490644e-12	-6.347365494e-12	-6.373137466e-12	-6.590616741e-12	-6.487980992e-12	-6.606667707e-12	-6.471025747e-12	-6.478636768e-12	-6.514280461e-12	-6.688957162e-12	-6.269672794e-12	-6.643366392e-12	-6.368691424e-12	-6.135161184e-12	-6.581347874e-12	-6.437190614e-12	-5.998087448e-12	-6.464846502e-12	-6.072464456e-12	-6.066888064e-12	-6.292807284e-12	-6.561529077e-12	-6.735602925e-12	-6.110820988e-12	-6.190020821e-12	-6.129057296e-12	-6.385043816e-12	-5.876311111e-12	-6.129886219e-12	-6.087008288e-12	-5.642479445e-12	-6.263493549e-12	-6.068922694e-12	-5.998991728e-12	-6.540353860e-12	-6.467031845e-12	-6.512396545e-12	-6.398608012e-12	-6.329355256e-12	-5.925820427e-12	-5.823033964e-12	-5.924087224e-12	-6.173216289e-12	-6.286251256e-12	-6.395367676e-12	-6.806136744e-12	-6.532516769e-12	-6.377884935e-12	-6.230562696e-12	-6.601468098e-12	-6.685490756e-12	-6.556630895e-12	-6.226041297e-12	-6.396121243e-12	-6.863483150e-12	-6.435984908e-12	-6.258444654e-12	-6.197933269e-12	-6.233727675e-12	-6.614504798e-12	-6.551808070e-12	-6.790914702e-12	-6.533647118e-12	-5.839687782e-12	-6.185273352e-12	-5.940590329e-12	-5.953853098e-12	-6.208106416e-12	-5.847901657e-12	-5.976158665e-12	-5.946694217e-12	-6.275249186e-12	-6.290245158e-12	-6.456858698e-12	-6.469443258e-12	-6.018056959e-12	-6.510060489e-12	-6.185122639e-12	-6.574942559e-12	-6.472985020e-12	-7.065891096e-12	-6.276078109e-12	-6.248572934e-12	-6.571400797e-12	-6.407349383e-12	-6.474040013e-12	-6.059126330e-12	-6.245332598e-12	-6.280147367e-12	-6.318428543e-12	-6.239454780e-12	-6.549924154e-12	-7.510344583e-12	-6.801539988e-12	-6.990006955e-12	-6.517822223e-12	-6.146163254e-12	-6.540881356e-12	-6.583231790e-12	-6.595062783e-12	-6.833641919e-12	-6.533119622e-12
-6.139456513e-12	-6.328903116e-12	-5.991456064e-12	-6.760018477e-12	-5.483627639e-12	-5.832905684e-12	-5.987989658e-12	-5.165999384e-12	-5.742176285e-12	-5.615577123e-12	-6.305316487e-12	-5.828987139e-12	-5.313396980e-12	-5.871412930e-12	-5.491389373e-12	-5.747601963e-12	-5.925217573e-12	-5.483175499e-12	-5.316260532e-12	-5.438036869e-12	-5.857999447e-12	-6.183916933e-12	-5.691762690e-12	-5.744361627e-12	-5.935240007e-12	-6.340508039e-12	-6.056036708e-12	-6.060558106e-12	-6.052118162e-12	-5.917079056e-12	-5.979625071e-12	-5.568554577e-12	-6.029209742e-12	-5.615953906e-12	-5.765988984e-12	-5.469460590e-12	-5.149722348e-12	-5.303902042e-12	-5.174891468e-12	-5.669004983e-12	-5.587921234e-12	-5.952044539e-12	-5.592970129e-12	-5.704950103e-12	-5.629668815e-12	-6.181354807e-12	-5.519422045e-12	-5.320706574e-12	-5.599300087e-12	-5.398700701e-12	-5.769606103e-12	-5.656269710e-12	-6.204263227e-12	-5.720774998e-12	-5.467049177e-12	-6.067038778e-12	-4.788990093e-12	-5.614069990e-12	-5.620023165e-12	-5.572397766e-12	-5.425000170e-12	-5.840139922e-12	-5.993490693e-12	-5.969753350e-12	-5.858677657e-12	-5.746320900e-12	-5.786259922e-12	-5.775031782e-12	-6.177586975e-12	-5.698921571e-12	-5.649789039e-12	-6.251888626e-12	-5.750239446e-12	-6.246161521e-12	-6.321970305e-12	-6.283086277e-12	-6.000498861e-12	-5.719267865e-12	-5.538637989e-12	-5.405407442e-12	-5.523566660e-12	-5.767797544e-12	-5.410682407e-12	-5.476091974e-12	-5.746546970e-12	-5.691084480e-12	-3.609960038e-12	-5.347307469e-12	-5.878119671e-12	-6.002156707e-12	-5.693119109e-12	-5.499452534e-12	-5.551599332e-12	-5.896883475e-12	-5.815347586e-12	-5.268182993e-12	-5.708944005e-12	-5.187400671e-12	-5.199156307e-12	-4.918076024e-12	-5.295688168e-12	-5.172630768e-12	-5.034652753e-12	-5.426884086e-12	-5.018978571e-12	-5.821978971e-12	-5.611281794e-12	-5.376018351e-12	-5.841571698e-12	-5.996881742e-12	-5.731324928e-12	-5.612562857e-12	-5.826575726e-12	-5.442558268e-12	-5.354466351e-12	-5.388979694e-12	-5.445346463e-12	-5.663202522e-12	-5.942624958e-12	-6.136819030e-12	-5.548811136e-12	-5.695681235e-12	-5.636827696e-12	-5.665990718e-12	-5.458910659e-12	-5.260496615e-12	-5.095842348e-12	-4.851837534e-12	-5.109180474e-12	-5.234423216e-12	-5.486265121e-12	-5.550770409e-12	-5.444065401e-12	-5.599074018e-12	-5.356199553e-12	-5.458232450e-12	-5.481743723e-12	-5.489430100e-12	-4.942642290e-12	-5.550242912e-12	-4.923652416e-12	-4.886953730e-12	-4.840910821e-12	-4.957487549e-12	-4.794943268e-12	-4.972483521e-12	-5.141960614e-12	-5.241958881e-12	-5.168486153e-12	-5.395987862e-12	-5.267956923e-12	-5.164567607e-12	-5.607664675e-12	-5.107522628e-12	-5.605479332e-12	-5.563807108e-12	-5.625448843e-12	-5.389883973e-12	-5.165697957e-12	-5.408195638e-12	-5.114304726e-12	-5.797638775e-12	-5.376395134e-12	-5.642178018e-12	-5.926649350e-12	-5.531705178e-12	-5.674355305e-12	-5.195689901e-12	-5.299079217e-12	-5.795076649e-12	-5.661318606e-12	-5.494177569e-12	-5.609021095e-12	-5.441880058e-12	-6.010822721e-12	-5.916400846e-12	-5.246932419e-12	-5.952948819e-12	-5.505481066e-12	-5.738408453e-12	-5.953400958e-12	-5.138870992e-12	-6.286251256e-12	-5.598998661e-12	-5.628387752e-12	-6.143601128e-12	-6.611339819e-12	-6.071334106e-12	-5.740217012e-12	-6.110820988e-12	-6.026496903e-12	-6.183088010e-12	-5.484155135e-12	-5.377525484e-12	-5.725823893e-12	-5.641499808e-12	-6.084973659e-12	-5.313698406e-12	-6.354072235e-12	-5.582118773e-12	-5.569910996e-12	-5.516859919e-12	-5.905097349e-12	-5.238869258e-12	-5.575939528e-12	-5.485059415e-12	-5.668703557e-12	-5.523642017e-12	-5.803742663e-12	-5.851820202e-12	-6.007205602e-12	-5.944734944e-12	-6.338398053e-12	-5.937877490e-12	-6.028305463e-12	-5.458006380e-12	-6.169373101e-12	-6.013234134e-12	-5.816553293e-12	-6.046466414e-12	-6.118733436e-12	-5.714218970e-12	-5.983769686e-12	-6.203132877e-12	-6.330184179e-12	-6.254149325e-12	-6.674940826e-12	-6.487001356e-12	-5.927779699e-12	-6.269371367e-12	-5.940514972e-12	-6.002533490e-12	-6.600714532e-12	-6.397628376e-12	-5.869453657e-12	-6.554671622e-12	-6.401245495e-12	-6.015118050e-12	-6.380447061e-12	-5.894924203e-12	-5.508947471e-12	-6.020769798e-12	-5.865761181e-12	-5.464863834e-12	-5.594100479e-12	-5.801406607e-12	-5.527711276e-12	-5.521532031e-12	-6.345255508e-12	-5.609623948e-12	-5.965834805e-12
-3.662634333e-12	-3.920730839e-12	-4.212285695e-12	-3.944091399e-12	-4.043034672e-12	-4.168277415e-12	-4.423661082e-12	-4.425092858e-12	-4.116733470e-12	-4.075890169e-12	-4.717627351e-12	-4.650710651e-12	-4.614991602e-12	-4.648223882e-12	-4.786880107e-12	-4.067902365e-12	-3.807243733e-12	-4.066847372e-12	-4.306858284e-12	-4.295479430e-12	-4.011837022e-12	-4.111835288e-12	-4.576861140e-12	-4.137984044e-12	-4.505950537e-12	-4.197515793e-12	-4.704439938e-12	-4.205277527e-12	-4.189527989e-12	-4.961481451e-12	-4.481158201e-12	-4.782057282e-12	-5.224400783e-12	-4.719888050e-12	-4.617176944e-12	-4.588842846e-12	-4.881301982e-12	-4.847466849e-12	-4.592007825e-12	-4.781831212e-12	-4.790346512e-12	-4.815440275e-12	-4.922823493e-12	-4.778666233e-12	-4.782509421e-12	-4.378070312e-12	-4.627350091e-12	-4.097818953e-12	-4.555761279e-12	-3.822013635e-12	-4.302789025e-12	-4.100833218e-12	-4.663144497e-12	-4.264884633e-12	-4.195179737e-12	-4.162022813e-12	-4.462319040e-12	-4.680928665e-12	-4.145368995e-12	-3.703251564e-12	-4.516123684e-12	-4.274605640e-12	-4.399546956e-12	-3.839722446e-12	-4.732321896e-12	-4.373021417e-12	-4.272947794e-12	-5.010086487e-12	-4.723881952e-12	-4.667289113e-12	-4.149739680e-12	-4.346420522e-12	-4.711900246e-12	-4.483117474e-12	-4.010405245e-12	-4.562769447e-12	-4.260589304e-12	-4.515219405e-12	-4.476938229e-12	-4.887029087e-12	-4.716270931e-12	-4.201961835e-12	-4.535038202e-12	-4.318161780e-12	-4.187870142e-12	-4.272872437e-12	2.157452433e-10	-4.425469641e-12	-4.617553727e-12	-4.767438093e-12	-4.779419799e-12	-4.440767040e-12	-4.493742761e-12	-4.063079540e-12	-4.152377163e-12	-3.867755118e-12	-4.118617386e-12	-4.010631315e-12	-4.110102086e-12	-4.065792379e-12	-3.897671706e-12	-4.094352547e-12	-4.310475402e-12	-4.811069590e-12	-4.439335264e-12	-4.784468694e-12	-4.843397590e-12	-4.283648437e-12	-4.370685361e-12	-4.789894373e-12	-4.433758872e-12	-3.997142476e-12	-3.951024210e-12	-4.168880268e-12	-4.061572407e-12	-4.036629358e-12	-3.643795172e-12	-3.948236014e-12	-3.792925970e-12	-4.482062481e-12	-4.105806757e-12	-4.288772689e-12	-4.011987735e-12	-4.183725527e-12	-4.258856101e-12	-4.114322058e-12	-4.010103819e-12	-4.259006815e-12	-3.617344989e-12	-3.991113945e-12	-3.592929437e-12	-4.207613583e-12	-3.927965077e-12	-3.750726250e-12	-3.698579452e-12	-4.017564127e-12	-3.782149970e-12	-3.865419062e-12	-3.864816209e-12	-4.025250504e-12	-4.400601949e-12	-4.490276355e-12	-4.104148911e-12	-4.115150981e-12	-4.547321335e-12	-4.610168776e-12	-4.585451797e-12	-4.247025108e-12	-4.388997026e-12	-4.927194178e-12	-4.688615043e-12	-4.620643350e-12	-4.394347347e-12	-4.126680547e-12	-4.555836636e-12	-4.825311995e-12	-4.866908863e-12	-4.623582259e-12	-5.051683354e-12	-4.970448892e-12	-4.214546394e-12	-4.082747624e-12	-4.624863322e-12	-4.316579291e-12	-4.598789923e-12	-4.647847098e-12	-4.800896443e-12	-4.242428353e-12	-4.217033164e-12	-4.425318928e-12	-4.648374595e-12	-5.135178516e-12	-4.451241614e-12	-4.679421532e-12	-4.886501590e-12	-4.894640108e-12	-4.740385057e-12	-5.128923915e-12	-4.761710988e-12	-4.496832383e-12	-4.841589030e-12	-4.579573979e-12	-4.623280832e-12	-4.432628523e-12	-4.495928104e-12	-4.332780969e-12	-4.875273450e-12	-4.888084080e-12	-5.093204865e-12	-5.382499022e-12	-5.065322907e-12	-5.050779075e-12	-4.713558092e-12	-5.423493037e-12	-5.145200950e-12	-4.962536444e-12	-5.054923690e-12	-4.828175548e-12	-4.585753224e-12	-4.329615990e-12	-4.207538227e-12	-4.497058453e-12	-4.933750206e-12	-4.489673502e-12	-4.701425672e-12	-4.684847211e-12	-4.238961947e-12	-5.242184951e-12	-4.512506565e-12	-4.639181084e-12	-4.874821311e-12	-4.666610903e-12	-4.472416831e-12	-3.845223481e-12	-3.762632599e-12	-3.994203567e-12	-4.684319714e-12	-4.182143037e-12	-4.405801557e-12	-4.544382426e-12	-4.806322121e-12	-5.012422543e-12	-4.370082508e-12	-4.699767826e-12	-4.487940299e-12	-3.685165969e-12	-4.001287091e-12	-4.649354231e-12	-4.461565474e-12	-4.435039935e-12	-4.273626003e-12	-4.143786506e-12	-4.340693417e-12	-4.337603794e-12	-3.994203567e-12	-4.647696385e-12	-4.787030820e-12	-4.459982984e-12	-3.981166867e-12	-4.206935373e-12	-4.579197196e-12	-4.610846986e-12	-4.309269696e-12	-4.754024610e-12	-4.853872163e-12	-4.721244470e-12	-4.393066284e-12	-4.353579403e-12	-4.654478483e-12	-4.910841786e-12	-4.590651405e-12
-2.900778660e-12	-3.196854915e-12	-3.140186719e-12	-3.554798975e-12	-2.857523946e-12	-2.601537426e-12	-2.940190185e-12	-2.905149346e-12	-2.954131164e-12	-2.384736361e-12	-3.202506663e-12	-2.785256925e-12	-3.717870753e-12	-3.031673151e-12	-3.058123333e-12	-3.171082943e-12	-2.678401203e-12	-2.679757623e-12	-3.059705823e-12	-3.187209265e-12	-3.294517126e-12	-2.661596672e-12	-2.947047640e-12	-2.620150517e-12	-2.308324724e-12	-2.388353480e-12	-2.187829450e-12	-2.423771103e-12	-2.601537426e-12	-2.258363269e-12	-2.041185420e-12	-1.986250427e-12	-2.450371998e-12	-2.498750964e-12	-2.455194823e-12	-2.422942180e-12	-2.533264307e-12	-2.254821506e-12	-2.133271239e-12	-2.822633820e-12	-2.607490601e-12	-2.394834151e-12	-2.157234652e-12	-2.078637672e-12	-2.191295855e-12	-2.375166067e-12	-1.930938650e-12	-1.899816356e-12	-1.627929584e-12	-2.106293561e-12	-1.780903571e-12	-2.117747771e-12	-2.389559186e-12	-1.636294171e-12	-1.679699598e-12	-1.664854339e-12	-1.911345922e-12	-2.045782176e-12	-1.412937078e-12	-1.969144468e-12	-1.671787151e-12	-1.239692153e-12	-1.910667713e-12	-1.908708440e-12	-2.149774345e-12	-1.556566842e-12	-1.646693388e-12	-2.208175744e-12	-1.743903459e-12	-2.385489927e-12	-2.005993867e-12	-2.004637448e-12	-2.349620165e-12	-2.001547825e-12	-2.263939660e-12	-2.526632922e-12	-2.265070010e-12	-2.260548611e-12	-1.802756998e-12	-2.113151015e-12	-2.149472918e-12	-1.907879517e-12	-2.012248469e-12	-1.720392186e-12	-1.773367907e-12	-1.540892660e-12	1.802053921e-10	-1.098775228e-12	-1.449937190e-12	-1.152203089e-12	-1.855506649e-12	-1.279857244e-12	-1.498316156e-12	-1.138488180e-12	-2.015564161e-12	-1.641945920e-12	-1.862665530e-12	-1.533432352e-12	-1.632978479e-12	-1.764777250e-12	-1.681131375e-12	-1.702155878e-12	-1.079031788e-12	-1.758145865e-12	-1.654681192e-12	-1.497185806e-12	-1.727701781e-12	-2.199509730e-12	-2.469286516e-12	-2.243442653e-12	-2.023702679e-12	-1.068933997e-12	-1.237657524e-12	-1.509167513e-12	-1.309020266e-12	-1.886779656e-12	-1.367497022e-12	-1.709088689e-12	-1.797406676e-12	-1.559807177e-12	-2.219856024e-12	-1.772237557e-12	-1.287016126e-12	-1.685954200e-12	-1.414745637e-12	-1.426425917e-12	-1.410148882e-12	-1.526725611e-12	-1.919107657e-12	-1.705772997e-12	-1.461994253e-12	-1.859425195e-12	-1.780376075e-12	-2.004411378e-12	-1.784897474e-12	-1.781054285e-12	-1.606829723e-12	-1.656866535e-12	-1.293195370e-12	-9.031493802e-13	-1.186942502e-12	-1.571110674e-12	-1.518059597e-12	-1.256798111e-12	-1.842469950e-12	-1.725817864e-12	-1.827926117e-12	-1.582263457e-12	-2.100415743e-12	-2.203051492e-12	-2.205236835e-12	-2.138395491e-12	-1.754227319e-12	-1.548051541e-12	-1.514668548e-12	-1.800194872e-12	-1.834030006e-12	-1.293120014e-12	-1.464179596e-12	-2.196872247e-12	-1.701929808e-12	-1.632827766e-12	-1.190634978e-12	-1.776532886e-12	-2.247135129e-12	-2.405986935e-12	-2.368534683e-12	-2.060627434e-12	-2.295815521e-12	-1.965225923e-12	-2.296719801e-12	-1.945633196e-12	-2.393025592e-12	-2.082556218e-12	-2.143745813e-12	-1.960403098e-12	-2.195817254e-12	-2.465744753e-12	-2.391518459e-12	-1.722577529e-12	-1.628532437e-12	-1.536823401e-12	-2.133195883e-12	-2.533716447e-12	-1.928075097e-12	-2.236811269e-12	-1.605850087e-12	-1.837948551e-12	-1.667793248e-12	-1.798838453e-12	-1.595827653e-12	-1.960101671e-12	-1.780526788e-12	-1.582790954e-12	-1.613536465e-12	-1.336676154e-12	-1.911647349e-12	-1.872914034e-12	-1.517532100e-12	-1.319946979e-12	-1.161622670e-12	-1.242404992e-12	-1.215502670e-12	-1.363427763e-12	-1.222284768e-12	-1.522731708e-12	-1.321077329e-12	-1.750534844e-12	-9.433898282e-13	-1.562670730e-12	-1.632903122e-12	-1.196814223e-12	-1.439764043e-12	-1.623709612e-12	-1.918278734e-12	-1.873742957e-12	-1.850231684e-12	-1.625066031e-12	-2.408021564e-12	-1.839003544e-12	-1.320323762e-12	-1.379780155e-12	-1.593566954e-12	-1.549257247e-12	-1.785952467e-12	-2.168312079e-12	-1.698011263e-12	-2.089715099e-12	-2.135381225e-12	-2.009686343e-12	-2.666268784e-12	-2.303200472e-12	-2.264467157e-12	-1.973439797e-12	-1.545037275e-12	-2.037869728e-12	-2.143971883e-12	-2.125584862e-12	-2.116466708e-12	-2.245251213e-12	-2.418496138e-12	-2.496188838e-12	-2.095140778e-12	-2.019784133e-12	-2.085495127e-12	-2.548637062e-12	-2.585486461e-12	-2.577197230e-12	-2.336884892e-12	-2.931976311e-12	-1.681508158e-12
-9.721007096e-15	-4.275735990e-13	1.733202816e-15	-6.483685663e-13	-3.944920322e-13	-3.868810111e-13	-1.715117221e-13	-3.230539335e-13	-9.509254926e-13	-2.150678624e-13	-2.048947155e-13	-5.983317546e-13	-3.067768984e-13	3.856753048e-13	-4.834882289e-13	-3.692475564e-13	-8.163385262e-13	-3.057219053e-13	-2.959255416e-13	-5.703744396e-13	-4.006712770e-13	-5.446778240e-13	-3.455855701e-13	-5.817532929e-13	-8.253059668e-13	-5.284007888e-13	-2.047440022e-13	-1.204877383e-12	-5.960710553e-13	8.959904990e-14	-3.049683389e-13	-3.136343530e-13	-2.863552478e-15	-4.865778513e-13	-4.531948580e-13	-1.886930370e-13	-6.012706637e-13	-2.234324499e-13	-9.671271711e-13	-1.052732319e-13	-1.865076943e-13	-3.388788288e-13	-4.613333755e-13	-6.718044827e-13	-1.206083090e-12	-9.731557027e-13	-5.718815725e-13	-1.061096906e-12	-9.428623317e-13	-7.950125959e-13	-2.507115551e-13	-3.832638922e-13	-7.354054903e-13	-4.984842011e-13	-7.500246793e-13	-9.581597305e-13	-7.218412944e-13	-2.725649819e-13	-4.554555573e-13	-8.141531835e-13	-2.772370939e-13	-1.002695507e-12	-6.238023003e-13	-6.354072235e-13	-2.277277786e-13	-9.596668633e-13	-5.073009285e-13	-9.051086530e-13	-4.733904386e-13	-8.377398131e-13	-6.592952797e-13	-6.889857975e-13	-9.445201779e-13	-6.747433918e-13	-6.077513351e-13	-6.876293779e-13	-3.837160321e-13	-3.224510804e-13	-7.280958959e-13	-4.067751652e-13	-4.854475017e-13	-7.420368750e-13	-6.916986367e-13	-1.499747932e-12	-5.656269710e-13	-5.468631667e-13	1.221563605e-10	-4.274228857e-13	-4.232782702e-13	-1.073907536e-12	-8.674303309e-13	-8.317112816e-13	-1.003373717e-12	-7.220673643e-13	-1.003901213e-12	-1.019726109e-12	-9.332166812e-13	-7.502507492e-13	-5.852950552e-13	-9.268867231e-14	-3.752760879e-13	-4.007466336e-13	-8.871737717e-13	-2.619396951e-13	-4.989363410e-13	-4.596755294e-14	-7.171691824e-13	-7.881551412e-13	-6.964461053e-13	-1.274280853e-13	-4.867285646e-13	-4.990116976e-13	8.537907783e-14	2.901230800e-13	1.950983517e-13	-2.454365900e-13	4.883110541e-14	-5.885353909e-14	-3.057219053e-13	1.299902112e-13	1.921594426e-13	2.163489254e-13	5.116716138e-14	5.455821037e-14	1.153710222e-13	6.601242028e-14	-4.734657952e-13	9.065404292e-14	4.966002850e-13	5.531931248e-13	2.496565621e-13	1.178577915e-13	-9.623043459e-14	-3.800989131e-13	-1.054993018e-13	-2.447583802e-13	1.536521974e-13	-2.571168699e-13	-5.204883412e-13	-4.914760332e-13	-1.955504916e-13	-3.247871363e-14	1.431776239e-15	5.583173766e-13	1.344362532e-13	1.217009803e-13	-1.098699872e-13	5.139323132e-14	1.839455684e-13	4.517630817e-13	-3.183818216e-13	-4.672111938e-15	-2.565140167e-13	8.666014078e-14	-1.515422114e-13	-3.974309413e-13	-1.854527013e-13	-5.644212647e-13	-3.422698778e-13	3.835653188e-14	-3.330010105e-13	-2.483001425e-13	9.932005700e-14	-7.568067773e-13	-3.018787165e-13	-8.273405962e-13	-3.403106050e-13	-6.880061612e-14	-3.014265766e-16	-6.772301610e-13	-3.525937380e-13	-7.724056026e-13	-2.513144083e-13	-2.123550232e-13	-3.392556120e-13	-6.250080066e-13	-3.432495141e-13	1.228313300e-14	-6.231994472e-14	2.343591633e-14	1.929130090e-13	-1.798763096e-13	-3.309663811e-13	-4.040623260e-13	-1.955504916e-13	-5.706005096e-13	-2.199660443e-13	-8.929762333e-14	-3.479969827e-13	-5.293804252e-13	-8.801656038e-13	-4.452824103e-13	-8.005889875e-13	-1.193875313e-12	-9.675793110e-13	-6.011199504e-13	-4.779871939e-13	-7.384951127e-13	-5.266675860e-13	-5.091094879e-13	-7.203341615e-13	-5.277979357e-13	-7.558271409e-14	-8.484404566e-13	-6.028531533e-14	1.905769531e-13	-1.898233866e-13	-9.081229187e-13	-7.007414340e-13	-5.648734046e-13	-7.886826378e-13	-8.470086803e-13	-6.300569018e-13	-2.379009256e-13	-2.440801704e-13	-1.484525890e-13	-9.155832265e-14	-3.765571509e-13	-2.778399470e-13	-4.257650395e-14	-5.669833906e-13	-3.898952769e-13	-2.904998632e-13	-8.971208487e-13	-4.480706062e-13	-3.953963119e-13	-4.747468582e-13	-3.846956684e-13	-3.351863532e-13	-7.231223573e-13	-5.687919501e-13	-5.573377402e-13	-2.458133732e-13	-5.267429427e-14	-2.821352757e-13	-4.498038090e-13	-4.167222422e-13	-1.635239178e-14	-7.400022456e-13	-3.029337095e-13	-6.237269437e-13	-2.366198627e-13	-6.277962025e-13	-1.108948375e-12	-1.161924096e-12	-5.256879496e-13	-3.196628845e-13	-2.687971497e-13	-7.836337426e-13	-1.750534844e-13	-3.233553601e-13
-2.913740003e-12	-2.793169372e-12	-2.592871412e-12	-2.172230624e-12	-2.169517785e-12	-2.167483156e-12	-2.188206233e-12	-2.502744866e-12	-2.982088479e-12	-2.402294459e-12	-2.406514431e-12	-2.162660331e-12	-2.398149844e-12	-2.540724614e-12	-2.551877398e-12	-2.334624193e-12	-2.756998183e-12	-2.904169709e-12	-2.802815023e-12	-2.271023185e-12	-2.601989566e-12	-2.514274432e-12	-2.803267163e-12	-2.765287414e-12	-3.180351810e-12	-3.025946046e-12	-2.987438801e-12	-3.113962607e-12	-2.834012673e-12	-2.992336983e-12	-2.852701121e-12	-2.320005004e-12	-3.035667053e-12	-2.562351971e-12	-2.119254904e-12	-2.172682764e-12	-2.376447130e-12	-2.312695409e-12	-1.949024244e-12	-2.734843330e-12	-2.372001088e-12	-2.278784919e-12	-1.963643433e-12	-2.358662962e-12	-1.668622172e-12	-2.068539882e-12	-2.418571494e-12	-2.750894295e-12	-2.478555383e-12	-2.271249255e-12	-2.260623968e-12	-2.209682877e-12	-1.937343965e-12	-2.166880303e-12	-2.558810209e-12	-2.719621288e-12	-2.070423798e-12	-2.277654570e-12	-2.464162264e-12	-2.531229677e-12	-2.221966010e-12	-2.395060221e-12	-2.485337481e-12	-2.102224302e-12	-2.323019269e-12	-2.342159857e-12	-3.046744480e-12	-3.020218941e-12	-3.277863308e-12	-2.408699774e-12	-2.539292838e-12	-2.457606236e-12	-2.807637848e-12	-2.237263408e-12	-2.055427826e-12	-2.157912862e-12	-1.599143346e-12	-2.225055632e-12	-2.239448751e-12	-2.291520192e-12	-2.573429398e-12	-2.711784197e-12	-2.461901565e-12	-2.863627835e-12	-2.113678512e-12	-2.012625252e-12	1.074718373e-10	-2.236133059e-12	-2.990226997e-12	-2.612765566e-12	-2.803568589e-12	-2.636653622e-12	-2.903114716e-12	-2.337035605e-12	-1.849327404e-12	-2.088509393e-12	-2.152411827e-12	-2.118576694e-12	-2.259267548e-12	-1.895973167e-12	-2.035307602e-12	-2.252108667e-12	-2.308776864e-12	-2.092955435e-12	-2.197701170e-12	-2.408624417e-12	-2.151884331e-12	-2.090317952e-12	-2.133874093e-12	-2.047590735e-12	-2.351353368e-12	-2.104108218e-12	-2.824367023e-12	-1.930185083e-12	-2.576368307e-12	-2.579231860e-12	-2.966263584e-12	-2.645394993e-12	-2.912760367e-12	-3.300168874e-12	-2.616608755e-12	-2.737631526e-12	-2.378255690e-12	-2.369589676e-12	-2.010665979e-12	-2.214354989e-12	-2.323019269e-12	-2.745242547e-12	-2.298980500e-12	-2.068690595e-12	-1.648803374e-12	-1.707656913e-12	-1.940207517e-12	-2.286546654e-12	-2.020989840e-12	-2.090770092e-12	-2.570415132e-12	-1.888588216e-12	-2.371021452e-12	-1.870804048e-12	-2.351654794e-12	-1.373450196e-12	-1.565986422e-12	-1.599595486e-12	-2.064922763e-12	-2.788346547e-12	-1.916093391e-12	-2.050529644e-12	-2.066053113e-12	-2.074191630e-12	-1.573220660e-12	-1.732675319e-12	-1.354987819e-12	-1.613235038e-12	-2.105539994e-12	-2.996858382e-12	-2.516761202e-12	-2.000944972e-12	-2.231159520e-12	-2.039979714e-12	-2.266727856e-12	-2.433266040e-12	-2.589932503e-12	-2.861216422e-12	-2.977793151e-12	-2.479459663e-12	-2.305084388e-12	-2.367931829e-12	-2.367253620e-12	-2.043747546e-12	-2.074266987e-12	-2.070348442e-12	-1.861610537e-12	-2.158515715e-12	-2.341557004e-12	-2.372377871e-12	-2.556022013e-12	-2.386168137e-12	-2.548712419e-12	-2.699576420e-12	-2.473732558e-12	-2.271927465e-12	-2.548034209e-12	-2.972292116e-12	-2.779831246e-12	-2.574936531e-12	-2.534545370e-12	-2.481117509e-12	-2.129729477e-12	-2.567476223e-12	-2.615930545e-12	-2.426333229e-12	-2.425881089e-12	-2.586616811e-12	-2.157159296e-12	-2.666419497e-12	-2.424826096e-12	-2.184287688e-12	-2.160098205e-12	-2.270797115e-12	-2.292575185e-12	-2.151432191e-12	-2.091448302e-12	-2.415783298e-12	-2.375090711e-12	-2.675537651e-12	-2.406815858e-12	-2.375166067e-12	-2.578930433e-12	-2.595734965e-12	-2.652930658e-12	-2.468985089e-12	-2.258137199e-12	-2.126037002e-12	-2.243668723e-12	-2.703796392e-12	-2.780208030e-12	-2.314127185e-12	-2.296795157e-12	-2.231988443e-12	-2.758505316e-12	-2.010816693e-12	-2.199811156e-12	-1.913531265e-12	-1.886628943e-12	-1.699066256e-12	-1.939981447e-12	-2.246230849e-12	-1.725215011e-12	-1.580228828e-12	-1.039921689e-12	-9.748889055e-13	-1.669677165e-12	-1.648275878e-12	-1.383472630e-12	-1.743677389e-12	-1.650009080e-12	-2.131010540e-12	-1.739306704e-12	-1.602082255e-12	-1.548805107e-12	-1.348055007e-12	-1.562972156e-12	-1.453478953e-12	-1.650159794e-12	-1.733504242e-12	-1.055671228e-12	-1.093500263e-12	-1.388521525e-12	-1.739532774e-12	-1.843600299e-12
1.149188823e-13	6.051138526e-14	1.838702117e-14	-5.538713346e-14	3.669868570e-14	3.301374581e-13	-2.780660169e-14	1.673671067e-13	-2.736199749e-13	-2.135607295e-13	2.840191918e-13	3.824349691e-13	4.829607324e-13	-5.553784674e-14	4.348078368e-13	-4.928324528e-14	5.097876977e-13	-2.803267163e-13	-8.191267220e-14	1.946462119e-13	-5.214679776e-14	3.070783249e-13	-3.044408424e-13	-4.137079764e-14	1.852266313e-13	2.711332057e-13	2.465669397e-13	3.147647026e-13	2.600557790e-13	2.871841709e-13	-1.416704910e-14	-3.837160321e-13	-6.925275598e-13	-3.426466610e-13	-5.666066074e-13	-7.226702175e-13	-8.922226668e-13	-6.296801186e-13	-8.008150575e-13	-8.971208487e-13	-6.734623288e-13	-7.115927908e-13	-9.669011012e-13	-5.411360617e-13	-9.546179682e-13	-1.105557326e-12	-8.291491557e-13	-1.161396600e-12	-6.181505520e-13	-4.394045921e-13	-1.145647061e-12	-1.284077216e-12	-6.106902443e-13	-7.297537420e-13	-4.340542703e-13	-9.895080944e-13	-7.788109174e-13	-5.329221875e-13	-5.508570688e-13	-8.014932673e-13	-5.280240056e-13	-7.660756445e-13	-4.046651791e-13	-5.937349993e-13	-6.310365382e-13	-2.985630242e-13	-9.511515626e-13	-3.967527315e-13	-4.262925360e-13	-7.847640923e-13	-6.312626081e-13	-8.637378553e-13	-6.470875034e-13	-9.594407934e-13	-1.590778758e-12	-1.117915816e-12	-1.548880464e-12	-1.038113130e-12	-9.695385837e-13	-8.647928484e-13	-5.778347474e-13	-1.013622221e-12	-6.757230282e-13	-6.170202024e-13	-3.331517238e-13	-1.376012322e-13	8.386915675e-11	-2.809295694e-13	-1.137960683e-12	-1.179934334e-12	-1.214975174e-12	-1.283022223e-12	-9.977973253e-13	-1.935987545e-12	-1.644734115e-12	-9.048825830e-13	-6.339000907e-13	-1.129897522e-12	-1.228690083e-12	-1.128315033e-12	-1.122964711e-12	-4.115226337e-13	-1.071872906e-12	-1.304951007e-12	-4.276489556e-13	-1.405250700e-12	-1.422205945e-12	-1.407812826e-12	-1.340594700e-12	-1.429289470e-12	-1.411279232e-12	-2.121590960e-12	-1.215351957e-12	-9.810681503e-13	-1.262600573e-12	-1.216030167e-12	-1.156423061e-12	-1.467043148e-12	-9.405262757e-13	-1.028392123e-12	-1.059815843e-12	-1.402387148e-12	-8.358558970e-13	-4.250868297e-13	-1.173302950e-12	-1.062001186e-12	-1.091088851e-12	-8.403019390e-13	-1.114298697e-12	-1.051451256e-12	-1.349712854e-12	-1.139693886e-12	-1.506454673e-12	-7.506275325e-13	-1.149640963e-12	-9.463287373e-13	-8.808438136e-13	-1.065542948e-12	-9.642636186e-13	-6.439978810e-13	-5.519874185e-13	-4.774596974e-13	-8.868723451e-13	-1.243987482e-12	-1.326201581e-12	-1.256948825e-12	-7.002892942e-13	-3.685693466e-13	-1.794995264e-13	-6.115191673e-13	-6.504785524e-13	-9.201799818e-13	-8.277173794e-13	-3.812292628e-13	-7.889087077e-13	-3.637465213e-13	-1.006840123e-12	-5.605027192e-13	-8.385687362e-13	-6.866497416e-13	-9.811435069e-14	-1.834934285e-13	-3.745225215e-14	-7.238005671e-13	-3.692475564e-13	-2.271249255e-13	-3.519155282e-13	-7.916215469e-13	-8.300534354e-13	-8.970454921e-13	-8.233466941e-13	-6.395518390e-13	-2.551575971e-13	-8.600453798e-13	-4.599769559e-13	-4.269707458e-13	1.562896800e-13	-2.018050931e-13	3.504083953e-14	-1.583996660e-13	2.629193315e-13	-3.210946608e-13	-3.733168152e-13	-1.220777635e-13	2.214731772e-13	-9.894327378e-14	-3.014265766e-14	-2.611107720e-13	-7.626845955e-13	-5.284007888e-13	-3.494287590e-13	-1.574953863e-14	4.027812630e-13	-7.641163718e-14	4.899689003e-13	5.735394187e-13	-1.217009803e-13	4.164208156e-13	6.161912793e-13	8.672042610e-13	4.168729555e-13	3.230539335e-13	7.900390573e-13	7.289248189e-13	2.751271078e-13	7.454279240e-13	8.924487368e-13	3.642740179e-13	7.106885111e-13	8.048089596e-14	5.269690126e-13	9.268867231e-14	-1.231327566e-13	5.340525371e-13	2.743735414e-13	3.326995840e-13	4.111458505e-13	5.181522852e-13	4.061723120e-14	2.730171218e-13	-3.119765068e-14	-4.663069140e-13	1.635239178e-14	-3.205671642e-13	-3.530458779e-13	2.275770654e-14	-2.867320310e-13	-6.601995595e-13	-5.092602012e-13	-1.742999179e-13	-4.378974592e-13	-2.717360588e-13	-2.596789958e-13	-2.292349115e-13	-4.363149697e-14	-5.493499359e-14	-4.097894309e-13	-4.661562008e-13	-4.069258785e-14	-1.793488131e-13	6.518349720e-14	-2.591514993e-13	-1.953997783e-13	-7.882304979e-13	-7.069960355e-13	3.360906329e-14	6.563563706e-14	-5.549263276e-13	-6.332972375e-13	-4.904210402e-13	-7.413586652e-13
2.313373619e-12	2.932880591e-12	2.816605289e-12	2.368233256e-12	2.742981847e-12	1.908105587e-12	2.221815296e-12	2.788421904e-12	2.682395105e-12	2.612765566e-12	2.813967806e-12	2.962721822e-12	2.738309735e-12	2.746146826e-12	2.465217257e-12	2.523920083e-12	2.679305483e-12	2.776666267e-12	2.886988394e-12	2.897236898e-12	3.237321433e-12	2.714120253e-12	3.516517800e-12	3.369873770e-12	2.986534521e-12	3.399112148e-12	3.406572456e-12	3.668135368e-12	2.764910631e-12	3.037324899e-12	3.580947730e-12	3.584338779e-12	2.325053899e-12	2.598523160e-12	2.561523048e-12	2.495585985e-12	2.827833429e-12	2.552781677e-12	3.188565684e-12	3.262264482e-12	3.024514270e-12	3.251488482e-12	3.174549348e-12	2.768075610e-12	2.802287526e-12	3.090451334e-12	3.158649097e-12	2.952247248e-12	2.984575249e-12	3.159704090e-12	2.552932391e-12	3.054280144e-12	2.893016926e-12	3.023157850e-12	2.838232646e-12	2.768377036e-12	2.293027325e-12	2.198831520e-12	2.439068501e-12	2.287526290e-12	2.620527301e-12	2.185945534e-12	2.933257374e-12	3.084648872e-12	2.327992808e-12	2.735521540e-12	3.015396116e-12	2.588274657e-12	1.895445670e-12	2.481720362e-12	3.107934075e-12	3.111701907e-12	3.244404958e-12	3.606493633e-12	3.202732733e-12	3.002434773e-12	3.283439699e-12	3.065809711e-12	3.100850550e-12	2.933408087e-12	2.988644507e-12	3.357515280e-12	3.595190136e-12	3.193614579e-12	4.436471711e-12	5.374511218e-12	5.448843012e-11	4.095935037e-12	3.372737323e-12	3.182838579e-12	3.436790470e-12	3.154504481e-12	3.222626887e-12	2.588651440e-12	2.870937429e-12	2.909520031e-12	2.799876114e-12	3.151640929e-12	2.504779495e-12	2.951945822e-12	2.734240477e-12	2.373282151e-12	2.431909620e-12	2.756470687e-12	2.785181568e-12	2.825874156e-12	2.052790343e-12	2.050605001e-12	1.989792189e-12	2.059572441e-12	1.675102843e-12	2.094010428e-12	1.489725498e-12	2.192878345e-12	1.926643321e-12	1.859726621e-12	1.357097805e-12	2.178937366e-12	1.937645391e-12	2.286094514e-12	2.123927016e-12	2.360848305e-12	2.138696918e-12	1.797557390e-12	2.103430008e-12	2.151055407e-12	2.552404894e-12	2.600633147e-12	2.317066095e-12	2.031539770e-12	2.521960810e-12	2.038020441e-12	2.161454624e-12	1.852718453e-12	1.987908273e-12	2.094613281e-12	2.020311630e-12	2.315558962e-12	2.054900330e-12	2.061004218e-12	2.180745925e-12	2.506588055e-12	2.222794933e-12	2.035232245e-12	1.894918174e-12	1.956258482e-12	2.107876050e-12	2.285039521e-12	2.085344414e-12	2.360772948e-12	1.791905641e-12	1.924382622e-12	1.694394144e-12	1.567418198e-12	1.521526002e-12	1.436674421e-12	1.270663734e-12	8.642653518e-13	1.653023346e-12	1.534110562e-12	1.802832355e-12	1.264258419e-12	1.251749216e-12	1.671259654e-12	1.356645665e-12	1.091767061e-12	1.435091931e-12	1.315802364e-12	1.332004042e-12	1.320248406e-12	1.513914981e-12	1.391535791e-12	1.163431229e-12	1.988586483e-12	1.957464189e-12	1.729208913e-12	1.810744802e-12	1.316254504e-12	1.584750227e-12	1.607432577e-12	1.097192739e-12	1.256798111e-12	1.611275765e-12	1.219044433e-12	1.619338926e-12	1.794995264e-12	1.708561193e-12	1.351069273e-12	9.005872543e-13	1.373676266e-12	1.489424072e-12	1.181968964e-12	1.495151177e-12	1.538707317e-12	1.249488517e-12	1.732826032e-12	1.795447404e-12	1.562143233e-12	1.623483542e-12	1.738251711e-12	1.366291315e-12	1.751439124e-12	1.449786477e-12	1.723707878e-12	1.468399568e-12	1.965376636e-12	1.838249978e-12	2.053694623e-12	1.939077167e-12	1.759577641e-12	2.001020329e-12	1.987531490e-12	1.900645279e-12	1.609994702e-12	1.181968964e-12	1.498316156e-12	1.519340660e-12	1.669978591e-12	1.390782225e-12	1.906070957e-12	1.869975125e-12	1.451821106e-12	1.679096745e-12	1.955957056e-12	1.828755040e-12	1.487088016e-12	1.942016077e-12	1.555285779e-12	1.864926230e-12	2.268762486e-12	2.309078290e-12	1.999965336e-12	2.009384916e-12	1.712781165e-12	2.031991910e-12	2.331911353e-12	2.021291266e-12	1.984818650e-12	2.338994878e-12	2.065224190e-12	2.101922875e-12	2.205462905e-12	2.149849701e-12	2.715401316e-12	2.198153310e-12	2.275017087e-12	2.053543910e-12	1.880826482e-12	2.414351522e-12	1.994012161e-12	2.391744529e-12
7.231449643e-12	7.093019488e-12	6.701918505e-12	7.011785026e-12	7.085107040e-12	7.410873813e-12	7.540035101e-12	7.232579993e-12	7.492032919e-12	7.172294678e-12	7.249083098e-12	7.162422957e-12	7.561511745e-12	7.857135860e-12	7.551413954e-12	7.891121706e-12	7.175007517e-12	7.765200754e-12	7.715691439e-12	7.326248302e-12	8.033847190e-12	7.878989287e-12	7.256468049e-12	7.617501731e-12	7.452470681e-12	7.557894626e-12	7.269278679e-12	7.330694344e-12	7.282993588e-12	7.453073534e-12	7.695043718e-12	7.287816413e-12	7.606348948e-12	7.669874599e-12	7.892704196e-12	7.038009138e-12	7.299119910e-12	7.288796050e-12	7.098671236e-12	7.768064306e-12	7.593613675e-12	6.922035262e-12	7.090005222e-12	6.926858088e-12	7.195127741e-12	7.644027270e-12	7.952688085e-12	7.144789503e-12	7.301455966e-12	7.579521983e-12	7.848695916e-12	7.447346429e-12	7.542823297e-12	7.903329483e-12	7.487812947e-12	7.774771048e-12	7.777860670e-12	7.943645287e-12	7.805290489e-12	7.790445230e-12	7.897300951e-12	7.803029789e-12	8.083582575e-12	7.204773391e-12	7.641465144e-12	7.672436725e-12	7.375832974e-12	7.218186874e-12	7.814257929e-12	7.487360807e-12	8.238591192e-12	8.005437735e-12	7.917195105e-12	7.671080305e-12	7.684719858e-12	7.795418768e-12	7.492183632e-12	7.574699157e-12	7.272066875e-12	7.975897931e-12	7.857738713e-12	7.948920252e-12	7.684945928e-12	7.881023916e-12	8.328190242e-12	1.730817024e-10	4.151141314e-11	8.027818659e-12	7.700017257e-12	6.950143291e-12	7.607479298e-12	7.276738986e-12	7.328056861e-12	7.004776858e-12	6.946978312e-12	7.070261781e-12	6.833340492e-12	7.328810428e-12	7.092416635e-12	7.077269949e-12	7.181186762e-12	7.498739660e-12	7.339360358e-12	7.469878065e-12	7.535664416e-12	7.671231019e-12	7.568821339e-12	7.494821115e-12	7.088799516e-12	7.739278068e-12	7.234463909e-12	7.110577586e-12	7.596477228e-12	8.114855583e-12	7.633552697e-12	7.554352864e-12	7.720212837e-12	7.523908779e-12	7.228058594e-12	7.830685678e-12	7.239889587e-12	6.914047458e-12	7.071618201e-12	7.359706652e-12	7.674998851e-12	7.679595606e-12	6.802745695e-12	7.572589171e-12	7.715616082e-12	8.172955555e-12	8.014405176e-12	8.283277682e-12	8.119075555e-12	7.885168531e-12	7.851559468e-12	7.811921873e-12	8.424420677e-12	8.093981792e-12	7.956832700e-12	8.158034940e-12	8.082527582e-12	7.916064755e-12	7.684117005e-12	8.057885960e-12	7.695194431e-12	7.951783805e-12	7.217357951e-12	7.660530375e-12	8.133845457e-12	8.042588561e-12	8.122918744e-12	8.263458885e-12	7.903480196e-12	8.006342015e-12	8.001971330e-12	7.715616082e-12	7.712601816e-12	7.797378041e-12	8.247332563e-12	8.310180004e-12	8.989746221e-12	8.840841493e-12	9.559141025e-12	8.870607367e-12	9.388835009e-12	8.691710694e-12	8.272953822e-12	8.390811614e-12	8.597213462e-12	7.887429231e-12	8.191794716e-12	8.530447475e-12	8.593973126e-12	8.727957240e-12	8.831723339e-12	8.850110360e-12	8.311611781e-12	8.570537210e-12	8.952595396e-12	8.915067787e-12	9.318225833e-12	9.018607816e-12	8.671289043e-12	8.587793881e-12	8.204831416e-12	8.485911699e-12	8.594123840e-12	8.475135698e-12	8.389455194e-12	7.913050490e-12	7.957736980e-12	7.925484336e-12	8.295485459e-12	8.193753989e-12	8.137085793e-12	8.368732117e-12	8.168434157e-12	8.252155388e-12	8.243790801e-12	8.248764339e-12	8.581840707e-12	8.500756957e-12	8.344316564e-12	8.193980059e-12	7.937239972e-12	8.690278918e-12	8.150574632e-12	8.261424256e-12	8.392770886e-12	8.174613402e-12	8.142134688e-12	8.162405625e-12	8.485158132e-12	8.807533856e-12	9.027047760e-12	9.107754726e-12	8.666993715e-12	8.688018218e-12	8.206112479e-12	8.273933459e-12	8.230980171e-12	8.021488701e-12	8.155397457e-12	8.121788394e-12	7.941083161e-12	8.330375585e-12	8.399251558e-12	8.552225545e-12	8.746721044e-12	8.364436788e-12	8.254114661e-12	8.154041038e-12	8.572421126e-12	8.218320255e-12	8.409575418e-12	9.139932013e-12	8.416885013e-12	8.247483276e-12	8.528940342e-12	8.368506047e-12	8.748002107e-12	8.921774528e-12	8.556068734e-12	8.829990136e-12	8.568728651e-12	8.271371333e-12	8.759230247e-12	8.381994886e-12	8.101442100e-12	7.478770149e-12	8.315002830e-12
1.317625994e-11	1.419967853e-11	1.436712099e-11	1.427759730e-11	1.384693408e-11	1.425702493e-11	1.460660441e-11	1.424835892e-11	1.401091013e-11	1.462642320e-11	1.451821106e-11	1.506936956e-11	1.487140765e-11	1.514465085e-11	1.498090086e-11	1.518406237e-11	1.457894852e-11	1.503621264e-11	1.486093308e-11	1.491112061e-11	1.489619999e-11	1.503169124e-11	1.484940351e-11	1.509853258e-11	1.516861426e-11	1.565225320e-11	1.541804475e-11	1.519461230e-11	1.511232285e-11	1.496605560e-11	1.522746780e-11	1.496861773e-11	1.576604173e-11	1.556521628e-11	1.585624364e-11	1.515874254e-11	1.526680397e-11	1.543590428e-11	1.522648816e-11	1.512822310e-11	1.527298321e-11	1.511013750e-11	1.494797001e-11	1.544946847e-11	1.549618959e-11	1.555956453e-11	1.531450472e-11	1.572286238e-11	1.512385241e-11	1.523831915e-11	1.525105443e-11	1.581570176e-11	1.602014434e-11	1.613325466e-11	1.585013975e-11	1.577817415e-11	1.628977041e-11	1.637032666e-11	1.611268230e-11	1.637145701e-11	1.573296017e-11	1.604938272e-11	1.574991541e-11	1.559113896e-11	1.542211401e-11	1.551201449e-11	1.534570237e-11	1.556581913e-11	1.522174069e-11	1.533198746e-11	1.564938965e-11	1.519061840e-11	1.555263172e-11	1.532912391e-11	1.555308386e-11	1.589113376e-11	1.560583351e-11	1.540342556e-11	1.555278243e-11	1.592918887e-11	1.438136340e-11	1.590447189e-11	1.607779217e-11	1.671395296e-11	1.903576652e-11	1.163688949e-10	3.591889515e-11	1.777045311e-11	1.608532784e-11	1.604719737e-11	1.616550730e-11	1.613739928e-11	1.616362339e-11	1.617568045e-11	1.581856531e-11	1.585511329e-11	1.564117577e-11	1.655743721e-11	1.628977041e-11	1.634937752e-11	1.600002411e-11	1.528390992e-11	1.601803435e-11	1.563816151e-11	1.518579557e-11	1.584855726e-11	1.620838524e-11	1.656248611e-11	1.625050960e-11	1.583793197e-11	1.530531121e-11	1.539347849e-11	1.568827368e-11	1.567983373e-11	1.592858602e-11	1.610348879e-11	1.590424582e-11	1.610311200e-11	1.578955301e-11	1.587538422e-11	1.588322132e-11	1.595488548e-11	1.597719105e-11	1.576611709e-11	1.557388229e-11	1.522038427e-11	1.554841175e-11	1.667039682e-11	1.602843357e-11	1.568985617e-11	1.555157672e-11	1.571600492e-11	1.576792565e-11	1.567357913e-11	1.618773751e-11	1.597342322e-11	1.609301421e-11	1.604576560e-11	1.605842551e-11	1.592994244e-11	1.560266853e-11	1.612323223e-11	1.627417159e-11	1.693964611e-11	1.681078625e-11	1.637115559e-11	1.697461159e-11	1.656323967e-11	1.669345595e-11	1.694582535e-11	1.620996772e-11	1.665472264e-11	1.632993550e-11	1.684650530e-11	1.640589500e-11	1.665419514e-11	1.613461108e-11	1.611531978e-11	1.684047677e-11	1.659790373e-11	1.674085528e-11	1.677619755e-11	1.646904387e-11	1.615088812e-11	1.623114294e-11	1.583687698e-11	1.630966456e-11	1.622466227e-11	1.630747922e-11	1.648102557e-11	1.639572185e-11	1.627982333e-11	1.650054294e-11	1.688245042e-11	1.673113428e-11	1.666376544e-11	1.696458916e-11	1.632420840e-11	1.670415660e-11	1.638765869e-11	1.633573796e-11	1.631426132e-11	1.611878619e-11	1.577003564e-11	1.581818853e-11	1.599173488e-11	1.601298546e-11	1.688742396e-11	1.691417556e-11	1.633181942e-11	1.603544174e-11	1.585277723e-11	1.618751144e-11	1.606581046e-11	1.602421360e-11	1.622006552e-11	1.568955474e-11	1.598924811e-11	1.576898064e-11	1.573921477e-11	1.577297455e-11	1.636994988e-11	1.602368610e-11	1.595262478e-11	1.630016963e-11	1.591788537e-11	1.568571155e-11	1.592851066e-11	1.562120626e-11	1.590424582e-11	1.606897544e-11	1.601215653e-11	1.561238954e-11	1.558948112e-11	1.578631267e-11	1.576875457e-11	1.565315748e-11	1.588186490e-11	1.561457488e-11	1.604772487e-11	1.589264090e-11	1.672088577e-11	1.696496594e-11	1.665645584e-11	1.589957371e-11	1.625631206e-11	1.583740448e-11	1.578721695e-11	1.548842786e-11	1.545165381e-11	1.556197594e-11	1.539709560e-11	1.594855553e-11	1.600077768e-11	1.575051827e-11	1.519182411e-11	1.566031636e-11	1.506303960e-11	1.556589449e-11	1.572037561e-11	1.604930736e-11	1.573748157e-11	1.544027496e-11	1.530425622e-11	1.486741375e-11	1.588397488e-11	1.509800508e-11	1.500403535e-11	1.512701739e-11	1.490848312e-11	1.459334164e-11
2.238039582e-11	2.208869025e-11	2.189683223e-11	2.189102977e-11	2.172042233e-11	2.174099469e-11	2.197784063e-11	2.147634216e-11	2.202945993e-11	2.226329159e-11	2.196661249e-11	2.176262205e-11	2.187754093e-11	2.210813226e-11	2.180678104e-11	2.185176896e-11	2.251151638e-11	2.274911588e-11	2.226977226e-11	2.256562245e-11	2.280683907e-11	2.284587381e-11	2.246019850e-11	2.279432986e-11	2.227911649e-11	2.235387028e-11	2.241204561e-11	2.239320645e-11	2.248107229e-11	2.306433272e-11	2.232282334e-11	2.246547347e-11	2.178862009e-11	2.196518071e-11	2.180489713e-11	2.260819895e-11	2.227150547e-11	2.241083990e-11	2.263073059e-11	2.224143817e-11	2.264828869e-11	2.226871727e-11	2.233661361e-11	2.236419414e-11	2.246607632e-11	2.279327487e-11	2.274127879e-11	2.350109983e-11	2.302296192e-11	2.300751381e-11	2.342333177e-11	2.360139952e-11	2.344111594e-11	2.333885698e-11	2.295144847e-11	2.379906000e-11	2.301821445e-11	2.353101642e-11	2.423642996e-11	2.349363952e-11	2.396296070e-11	2.394540260e-11	2.405316261e-11	2.378557116e-11	2.378346118e-11	2.383033301e-11	2.346884719e-11	2.338806486e-11	2.363440573e-11	2.413560277e-11	2.406326040e-11	2.352250112e-11	2.390342895e-11	2.361654621e-11	2.327879773e-11	2.311565060e-11	2.338972271e-11	2.335091404e-11	2.367555046e-11	2.359469278e-11	2.399724798e-11	2.372521049e-11	2.405482045e-11	2.545803652e-11	6.016263471e-11	8.990718322e-11	3.639168274e-11	2.515178712e-11	2.458691372e-11	2.362498615e-11	2.403289167e-11	2.405195690e-11	2.391669172e-11	2.379883393e-11	2.335468187e-11	2.320916819e-11	2.317435342e-11	2.350637480e-11	2.383771796e-11	2.343968417e-11	2.357072937e-11	2.377954263e-11	2.351383510e-11	2.357954610e-11	2.350833407e-11	2.320713356e-11	2.340675331e-11	2.343757418e-11	2.371405771e-11	2.330585077e-11	2.301497412e-11	2.296810229e-11	2.333787734e-11	2.324270190e-11	2.329861653e-11	2.339605267e-11	2.378233083e-11	2.339130520e-11	2.315785032e-11	2.254678329e-11	2.275401406e-11	2.263788947e-11	2.181725562e-11	2.233593540e-11	2.260759610e-11	2.277300393e-11	2.296629373e-11	2.307774620e-11	2.286275370e-11	2.285634838e-11	2.288890245e-11	2.277835426e-11	2.317857339e-11	2.308023297e-11	2.229102284e-11	2.314948573e-11	2.307865048e-11	2.269644158e-11	2.311429418e-11	2.342883281e-11	2.338738665e-11	2.262176315e-11	2.288129143e-11	2.288890245e-11	2.276350900e-11	2.288264785e-11	2.222033831e-11	2.292070296e-11	2.267481423e-11	2.291912047e-11	2.275635012e-11	2.301346699e-11	2.352054184e-11	2.359476814e-11	2.311625345e-11	2.273125635e-11	2.335762078e-11	2.340494475e-11	2.416393687e-11	2.384653469e-11	2.394472439e-11	2.362935684e-11	2.372068909e-11	2.387223130e-11	2.334383051e-11	2.386914168e-11	2.348761099e-11	2.404841514e-11	2.420327304e-11	2.356070694e-11	2.388210302e-11	2.380162213e-11	2.419905307e-11	2.417719964e-11	2.360494129e-11	2.358858889e-11	2.349228310e-11	2.323260411e-11	2.293863784e-11	2.311821272e-11	2.349853770e-11	2.403356988e-11	2.330856360e-11	2.338263919e-11	2.390817642e-11	2.368105150e-11	2.363877642e-11	2.414637877e-11	2.306908019e-11	2.362679471e-11	2.275069837e-11	2.302891510e-11	2.303501899e-11	2.320788713e-11	2.327608489e-11	2.340275941e-11	2.373538364e-11	2.307857513e-11	2.332280601e-11	2.302499655e-11	2.304632248e-11	2.265122760e-11	2.274557412e-11	2.274926659e-11	2.391759600e-11	2.379303147e-11	2.320208467e-11	2.294398816e-11	2.316184422e-11	2.252756734e-11	2.341820752e-11	2.359650134e-11	2.335370223e-11	2.323328232e-11	2.358534856e-11	2.427116938e-11	2.403500165e-11	2.425210415e-11	2.356326906e-11	2.314745110e-11	2.374842034e-11	2.334239874e-11	2.377773407e-11	2.418887992e-11	2.355558268e-11	2.315739818e-11	2.332386100e-11	2.382859981e-11	2.392392596e-11	2.347502643e-11	2.346967611e-11	2.358851354e-11	2.381699488e-11	2.422098185e-11	2.420131377e-11	2.364035891e-11	2.371548948e-11	2.429098817e-11	2.322665093e-11	2.323697479e-11	2.356319371e-11	2.370546705e-11	2.339921765e-11	2.385391964e-11	2.413590420e-11	2.411563326e-11	2.371292736e-11	2.427953396e-11	2.417041754e-11	2.407494068e-11	2.403733771e-11
3.251631660e-11	3.208911978e-11	3.183335933e-11	3.259988712e-11	3.246416980e-11	3.275677965e-11	3.241157086e-11	3.225030764e-11	3.162861533e-11	3.222574138e-11	3.195498496e-11	3.182755687e-11	3.207118490e-11	3.133623155e-11	3.156802859e-11	3.190818848e-11	3.185800095e-11	3.192943905e-11	3.206952705e-11	3.267011951e-11	3.266130278e-11	3.249883386e-11	3.219183089e-11	3.215234401e-11	3.242355257e-11	3.324750212e-11	3.266085064e-11	3.212114636e-11	3.183991536e-11	3.220916292e-11	3.208135805e-11	3.204390580e-11	3.232332823e-11	3.292670888e-11	3.140676537e-11	3.159651340e-11	3.150065975e-11	2.965027735e-11	2.998757369e-11	2.898924887e-11	2.922579337e-11	2.858609082e-11	2.847802939e-11	2.808617484e-11	2.779122894e-11	2.669222764e-11	2.710940202e-11	2.691046048e-11	2.661430887e-11	2.631604727e-11	2.702899648e-11	2.625802266e-11	2.677640101e-11	2.687918747e-11	2.615938081e-11	2.681008543e-11	2.562427328e-11	2.632742613e-11	2.597196884e-11	2.566247910e-11	2.562510220e-11	2.570633666e-11	2.548599384e-11	2.558712245e-11	2.531809923e-11	2.475420547e-11	2.413206101e-11	2.454162437e-11	2.415964154e-11	2.514455288e-11	2.520536569e-11	2.498916748e-11	2.462089956e-11	2.438729397e-11	2.450982387e-11	2.385180965e-11	2.407102213e-11	2.352641966e-11	2.384261614e-11	2.376997234e-11	2.466920317e-11	2.453597262e-11	2.533098522e-11	2.755988404e-11	1.234104458e-10	6.826151468e-11	2.987039411e-11	2.455292787e-11	2.489768452e-11	2.311934307e-11	2.345890011e-11	2.374299466e-11	2.321881384e-11	2.377592551e-11	2.379453860e-11	2.364668887e-11	2.320758570e-11	2.347698570e-11	2.331029681e-11	2.360697592e-11	2.374849569e-11	2.322958984e-11	2.350516909e-11	2.370094565e-11	2.376326560e-11	2.400568792e-11	2.352732394e-11	2.296373160e-11	2.380207427e-11	2.356070694e-11	2.335144153e-11	2.334872870e-11	2.348535029e-11	2.309643465e-11	2.352687180e-11	2.308957720e-11	2.408511382e-11	2.361594336e-11	2.397599740e-11	2.356025480e-11	2.282371896e-11	2.236095380e-11	2.260201971e-11	2.242086234e-11	2.293961747e-11	2.257722737e-11	2.216819151e-11	2.187686272e-11	2.217030149e-11	2.280367409e-11	2.171318809e-11	2.197188745e-11	2.206902216e-11	2.214679022e-11	2.198213595e-11	2.203737237e-11	2.137785102e-11	2.123700946e-11	2.169269108e-11	2.147347861e-11	2.157498401e-11	2.145765371e-11	2.130151474e-11	2.257240455e-11	2.329801367e-11	2.296749943e-11	2.275137658e-11	2.288453177e-11	2.314195006e-11	2.299892315e-11	2.348459673e-11	2.231875408e-11	2.263932125e-11	2.282462324e-11	2.288468248e-11	2.352574145e-11	2.275069837e-11	2.310811493e-11	2.351473938e-11	2.356590654e-11	2.320524965e-11	2.353199605e-11	2.341248042e-11	2.320637999e-11	2.260548611e-11	2.341918716e-11	2.320818855e-11	2.313584618e-11	2.318919868e-11	2.381925558e-11	2.365497810e-11	2.395617860e-11	2.338693451e-11	2.300578061e-11	2.335317474e-11	2.252161417e-11	2.272439890e-11	2.285408768e-11	2.310201104e-11	2.302198229e-11	2.315227392e-11	2.311647952e-11	2.353772316e-11	2.304338357e-11	2.289945238e-11	2.298980500e-11	2.351285547e-11	2.363056254e-11	2.304820640e-11	2.305498850e-11	2.348361709e-11	2.325506039e-11	2.312062413e-11	2.347608142e-11	2.346040724e-11	2.333019096e-11	2.290510413e-11	2.303841004e-11	2.254919470e-11	2.317254486e-11	2.231754838e-11	2.208416885e-11	2.312800908e-11	2.317322307e-11	2.373154045e-11	2.352325468e-11	2.300080707e-11	2.285129949e-11	2.328490162e-11	2.348090425e-11	2.292266223e-11	2.295107168e-11	2.387501950e-11	2.360659913e-11	2.314413541e-11	2.334481015e-11	2.257391168e-11	2.242063627e-11	2.338633166e-11	2.329025194e-11	2.267225210e-11	2.280940119e-11	2.272937244e-11	2.140324621e-11	2.242643873e-11	2.231272555e-11	2.189562653e-11	2.218627710e-11	2.287526290e-11	2.183398479e-11	2.267805456e-11	2.245936958e-11	2.238710256e-11	2.216261512e-11	2.259802581e-11	2.226592908e-11	2.307669121e-11	2.245258748e-11	2.289214279e-11	2.311587667e-11	2.278491028e-11	2.272356998e-11	2.290465199e-11	2.238039582e-11	2.256426603e-11	2.252651235e-11	2.191627425e-11	2.191325998e-11	2.244972393e-11	2.243156298e-11	2.199735800e-11
5.131124329e-11	4.891972483e-11	4.979966436e-11	5.071833721e-11	5.312809198e-11	5.591937743e-11	5.641778628e-11	5.697007512e-11	5.723495373e-11	5.743728632e-11	5.848692901e-11	5.763992033e-11	5.768618931e-11	5.699577174e-11	5.667407422e-11	5.535201726e-11	5.781218562e-11	5.777812442e-11	5.976316914e-11	5.853199229e-11	5.804677085e-11	5.852852588e-11	6.062743449e-11	6.107625866e-11	6.123330191e-11	6.239801420e-11	6.150639439e-11	6.298217891e-11	6.211444715e-11	6.295346803e-11	6.293372459e-11	6.317607155e-11	6.421772644e-11	6.513526894e-11	6.494197915e-11	6.472012919e-11	6.528266654e-11	6.591046274e-11	6.533247728e-11	6.499872270e-11	6.570797944e-11	6.479390335e-11	6.575138487e-11	6.537203952e-11	6.680811109e-11	6.609908042e-11	6.557474889e-11	6.541032070e-11	6.592847298e-11	6.544392976e-11	6.285814187e-11	6.268369124e-11	6.435035414e-11	6.384124465e-11	6.351849214e-11	6.273674232e-11	6.246086164e-11	6.121792915e-11	6.080550224e-11	6.076872820e-11	6.063941620e-11	6.116186381e-11	6.082712960e-11	6.029985916e-11	5.965435414e-11	5.973317719e-11	6.127030202e-11	6.203004771e-11	6.134369939e-11	6.290410942e-11	6.335444073e-11	5.966091017e-11	6.366182048e-11	6.158491601e-11	6.349972834e-11	6.214338410e-11	6.236282265e-11	6.315225885e-11	6.437921573e-11	6.709069850e-11	7.514210379e-11	8.489468532e-11	1.906010672e-10	1.523522953e-10	1.043709114e-10	7.557043096e-11	7.230032938e-11	6.763499954e-11	6.421373254e-11	6.286138221e-11	6.306303659e-11	6.267826556e-11	6.170669235e-11	6.239959669e-11	6.226516044e-11	6.246251949e-11	6.273093986e-11	6.325677852e-11	6.210555507e-11	6.235965767e-11	6.203743266e-11	6.259032436e-11	6.396859738e-11	6.265761784e-11	6.400484393e-11	6.254804928e-11	6.094822772e-11	6.185582315e-11	6.212695635e-11	6.219161235e-11	6.153442706e-11	6.135809251e-11	6.115485564e-11	6.205898466e-11	6.246402662e-11	6.111755410e-11	6.149192591e-11	6.070723718e-11	6.142915383e-11	5.984658894e-11	5.985834458e-11	5.883145959e-11	5.936792354e-11	5.915195140e-11	6.006715784e-11	6.077437995e-11	5.970107526e-11	5.974259677e-11	5.930454860e-11	5.884125595e-11	5.951110116e-11	5.891819509e-11	5.908902860e-11	5.945797473e-11	5.896386121e-11	5.812898495e-11	5.852181914e-11	5.655576429e-11	5.745763261e-11	5.737715171e-11	5.949542698e-11	5.950002374e-11	6.053112870e-11	5.813840453e-11	6.072547348e-11	5.917696980e-11	5.870026367e-11	5.933529411e-11	5.930093148e-11	5.499256607e-11	5.426831336e-11	5.615019483e-11	5.871254681e-11	5.906408555e-11	5.854382328e-11	5.924479078e-11	5.231228095e-11	5.917365411e-11	5.919053400e-11	5.412197076e-11	5.364413428e-11	6.010800114e-11	4.653370740e-11	5.919256863e-11	5.502542156e-11	5.371489417e-11	5.899784706e-11	5.974998173e-11	5.967990005e-11	4.770716107e-11	5.601990320e-11	5.175125073e-11	6.076435751e-11	5.499573105e-11	5.955480802e-11	6.015329049e-11	5.435708349e-11	5.714633431e-11	5.706050310e-11	5.599156910e-11	6.031681440e-11	5.489912383e-11	5.490364523e-11	5.380132824e-11	6.016655325e-11	3.932411119e-11	3.958318733e-11	3.921552226e-11	3.951137245e-11	3.987971572e-11	4.024293475e-11	4.073426007e-11	4.083508726e-11	4.017865553e-11	4.077826835e-11	4.142211552e-11	4.057322292e-11	4.056553654e-11	4.031934639e-11	4.045566656e-11	4.015695282e-11	4.045883153e-11	4.057570969e-11	4.007488943e-11	4.043403920e-11	4.045325514e-11	4.080848636e-11	4.070765917e-11	4.032334029e-11	3.956781457e-11	3.957444596e-11	4.061323730e-11	3.985288876e-11	4.126537370e-11	3.928025362e-11	4.039515517e-11	4.033004703e-11	3.995160596e-11	4.003773861e-11	3.958590017e-11	3.934016215e-11	3.980405765e-11	3.941747807e-11	3.903768058e-11	3.912388858e-11	3.965831790e-11	3.878455762e-11	3.802571621e-11	3.922207829e-11	3.803965719e-11	3.837371319e-11	3.846406581e-11	3.841772147e-11	3.842126323e-11	3.977738140e-11	3.881191208e-11	3.954859863e-11	3.896548892e-11	3.818494480e-11	3.838878452e-11	3.798879145e-11	3.835683330e-11	3.863173434e-11	3.863188505e-11	3.883873904e-11	3.821689601e-11	3.880648640e-11	3.950225429e-11	3.898817127e-11	3.935154101e-11	3.938567757e-11
5.521057284e-11	5.384925506e-11	5.480779158e-11	5.364978602e-11	5.386628566e-11	5.410132304e-11	5.440794922e-11	5.456597210e-11	5.600460580e-11	5.514930789e-11	5.552578968e-11	5.661936530e-11	5.645395747e-11	5.622163293e-11	5.508751544e-11	5.599126767e-11	5.581154208e-11	5.669931870e-11	5.694709135e-11	5.646511025e-11	5.647106343e-11	5.709569465e-11	5.606556932e-11	5.570061710e-11	5.524297620e-11	5.495918307e-11	5.424314424e-11	5.513627119e-11	5.548735779e-11	5.640550315e-11	5.592646096e-11	5.448413479e-11	5.492723186e-11	5.521403924e-11	5.607137178e-11	5.559278174e-11	5.436017311e-11	5.473612741e-11	5.570965989e-11	5.638123831e-11	5.680519479e-11	5.544689127e-11	5.642893906e-11	5.605554689e-11	5.612721106e-11	5.629789386e-11	5.666337358e-11	5.621967366e-11	5.586285995e-11	5.665960575e-11	5.550732730e-11	5.717444234e-11	5.685824586e-11	5.715168464e-11	5.872151425e-11	5.876446753e-11	5.878617025e-11	5.933265663e-11	5.918043621e-11	6.069932473e-11	6.035984305e-11	6.083519276e-11	6.090859013e-11	6.024304025e-11	6.093458817e-11	6.098394677e-11	5.944486267e-11	5.946942894e-11	6.131521458e-11	6.121574381e-11	6.206230035e-11	6.211550214e-11	6.088440065e-11	6.024484881e-11	5.947628639e-11	6.035569843e-11	6.107090834e-11	6.387492907e-11	7.136266666e-11	8.876861968e-11	9.719228680e-11	1.641898445e-10	1.430940534e-10	1.052870222e-10	7.817340016e-11	6.860084565e-11	6.472125954e-11	6.236945403e-11	6.082313570e-11	6.038252540e-11	5.871058753e-11	5.867645097e-11	5.960635196e-11	5.847796157e-11	5.970702844e-11	5.951539649e-11	5.933838374e-11	6.017378749e-11	6.156185688e-11	6.118424473e-11	6.030475734e-11	5.994839577e-11	6.117309195e-11	5.983709401e-11	6.029511169e-11	6.050980277e-11	5.988878866e-11	6.046436271e-11	6.025095270e-11	5.922919196e-11	6.066571567e-11	6.012420282e-11	6.110828524e-11	6.009993798e-11	5.882309500e-11	5.946121507e-11	5.991923275e-11	6.049736892e-11	5.995427359e-11	5.977296550e-11	5.913507151e-11	5.854163794e-11	5.724912078e-11	5.848285975e-11	5.708273331e-11	5.799914546e-11	5.819349024e-11	5.915255425e-11	5.823968386e-11	5.807216604e-11	5.796433069e-11	5.936159358e-11	5.862566060e-11	5.880847581e-11	5.965397736e-11	5.838173114e-11	6.079751444e-11	5.953250245e-11	5.955435588e-11	5.950544942e-11	5.993181731e-11	6.023000355e-11	6.062999662e-11	6.144347159e-11	6.119456859e-11	6.130202717e-11	6.131935920e-11	6.097852110e-11	6.098613212e-11	5.991275208e-11	5.973980858e-11	5.887200146e-11	5.919482933e-11	5.931909243e-11	5.693480821e-11	5.764150282e-11	5.770148671e-11	5.830501807e-11	5.788980296e-11	5.727639988e-11	5.823222356e-11	5.771309163e-11	5.739410696e-11	5.923755655e-11	5.977198587e-11	5.921525098e-11	5.960107700e-11	5.893710961e-11	5.983302475e-11	5.964591420e-11	5.951155330e-11	6.030551091e-11	6.002985630e-11	6.016549826e-11	6.042789010e-11	5.916295347e-11	5.830592235e-11	5.831066982e-11	5.805845113e-11	5.865527576e-11	5.993347515e-11	5.989873574e-11	6.025735801e-11	6.122554018e-11	6.189900250e-11	6.055637318e-11	6.017167751e-11	6.056066850e-11	6.081145542e-11	6.019496271e-11	5.963536427e-11	5.986497596e-11	6.135198862e-11	6.060603320e-11	6.080316618e-11	6.061025318e-11	6.086699326e-11	6.104611601e-11	6.074514157e-11	6.073127595e-11	6.027039471e-11	6.131687243e-11	6.094965950e-11	6.071092965e-11	6.046956232e-11	6.084099522e-11	6.239703457e-11	6.326243027e-11	6.301247228e-11	6.408381769e-11	6.417183425e-11	6.343092772e-11	6.473052841e-11	6.428577349e-11	6.429647414e-11	6.231037442e-11	6.134814544e-11	6.154550449e-11	6.111913659e-11	6.003369949e-11	6.033459857e-11	5.952398715e-11	5.939791548e-11	6.075425972e-11	6.075109474e-11	6.205838181e-11	5.994741613e-11	6.016504612e-11	6.126118387e-11	5.957093434e-11	6.125523069e-11	6.023942313e-11	5.885248409e-11	5.966927476e-11	5.761384693e-11	5.609352664e-11	5.596639998e-11	5.605155299e-11	5.581003494e-11	5.607574247e-11	5.623225822e-11	5.570295315e-11	5.575766208e-11	5.450621429e-11	5.494637244e-11	5.545156339e-11	5.424080818e-11	5.514727326e-11	5.465670150e-11	5.461540606e-11	5.492881435e-11
1.635987470e-10	1.669678672e-10	1.696016572e-10	1.663025434e-10	1.666737502e-10	1.705779779e-10	1.707561964e-10	1.703175454e-10	1.716203864e-10	1.731690408e-10	1.708729992e-10	1.732862957e-10	1.749861909e-10	1.740385057e-10	1.772490756e-10	1.795454186e-10	1.787586199e-10	1.783895984e-10	1.748451986e-10	1.767419253e-10	1.743148386e-10	1.803468365e-10	1.840304200e-10	1.794241697e-10	1.816830605e-10	1.831916252e-10	1.881919906e-10	1.867361003e-10	1.868911089e-10	1.871807798e-10	1.884815109e-10	1.839152750e-10	1.866736296e-10	1.900930127e-10	1.882358482e-10	1.860710025e-10	1.862410825e-10	1.885228817e-10	1.864148549e-10	1.836757162e-10	1.844197878e-10	1.881386381e-10	1.868089702e-10	1.858239081e-10	1.857363437e-10	1.829835655e-10	1.863015185e-10	1.880384892e-10	1.837371319e-10	1.844191849e-10	1.859470409e-10	1.887220493e-10	1.882780479e-10	1.885455640e-10	1.888069762e-10	1.896298708e-10	1.899527740e-10	1.903005449e-10	1.884475250e-10	1.891279202e-10	1.895937749e-10	1.925944765e-10	1.985072602e-10	2.313280177e-10	2.189025360e-10	2.414587388e-10	2.637810347e-10	2.668816592e-10	2.956746040e-10	3.164979055e-10	3.266540218e-10	3.488573295e-10	3.560238217e-10	3.496662077e-10	3.361447390e-10	3.213750628e-10	2.955134915e-10	2.785438534e-10	2.578852816e-10	2.339215673e-10	2.185980198e-10	2.114702609e-10	2.061442040e-10	2.019808247e-10	2.010354003e-10	1.973616885e-10	1.956553880e-10	1.929540784e-10	1.950539667e-10	1.935096076e-10	1.919185274e-10	1.921924488e-10	1.879445948e-10	1.900527723e-10	1.905170445e-10	1.941300942e-10	1.953296213e-10	1.931166227e-10	1.963636651e-10	1.969127890e-10	2.007006661e-10	1.944427489e-10	1.934775057e-10	1.946550286e-10	1.974570147e-10	1.979662749e-10	1.979649938e-10	1.966818962e-10	1.992417614e-10	1.981531594e-10	1.993649696e-10	1.942842739e-10	1.949874267e-10	1.978674823e-10	1.960323220e-10	1.998219322e-10	2.000213259e-10	1.998308997e-10	2.009259071e-10	1.993462811e-10	2.002048947e-10	1.941901534e-10	1.985862340e-10	1.994339962e-10	1.950515552e-10	1.998669202e-10	2.029191657e-10	2.005312643e-10	1.987440308e-10	2.022385445e-10	1.967772224e-10	1.970356957e-10	1.999674459e-10	1.989335528e-10	2.067556478e-10	2.033757516e-10	1.998444639e-10	1.985575231e-10	1.973270245e-10	1.986297148e-10	1.977775819e-10	1.988552572e-10	2.001521451e-10	2.013515214e-10	2.047131813e-10	1.976389256e-10	2.001219271e-10	2.006504032e-10	2.001719639e-10	2.026602403e-10	1.989207421e-10	2.019504560e-10	2.009482880e-10	2.016238603e-10	2.013061567e-10	2.005202623e-10	1.996116872e-10	2.010380378e-10	2.023814207e-10	2.073896232e-10	2.074047699e-10	2.080890083e-10	2.099581545e-10	2.119708551e-10	2.149987604e-10	2.116401148e-10	2.166696433e-10	2.154276904e-10	2.171419787e-10	2.211376894e-10	2.165328709e-10	2.128993243e-10	2.098733782e-10	2.133400853e-10	2.118979852e-10	2.110497708e-10	2.137959930e-10	2.065952135e-10	2.079043845e-10	2.126798857e-10	2.160841221e-10	2.115952022e-10	2.098827978e-10	2.069885752e-10	2.100014845e-10	2.081871980e-10	2.093328450e-10	2.122566828e-10	2.048478436e-10	2.052416575e-10	2.037249543e-10	2.070361252e-10	2.057080397e-10	2.053347229e-10	2.070719950e-10	2.117471212e-10	2.083818442e-10	2.076424448e-10	2.019165455e-10	2.010271864e-10	2.086499631e-10	2.039226148e-10	2.054699127e-10	2.086516210e-10	2.131776164e-10	2.166552501e-10	2.072750811e-10	2.069792310e-10	2.078165186e-10	2.156211309e-10	2.143725467e-10	2.137360091e-10	2.179723336e-10	2.147069041e-10	2.180622340e-10	2.158125368e-10	2.154084745e-10	2.176972065e-10	2.178163453e-10	2.159977634e-10	2.130464958e-10	2.127021913e-10	2.170434122e-10	2.134082077e-10	2.171447669e-10	2.164436487e-10	2.142919151e-10	2.139271135e-10	2.116606871e-10	2.090964512e-10	2.077224735e-10	2.105156429e-10	2.042340638e-10	2.049298317e-10	2.044418220e-10	2.090965266e-10	2.053353258e-10	2.068640106e-10	2.092501788e-10	2.106327471e-10	2.111372599e-10	2.120740183e-10	2.108291265e-10	2.096891312e-10	2.057178361e-10	2.069447930e-10	2.068340187e-10	2.056466241e-10	2.060604074e-10	2.100190426e-10	2.110959644e-10
3.037526102e-10	3.078278221e-10	3.097942538e-10	3.125397977e-10	3.093241037e-10	3.105827857e-10	2.986266252e-10	3.080899125e-10	3.128885483e-10	3.021973997e-10	3.130666914e-10	3.052493438e-10	3.063456323e-10	3.123006157e-10	3.065771279e-10	3.063903188e-10	3.122705484e-10	3.106885111e-10	3.135318679e-10	3.203886444e-10	3.206462887e-10	3.189604852e-10	3.129159781e-10	3.197660478e-10	3.199738814e-10	3.253480158e-10	3.195217415e-10	3.250117745e-10	3.235561102e-10	3.296239779e-10	3.250668602e-10	3.324274711e-10	3.358376607e-10	3.247038672e-10	3.286415533e-10	3.437904241e-10	3.469749206e-10	3.427850158e-10	3.447938732e-10	3.531256052e-10	3.664403707e-10	3.784807799e-10	3.828434021e-10	3.791822749e-10	3.918305109e-10	4.136002918e-10	4.256793590e-10	4.362831692e-10	4.431602165e-10	4.459151047e-10	4.441886840e-10	4.559630843e-10	4.539212960e-10	4.476513971e-10	4.459319092e-10	4.554556326e-10	4.688754453e-10	4.712630452e-10	4.752467742e-10	4.686538214e-10	4.617889818e-10	4.536500121e-10	4.457169167e-10	4.366439014e-10	4.289690533e-10	4.209991839e-10	4.163671617e-10	4.076703267e-10	4.045882400e-10	3.948966973e-10	3.949506527e-10	3.842417200e-10	3.801091616e-10	3.748569543e-10	3.660272655e-10	3.624756315e-10	3.615216164e-10	3.557129756e-10	3.566563654e-10	3.474721991e-10	3.463631753e-10	3.462421525e-10	3.402233420e-10	3.337636951e-10	3.369457801e-10	3.411915242e-10	3.406846000e-10	3.407855026e-10	3.396627639e-10	3.315130182e-10	3.325580642e-10	3.323067498e-10	3.285493921e-10	3.325876793e-10	3.295370917e-10	3.329515012e-10	3.341979755e-10	3.255082994e-10	3.350911024e-10	3.359497914e-10	3.293073293e-10	3.338343043e-10	3.322547537e-10	3.294087593e-10	3.283451003e-10	3.366121763e-10	3.350835668e-10	3.351389539e-10	3.347842502e-10	3.304895997e-10	3.363534016e-10	3.301535090e-10	3.350748254e-10	3.294657289e-10	3.320005004e-10	3.295046130e-10	3.319363719e-10	3.296290268e-10	3.301033215e-10	3.269308068e-10	3.262544055e-10	3.244709398e-10	3.240428387e-10	3.267749692e-10	3.118135104e-10	3.130009804e-10	3.072460688e-10	3.055646360e-10	2.974692978e-10	2.984731237e-10	2.993703952e-10	2.982384631e-10	3.011831747e-10	3.028587297e-10	2.955252471e-10	3.020221955e-10	2.962965224e-10	3.026998025e-10	2.963260622e-10	3.017397588e-10	3.013023889e-10	2.963217668e-10	2.956663901e-10	2.974500065e-10	2.894558723e-10	2.871430262e-10	2.892226435e-10	2.924433864e-10	2.926843016e-10	2.984295675e-10	2.907418334e-10	2.839164054e-10	2.863939058e-10	2.904731870e-10	2.831087329e-10	2.936967181e-10	2.851325862e-10	2.803454801e-10	2.783671421e-10	2.862392739e-10	2.934742653e-10	2.913857559e-10	2.893671775e-10	2.925757881e-10	2.828981110e-10	2.950805676e-10	2.918989347e-10	2.907974466e-10	2.888544509e-10	2.874132551e-10	2.899976112e-10	2.843092396e-10	2.899453137e-10	2.879378880e-10	2.841260476e-10	2.895828482e-10	2.900289596e-10	2.880733039e-10	2.864002357e-10	2.837234924e-10	2.858762056e-10	2.906593932e-10	2.917146123e-10	2.896487099e-10	2.838213053e-10	2.907298517e-10	2.879190489e-10	2.877831808e-10	2.841786465e-10	2.802221212e-10	2.862124470e-10	2.895856364e-10	2.845946152e-10	2.889511335e-10	2.924820444e-10	2.899133625e-10	2.912372280e-10	2.911019628e-10	2.927800799e-10	2.952202034e-10	2.941934691e-10	2.981098293e-10	2.972229569e-10	2.998617206e-10	2.965497207e-10	2.924450443e-10	2.907480880e-10	2.970271804e-10	2.962007441e-10	2.966234948e-10	2.981024443e-10	3.041906583e-10	2.932827087e-10	2.961371431e-10	3.038688855e-10	2.969020884e-10	3.035227724e-10	3.031166001e-10	2.979686109e-10	3.042630761e-10	3.039931486e-10	2.971325290e-10	3.011197997e-10	3.017785675e-10	2.972815091e-10	2.991072498e-10	2.941575240e-10	3.016170782e-10	2.947381470e-10	3.075783916e-10	2.992448511e-10	3.048981065e-10	3.007234238e-10	2.988564629e-10	3.011398446e-10	3.060519674e-10	3.023203064e-10	3.079413846e-10	3.039546413e-10	2.967079696e-10	3.071329585e-10	3.080938311e-10	3.008823509e-10	3.018114984e-10	2.999413725e-10	2.966225152e-10	3.011004331e-10	3.029858563e-10	3.017298118e-10	2.986787720e-10	2.972643277e-10
4.017432252e-10	4.009635854e-10	4.065369628e-10	4.114259512e-10	4.124988791e-10	4.160397371e-10	4.171855348e-10	4.165975269e-10	4.227108347e-10	4.244623492e-10	4.272976429e-10	4.280357612e-10	4.249211204e-10	4.287076411e-10	4.261301424e-10	4.365985367e-10	4.367759263e-10	4.383429677e-10	4.446548402e-10	4.416342445e-10	4.476183909e-10	4.590565499e-10	4.654259949e-10	4.651032424e-10	4.746635137e-10	4.755084878e-10	4.807222633e-10	4.918386494e-10	5.014435319e-10	5.059735965e-10	5.005521381e-10	5.105977817e-10	5.082836545e-10	4.904543478e-10	5.022576097e-10	5.081162874e-10	5.013552892e-10	5.095654710e-10	5.102963551e-10	5.112981463e-10	5.062967258e-10	4.461884986e-10	5.030175061e-10	5.006287758e-10	4.960722610e-10	4.905358083e-10	4.920800167e-10	4.895195486e-10	4.961819803e-10	4.969603390e-10	5.076317441e-10	5.103322248e-10	5.065931035e-10	5.023077219e-10	4.990367160e-10	4.970292904e-10	4.926709635e-10	4.901729661e-10	4.879173910e-10	4.859578922e-10	4.802734391e-10	4.802610053e-10	4.778774746e-10	4.776440951e-10	4.716027529e-10	4.680742534e-10	4.643344539e-10	4.615862724e-10	4.632450229e-10	4.566774653e-10	4.511188578e-10	4.555939121e-10	4.542996617e-10	4.489506964e-10	4.488681809e-10	4.501700423e-10	4.458072694e-10	4.427510299e-10	4.368295048e-10	4.412380946e-10	4.410188821e-10	4.411707258e-10	4.372219622e-10	4.395426455e-10	4.356133993e-10	4.343580330e-10	4.387523803e-10	4.330173629e-10	4.346671459e-10	4.329130693e-10	4.312915451e-10	4.352171741e-10	4.290885689e-10	4.336122283e-10	4.364539273e-10	4.345015874e-10	4.352932089e-10	4.345444653e-10	4.337624894e-10	4.289612916e-10	4.372319847e-10	4.277203937e-10	4.302837253e-10	4.327905394e-10	4.316937235e-10	4.376061304e-10	4.381854723e-10	4.290637012e-10	4.358500192e-10	4.396573383e-10	4.362992201e-10	4.375490101e-10	4.388094253e-10	4.381592482e-10	4.465754550e-10	4.354426412e-10	4.423099675e-10	4.387101053e-10	4.432109315e-10	4.448191177e-10	4.525131064e-10	4.471279699e-10	4.475199752e-10	4.461515739e-10	4.490718699e-10	4.451598051e-10	4.525152164e-10	4.485338988e-10	4.450396866e-10	4.433375307e-10	4.387703152e-10	4.405857321e-10	4.378508134e-10	4.369560286e-10	4.426700215e-10	4.403863384e-10	4.408746495e-10	4.402068389e-10	4.356402263e-10	4.409307902e-10	4.334571443e-10	4.302134929e-10	4.368998126e-10	4.361384091e-10	4.434162784e-10	4.442895865e-10	4.380015267e-10	4.380393558e-10	4.462115577e-10	4.441026267e-10	4.463574482e-10	4.479385060e-10	4.479872617e-10	4.430102568e-10	4.470173463e-10	4.424456095e-10	4.408808287e-10	4.426918750e-10	4.412652230e-10	4.439774593e-10	4.431009862e-10	4.464476501e-10	4.473905878e-10	4.442192034e-10	4.403087965e-10	4.457838334e-10	4.458059129e-10	4.461051542e-10	4.480489788e-10	4.422994929e-10	4.427616552e-10	4.456350794e-10	4.405735243e-10	4.409246863e-10	4.502843583e-10	4.465572940e-10	4.445409009e-10	4.390322549e-10	4.312054878e-10	4.376612915e-10	4.351427217e-10	4.403849820e-10	4.441541707e-10	4.420824658e-10	4.389715174e-10	4.345101027e-10	4.364861046e-10	4.347794273e-10	4.362185132e-10	4.338471903e-10	4.342280428e-10	4.342270631e-10	4.424836646e-10	4.364300393e-10	4.349791224e-10	4.383927784e-10	4.423004726e-10	4.434709873e-10	4.401719488e-10	4.359769951e-10	4.377365728e-10	4.374889508e-10	4.364142144e-10	4.408813562e-10	4.434817633e-10	4.397381206e-10	4.512084568e-10	4.432724226e-10	4.483525907e-10	4.508204455e-10	4.486285468e-10	4.445582330e-10	4.521544088e-10	4.647731803e-10	4.626325241e-10	4.611317965e-10	4.667270273e-10	4.694229866e-10	4.665632774e-10	4.674590418e-10	4.677017655e-10	4.662713457e-10	4.634126161e-10	4.609274293e-10	4.569525924e-10	4.546510498e-10	4.521175594e-10	4.515712991e-10	4.489414275e-10	4.485825038e-10	4.500065937e-10	4.446606427e-10	4.468346818e-10	4.492378806e-10	4.473104083e-10	4.463539818e-10	4.531990026e-10	4.526991620e-10	4.527641194e-10	4.508565413e-10	4.504203017e-10	4.502496942e-10	4.315566497e-10	4.353083556e-10	4.286918162e-10	4.343098801e-10	4.326381683e-10	4.196211369e-10	4.215195969e-10	4.235530959e-10	4.223112938e-10
5.825626233e-10	5.854756097e-10	5.851580568e-10	5.827162755e-10	5.841631230e-10	5.826721918e-10	5.853968620e-10	5.844734417e-10	5.830357123e-10	5.826202711e-10	5.822705409e-10	5.807634080e-10	5.795766916e-10	5.778134215e-10	5.773847929e-10	5.767928664e-10	5.752289900e-10	5.745123483e-10	5.731071730e-10	5.718310082e-10	5.712890432e-10	5.704693890e-10	5.694052778e-10	5.724506659e-10	5.717472116e-10	5.716204617e-10	5.731857700e-10	5.810857837e-10	5.862831315e-10	5.908595405e-10	6.000978883e-10	6.066654459e-10	6.078064208e-10	6.057318524e-10	6.068172142e-10	6.105347835e-10	6.112729018e-10	6.121569106e-10	6.130012065e-10	6.097886774e-10	6.102956769e-10	6.126001584e-10	6.111137486e-10	6.123287238e-10	6.117673168e-10	6.108440472e-10	6.088500350e-10	6.092191318e-10	6.103114264e-10	6.068415544e-10	6.074110999e-10	6.049656261e-10	6.035043854e-10	6.043865103e-10	6.022109639e-10	6.021475890e-10	6.020956683e-10	6.031870586e-10	6.000443851e-10	5.972511403e-10	5.964924496e-10	5.926058554e-10	5.963405306e-10	5.982037990e-10	5.942738747e-10	5.936867711e-10	5.935494713e-10	5.849074206e-10	5.911832726e-10	5.959596782e-10	5.971994457e-10	5.937872215e-10	5.990227750e-10	5.988979844e-10	5.992714520e-10	5.958134863e-10	5.979033521e-10	5.936526345e-10	5.966042035e-10	6.027918130e-10	5.990841153e-10	6.020247577e-10	5.999851547e-10	6.039669245e-10	6.047566621e-10	6.028158517e-10	6.009110618e-10	5.949100355e-10	5.956709869e-10	5.979180466e-10	5.977969485e-10	5.978034292e-10	5.983340907e-10	5.934206114e-10	5.970210011e-10	5.928561148e-10	5.952382137e-10	5.961557562e-10	5.975489498e-10	6.022191778e-10	6.054711184e-10	6.043060294e-10	6.006878554e-10	5.992740141e-10	6.074147170e-10	5.998110809e-10	6.026732016e-10	6.040833505e-10	6.049054161e-10	6.048017254e-10	6.003733922e-10	6.068808152e-10	6.020119470e-10	5.982609947e-10	6.051243272e-10	5.966763199e-10	5.961223732e-10	6.011891278e-10	6.034759006e-10	6.023215121e-10	5.971574720e-10	5.937704169e-10	5.977102130e-10	5.937659709e-10	5.953108575e-10	5.885900998e-10	5.866664707e-10	5.852857109e-10	5.799798496e-10	5.844543765e-10	5.921714997e-10	5.908465038e-10	5.870488304e-10	5.965094802e-10	5.940444137e-10	5.934434445e-10	5.946876580e-10	5.953095010e-10	5.956534288e-10	5.975593490e-10	5.897450157e-10	5.879082729e-10	5.886870084e-10	5.904094353e-10	5.905231484e-10	5.915851496e-10	5.860045380e-10	5.853422284e-10	5.873415156e-10	5.900649800e-10	5.938228652e-10	5.936924982e-10	5.878800895e-10	5.935414835e-10	5.936982253e-10	5.955688786e-10	5.960348841e-10	5.984712398e-10	6.001415198e-10	5.998124373e-10	6.008442205e-10	6.010222129e-10	5.961363141e-10	6.004260665e-10	5.978043335e-10	6.019014742e-10	6.004062477e-10	5.948469620e-10	5.931459364e-10	5.873036865e-10	5.966374358e-10	5.979288226e-10	5.982233918e-10	5.947766542e-10	5.951758937e-10	6.001426501e-10	6.019920529e-10	6.042463469e-10	6.017457874e-10	5.981059107e-10	5.989184061e-10	6.060925093e-10	5.712813568e-10	6.047054196e-10	6.076652025e-10	6.089853755e-10	6.110603207e-10	6.156897808e-10	6.175577213e-10	6.202004035e-10	6.209760494e-10	6.200214314e-10	6.224773798e-10	6.225238749e-10	6.216998500e-10	6.251804226e-10	6.227809164e-10	6.216984182e-10	6.194798432e-10	6.178440012e-10	6.202091448e-10	6.216254730e-10	6.220440038e-10	6.230031431e-10	6.222923039e-10	6.193412624e-10	6.233822624e-10	6.214333135e-10	6.225737610e-10	6.190301148e-10	6.156637074e-10	6.141601163e-10	6.111835288e-10	6.161428250e-10	6.173522237e-10	6.176335301e-10	6.139715740e-10	6.092238793e-10	6.089308173e-10	6.129313509e-10	6.088960779e-10	6.118526205e-10	6.117876631e-10	6.109484915e-10	6.083904348e-10	6.079774051e-10	6.127150019e-10	6.092545495e-10	6.111084736e-10	6.133155944e-10	6.124991051e-10	6.085079912e-10	6.069685303e-10	6.081286458e-10	6.113203765e-10	6.107147352e-10	6.123721292e-10	6.114238412e-10	6.062485729e-10	6.088070817e-10	6.099757879e-10	6.088850005e-10	6.065515820e-10	6.038450728e-10	6.081043810e-10	6.038039280e-10	6.091584697e-10	6.094502507e-10	6.072287368e-10	6.075945933e-10	6.019425436e-10
5.987326520e-10	5.949550987e-10	5.923884514e-10	5.876565817e-10	5.881302736e-10	5.941281349e-10	6.000987926e-10	6.043761864e-10	6.185532579e-10	6.176729416e-10	6.241022951e-10	6.199186450e-10	6.358599663e-10	6.464021347e-10	6.520765654e-10	6.762155592e-10	6.704411303e-10	6.812149450e-10	6.818155375e-10	6.816599260e-10	6.817346044e-10	6.820377642e-10	6.821197523e-10	6.821609723e-10	6.821046056e-10	6.824589325e-10	6.827219272e-10	6.817853195e-10	6.826403160e-10	6.812780939e-10	6.817598489e-10	6.823465004e-10	6.823192213e-10	6.820080737e-10	6.830547021e-10	6.841102227e-10	6.829421193e-10	6.827678194e-10	6.830863519e-10	6.835289215e-10	6.825653361e-10	6.829415918e-10	6.833462570e-10	6.844042643e-10	6.839161039e-10	6.834848379e-10	6.834990049e-10	6.835992293e-10	6.836997550e-10	6.841535527e-10	6.842811315e-10	6.822507221e-10	6.838467005e-10	6.828280294e-10	6.834816729e-10	6.830809263e-10	6.834231208e-10	6.842646284e-10	6.841365975e-10	6.843380258e-10	6.831667575e-10	6.830297591e-10	6.842106731e-10	6.837794823e-10	6.835654695e-10	6.827287093e-10	6.822768709e-10	6.840023119e-10	6.834274161e-10	6.836282416e-10	6.834807686e-10	6.844879855e-10	6.840405931e-10	6.828718116e-10	6.836444432e-10	6.841195669e-10	6.840962063e-10	6.835011903e-10	6.832684889e-10	6.841511413e-10	6.841934164e-10	6.841757076e-10	6.843067528e-10	6.843344840e-10	6.841611637e-10	6.840060044e-10	6.828340579e-10	6.830366919e-10	6.840427785e-10	6.842888933e-10	6.841324529e-10	6.849439686e-10	6.860691940e-10	6.850056103e-10	6.845368166e-10	6.844721606e-10	6.847477399e-10	6.847002652e-10	6.844261931e-10	6.854942228e-10	6.847856443e-10	6.851866923e-10	6.848880539e-10	6.851171381e-10	6.854336360e-10	6.844231788e-10	6.854767400e-10	6.860359617e-10	6.857631706e-10	6.850212845e-10	6.856174309e-10	6.852772710e-10	6.842210723e-10	6.849383168e-10	6.852719960e-10	6.845714053e-10	6.849926490e-10	6.845153400e-10	6.847955913e-10	6.848688380e-10	6.847115687e-10	6.836194248e-10	6.842264980e-10	6.823656410e-10	6.836648649e-10	6.836818955e-10	6.836690849e-10	6.830715067e-10	6.838660671e-10	6.832740653e-10	6.844807513e-10	6.834863450e-10	6.837465515e-10	6.837647124e-10	6.842184348e-10	6.834175444e-10	6.829090377e-10	6.835259826e-10	6.828588502e-10	6.826146947e-10	6.824333113e-10	6.830717327e-10	6.835475346e-10	6.820963163e-10	6.825021119e-10	6.831148367e-10	6.838881466e-10	6.836446693e-10	6.826692529e-10	6.846228739e-10	6.830758774e-10	6.836392436e-10	6.835815958e-10	6.819639901e-10	6.840011062e-10	6.838900305e-10	6.834472349e-10	6.841055505e-10	6.842282312e-10	6.853635544e-10	6.849214369e-10	6.841965060e-10	6.841751047e-10	6.837134699e-10	6.835329908e-10	6.849721520e-10	6.843610096e-10	6.834598948e-10	6.846654504e-10	6.859160693e-10	6.852346191e-10	6.846807478e-10	6.839589819e-10	6.835805408e-10	6.839938720e-10	6.828772372e-10	6.831705253e-10	6.828747505e-10	6.831977291e-10	6.827291614e-10	6.827803286e-10	6.818281220e-10	6.824198224e-10	6.810533804e-10	6.823963111e-10	6.819269900e-10	6.833365360e-10	6.826075358e-10	6.822531335e-10	6.806095298e-10	6.798801528e-10	6.799878374e-10	6.811508919e-10	6.813459902e-10	6.814109477e-10	6.810014597e-10	6.809125388e-10	6.793834772e-10	6.790365352e-10	6.803249077e-10	6.791364581e-10	6.793436888e-10	6.801194101e-10	6.810584293e-10	6.797017836e-10	6.799967295e-10	6.796838487e-10	6.815989625e-10	6.812244400e-10	6.805207596e-10	6.814317461e-10	6.804955151e-10	6.818731853e-10	6.811279835e-10	6.822166609e-10	6.824148489e-10	6.825100243e-10	6.824633786e-10	6.828171780e-10	6.827969071e-10	6.824485333e-10	6.810340137e-10	6.818781589e-10	6.808702637e-10	6.814473449e-10	6.808325854e-10	6.816243577e-10	6.822406243e-10	6.827172551e-10	6.821362554e-10	6.831036840e-10	6.814511881e-10	6.824101014e-10	6.827238865e-10	6.834703694e-10	6.825874156e-10	6.830037611e-10	6.814855507e-10	6.815361904e-10	6.820269882e-10	6.840111287e-10	6.827420474e-10	6.815382250e-10	6.824326330e-10	6.823614210e-10	6.818355070e-10	6.837623010e-10	6.817731117e-10	6.824670710e-10	6.814355893e-10	6.824024150e-10
5.340748427e-10	5.262682712e-10	5.278011760e-10	5.200325089e-10	5.191962762e-10	5.123881048e-10	5.111275389e-10	5.118630951e-10	5.054658435e-10	5.075052203e-10	5.019729123e-10	4.964968203e-10	4.923118891e-10	4.907470330e-10	4.859692711e-10	4.833805443e-10	4.811865356e-10	4.749378873e-10	4.747905650e-10	4.719382407e-10	4.781134163e-10	4.723221828e-10	4.735921683e-10	4.779042262e-10	4.779602916e-10	4.854370271e-10	4.927802306e-10	4.883706612e-10	4.842113513e-10	4.814362675e-10	4.849631092e-10	4.954731757e-10	5.087407679e-10	5.092851443e-10	5.205382273e-10	5.227966659e-10	5.284522574e-10	5.321788695e-10	5.296732611e-10	5.285273880e-10	5.263135605e-10	5.160343867e-10	5.107057677e-10	5.082657949e-10	5.048008964e-10	5.093179244e-10	6.107055417e-10	5.564599106e-10	5.775486936e-10	5.840842246e-10	5.841169294e-10	5.845221221e-10	5.841107502e-10	5.821059620e-10	5.807720740e-10	5.800531716e-10	5.782140174e-10	5.761753941e-10	5.724166047e-10	5.701378951e-10	5.667792495e-10	5.647981233e-10	5.615883071e-10	5.587030519e-10	5.543402790e-10	5.516722770e-10	5.479461923e-10	5.435881669e-10	5.390758110e-10	5.346623985e-10	5.317216808e-10	5.242554198e-10	5.203053753e-10	5.168798129e-10	5.096983247e-10	5.073652830e-10	5.053261323e-10	5.027263280e-10	5.014298923e-10	5.005136309e-10	5.021045604e-10	5.028352184e-10	5.005326961e-10	4.947333241e-10	4.951135738e-10	4.990209665e-10	4.944725902e-10	4.961948663e-10	4.945392808e-10	4.907201307e-10	4.899004765e-10	4.952205802e-10	4.956383574e-10	4.905660264e-10	4.969736772e-10	4.940310756e-10	4.899860816e-10	4.978558020e-10	5.007490450e-10	4.989480212e-10	4.974865545e-10	4.956076119e-10	4.918816027e-10	4.987466683e-10	4.946626396e-10	4.937807408e-10	5.029106504e-10	4.998833479e-10	5.006891365e-10	5.055612450e-10	5.107660530e-10	5.103758563e-10	5.091361642e-10	5.089183835e-10	5.100712648e-10	5.091990116e-10	5.106913746e-10	5.141042017e-10	5.155750880e-10	5.095226684e-10	5.131874127e-10	5.113092237e-10	5.046959246e-10	5.044877142e-10	4.996007605e-10	5.022216646e-10	5.018027570e-10	4.858995662e-10	4.830768570e-10	4.745401549e-10	4.560202800e-10	4.468227001e-10	4.461527796e-10	4.334872116e-10	4.242261061e-10	4.170382126e-10	4.112526309e-10	4.100393136e-10	4.093498003e-10	4.073986660e-10	4.057196446e-10	4.087487557e-10	4.082688846e-10	4.002736200e-10	3.990416142e-10	3.917057202e-10	3.851713949e-10	3.745039837e-10	3.720366565e-10	3.785191364e-10	3.706253773e-10	3.667321516e-10	3.588816471e-10	3.627637200e-10	3.595985149e-10	3.430388923e-10	3.614751967e-10	3.591662692e-10	3.603526842e-10	3.576274865e-10	3.672923529e-10	3.612588478e-10	3.593543593e-10	3.668943191e-10	3.607862109e-10	3.626402858e-10	3.563049020e-10	3.628206143e-10	3.762876001e-10	3.766454688e-10	3.807975446e-10	3.894665729e-10	3.908274386e-10	3.937190237e-10	3.970338118e-10	4.034306866e-10	4.052876250e-10	4.084428077e-10	4.138962927e-10	4.161137373e-10	4.221650265e-10	4.229342672e-10	4.204227056e-10	4.274862606e-10	4.339011456e-10	4.360982440e-10	4.399134001e-10	4.462606903e-10	4.481900464e-10	4.490644849e-10	4.512050658e-10	4.514894618e-10	4.482710548e-10	4.503833016e-10	4.510282791e-10	4.468427450e-10	4.448193437e-10	4.516955622e-10	4.467339300e-10	4.509802769e-10	4.556174234e-10	4.541639444e-10	4.566007522e-10	4.581527977e-10	4.618701409e-10	4.699560595e-10	4.712432264e-10	4.709106022e-10	4.770829895e-10	4.813536766e-10	4.824707635e-10	4.836038260e-10	4.858849470e-10	5.005616331e-10	5.050810724e-10	5.047791937e-10	5.012491871e-10	5.007359330e-10	4.973909269e-10	4.990954188e-10	4.948903674e-10	4.915522188e-10	4.921556748e-10	4.922920703e-10	4.893057618e-10	4.814207440e-10	4.861936832e-10	4.764172136e-10	4.753775933e-10	4.770543540e-10	4.712558863e-10	4.743295331e-10	4.710859571e-10	4.754289865e-10	4.791830285e-10	4.715472151e-10	4.773627887e-10	4.792315582e-10	4.825232117e-10	4.928303428e-10	4.902135080e-10	4.887613854e-10	4.939585071e-10	4.951971443e-10	4.869634513e-10	4.912128124e-10	4.881827218e-10	4.949393492e-10	4.933839881e-10	4.878146799e-10	4.994996319e-10
1.358778258e-10	1.358444428e-10	1.339233005e-10	1.333525493e-10	1.305461925e-10	1.289242914e-10	1.271796344e-10	1.293731156e-10	1.252906694e-10	1.259311255e-10	1.232321520e-10	1.248296375e-10	1.228826479e-10	1.227005108e-10	1.222293057e-10	1.197340212e-10	1.195099859e-10	1.192244596e-10	1.166285739e-10	1.188503138e-10	1.176875608e-10	1.158152496e-10	1.165935330e-10	1.152149586e-10	1.168632345e-10	1.154392200e-10	1.138460298e-10	1.167823014e-10	1.135712795e-10	1.125873478e-10	1.135153648e-10	1.122492225e-10	1.108425400e-10	1.110405773e-10	1.108855687e-10	1.127021913e-10	1.115227845e-10	1.100562688e-10	1.119728897e-10	1.120878086e-10	1.101264258e-10	1.093966721e-10	1.111845838e-10	1.113154783e-10	1.078314392e-10	1.116585771e-10	1.102127846e-10	1.082016664e-10	1.087581753e-10	1.081025724e-10	1.063464612e-10	1.089727910e-10	1.085953295e-10	1.056169335e-10	1.073450875e-10	1.069257277e-10	1.086865111e-10	1.097050315e-10	1.094974993e-10	1.093742912e-10	1.074551835e-10	1.075538254e-10	1.092016491e-10	1.084160561e-10	1.083536608e-10	1.091671358e-10	1.086104009e-10	1.114530796e-10	1.122921004e-10	1.094722548e-10	1.160760590e-10	1.256764201e-10	1.248188615e-10	1.390119840e-10	1.698452099e-10	1.885665132e-10	2.434278833e-10	2.928180597e-10	3.252002414e-10	3.202709373e-10	3.095411308e-10	2.850986004e-10	2.559895345e-10	2.280988348e-10	1.956182372e-10	1.720667238e-10	1.512560069e-10	1.352678137e-10	1.257303001e-10	1.187249957e-10	1.162178048e-10	1.108541450e-10	1.131724168e-10	1.139764721e-10	1.138372131e-10	1.138219157e-10	1.120320447e-10	1.137385712e-10	1.118103454e-10	1.132315717e-10	1.121056681e-10	1.125782296e-10	1.140237961e-10	1.110830784e-10	1.143344162e-10	1.162278272e-10	1.139682583e-10	1.155115623e-10	1.143000536e-10	1.161329532e-10	1.168119920e-10	1.159744029e-10	1.170900580e-10	1.165117711e-10	1.159526248e-10	1.166361849e-10	1.169458254e-10	1.183016421e-10	1.194374928e-10	1.196176705e-10	1.194116455e-10	1.212973701e-10	1.188213769e-10	1.201521752e-10	1.209492224e-10	1.204424490e-10	1.210670049e-10	1.208495256e-10	1.217608888e-10	1.196799151e-10	1.199817185e-10	1.233117286e-10	1.212657957e-10	1.212732560e-10	1.215555420e-10	1.211569053e-10	1.199778753e-10	1.215118351e-10	1.195543709e-10	1.195065195e-10	1.207417656e-10	1.206091379e-10	1.205187853e-10	1.204063532e-10	1.216917868e-10	1.200585069e-10	1.197086260e-10	1.196229455e-10	1.187739022e-10	1.194800693e-10	1.194531670e-10	1.205263209e-10	1.195343261e-10	1.183063142e-10	1.186924417e-10	1.175575706e-10	1.203241391e-10	1.177306648e-10	1.208707762e-10	1.166449263e-10	1.173957045e-10	1.180621587e-10	1.171984962e-10	1.174658616e-10	1.166971484e-10	1.184430112e-10	1.195756969e-10	1.180523623e-10	1.158406448e-10	1.144075875e-10	1.162893183e-10	1.163268459e-10	1.183984000e-10	1.182401511e-10	1.189460921e-10	1.158251967e-10	1.149244587e-10	1.153578348e-10	1.178764046e-10	1.152847388e-10	1.149416400e-10	1.131524472e-10	1.145565676e-10	1.160710854e-10	1.162272244e-10	1.179299831e-10	1.170875712e-10	1.159601604e-10	1.159664151e-10	1.170284162e-10	1.166339996e-10	1.163905976e-10	1.174635255e-10	1.166572094e-10	1.149746463e-10	1.162250391e-10	1.163052939e-10	1.151290520e-10	1.138305817e-10	1.166691911e-10	1.156836769e-10	1.166440974e-10	1.164541986e-10	1.151446508e-10	1.164930073e-10	1.184167870e-10	1.169765709e-10	1.167944339e-10	1.139535637e-10	1.161050713e-10	1.176489782e-10	1.161233076e-10	1.162211205e-10	1.163342308e-10	1.172608915e-10	1.162135848e-10	1.146912299e-10	1.161725908e-10	1.156448683e-10	1.142238680e-10	1.136978786e-10	1.162326501e-10	1.149465382e-10	1.148254401e-10	1.164915001e-10	1.150903941e-10	1.143396158e-10	1.157049275e-10	1.151418627e-10	1.141162587e-10	1.140670508e-10	1.138102354e-10	1.141485114e-10	1.178002943e-10	1.158135918e-10	1.146536270e-10	1.148273994e-10	1.160952749e-10	1.153445720e-10	1.164697974e-10	1.143104528e-10	1.136610292e-10	1.139161115e-10	1.153582116e-10	1.151695185e-10	1.138156611e-10	1.139194272e-10	1.149969518e-10	1.156316055e-10	1.154408025e-10	1.159290382e-10
7.869223065e-11	7.929425488e-11	7.863684352e-11	7.757958980e-11	7.930277019e-11	7.726331797e-11	7.672572367e-11	7.819932285e-11	7.732744647e-11	7.535280097e-11	7.612060982e-11	7.544006396e-11	7.521519974e-11	7.539432248e-11	7.488581584e-11	7.412614552e-11	7.466984370e-11	7.397965220e-11	7.453894921e-11	7.342849370e-11	7.295939859e-11	7.355690143e-11	7.231977140e-11	7.344002327e-11	7.243484099e-11	7.212700910e-11	7.186424048e-11	7.145603354e-11	7.151842884e-11	7.223100127e-11	7.078596226e-11	7.136274202e-11	7.026720712e-11	7.139393967e-11	6.934212896e-11	7.026720712e-11	6.845902445e-11	6.982689825e-11	7.080871997e-11	6.842360683e-11	6.904861483e-11	6.808291944e-11	6.805089286e-11	6.926104521e-11	6.979675560e-11	6.824290159e-11	6.879511508e-11	6.851411015e-11	6.753266522e-11	6.867205768e-11	6.869564431e-11	6.855683737e-11	6.900114015e-11	6.978921993e-11	7.127932221e-11	7.060043420e-11	7.130230599e-11	7.017542273e-11	7.155603181e-11	7.132431013e-11	7.296693426e-11	7.391868867e-11	7.260688021e-11	7.254576597e-11	7.126048305e-11	7.100977150e-11	7.203409436e-11	7.083758156e-11	7.053713462e-11	7.010903353e-11	7.083200517e-11	7.082055096e-11	7.131436305e-11	7.207079305e-11	7.028777949e-11	7.045492053e-11	7.181345011e-11	7.164563086e-11	7.181269654e-11	7.290657359e-11	8.085217815e-11	1.628299585e-10	2.488523560e-10	2.184259806e-10	1.972127838e-10	1.524168006e-10	1.163658053e-10	1.034790655e-10	1.001544811e-10	8.111487141e-11	7.759292793e-11	7.278683188e-11	7.190809805e-11	7.076765060e-11	7.074022078e-11	7.019825580e-11	6.997633048e-11	6.925901058e-11	7.002923084e-11	7.003676651e-11	7.109861698e-11	7.028348416e-11	7.048317927e-11	7.100065334e-11	7.069779499e-11	7.110411801e-11	7.135317172e-11	7.066486414e-11	7.098339667e-11	7.183914672e-11	7.268856681e-11	7.339480928e-11	7.238081028e-11	7.275563423e-11	7.259738528e-11	7.340219423e-11	7.359262047e-11	7.367408101e-11	7.481731666e-11	7.286143496e-11	7.513358849e-11	7.433262272e-11	7.589921200e-11	7.674810459e-11	7.576357004e-11	7.778516273e-11	7.714372697e-11	7.735894555e-11	7.772442527e-11	7.887014769e-11	7.896057566e-11	7.720242980e-11	8.007487436e-11	7.755095428e-11	7.812313728e-11	7.859140346e-11	7.904881829e-11	7.721094510e-11	7.736414516e-11	7.789819770e-11	7.699648009e-11	7.745645705e-11	7.712699780e-11	7.844686942e-11	7.978753948e-11	7.900925606e-11	7.815976061e-11	7.779397946e-11	7.830979569e-11	7.809872173e-11	7.897346165e-11	7.893691368e-11	7.908596912e-11	7.785147658e-11	7.821077706e-11	7.787204894e-11	7.809962600e-11	7.663484356e-11	7.598059717e-11	7.796142192e-11	7.725050734e-11	7.710115047e-11	7.799555848e-11	7.788094102e-11	7.727228541e-11	7.787250108e-11	7.893548190e-11	7.751613951e-11	7.725894728e-11	7.770166757e-11	7.858025068e-11	7.867617969e-11	7.838070629e-11	7.799842203e-11	7.796677224e-11	7.922085751e-11	7.911550892e-11	7.854114058e-11	7.724982913e-11	7.891973236e-11	7.857625678e-11	7.785637476e-11	7.845259653e-11	7.862003899e-11	7.772615848e-11	7.782743781e-11	7.770875109e-11	7.564390369e-11	7.573689378e-11	7.544601714e-11	7.656272725e-11	7.628488730e-11	7.674380926e-11	7.733121430e-11	7.700386504e-11	7.744990102e-11	7.745155887e-11	7.892365091e-11	7.832675093e-11	7.813052223e-11	7.923509992e-11	7.844913012e-11	7.829434757e-11	7.908227664e-11	7.895967138e-11	8.006553014e-11	7.896072638e-11	7.891490954e-11	8.042249456e-11	7.830150645e-11	7.672135298e-11	7.745525134e-11	7.774974511e-11	7.794401453e-11	7.804725314e-11	7.862968464e-11	7.654351130e-11	7.750528815e-11	7.731561548e-11	7.878831038e-11	7.888001941e-11	7.790543193e-11	7.993342994e-11	7.855364979e-11	7.876321661e-11	7.981971676e-11	8.114637048e-11	8.052957635e-11	7.923834025e-11	7.972763095e-11	7.975596504e-11	7.939236924e-11	7.851107328e-11	7.807709437e-11	7.761395243e-11	7.800821840e-11	7.729670096e-11	7.760445750e-11	7.681750806e-11	7.742028586e-11	7.751968127e-11	7.693295444e-11	7.780287154e-11	7.713295097e-11	7.797988430e-11	7.695013575e-11	7.687696445e-11	7.769782438e-11	7.778576558e-11	7.717944602e-11	7.619363040e-11
5.698416682e-11	5.582103701e-11	5.556075516e-11	5.561071662e-11	5.548336389e-11	5.476951040e-11	5.461955068e-11	5.519406973e-11	5.483145356e-11	5.473884025e-11	5.523393340e-11	5.497749474e-11	5.462708634e-11	5.467870564e-11	5.501019952e-11	5.507643801e-11	5.495436025e-11	5.462572992e-11	5.343471816e-11	5.438782900e-11	5.399981764e-11	5.384706972e-11	5.370306317e-11	5.391556891e-11	5.377442591e-11	5.364827889e-11	5.353079788e-11	5.280918266e-11	5.303683508e-11	5.250753001e-11	5.246141175e-11	5.282169186e-11	5.342062647e-11	5.339801948e-11	5.295966988e-11	5.246171317e-11	5.319018585e-11	5.270843083e-11	5.329862406e-11	5.279667346e-11	5.122458315e-11	5.287316045e-11	5.188274808e-11	5.244234652e-11	5.278303390e-11	5.278921315e-11	5.285062881e-11	5.252915737e-11	5.226970444e-11	5.293540504e-11	5.234460895e-11	5.151696693e-11	5.127755887e-11	5.172510198e-11	5.261197432e-11	5.212366327e-11	5.239698182e-11	5.167612016e-11	5.267595211e-11	5.265673617e-11	5.218839462e-11	5.169435647e-11	5.200979938e-11	5.243563977e-11	5.248379267e-11	5.137853677e-11	5.201823932e-11	5.140046555e-11	5.165471887e-11	5.238462333e-11	5.187378064e-11	5.197927994e-11	5.209404811e-11	5.213504212e-11	5.244294937e-11	5.158554147e-11	5.199322092e-11	5.201590327e-11	5.209178741e-11	5.250918786e-11	5.241039530e-11	5.235990635e-11	5.352906468e-11	5.469242055e-11	6.299303026e-11	1.738628494e-10	1.503661203e-10	9.945916536e-11	7.117691253e-11	5.823546389e-11	6.483014989e-11	5.484381205e-11	5.374978429e-11	5.332545103e-11	5.345416018e-11	5.297768012e-11	5.281106658e-11	5.303766400e-11	5.247881913e-11	5.261747536e-11	5.289290389e-11	5.314256045e-11	5.293314434e-11	5.344247990e-11	5.267602747e-11	5.300390423e-11	5.285499950e-11	5.269765483e-11	5.272711927e-11	5.295130529e-11	5.216277337e-11	5.268770775e-11	5.262350389e-11	5.233179832e-11	5.238733617e-11	5.307391055e-11	5.237347054e-11	5.217068581e-11	5.262742243e-11	5.289275318e-11	5.271468543e-11	5.307375984e-11	5.286735799e-11	5.256359536e-11	5.268311099e-11	5.232268016e-11	5.256547927e-11	5.314240974e-11	5.205049197e-11	5.221311160e-11	5.222999149e-11	5.233903256e-11	5.199661197e-11	5.158154757e-11	5.180287003e-11	5.143550639e-11	5.172871910e-11	5.133287064e-11	5.151500765e-11	5.086159019e-11	5.032670873e-11	4.986635499e-11	5.009513776e-11	4.962611801e-11	4.995090515e-11	4.926485826e-11	4.972076596e-11	4.994344484e-11	4.985542828e-11	4.970923639e-11	5.014509922e-11	5.038925475e-11	4.993500489e-11	4.991337754e-11	5.013032932e-11	5.007253077e-11	5.027893262e-11	4.946598514e-11	5.021774302e-11	5.070612943e-11	5.077297078e-11	5.115517968e-11	5.093257615e-11	5.077990359e-11	5.110800642e-11	5.074207455e-11	5.122601492e-11	5.131357934e-11	5.088600574e-11	5.077756753e-11	5.040244216e-11	5.076046157e-11	5.123038561e-11	5.193632665e-11	5.200557941e-11	5.153309325e-11	5.081532121e-11	5.141380368e-11	5.111373352e-11	5.163188581e-11	5.104417934e-11	5.107688412e-11	5.095412815e-11	5.123355059e-11	5.090755774e-11	5.066189508e-11	5.117010029e-11	5.071336367e-11	5.117251170e-11	5.131244899e-11	5.079060423e-11	5.058759343e-11	5.184959115e-11	5.170663960e-11	5.225666774e-11	5.204702556e-11	5.239630361e-11	5.292455368e-11	5.207136576e-11	5.259984190e-11	5.244355222e-11	5.325921254e-11	5.383576622e-11	5.317142205e-11	5.309033830e-11	5.325084795e-11	5.299478607e-11	5.323675626e-11	5.284007888e-11	5.299237466e-11	5.314783542e-11	5.280330484e-11	5.266284006e-11	5.238439726e-11	5.254648940e-11	5.278702781e-11	5.148072038e-11	5.192102925e-11	5.194936335e-11	5.177777627e-11	5.206134332e-11	5.127951814e-11	5.181123462e-11	5.220753521e-11	5.234980856e-11	5.207784643e-11	5.172894517e-11	5.194446517e-11	5.119444049e-11	5.109248295e-11	5.094960675e-11	5.083717464e-11	5.121802712e-11	5.068133710e-11	5.027056803e-11	5.056001290e-11	5.074252669e-11	5.026446414e-11	5.054237945e-11	4.929243879e-11	4.960795706e-11	4.969928931e-11	4.938904601e-11	4.922808422e-11	4.955626240e-11	4.959085110e-11	4.926877680e-11	4.949446995e-11	4.932725356e-11	4.938648388e-11	4.865650407e-11
3.528808468e-11	3.377823896e-11	3.345051291e-11	3.398200333e-11	3.371132226e-11	3.427634638e-11	3.395615600e-11	3.399624573e-11	3.399187505e-11	3.433293922e-11	3.408200159e-11	3.416640103e-11	3.397356338e-11	3.411696708e-11	3.430392691e-11	3.437099432e-11	3.438335281e-11	3.418004059e-11	3.429119164e-11	3.486563534e-11	3.451522694e-11	3.468101156e-11	3.462487086e-11	3.547346203e-11	3.525711310e-11	3.505116339e-11	3.485847645e-11	3.502230180e-11	3.475893033e-11	3.480836429e-11	3.496849715e-11	3.510202913e-11	3.531204810e-11	3.518281145e-11	3.542357593e-11	3.509969307e-11	3.534588323e-11	3.524754281e-11	3.505033447e-11	3.540963495e-11	3.502124681e-11	3.546441923e-11	3.488304272e-11	3.473994045e-11	3.539961252e-11	3.508808815e-11	3.519343674e-11	3.429382912e-11	3.443007393e-11	3.452622901e-11	3.418983695e-11	3.402872445e-11	3.463496865e-11	3.471311349e-11	3.405396892e-11	3.434228344e-11	3.464062040e-11	3.462502157e-11	3.476842526e-11	3.448395393e-11	3.489419550e-11	3.477513201e-11	3.535341889e-11	3.485945609e-11	3.496812037e-11	3.519803349e-11	3.494023841e-11	3.517015153e-11	3.590661202e-11	3.534972642e-11	3.541483456e-11	3.590819451e-11	3.568046673e-11	3.595423742e-11	3.603193012e-11	3.593841252e-11	3.599801963e-11	3.638881918e-11	3.641858506e-11	3.645897622e-11	3.704072951e-11	3.631730573e-11	3.680237645e-11	3.711985399e-11	3.707448929e-11	3.797680975e-11	4.103056239e-11	1.296874282e-10	6.787681902e-11	4.334250424e-11	3.878184478e-11	4.221547027e-11	3.788638177e-11	3.725331061e-11	3.676997309e-11	3.700169477e-11	3.623305700e-11	3.655987877e-11	3.667660621e-11	3.654887670e-11	3.636545862e-11	3.682829913e-11	3.686002428e-11	3.649876453e-11	3.662189728e-11	3.642672358e-11	3.581264228e-11	3.644812486e-11	3.623629734e-11	3.583261179e-11	3.564406947e-11	3.548273089e-11	3.575476838e-11	3.615543966e-11	3.571882326e-11	3.562327104e-11	3.602273661e-11	3.583826354e-11	3.569501056e-11	3.532372838e-11	3.521250197e-11	3.548250482e-11	3.568641990e-11	3.543849654e-11	3.590932486e-11	3.580081129e-11	3.519923920e-11	3.536984664e-11	3.648406998e-11	3.550594074e-11	3.553306913e-11	3.588023719e-11	3.601489952e-11	3.609590791e-11	3.536856558e-11	3.607699339e-11	3.619010371e-11	3.596870589e-11	3.598279759e-11	3.661534126e-11	3.623697555e-11	3.603253297e-11	3.630193297e-11	3.654005997e-11	3.622770668e-11	3.625815076e-11	3.631044827e-11	3.687615060e-11	3.631964178e-11	3.665648598e-11	3.627179032e-11	3.637450142e-11	3.600434959e-11	3.648429605e-11	3.697758064e-11	3.595597062e-11	3.656952442e-11	3.662860403e-11	3.567436284e-11	3.625973325e-11	3.643403317e-11	3.663048794e-11	3.628339524e-11	3.689076979e-11	3.696861320e-11	3.676816453e-11	3.778773993e-11	3.712339575e-11	3.758058451e-11	3.769037914e-11	3.679355972e-11	3.752873914e-11	3.714140599e-11	3.724788493e-11	3.703681097e-11	3.664548391e-11	3.670584459e-11	3.637879675e-11	3.635943009e-11	3.724140426e-11	3.713349354e-11	3.727704795e-11	3.719159351e-11	3.684646008e-11	3.698240347e-11	3.640336302e-11	3.690297757e-11	3.689725046e-11	3.675957387e-11	3.658097863e-11	3.640147910e-11	3.648617997e-11	3.670087105e-11	3.619477583e-11	3.651006802e-11	3.632762959e-11	3.625754791e-11	3.600917241e-11	3.616802422e-11	3.630140548e-11	3.669401359e-11	3.724012319e-11	3.697931385e-11	3.646734081e-11	3.737877942e-11	3.726009270e-11	3.662830260e-11	3.659115177e-11	3.743800974e-11	3.706160330e-11	3.716341013e-11	3.710425516e-11	3.696062540e-11	3.739256968e-11	3.721148767e-11	3.752429310e-11	3.748593657e-11	3.772933853e-11	3.806196275e-11	3.813513406e-11	3.791373624e-11	3.771178043e-11	3.809700359e-11	3.827770883e-11	3.823776981e-11	3.789233495e-11	3.791644907e-11	3.797733724e-11	3.763453987e-11	3.722663435e-11	3.720726770e-11	3.722490115e-11	3.704419592e-11	3.689152336e-11	3.692083709e-11	3.762881276e-11	3.749324616e-11	3.703138529e-11	3.701239541e-11	3.720108845e-11	3.662747368e-11	3.636869896e-11	3.640238338e-11	3.636410220e-11	3.660788095e-11	3.640260945e-11	3.625001225e-11	3.643953421e-11	3.658406825e-11	3.644963200e-11	3.676206064e-11
2.597829879e-11	2.507507406e-11	2.534741297e-11	2.530702181e-11	2.474599159e-11	2.412030538e-11	2.446679523e-11	2.439686426e-11	2.447621481e-11	2.364751779e-11	2.444697643e-11	2.389920898e-11	2.357464791e-11	2.376469737e-11	2.403266560e-11	2.381285027e-11	2.361458694e-11	2.352491253e-11	2.273630525e-11	2.300246492e-11	2.241144276e-11	2.221302871e-11	2.237210659e-11	2.245530032e-11	2.259749831e-11	2.178349584e-11	2.235748740e-11	2.169254037e-11	2.113422299e-11	2.103588257e-11	2.122706238e-11	2.010997549e-11	2.063257381e-11	2.061049432e-11	2.036211882e-11	2.054244727e-11	2.006626863e-11	1.983846550e-11	1.997018891e-11	2.014396133e-11	2.043830439e-11	1.961834874e-11	2.025609202e-11	1.941692043e-11	1.945346840e-11	1.865393441e-11	1.863079992e-11	1.910381357e-11	1.864459018e-11	1.826599840e-11	1.920953895e-11	1.851535354e-11	1.872228288e-11	1.882054795e-11	1.887314689e-11	1.891361340e-11	1.899047718e-11	1.872492037e-11	1.807172898e-11	1.761454022e-11	1.828928361e-11	1.815891661e-11	1.823133435e-11	1.784912545e-11	1.794437625e-11	1.727046178e-11	1.725840471e-11	1.727400354e-11	1.734257809e-11	1.705102323e-11	1.787889132e-11	1.751107554e-11	1.726119291e-11	1.758778861e-11	1.730693439e-11	1.800142123e-11	1.767361982e-11	1.778642872e-11	1.772976052e-11	1.821761944e-11	1.741122799e-11	1.874180026e-11	1.830284780e-11	1.825183135e-11	1.776216388e-11	2.112058344e-11	1.780654894e-11	1.882115080e-11	8.678455460e-11	2.462444132e-11	1.753255219e-11	1.720294222e-11	1.788213166e-11	1.685509596e-11	1.712705808e-11	1.703421870e-11	1.680724449e-11	1.664613198e-11	1.550327312e-11	1.574064654e-11	1.572195810e-11	1.560741600e-11	1.507660380e-11	1.516770998e-11	1.566024101e-11	1.525293834e-11	1.535504660e-11	1.563544867e-11	1.524932123e-11	1.567335306e-11	1.630348532e-11	1.586769785e-11	1.646429640e-11	1.604388168e-11	1.644123727e-11	1.583001952e-11	1.535090198e-11	1.494736715e-11	1.517562243e-11	1.567011273e-11	1.496145884e-11	1.449213766e-11	1.349012037e-11	1.340097346e-11	1.389659411e-11	1.353631399e-11	1.309065480e-11	1.411980049e-11	1.404821167e-11	1.409229531e-11	1.387933743e-11	1.419010823e-11	1.447714169e-11	1.466824614e-11	1.520192190e-11	1.567591519e-11	1.588058383e-11	1.623453399e-11	1.667680214e-11	1.611019553e-11	1.601841114e-11	1.636505170e-11	1.663558205e-11	1.594855553e-11	1.650792790e-11	1.586076504e-11	1.548322825e-11	1.581992173e-11	1.506010069e-11	1.534954556e-11	1.433042231e-11	1.452891171e-11	1.395243338e-11	1.430653425e-11	1.485445241e-11	1.281326699e-11	1.270595913e-11	1.299954861e-11	1.319894229e-11	1.309615583e-11	1.207228511e-11	1.298123695e-11	1.351717340e-11	1.232819627e-11	1.238162413e-11	1.252985065e-11	1.249752265e-11	1.298176445e-11	1.211034021e-11	1.162157702e-11	1.243964875e-11	1.152934049e-11	1.089619396e-11	1.120726619e-11	1.091450563e-11	1.112603173e-11	1.175051224e-11	1.109249802e-11	1.100237147e-11	1.111269360e-11	1.151215917e-11	1.062867788e-11	1.073123827e-11	1.014639535e-11	1.063101393e-11	1.058790993e-11	1.104540012e-11	1.158239156e-11	1.223859722e-11	1.188517456e-11	1.137968219e-11	1.120636191e-11	1.178434737e-11	1.121419900e-11	1.004926064e-11	1.045776901e-11	1.085941992e-11	1.038474842e-11	1.122783855e-11	1.104298870e-11	1.095708213e-11	1.165435716e-11	1.209391246e-11	1.101977886e-11	1.151841377e-11	1.095082753e-11	1.057042719e-11	1.184116628e-11	1.130847016e-11	1.213754396e-11	1.175932896e-11	1.208268432e-11	1.187537820e-11	1.188555134e-11	1.202955789e-11	1.233663622e-11	1.210717523e-11	1.248810307e-11	1.322396070e-11	1.255946581e-11	1.261658615e-11	1.267061686e-11	1.299291723e-11	1.287332623e-11	1.288206761e-11	1.229511470e-11	1.252382212e-11	1.278983107e-11	1.244017624e-11	1.234861792e-11	1.305064042e-11	1.248719879e-11	1.321145150e-11	1.421324272e-11	1.423004726e-11	1.442793380e-11	1.466688972e-11	1.512664061e-11	1.482747473e-11	1.577794808e-11	1.553243614e-11	1.640890927e-11	1.633114121e-11	1.677793075e-11	1.697928370e-11	1.726970821e-11	1.762260338e-11	1.755636489e-11	1.753443610e-11	1.678441142e-11	1.685486989e-11
7.352849197e-12	6.775089806e-12	6.254978248e-12	6.697397106e-12	7.022184242e-12	7.091964495e-12	7.029117054e-12	6.848261108e-12	6.390469495e-12	6.353620096e-12	6.627767567e-12	6.417221103e-12	6.926104521e-12	6.237721577e-12	6.528975006e-12	6.842986143e-12	6.302226864e-12	5.979022217e-12	6.415261830e-12	6.443294502e-12	6.330184179e-12	6.224458807e-12	5.751972649e-12	6.413603984e-12	6.224835591e-12	6.302226864e-12	6.696040687e-12	6.698226029e-12	6.134859758e-12	6.980813445e-12	6.577203259e-12	6.067641631e-12	5.735770970e-12	5.708115082e-12	5.720247501e-12	6.136140820e-12	6.523926111e-12	5.968095504e-12	6.433874922e-12	6.588129972e-12	6.624150448e-12	6.479314978e-12	6.427997103e-12	6.295369410e-12	6.604030224e-12	5.897034189e-12	6.875464856e-12	6.825880184e-12	6.121370918e-12	6.606516993e-12	7.294975294e-12	7.306504861e-12	6.831531933e-12	6.631761469e-12	6.096503226e-12	6.369143564e-12	6.393106977e-12	6.783680464e-12	6.770869834e-12	6.863784576e-12	6.775994086e-12	6.858132828e-12	6.688655735e-12	7.214494398e-12	7.289097476e-12	6.528372153e-12	7.195655237e-12	7.315396945e-12	6.771849471e-12	7.058732215e-12	6.764539876e-12	6.723998002e-12	7.140870957e-12	6.877273416e-12	8.286442662e-12	8.167077737e-12	8.237460843e-12	7.530916947e-12	8.140476842e-12	7.737846292e-12	7.511701003e-12	7.710793257e-12	7.392486792e-12	7.930231805e-12	8.328190242e-12	7.546591129e-12	7.820738601e-12	7.700318683e-12	1.056839256e-11	3.583615356e-11	8.478677461e-12	7.752465481e-12	7.735058096e-12	7.208239797e-12	7.489546150e-12	7.185331377e-12	8.437080593e-12	8.035731106e-12	7.863541174e-12	8.129324058e-12	7.751636558e-12	8.555541238e-12	7.889689930e-12	8.595630972e-12	7.870926126e-12	7.542069731e-12	8.008602714e-12	7.844325230e-12	7.609815354e-12	8.110861681e-12	7.631894850e-12	7.547570766e-12	8.188328311e-12	7.582837675e-12	8.051782072e-12	7.932417147e-12	8.130228338e-12	8.296691165e-12	8.323970270e-12	8.058865596e-12	7.910865147e-12	7.805064419e-12	8.281770550e-12	8.162104199e-12	7.750430852e-12	7.870323272e-12	7.629558794e-12	7.780121369e-12	7.293769588e-12	7.425040862e-12	7.351643491e-12	7.538904751e-12	8.284483389e-12	7.954345931e-12	7.781703859e-12	7.197237727e-12	7.854498377e-12	7.555859996e-12	7.121052160e-12	7.242979210e-12	7.751335131e-12	7.750807635e-12	8.519294692e-12	8.431127418e-12	8.610928371e-12	7.964368364e-12	8.075293345e-12	8.238967976e-12	8.413870747e-12	8.440622355e-12	8.511532958e-12	8.597665602e-12	8.067079470e-12	7.587057647e-12	8.241831528e-12	8.397066215e-12	8.098503191e-12	8.296012955e-12	8.386290215e-12	7.686829844e-12	7.874543245e-12	7.283822511e-12	7.516523828e-12	7.755027607e-12	7.403112079e-12	7.904610546e-12	7.580953759e-12	7.533026933e-12	7.680801312e-12	7.194148104e-12	7.503034989e-12	7.664072137e-12	7.676355270e-12	7.335366456e-12	7.399796386e-12	7.584344808e-12	7.752314768e-12	7.537774402e-12	7.326248302e-12	7.574096304e-12	7.547420052e-12	7.561587101e-12	8.164063471e-12	7.639355158e-12	7.548324332e-12	7.677184193e-12	7.497458597e-12	6.489714195e-12	7.369653729e-12	7.809510461e-12	7.806420838e-12	7.121052160e-12	7.323912246e-12	7.269655462e-12	7.024369585e-12	7.049915488e-12	7.022937809e-12	6.960015011e-12	7.478920863e-12	7.726090656e-12	6.745323932e-12	7.340415351e-12	7.442674317e-12	6.981265585e-12	7.467843436e-12	7.350513141e-12	7.073125334e-12	7.025801361e-12	7.631291997e-12	6.890159402e-12	7.184879237e-12	7.263928357e-12	7.240718511e-12	7.377716890e-12	6.948711514e-12	7.421800526e-12	7.266113700e-12	7.536568695e-12	7.009373613e-12	6.895735794e-12	7.043962313e-12	7.188873139e-12	7.282842875e-12	7.194977028e-12	7.654200417e-12	7.573267381e-12	7.923901846e-12	7.424664079e-12	7.806194768e-12	7.189928132e-12	7.681178096e-12	7.372894064e-12	6.935071962e-12	6.951424354e-12	7.751561201e-12	7.483743688e-12	7.032206676e-12	7.458122429e-12	7.873262182e-12	7.465884163e-12	7.964066938e-12	7.812298656e-12	7.853594097e-12	8.021714771e-12	7.930382518e-12	7.881551412e-12	8.281544480e-12	7.757212950e-12	8.209051388e-12	8.295485459e-12	7.944926350e-12
6.136668317e-12	5.474509485e-12	5.451073568e-12	5.801255894e-12	5.780382103e-12	5.670210690e-12	6.098839282e-12	6.359573270e-12	5.896431335e-12	6.182711227e-12	6.671022281e-12	7.178097139e-12	6.680969358e-12	6.093564317e-12	6.029737239e-12	6.085727226e-12	5.662524312e-12	5.663277878e-12	5.638786969e-12	5.184160335e-12	5.771942159e-12	6.409986865e-12	6.022201575e-12	6.138175450e-12	6.217601353e-12	6.150232513e-12	5.803818020e-12	6.246613661e-12	5.727331026e-12	5.336682183e-12	5.645342997e-12	5.826651083e-12	5.961162693e-12	5.773449292e-12	5.489580814e-12	5.886333545e-12	5.529293765e-12	5.811579754e-12	5.110762963e-12	5.214227636e-12	5.328392952e-12	5.966814441e-12	5.766365768e-12	6.010069155e-12	5.948728846e-12	5.199005594e-12	5.517312059e-12	6.193864010e-12	6.452864796e-12	5.891909937e-12	6.061914526e-12	5.829665349e-12	5.933205378e-12	5.921449741e-12	5.900877377e-12	5.650391892e-12	5.991305350e-12	6.209462835e-12	6.373363536e-12	6.103812820e-12	5.608418241e-12	5.949482413e-12	6.163796709e-12	5.888744958e-12	5.532458744e-12	5.450018575e-12	5.754534774e-12	5.256276643e-12	5.631025235e-12	5.205712335e-12	5.114756866e-12	5.376470491e-12	5.781663166e-12	5.763050075e-12	5.260647329e-12	5.332462211e-12	4.668796245e-12	5.126889285e-12	5.447757876e-12	5.532534101e-12	5.127642852e-12	6.153472849e-12	5.950763476e-12	6.355880795e-12	6.115191673e-12	5.962820539e-12	6.093564317e-12	6.512471901e-12	6.767403429e-12	7.015718642e-11	6.399286222e-12	6.064024512e-12	5.371572309e-12	5.495232562e-12	5.913914077e-12	5.922580091e-12	5.757096900e-12	6.223177744e-12	6.034409351e-12	5.759357600e-12	5.582344843e-12	5.776689628e-12	5.007976501e-12	5.292673902e-12	5.680534550e-12	5.311663777e-12	5.888066748e-12	5.919942608e-12	6.236666584e-12	6.123028764e-12	6.147067534e-12	5.835166384e-12	6.142696849e-12	6.037046833e-12	6.070580540e-12	6.587753189e-12	6.461380097e-12	6.408027593e-12	5.877592174e-12	6.199515758e-12	6.340357326e-12	6.156939254e-12	6.205845716e-12	6.159275310e-12	6.438471677e-12	5.890327447e-12	6.585492490e-12	5.879626804e-12	6.165077772e-12	6.880363038e-12	6.080904400e-12	6.543292769e-12	6.753688519e-12	6.665069106e-12	6.736055065e-12	6.989630172e-12	6.563111566e-12	6.556781608e-12	6.439375957e-12	6.856248912e-12	6.309988599e-12	5.962895896e-12	6.188136905e-12	5.727180313e-12	6.154301772e-12	6.253395759e-12	6.219108486e-12	6.682401134e-12	7.065665026e-12	6.842006506e-12	6.683606840e-12	6.245332598e-12	5.790178467e-12	6.292656570e-12	6.469593971e-12	6.623924378e-12	5.830117489e-12	6.302528291e-12	6.063044876e-12	6.740727177e-12	6.294163703e-12	7.022410312e-12	6.212401744e-12	6.638995707e-12	6.615785861e-12	7.082921698e-12	6.935674815e-12	6.313455004e-12	6.640126057e-12	6.643818532e-12	6.978477389e-12	7.490827212e-12	7.129944244e-12	7.123463572e-12	6.698150673e-12	6.824900548e-12	6.963933557e-12	7.392486792e-12	7.361138428e-12	7.788787383e-12	7.127683544e-12	7.208993363e-12	7.188119573e-12	7.127080691e-12	6.872752017e-12	7.065288243e-12	6.845548269e-12	6.752256743e-12	6.523398615e-12	6.623773665e-12	6.758360631e-12	6.508477999e-12	6.406972600e-12	7.009222900e-12	7.154585866e-12	6.922788829e-12	6.825277331e-12	6.438923817e-12	6.738466477e-12	7.319692274e-12	6.714201638e-12	6.691670001e-12	6.451433020e-12	6.663185190e-12	6.225212374e-12	5.925971140e-12	6.294992626e-12	6.262363199e-12	6.924597388e-12	6.541032070e-12	6.617443707e-12	6.103662107e-12	6.391298418e-12	6.645853162e-12	6.307501829e-12	6.409610082e-12	6.570345804e-12	6.471251817e-12	6.247894724e-12	5.922730804e-12	6.202454667e-12	6.265829605e-12	6.369520347e-12	6.497701999e-12	5.967794077e-12	5.954003812e-12	6.276304179e-12	5.733962411e-12	6.060332036e-12	5.891081014e-12	5.687768788e-12	5.493047219e-12	5.709772928e-12	5.784677432e-12	6.345481578e-12	5.397871778e-12	6.504785524e-12	6.039684316e-12	5.401714967e-12	5.981207560e-12	6.169373101e-12	5.855512678e-12	5.972842973e-12	5.994696399e-12	6.006828819e-12	6.328601690e-12	6.125063394e-12	6.392880907e-12	6.005321686e-12	6.321518165e-12	5.981132203e-12
6.108334219e-12	6.009089518e-12	5.692365543e-12	5.868474020e-12	5.751746579e-12	5.399152841e-12	5.657098634e-12	5.649562969e-12	5.209028027e-12	5.308574154e-12	5.469686660e-12	5.106995131e-12	5.283781818e-12	4.871053478e-12	5.639013039e-12	4.715215938e-12	4.658773812e-12	5.470666296e-12	5.985728959e-12	5.427185512e-12	5.338867525e-12	5.015888948e-12	5.187400671e-12	5.513996366e-12	5.705929739e-12	5.678650634e-12	5.679931697e-12	5.741573432e-12	5.630271668e-12	5.495609345e-12	5.646774773e-12	5.594627976e-12	5.257482350e-12	5.452203918e-12	5.051080501e-12	5.336531469e-12	6.106751729e-12	5.354767777e-12	5.374586575e-12	5.906604482e-12	5.647452983e-12	5.693119109e-12	5.546625793e-12	5.422362687e-12	5.073536781e-12	5.221537230e-12	5.006167941e-12	5.193353845e-12	5.280466126e-12	5.765913628e-12	5.218899748e-12	5.365920561e-12	5.585359108e-12	5.426959442e-12	5.680007053e-12	5.531026968e-12	5.265018014e-12	5.546399723e-12	5.628312395e-12	5.551297905e-12	5.456273177e-12	5.582043416e-12	5.890779587e-12	5.191394573e-12	5.660640396e-12	5.751595865e-12	5.906152342e-12	5.265771580e-12	5.769380033e-12	5.310910210e-12	6.125892317e-12	6.197028989e-12	5.620927444e-12	5.907734832e-12	6.033354358e-12	6.328224906e-12	6.202906807e-12	6.383988823e-12	6.102908540e-12	6.491824181e-12	5.710601851e-12	5.762296509e-12	5.577522017e-12	5.721829991e-12	5.676766718e-12	5.148667355e-12	5.525752003e-12	5.733811697e-12	6.145183618e-12	9.975380984e-11	9.148824097e-12	5.367578407e-12	5.586866241e-12	5.533363024e-12	5.447757876e-12	5.635395920e-12	5.090642739e-12	5.445647890e-12	4.844301870e-12	4.702631379e-12	5.216940475e-12	5.022972473e-12	5.325529399e-12	5.367352337e-12	5.414676309e-12	5.078359606e-12	5.313773763e-12	5.608342885e-12	5.525224506e-12	5.267504783e-12	5.379484756e-12	5.651748312e-12	5.646096564e-12	6.179923031e-12	5.577295947e-12	5.241506741e-12	5.682343109e-12	4.866758150e-12	4.831039100e-12	5.412641680e-12	4.975573144e-12	5.442181484e-12	5.035330963e-12	5.600355081e-12	5.450546072e-12	5.466295611e-12	5.150023775e-12	5.602992563e-12	5.234950713e-12	5.033296333e-12	5.382423666e-12	5.218899748e-12	5.222893650e-12	5.374511218e-12	4.827195911e-12	4.858694989e-12	4.637673951e-12	5.347533539e-12	5.330729008e-12	4.783036918e-12	5.493348646e-12	5.010387913e-12	4.940456948e-12	5.335401120e-12	4.857112499e-12	4.882733758e-12	5.078585676e-12	4.701274959e-12	4.964118934e-12	5.178433230e-12	5.321686210e-12	5.283631105e-12	5.379560113e-12	5.488977960e-12	4.927721675e-12	4.668344106e-12	5.221311160e-12	4.931790934e-12	5.178508587e-12	5.488375107e-12	5.300435637e-12	5.719870718e-12	5.724994970e-12	5.624393850e-12	5.979022217e-12	5.470515583e-12	5.696058019e-12	5.823486104e-12	5.742854495e-12	5.779025684e-12	5.628312395e-12	5.876763251e-12	5.673074242e-12	5.583249122e-12	5.513167443e-12	5.815196873e-12	5.224174713e-12	5.574658465e-12	5.355521344e-12	5.782115306e-12	5.358384896e-12	5.668854270e-12	6.279921298e-12	5.988366441e-12	5.964026245e-12	5.901781657e-12	6.575394699e-12	6.480596041e-12	6.435909551e-12	6.342241242e-12	6.662356267e-12	5.949859196e-12	6.389565215e-12	6.194919003e-12	6.512773328e-12	6.165228485e-12	6.465449355e-12	5.902535224e-12	5.738483809e-12	6.300041522e-12	5.934938581e-12	6.008938805e-12	6.354825802e-12	5.879400734e-12	6.849391457e-12	7.187667433e-12	6.805759960e-12	6.722340155e-12	6.665219819e-12	6.503353747e-12	6.567482252e-12	6.735301498e-12	6.831079793e-12	6.809075653e-12	7.051347264e-12	6.931906983e-12	6.719401246e-12	6.638091427e-12	6.742761806e-12	6.430107089e-12	6.434176348e-12	6.309988599e-12	6.309536459e-12	6.557987314e-12	6.498606279e-12	6.060332036e-12	6.742083596e-12	6.540655286e-12	6.197782555e-12	6.080753687e-12	5.937726776e-12	5.657475417e-12	6.146766107e-12	5.669909263e-12	5.968547644e-12	5.890176734e-12	5.758227250e-12	5.881962860e-12	5.908186972e-12	5.975405098e-12	6.155281408e-12	6.116322023e-12	6.008109882e-12	6.092810750e-12	6.449323034e-12	5.947523140e-12	6.139531869e-12	6.316167843e-12	5.761166159e-12	5.833659251e-12	5.696886942e-12
4.391031655e-12	4.299021193e-12	3.971370504e-12	4.147931121e-12	4.177320212e-12	4.161796744e-12	4.328033501e-12	4.376563179e-12	4.825085925e-12	4.363375767e-12	4.588315349e-12	4.432854593e-12	4.598187070e-12	4.780776219e-12	4.539559601e-12	4.618834790e-12	4.133613359e-12	4.365561109e-12	4.197515793e-12	4.699391043e-12	4.763820974e-12	4.236399821e-12	4.588993559e-12	4.328259570e-12	4.377241389e-12	4.666083406e-12	4.300754395e-12	4.229165583e-12	3.716288263e-12	3.770168264e-12	4.254937556e-12	4.148006478e-12	3.647110864e-12	3.789760991e-12	3.585243059e-12	4.061497050e-12	3.571603506e-12	4.017036630e-12	4.028340127e-12	3.890286755e-12	4.032334029e-12	3.993600714e-12	3.749294473e-12	4.166544212e-12	4.301734032e-12	3.984708630e-12	4.070313778e-12	4.372719991e-12	4.681983658e-12	4.434512439e-12	4.407685473e-12	3.913722671e-12	3.845600265e-12	4.212361052e-12	3.978906168e-12	3.799708068e-12	4.164584939e-12	4.106334253e-12	3.616591423e-12	4.412583655e-12	4.089906505e-12	4.177621639e-12	4.010254532e-12	4.633906119e-12	4.334740242e-12	3.998649609e-12	4.179731625e-12	4.396758760e-12	4.675578343e-12	4.099928939e-12	4.736089729e-12	4.311002899e-12	4.958165759e-12	4.647093532e-12	4.700898176e-12	4.640688217e-12	4.984842011e-12	5.066905397e-12	4.779796582e-12	4.399471599e-12	4.780474792e-12	4.890570849e-12	5.034577396e-12	4.885069814e-12	4.618985504e-12	4.681908302e-12	4.950253311e-12	4.903155409e-12	4.951232948e-12	7.354054903e-12	1.447661420e-11	4.324567095e-12	4.960125032e-12	4.830662317e-12	4.339412354e-12	4.445213082e-12	4.453954453e-12	4.449433054e-12	4.510547293e-12	4.274228857e-12	4.405198704e-12	4.423435012e-12	4.016433777e-12	4.399923739e-12	3.936631091e-12	3.884710363e-12	4.341673053e-12	4.537524971e-12	4.229467010e-12	4.300905109e-12	4.296986563e-12	4.004075287e-12	4.617704441e-12	4.359231151e-12	3.952832769e-12	3.840400656e-12	4.211230702e-12	4.489221362e-12	4.816947408e-12	4.457496215e-12	4.485830313e-12	5.230203244e-12	4.882959828e-12	5.276849007e-12	4.926440612e-12	4.850933254e-12	4.718079491e-12	4.850405758e-12	4.958693256e-12	4.437828131e-12	4.542046370e-12	5.073084641e-12	4.770753785e-12	4.755531743e-12	5.064041844e-12	4.719435910e-12	4.778590876e-12	4.698260693e-12	4.168428128e-12	4.356669025e-12	4.806322121e-12	4.511979069e-12	4.775501254e-12	5.142337397e-12	4.629836860e-12	4.533154286e-12	5.021766767e-12	4.854701087e-12	4.539710314e-12	4.500600216e-12	4.446870928e-12	4.896448667e-12	4.960803242e-12	5.191846713e-12	4.880397702e-12	5.013402179e-12	5.228470042e-12	4.986650570e-12	4.993055885e-12	5.043394124e-12	4.777083743e-12	4.533455713e-12	4.564125867e-12	4.185835513e-12	4.433156019e-12	4.137833331e-12	4.216731737e-12	3.996690336e-12	4.374754620e-12	4.363300410e-12	4.500148076e-12	4.792983995e-12	4.193672604e-12	4.394422704e-12	4.517856887e-12	4.723655882e-12	4.813707072e-12	4.564427293e-12	4.347249445e-12	4.669399099e-12	4.396834117e-12	4.823126653e-12	4.563296944e-12	4.600975266e-12	4.623883686e-12	4.760882065e-12	4.386208830e-12	4.413487935e-12	4.604366315e-12	4.710091686e-12	4.200454702e-12	4.406102984e-12	3.753213019e-12	3.918093356e-12	4.011837022e-12	4.668796245e-12	4.663295210e-12	4.217334590e-12	4.381461361e-12	4.571435461e-12	4.824709142e-12	4.623959042e-12	4.384324914e-12	4.201358982e-12	3.995786056e-12	4.379803515e-12	4.670303378e-12	4.795998261e-12	4.316353221e-12	4.656739182e-12	4.560810174e-12	4.507608384e-12	4.482288551e-12	4.386284186e-12	4.141450450e-12	4.263980353e-12	4.213114618e-12	4.171291681e-12	4.429463544e-12	4.248607598e-12	4.227959877e-12	4.455160159e-12	4.332253473e-12	4.517178677e-12	4.489221362e-12	4.009048826e-12	4.285456997e-12	4.901798989e-12	4.477088943e-12	4.806020694e-12	4.405650844e-12	4.904361115e-12	4.447323068e-12	4.565934426e-12	4.936236976e-12	4.560810174e-12	5.130506404e-12	4.720264833e-12	4.656513112e-12	4.829456611e-12	4.798108247e-12	4.966379633e-12	5.237286769e-12	5.314301259e-12	4.690423602e-12	5.410004197e-12	5.416710939e-12	5.377525484e-12	4.995542654e-12	5.277602574e-12	4.917774598e-12
3.751253746e-12	3.541008709e-12	4.316277864e-12	3.831734642e-12	3.766325075e-12	3.433248708e-12	3.300018161e-12	3.703779060e-12	2.883446632e-12	3.053601935e-12	3.271533349e-12	3.541837632e-12	3.526540233e-12	3.238150356e-12	3.630909185e-12	3.334832931e-12	3.792398474e-12	3.571302080e-12	3.484415869e-12	2.820147051e-12	2.909746101e-12	3.415087757e-12	3.440784372e-12	2.956994717e-12	3.118936145e-12	3.096856648e-12	3.099268061e-12	3.498055422e-12	3.222928314e-12	3.295270692e-12	3.385623309e-12	3.532342695e-12	3.404763896e-12	3.219085125e-12	3.680493857e-12	3.662257549e-12	3.235286804e-12	3.484792652e-12	3.428878022e-12	3.094294522e-12	3.385849379e-12	3.137926019e-12	2.965208591e-12	3.292181070e-12	3.465350638e-12	3.941755343e-12	3.984633273e-12	3.752459452e-12	3.703025494e-12	4.308516130e-12	3.482004457e-12	3.792850614e-12	3.469269184e-12	3.936329664e-12	3.540405856e-12	3.414937043e-12	3.639876626e-12	3.085025655e-12	3.096404508e-12	3.202280593e-12	3.013512200e-12	3.209891615e-12	3.175001488e-12	2.992563053e-12	2.857297877e-12	2.285340947e-12	2.584130041e-12	2.584657538e-12	2.482699998e-12	2.906204339e-12	2.888570884e-12	2.879151303e-12	3.060685459e-12	2.620527301e-12	2.531757174e-12	2.944937654e-12	2.619246238e-12	2.692869679e-12	2.769281316e-12	2.568832643e-12	2.604099552e-12	2.326334962e-12	3.233026104e-12	2.466724390e-12	2.850365065e-12	3.155182691e-12	2.506437341e-12	2.725046966e-12	3.140186719e-12	4.390880942e-12	4.217590803e-11	2.640722881e-12	2.327088528e-12	2.282025255e-12	2.832806967e-12	2.596488531e-12	2.467553313e-12	2.846521876e-12	1.963342007e-12	2.317367521e-12	2.029881924e-12	2.372076445e-12	2.317367521e-12	2.759334239e-12	2.833334464e-12	2.259493618e-12	2.999119081e-12	3.162793712e-12	3.770243620e-12	3.279295084e-12	3.877250055e-12	2.900401877e-12	2.594981398e-12	2.422188613e-12	2.553610601e-12	2.385565284e-12	2.479082879e-12	2.419551131e-12	2.520001537e-12	2.493702068e-12	2.488502460e-12	3.262264482e-12	3.338826833e-12	2.780660169e-12	2.852248981e-12	3.428350526e-12	2.436732445e-12	2.662500951e-12	2.727458379e-12	2.682244392e-12	3.289995727e-12	3.353747448e-12	3.223606524e-12	3.813422978e-12	2.977717794e-12	3.234457881e-12	3.559847870e-12	3.218030132e-12	3.102508397e-12	3.405216036e-12	3.395721099e-12	3.045764844e-12	3.351034609e-12	3.063172228e-12	2.887139108e-12	3.071687529e-12	3.016601822e-12	2.872369205e-12	3.013512200e-12	3.274246189e-12	3.250508846e-12	3.065357571e-12	3.377258721e-12	2.996029458e-12	2.817961708e-12	2.673729091e-12	2.734918686e-12	3.048402326e-12	2.907410045e-12	2.975532451e-12	2.741173288e-12	2.879829513e-12	2.703947106e-12	3.099117348e-12	3.265052678e-12	3.446963617e-12	3.468741687e-12	3.268895867e-12	3.109215138e-12	2.968524283e-12	2.608696307e-12	3.456684624e-12	3.034310634e-12	3.350130329e-12	3.240486412e-12	3.195950635e-12	3.389692567e-12	3.297456035e-12	2.963701458e-12	3.475071645e-12	3.093239529e-12	2.428217145e-12	3.398735365e-12	3.696921606e-12	3.752308739e-12	3.352767812e-12	3.567458891e-12	3.944166755e-12	3.925101524e-12	4.130975876e-12	3.389918637e-12	3.724652851e-12	3.541008709e-12	3.593381577e-12	3.643795172e-12	3.543495478e-12	3.564519982e-12	4.125474841e-12	3.993073217e-12	3.321193378e-12	3.381855477e-12	3.660750417e-12	3.638444850e-12	4.190658338e-12	3.194142076e-12	4.087871876e-12	3.866021915e-12	3.423979841e-12	3.467159198e-12	3.579289884e-12	3.712595788e-12	3.959916294e-12	3.558868234e-12	3.732339228e-12	3.991415371e-12	3.890738895e-12	3.271231923e-12	3.676349242e-12	3.681172067e-12	3.333777938e-12	3.060157963e-12	3.022253571e-12	2.728890155e-12	3.429782302e-12	3.275301182e-12	3.524882387e-12	3.404989966e-12	3.646583367e-12	3.306950972e-12	3.309965238e-12	3.003715836e-12	2.779303750e-12	3.524053464e-12	3.537768373e-12	3.851327370e-12	3.291653573e-12	3.324358357e-12	3.826610390e-12	3.230237908e-12	3.232875391e-12	3.505817156e-12	2.650745315e-12	2.939964115e-12	3.097986998e-12	3.185852845e-12	3.064830075e-12	3.261736986e-12	3.097685571e-12	2.766719190e-12	3.177789684e-12	3.221873321e-12
-6.229733773e-13	-5.274965091e-13	-1.094404543e-12	-1.317309497e-12	-1.402839288e-12	-1.222209412e-12	-1.112866921e-12	-1.415951344e-12	-9.698400103e-13	-1.843072803e-12	-1.836064635e-12	-1.742170256e-12	-2.119179547e-12	-2.446227383e-12	-2.144876163e-12	-2.305310458e-12	-2.828737708e-12	-2.261000751e-12	-2.524824363e-12	-2.641928588e-12	-2.266577143e-12	-2.862572842e-12	-2.573052615e-12	-2.514877285e-12	-2.504101285e-12	-2.489482096e-12	-2.787366911e-12	-2.973121039e-12	-3.106200872e-12	-3.281857210e-12	-2.883597345e-12	-3.081860676e-12	-2.640120028e-12	-3.001304424e-12	-2.613519133e-12	-3.162266215e-12	-3.142673488e-12	-3.540029073e-12	-3.702573354e-12	-3.804304824e-12	-3.500768261e-12	-3.511996401e-12	-3.479819114e-12	-3.746355564e-12	-3.409436008e-12	-3.368366637e-12	-3.185249992e-12	-3.059178326e-12	-2.972518185e-12	-3.043654858e-12	-3.035893123e-12	-2.893996562e-12	-3.377032651e-12	-3.238074999e-12	-3.099644844e-12	-3.155182691e-12	-3.302806357e-12	-2.715325959e-12	-3.138302803e-12	-3.397680372e-12	-3.496322219e-12	-3.708526529e-12	-3.150435222e-12	-3.356611001e-12	-3.075153935e-12	-2.892037289e-12	-2.991206633e-12	-3.193539223e-12	-3.088868844e-12	-3.409662078e-12	-3.450505379e-12	-3.694811620e-12	-3.615536430e-12	-3.095349515e-12	-3.500692904e-12	-3.170254020e-12	-3.105221236e-12	-3.503556457e-12	-3.470474890e-12	-3.666929661e-12	-4.165037079e-12	-3.387281155e-12	-3.788932068e-12	-3.891869244e-12	-3.671526417e-12	-3.498281492e-12	-3.635204514e-12	-3.366105938e-12	-3.142522775e-12	-2.813741736e-12	8.467238322e-11	-3.404085687e-12	-3.726386054e-12	-3.599410108e-12	-3.594737996e-12	-3.686220962e-12	-3.099041991e-12	-3.069276117e-12	-3.462788512e-12	-3.225565797e-12	-3.968130168e-12	-4.214546394e-12	-3.378916567e-12	-3.970918364e-12	-3.820657215e-12	-3.530609492e-12	-3.784033886e-12	-3.343272875e-12	-3.664141466e-12	-3.349527476e-12	-2.958803276e-12	-3.745677354e-12	-2.950966185e-12	-3.024815696e-12	-3.953812406e-12	-3.525033100e-12	-3.720206809e-12	-3.744622361e-12	-3.804078754e-12	-3.760296543e-12	-3.720206809e-12	-3.812895481e-12	-3.850423090e-12	-3.739950250e-12	-3.647412291e-12	-4.064134533e-12	-3.901288825e-12	-3.850498447e-12	-3.606418276e-12	-3.401824987e-12	-3.633169885e-12	-3.514407814e-12	-3.238301069e-12	-3.488861911e-12	-3.825178614e-12	-2.822784534e-12	-3.014868619e-12	-3.194142076e-12	-3.410415645e-12	-2.918035332e-12	-3.092410606e-12	-3.217276566e-12	-3.366181295e-12	-3.537466947e-12	-3.228203279e-12	-3.672656766e-12	-3.664292179e-12	-3.925855091e-12	-3.678007088e-12	-3.572206360e-12	-3.422321994e-12	-3.281254357e-12	-3.636485577e-12	-3.346287140e-12	-3.397680372e-12	-3.563766416e-12	-3.568664597e-12	-3.413429910e-12	-2.846672590e-12	-3.027528536e-12	-2.777118407e-12	-2.329876724e-12	-3.393083616e-12	-3.108762998e-12	-2.734994043e-12	-3.207480202e-12	-2.724142686e-12	-3.327447979e-12	-3.420739505e-12	-3.331366525e-12	-2.674256588e-12	-2.341933787e-12	-2.635975413e-12	-2.778550183e-12	-2.679606910e-12	-2.897010828e-12	-2.861819275e-12	-2.598824587e-12	-2.905073989e-12	-3.302655643e-12	-3.187962831e-12	-3.420136652e-12	-3.194443502e-12	-3.419232372e-12	-3.326920483e-12	-3.077565347e-12	-3.126471809e-12	-2.467176530e-12	-2.877568814e-12	-3.612296094e-12	-2.931448814e-12	-2.749085736e-12	-2.949835836e-12	-2.617136252e-12	-2.887817317e-12	-2.920069961e-12	-3.090074550e-12	-2.927831695e-12	-2.603722769e-12	-2.258363269e-12	-3.085327082e-12	-3.205822356e-12	-3.237622860e-12	-3.086608145e-12	-2.599201370e-12	-2.448111299e-12	-2.616834825e-12	-2.825120589e-12	-3.127752872e-12	-2.708393148e-12	-2.783297652e-12	-2.960687192e-12	-3.279973294e-12	-3.215995503e-12	-3.429405519e-12	-3.413731337e-12	-2.683977595e-12	-2.658507049e-12	-2.767472757e-12	-2.181273422e-12	-1.870653335e-12	-1.820465810e-12	-2.393929872e-12	-1.889115712e-12	-1.841791740e-12	-2.215636052e-12	-1.921519069e-12	-1.820013670e-12	-1.999739266e-12	-1.553251149e-12	-1.928602594e-12	-1.732675319e-12	-2.138244778e-12	-2.119028834e-12	-1.970425531e-12	-2.391518459e-12	-2.262507884e-12	-2.746297540e-12	-2.568229790e-12	-2.642757511e-12	-3.022328927e-12	-2.723841260e-12	-3.224134020e-12	-2.600105650e-12	-2.448940222e-12	-2.493852782e-12	-2.082782288e-12	-2.407267998e-12	-3.038078466e-12	-2.467101173e-12	-3.043353431e-12
-2.650142462e-12	-2.262507884e-12	-2.368082543e-12	-2.788346547e-12	-2.950212619e-12	-2.851193988e-12	-2.955035444e-12	-3.102885180e-12	-2.759786379e-12	-2.725273036e-12	-3.019390018e-12	-2.769130603e-12	-3.020897151e-12	-2.847124730e-12	-2.637934685e-12	-2.897462968e-12	-2.782167302e-12	-2.279915269e-12	-2.603496699e-12	-2.923837793e-12	-3.142070635e-12	-3.176357908e-12	-2.811179610e-12	-2.845316170e-12	-2.907033262e-12	-2.968373570e-12	-2.788045121e-12	-2.827079862e-12	-2.949986549e-12	-2.870786716e-12	-2.862572842e-12	-2.971463192e-12	-3.391576484e-12	-3.072365739e-12	-2.703419609e-12	-2.545019943e-12	-2.581869342e-12	-2.509376250e-12	-2.631001874e-12	-2.122645953e-12	-2.061305644e-12	-2.366726123e-12	-2.835067666e-12	-2.359868668e-12	-2.476746824e-12	-2.045631462e-12	-2.406589788e-12	-1.510599289e-12	-2.421359690e-12	-2.551274545e-12	-2.763252785e-12	-2.450447355e-12	-2.619849091e-12	-2.417893284e-12	-2.967243220e-12	-2.584205398e-12	-2.550219552e-12	-2.541854964e-12	-2.897312255e-12	-2.471471858e-12	-3.020897151e-12	-2.577347943e-12	-2.948780843e-12	-2.910575024e-12	-2.637783972e-12	-2.872143135e-12	-2.579608643e-12	-2.518569761e-12	-2.523618656e-12	-2.369288249e-12	-2.500333453e-12	-2.290766626e-12	-2.752024645e-12	-1.983010091e-12	-3.153901628e-12	-2.819619554e-12	-2.775686631e-12	-2.286998794e-12	-2.923310297e-12	-2.420606124e-12	-2.605003832e-12	-3.189394607e-12	-3.233252174e-12	-3.378313714e-12	-2.936723779e-12	-2.658280979e-12	-3.333250441e-12	-2.938004842e-12	-2.152713254e-12	-2.684957231e-12	1.396056436e-10	-2.521508670e-12	-2.648484616e-12	-2.714723106e-12	-2.219931380e-12	-2.924666716e-12	-2.897161541e-12	-2.876438464e-12	-3.176810048e-12	-2.787216197e-12	-2.953302241e-12	-2.793395442e-12	-2.705604952e-12	-2.961365402e-12	-3.086984928e-12	-3.079750690e-12	-3.353672092e-12	-2.856468953e-12	-2.415783298e-12	-3.120066495e-12	-3.045689487e-12	-3.171761153e-12	-3.249303139e-12	-3.020445011e-12	-2.916754269e-12	-2.952925458e-12	-2.730698714e-12	-2.692116113e-12	-3.216975139e-12	-3.138227446e-12	-2.652629231e-12	-2.786839414e-12	-2.971764619e-12	-2.871841709e-12	-3.030015305e-12	-2.816303862e-12	-2.368911466e-12	-2.979903137e-12	-2.922029234e-12	-2.892941569e-12	-2.812611387e-12	-2.728136588e-12	-2.996858382e-12	-2.752326071e-12	-3.190374244e-12	-3.260531279e-12	-3.507324289e-12	-2.970784983e-12	-3.070180396e-12	-3.271910133e-12	-3.074927865e-12	-2.885330548e-12	-2.432211047e-12	-3.063549012e-12	-2.857071807e-12	-3.137172453e-12	-3.140563502e-12	-2.872821345e-12	-2.336809535e-12	-2.644792140e-12	-2.628741175e-12	-2.662199525e-12	-3.020218941e-12	-3.643719815e-12	-3.535432317e-12	-3.426315897e-12	-3.039133459e-12	-3.681548850e-12	-3.584037353e-12	-3.737840264e-12	-3.693907340e-12	-3.680795284e-12	-3.519456709e-12	-3.279445797e-12	-3.080428900e-12	-3.333401154e-12	-3.616742136e-12	-3.040263809e-12	-3.705662976e-12	-3.417499169e-12	-3.864288712e-12	-3.701895144e-12	-3.836331397e-12	-3.905433440e-12	-3.363694525e-12	-3.115921879e-12	-3.241616762e-12	-3.408682442e-12	-3.224284734e-12	-2.744187554e-12	-2.736350463e-12	-3.189545321e-12	-3.039585599e-12	-2.851193988e-12	-2.670564112e-12	-2.248114765e-12	-2.500785593e-12	-2.395813788e-12	-3.112380117e-12	-2.828210212e-12	-3.028432815e-12	-3.188188901e-12	-2.873348842e-12	-3.050587669e-12	-3.734675284e-12	-3.687200599e-12	-2.837253009e-12	-3.230765405e-12	-3.696469466e-12	-3.295496762e-12	-3.052923725e-12	-3.691948067e-12	-3.526917017e-12	-3.143351698e-12	-2.549918125e-12	-2.502594152e-12	-2.592268559e-12	-2.857448590e-12	-2.475088977e-12	-2.639140392e-12	-2.837479079e-12	-2.525427216e-12	-2.418571494e-12	-2.421736473e-12	-2.244723716e-12	-1.614063961e-12	-2.132065533e-12	-2.327766738e-12	-2.337789172e-12	-1.902453838e-12	-2.543512810e-12	-2.105841421e-12	-2.553158461e-12	-2.206593254e-12	-3.197080985e-12	-2.186397674e-12	-2.611409147e-12	-2.131990177e-12	-1.993409308e-12	-2.485714264e-12	-1.949476384e-12	-2.271927465e-12	-2.134703016e-12	-2.127468778e-12	-1.956635266e-12	-1.971103741e-12	-2.294383745e-12	-2.321964276e-12	-2.522262237e-12	-2.525276502e-12	-2.334021339e-12	-1.952566007e-12	-1.724762871e-12	-1.687235263e-12	-1.259661664e-12	-1.517607457e-12	-1.794844551e-12	-1.711047962e-12	-1.500350785e-12	-1.524540268e-12	-2.212018933e-12
-1.411580658e-12	-1.677740326e-12	-1.841565670e-12	-1.964999853e-12	-1.946236049e-12	-1.665833976e-12	-2.171401701e-12	-2.076603043e-12	-1.834783572e-12	-1.639157724e-12	-2.127845561e-12	-2.572148335e-12	-1.951134231e-12	-1.981427601e-12	-2.405158012e-12	-1.997478567e-12	-2.005843154e-12	-2.349695521e-12	-2.374035718e-12	-1.297113916e-12	-2.018578427e-12	-2.427614292e-12	-1.759200858e-12	-1.708787263e-12	-1.942166790e-12	-1.863494453e-12	-2.197324387e-12	-1.508413946e-12	-2.101998232e-12	-1.526876324e-12	-1.906070957e-12	-1.717227207e-12	-2.111643883e-12	-2.520302964e-12	-2.042541840e-12	-2.376070347e-12	-2.423695746e-12	-2.494606348e-12	-2.520905817e-12	-2.579533286e-12	-1.957313475e-12	-1.745712019e-12	-1.450389330e-12	-1.120402585e-12	-1.392741497e-12	-1.468324211e-12	-1.554306142e-12	-1.283172937e-12	-1.226956880e-12	-1.528609527e-12	-1.729434983e-12	-1.640288073e-12	-1.291160741e-12	-1.989490762e-12	-1.427405554e-12	-1.764099040e-12	-1.017088626e-12	-1.716548997e-12	-1.584825583e-12	-1.721145753e-12	-1.781732494e-12	-1.840661390e-12	-1.671937864e-12	-1.583921304e-12	-1.705772997e-12	-2.099662176e-12	-1.281289021e-12	-2.219856024e-12	-1.644658759e-12	-1.355364602e-12	-1.405326057e-12	-1.509921079e-12	-1.996498930e-12	-1.004504067e-12	-1.304498867e-12	-1.499747932e-12	-1.013999004e-12	-1.284152573e-12	-1.896576020e-12	-1.610898982e-12	-1.333285105e-12	-1.235622894e-12	-1.470509554e-12	-1.134569634e-12	-1.137508544e-12	-1.377670168e-12	-8.708967365e-13	-1.029070333e-12	-5.346553903e-13	-6.182259087e-13	1.362749553e-12	-1.185133943e-12	-1.065995088e-12	-1.381136574e-12	-1.204575957e-12	-1.055746585e-12	-1.572391737e-12	-8.800902471e-13	-6.216169577e-13	-9.742106957e-13	-7.495725394e-13	-1.335244378e-12	-1.103221270e-12	-1.091390277e-12	-1.321906252e-12	-1.236903957e-12	-5.725597823e-13	-8.708967365e-13	-1.030200682e-12	-9.778278146e-13	-1.145270278e-12	-1.117162250e-12	-1.206912013e-12	-9.485140800e-13	-1.072475760e-12	-7.183748888e-13	-7.801673370e-13	-6.549999510e-13	-1.442024743e-12	-1.455061442e-12	-9.290720658e-13	-7.721041760e-13	-1.295606783e-12	-6.296047619e-13	-9.253042336e-13	-6.003663840e-13	-5.297572084e-14	-5.596737962e-13	-4.962235018e-13	-9.407523457e-13	-7.155866929e-13	-1.085889242e-12	-9.783553111e-13	-9.749642621e-13	-1.054390165e-12	-7.488189730e-13	-1.496130813e-12	-1.161095173e-12	-9.007379676e-13	-8.977990585e-13	-1.527027037e-12	-8.799395338e-13	-1.140522809e-12	-6.018735169e-13	-1.612632185e-12	-1.273225860e-12	-1.372470560e-12	-1.415122421e-12	-5.994621043e-13	-1.467646002e-12	-1.108420879e-12	-1.256572041e-12	-1.270965160e-12	-1.294702503e-12	-1.208268432e-12	-6.583910000e-13	-1.071646837e-12	-1.191916041e-12	-1.437277274e-12	-9.994551715e-13	-1.080991060e-12	-1.323488741e-12	-1.332682252e-12	-9.899602343e-13	-1.035400291e-12	-1.489499428e-12	-1.116333327e-12	-1.223867258e-12	-1.352274979e-12	-1.250166727e-12	-1.525519904e-12	-1.479250925e-12	-1.275486559e-12	-1.362900266e-12	-1.245946755e-12	-8.270391696e-13	-1.228916153e-12	-1.168856908e-12	-1.560862170e-12	-1.618133220e-12	-1.353028546e-12	-1.795748830e-12	-1.099076655e-12	-1.460411764e-12	-7.227455741e-13	-1.134946418e-12	-8.595932399e-13	-6.204866080e-13	-8.947094361e-13	-1.003298360e-12	-1.214296964e-12	-8.717256596e-13	-9.947830595e-13	-5.237286769e-13	-1.268252321e-12	-7.245541336e-13	-5.883093209e-13	-3.260681993e-13	-5.531177681e-13	-4.577162566e-13	-6.221444542e-13	-9.136993104e-13	-9.535629752e-13	-1.314822727e-12	-9.907891574e-13	-1.139091033e-12	-7.795644838e-13	-1.171795817e-12	-9.866445420e-13	-8.222163444e-13	-7.889840643e-13	-9.818217167e-13	-8.490433097e-13	-1.398619316e-12	-7.059410425e-13	-9.402248492e-13	-1.047231284e-12	-1.360564210e-12	-1.606452940e-12	-1.554381499e-12	-1.672013221e-12	-1.708184410e-12	-1.416855623e-12	-1.081292487e-12	-1.491684771e-12	-1.450389330e-12	-1.671561081e-12	-1.106763033e-12	-1.382116210e-12	-1.881203265e-12	-2.165297813e-12	-1.542023009e-12	-1.414218141e-12	-2.107423911e-12	-1.349185357e-12	-1.307965273e-12	-1.140070669e-12	-1.359886000e-12	-1.878716495e-12	-1.736443151e-12	-1.961307377e-12	-1.670882871e-12	-1.354912462e-12	-1.213995537e-12	-1.281741160e-12	-1.852040243e-12	-1.290030391e-12	-1.934857195e-12	-1.860856971e-12	-1.486259093e-12	-1.488821219e-12
-1.234040405e-12	-1.256722755e-12	-1.201260265e-12	-8.051857428e-13	-8.861941353e-13	-5.488977960e-13	-9.297502756e-13	-7.888333510e-13	-1.283323650e-12	-8.400005124e-13	-9.846852692e-13	-1.238185020e-12	-8.252306102e-13	-1.259134167e-12	-1.372621273e-12	-1.514291764e-12	-1.498240799e-12	-1.738929921e-12	-8.134749737e-13	-1.261093440e-12	-1.568247122e-12	-1.481963764e-12	-1.324920518e-12	-1.475181666e-12	-1.552874366e-12	-1.336148658e-12	-1.179030054e-12	-1.313993804e-12	-1.529815233e-12	-9.297502756e-13	-8.942572962e-13	-1.092068487e-12	-1.444586869e-12	-9.081229187e-13	-1.473674533e-12	-1.305327790e-12	-1.191011761e-12	-1.229292936e-12	-1.456643932e-12	-1.166746921e-12	-1.128842529e-12	-1.846388495e-12	-7.290755322e-13	-1.424617358e-12	-1.502083988e-12	-1.696880913e-12	-1.376991959e-12	-1.449711120e-12	-1.778944299e-12	-1.540892660e-12	-1.317686280e-12	-1.535090198e-12	-1.456870001e-12	-1.315124154e-12	-1.398619316e-12	-1.450464687e-12	-1.202541327e-12	-8.964426389e-13	-1.128465746e-12	-1.138337467e-12	-1.067803648e-12	-1.220928349e-12	-1.444662225e-12	-1.641041640e-12	-9.500212129e-13	-6.566577972e-13	-1.066221158e-12	-1.272547650e-12	-1.155066642e-12	-1.698011263e-12	-1.195457803e-12	-1.218215509e-12	-7.954647357e-13	-1.704491934e-12	-1.280987594e-12	-7.307333784e-13	-9.673532411e-13	-1.113921914e-12	-1.250844936e-12	-1.077750725e-12	-1.060720123e-12	-1.556642198e-12	-1.544961919e-12	-1.030502109e-12	-1.761838340e-12	-1.929130090e-12	-1.578947765e-12	-1.617002870e-12	-1.290783958e-12	-9.299763455e-13	-6.500264125e-13	-9.394712827e-13	-1.751439124e-12	-1.856863069e-12	-1.781657138e-12	-1.782787487e-12	-1.177748992e-12	-1.328688350e-12	-1.551216520e-12	-1.477216295e-12	-1.531849862e-12	-1.447148994e-12	-1.603514031e-12	-1.903433475e-12	-1.612180045e-12	-1.820767236e-12	-1.803661278e-12	-1.600273695e-12	-1.758824075e-12	-1.372771987e-12	-1.191313187e-12	-1.439311903e-12	-1.609542563e-12	-1.318816629e-12	-1.505625750e-12	-1.708937976e-12	-1.195081020e-12	-1.955429559e-12	-1.394550057e-12	-1.506153247e-12	-1.559430394e-12	-1.467193862e-12	-1.545037275e-12	-1.757995152e-12	-1.632752409e-12	-1.402613218e-12	-1.131706082e-12	-1.425220211e-12	-1.434263008e-12	-1.820842593e-12	-1.757995152e-12	-1.768846508e-12	-1.701779095e-12	-1.524540268e-12	-1.843600299e-12	-1.924457978e-12	-1.602685108e-12	-2.137792638e-12	-1.907728803e-12	-1.808107320e-12	-1.148435257e-12	-1.659277948e-12	-1.688742396e-12	-2.075246623e-12	-2.351428724e-12	-1.956635266e-12	-2.402068389e-12	-1.878264356e-12	-2.241181954e-12	-2.425052166e-12	-2.312393983e-12	-2.623993706e-12	-1.816848691e-12	-2.184739827e-12	-2.338542738e-12	-1.786329250e-12	-1.723933948e-12	-2.101922875e-12	-2.197776527e-12	-2.063566344e-12	-1.785123543e-12	-1.404497134e-12	-1.854527013e-12	-1.139995313e-12	-1.221681915e-12	-1.656715822e-12	-1.539385527e-12	-1.264559846e-12	-9.539397584e-13	-1.365010252e-12	-1.211433411e-12	-1.215879453e-12	-2.074719127e-12	-1.400352518e-12	-1.196889579e-12	-1.200054558e-12	-1.032838165e-12	-9.949337728e-13	-1.144742781e-12	-1.089280291e-12	-1.385657973e-12	-1.116031900e-12	-1.195909943e-12	-1.169007621e-12	-1.650159794e-12	-1.680980661e-12	-1.662970423e-12	-1.578721695e-12	-1.766435096e-12	-1.360714924e-12	-1.318515203e-12	-1.850382397e-12	-2.164393533e-12	-1.346397161e-12	-1.722728242e-12	-2.100566456e-12	-1.318289133e-12	-1.535919121e-12	-8.971208487e-13	-1.355590672e-12	-1.885649307e-12	-1.409998169e-12	-1.260565943e-12	-1.328612993e-12	-1.364332042e-12	-1.465234589e-12	-1.143989215e-12	-1.641945920e-12	-1.482265191e-12	-1.851286677e-12	-1.613385751e-12	-1.229594363e-12	-1.778190732e-12	-1.623860325e-12	-1.801099152e-12	-1.413464574e-12	-1.464254953e-12	-1.415649917e-12	-1.556190058e-12	-1.481963764e-12	-2.202147212e-12	-1.686858479e-12	-1.374655903e-12	-1.863946593e-12	-1.861007684e-12	-1.251523146e-12	-1.562670730e-12	-1.235773608e-12	-7.921490434e-13	-1.259812377e-12	-8.698417435e-13	-1.787158173e-12	-1.933199349e-12	-1.413012435e-12	-1.810744802e-12	-1.824836495e-12	-1.867488356e-12	-1.585202367e-12	-1.273602643e-12	-1.223716544e-12	-1.435468715e-12	-8.407540789e-13	-1.214146251e-12	-1.373224126e-12	-1.208193076e-12	-1.240747146e-12	-8.265870298e-13	-9.170150028e-13	-9.306545553e-13	-8.535647084e-13	-1.121909718e-12
-1.311657748e-12	-1.490705135e-12	-2.037568301e-12	-1.974570147e-12	-2.086399407e-12	-1.981502958e-12	-2.083761924e-12	-1.812628719e-12	-2.024079462e-12	-1.293948937e-12	-1.917826594e-12	-2.189638009e-12	-1.659353304e-12	-1.179180768e-12	-1.666286116e-12	-2.098381113e-12	-1.369380938e-12	-1.551216520e-12	-1.798461669e-12	-1.934706482e-12	-1.826569698e-12	-2.031916553e-12	-1.972460161e-12	-1.881956831e-12	-1.724762871e-12	-1.772765054e-12	-1.609994702e-12	-1.153032012e-12	-1.630567066e-12	-1.668622172e-12	-1.737347431e-12	-1.637499878e-12	-1.586408073e-12	-1.479250925e-12	-1.922197279e-12	-1.189504628e-12	-1.327934783e-12	-1.550915093e-12	-2.217972107e-12	-1.895521027e-12	-1.765304746e-12	-1.792056355e-12	-1.741416690e-12	-1.909160580e-12	-1.648803374e-12	-1.769524718e-12	-1.592059821e-12	-1.686330983e-12	-1.653701556e-12	-1.582489527e-12	-1.940659657e-12	-1.840812103e-12	-1.939755377e-12	-1.828001474e-12	-2.012926679e-12	-1.485430170e-12	-1.227409020e-12	-1.851889530e-12	-2.018955210e-12	-1.192368181e-12	-1.360790280e-12	-1.710671179e-12	-1.229368293e-12	-1.504495401e-12	-1.771559348e-12	-1.621222842e-12	-1.955354203e-12	-1.978036552e-12	-2.247511912e-12	-2.744338267e-12	-1.984667937e-12	-2.324300332e-12	-2.479233593e-12	-1.618886786e-12	-2.336658822e-12	-1.859801978e-12	-1.811347656e-12	-2.127996274e-12	-2.743961484e-12	-1.925437615e-12	-2.385113144e-12	-2.241408024e-12	-1.905618817e-12	-1.851060607e-12	-1.915490538e-12	-1.853170593e-12	-2.153994317e-12	-1.851964887e-12	-1.786630676e-12	-1.551517947e-12	-1.159361970e-12	1.980776520e-10	-1.401859651e-12	-1.141728516e-12	-1.521752072e-12	-1.935761475e-12	-2.018201644e-12	-1.965527350e-12	-1.820465810e-12	-2.150075771e-12	-2.051057141e-12	-1.908783797e-12	-1.534411988e-12	-1.325900154e-12	-1.530116660e-12	-1.754227319e-12	-1.432228379e-12	-2.024757672e-12	-1.824308998e-12	-2.115034932e-12	-1.802681642e-12	-1.976830846e-12	-1.795070620e-12	-1.524540268e-12	-1.751213054e-12	-1.467872072e-12	-1.567719625e-12	-1.407285330e-12	-7.395501058e-13	-1.257777748e-12	-1.100508431e-12	-1.439161190e-12	-1.494849750e-12	-1.217537300e-12	-8.693896036e-13	-1.436146924e-12	-1.633430619e-12	-1.183174670e-12	-1.487314086e-12	-1.538405890e-12	-1.762441194e-12	-1.438030840e-12	-1.525595261e-12	-1.547222618e-12	-1.227484377e-12	-1.149791677e-12	-1.267724825e-12	-1.377745525e-12	-1.190634978e-12	-9.810681503e-13	-1.030049969e-12	-1.309472406e-12	-1.699970536e-12	-1.397715036e-12	-1.580078115e-12	-1.976529420e-12	-2.142238680e-12	-1.608713639e-12	-1.548880464e-12	-2.237489478e-12	-1.786027823e-12	-2.114959575e-12	-1.641870563e-12	-1.882107544e-12	-1.653852269e-12	-1.798537026e-12	-1.805093054e-12	-2.276448863e-12	-2.270043549e-12	-1.862138034e-12	-2.307345087e-12	-1.979543685e-12	-2.318196444e-12	-1.953244217e-12	-1.691304521e-12	-2.006822791e-12	-1.410073525e-12	-1.499069722e-12	-1.329517273e-12	-1.153559509e-12	-1.249488517e-12	-1.999211770e-12	-2.254444723e-12	-2.126037002e-12	-2.164619603e-12	-2.186623744e-12	-1.785500327e-12	-2.302296192e-12	-1.899138146e-12	-2.349620165e-12	-2.090996162e-12	-1.794166341e-12	-1.182195034e-12	-1.255140265e-12	-1.547071905e-12	-2.012474539e-12	-1.962513084e-12	-1.977132273e-12	-1.502159345e-12	-1.543680856e-12	-1.583318450e-12	-1.321454112e-12	-1.712856522e-12	-1.364407399e-12	-1.882635041e-12	-1.358604938e-12	-1.299600685e-12	-1.543530142e-12	-1.810217306e-12	-1.109701942e-12	-1.047155927e-12	-6.840876157e-13	-8.395483726e-13	-1.780602145e-12	-1.490629778e-12	-1.220250139e-12	-1.412937078e-12	-1.860103404e-12	-1.599896912e-12	-1.479703065e-12	-1.435318001e-12	-1.702306592e-12	-1.672766787e-12	-1.864474090e-12	-1.802229502e-12	-1.799365949e-12	-1.553401863e-12	-1.404723204e-12	-1.794693837e-12	-1.943673923e-12	-2.181424135e-12	-2.089790456e-12	-2.001698539e-12	-2.064093840e-12	-1.524992408e-12	-1.908934510e-12	-1.705848354e-12	-1.393042924e-12	-2.205688974e-12	-2.114055295e-12	-2.009912413e-12	-1.983989727e-12	-2.071403435e-12	-2.032444050e-12	-2.000492832e-12	-1.700121249e-12	-1.776834313e-12	-2.203503632e-12	-1.729811767e-12	-1.762215124e-12	-1.516853890e-12	-1.874270453e-12	-1.269608741e-12	-1.600499765e-12	-2.141032974e-12	-1.966808413e-12	-2.004938874e-12	-1.740813837e-12	-1.427254840e-12	-1.332757609e-12	-1.951511014e-12
-2.449166292e-12	-2.088132610e-12	-2.040959350e-12	-2.070047015e-12	-2.175847743e-12	-2.244949786e-12	-1.898535293e-12	-2.310962206e-12	-2.161529981e-12	-2.826778436e-12	-2.293856248e-12	-2.421811830e-12	-2.901381513e-12	-2.669735189e-12	-3.171233656e-12	-2.701234266e-12	-3.160306943e-12	-2.886159471e-12	-3.264901965e-12	-3.061891165e-12	-2.216314261e-12	-3.012909347e-12	-2.518268334e-12	-2.140354764e-12	-2.059798511e-12	-2.747653959e-12	-2.698069287e-12	-2.047063239e-12	-2.499730600e-12	-2.310208640e-12	-2.387373844e-12	-2.747653959e-12	-2.693849315e-12	-2.871238856e-12	-2.166126736e-12	-2.808014631e-12	-2.730774071e-12	-2.367856473e-12	-2.531907887e-12	-2.353990850e-12	-2.334624193e-12	-2.397999130e-12	-2.685183301e-12	-2.394909508e-12	-2.498977034e-12	-2.902964003e-12	-2.413296529e-12	-1.801325222e-12	-2.500258097e-12	-2.619623021e-12	-2.261226821e-12	-2.331007074e-12	-2.518268334e-12	-2.181424135e-12	-2.514425146e-12	-2.430477844e-12	-2.476068614e-12	-2.973874605e-12	-3.072290382e-12	-3.032577431e-12	-3.076736424e-12	-2.271399968e-12	-1.877134006e-12	-1.958971322e-12	-2.033122259e-12	-2.048118232e-12	-2.781413736e-12	-2.111794596e-12	-2.175470960e-12	-2.423846459e-12	-2.544944586e-12	-2.313298262e-12	-2.529571831e-12	-2.596262461e-12	-2.567174797e-12	-2.313675046e-12	-2.202071856e-12	-2.112623519e-12	-1.520094226e-12	-1.799441306e-12	-1.979468329e-12	-2.183383408e-12	-2.176149170e-12	-2.379838179e-12	-2.124831295e-12	-2.685861511e-12	-2.495133845e-12	-2.313298262e-12	-2.286094514e-12	-2.435677452e-12	-2.299583353e-12	4.841664387e-13	-2.239674821e-12	-2.327766738e-12	-1.983612944e-12	-2.022346259e-12	-2.415858655e-12	-1.976152636e-12	-2.103656078e-12	-1.993560021e-12	-1.840736747e-12	-1.838928187e-12	-1.447224351e-12	-1.374580546e-12	-1.571035317e-12	-2.085570484e-12	-1.899062789e-12	-1.507283596e-12	-2.097928973e-12	-1.692660941e-12	-2.202373282e-12	-1.860404831e-12	-1.737121361e-12	-1.472770253e-12	-1.808182677e-12	-2.403726235e-12	-2.436054236e-12	-2.687368644e-12	-2.505457705e-12	-1.887382510e-12	-1.787610313e-12	-2.141861897e-12	-1.943523209e-12	-2.027169084e-12	-2.253615800e-12	-2.074266987e-12	-1.636670954e-12	-1.987380776e-12	-2.352935857e-12	-2.057236386e-12	-1.706451207e-12	-1.963643433e-12	-1.662518283e-12	-2.083912638e-12	-1.392892211e-12	-1.768620438e-12	-1.394700770e-12	-1.549483317e-12	-1.581509891e-12	-2.307420444e-12	-1.940433587e-12	-2.231687017e-12	-1.933199349e-12	-2.235831632e-12	-2.339296305e-12	-2.037040805e-12	-2.036890092e-12	-2.239524108e-12	-2.999646577e-12	-2.394382011e-12	-2.234776639e-12	-2.004185308e-12	-1.913380552e-12	-2.361451158e-12	-2.312996836e-12	-2.205764331e-12	-2.310359353e-12	-2.518343691e-12	-2.388278123e-12	-2.318497871e-12	-2.158741785e-12	-2.583527188e-12	-2.504779495e-12	-2.328143521e-12	-2.663480588e-12	-2.489632810e-12	-2.020085560e-12	-2.308249367e-12	-2.105464638e-12	-2.255951856e-12	-1.926040468e-12	-1.821068663e-12	-2.288204500e-12	-2.439294571e-12	-2.193782625e-12	-2.618492671e-12	-2.637407189e-12	-3.018108955e-12	-2.338015242e-12	-2.272002821e-12	-2.527913985e-12	-2.342009144e-12	-2.881939499e-12	-3.143200984e-12	-3.182612509e-12	-2.374337144e-12	-2.181574848e-12	-2.260850038e-12	-2.039075434e-12	-2.325656752e-12	-1.807730537e-12	-1.767490089e-12	-2.348941955e-12	-2.153617533e-12	-2.136285505e-12	-2.304556892e-12	-2.450899495e-12	-1.953997783e-12	-1.624086395e-12	-2.132140890e-12	-2.064998120e-12	-2.260548611e-12	-2.354442990e-12	-2.797012561e-12	-2.447508446e-12	-2.481494292e-12	-2.502970936e-12	-2.428141788e-12	-2.484659271e-12	-2.181574848e-12	-2.503573789e-12	-1.861233754e-12	-2.163941394e-12	-2.157912862e-12	-2.086173337e-12	-2.300939773e-12	-2.457907662e-12	-2.090167239e-12	-2.620301231e-12	-2.519624754e-12	-2.621733007e-12	-2.418571494e-12	-2.379461396e-12	-2.711633483e-12	-2.864607471e-12	-2.817886352e-12	-2.515178712e-12	-2.442082767e-12	-2.727533735e-12	-2.670111972e-12	-2.333493843e-12	-2.416989005e-12	-2.201016863e-12	-2.676592644e-12	-2.408247634e-12	-2.736501176e-12	-2.447734516e-12	-2.031238343e-12	-2.242990513e-12	-2.677195497e-12	-2.165147100e-12	-2.062435994e-12	-2.022346259e-12	-2.257534346e-12	-2.236133059e-12	-2.336508109e-12	-2.039979714e-12	-2.368308613e-12	-2.088207966e-12	-2.191220499e-12	-2.091146875e-12
-2.924516003e-12	-2.881713429e-12	-2.880432366e-12	-3.393158973e-12	-2.779755890e-12	-3.318932679e-12	-3.253447755e-12	-3.188641041e-12	-2.354669060e-12	-2.955713654e-12	-2.777118407e-12	-2.863100338e-12	-2.491139943e-12	-2.850817205e-12	-2.874705261e-12	-3.502350751e-12	-2.870183863e-12	-3.361659896e-12	-2.741097931e-12	-3.138830299e-12	-3.303936706e-12	-3.472584876e-12	-3.031221011e-12	-2.823839527e-12	-3.433173351e-12	-2.771843442e-12	-2.978697430e-12	-3.287358245e-12	-3.623298164e-12	-3.433022638e-12	-3.615536430e-12	-2.950815472e-12	-3.216146216e-12	-3.772202893e-12	-3.495041156e-12	-3.514181744e-12	-3.745828068e-12	-3.604232933e-12	-3.786596012e-12	-2.931298101e-12	-3.093917739e-12	-3.234985377e-12	-3.255407028e-12	-2.490838516e-12	-2.903717569e-12	-2.690156840e-12	-3.020068228e-12	-2.802588953e-12	-3.079675333e-12	-2.783071582e-12	-2.965886801e-12	-2.894222632e-12	-3.169651167e-12	-3.254276678e-12	-2.789326183e-12	-2.844261177e-12	-2.948102633e-12	-2.532435384e-12	-2.983670969e-12	-3.451937156e-12	-3.103035893e-12	-2.983746325e-12	-3.086457431e-12	-2.783749792e-12	-3.176583978e-12	-2.876287751e-12	-2.992261626e-12	-3.077188564e-12	-3.314938776e-12	-2.672598742e-12	-3.066487921e-12	-3.499713268e-12	-3.124361823e-12	-3.125868956e-12	-2.758128533e-12	-2.433416753e-12	-3.111852620e-12	-2.786537988e-12	-3.073646802e-12	-3.148777376e-12	-3.146139894e-12	-2.964831808e-12	-2.843281541e-12	-2.881110576e-12	-2.891434436e-12	-2.747578603e-12	-2.957145430e-12	-2.804096086e-12	-2.430854627e-12	-2.796032925e-12	-2.405534795e-12	-1.595752297e-12	-2.971689262e-12	-3.225264370e-12	-2.704022462e-12	-2.673804448e-12	-2.630549734e-12	-2.465292614e-12	-2.910047527e-12	-2.881110576e-12	-2.787140841e-12	-2.572374405e-12	-2.931900954e-12	-2.842151191e-12	-3.204089153e-12	-3.470474890e-12	-3.426768036e-12	-3.206801992e-12	-3.315616986e-12	-3.000023361e-12	-2.828813065e-12	-2.956617934e-12	-3.306197406e-12	-2.973422465e-12	-3.674842109e-12	-3.651556906e-12	-3.121046131e-12	-3.840023873e-12	-3.317124119e-12	-3.005675109e-12	-2.615779832e-12	-3.380122274e-12	-3.096178439e-12	-2.867923163e-12	-2.870711359e-12	-3.427747673e-12	-2.752853568e-12	-3.019917515e-12	-2.951493682e-12	-2.795279358e-12	-2.420907550e-12	-2.929640255e-12	-2.843281541e-12	-2.806130715e-12	-2.763704924e-12	-2.915699276e-12	-2.940717682e-12	-2.927756339e-12	-3.177865041e-12	-3.480195897e-12	-3.755172292e-12	-3.490444401e-12	-3.630607759e-12	-3.259853070e-12	-3.509509632e-12	-3.243952818e-12	-3.435735477e-12	-3.518552429e-12	-3.533397688e-12	-3.272211559e-12	-2.572374405e-12	-2.900552590e-12	-3.205897712e-12	-2.538539272e-12	-2.745242547e-12	-2.737104029e-12	-3.227072929e-12	-2.887063751e-12	-3.141693852e-12	-2.753983917e-12	-2.412542963e-12	-1.950531377e-12	-2.123927016e-12	-1.946085335e-12	-1.993936804e-12	-1.953093503e-12	-2.283758458e-12	-2.013152749e-12	-2.669584476e-12	-2.366349340e-12	-2.131764107e-12	-2.351730151e-12	-2.655568140e-12	-2.124303799e-12	-2.042315770e-12	-2.536655356e-12	-2.804472869e-12	-2.739741512e-12	-2.751497148e-12	-2.288882710e-12	-2.424675382e-12	-2.517288698e-12	-2.630474378e-12	-2.641702518e-12	-2.728136588e-12	-2.362204724e-12	-2.665892000e-12	-2.742077568e-12	-2.597618881e-12	-2.740796505e-12	-3.212529097e-12	-2.877493457e-12	-2.966866437e-12	-3.204315223e-12	-3.488032988e-12	-3.742964515e-12	-3.558566807e-12	-3.240712482e-12	-2.809446407e-12	-2.944560870e-12	-3.123382187e-12	-3.043730214e-12	-3.045915557e-12	-3.152394495e-12	-3.012381850e-12	-2.689026490e-12	-2.787894407e-12	-2.652704588e-12	-3.311849154e-12	-3.029111025e-12	-3.469872037e-12	-2.386243494e-12	-2.857373233e-12	-2.803342519e-12	-3.027679249e-12	-2.660390965e-12	-2.302070122e-12	-2.747804673e-12	-2.704700672e-12	-2.898744031e-12	-2.584205398e-12	-2.426483942e-12	-2.787743694e-12	-2.406891214e-12	-2.378632473e-12	-2.752476785e-12	-2.994748395e-12	-2.879075947e-12	-2.787442267e-12	-3.321796231e-12	-3.040489878e-12	-2.903792926e-12	-3.507324289e-12	-3.372661966e-12	-3.420438078e-12	-2.916603555e-12	-3.018184312e-12	-3.355405294e-12	-3.427069463e-12	-3.299339951e-12	-3.761125467e-12	-2.904621849e-12	-3.448696820e-12	-3.056239417e-12	-2.919768535e-12	-3.078695697e-12	-2.564537314e-12	-2.550596335e-12	-2.905073989e-12	-2.635673986e-12	-2.612313426e-12
-2.520302964e-12	-3.000324787e-12	-2.725122323e-12	-2.864682828e-12	-3.241692118e-12	-2.664987721e-12	-2.673578378e-12	-3.542139059e-12	-2.482398572e-12	-2.778022687e-12	-2.073739491e-12	-2.139525841e-12	-2.325732109e-12	-2.257383632e-12	-2.394608081e-12	-2.907786828e-12	-3.228052566e-12	-2.701158910e-12	-2.560618768e-12	-2.843055471e-12	-2.173587044e-12	-2.483378208e-12	-2.777645904e-12	-2.746071470e-12	-2.110438176e-12	-2.472828278e-12	-2.369966459e-12	-2.237941618e-12	-2.620979440e-12	-2.335377759e-12	-2.055955323e-12	-2.096195771e-12	-2.429347494e-12	-2.077055183e-12	-2.804698939e-12	-2.726478742e-12	-2.307269731e-12	-2.420304697e-12	-3.202883447e-12	-3.001530493e-12	-2.365595773e-12	-2.547732782e-12	-2.637331832e-12	-2.826778436e-12	-2.742077568e-12	-2.813666380e-12	-2.517816195e-12	-2.872218492e-12	-2.003281028e-12	-2.346831969e-12	-2.516685845e-12	-2.579608643e-12	-2.453160194e-12	-2.319552864e-12	-2.690307553e-12	-2.829340562e-12	-2.553535244e-12	-2.234098429e-12	-2.320683213e-12	-2.494757061e-12	-2.565366237e-12	-3.078469627e-12	-3.070331110e-12	-2.842377261e-12	-2.552932391e-12	-3.158272313e-12	-2.701460336e-12	-3.258722720e-12	-3.221270468e-12	-3.068447193e-12	-2.417516501e-12	-3.299264595e-12	-3.265881601e-12	-3.023459277e-12	-2.805603219e-12	-3.049984816e-12	-3.210871251e-12	-3.110044061e-12	-3.593155507e-12	-3.638670920e-12	-3.113133683e-12	-2.880281653e-12	-3.570548513e-12	-3.210946608e-12	-3.028658885e-12	-3.264299112e-12	-3.069954326e-12	-3.100247697e-12	-2.685710798e-12	-3.060082606e-12	-3.482682666e-12	-2.608244168e-12	6.801690702e-13	-3.351788175e-12	-3.575748122e-12	-3.372586609e-12	-3.732866725e-12	-3.627367423e-12	-3.506420009e-12	-3.775217159e-12	-3.636636290e-12	-3.793980963e-12	-3.827590027e-12	-3.640027339e-12	-2.967695360e-12	-2.938683052e-12	-3.043127361e-12	-3.487430135e-12	-3.083443166e-12	-3.038153823e-12	-2.921652451e-12	-3.362564176e-12	-3.614180010e-12	-3.388863644e-12	-3.514483170e-12	-3.427220176e-12	-3.366708791e-12	-3.582379507e-12	-3.479366974e-12	-3.234533237e-12	-3.107406578e-12	-3.721563228e-12	-3.512749967e-12	-3.445305771e-12	-3.605287926e-12	-4.323888885e-12	-3.343122161e-12	-3.576727758e-12	-3.180879307e-12	-2.848104366e-12	-3.107708005e-12	-3.131897488e-12	-3.136795670e-12	-3.124512537e-12	-2.984047752e-12	-3.051039809e-12	-2.856318240e-12	-3.121799698e-12	-3.293236063e-12	-3.095877012e-12	-2.909444674e-12	-3.158046243e-12	-3.385698665e-12	-3.262867335e-12	-3.524204177e-12	-3.086231361e-12	-3.096178439e-12	-2.628665818e-12	-3.160759083e-12	-3.095424872e-12	-3.449375030e-12	-3.399639645e-12	-3.671526417e-12	-3.268895867e-12	-3.520436345e-12	-2.968825710e-12	-3.092561320e-12	-3.493458667e-12	-3.392782190e-12	-3.823972908e-12	-3.117805795e-12	-3.902042391e-12	-3.927814363e-12	-3.833543202e-12	-4.079205862e-12	-3.991566084e-12	-4.484473894e-12	-3.827514670e-12	-3.971596574e-12	-4.003623147e-12	-4.340994843e-12	-4.286888773e-12	-4.001739231e-12	-4.003773861e-12	-3.965191259e-12	-3.989832882e-12	-3.955470252e-12	-4.286436633e-12	-4.272646367e-12	-4.109800659e-12	-4.118617386e-12	-4.198872212e-12	-4.054714952e-12	-4.394950201e-12	-4.103018561e-12	-4.067374868e-12	-3.743039872e-12	-3.817341523e-12	-3.925553664e-12	-3.603102584e-12	-3.811840488e-12	-3.788253858e-12	-3.724200711e-12	-3.817567593e-12	-3.700990865e-12	-4.283271654e-12	-3.727064263e-12	-3.527218443e-12	-3.834522838e-12	-3.595265493e-12	-3.538371226e-12	-3.038003109e-12	-3.032728144e-12	-3.392330050e-12	-3.153449488e-12	-3.250659559e-12	-3.279069014e-12	-2.707865651e-12	-3.088868844e-12	-3.505063590e-12	-3.226093293e-12	-2.828059499e-12	-3.283967196e-12	-3.163848705e-12	-3.856753048e-12	-3.039208816e-12	-3.253899895e-12	-2.847802939e-12	-2.202825422e-12	-2.746071470e-12	-2.902511863e-12	-2.753456421e-12	-2.389408473e-12	-2.287300220e-12	-2.897010828e-12	-2.248943688e-12	-2.362958291e-12	-2.412316893e-12	-2.180369142e-12	-2.498374180e-12	-2.179238792e-12	-2.165297813e-12	-2.324074262e-12	-3.140111362e-12	-2.759937092e-12	-3.383588679e-12	-2.902737933e-12	-2.509828390e-12	-3.070331110e-12	-2.642983581e-12	-3.030015305e-12	-3.091506327e-12	-2.750894295e-12	-2.863703191e-12	-3.017430745e-12	-3.161060509e-12	-3.101378047e-12	-3.121422914e-12	-3.045614130e-12	-3.371380903e-12	-3.457362834e-12
-3.914853021e-12	-4.179505555e-12	-4.403465501e-12	-3.557662527e-12	-3.580269521e-12	-4.123666282e-12	-4.226452744e-12	-4.359909361e-12	-4.375056047e-12	-4.164961723e-12	-4.156973918e-12	-4.162701023e-12	-3.526841660e-12	-3.467762051e-12	-3.651556906e-12	-3.983427567e-12	-3.890588181e-12	-4.278222759e-12	-3.991641441e-12	-3.793076684e-12	-3.894808153e-12	-4.098798589e-12	-3.731434949e-12	-3.868207258e-12	-4.139792603e-12	-4.396381977e-12	-4.116733470e-12	-3.796769159e-12	-3.754041942e-12	-3.937535371e-12	-3.222852957e-12	-3.065131501e-12	-3.408154945e-12	-3.690516291e-12	-3.212981237e-12	-2.981485626e-12	-3.546660457e-12	-4.041753609e-12	-4.047706784e-12	-3.892246027e-12	-4.090735428e-12	-4.072649833e-12	-3.552462919e-12	-3.913873384e-12	-3.294667839e-12	-3.463014582e-12	-3.354124231e-12	-3.760974753e-12	-3.526615590e-12	-3.793378110e-12	-3.802496264e-12	-3.205671642e-12	-3.753966585e-12	-3.630532402e-12	-3.557436457e-12	-3.572507786e-12	-3.872502587e-12	-4.101586785e-12	-3.847408824e-12	-3.535281604e-12	-3.846805971e-12	-3.709355452e-12	-3.482305883e-12	-3.923142251e-12	-3.586222695e-12	-3.868433328e-12	-3.168068677e-12	-3.386678302e-12	-3.620811395e-12	-3.195498496e-12	-3.065583641e-12	-3.782074614e-12	-3.305594553e-12	-3.731736375e-12	-3.433097995e-12	-3.669567144e-12	-4.081843344e-12	-3.714404347e-12	-4.057126365e-12	-3.931732909e-12	-3.573638136e-12	-3.676349242e-12	-4.237304101e-12	-3.870392601e-12	-3.717192543e-12	-3.423376987e-12	-3.790589914e-12	-3.839270307e-12	-3.689385941e-12	-3.660750417e-12	-3.789233495e-12	-3.101302690e-12	-3.036872760e-14	2.756786431e-10	-3.694208767e-12	-4.133538002e-12	-4.476260020e-12	-4.592459965e-12	-3.971144434e-12	-3.542666555e-12	-4.350489781e-12	-3.892321384e-12	-3.628045633e-12	-3.675068179e-12	-3.938062867e-12	-3.888854978e-12	-3.620886752e-12	-3.863384433e-12	-3.622469241e-12	-3.784184600e-12	-3.803325187e-12	-4.023065162e-12	-3.530232709e-12	-3.935048601e-12	-3.505289660e-12	-3.339354329e-12	-3.487957631e-12	-3.430611225e-12	-3.893753160e-12	-3.602273661e-12	-3.491574750e-12	-3.772655033e-12	-3.700161941e-12	-3.682829913e-12	-3.488861911e-12	-3.898048489e-12	-3.707622249e-12	-3.835050334e-12	-3.765044012e-12	-3.564519982e-12	-3.766626502e-12	-3.701744431e-12	-3.789384208e-12	-4.009500966e-12	-4.037684351e-12	-4.051097833e-12	-3.933692182e-12	-3.426014470e-12	-3.889683901e-12	-4.013118085e-12	-4.172271317e-12	-3.758035844e-12	-3.487053352e-12	-3.656229018e-12	-4.097668239e-12	-3.844093132e-12	-3.588031255e-12	-3.943413189e-12	-3.795864880e-12	-3.661428626e-12	-4.072197694e-12	-3.973103707e-12	-4.004828854e-12	-3.719603956e-12	-4.310927542e-12	-3.756980851e-12	-3.639876626e-12	-3.860294810e-12	-3.706341186e-12	-3.609131115e-12	-3.741984879e-12	-3.517798863e-12	-3.574843842e-12	-3.376957295e-12	-3.158347670e-12	-3.248022076e-12	-3.566253185e-12	-2.774857708e-12	-3.033406354e-12	-3.266032314e-12	-3.382458330e-12	-3.249604566e-12	-3.768133634e-12	-3.843264209e-12	-3.690817718e-12	-3.430385155e-12	-3.236718580e-12	-3.284494692e-12	-3.130691782e-12	-2.819920981e-12	-3.329784035e-12	-3.499487198e-12	-3.252091335e-12	-3.727139620e-12	-4.006260630e-12	-2.834916953e-12	-3.478010554e-12	-3.461658163e-12	-3.927889720e-12	-3.618852122e-12	-3.506043226e-12	-3.054280144e-12	-3.178844677e-12	-2.990453067e-12	-3.329407252e-12	-2.909067891e-12	-2.970784983e-12	-2.580512923e-12	-3.329181182e-12	-2.969579276e-12	-2.942752311e-12	-2.840041205e-12	-2.811933177e-12	-3.229258272e-12	-3.101001264e-12	-2.897613681e-12	-2.766493120e-12	-2.926852059e-12	-2.986082381e-12	-3.153826271e-12	-2.568606573e-12	-2.797615414e-12	-3.018485738e-12	-3.224510804e-12	-3.388939001e-12	-3.064076508e-12	-2.664309511e-12	-3.231745041e-12	-3.183742859e-12	-3.448546107e-12	-3.126321096e-12	-3.689385941e-12	-3.438146890e-12	-3.164451558e-12	-3.622017101e-12	-3.245384594e-12	-3.300244231e-12	-3.685392039e-12	-3.737388124e-12	-3.694359480e-12	-4.231426283e-12	-3.852231649e-12	-3.500918974e-12	-3.589613744e-12	-3.250508846e-12	-4.020729106e-12	-4.089906505e-12	-3.913421244e-12	-3.814704041e-12	-4.236851961e-12	-4.195330450e-12	-4.008822756e-12	-3.711088655e-12	-4.362170060e-12	-4.189904772e-12	-3.702422641e-12	-3.952908126e-12	-3.514257100e-12	-3.930376489e-12	-3.916134084e-12	-4.109122449e-12
-4.176415933e-12	-4.064888099e-12	-3.387205798e-12	-3.800160208e-12	-3.733243508e-12	-4.165187793e-12	-3.723221075e-12	-3.820129719e-12	-3.830453579e-12	-3.650200486e-12	-3.481401603e-12	-3.500240764e-12	-3.987948965e-12	-3.229333629e-12	-3.410717071e-12	-3.694133410e-12	-3.474845575e-12	-3.536336597e-12	-3.763687592e-12	-3.296777825e-12	-3.153675558e-12	-3.221948678e-12	-2.787065484e-12	-3.278541517e-12	-3.012532563e-12	-3.196854915e-12	-3.150284509e-12	-2.996707668e-12	-2.935593430e-12	-2.663028448e-12	-3.032426718e-12	-3.467083841e-12	-3.345382861e-12	-3.405065323e-12	-3.626990640e-12	-3.479366974e-12	-3.688933801e-12	-4.082898337e-12	-3.985537553e-12	-3.653214752e-12	-4.118240603e-12	-3.416745603e-12	-3.736333131e-12	-4.029771903e-12	-3.967301245e-12	-4.123214142e-12	-3.953435622e-12	-3.630155619e-12	-3.513126751e-12	-3.803551257e-12	-3.716288263e-12	-3.538974080e-12	-3.577405968e-12	-3.433776204e-12	-3.527896653e-12	-3.623599591e-12	-3.192936370e-12	-3.590819451e-12	-3.820205076e-12	-3.365126302e-12	-3.272437629e-12	-3.646734081e-12	-3.722316795e-12	-4.209045359e-12	-3.565273548e-12	-3.917942643e-12	-3.364372735e-12	-4.084857610e-12	-3.554422192e-12	-3.387130442e-12	-3.293386776e-12	-3.650652626e-12	-3.513126751e-12	-3.260154496e-12	-3.824274334e-12	-3.999553889e-12	-3.987346112e-12	-3.624428514e-12	-3.800763061e-12	-3.859541244e-12	-3.437242610e-12	-4.111383149e-12	-4.060894197e-12	-3.967150532e-12	-4.065038812e-12	-3.694962333e-12	-4.261493584e-12	-4.004979567e-12	-3.747410557e-12	-3.986517189e-12	-4.182369107e-12	-3.473941296e-12	-7.782834209e-13	3.108948375e-10	-3.942207482e-12	-4.320045696e-12	-4.767814876e-12	-4.425017502e-12	-4.811069590e-12	-4.518384384e-12	-4.457044075e-12	-4.607380580e-12	-4.451693754e-12	-4.616348021e-12	-4.331725976e-12	-4.430669250e-12	-4.539634957e-12	-4.476335376e-12	-4.564276580e-12	-4.024346225e-12	-4.126831261e-12	-4.453954453e-12	-3.860068740e-12	-4.403992998e-12	-4.560584104e-12	-4.778816946e-12	-4.862387464e-12	-4.813933142e-12	-3.928567930e-12	-4.611148413e-12	-5.020334990e-12	-4.580327545e-12	-4.509115516e-12	-4.973764584e-12	-4.792833282e-12	-4.740686484e-12	-4.688162903e-12	-4.834580863e-12	-4.625993672e-12	-4.617403014e-12	-4.365410396e-12	-4.195255094e-12	-3.848991314e-12	-3.823370055e-12	-4.005205637e-12	-3.958785944e-12	-4.386962396e-12	-3.839044237e-12	-4.024496938e-12	-4.626295098e-12	-4.052002113e-12	-4.103847484e-12	-4.449960551e-12	-4.090735428e-12	-4.408439040e-12	-4.385153837e-12	-4.376939963e-12	-4.575278650e-12	-4.628781867e-12	-3.975289049e-12	-4.203845751e-12	-4.548225615e-12	-4.715592721e-12	-4.857489282e-12	-4.763519547e-12	-4.297514060e-12	-4.577916133e-12	-4.888536220e-12	-4.751236414e-12	-4.899161507e-12	-4.303693304e-12	-4.326074228e-12	-4.598639210e-12	-4.475732523e-12	-4.436773138e-12	-4.280784885e-12	-4.573545447e-12	-4.374377837e-12	-4.533531069e-12	-4.294650507e-12	-4.218012800e-12	-4.779118372e-12	-4.538806034e-12	-4.473095041e-12	-4.477164299e-12	-3.753891229e-12	-3.787877075e-12	-3.967451958e-12	-3.797221299e-12	-4.516425111e-12	-3.842209216e-12	-4.083501190e-12	-4.087118309e-12	-4.253882563e-12	-4.625541532e-12	-4.051851400e-12	-4.957562906e-12	-4.594645308e-12	-4.860277478e-12	-4.387715963e-12	-4.651841000e-12	-4.937518038e-12	-5.111516530e-12	-4.839554401e-12	-4.640311434e-12	-5.189284587e-12	-4.932695213e-12	-4.839026905e-12	-4.982204528e-12	-4.767438093e-12	-4.552671657e-12	-4.254711486e-12	-4.299021193e-12	-4.616121951e-12	-4.443329166e-12	-4.703008162e-12	-4.832923016e-12	-4.728177281e-12	-4.845582933e-12	-4.760731351e-12	-4.797354680e-12	-5.030658851e-12	-4.643627126e-12	-4.421023599e-12	-4.855680723e-12	-4.847165422e-12	-4.537524971e-12	-4.403540858e-12	-5.067206823e-12	-4.694794288e-12	-4.524789698e-12	-4.829758037e-12	-4.977909200e-12	-4.801499296e-12	-4.877232723e-12	-4.549129895e-12	-5.043846263e-12	-4.904210402e-12	-5.078887103e-12	-4.898181870e-12	-5.019204641e-12	-4.521624719e-12	-4.710393113e-12	-4.563523014e-12	-4.397738396e-12	-4.839554401e-12	-5.058164026e-12	-5.154017677e-12	-4.769924862e-12	-4.915664612e-12	-4.847617562e-12	-4.744077533e-12	-4.818153114e-12	-4.514164412e-12	-4.341974480e-12	-4.401807655e-12	-4.622602623e-12	-4.836766205e-12	-4.915966038e-12	-5.076400334e-12	-5.154093034e-12
-4.471813978e-12	-4.660959154e-12	-4.617553727e-12	-4.840609394e-12	-5.004811522e-12	-4.939628025e-12	-5.285590378e-12	-5.010990767e-12	-4.823729506e-12	-4.877534150e-12	-4.326074228e-12	-4.309721836e-12	-4.489824216e-12	-4.841589030e-12	-4.523433279e-12	-4.900819353e-12	-4.212813192e-12	-4.942340864e-12	-5.121011467e-12	-4.796902540e-12	-4.954473283e-12	-5.186119608e-12	-5.727707809e-12	-5.471947359e-12	-5.277301147e-12	-5.143919887e-12	-5.229675748e-12	-5.549941486e-12	-4.913931409e-12	-4.923652416e-12	-5.299908140e-12	-5.552503611e-12	-4.470005418e-12	-5.010840053e-12	-5.355521344e-12	-5.828233572e-12	-5.704347249e-12	-6.117829156e-12	-5.023198543e-12	-5.543460814e-12	-4.660054875e-12	-4.640236077e-12	-4.107766030e-12	-5.482120506e-12	-5.410833120e-12	-5.280390769e-12	-5.830117489e-12	-4.870299912e-12	-6.027627253e-12	-5.072255718e-12	-5.187023887e-12	-4.503011628e-12	-5.760111166e-12	-5.845038104e-12	-5.488149037e-12	-4.549808104e-12	-5.444668254e-12	-5.519723471e-12	-4.560282678e-12	-5.583475192e-12	-5.231182881e-12	-5.467802743e-12	-5.325680113e-12	-5.285891804e-12	-4.416050061e-12	-5.018225004e-12	-4.406630480e-12	-4.911746066e-12	-4.516651181e-12	-5.074742488e-12	-5.187551384e-12	-5.173308978e-12	-5.507817121e-12	-5.537507639e-12	-5.192072782e-12	-5.107824054e-12	-5.319576224e-12	-5.405633512e-12	-5.105186572e-12	-5.129978908e-12	-5.548057569e-12	-5.499377177e-12	-5.074742488e-12	-5.256578070e-12	-5.200814153e-12	-5.362002015e-12	-4.960727885e-12	-5.073988921e-12	-5.358535609e-12	-4.995768724e-12	-5.334647553e-12	-4.637900021e-12	-2.833108394e-12	4.496530957e-12	-4.299548689e-12	-4.715743435e-12	-4.283799150e-12	-4.886576947e-12	-4.670001952e-12	-4.491029922e-12	-4.584999657e-12	-4.511677642e-12	-5.169390433e-12	-4.672036581e-12	-4.939025171e-12	-4.668645532e-12	-4.633152553e-12	-4.705494931e-12	-4.889289786e-12	-5.139624558e-12	-4.774521617e-12	-5.200437370e-12	-4.974216724e-12	-4.882206262e-12	-3.853889496e-12	-4.815967771e-12	-4.251471150e-12	-4.397210900e-12	-3.748465550e-12	-4.526070761e-12	-4.390730228e-12	-4.449659124e-12	-4.555836636e-12	-4.710167043e-12	-4.615443741e-12	-4.757867799e-12	-5.003756529e-12	-4.420571460e-12	-4.406555124e-12	-4.543327433e-12	-4.578518986e-12	-3.534754108e-12	-4.596077084e-12	-4.621999769e-12	-4.419215040e-12	-4.871580975e-12	-4.675126204e-12	-4.406856550e-12	-4.941888724e-12	-5.098781257e-12	-4.352222983e-12	-5.122066460e-12	-5.119202908e-12	-5.134424950e-12	-4.725690512e-12	-4.964872500e-12	-5.038119158e-12	-4.537901755e-12	-5.059445089e-12	-4.730513337e-12	-4.366616102e-12	-4.442877026e-12	-4.795847547e-12	-4.668494819e-12	-4.867361003e-12	-4.975045647e-12	-4.615895881e-12	-4.659452022e-12	-4.738199715e-12	-5.022897116e-12	-4.853721450e-12	-5.005791158e-12	-4.851686821e-12	-5.296969231e-12	-4.321778899e-12	-4.425243572e-12	-5.269237986e-12	-5.188078880e-12	-5.177227524e-12	-4.796827184e-12	-4.889892639e-12	-4.476636803e-12	-4.867436359e-12	-4.888611576e-12	-5.242486377e-12	-5.226284699e-12	-5.204431272e-12	-4.823126653e-12	-5.118675411e-12	-5.244219580e-12	-5.674129235e-12	-5.551222549e-12	-5.484230492e-12	-5.669155697e-12	-5.206013762e-12	-5.273382602e-12	-5.340977511e-12	-5.948276707e-12	-5.705251529e-12	-5.495609345e-12	-5.930718608e-12	-5.255598433e-12	-4.756963519e-12	-5.293502825e-12	-5.356124197e-12	-5.405256729e-12	-5.051683354e-12	-5.675184228e-12	-5.838482076e-12	-5.488902604e-12	-4.783262988e-12	-5.800577684e-12	-5.243692084e-12	-5.305861315e-12	-6.000348148e-12	-5.638485542e-12	-5.815724370e-12	-5.411059190e-12	-5.231635021e-12	-5.747451250e-12	-5.796282355e-12	-5.650015109e-12	-5.324851189e-12	-4.842116527e-12	-5.196820251e-12	-4.471738621e-12	-5.157559439e-12	-5.617611752e-12	-5.279411133e-12	-5.387020421e-12	-4.996748361e-12	-5.016115018e-12	-5.263586238e-12	-5.093732362e-12	-5.279787916e-12	-5.274889734e-12	-5.362378798e-12	-5.824465740e-12	-4.942491577e-12	-4.851988247e-12	-5.109105117e-12	-4.857413926e-12	-5.168410796e-12	-4.463072607e-12	-5.058766879e-12	-4.389599879e-12	-5.006243298e-12	-5.065096837e-12	-4.431422816e-12	-4.601125979e-12	-4.881226625e-12	-4.411528662e-12	-4.987328780e-12	-4.307536493e-12	-4.065264882e-12	-4.926063829e-12	-4.061421694e-12	-4.347400158e-12	-5.442181484e-12	-5.246480280e-12	-4.571661531e-12
-4.122008435e-12	-4.866230653e-12	-5.030206711e-12	-4.356518312e-12	-4.627877588e-12	-4.587411070e-12	-5.232916084e-12	-4.989514123e-12	-5.236759272e-12	-5.258763413e-12	-5.637581263e-12	-5.236683916e-12	-5.106693705e-12	-5.115736502e-12	-5.491992226e-12	-5.314376616e-12	-5.067583606e-12	-5.529971975e-12	-5.143995243e-12	-4.911067856e-12	-5.690104844e-12	-5.546098297e-12	-5.665689291e-12	-5.462603135e-12	-4.937291969e-12	-5.545495444e-12	-5.238341762e-12	-5.471796646e-12	-5.585961961e-12	-5.628463109e-12	-5.557627863e-12	-5.573075975e-12	-5.621831724e-12	-5.290789986e-12	-5.528766269e-12	-5.767043977e-12	-5.920319392e-12	-5.150174488e-12	-5.188983160e-12	-5.221311160e-12	-5.340073232e-12	-5.604122913e-12	-5.505782492e-12	-4.974066011e-12	-5.113927942e-12	-5.438413652e-12	-5.207445538e-12	-5.589805150e-12	-5.273985455e-12	-6.032525435e-12	-5.714445040e-12	-5.674581375e-12	-5.533815164e-12	-5.418745568e-12	-5.989722861e-12	-5.400961400e-12	-5.810675474e-12	-5.678725990e-12	-6.111122415e-12	-6.057317771e-12	-6.259951787e-12	-6.019262665e-12	-6.033580428e-12	-5.032090627e-12	-5.495458632e-12	-5.527334492e-12	-5.369236253e-12	-5.821225405e-12	-5.766591838e-12	-5.421383051e-12	-5.669306410e-12	-5.755363698e-12	-5.683398102e-12	-5.585283752e-12	-5.602012927e-12	-5.351979581e-12	-5.652351165e-12	-6.070957323e-12	-6.142922918e-12	-5.948954916e-12	-5.566746017e-12	-5.749561236e-12	-6.154678555e-12	-5.893567783e-12	-6.110142778e-12	-6.353996879e-12	-5.678273851e-12	-5.359741316e-12	-5.207746964e-12	-5.466823107e-12	-5.859732650e-12	-5.158086936e-12	-3.899480265e-12	6.345029438e-14	-5.639013039e-12	-5.317541595e-12	-4.991925536e-12	-5.864027978e-12	-5.922655448e-12	-5.583625906e-12	-5.772092873e-12	-5.714143613e-12	-5.384684365e-12	-5.502843583e-12	-5.369085540e-12	-5.800050188e-12	-5.791233460e-12	-5.586941598e-12	-5.531629821e-12	-5.579179863e-12	-5.549790772e-12	-5.290111777e-12	-4.988760557e-12	-5.445271107e-12	-5.410531694e-12	-5.049271942e-12	-5.163738684e-12	-5.180091076e-12	-4.924858122e-12	-5.404277092e-12	-5.556949653e-12	-4.869395632e-12	-5.300510993e-12	-5.388452197e-12	-5.849182720e-12	-5.185366041e-12	-5.677972424e-12	-5.319048728e-12	-5.479106240e-12	-5.359515246e-12	-5.524018800e-12	-5.667121067e-12	-5.397570351e-12	-5.060500082e-12	-5.539919052e-12	-5.145427020e-12	-5.661017179e-12	-5.291844979e-12	-5.582420199e-12	-5.751520509e-12	-5.346704616e-12	-5.622283864e-12	-4.805191771e-12	-5.088909537e-12	-5.448360729e-12	-5.393802519e-12	-5.738483809e-12	-5.712711837e-12	-5.538487276e-12	-5.130355691e-12	-5.511584954e-12	-5.144899523e-12	-5.549187919e-12	-5.106542991e-12	-5.580611640e-12	-4.953945787e-12	-5.206315188e-12	-5.121388250e-12	-5.508269261e-12	-5.271272615e-12	-5.350999945e-12	-5.411059190e-12	-5.501939303e-12	-5.483100142e-12	-5.706155809e-12	-5.419273065e-12	-5.237964979e-12	-5.163512614e-12	-4.999084417e-12	-5.062836138e-12	-5.693948033e-12	-5.204657342e-12	-5.218598321e-12	-5.306991665e-12	-5.255372364e-12	-5.210535160e-12	-5.315582322e-12	-5.295989595e-12	-5.209329454e-12	-4.894790821e-12	-5.317390882e-12	-5.626277766e-12	-5.800125544e-12	-5.104583719e-12	-5.316938742e-12	-5.453711051e-12	-6.034107924e-12	-5.417690575e-12	-4.918678877e-12	-5.643534438e-12	-5.312417343e-12	-4.836540135e-12	-5.188229594e-12	-5.040455214e-12	-5.416258799e-12	-5.242486377e-12	-4.960501815e-12	-5.312869483e-12	-5.242184951e-12	-5.027117088e-12	-4.622602623e-12	-4.624787965e-12	-4.820338457e-12	-4.669851238e-12	-4.711975603e-12	-4.555309139e-12	-4.614765532e-12	-4.484699964e-12	-5.017622151e-12	-4.480253922e-12	-5.116263998e-12	-4.755004246e-12	-5.072406432e-12	-4.865326373e-12	-5.140980978e-12	-4.928324528e-12	-4.914082122e-12	-5.134198880e-12	-5.499678604e-12	-5.257180923e-12	-5.220632951e-12	-5.024253536e-12	-5.127868922e-12	-5.182803915e-12	-5.312794126e-12	-5.263058741e-12	-5.079565313e-12	-5.100815886e-12	-5.003455102e-12	-5.621907081e-12	-5.527409849e-12	-5.513092087e-12	-5.489279387e-12	-4.932921283e-12	-4.835635856e-12	-5.375792281e-12	-5.401338183e-12	-5.572171696e-12	-5.331708644e-12	-5.347985679e-12	-5.633210577e-12	-5.419875918e-12	-5.187023887e-12	-5.032693480e-12	-5.639917319e-12	-5.228771468e-12	-5.129300698e-12	-5.385437931e-12	-5.393651806e-12	-5.136233509e-12	-5.025911382e-12
-5.143618460e-12	-6.041191449e-12	-5.621153514e-12	-5.507214268e-12	-5.502014660e-12	-5.617234969e-12	-5.714671110e-12	-4.990795186e-12	-5.258160559e-12	-5.401564253e-12	-5.083860641e-12	-5.029829928e-12	-5.119202908e-12	-5.248740979e-12	-5.232087161e-12	-4.987102710e-12	-5.041284138e-12	-4.383797417e-12	-4.725313729e-12	-4.784468694e-12	-4.963440724e-12	-4.942039437e-12	-5.004736165e-12	-5.254694154e-12	-5.080620306e-12	-4.958617899e-12	-5.443763974e-12	-5.446702883e-12	-5.451977848e-12	-5.986407169e-12	-5.714143613e-12	-6.318277829e-12	-5.510077821e-12	-5.405181372e-12	-5.745718047e-12	-6.063798442e-12	-5.542481178e-12	-5.549112562e-12	-5.788369908e-12	-5.447983946e-12	-5.353486714e-12	-5.562224619e-12	-5.509022828e-12	-5.619420311e-12	-5.214453706e-12	-5.148591999e-12	-5.263887664e-12	-5.112345453e-12	-4.858092136e-12	-4.865401730e-12	-4.665254483e-12	-4.988308417e-12	-4.999159773e-12	-5.043996977e-12	-5.740443082e-12	-5.537281569e-12	-5.346026406e-12	-5.580234857e-12	-5.196217398e-12	-5.112948306e-12	-5.762522579e-12	-5.641198382e-12	-5.334948980e-12	-5.810524761e-12	-5.148064502e-12	-5.506234632e-12	-5.624243137e-12	-6.112328121e-12	-5.847977013e-12	-5.376922631e-12	-5.326282966e-12	-5.474810911e-12	-5.099459467e-12	-5.097952334e-12	-5.120634684e-12	-5.360118099e-12	-4.853118597e-12	-4.729458344e-12	-5.134952446e-12	-5.368784113e-12	-5.378957260e-12	-5.043469480e-12	-5.423040897e-12	-5.308498798e-12	-5.245651356e-12	-5.431857624e-12	-5.190716363e-12	-5.076174264e-12	-4.936010906e-12	-5.094410572e-12	-4.915061759e-12	-5.313396980e-12	-3.983879707e-12	-4.375960326e-13	2.865611975e-10	-4.831415884e-12	-4.897126877e-12	-4.936990542e-12	-4.905642178e-12	-5.025459242e-12	-5.013326823e-12	-4.763745617e-12	-4.746865729e-12	-4.987856277e-12	-4.863969954e-12	-4.658472385e-12	-4.904813255e-12	-5.088382040e-12	-4.672338008e-12	-4.684621141e-12	-4.665405196e-12	-5.038269872e-12	-4.736240442e-12	-4.917548528e-12	-4.839554401e-12	-4.950630095e-12	-5.317315525e-12	-4.685902204e-12	-4.821920946e-12	-5.304806322e-12	-5.444592897e-12	-5.015587522e-12	-5.273382602e-12	-4.720641617e-12	-5.232162517e-12	-4.950102598e-12	-5.183708195e-12	-5.386266854e-12	-5.616330689e-12	-5.796282355e-12	-5.783697796e-12	-5.469234520e-12	-5.376771917e-12	-5.469611303e-12	-5.041434851e-12	-5.225983272e-12	-5.105487998e-12	-5.228846825e-12	-5.716630382e-12	-4.961029311e-12	-5.193504559e-12	-4.841739744e-12	-4.957186123e-12	-5.166225454e-12	-5.041208781e-12	-5.475338408e-12	-5.309177007e-12	-5.157634796e-12	-5.190038153e-12	-4.892379409e-12	-4.929756304e-12	-4.828100191e-12	-5.427411582e-12	-4.900216500e-12	-4.900593283e-12	-5.022444976e-12	-5.452806771e-12	-5.332537567e-12	-5.367427693e-12	-5.681062046e-12	-5.752726215e-12	-5.223195076e-12	-5.109632614e-12	-5.121388250e-12	-4.667816609e-12	-4.437074565e-12	-4.596604580e-12	-4.494044188e-12	-4.977230990e-12	-5.366372700e-12	-5.301942770e-12	-5.395008225e-12	-5.524018800e-12	-5.321912280e-12	-5.146482013e-12	-5.756041907e-12	-5.928005769e-12	-5.663127165e-12	-5.169164363e-12	-5.613467137e-12	-5.462979918e-12	-5.548961849e-12	-5.568705290e-12	-5.670587473e-12	-5.271724755e-12	-5.006394011e-12	-5.122744670e-12	-4.853796807e-12	-4.933900920e-12	-5.649186186e-12	-5.279712560e-12	-5.261702322e-12	-5.189284587e-12	-5.429144785e-12	-5.830795698e-12	-6.086706862e-12	-5.818587922e-12	-6.342241242e-12	-6.032826861e-12	-5.982187196e-12	-5.755439054e-12	-5.802386243e-12	-5.638786969e-12	-5.481517653e-12	-5.536000506e-12	-5.423191610e-12	-5.754157991e-12	-5.246103496e-12	-6.229507703e-12	-5.897863112e-12	-6.041417519e-12	-5.816779363e-12	-5.693721963e-12	-5.600430437e-12	-5.693269823e-12	-5.380690463e-12	-5.283028252e-12	-5.245048503e-12	-5.453635694e-12	-5.898842748e-12	-5.290639273e-12	-5.722508201e-12	-5.553407891e-12	-5.091019523e-12	-5.372702659e-12	-5.155976950e-12	-5.396967498e-12	-5.336682183e-12	-5.095239495e-12	-5.640670885e-12	-5.302696336e-12	-5.163738684e-12	-5.569458856e-12	-4.855303940e-12	-5.150023775e-12	-5.329900085e-12	-5.253639161e-12	-6.065380932e-12	-5.362680225e-12	-6.194316150e-12	-5.413470603e-12	-5.823184677e-12	-5.163587971e-12	-5.580988423e-12	-5.450772142e-12	-5.925820427e-12	-6.250230780e-12	-5.931095392e-12	-5.787691698e-12	-5.420328058e-12	-5.668477487e-12
-4.040095763e-12	-4.157576771e-12	-4.669248385e-12	-4.444987012e-12	-4.354709753e-12	-3.897445636e-12	-4.398944103e-12	-4.702103882e-12	-4.464504383e-12	-4.148835401e-12	-4.004452071e-12	-3.959087371e-12	-4.078226225e-12	-4.285683067e-12	-4.232631989e-12	-4.275434563e-12	-3.794960600e-12	-3.859767314e-12	-4.240619793e-12	-4.069334141e-12	-4.327355291e-12	-4.339864494e-12	-4.448076635e-12	-4.449508411e-12	-4.308742200e-12	-4.187267289e-12	-4.232481276e-12	-4.331876689e-12	-4.107841386e-12	-4.023743371e-12	-4.606099517e-12	-4.108067456e-12	-4.789216163e-12	-4.738124358e-12	-4.153356799e-12	-4.379728158e-12	-4.449508411e-12	-4.408363683e-12	-4.495023824e-12	-4.342125193e-12	-4.197967933e-12	-4.227432381e-12	-3.922011902e-12	-3.656379731e-12	-3.875140069e-12	-4.345064102e-12	-3.816361887e-12	-3.819300796e-12	-3.854341635e-12	-3.501672541e-12	-3.968959091e-12	-3.774689663e-12	-4.086440099e-12	-4.200756129e-12	-4.542724580e-12	-3.889005692e-12	-4.132558366e-12	-3.856828405e-12	-3.694962333e-12	-3.973028350e-12	-3.844545272e-12	-4.227206311e-12	-4.098271093e-12	-3.994052854e-12	-3.924724741e-12	-3.683131340e-12	-4.705193505e-12	-4.338508074e-12	-4.343933752e-12	-3.848689887e-12	-4.895318318e-12	-4.410775096e-12	-4.055845302e-12	-4.052680323e-12	-4.153281443e-12	-4.427881054e-12	-4.396683403e-12	-4.199550422e-12	-4.057352435e-12	-3.742210949e-12	-3.859842670e-12	-3.558566807e-12	-3.440407589e-12	-3.792473831e-12	-3.885539286e-12	-3.897219566e-12	-4.134442282e-12	-3.875818279e-12	-4.555459853e-12	-4.459078705e-12	-3.834899621e-12	-3.661880766e-12	-3.313205574e-12	6.662280910e-13	1.080282708e-11	-3.907392713e-12	-4.431196746e-12	-4.118542030e-12	-4.016132350e-12	-4.392614145e-12	-4.229316297e-12	-4.391785222e-12	-4.230597360e-12	-3.869262251e-12	-3.866247985e-12	-3.987722896e-12	-3.766325075e-12	-3.734298501e-12	-3.552312206e-12	-3.819526866e-12	-4.014248434e-12	-3.570925297e-12	-4.052529610e-12	-3.939645357e-12	-3.496171506e-12	-3.911914112e-12	-3.851101300e-12	-3.923820461e-12	-4.167975988e-12	-3.882449664e-12	-4.038588630e-12	-4.285758423e-12	-4.474978957e-12	-4.139943317e-12	-4.010103819e-12	-3.937610727e-12	-3.884710363e-12	-4.223287765e-12	-4.180786618e-12	-4.462092971e-12	-3.966773748e-12	-4.144163289e-12	-4.596001727e-12	-4.485152104e-12	-4.496154174e-12	-3.497904709e-12	-4.402109082e-12	-4.435642788e-12	-4.293369444e-12	-4.584246091e-12	-4.552671657e-12	-3.851704153e-12	-4.085385106e-12	-3.957655595e-12	-4.179128772e-12	-4.495475964e-12	-4.238359094e-12	-3.945673888e-12	-4.137531904e-12	-4.319518200e-12	-4.239263374e-12	-4.108821023e-12	-4.560358034e-12	-4.108745666e-12	-4.571661531e-12	-4.605873448e-12	-4.053057106e-12	-4.308290060e-12	-4.337227011e-12	-4.125474841e-12	-3.914024098e-12	-4.026757637e-12	-4.489748859e-12	-4.455838369e-12	-3.951853133e-12	-4.368273949e-12	-4.318086424e-12	-4.178450562e-12	-3.920127986e-12	-3.961800210e-12	-4.166092072e-12	-4.272646367e-12	-3.800687705e-12	-4.133311932e-12	-3.898048489e-12	-3.982146504e-12	-3.518552429e-12	-3.904001664e-12	-4.147855764e-12	-4.279955962e-12	-4.981827745e-12	-4.707228134e-12	-4.785523687e-12	-4.141525806e-12	-4.139415820e-12	-4.465936159e-12	-4.455838369e-12	-3.497151142e-12	-3.743567368e-12	-4.209120716e-12	-4.495023824e-12	-4.129544100e-12	-4.261945724e-12	-4.029696546e-12	-3.848915957e-12	-4.311907179e-12	-4.373172130e-12	-4.325019235e-12	-3.876948629e-12	-3.965568042e-12	-4.469251852e-12	-4.257650395e-12	-4.249436521e-12	-4.238735877e-12	-3.902343818e-12	-4.041150756e-12	-3.488937268e-12	-3.933240042e-12	-3.286001825e-12	-3.782300684e-12	-3.606568989e-12	-3.625634220e-12	-4.096462533e-12	-4.744152890e-12	-4.019071260e-12	-3.986065049e-12	-4.272344941e-12	-3.859465887e-12	-4.184328380e-12	-4.196084017e-12	-3.903775594e-12	-3.933315398e-12	-3.395871812e-12	-2.995577319e-12	-3.428501239e-12	-3.281329713e-12	-3.719151816e-12	-3.678082445e-12	-3.853211286e-12	-3.682377773e-12	-3.577933465e-12	-4.455763012e-12	-3.775443229e-12	-4.638276805e-12	-4.156898562e-12	-3.996313553e-12	-4.022085525e-12	-4.707077421e-12	-3.767756851e-12	-3.778080711e-12	-3.763461523e-12	-4.511300859e-12	-4.126002338e-12	-4.386887040e-12	-4.018845190e-12	-4.116356687e-12	-4.197892576e-12	-4.068053078e-12	-4.508964803e-12	-4.358628298e-12	-4.229467010e-12
-4.229090227e-12	-4.437903488e-12	-4.293294088e-12	-4.398265893e-12	-4.618985504e-12	-5.145351663e-12	-4.976025284e-12	-4.614087322e-12	-4.718456274e-12	-4.651012077e-12	-4.663445924e-12	-3.957957021e-12	-4.675201560e-12	-4.700898176e-12	-4.855153226e-12	-4.820413813e-12	-4.514465838e-12	-5.128321062e-12	-4.929982374e-12	-4.744077533e-12	-4.959070039e-12	-4.826517702e-12	-4.308591486e-12	-4.622301196e-12	-4.842493310e-12	-5.026514235e-12	-5.383780085e-12	-5.098253760e-12	-5.050553005e-12	-5.304730965e-12	-4.830813030e-12	-4.694794288e-12	-4.530893587e-12	-4.468422929e-12	-4.504217335e-12	-4.531571796e-12	-4.430443180e-12	-4.335117025e-12	-4.447398425e-12	-4.679195462e-12	-4.494270258e-12	-4.508060523e-12	-4.818755967e-12	-4.686881840e-12	-4.802780359e-12	-4.230295933e-12	-4.757943155e-12	-4.366540746e-12	-4.871505618e-12	-5.111516530e-12	-4.738651855e-12	-5.077455327e-12	-4.881528052e-12	-4.621999769e-12	-4.647696385e-12	-4.898709367e-12	-5.222064727e-12	-4.933976276e-12	-4.878061646e-12	-4.415296494e-12	-4.599694203e-12	-5.116942208e-12	-4.899236863e-12	-5.003078319e-12	-4.807603184e-12	-4.653724917e-12	-4.750106064e-12	-4.295856213e-12	-4.288169836e-12	-4.493064551e-12	-3.947482448e-12	-3.882449664e-12	-4.327129221e-12	-4.529537167e-12	-4.788311883e-12	-5.248590266e-12	-5.127567495e-12	-4.228638087e-12	-4.178827345e-12	-4.370760718e-12	-4.274002787e-12	-4.492838481e-12	-4.830737674e-12	-4.492235628e-12	-4.834505506e-12	-4.980094542e-12	-4.721169113e-12	-4.858845702e-12	-4.563673727e-12	-4.123666282e-12	-4.143409722e-12	-4.190809052e-12	-3.578913101e-12	-4.538504608e-12	-4.094503260e-12	-4.418310760e-12	-4.491708132e-12	-4.461640831e-12	-4.364506116e-12	-5.066905397e-12	-4.623808329e-12	-4.145971848e-12	-4.192316184e-12	-4.381159935e-12	-4.611901979e-12	-4.768493086e-12	-4.335795235e-12	-4.790647939e-12	-4.565859070e-12	-4.584020021e-12	-4.601427406e-12	-4.354709753e-12	-4.637221812e-12	-5.070447159e-12	-4.955377563e-12	-5.000365480e-12	-5.064795410e-12	-4.756662093e-12	-4.811371016e-12	-4.375508186e-12	-4.854248947e-12	-5.045504110e-12	-4.940532304e-12	-5.197121678e-12	-4.748448218e-12	-4.990719829e-12	-4.860352835e-12	-5.286343944e-12	-5.199231664e-12	-4.713633449e-12	-4.748523575e-12	-4.712201672e-12	-4.745433953e-12	-5.166150097e-12	-4.625616888e-12	-4.987178067e-12	-5.541802968e-12	-5.058390096e-12	-4.773918764e-12	-4.755983883e-12	-4.933900920e-12	-4.826065562e-12	-4.732698680e-12	-4.419290397e-12	-4.873615604e-12	-4.207010730e-12	-4.386962396e-12	-4.611675909e-12	-4.720114120e-12	-4.269858171e-12	-4.344235179e-12	-3.886820349e-12	-3.994278924e-12	-4.108444239e-12	-3.880641104e-12	-3.949743147e-12	-4.140169387e-12	-4.177018786e-12	-4.168352772e-12	-4.028792267e-12	-4.199851849e-12	-4.445213082e-12	-4.512581922e-12	-4.943923353e-12	-4.218841723e-12	-4.349284074e-12	-4.083953330e-12	-3.771072544e-12	-4.450789474e-12	-3.869940461e-12	-3.594210500e-12	-3.880867174e-12	-3.594813353e-12	-3.917791930e-12	-4.277318479e-12	-4.342803403e-12	-4.284025220e-12	-4.306556857e-12	-4.426524634e-12	-4.310852186e-12	-4.589445699e-12	-4.608134147e-12	-5.037290235e-12	-4.496757027e-12	-4.313565025e-12	-3.958183091e-12	-4.167222422e-12	-4.047330001e-12	-4.345666955e-12	-4.324567095e-12	-4.033841162e-12	-4.158933191e-12	-4.128865890e-12	-4.495852747e-12	-4.403766928e-12	-4.224418115e-12	-4.907752164e-12	-4.115301694e-12	-4.160591037e-12	-4.111157079e-12	-3.760221187e-12	-4.072197694e-12	-3.549750080e-12	-4.060140631e-12	-3.998423539e-12	-3.834748908e-12	-3.921409049e-12	-4.051022477e-12	-3.667984654e-12	-3.583133073e-12	-3.648316570e-12	-3.805811957e-12	-3.523525968e-12	-3.565122835e-12	-3.224510804e-12	-3.548092234e-12	-3.927965077e-12	-4.446870928e-12	-4.005808490e-12	-4.012816658e-12	-4.229693080e-12	-4.076040882e-12	-3.645076235e-12	-4.193220464e-12	-4.020503036e-12	-4.056071372e-12	-4.393669138e-12	-4.564954790e-12	-3.637013074e-12	-4.086515456e-12	-4.060743484e-12	-4.054036742e-12	-4.059311707e-12	-4.568948692e-12	-3.508454639e-12	-4.287566983e-12	-3.938062867e-12	-3.836105327e-12	-3.683282053e-12	-4.015604854e-12	-4.220499569e-12	-3.967979455e-12	-3.831659285e-12	-4.108293526e-12	-4.128865890e-12	-3.960368434e-12	-3.506570723e-12	-3.768510418e-12	-4.102189638e-12	-3.920278699e-12	-4.090584715e-12
-4.321778899e-12	-4.255615766e-12	-4.147705051e-12	-4.507080887e-12	-4.687183267e-12	-4.330821696e-12	-4.503086985e-12	-4.772336275e-12	-4.481911768e-12	-4.134065498e-12	-4.577388636e-12	-4.828778401e-12	-4.823126653e-12	-4.089906505e-12	-4.700672106e-12	-4.736391155e-12	-4.136024771e-12	-4.258554675e-12	-4.412734369e-12	-4.145293638e-12	-3.971144434e-12	-4.749804638e-12	-4.717476638e-12	-4.339487710e-12	-4.277544549e-12	-4.358628298e-12	-4.672564078e-12	-4.346420522e-12	-4.591781755e-12	-3.832262139e-12	-4.221931346e-12	-4.117185610e-12	-4.405349417e-12	-4.147478981e-12	-4.281613808e-12	-4.062250617e-12	-3.579666667e-12	-4.051022477e-12	-4.113794561e-12	-4.201585052e-12	-4.019749469e-12	-4.748900358e-12	-4.334966312e-12	-4.621924413e-12	-4.671207658e-12	-4.680702595e-12	-4.565406930e-12	-4.205578954e-12	-4.381536718e-12	-4.769698792e-12	-4.452899460e-12	-4.369931795e-12	-4.618382650e-12	-4.695999994e-12	-4.506025894e-12	-4.694643574e-12	-4.944752276e-12	-4.682285085e-12	-4.639181084e-12	-4.296459067e-12	-4.430217110e-12	-4.367821809e-12	-4.175134870e-12	-4.322004969e-12	-4.585225727e-12	-4.707378847e-12	-4.989740193e-12	-5.392144673e-12	-4.587561783e-12	-4.590349979e-12	-4.490276355e-12	-4.350414424e-12	-4.920336724e-12	-4.986047717e-12	-5.067734320e-12	-4.759525645e-12	-5.025609956e-12	-5.160950488e-12	-4.904888612e-12	-4.815364918e-12	-5.173384335e-12	-5.045428753e-12	-5.128170348e-12	-5.459438156e-12	-5.197573817e-12	-5.137062432e-12	-4.966304277e-12	-5.459438156e-12	-5.014155746e-12	-4.671056945e-12	-4.763142764e-12	-4.364656830e-12	-3.779286418e-12	-1.900268496e-12	6.605688070e-12	2.048781370e-10	-4.879794849e-12	-4.396080550e-12	-4.711523463e-12	-4.612203406e-12	-4.866456723e-12	-4.900216500e-12	-4.994261592e-12	-5.074214991e-12	-5.102473733e-12	-5.062685424e-12	-4.740686484e-12	-4.330444913e-12	-4.881000555e-12	-4.775651967e-12	-4.427881054e-12	-4.988233060e-12	-5.048066235e-12	-5.245048503e-12	-5.219577958e-12	-4.746187519e-12	-4.640386791e-12	-5.476016618e-12	-5.222969007e-12	-5.087628474e-12	-5.216036195e-12	-4.753723183e-12	-4.366465389e-12	-5.410380981e-12	-5.232840727e-12	-5.064493984e-12	-5.179488223e-12	-4.641140357e-12	-5.063062208e-12	-4.631570063e-12	-4.630364357e-12	-4.589822482e-12	-4.897579017e-12	-5.131561397e-12	-4.737069365e-12	-4.907978234e-12	-4.939175885e-12	-4.675955127e-12	-4.677763686e-12	-5.277904000e-12	-5.207746964e-12	-5.699825851e-12	-5.155750880e-12	-5.608644311e-12	-6.082336177e-12	-5.254995580e-12	-5.612638214e-12	-5.394556085e-12	-5.167657230e-12	-5.124402516e-12	-5.419348421e-12	-5.081599942e-12	-4.973237088e-12	-5.235553566e-12	-4.992377675e-12	-5.415354519e-12	-5.147763076e-12	-5.022972473e-12	-4.862990317e-12	-4.697356414e-12	-5.112496166e-12	-4.895619744e-12	-4.777234456e-12	-5.292372476e-12	-4.844754010e-12	-5.191469929e-12	-4.989664836e-12	-4.660280945e-12	-4.599242063e-12	-4.922446710e-12	-4.893811185e-12	-4.869169562e-12	-4.844075800e-12	-5.128923915e-12	-4.569174762e-12	-4.989966263e-12	-4.982129172e-12	-4.859900695e-12	-4.982732025e-12	-4.461565474e-12	-4.437074565e-12	-4.440616327e-12	-4.552973083e-12	-4.627199378e-12	-5.039927718e-12	-5.243466014e-12	-4.733678316e-12	-5.222742937e-12	-5.161025845e-12	-4.922220640e-12	-4.578142203e-12	-5.033823830e-12	-5.099158040e-12	-4.961782878e-12	-4.578368272e-12	-4.424490005e-12	-5.046483746e-12	-4.795998261e-12	-4.777535883e-12	-5.310458070e-12	-5.449717149e-12	-5.192750992e-12	-5.019053927e-12	-4.986047717e-12	-5.084915634e-12	-4.860880331e-12	-4.679798315e-12	-4.984766654e-12	-5.452505345e-12	-5.458609233e-12	-5.563882465e-12	-5.759583670e-12	-4.897503660e-12	-5.109255831e-12	-5.458910659e-12	-5.758302607e-12	-5.252056671e-12	-5.753931921e-12	-5.777819977e-12	-5.398851414e-12	-4.912876416e-12	-5.389431834e-12	-5.564937458e-12	-5.133294600e-12	-5.291091413e-12	-5.455067471e-12	-5.494328282e-12	-5.059445089e-12	-5.348889959e-12	-5.014607885e-12	-4.411302592e-12	-4.444233446e-12	-5.070296446e-12	-5.217241902e-12	-4.833299800e-12	-4.310324689e-12	-4.274153500e-12	-4.421701809e-12	-4.779796582e-12	-4.468498285e-12	-4.890796919e-12	-4.421927879e-12	-4.590199266e-12	-4.243483346e-12	-4.886124807e-12	-5.086422767e-12	-4.448754844e-12	-4.685223994e-12	-5.163437258e-12	-5.437132589e-12	-5.007373648e-12
-5.109481900e-12	-5.795302719e-12	-5.175192894e-12	-5.837879223e-12	-5.634868424e-12	-6.174195926e-12	-6.134482974e-12	-5.622057794e-12	-5.746999110e-12	-5.755062271e-12	-5.853854831e-12	-5.986256455e-12	-5.802687670e-12	-5.842475978e-12	-5.878571811e-12	-5.922127951e-12	-5.550242912e-12	-5.279712560e-12	-5.600430437e-12	-5.596964032e-12	-5.247987412e-12	-5.729742439e-12	-5.654310438e-12	-5.694174102e-12	-5.752274075e-12	-5.671868536e-12	-5.696359445e-12	-5.421307694e-12	-6.159049240e-12	-5.789952397e-12	-5.667121067e-12	-5.790027754e-12	-5.828233572e-12	-5.820923978e-12	-5.809846551e-12	-5.378806547e-12	-5.674204592e-12	-6.169900597e-12	-6.104189603e-12	-6.203434304e-12	-5.805099083e-12	-6.001478497e-12	-6.291978361e-12	-6.268467088e-12	-6.198460765e-12	-6.018056959e-12	-5.819642915e-12	-5.911879447e-12	-6.006075253e-12	-5.664031445e-12	-6.711262729e-12	-5.868021881e-12	-6.225815227e-12	-5.843380258e-12	-5.823109321e-12	-6.345632291e-12	-6.044883924e-12	-5.920620818e-12	-6.208558556e-12	-6.035916484e-12	-6.285723759e-12	-6.245634024e-12	-5.852875195e-12	-6.667480518e-12	-5.626955976e-12	-5.982865406e-12	-5.823938244e-12	-5.618516032e-12	-5.540974045e-12	-5.257934489e-12	-5.774127502e-12	-5.759809740e-12	-5.317767665e-12	-5.830871055e-12	-5.172329342e-12	-5.176775384e-12	-4.923124919e-12	-5.125532866e-12	-5.075646767e-12	-4.984465228e-12	-5.747752676e-12	-5.369386966e-12	-5.399378911e-12	-5.472700925e-12	-5.427486939e-12	-5.863500482e-12	-5.471872002e-12	-5.696736228e-12	-5.971185126e-12	-5.768701824e-12	-5.613090353e-12	-5.775257852e-12	-4.666912329e-12	-3.012758633e-12	5.774881068e-12	1.341084518e-10	-5.704422606e-12	-6.120541995e-12	-5.106618348e-12	-5.229374321e-12	-5.561621765e-12	-6.023407281e-12	-5.434796533e-12	-5.310684140e-12	-5.117092922e-12	-5.402543890e-12	-5.398022491e-12	-5.572774549e-12	-6.146992177e-12	-5.529595192e-12	-5.921148315e-12	-5.858376230e-12	-5.992360343e-12	-5.767119334e-12	-5.384081512e-12	-5.448888226e-12	-5.498698968e-12	-5.362906295e-12	-5.638786969e-12	-5.766139698e-12	-5.923936511e-12	-5.580686996e-12	-5.557326437e-12	-5.641499808e-12	-5.887840678e-12	-5.511961737e-12	-5.140001341e-12	-5.421684477e-12	-5.202170573e-12	-5.017848221e-12	-5.483702995e-12	-4.891851912e-12	-5.289056783e-12	-5.457328170e-12	-5.614145346e-12	-5.109406544e-12	-5.584530185e-12	-5.727104956e-12	-5.013628249e-12	-5.408270995e-12	-5.385513288e-12	-5.400283190e-12	-5.640444815e-12	-5.753931921e-12	-5.641198382e-12	-5.948653490e-12	-5.828534999e-12	-5.586866241e-12	-5.094711998e-12	-5.425527666e-12	-5.617310325e-12	-5.143618460e-12	-5.318747301e-12	-5.727783166e-12	-4.977532417e-12	-5.102398376e-12	-5.758905460e-12	-5.869152230e-12	-5.754760844e-12	-5.493273289e-12	-5.548208283e-12	-4.997803354e-12	-5.413621316e-12	-5.714294326e-12	-5.667196424e-12	-5.351301372e-12	-5.531855891e-12	-5.616858186e-12	-5.624845990e-12	-5.925066860e-12	-5.860260146e-12	-5.834036034e-12	-6.017001966e-12	-6.043979645e-12	-5.611055724e-12	-5.409552058e-12	-5.458835303e-12	-5.846545237e-12	-6.112102051e-12	-5.869453657e-12	-6.320915312e-12	-6.146087897e-12	-5.878797881e-12	-6.263116766e-12	-6.625883651e-12	-5.876386468e-12	-5.786259922e-12	-5.581365206e-12	-6.111122415e-12	-6.395367676e-12	-5.981056847e-12	-6.292882640e-12	-5.753856565e-12	-6.008788092e-12	-6.155206051e-12	-5.816779363e-12	-6.369897131e-12	-6.304035424e-12	-6.210367115e-12	-6.764539876e-12	-6.860393527e-12	-6.506669440e-12	-6.437642754e-12	-6.272159563e-12	-6.461304740e-12	-5.949256343e-12	-5.737127390e-12	-6.046843197e-12	-5.461171359e-12	-5.504049289e-12	-5.506083919e-12	-5.268182993e-12	-5.545495444e-12	-5.640670885e-12	-5.391918603e-12	-5.585283752e-12	-4.853420024e-12	-5.241280671e-12	-4.876328443e-12	-4.891173702e-12	-5.140528838e-12	-5.113701873e-12	-4.837519772e-12	-4.836992275e-12	-4.666384833e-12	-5.424924813e-12	-4.997351214e-12	-5.023123186e-12	-4.801650009e-12	-5.014005032e-12	-4.907300024e-12	-5.311663777e-12	-5.293201399e-12	-4.827271268e-12	-5.407743498e-12	-5.449038939e-12	-5.305032392e-12	-4.815440275e-12	-5.207144111e-12	-5.090115243e-12	-5.206842685e-12	-4.918904947e-12	-5.715650746e-12	-5.920771531e-12	-5.641801235e-12	-5.271950825e-12	-5.659811473e-12	-5.788520621e-12	-5.315054826e-12	-5.547831500e-12	-5.562978185e-12
-6.009767728e-12	-6.294465130e-12	-5.885655335e-12	-6.062442022e-12	-6.392127341e-12	-6.459194754e-12	-5.899068818e-12	-6.065079505e-12	-5.961087336e-12	-6.379015285e-12	-6.107656009e-12	-6.736808631e-12	-6.492879174e-12	-5.957545574e-12	-6.628897917e-12	-6.416467537e-12	-6.447062334e-12	-6.885110507e-12	-6.567557608e-12	-6.565899762e-12	-6.619553693e-12	-6.446911621e-12	-6.424832124e-12	-6.591596378e-12	-6.054680288e-12	-6.465750782e-12	-6.630706476e-12	-6.905833584e-12	-6.556630895e-12	-6.594083147e-12	-6.265829605e-12	-5.988517155e-12	-6.192733660e-12	-6.123631618e-12	-6.075478722e-12	-6.070203757e-12	-6.593706364e-12	-6.319408179e-12	-6.198310052e-12	-6.635152518e-12	-6.735000072e-12	-5.841119559e-12	-5.899219531e-12	-6.614429441e-12	-6.082110107e-12	-5.963423392e-12	-6.072916596e-12	-6.117150946e-12	-6.067867701e-12	-6.337945914e-12	-6.071786246e-12	-5.878873237e-12	-5.812860817e-12	-6.385420599e-12	-6.239228710e-12	-6.562056573e-12	-6.291601577e-12	-6.472758950e-12	-6.411493998e-12	-5.583324479e-12	-6.120692708e-12	-5.984673966e-12	-6.163947422e-12	-6.364848235e-12	-6.307049689e-12	-6.175703059e-12	-6.779159065e-12	-6.404787257e-12	-5.917757266e-12	-5.673451025e-12	-6.089419701e-12	-6.202831451e-12	-6.262513913e-12	-5.813011530e-12	-6.136291534e-12	-6.250456850e-12	-6.502374111e-12	-6.170503450e-12	-6.052118162e-12	-6.265452822e-12	-6.107429939e-12	-5.857019811e-12	-5.630648451e-12	-5.854231615e-12	-6.200495395e-12	-6.162063506e-12	-5.708115082e-12	-5.988441798e-12	-5.974350105e-12	-6.102004261e-12	-5.474057345e-12	-5.484155135e-12	-5.382649736e-12	-2.264015017e-12	1.414747898e-10	-5.329297231e-12	-5.463205988e-12	-5.866364034e-12	-5.867494384e-12	-5.480764086e-12	-6.026798330e-12	-5.381896169e-12	-5.509399611e-12	-5.488149037e-12	-6.060708820e-12	-5.754911558e-12	-5.951818469e-12	-5.862671559e-12	-6.178189828e-12	-6.038780036e-12	-5.730948145e-12	-6.026722973e-12	-5.920244035e-12	-6.103888177e-12	-6.183916933e-12	-6.347290137e-12	-6.154603198e-12	-6.430709942e-12	-6.219635982e-12	-5.983091476e-12	-6.325738137e-12	-5.768626467e-12	-5.774881068e-12	-6.155055338e-12	-5.773826075e-12	-5.622886717e-12	-4.978361340e-12	-5.711355417e-12	-6.399210865e-12	-5.852724482e-12	-6.198686835e-12	-6.411870781e-12	-6.041492875e-12	-5.827781433e-12	-5.986030385e-12	-6.308029326e-12	-6.658814504e-12	-6.538997440e-12	-6.675995819e-12	-6.834772268e-12	-6.364320739e-12	-6.085275086e-12	-5.672998885e-12	-6.002307420e-12	-5.967869434e-12	-5.909468035e-12	-6.369972487e-12	-5.768400397e-12	-5.664257515e-12	-5.733208844e-12	-5.856718384e-12	-5.760563306e-12	-5.508269261e-12	-5.490635807e-12	-5.672772816e-12	-5.763728285e-12	-5.316561959e-12	-5.646624060e-12	-5.682041683e-12	-5.889423167e-12	-5.995751392e-12	-6.423324991e-12	-6.098085715e-12	-6.224458807e-12	-6.171181660e-12	-6.282935563e-12	-6.433347425e-12	-6.449473747e-12	-6.371102837e-12	-6.316544627e-12	-6.524453608e-12	-6.652258476e-12	-5.768551110e-12	-5.943227811e-12	-6.046089631e-12	-6.339679116e-12	-6.406821886e-12	-6.627315427e-12	-6.596193133e-12	-7.059410425e-12	-6.490995258e-12	-6.586019986e-12	-6.366732152e-12	-6.033203645e-12	-6.074423729e-12	-6.081657967e-12	-6.155733548e-12	-6.406972600e-12	-6.202831451e-12	-5.936521070e-12	-5.897184902e-12	-6.131317995e-12	-6.155432121e-12	-5.947824567e-12	-6.483459593e-12	-6.676221889e-12	-6.172613436e-12	-6.613525161e-12	-6.658287008e-12	-6.579087175e-12	-6.501017691e-12	-6.584136070e-12	-6.786920799e-12	-6.510361915e-12	-6.318805326e-12	-6.533722475e-12	-6.865140996e-12	-6.396648739e-12	-6.320086389e-12	-6.126118387e-12	-5.989270721e-12	-6.212703171e-12	-6.426640684e-12	-6.662205553e-12	-6.675468323e-12	-6.566954755e-12	-6.760922757e-12	-6.480596041e-12	-6.963406060e-12	-6.636056798e-12	-6.480143901e-12	-6.457310838e-12	-6.351057970e-12	-6.429654949e-12	-6.277283815e-12	-5.909844818e-12	-6.001779924e-12	-5.675711725e-12	-5.718966438e-12	-5.766139698e-12	-5.991606777e-12	-5.432083694e-12	-5.323570127e-12	-5.671793179e-12	-6.070053044e-12	-6.017830889e-12	-5.570965989e-12	-6.542313132e-12	-6.249175787e-12	-6.001855281e-12	-5.835769237e-12	-6.288436598e-12	-5.583851975e-12	-6.408178306e-12	-6.293862277e-12	-6.436286334e-12	-6.794908604e-12	-6.265000682e-12	-6.366807508e-12	-5.885956762e-12	-6.273892766e-12
-4.667590539e-12	-5.126211075e-12	-5.248514909e-12	-5.077229257e-12	-5.179865006e-12	-5.568479220e-12	-4.729533701e-12	-4.528030034e-12	-5.019732137e-12	-4.814460639e-12	-5.016416445e-12	-5.282952895e-12	-4.707680274e-12	-4.741892190e-12	-5.058917592e-12	-5.326659749e-12	-4.809034960e-12	-4.668645532e-12	-5.245576000e-12	-4.913479269e-12	-4.937291969e-12	-5.065247550e-12	-4.491255992e-12	-4.613333755e-12	-4.604366315e-12	-4.869244919e-12	-4.666836973e-12	-4.849953618e-12	-4.520192943e-12	-4.719059127e-12	-4.569250118e-12	-3.730982809e-12	-4.349434787e-12	-4.184554450e-12	-4.409343320e-12	-4.100682505e-12	-3.972651567e-12	-4.182971961e-12	-4.200379345e-12	-3.978152602e-12	-3.940851063e-12	-4.536771405e-12	-4.475506453e-12	-4.346872662e-12	-4.342803403e-12	-4.398115180e-12	-4.065867736e-12	-4.198796856e-12	-4.505950537e-12	-4.369328942e-12	-4.151020743e-12	-4.004150644e-12	-4.382893137e-12	-4.110177442e-12	-4.273249220e-12	-4.100155009e-12	-3.983879707e-12	-3.761125467e-12	-3.725557131e-12	-3.834522838e-12	-4.085460463e-12	-4.257650395e-12	-3.757282278e-12	-3.819376152e-12	-3.987270756e-12	-3.947331734e-12	-3.882826447e-12	-4.133010505e-12	-4.224945611e-12	-4.162625667e-12	-4.301507962e-12	-4.017413413e-12	-4.654629196e-12	-4.117788463e-12	-4.134894422e-12	-3.983352210e-12	-4.199927205e-12	-3.924649384e-12	-4.088776155e-12	-4.295027290e-12	-3.687652738e-12	-3.655400095e-12	-3.906714503e-12	-4.257575038e-12	-4.035574365e-12	-4.118089890e-12	-4.321025333e-12	-4.467744719e-12	-3.897897776e-12	-3.732866725e-12	-3.307629182e-12	-3.880264321e-12	-3.157368034e-12	5.038646655e-12	2.178173249e-10	-3.923669748e-12	-4.284100577e-12	-3.843716349e-12	-3.663613969e-12	-3.919751203e-12	-4.263528213e-12	-4.047556071e-12	-4.254259346e-12	-3.800310922e-12	-3.736257774e-12	-4.680702595e-12	-4.434286369e-12	-4.338432717e-12	-4.751839267e-12	-4.524186845e-12	-4.855680723e-12	-4.621698343e-12	-4.568345839e-12	-4.738350428e-12	-4.296911207e-12	-3.887649272e-12	-4.286662703e-12	-4.051776043e-12	-4.668871602e-12	-4.511074789e-12	-4.166167429e-12	-4.133085862e-12	-4.048460351e-12	-4.283573080e-12	-4.540991377e-12	-4.283573080e-12	-4.367294312e-12	-4.151925023e-12	-3.856602335e-12	-4.322683179e-12	-4.650258511e-12	-4.463524747e-12	-4.152904660e-12	-4.111986002e-12	-4.661411294e-12	-4.406329054e-12	-4.635790035e-12	-4.770452358e-12	-4.489673502e-12	-4.914835689e-12	-4.862839604e-12	-4.434663152e-12	-4.183650170e-12	-3.871296880e-12	-4.003472434e-12	-3.774312879e-12	-4.307837920e-12	-4.108293526e-12	-4.085535820e-12	-3.779889271e-12	-3.622318528e-12	-4.260740017e-12	-3.898500629e-12	-4.290129109e-12	-3.921182979e-12	-3.849669523e-12	-4.186664436e-12	-3.749143760e-12	-3.729475676e-12	-3.862555510e-12	-4.085535820e-12	-4.342049836e-12	-3.943036406e-12	-4.465257950e-12	-4.097517526e-12	-3.717041830e-12	-3.418102022e-12	-3.919977272e-12	-3.494061520e-12	-3.964286979e-12	-4.077321945e-12	-3.666552878e-12	-3.888026055e-12	-3.970616937e-12	-3.886142139e-12	-4.149890394e-12	-3.676952095e-12	-4.336096661e-12	-4.272269584e-12	-3.415765966e-12	-3.570473157e-12	-3.515462807e-12	-3.904604517e-12	-4.054262812e-12	-3.584941633e-12	-3.994957133e-12	-4.348530508e-12	-3.873256153e-12	-4.056523512e-12	-3.840476013e-12	-3.934370391e-12	-3.931356126e-12	-3.742361662e-12	-3.799708068e-12	-3.960217720e-12	-3.818999369e-12	-3.167013684e-12	-4.023140518e-12	-4.209723569e-12	-3.827213243e-12	-4.030224043e-12	-3.633998808e-12	-3.263394832e-12	-3.855698055e-12	-3.506269296e-12	-3.768359704e-12	-3.857732684e-12	-3.535055534e-12	-3.693605913e-12	-3.836331397e-12	-3.610788961e-12	-3.256160594e-12	-2.950514045e-12	-3.557436457e-12	-3.719001102e-12	-3.575748122e-12	-4.385832047e-12	-3.632943815e-12	-3.520813128e-12	-3.880490391e-12	-3.405818889e-12	-3.298209601e-12	-3.640856262e-12	-3.589010891e-12	-3.320063028e-12	-3.270101573e-12	-2.590083216e-12	-3.289769657e-12	-3.267087307e-12	-3.494438303e-12	-3.678082445e-12	-3.241239979e-12	-3.246288874e-12	-3.040414522e-12	-3.537919087e-12	-2.625350126e-12	-3.127828229e-12	-3.328201546e-12	-2.829114492e-12	-3.075455361e-12	-2.752326071e-12	-2.814269233e-12	-3.183667502e-12	-3.611467171e-12	-3.370928763e-12	-3.287358245e-12	-3.357439924e-12	-3.684563116e-12	-3.533246975e-12	-3.369798413e-12	-3.647638360e-12
-2.586767524e-12	-2.979677067e-12	-2.812611387e-12	-2.426408585e-12	-2.739816868e-12	-2.925570996e-12	-2.476294684e-12	-2.635221846e-12	-2.642456084e-12	-2.578176867e-12	-2.384359578e-12	-2.756922827e-12	-2.749990015e-12	-2.481343579e-12	-2.583150405e-12	-2.281497759e-12	-2.307194374e-12	-2.175697030e-12	-1.773895403e-12	-1.698237333e-12	-1.987456133e-12	-2.218198177e-12	-2.406439075e-12	-2.687519357e-12	-2.298905143e-12	-2.439143858e-12	-2.371021452e-12	-2.239599464e-12	-2.110814959e-12	-2.218951744e-12	-1.751589837e-12	-1.881429335e-12	-1.691003095e-12	-1.528383457e-12	-1.861535181e-12	-1.950983517e-12	-1.971555881e-12	-2.199735800e-12	-2.667097707e-12	-2.286094514e-12	-2.114884218e-12	-1.742396326e-12	-2.182177702e-12	-2.019859490e-12	-2.294082318e-12	-2.396341284e-12	-2.095592917e-12	-2.228823464e-12	-2.282251325e-12	-1.510297862e-12	-2.271475325e-12	-2.281271689e-12	-2.379310683e-12	-2.638763608e-12	-2.710277064e-12	-2.712462406e-12	-3.107557292e-12	-2.507718404e-12	-3.207329489e-12	-2.171175631e-12	-2.167859939e-12	-2.258890765e-12	-1.942242147e-12	-2.279387772e-12	-2.170723492e-12	-2.445097033e-12	-2.561146265e-12	-2.164468890e-12	-2.371925732e-12	-2.562050545e-12	-2.458133732e-12	-2.202373282e-12	-1.856260216e-12	-2.328218878e-12	-2.645997846e-12	-2.887440534e-12	-2.446453453e-12	-2.434697816e-12	-2.364314710e-12	-1.754604103e-12	-1.778416802e-12	-1.877510789e-12	-2.119782400e-12	-2.231687017e-12	-2.183684834e-12	-2.060476721e-12	-2.378557116e-12	-2.106218204e-12	-2.321662850e-12	-2.447583802e-12	-2.151884331e-12	-1.931014007e-12	-1.344739315e-12	9.648061865e-12	-2.019105924e-12	-2.572223692e-12	-2.217444611e-12	-2.325129255e-12	-2.432587830e-12	-2.482473928e-12	-1.739683487e-12	-2.052338204e-12	-2.511335523e-12	-2.119480974e-12	-1.783239627e-12	-1.808107320e-12	-2.009008133e-12	-1.981427601e-12	-2.505608418e-12	-1.767490089e-12	-1.684748493e-12	-1.522430282e-12	-1.750534844e-12	-1.606377584e-12	-1.444134729e-12	-1.695599850e-12	-2.194762261e-12	-1.845484215e-12	-1.858897698e-12	-1.838702117e-12	-1.909009866e-12	-1.581886674e-12	-1.760331208e-12	-1.905694174e-12	-1.563047513e-12	-1.654907262e-12	-1.740286340e-12	-1.525218478e-12	-1.802380215e-12	-1.968240189e-12	-1.595601583e-12	-1.488595149e-12	-1.624689248e-12	-1.961005951e-12	-1.888964999e-12	-2.024305532e-12	-2.312092556e-12	-1.891753195e-12	-1.590025192e-12	-1.757618368e-12	-1.857315209e-12	-1.890622845e-12	-1.739155991e-12	-1.659051878e-12	-1.912325559e-12	-1.705697641e-12	-1.171494390e-12	-1.431098029e-12	-1.469755988e-12	-1.664326843e-12	-1.399598952e-12	-1.191087118e-12	-1.187771425e-12	-9.543918983e-13	-1.256798111e-12	-1.080237494e-12	-1.403140714e-12	-1.531849862e-12	-1.043538808e-12	-1.397865749e-12	-1.146249914e-12	-1.187771425e-12	-1.147606334e-12	-1.348356434e-12	-9.497951430e-13	-1.549181891e-12	-1.395831120e-12	-1.541043373e-12	-1.131856795e-12	-1.639534507e-12	-1.435996211e-12	-1.926040468e-12	-1.279254391e-12	-1.417307763e-12	-1.834030006e-12	-2.203277562e-12	-1.902077055e-12	-1.496206170e-12	-1.795221334e-12	-1.851060607e-12	-1.851964887e-12	-1.417383120e-12	-1.519491373e-12	-1.911345922e-12	-1.626799234e-12	-1.013094724e-12	-1.874647237e-12	-1.792809921e-12	-1.981955098e-12	-1.944276776e-12	-1.756864802e-12	-1.695901277e-12	-1.813834425e-12	-2.219177814e-12	-1.507961806e-12	-1.446395428e-12	-1.655057976e-12	-1.425295568e-12	-2.074945197e-12	-1.519792799e-12	-1.681432801e-12	-1.752117333e-12	-1.619715710e-12	-1.815266201e-12	-1.889718566e-12	-2.155350736e-12	-1.876305083e-12	-2.341406291e-12	-1.602157611e-12	-1.926492608e-12	-1.405024630e-12	-1.619866423e-12	-1.694846284e-12	-1.370435931e-12	-1.875099377e-12	-1.774196830e-12	-1.228011873e-12	-9.936527099e-13	-1.253482419e-12	-1.310527399e-12	-9.097054083e-13	-1.311808461e-12	-1.208720572e-12	-1.376087679e-12	-1.355967455e-12	-1.527403820e-12	-1.292893944e-12	-1.198848852e-12	-1.221003705e-12	-5.941117825e-13	-1.047984850e-12	-9.047318698e-13	-1.413389218e-12	-1.491835484e-12	-7.337476442e-13	-1.474503456e-12	-1.490931205e-12	-1.952867433e-12	-1.928904021e-12	-1.571788884e-12	-1.353631399e-12	-1.543454786e-12	-1.250091370e-12	-1.070441130e-12	-1.281213664e-12	-1.088903508e-12	-1.356796378e-12	-1.098775228e-12	-8.095564282e-13	-3.566629968e-13	-6.300569018e-13
-9.344223876e-14	-5.674355305e-13	-7.320144413e-13	-8.702185267e-13	-7.271916161e-13	-5.097876977e-13	-1.985647574e-13	-1.018897186e-12	-6.810733499e-13	-9.957626959e-13	-6.503278391e-13	-5.846922020e-13	-9.794856608e-13	-5.823561461e-13	-6.337493774e-13	-1.063432962e-12	-1.251899929e-12	-6.287004822e-13	-1.068180431e-12	-1.078805718e-12	-1.071194697e-12	-9.054854362e-13	-1.028618193e-12	-8.526604286e-13	-8.155849597e-13	-9.581597305e-13	-6.438471677e-13	-9.661475347e-13	-9.445201779e-13	-9.758685418e-13	-3.996916406e-13	-7.745155887e-13	-3.738443117e-13	-1.824384355e-13	1.565157499e-13	-1.452122533e-13	-7.286233924e-13	-8.851391423e-13	-5.736901320e-13	-3.196628845e-13	-3.122025767e-13	-7.586153367e-13	-7.999107777e-13	-8.101592813e-13	-1.114600124e-12	4.958467186e-14	-6.656252378e-13	-2.313448976e-13	-9.962148358e-14	-1.024925717e-12	-9.923716469e-13	-9.681821641e-13	-4.816043128e-13	-3.778382138e-13	-5.026288165e-13	-1.874119740e-13	-4.649504945e-13	-5.929814329e-13	-5.398549987e-13	-3.474694862e-13	-4.685676134e-13	9.464794506e-14	-4.002944938e-13	-2.862798912e-13	-2.907259332e-13	-7.068453222e-13	-6.634398952e-13	-6.403054054e-13	-8.527357853e-13	-8.494954496e-13	-1.089431005e-12	-8.533386384e-13	-1.197191006e-12	-1.125451480e-12	-1.108194809e-12	-1.306307426e-12	-5.066980753e-13	-7.362344134e-13	-1.045121298e-12	-8.247784703e-13	-5.006695438e-13	-1.214523034e-12	-4.851460751e-13	-1.068331144e-12	-9.423348352e-13	-2.207949674e-13	-6.505539090e-13	-2.310434710e-13	-6.058674190e-13	-8.577846804e-13	-5.958449854e-13	-2.866566744e-13	1.266745188e-13	1.185246978e-11	-8.387948061e-13	-9.886038147e-13	-5.707512228e-13	-9.797870873e-13	-6.106902443e-13	-1.125150054e-12	-9.700660802e-13	-6.044356428e-13	-6.542463846e-13	-8.513040090e-13	-5.279486490e-13	-4.607305224e-13	-9.497951430e-13	-8.271145263e-13	-9.746628355e-13	-1.252427426e-12	-1.122663285e-12	-9.074447089e-13	-5.859732650e-13	-9.468562338e-13	-8.060900226e-13	-9.402248492e-13	-8.372876732e-13	-8.632857155e-13	-7.772284278e-13	-9.933512833e-13	-1.719563263e-12	-8.341980508e-13	-1.243384629e-12	-7.916969035e-13	-8.375890998e-13	-1.211131985e-12	-9.972698288e-13	-1.574124940e-12	-1.113695844e-12	-1.004880850e-12	-1.023041801e-12	-1.399448239e-12	-1.073681466e-12	-5.987838945e-13	-8.189760087e-13	-1.242781775e-12	-1.157402698e-12	-7.441468611e-13	-1.168254054e-12	-7.716520362e-13	-1.369833077e-12	-9.371352267e-13	-1.041052039e-12	-8.161878129e-13	-1.283323650e-12	-1.120327229e-12	-6.898900773e-13	-9.178439258e-13	-7.097088747e-13	-5.991606777e-13	-3.761803676e-13	-9.815202902e-13	-1.158608404e-12	-8.565789741e-13	-9.067664991e-13	-8.566543308e-13	-1.570658534e-12	-7.239512804e-13	-6.812994198e-13	-4.775350540e-13	-5.935842860e-13	-1.206459873e-13	-4.524412915e-13	-3.987120042e-13	-7.695420501e-13	-8.702938834e-13	-6.771548044e-13	-1.303293161e-12	-9.286199260e-13	-9.035261635e-13	-6.036820763e-13	-5.061705788e-13	-4.791929002e-13	-3.373716959e-13	-3.505591086e-13	-1.028994976e-12	-7.948618826e-13	-4.664576273e-13	-9.132471705e-13	-8.350269739e-13	-9.750396188e-13	-1.347904294e-12	-1.614139318e-12	-1.261922363e-12	-1.069687564e-12	-1.296209636e-12	-6.699959232e-13	-5.439242575e-13	-3.654043675e-13	-1.086718165e-12	-3.708300459e-13	-5.305107749e-13	-7.312608749e-13	-9.768481782e-13	-1.375786252e-12	-9.074447089e-13	-1.018897186e-12	-1.598992632e-12	-1.059589774e-12	-1.535240911e-12	-1.402387148e-12	-1.046100934e-12	-1.254763482e-12	-1.353329972e-12	-8.969701354e-13	-1.294476433e-12	-1.352953189e-12	-1.617304297e-12	-1.192066754e-12	-1.590778758e-12	-1.687461333e-12	-1.302388881e-12	-1.398091819e-12	-1.369230224e-12	-1.504947540e-12	-1.707732270e-12	-1.195382446e-12	-6.240283703e-13	-1.327482643e-12	-1.948195321e-12	-1.596053723e-12	-1.875551516e-12	-1.526876324e-12	-1.378423735e-12	-1.431399456e-12	-1.539008744e-12	-1.701854452e-12	-1.112188711e-12	-1.095308823e-12	-1.257476321e-12	-1.258305244e-12	-1.634485612e-12	-1.334566168e-12	-1.418362756e-12	-1.496356883e-12	-1.394248630e-12	-1.365085609e-12	-1.171946530e-12	-6.403054054e-13	-9.023958138e-13	-1.112942278e-12	-1.571713527e-12	-1.416780267e-12	-9.562758144e-13	-9.828767097e-13	-7.576357004e-13	-1.091088851e-12	-8.699171002e-13	-1.013772934e-12	-9.747381922e-13	-8.759456317e-13
-6.208633912e-13	-9.543918983e-13	-7.492711129e-13	-1.225299034e-12	-1.233211482e-12	-7.296783854e-13	-6.568085105e-13	-9.189742755e-13	-1.050320906e-12	-1.004880850e-12	-6.482932097e-13	-5.761769012e-13	-1.099227368e-12	-5.923785797e-13	-7.404543855e-13	-8.974222753e-13	-7.066192523e-13	-6.118959506e-13	-1.181441467e-12	-7.845380223e-13	-7.074481754e-13	-8.601207364e-13	-7.763241481e-13	-1.098549159e-12	-1.185510726e-12	-1.166822278e-12	-8.338966242e-13	-1.301107818e-12	-1.151374166e-12	-1.328612993e-12	-1.246624964e-12	-1.268553748e-12	-1.365160966e-12	-7.355562036e-13	-7.964443721e-13	-1.319871622e-12	-1.025754640e-12	-1.389651875e-12	-1.373450196e-12	-1.470283484e-12	-1.156196991e-12	-8.699924568e-13	-1.332757609e-12	-4.910238933e-13	-1.072475760e-12	-6.175476989e-13	-6.889857975e-13	-4.175511653e-13	-8.161878129e-13	-1.034194584e-12	-4.684169001e-13	-6.722566225e-13	-1.027563200e-12	-1.046703787e-12	-9.881516748e-13	-2.598297091e-13	-8.142285401e-13	-6.372911396e-13	-6.937332661e-13	-5.557552507e-13	-7.868740783e-13	-1.230800069e-12	-1.403366784e-12	-7.464075604e-13	-1.077901438e-12	-3.132575698e-13	-5.057937956e-13	-8.551471979e-13	-5.813765097e-13	-1.279932601e-12	-1.570281751e-12	-1.168329411e-12	-1.353932826e-12	-9.632086256e-13	-7.552996444e-13	-8.219902745e-13	-1.006463339e-12	-9.883777448e-13	-7.788862740e-13	-7.268148329e-13	-8.633610721e-13	-1.234793971e-12	-5.442256841e-13	-6.681120071e-13	-7.978761483e-13	-9.197278419e-13	-9.764713950e-13	-4.422681446e-13	-3.106200872e-13	-4.669097672e-13	-5.768551110e-13	-3.917791930e-13	7.345012106e-13	1.135813019e-11	-8.676564008e-13	-7.540939381e-13	-8.699924568e-13	-1.109325159e-12	-9.101575481e-13	-9.579336605e-13	-6.269672794e-13	-9.314081218e-13	-1.058384067e-12	-1.295531426e-12	-7.774544978e-13	-1.022740375e-12	-9.577829472e-13	-1.375786252e-12	-9.904877308e-13	-1.184229663e-12	-1.119121522e-12	-9.464040940e-13	-1.107139816e-12	-6.807719233e-13	-7.926765399e-13	-1.196286726e-12	-9.582350871e-13	-9.005872543e-13	-6.225965940e-13	-5.051909424e-13	-5.171726489e-13	-3.252392762e-13	-8.015686239e-13	-4.897428304e-13	-2.373734291e-13	-2.333795270e-13	-9.965916190e-13	-4.244086199e-13	-4.938874458e-13	-5.065473620e-13	-9.965162623e-13	-9.655446816e-13	-8.944833662e-13	-7.738373789e-13	-6.363868599e-13	-1.081970697e-12	-5.822054328e-13	-4.048158924e-13	-6.258369297e-13	-8.766238415e-13	-9.372859400e-13	-1.418438113e-12	-1.267272685e-12	-1.019047899e-12	-1.108270166e-12	-1.177372208e-12	-1.291763594e-12	-1.285358279e-12	-1.468851708e-12	-9.853634790e-13	-7.452772107e-13	-6.268165661e-13	-7.270409028e-13	-1.233286838e-12	-7.117435041e-13	-1.262977356e-12	-1.684522423e-12	-1.315274867e-12	-1.157176628e-12	-9.905630875e-13	-7.729330991e-13	-1.566890702e-12	-9.351005974e-13	-1.626799234e-12	-1.300881748e-12	-6.651730980e-13	-6.295294053e-13	-9.084997020e-13	-9.129457440e-13	-7.536417982e-13	-8.662999812e-13	-4.936613759e-13	-5.074516418e-13	-6.063949155e-13	-5.907960902e-13	-2.480740726e-13	1.756563375e-13	-4.584698231e-13	-1.804791628e-13	-1.726420718e-13	-3.238828566e-13	-4.030826896e-13	-6.120466638e-13	-8.806931003e-13	-8.292998690e-13	-5.884600342e-13	-7.825787496e-13	-6.819776296e-13	-7.639656585e-13	-5.313396980e-13	-6.644195315e-13	-5.736901320e-13	-3.141618495e-13	-7.215398678e-13	-4.965249284e-13	-7.168677559e-13	-1.302238168e-12	-1.065090809e-12	-8.305055753e-13	-6.072238386e-13	-2.618643384e-13	-7.445990009e-13	-8.819741632e-13	-7.212384412e-13	-9.185221356e-13	-6.297554752e-13	-4.314167878e-13	-5.290789986e-13	-4.192843681e-13	-3.152921992e-13	-3.745225215e-13	-2.785181568e-13	-4.602783825e-13	-1.151374166e-12	-1.358831007e-12	-8.912430305e-13	-3.418930945e-13	-5.015738235e-13	-5.235779636e-13	-9.754917586e-13	-7.244034203e-13	-9.742860523e-13	-5.986331812e-13	-4.882356975e-13	-1.015204710e-12	-3.023308564e-13	-6.155130695e-13	-9.446708912e-13	-2.599050657e-13	-1.443682589e-12	-4.140847596e-13	-4.229014870e-13	-1.139467816e-12	-8.221409878e-13	-2.680435833e-13	-1.579475262e-13	-1.021836095e-13	-4.758018512e-13	-3.082086746e-14	-1.463426030e-13	-4.654779910e-13	-2.522940446e-13	-6.576374336e-13	-6.568085105e-13	-2.994673039e-13	-2.343591633e-13	-5.709019361e-13	-7.689391970e-13	-1.021685381e-12	-6.242544402e-13	-7.240266371e-13
-9.812942202e-13	-9.992291015e-13	-1.120553299e-12	-1.285207566e-12	-2.256931493e-13	-4.222232772e-13	-4.467895432e-13	-7.950125959e-13	-4.234289835e-13	-8.627582190e-13	-4.359381865e-13	-5.241054601e-13	-4.425695711e-13	-5.675862438e-13	-4.714311659e-13	-8.045075330e-13	-6.392504124e-13	-7.122710006e-13	-6.739144687e-13	-7.858944419e-13	-4.956206486e-13	-8.736849324e-13	-9.670518145e-13	-8.441451279e-13	-8.985526249e-13	-8.033771834e-13	-7.244787769e-13	-5.195840615e-13	-8.497215195e-13	-2.207949674e-13	-1.431776239e-14	-4.379728158e-13	-4.958467186e-14	-2.350373731e-13	-7.079003152e-13	-9.615507795e-14	-3.199643111e-13	4.525920048e-13	7.130999237e-13	3.658565074e-13	3.230539335e-13	3.585469129e-13	-2.825874156e-13	-5.267429427e-14	-3.260681993e-13	-1.437804771e-13	2.780660169e-14	-1.764099040e-13	-1.584750227e-13	-5.094109145e-13	-8.381165963e-13	-8.730820792e-13	-7.866480084e-13	-4.911746066e-13	-2.186849813e-13	-3.176282551e-13	-5.734640620e-13	-7.944097427e-13	-6.011953071e-13	-9.111371845e-13	-5.886107475e-13	-5.721829991e-13	-8.177703024e-13	-9.322370449e-13	-5.609548591e-13	-7.767762880e-13	-7.048860495e-13	-7.179981055e-13	-5.630648451e-13	-3.866549412e-13	-3.025569263e-13	-3.042901291e-13	-7.140042034e-13	-2.886159471e-14	-1.793488131e-13	-1.352651763e-13	-1.033139591e-13	-7.852162321e-14	-2.635221846e-13	-5.892889573e-13	-3.267464091e-13	-5.161176558e-13	-3.325488707e-13	4.672111938e-14	-7.279451826e-14	-3.492026890e-13	-5.953174888e-15	3.482984093e-13	-6.140059366e-13	3.239582132e-13	4.327732074e-13	5.084312781e-13	6.861976017e-13	1.673324426e-10	2.387298487e-13	-1.312712741e-13	-2.051207854e-13	-2.712839190e-13	1.338334000e-13	-4.694718931e-14	-3.420438078e-13	3.805510530e-14	-3.672882836e-13	-3.852985216e-13	-6.188287618e-13	7.708984697e-14	1.038414556e-13	-8.861941353e-14	-7.942590294e-14	7.648699382e-14	3.873331510e-14	1.409169246e-14	1.467193862e-13	4.537977111e-13	2.201167576e-13	3.817567593e-13	7.482914765e-14	-2.382023522e-13	-1.565157499e-13	-1.676685333e-13	-1.556114702e-13	1.594546590e-13	-1.406154980e-13	-5.990853211e-14	-2.476972893e-13	1.341348266e-13	-1.080614277e-13	-2.217746038e-13	-5.388000057e-14	-3.362413462e-13	-5.086573481e-13	-1.590778758e-13	-3.441537939e-13	1.127335397e-13	4.168729555e-13	3.954716685e-13	4.085083680e-13	-3.392556120e-13	-2.615629119e-13	-2.473205061e-13	3.511619618e-14	-1.292366447e-13	2.421962543e-13	2.431005341e-13	-1.330798336e-13	3.305895979e-13	-6.770040911e-13	6.864990283e-14	-4.536469978e-13	-3.250132063e-13	-2.705303525e-14	-8.260595333e-13	-1.299902112e-13	3.850724516e-14	-3.987873609e-13	-3.620886752e-13	-3.395570386e-13	-1.819862956e-13	-6.754969582e-13	4.006712770e-13	5.900425238e-14	2.198153310e-13	1.142406725e-13	-6.827311961e-14	4.071519484e-13	3.057972620e-13	5.762522579e-13	6.974257417e-13	7.038310564e-13	1.044443088e-13	6.473135733e-13	4.920788863e-14	1.546318338e-13	1.296134280e-13	3.021801431e-14	1.990168972e-13	1.676685333e-13	3.886895706e-13	2.351127298e-13	4.306632214e-13	5.265922294e-13	5.815272230e-13	4.103169274e-13	4.932845927e-13	3.561355003e-13	2.253917227e-13	6.154377128e-13	4.103922841e-13	2.167257086e-13	-1.229066866e-13	-2.470944362e-13	2.424976809e-13	-4.556062706e-13	-2.073061281e-13	1.721145753e-13	-5.112194740e-13	-7.148331265e-13	-4.189075849e-13	-5.104659075e-13	-4.438506341e-13	-7.371386932e-13	-4.676633336e-13	-7.497986094e-13	-3.785164236e-13	-2.909520031e-13	2.763328141e-13	-6.684134337e-14	-7.611021060e-15	-4.227507737e-14	-3.123532900e-13	4.370685361e-14	1.217009803e-13	-1.067803648e-13	-3.596019059e-13	-9.329152547e-14	1.779170369e-13	-3.668361438e-13	-8.666014078e-15	-6.395518390e-13	-3.470173463e-13	-3.109215138e-13	-3.100925907e-13	-9.661475347e-13	-8.570311140e-13	-4.712804526e-13	-7.158881195e-14	-6.357840068e-13	-3.203410943e-13	-1.834934285e-13	-8.858173521e-13	-2.158214289e-13	2.140882261e-13	1.207967006e-13	-1.385055120e-13	-3.907242000e-13	-3.732414585e-13	-1.311205608e-14	-4.005205637e-13	-3.014265766e-14	6.149855730e-13	2.366952193e-13	3.925327594e-13	8.244016871e-14	7.809209034e-13	1.201712404e-12	-8.846870024e-14	2.356402263e-13	7.822019664e-13	9.715732131e-13	7.402283156e-13	5.152887327e-13
1.957388832e-12	1.898987433e-12	1.773367907e-12	1.913079125e-12	1.794392411e-12	1.242781775e-12	1.909462006e-12	2.061983854e-12	1.641870563e-12	1.286036489e-12	1.368778084e-12	1.448957554e-12	1.566513919e-12	1.213392684e-12	1.640664857e-12	1.110455508e-12	1.454760015e-12	1.210303062e-12	1.526424184e-12	1.096665242e-12	8.514547223e-13	1.094329186e-12	1.451444323e-12	1.591080185e-12	1.328763706e-12	1.077524655e-12	1.146777411e-12	5.758754747e-13	6.878554479e-13	1.429816966e-12	1.208720572e-12	1.046929857e-12	1.342704686e-12	1.169309047e-12	1.144516711e-12	1.394474700e-12	1.227484377e-12	1.327256574e-12	1.318590559e-12	1.426727344e-12	1.638856297e-12	1.480004491e-12	1.738402424e-12	1.780677501e-12	1.657695458e-12	1.574049583e-12	9.577075906e-13	1.401332155e-12	1.426275204e-12	1.234869328e-12	1.388973665e-12	1.764927963e-12	1.540214450e-12	1.493417974e-12	1.122889355e-12	1.806976970e-12	2.002150679e-12	1.461165330e-12	1.440366896e-12	1.261922363e-12	1.346246448e-12	1.769976858e-12	1.469303848e-12	1.323413385e-12	2.029580497e-12	1.239240013e-12	1.266519118e-12	1.399900379e-12	8.983265550e-13	1.355289245e-12	1.538255177e-12	1.466591009e-12	1.142482082e-12	1.535090198e-12	1.133062502e-12	1.328386923e-12	1.153936292e-12	1.397715036e-12	1.461165330e-12	1.503515764e-12	1.183325383e-12	1.087999228e-12	1.687461333e-12	1.509393582e-12	1.452348603e-12	1.484601247e-12	1.370737357e-12	9.478358702e-13	1.432831232e-12	1.328236210e-12	1.606980437e-12	1.339162923e-12	1.954449923e-12	1.831864256e-10	1.081819984e-12	1.083251760e-12	7.940329595e-13	8.344241208e-13	9.559743878e-13	1.465988155e-12	9.573308074e-13	9.396219960e-13	1.205329523e-12	1.185510726e-12	1.036982780e-12	1.205706307e-12	1.148058474e-12	9.220638979e-13	1.464631736e-12	1.743828102e-12	6.993850144e-13	1.289276825e-12	1.184455733e-12	1.683241361e-12	1.420849526e-12	1.833653222e-12	1.447299708e-12	1.538707317e-12	1.668622172e-12	1.123040068e-12	1.529363093e-12	9.862677587e-13	1.339615063e-12	1.681282088e-12	1.794090984e-12	2.189788723e-12	1.954449923e-12	1.929431517e-12	2.097853617e-12	1.489198002e-12	1.167123705e-12	1.904413111e-12	1.437578701e-12	1.207816293e-12	1.270136237e-12	1.399372882e-12	1.325448014e-12	1.866282649e-12	1.630190283e-12	1.140598166e-12	9.610986396e-13	1.389425805e-12	1.000058025e-12	8.057885960e-13	1.123718278e-12	1.367873805e-12	6.800937135e-13	9.050332963e-13	1.154991285e-12	5.837125656e-13	7.070713921e-13	9.676546676e-13	1.193347817e-12	9.552208213e-13	1.015807563e-12	9.553715346e-13	1.661990787e-12	1.525670618e-12	1.460261050e-12	1.019801465e-12	1.212639118e-12	9.445955345e-13	1.375108043e-12	1.666662899e-12	1.740060270e-12	1.942317503e-12	1.185435369e-12	1.001263731e-12	9.046565131e-13	1.094329186e-12	1.622729975e-12	1.857691992e-12	1.858068775e-12	1.743149893e-12	1.530644156e-12	1.963794147e-12	1.564177863e-12	1.222435482e-12	1.636972381e-12	1.414896351e-12	1.220174782e-12	1.579173835e-12	1.076846445e-12	9.956873393e-13	1.099528795e-12	1.407511400e-12	1.023870724e-12	9.590640102e-13	1.146325271e-12	1.386788322e-12	1.410751735e-12	8.887562612e-13	1.099227368e-12	1.256421328e-12	1.452951456e-12	1.201184908e-12	1.012793297e-12	9.794103041e-13	1.699216969e-12	1.387089749e-12	1.166671565e-12	1.399146812e-12	7.589921200e-13	1.533658422e-12	1.478723428e-12	1.428460547e-12	1.628080297e-12	1.708711906e-12	1.469529918e-12	1.459206057e-12	1.410977805e-12	1.270136237e-12	1.215125887e-12	1.043237382e-12	1.042709885e-12	1.162074810e-12	1.120101159e-12	9.926730735e-13	1.132233578e-12	1.152203089e-12	9.909398707e-13	1.438709050e-12	1.383547987e-12	1.499974002e-12	1.897480300e-12	1.754905529e-12	2.244346933e-12	1.877209363e-12	1.957690259e-12	1.729208913e-12	1.769374005e-12	1.667341109e-12	2.110814959e-12	7.738373789e-13	1.260565943e-12	1.221003705e-12	1.623332828e-12	1.348582504e-12	1.354158896e-12	1.059891200e-12	1.454081806e-12	1.001113018e-12	1.493493331e-12	1.245720685e-12	1.782335348e-12	1.919936580e-12	1.598389779e-12	9.346484575e-13	1.433886225e-12	1.254612769e-12	1.305704573e-12
9.624550592e-13	9.659968215e-13	9.128703873e-13	9.245506672e-13	6.251587199e-13	8.726299393e-13	7.088799516e-13	1.623031402e-12	1.724009305e-12	1.141351732e-12	1.103598054e-12	1.359358504e-12	1.522430282e-12	1.188675705e-12	1.014375787e-12	1.462446393e-12	1.022137521e-12	8.577846804e-13	1.107968739e-12	1.043689522e-12	1.263655566e-12	9.665996746e-13	1.046176291e-12	1.299826755e-12	1.006086556e-12	1.139166390e-12	1.660182227e-12	1.257777748e-12	8.736849324e-13	9.908645140e-13	5.973521182e-13	8.940312263e-13	1.067276151e-12	1.034571368e-12	1.205555593e-12	9.031493802e-13	6.996864410e-13	9.834042063e-13	7.703709732e-13	7.292262455e-13	7.894362042e-13	3.696243396e-13	6.372157830e-13	7.883058545e-13	1.087697802e-12	7.551489311e-13	9.379641498e-13	7.267394763e-13	1.033365661e-12	1.095987033e-12	8.967440655e-13	6.814501331e-13	4.797203967e-13	6.880061612e-13	8.118171275e-13	7.146070565e-13	5.739162019e-13	8.953876459e-13	1.551442590e-12	1.088300655e-12	1.146551341e-12	1.228011873e-12	8.118924842e-13	7.406804554e-13	6.693177134e-13	5.291543553e-13	1.360940993e-13	1.267574111e-12	6.924522032e-13	7.166416859e-13	8.439944146e-13	5.306614882e-13	7.586153367e-13	5.431706911e-13	6.302829717e-13	8.072203722e-13	9.565772409e-13	6.923014899e-13	7.580878402e-13	4.260664661e-13	3.370702693e-13	6.773808743e-13	1.618660717e-13	1.400880015e-13	1.684974563e-13	2.700028560e-13	-4.604290958e-14	3.272739056e-13	3.385020456e-13	4.521398649e-13	8.658478414e-14	5.046634459e-13	1.184003593e-12	1.511737928e-10	1.020555032e-12	2.361677228e-13	2.533490377e-13	2.635975413e-13	1.517682813e-13	2.805527862e-13	7.693913368e-14	3.820581859e-13	8.621553658e-13	1.264107706e-12	6.228980206e-13	6.359347200e-13	7.361590568e-13	8.004382742e-13	3.063247585e-13	7.671306375e-14	4.431724243e-13	3.954716685e-13	4.088097946e-13	2.930619891e-13	-4.129544100e-14	-1.446094001e-13	4.488241726e-13	7.172445391e-13	3.878606475e-13	7.400022456e-13	3.124286467e-13	1.144667425e-13	4.354860466e-13	3.986366476e-14	-3.555326471e-13	5.579405933e-13	7.267394763e-13	6.757983848e-13	5.502542156e-13	5.883846776e-13	7.347272805e-14	9.849113391e-14	-6.978025249e-14	4.303617948e-13	7.814483999e-14	2.896709401e-13	5.583927332e-14	5.857471950e-13	4.260664661e-13	6.562056573e-13	6.076006218e-13	6.748941051e-13	5.751219082e-13	8.628335756e-14	6.225212374e-13	6.513828321e-13	7.164156160e-13	8.944833662e-13	6.236515870e-13	8.182224423e-13	9.978726819e-13	1.252578139e-12	6.478410698e-13	7.614035326e-13	6.375172096e-13	1.135247844e-12	8.943326529e-13	9.020190306e-13	4.468648999e-13	1.348808574e-12	5.956189154e-13	1.068783284e-12	6.889104409e-13	6.582402867e-13	8.519068622e-13	3.378238358e-13	2.085871910e-13	9.146035901e-13	1.012491871e-12	3.479969827e-13	1.335319734e-13	3.919299063e-13	5.052662991e-13	1.073229326e-12	5.776840341e-13	5.632909151e-13	4.742193617e-13	1.070817913e-12	9.366077302e-13	1.049642696e-12	4.666836973e-13	3.960745217e-13	2.631454014e-13	5.874050412e-13	5.546249010e-13	2.778399470e-13	7.427150848e-13	8.436929880e-13	4.966002850e-13	5.865007615e-13	3.571151367e-13	1.913305195e-13	1.000736234e-13	3.762557243e-13	5.493499359e-13	4.476184663e-13	4.675126204e-13	5.864254048e-13	3.752760879e-13	3.412148847e-13	5.725597823e-13	5.640444815e-13	2.856770380e-13	8.395483726e-13	4.743700750e-13	5.879325377e-13	1.853019880e-13	9.185221356e-13	1.763345473e-13	1.015053997e-12	6.479917831e-13	8.770759814e-13	8.184485122e-13	6.201851814e-13	7.253077000e-13	1.155744851e-12	4.259911094e-13	1.271718727e-12	7.135520635e-13	2.770863806e-13	1.117312963e-12	1.016711843e-12	6.280222724e-13	1.123642921e-12	1.042408459e-12	7.702202599e-13	1.159814110e-12	1.132610362e-12	1.013923647e-12	1.078202865e-12	1.088752795e-12	1.171192963e-12	1.068557214e-12	1.013019367e-12	1.509016799e-12	1.383246560e-12	1.493342617e-12	1.388295455e-12	1.210755202e-12	1.445867931e-12	1.155066642e-12	9.876995350e-13	4.463374033e-13	5.924539364e-13	2.764835274e-13	5.507817121e-13	7.157374062e-13	6.997617976e-13	8.646421351e-13	8.875505549e-13	5.143090964e-13
7.532650150e-13	4.644983546e-13	7.749677285e-13	3.180803950e-13	3.984105777e-13	-1.180085048e-13	1.511654282e-13	2.492797789e-13	-1.241877496e-13	4.299850116e-13	6.922261332e-13	8.795627506e-13	3.427220176e-13	2.956241150e-13	1.633732045e-13	6.093338247e-13	2.635975413e-13	3.013512200e-13	3.615611787e-13	1.785952467e-14	1.400126448e-13	7.539432248e-13	1.051978752e-13	6.217676709e-13	8.662999812e-13	8.262102465e-13	6.431689579e-13	4.131051233e-13	1.613385751e-13	7.326172945e-13	7.203341615e-13	4.974292081e-13	8.100839247e-14	2.091900442e-13	2.508622684e-13	6.498756992e-13	8.370616033e-13	5.060952222e-13	6.999125109e-13	6.012706637e-13	8.922980235e-13	3.086608145e-13	7.310348050e-13	8.611757294e-13	3.692475564e-13	7.456539939e-13	1.228539370e-12	7.589921200e-13	7.910186937e-13	9.390944995e-13	7.696174068e-13	9.407523457e-13	6.528146083e-13	6.020995868e-13	7.110652943e-13	9.999073113e-13	4.580930398e-13	4.421174313e-13	6.614052658e-13	4.271214591e-13	1.412183512e-13	4.577916133e-13	6.041342162e-13	6.006678106e-13	8.398497991e-13	5.269690126e-13	1.069310781e-13	5.820547195e-13	1.037660990e-13	3.479969827e-13	5.578652367e-13	4.137833331e-13	4.153658226e-13	-7.038310564e-14	-1.002243367e-14	-1.914812328e-13	2.869581010e-13	2.865059611e-13	2.706810658e-13	4.509341586e-13	4.032334029e-13	-3.941152489e-14	7.583892668e-13	9.057115061e-13	2.859031079e-13	3.637465213e-13	2.270495688e-13	3.477709128e-13	-4.197365080e-14	3.538748010e-13	3.195875279e-13	5.369914463e-13	5.399303554e-13	1.338645977e-10	6.637413217e-13	2.737706882e-13	3.580947730e-13	2.220760303e-13	5.033823830e-13	3.093390243e-13	2.540272475e-13	4.974292081e-13	6.465600069e-13	5.620852088e-13	1.719638620e-13	6.198837548e-13	5.211665510e-13	1.274280853e-13	2.904245066e-13	3.165732621e-13	6.641934616e-13	8.576339672e-13	6.908697136e-13	4.690951099e-13	-9.645650452e-15	5.134801733e-13	4.173250953e-13	1.050320906e-12	3.027829962e-13	9.273388630e-13	1.917826594e-13	3.813046194e-13	8.112142744e-13	6.863483150e-13	5.510831387e-13	7.391733225e-13	4.193597247e-13	5.288529287e-13	6.215416010e-13	6.280976291e-13	8.192774353e-13	6.497249859e-13	5.251604531e-13	4.950931521e-13	4.212436408e-13	9.645650452e-14	6.919247067e-13	2.662350238e-13	8.798641772e-13	7.161141894e-13	5.502542156e-13	2.770110239e-13	3.755021578e-13	2.164996387e-13	2.997687305e-13	-7.068453222e-14	5.085819914e-13	4.920788863e-13	5.650241179e-13	1.321001972e-13	3.684939899e-13	7.614788892e-13	3.055711921e-13	3.675897102e-13	2.643511077e-13	6.938086228e-13	7.994586379e-13	3.534980177e-13	9.353266673e-13	8.011918407e-13	6.343522305e-13	9.093286251e-13	2.938155556e-13	3.458869967e-13	7.207109447e-13	4.832621590e-13	2.494304922e-13	4.063230253e-13	3.388034721e-13	5.874803979e-13	6.681873637e-13	3.259174860e-13	1.682713864e-13	1.889944635e-13	2.675914434e-13	-9.638114788e-14	4.082069414e-13	6.706741330e-14	7.465582737e-13	3.479969827e-13	4.403842285e-13	2.135607295e-13	4.792682568e-14	1.073078613e-13	8.650942749e-14	-2.629946881e-14	1.395605050e-13	-7.415093785e-14	4.244086199e-13	5.932828595e-13	8.510779391e-13	7.803934069e-13	2.761821008e-13	5.189812083e-13	4.549280608e-13	5.131787467e-13	6.909450703e-13	7.080510285e-13	6.540203146e-13	1.775402536e-13	5.703744396e-13	-4.370685361e-13	-9.510008493e-14	5.871036146e-13	7.493464695e-13	4.564351937e-13	5.183783552e-13	1.174885439e-12	3.956977385e-13	4.352599767e-13	3.648768710e-13	6.435457411e-13	2.073061281e-13	5.162683691e-13	2.694753595e-13	1.363955259e-13	9.216117580e-14	2.099436106e-13	3.939645357e-13	2.455873033e-13	3.177036118e-13	1.528986310e-13	-4.270461024e-13	4.886124807e-13	1.996197504e-13	1.565157499e-13	-1.128088963e-13	-2.064772050e-13	1.582489527e-15	1.454383232e-14	-1.623935682e-13	-3.534226611e-14	6.345029438e-14	-1.718131487e-14	1.102467704e-13	5.730872788e-13	4.501052356e-13	7.739127355e-14	8.174688758e-13	8.160370996e-13	2.233570933e-13	5.534191947e-13	4.558323405e-13	8.932023032e-13	9.261331567e-14	-1.160492320e-14	4.030073330e-13	1.602835821e-13	1.194402810e-13	4.932845927e-13	8.317112816e-13
-1.360940993e-13	-1.110756935e-13	-1.797255963e-13	-6.540956713e-14	1.185360013e-13	8.666014078e-14	-1.657846171e-13	-1.809313026e-13	-4.541744943e-13	-2.635975413e-13	-2.105464638e-13	-4.477691796e-13	-9.310313386e-13	-5.237286769e-13	-4.112212072e-13	-3.350356399e-13	-2.387298487e-13	-2.710578490e-13	-6.477657132e-13	-4.388770956e-13	-5.870282580e-13	4.875574877e-14	-6.528146083e-13	-4.411377949e-13	4.694718931e-14	-4.659301308e-13	-2.047440022e-13	1.355666028e-13	-5.312643413e-14	6.058674190e-14	-6.736883988e-14	3.602047591e-14	3.119011502e-13	2.284059884e-13	-1.081367844e-13	4.393292354e-14	9.457258842e-14	1.321001972e-13	-1.574953863e-13	-1.945708552e-13	-3.463391365e-13	-2.676668000e-13	5.048895159e-14	1.281062951e-15	-6.782097974e-16	3.648768710e-13	5.292297119e-13	2.752778211e-13	3.611843954e-13	2.649539609e-13	1.611125052e-13	1.488293722e-13	1.591532325e-13	6.681873637e-13	1.165013719e-13	4.086590813e-13	3.805510530e-13	-4.089605078e-13	-3.452087869e-13	1.632224912e-13	-3.777628572e-13	1.325523371e-13	-5.644212647e-14	-1.096439172e-13	-4.317935710e-14	-2.743735414e-13	5.197347748e-13	2.254670793e-13	2.499579887e-13	-2.957748283e-13	-3.256160594e-13	-4.137079764e-13	-3.383513323e-14	-2.034629392e-14	-4.659301308e-13	-4.068505218e-13	1.122813998e-14	-1.448354701e-13	-5.312643413e-14	3.368441994e-13	4.966002850e-14	-3.669868570e-14	-1.118292599e-13	-1.689495962e-13	2.970558913e-13	5.223722573e-13	7.053381893e-13	7.340490707e-13	2.596036391e-13	-1.092671340e-14	2.195892611e-13	8.702938834e-13	5.474660198e-13	1.068170635e-10	4.473923964e-13	1.822123656e-13	5.166451523e-13	3.873331510e-13	6.907943570e-13	4.788161170e-13	1.782938201e-13	1.505625750e-13	2.345098766e-13	3.301374581e-13	5.154394460e-13	2.837177653e-13	1.466440295e-13	6.358593634e-13	8.563529042e-13	5.924539364e-13	5.090341313e-13	6.880061612e-14	-3.187586048e-14	-1.394097917e-13	-9.600436466e-14	-2.392573452e-13	2.121289533e-13	-2.694000029e-13	-7.309594483e-14	-4.122008435e-13	3.685693466e-13	-5.071502152e-14	-1.400880015e-13	2.749010379e-13	4.066998085e-13	8.488925964e-13	6.667555875e-13	6.451282306e-13	4.809261030e-13	6.508553356e-13	4.368424662e-13	9.721007096e-13	8.873244850e-13	6.647963148e-13	8.130228338e-13	1.412334225e-12	7.492711129e-13	6.305843983e-13	6.507799789e-13	7.725563159e-13	7.085785250e-13	4.956960053e-13	8.756442051e-13	8.819741632e-13	9.018683173e-13	9.641882620e-13	7.971225819e-13	8.571064706e-13	7.039064131e-13	1.138111397e-12	3.934370391e-13	6.118959506e-13	8.485158132e-13	7.885319245e-13	6.881568744e-13	9.045811565e-13	7.030021333e-13	8.052610995e-13	6.453543006e-13	5.265168727e-13	1.395605050e-13	6.926029165e-13	7.987050714e-13	9.694632271e-13	7.402283156e-13	4.226754171e-13	8.852898556e-13	2.589254293e-13	3.428727309e-13	3.323981574e-13	4.647244245e-13	9.580843738e-13	2.837931219e-13	1.695524494e-13	5.972014049e-13	1.004579423e-12	6.704480631e-13	1.101940208e-12	1.058760850e-12	1.147154194e-12	4.031580462e-13	7.362344134e-13	9.800131573e-13	7.822019664e-13	1.205329523e-12	8.580861070e-13	1.036982780e-12	8.123446240e-13	9.256810168e-13	9.496444297e-13	6.229733773e-13	6.799430002e-13	8.243263304e-13	3.790439201e-13	2.307420444e-13	1.785952467e-13	-2.231310234e-13	-3.029337095e-14	1.521450646e-13	1.620167849e-13	1.757316942e-13	-4.122008435e-14	2.240353031e-13	2.461147998e-13	1.431776239e-14	4.679647602e-14	5.115209005e-13	4.453577670e-13	5.820547195e-13	8.488172398e-13	5.158915859e-13	4.819057394e-13	5.571870269e-13	7.417354484e-13	6.287004822e-13	5.639691249e-13	4.718833057e-13	6.624602588e-13	5.662298242e-13	4.037608994e-13	8.337459110e-13	7.803180503e-13	3.718096823e-13	4.638201448e-13	1.816095124e-13	8.842348625e-13	7.461061338e-13	6.534928181e-13	5.565841737e-13	2.682696532e-14	2.333795270e-13	1.748274144e-14	7.366865533e-13	8.972715620e-13	6.946375458e-13	5.608795025e-13	5.751972649e-13	7.944850994e-13	7.387965393e-13	6.712769862e-13	2.785935135e-13	2.692492896e-13	8.414322887e-13	5.786636705e-13	5.066980753e-13	2.259945758e-13	6.326943843e-13	-4.106937107e-14	-1.114524767e-13	9.638114788e-14	2.870334576e-13
7.903404839e-13	9.635854088e-13	1.343156825e-12	1.108044096e-12	1.335771874e-12	1.420020603e-12	8.250798969e-13	1.475784519e-12	1.402085721e-12	1.213317328e-12	1.252879566e-12	1.180537187e-12	6.195069716e-13	6.949389724e-13	2.346605899e-13	4.305878647e-13	6.499510559e-13	1.065241522e-12	1.037887060e-12	1.032386025e-12	9.963655491e-13	6.663788043e-13	1.185661439e-12	1.424692714e-12	1.589497695e-12	1.456342505e-12	1.402613218e-12	9.703675068e-13	1.482189834e-12	9.838563461e-13	8.904141074e-13	1.229066866e-12	1.256421328e-12	1.501707205e-12	1.547825471e-12	1.187243929e-12	1.433509442e-12	1.781280355e-12	1.035400291e-12	1.377368742e-12	9.436158981e-13	1.045874864e-12	1.330647623e-12	1.286790056e-12	1.642774843e-12	1.455890365e-12	1.173001523e-12	9.967423323e-13	1.099453438e-12	8.182224423e-13	1.490705135e-12	1.363955259e-12	1.393570420e-12	9.266606532e-13	7.682609872e-13	9.574815207e-13	6.409836152e-13	1.094329186e-12	7.888333510e-13	8.282448759e-13	6.033052931e-13	9.703675068e-13	6.360100767e-13	4.892906905e-13	1.389576518e-13	8.640392819e-13	1.562896800e-12	1.462597106e-12	1.378875875e-12	1.324468378e-12	1.092445270e-12	1.139166390e-12	1.241802139e-12	1.438935120e-12	1.339765776e-12	1.383171204e-12	1.265539482e-12	1.408943176e-12	1.342478616e-12	1.042785242e-12	1.416478840e-12	1.693489864e-12	1.538782674e-12	1.470660267e-12	1.717603990e-12	1.429063400e-12	1.259284881e-12	1.114750837e-12	1.110304795e-12	1.524917051e-12	1.220777635e-12	1.022137521e-12	1.982482594e-12	9.577430082e-11	2.179690932e-12	1.644131262e-12	1.878188999e-12	1.557621835e-12	1.249337803e-12	1.925211545e-12	1.845860999e-12	1.604116884e-12	1.965225923e-12	1.787308886e-12	1.487841582e-12	1.717679347e-12	1.888964999e-12	1.872989391e-12	1.832146089e-12	1.404421777e-12	1.290331818e-12	1.758974788e-12	1.384678336e-12	1.415273134e-12	1.898158510e-12	1.468098141e-12	1.379177301e-12	1.474277386e-12	1.204048460e-12	1.133514641e-12	1.315048797e-12	1.278124042e-12	1.335093665e-12	1.957539545e-12	1.857315209e-12	1.762667263e-12	7.087292383e-13	9.708950033e-13	8.364587501e-13	6.131770135e-13	1.653098703e-12	1.487690869e-12	1.099905578e-12	8.954630025e-13	1.242178922e-12	1.404873917e-12	1.228614726e-12	7.735359523e-13	1.155669495e-12	6.705987764e-13	9.233449609e-13	9.717239264e-13	1.565458926e-12	1.202390614e-12	1.177447565e-12	8.137010436e-13	9.218378280e-13	3.617118920e-13	7.540939381e-13	1.128465746e-12	1.061624403e-12	1.127486110e-12	1.089732431e-12	1.452047176e-12	1.134268208e-12	8.647174917e-13	1.013546864e-12	9.499458563e-13	1.616249304e-12	1.476613442e-12	1.322659818e-12	1.444737582e-12	1.135172488e-12	1.194101383e-12	9.637361221e-13	9.246260238e-13	1.571035317e-12	1.410374952e-12	1.047984850e-12	1.357097805e-12	1.439311903e-12	1.103145914e-12	7.531143017e-13	1.433735512e-12	1.222586195e-12	1.650084437e-12	8.898112542e-13	1.083251760e-12	1.196060656e-12	1.555210422e-12	1.184681803e-12	8.390962327e-13	9.368338002e-13	9.579336605e-13	1.080011424e-12	1.380458364e-12	1.577289919e-12	1.481059484e-12	1.511503569e-12	1.295983566e-12	1.364181329e-12	1.506002533e-12	1.526424184e-12	1.388898308e-12	1.878490426e-12	1.463802813e-12	1.519642086e-12	1.674650703e-12	1.253557776e-12	1.525595261e-12	1.112791564e-12	9.057115061e-13	1.227107593e-12	1.535240911e-12	1.665833976e-12	1.024322864e-12	1.375108043e-12	1.233286838e-12	1.922574062e-12	1.985421504e-12	1.506530030e-12	1.157628768e-12	1.254612769e-12	1.486485163e-12	1.311582392e-12	1.229745076e-12	1.050773046e-12	1.717151850e-12	9.545426115e-13	1.099980935e-12	6.904929304e-13	1.297942839e-12	5.253865231e-13	8.206338549e-13	6.221444542e-13	8.666767645e-13	6.152116429e-13	8.201817150e-13	6.820529863e-13	9.179192825e-13	8.159617429e-13	7.858190853e-13	1.424843428e-12	8.377398131e-13	9.494937164e-13	1.147681691e-12	8.195788619e-13	6.116698806e-13	3.448320037e-13	3.284042552e-13	2.693246462e-13	2.369212892e-13	7.298290987e-13	1.018068263e-13	6.855947485e-13	2.053468553e-13	6.904929304e-13	5.582420199e-13	4.323210675e-13	2.306666878e-13	3.704532627e-13
7.776052111e-13	1.080840347e-12	1.354987819e-12	7.106131544e-13	9.906384441e-13	1.045950221e-12	7.271162595e-13	1.129596096e-12	1.134946418e-12	4.626144385e-13	4.381235291e-13	1.002620151e-12	4.221479206e-13	4.105429974e-13	1.004504067e-12	1.226354027e-12	1.607734003e-12	1.226881524e-12	1.625593528e-12	1.428837330e-12	1.816019768e-12	1.008121186e-12	1.306684210e-12	8.444465544e-13	1.066522585e-12	7.401529589e-13	1.067426864e-12	1.267800181e-12	7.626092389e-13	5.785129572e-13	4.745207883e-13	1.235321468e-12	4.082822980e-13	6.237269437e-13	1.169158334e-12	1.192142111e-12	1.331024406e-12	1.225374391e-12	1.550915093e-12	9.829520664e-13	1.264710559e-12	1.087245662e-12	1.276993692e-12	1.368702728e-12	1.135549271e-12	1.360865637e-12	7.835583860e-13	1.000434808e-12	8.391715893e-13	9.617768494e-13	1.383246560e-12	1.388295455e-12	1.014149717e-12	1.292969300e-12	3.860520880e-13	6.268919227e-13	7.563546374e-13	9.100068348e-13	1.087999228e-12	8.116664142e-13	1.027412486e-12	9.623797025e-13	1.072325046e-12	1.032235312e-12	1.449485050e-12	1.731846396e-12	1.380307651e-12	1.399523595e-12	1.137282474e-12	1.282193300e-12	1.534185918e-12	1.422130589e-12	1.913154482e-12	1.649783011e-12	1.480230561e-12	1.331024406e-12	1.143009579e-12	1.545564772e-12	6.893625808e-13	1.331627259e-12	6.225965940e-13	1.228614726e-12	9.241738839e-13	5.880832510e-13	8.312591417e-13	1.265991622e-12	1.385130476e-12	8.042061065e-13	8.923733801e-13	1.280384741e-12	9.980987519e-13	1.198396712e-12	2.509828390e-12	6.553209703e-11	1.758824075e-12	1.689571319e-12	1.006689409e-12	1.269005888e-12	1.357776014e-12	1.169158334e-12	9.507747793e-13	9.150557300e-13	1.126506474e-12	1.199828488e-12	1.372319847e-12	9.182960657e-13	6.757983848e-13	8.103099946e-13	3.268971224e-13	3.084347445e-13	8.230452675e-13	1.192368181e-12	1.173453663e-12	8.739863589e-13	1.142557439e-12	7.906419105e-13	4.590726762e-13	1.030878892e-12	1.017842193e-12	8.976483452e-13	1.140748879e-12	1.558601471e-12	1.252578139e-12	1.245871398e-12	8.225177710e-13	1.158457691e-12	1.190861048e-12	1.373374840e-12	1.297867482e-12	1.224545468e-12	1.347828937e-12	2.014283098e-12	1.681357444e-12	8.577846804e-13	1.588744129e-12	1.825816131e-12	1.234115761e-12	1.480004491e-12	1.316028434e-12	8.200310017e-13	1.642398059e-12	1.061624403e-12	1.370285217e-12	1.384000127e-12	9.392452128e-13	1.530644156e-12	1.865076943e-12	1.211885551e-12	1.526424184e-12	2.052338204e-12	1.663648633e-12	9.974205421e-13	1.400653945e-12	1.546242981e-12	1.513086058e-12	1.451444323e-12	1.241651426e-12	1.118744739e-12	1.439161190e-12	1.866358006e-12	1.174885439e-12	1.198924209e-12	1.365688462e-12	7.759473649e-13	1.129972879e-12	1.139166390e-12	7.983282882e-13	1.563198226e-12	1.099001298e-12	1.395002197e-12	8.101592813e-13	9.620029193e-13	7.815991132e-13	1.372244490e-13	5.828836426e-13	9.401494925e-13	1.048361634e-12	8.751920652e-13	6.965214619e-13	5.945639224e-13	9.011147508e-13	2.541026041e-13	5.619344955e-13	5.800200901e-13	6.823544128e-13	3.562108569e-13	5.220708307e-13	5.344293204e-13	2.811556394e-13	5.472399499e-13	9.828767097e-13	4.250868297e-13	1.005408346e-12	1.140673523e-12	7.948618826e-13	1.276315482e-12	9.733817726e-13	1.069160067e-12	1.125752907e-12	7.298290987e-13	8.375137432e-13	-4.792682568e-14	-2.380516389e-13	5.257633063e-13	8.169413793e-13	6.657759511e-13	3.999177105e-13	9.445201779e-13	7.017964270e-13	1.071345410e-12	1.000510164e-12	4.282518087e-13	6.722566225e-13	3.315692343e-14	-9.607972130e-14	5.987085378e-13	2.454365900e-13	3.631436682e-13	5.954682021e-13	2.894448702e-13	7.429411548e-13	5.935089294e-13	8.721777995e-13	7.516071688e-13	6.408329019e-13	7.531896584e-13	5.085819914e-13	5.305861315e-13	4.222986339e-13	2.540272475e-13	2.441555271e-13	5.345046770e-13	2.822859890e-13	6.740651820e-13	4.544759209e-13	5.316411245e-13	5.194333482e-13	8.760963450e-13	9.825752832e-13	7.541692947e-13	1.159964824e-12	1.266669832e-12	1.318590559e-12	1.640589500e-12	6.458064404e-13	7.812976866e-13	4.964495717e-13	5.303600616e-13	8.265870298e-13	4.269707458e-13	1.177447565e-12
5.644966214e-12	6.187081912e-12	6.595364210e-12	7.191435265e-12	6.571702224e-12	6.939744074e-12	7.175535013e-12	7.448778205e-12	8.157432087e-12	9.156510475e-12	9.662681054e-12	9.450250674e-12	9.712265726e-12	1.053621527e-11	1.070154775e-11	1.106393785e-11	1.103763838e-11	1.088978865e-11	1.176693999e-11	1.220528958e-11	1.320482011e-11	1.190461657e-11	1.298560763e-11	1.256134973e-11	1.163159945e-11	1.248011527e-11	1.331303225e-11	1.322607069e-11	1.417729761e-11	1.517426601e-11	1.371061391e-11	1.455046371e-11	1.495181319e-11	1.466892435e-11	1.426478667e-11	1.454353090e-11	1.515188508e-11	1.516740855e-11	1.433479299e-11	1.449138410e-11	1.475008346e-11	1.491986198e-11	1.469951915e-11	1.452845957e-11	1.503372587e-11	1.550432811e-11	1.502837554e-11	1.516153073e-11	1.509747759e-11	1.582278529e-11	1.517931490e-11	1.571803955e-11	1.656120504e-11	1.627047911e-11	1.469914237e-11	1.488873968e-11	1.499423898e-11	1.494910035e-11	1.628148118e-11	1.571826562e-11	1.602052112e-11	1.634236935e-11	1.598759027e-11	1.675894088e-11	1.616219161e-11	1.573785835e-11	1.571999882e-11	1.643091341e-11	1.678998781e-11	1.809403454e-11	1.845077290e-11	1.690641383e-11	1.823043007e-11	1.792041283e-11	1.810511197e-11	1.826810839e-11	1.826268271e-11	1.858000954e-11	1.827112266e-11	1.826758089e-11	1.850947572e-11	1.865137228e-11	1.811287370e-11	1.867804853e-11	1.827752797e-11	1.820533631e-11	1.828483756e-11	1.830088853e-11	1.831287024e-11	1.878543175e-11	1.892778045e-11	1.964984782e-11	1.700222227e-10	8.195826297e-11	2.067997314e-11	1.920833324e-11	1.892371119e-11	1.791355538e-11	1.785960002e-11	1.809011600e-11	1.849086263e-11	1.813080858e-11	1.801280008e-11	1.859696479e-11	1.826381306e-11	1.858551058e-11	1.873644993e-11	1.834165647e-11	1.883087181e-11	1.834316361e-11	1.822726509e-11	1.796020114e-11	1.838943259e-11	1.808039499e-11	1.769863823e-11	1.793028455e-11	1.849146548e-11	1.832877049e-11	1.835831029e-11	1.842371986e-11	1.827805547e-11	1.841083387e-11	1.799381021e-11	1.839425541e-11	1.827391085e-11	1.820073955e-11	1.804542951e-11	1.803292030e-11	1.835680316e-11	1.878347248e-11	1.847466095e-11	1.838069122e-11	1.883546856e-11	1.779479331e-11	1.836878487e-11	1.823796573e-11	1.840111287e-11	1.800436014e-11	1.815341558e-11	1.838023908e-11	1.823133435e-11	1.827308193e-11	1.781875672e-11	1.823668467e-11	1.879718739e-11	1.796743538e-11	1.859244339e-11	1.831422666e-11	1.823600646e-11	1.837059343e-11	1.836705166e-11	1.805002626e-11	1.795289155e-11	1.811475762e-11	1.763775006e-11	1.810224842e-11	1.824180892e-11	1.819651958e-11	1.779290939e-11	1.830412887e-11	1.800511370e-11	1.806223404e-11	1.780572002e-11	1.760994346e-11	1.824045250e-11	1.796660646e-11	1.831400059e-11	1.820284954e-11	1.778205804e-11	1.854888725e-11	1.795763902e-11	1.853102772e-11	1.872439287e-11	1.837782766e-11	1.895649133e-11	1.865046800e-11	1.861331718e-11	1.873516887e-11	1.827798011e-11	1.802146609e-11	1.875197340e-11	1.835770744e-11	1.838754867e-11	1.866493648e-11	1.742539504e-11	1.850766716e-11	1.895634062e-11	1.906342241e-11	1.874097133e-11	1.944902236e-11	1.984509688e-11	1.935791618e-11	1.907668518e-11	1.884458672e-11	1.905852423e-11	1.947064972e-11	1.954924670e-11	1.871421972e-11	1.840910067e-11	1.938625028e-11	1.907781553e-11	1.891112663e-11	1.968142225e-11	1.941601615e-11	1.995707686e-11	1.915332289e-11	1.923380378e-11	1.994260838e-11	1.941164547e-11	1.991337000e-11	1.935776546e-11	1.957486796e-11	1.907510269e-11	1.947064972e-11	1.917088099e-11	1.922189744e-11	1.938225637e-11	1.883471500e-11	1.997561459e-11	1.919198085e-11	1.923493413e-11	1.947780860e-11	1.930516653e-11	1.948685140e-11	1.981013140e-11	1.926183646e-11	2.005504049e-11	1.924766941e-11	1.901715343e-11	1.906183992e-11	1.856433536e-11	1.862929279e-11	1.875340518e-11	1.944751523e-11	1.901557094e-11	1.918610303e-11	1.900313710e-11	1.925791791e-11	1.853321306e-11	1.933478169e-11	1.927246174e-11	1.917140848e-11	1.931805251e-11	1.937667998e-11	1.923968160e-11	1.901933878e-11	1.935671047e-11	1.979536150e-11	1.958338326e-11	1.962995366e-11	1.891120199e-11
2.078200604e-11	1.974276256e-11	2.068713202e-11	2.022383938e-11	2.052925985e-11	2.044455899e-11	2.083302249e-11	2.153534641e-11	2.135893651e-11	2.093543217e-11	2.067356783e-11	2.033943647e-11	2.036957913e-11	2.101576235e-11	2.065178976e-11	2.083671496e-11	2.118832906e-11	2.080709980e-11	2.107378697e-11	2.166511055e-11	2.107273197e-11	2.088064789e-11	2.048653264e-11	2.023182718e-11	2.076286545e-11	2.074372486e-11	2.055812145e-11	2.008985526e-11	2.088584749e-11	2.065382439e-11	2.002866567e-11	2.089993919e-11	2.125999323e-11	2.091719586e-11	2.104010255e-11	2.096889052e-11	2.078087569e-11	2.062594243e-11	2.128109309e-11	2.148757030e-11	2.153911424e-11	2.152954395e-11	2.136142328e-11	2.205523190e-11	2.173865864e-11	2.209441735e-11	2.175463425e-11	2.142773712e-11	2.206849467e-11	2.155554199e-11	2.206352113e-11	2.231460947e-11	2.165546490e-11	2.209728091e-11	2.222410614e-11	2.188982406e-11	2.204490804e-11	2.173232868e-11	2.203202205e-11	2.143858848e-11	2.177204163e-11	2.129767156e-11	2.184001332e-11	2.190602574e-11	2.184875469e-11	2.163692717e-11	2.169080717e-11	2.202659637e-11	2.249652041e-11	2.267006676e-11	2.215161305e-11	2.214965377e-11	2.169073181e-11	2.231347912e-11	2.187475274e-11	2.187919878e-11	2.150723838e-11	2.152080258e-11	2.120174255e-11	2.160279061e-11	2.151597975e-11	2.196013181e-11	2.187106026e-11	2.177060985e-11	2.152992073e-11	2.192998916e-11	2.146571687e-11	2.180301321e-11	2.186895027e-11	2.196555749e-11	2.263570413e-11	2.401495679e-11	1.464970841e-10	7.831303602e-11	2.442143053e-11	2.273690810e-11	2.325332718e-11	2.252334737e-11	2.215681266e-11	2.196721534e-11	2.222199615e-11	2.213488387e-11	2.183353265e-11	2.200398938e-11	2.265348830e-11	2.218107749e-11	2.222139330e-11	2.217617931e-11	2.209245808e-11	2.185681785e-11	2.195530899e-11	2.203835201e-11	2.245469747e-11	2.219840952e-11	2.232628975e-11	2.241784807e-11	2.208130530e-11	2.210541942e-11	2.250247358e-11	2.160256454e-11	2.144755592e-11	2.149374954e-11	2.209856197e-11	2.202290390e-11	1.229315543e-11	1.177515386e-11	1.174855296e-11	1.215193708e-11	1.244974654e-11	1.259661664e-11	1.247792992e-11	1.223837115e-11	1.211026486e-11	1.209813244e-11	1.277943186e-11	1.226753417e-11	1.112731279e-11	1.129339883e-11	1.137825041e-11	1.113861629e-11	1.119829875e-11	1.111495430e-11	1.128171855e-11	1.106800711e-11	1.123424387e-11	1.155978457e-11	1.094932040e-11	1.053387922e-11	1.106401321e-11	1.085904314e-11	1.163800477e-11	1.119897696e-11	1.165074004e-11	1.145956023e-11	1.185284656e-11	1.144629746e-11	1.129671453e-11	1.156551168e-11	1.137727078e-11	1.272125653e-11	1.232548343e-11	1.239993580e-11	1.222111448e-11	1.218170295e-11	1.219639750e-11	1.267302827e-11	1.228946296e-11	1.300188467e-11	1.262660858e-11	1.266722581e-11	1.232367487e-11	1.223663795e-11	1.210061921e-11	1.070041740e-11	1.116197685e-11	1.146038916e-11	1.122836605e-11	1.124923984e-11	1.143996751e-11	1.111231682e-11	1.132761075e-11	1.086590059e-11	1.107893382e-11	1.121095866e-11	1.079973746e-11	1.041820677e-11	1.080689634e-11	1.080712241e-11	1.125037019e-11	1.268169429e-11	1.215374564e-11	1.259623985e-11	1.279118749e-11	1.247009283e-11	1.241689104e-11	1.244213552e-11	1.227808410e-11	1.229993753e-11	1.257182430e-11	1.256730290e-11	1.271711191e-11	1.258900562e-11	1.237981557e-11	1.200077165e-11	1.211486161e-11	1.218803291e-11	1.237883594e-11	1.262773893e-11	1.241568533e-11	1.333330319e-11	1.315365295e-11	1.300791320e-11	1.258704634e-11	1.297483163e-11	1.258772455e-11	1.341092053e-11	1.263060248e-11	1.312870990e-11	1.286880484e-11	1.292102699e-11	1.224063185e-11	1.202059045e-11	1.270769233e-11	1.261794257e-11	1.255162872e-11	1.174184622e-11	1.247785457e-11	1.214010609e-11	1.241817210e-11	1.235946928e-11	1.256067152e-11	1.184320091e-11	1.159354435e-11	1.123703206e-11	1.140658451e-11	1.153175190e-11	1.135247844e-11	1.138126468e-11	1.134403850e-11	1.192164718e-11	1.204711599e-11	1.181132505e-11	1.159640790e-11	1.203249680e-11	1.180944113e-11	1.157259520e-11	1.193950670e-11	1.205239095e-11	1.207597758e-11	1.202013831e-11	1.216972125e-11
1.443275663e-11	1.447420278e-11	1.454194841e-11	1.377933917e-11	1.355078247e-11	1.421919590e-11	1.414037285e-11	1.332584288e-11	1.403630532e-11	1.423999433e-11	1.372365061e-11	1.371694387e-11	1.396004440e-11	1.428739366e-11	1.385718258e-11	1.350767847e-11	1.362681732e-11	1.336894688e-11	1.379832904e-11	1.380511114e-11	1.438121268e-11	1.441263640e-11	1.400149055e-11	1.400043556e-11	1.356796378e-11	1.407142152e-11	1.400789587e-11	1.384060412e-11	1.375537575e-11	1.329615237e-11	1.327414823e-11	1.313835555e-11	1.374437368e-11	1.365695998e-11	1.375560182e-11	1.417714689e-11	1.344332389e-11	1.349569676e-11	1.337482470e-11	1.407051724e-11	1.378868339e-11	1.354091075e-11	1.394165738e-11	1.331770437e-11	1.343232182e-11	1.359042006e-11	1.404075137e-11	1.387067142e-11	1.386976714e-11	1.423298617e-11	1.452499316e-11	1.425710029e-11	1.385100334e-11	1.388318062e-11	1.390051265e-11	1.430525319e-11	1.443780552e-11	1.400834801e-11	1.448068345e-11	1.389237413e-11	1.345884736e-11	1.364618398e-11	1.314121910e-11	1.367798448e-11	1.300738570e-11	1.368695192e-11	1.329313810e-11	1.416591875e-11	1.376796031e-11	1.382304602e-11	1.398800172e-11	1.388905844e-11	1.404044994e-11	1.402515254e-11	1.397511573e-11	1.415740345e-11	1.419786997e-11	1.431957095e-11	1.404971881e-11	1.387994029e-11	1.418912860e-11	1.391807075e-11	1.436184603e-11	1.466990399e-11	1.370330431e-11	1.412183512e-11	1.383706236e-11	1.440427182e-11	1.436259959e-11	1.375801324e-11	1.422763584e-11	1.516462036e-11	2.113362014e-11	6.672936339e-11	1.773676869e-11	1.519581801e-11	1.473252536e-11	1.471911188e-11	1.436757313e-11	1.446764676e-11	1.443622303e-11	1.473832782e-11	1.413916714e-11	1.449085660e-11	1.393525206e-11	1.395808513e-11	1.401784295e-11	1.382636171e-11	1.443170164e-11	1.443546947e-11	1.385364082e-11	1.428370119e-11	1.440743680e-11	1.388498918e-11	1.362704339e-11	1.363126336e-11	1.400638874e-11	1.366909240e-11	1.408197145e-11	1.390096479e-11	1.404519741e-11	1.426335489e-11	1.405235629e-11	1.357806157e-11	1.395092625e-11	1.436870348e-11	1.228735297e-11	1.276601837e-11	1.302841021e-11	1.284529356e-11	1.292487018e-11	1.327588143e-11	1.436727171e-11	1.442039814e-11	1.437654057e-11	1.453637201e-11	1.365492535e-11	1.398845385e-11	1.374927187e-11	1.349268249e-11	1.437164239e-11	1.415582096e-11	1.379915796e-11	1.406215265e-11	1.414843601e-11	1.438151411e-11	1.433976653e-11	1.395951690e-11	1.467321968e-11	1.500260357e-11	1.491647093e-11	1.485362349e-11	1.461527042e-11	1.449876905e-11	1.489145252e-11	1.525316441e-11	1.475543378e-11	1.441308854e-11	1.395914012e-11	1.420796776e-11	1.422462158e-11	1.408242359e-11	1.436079103e-11	1.451768357e-11	1.451670393e-11	1.465641515e-11	1.440163433e-11	1.473403249e-11	1.494849750e-11	1.481104698e-11	1.481669873e-11	1.458964916e-11	1.458829274e-11	1.470155378e-11	1.501880525e-11	1.438641229e-11	1.472988788e-11	1.476975154e-11	1.493591294e-11	1.472657218e-11	1.434647327e-11	1.441323926e-11	1.488406757e-11	1.413969464e-11	1.463260245e-11	1.445589112e-11	1.445212329e-11	1.480886164e-11	1.445905610e-11	1.520373046e-11	1.477871898e-11	1.502053845e-11	1.487736083e-11	1.480200419e-11	1.421972340e-11	1.453056955e-11	1.439342046e-11	1.401060871e-11	1.471911188e-11	1.466440295e-11	1.451881392e-11	1.413494717e-11	1.477382080e-11	1.425446281e-11	1.473727283e-11	1.452672636e-11	1.510787680e-11	1.456478147e-11	1.535075127e-11	1.490870919e-11	1.485068458e-11	1.500200072e-11	1.549166819e-11	1.467540502e-11	1.436817598e-11	1.485377420e-11	1.462687534e-11	1.460230908e-11	1.407277794e-11	1.451248396e-11	1.422997190e-11	1.453328239e-11	1.475498164e-11	1.441941850e-11	1.434353436e-11	1.474066388e-11	1.457781817e-11	1.472853146e-11	1.468859244e-11	1.454526410e-11	1.453614594e-11	1.478843999e-11	1.455905436e-11	1.418754611e-11	1.448987697e-11	1.468670852e-11	1.479966813e-11	1.414873744e-11	1.501081745e-11	1.450766113e-11	1.437254667e-11	1.310120473e-11	1.377873631e-11	1.338379214e-11	1.383359595e-11	1.439161190e-11	1.394188345e-11	1.415529347e-11	1.450185867e-11	1.518172632e-11	1.498383977e-11
1.812259471e-11	1.817813256e-11	1.809802844e-11	1.807670251e-11	1.872974319e-11	1.828943432e-11	1.891225698e-11	1.832311874e-11	1.834519824e-11	1.861248825e-11	1.877812216e-11	1.846064462e-11	1.886636479e-11	1.898550364e-11	1.896176630e-11	1.886937905e-11	1.869530521e-11	1.854127623e-11	1.874255382e-11	1.872944177e-11	1.854511941e-11	1.902084591e-11	1.844587471e-11	1.820028741e-11	1.863705452e-11	1.849990543e-11	1.948112429e-11	1.873320960e-11	1.876372904e-11	1.860600758e-11	1.953349716e-11	1.883705105e-11	1.882371293e-11	1.850043292e-11	1.873712814e-11	1.993198309e-11	1.936379400e-11	1.878143785e-11	1.966039775e-11	1.991276715e-11	1.929009520e-11	2.016317728e-11	2.038434903e-11	2.053219876e-11	2.020628128e-11	1.952859898e-11	1.978963439e-11	2.005782869e-11	1.921247785e-11	1.984494617e-11	2.044666897e-11	1.980726785e-11	1.943364961e-11	1.988820088e-11	1.915957749e-11	1.906613525e-11	1.968549151e-11	1.962445263e-11	1.926658393e-11	1.991743926e-11	1.979958147e-11	2.018156430e-11	2.042217806e-11	1.973944687e-11	1.932965744e-11	1.994630086e-11	2.005858226e-11	1.983356732e-11	1.990010723e-11	2.024094533e-11	2.012700609e-11	2.014433812e-11	1.982731271e-11	1.986016821e-11	1.992716027e-11	2.039384397e-11	1.967509229e-11	2.034780106e-11	2.075683692e-11	2.038985006e-11	2.088366215e-11	2.022964184e-11	1.994803406e-11	2.016649297e-11	1.990847182e-11	2.085427306e-11	2.055555932e-11	2.061109717e-11	2.074364951e-11	2.164499033e-11	2.119179547e-11	2.259990972e-11	1.045124312e-10	7.067511264e-11	2.601936816e-11	2.301437127e-11	2.205402619e-11	2.144732985e-11	2.095020207e-11	2.155079452e-11	2.054380369e-11	2.075872084e-11	2.022180475e-11	2.057507669e-11	2.012911607e-11	2.048592978e-11	2.094100856e-11	2.068245991e-11	2.122208884e-11	2.063408095e-11	2.039452217e-11	1.974705789e-11	2.026099020e-11	2.042775445e-11	2.059323765e-11	2.095140778e-11	2.027666438e-11	2.025157062e-11	2.029964816e-11	2.005986332e-11	2.051320889e-11	2.015526483e-11	2.024727529e-11	2.043001515e-11	2.008706707e-11	2.002640497e-11	2.014494097e-11	2.041946522e-11	2.015270270e-11	1.991367143e-11	2.043559155e-11	2.009143775e-11	2.041961594e-11	1.929582230e-11	1.962603512e-11	1.934209128e-11	1.917201134e-11	1.955052776e-11	2.051456531e-11	1.975406606e-11	1.984683009e-11	2.020952161e-11	1.992821526e-11	1.945520161e-11	1.953334645e-11	1.949303064e-11	1.953063361e-11	1.974781145e-11	1.989106444e-11	1.995609722e-11	1.958587003e-11	1.988925588e-11	2.022059904e-11	1.960990880e-11	2.009490416e-11	2.054719474e-11	2.028600861e-11	2.057161029e-11	1.964728569e-11	2.004833375e-11	2.016732189e-11	2.055390148e-11	2.062549029e-11	2.040431854e-11	2.023325896e-11	2.013190427e-11	2.027462975e-11	2.025428346e-11	2.061961247e-11	2.053461018e-11	2.059173051e-11	2.047756520e-11	2.029648318e-11	2.032120016e-11	2.045661605e-11	2.069971658e-11	2.020432200e-11	1.994434158e-11	2.093407575e-11	1.980869962e-11	2.022263367e-11	2.046498064e-11	2.048065482e-11	2.033875826e-11	1.983070376e-11	2.032089873e-11	1.981427601e-11	2.030055244e-11	2.088418965e-11	2.019633420e-11	2.025390668e-11	2.060642506e-11	2.069255770e-11	1.983401946e-11	1.984502153e-11	1.992105638e-11	2.019633420e-11	1.993032525e-11	1.963605755e-11	1.968903327e-11	2.006476150e-11	1.978066695e-11	1.975218214e-11	2.035857706e-11	1.972527982e-11	2.046000710e-11	2.038781543e-11	2.059391586e-11	2.011509974e-11	1.993168167e-11	2.052722523e-11	2.061275502e-11	1.957418975e-11	2.038985006e-11	2.047168738e-11	2.096595161e-11	2.012338897e-11	2.072616677e-11	1.985157755e-11	2.037643658e-11	2.017063759e-11	2.056030679e-11	2.090272738e-11	2.081056621e-11	2.072518713e-11	2.092593723e-11	2.083761924e-11	2.096045057e-11	2.081260084e-11	2.086557656e-11	2.098418792e-11	2.031713090e-11	2.140806904e-11	2.125637611e-11	2.048917012e-11	2.050944106e-11	2.092322439e-11	2.053717230e-11	2.098441399e-11	2.116489315e-11	2.063988341e-11	2.135690188e-11	2.066716251e-11	2.056188928e-11	2.112005594e-11	2.098237936e-11	2.062330495e-11	2.114281365e-11	2.135320940e-11	2.062330495e-11	2.107069734e-11
3.392895225e-11	3.010603433e-11	2.951682073e-11	3.255407028e-11	3.191150417e-11	2.985811097e-11	3.259393394e-11	1.300258549e-10	1.246400402e-10	1.324785629e-10	1.333520971e-10	1.191037382e-10	1.255987274e-10	8.280112703e-11	1.062258152e-10	1.026138959e-10	1.316421795e-10	1.248523198e-10	1.300623275e-10	1.302911856e-10	8.785077576e-11	1.316149004e-10	1.321910773e-10	1.322298106e-10	1.312608749e-10	2.544017700e-11	1.331010842e-10	1.321653053e-10	1.290864589e-10	1.230569478e-10	1.318929664e-10	1.049666811e-10	2.472248032e-11	2.543738880e-11	1.244246709e-10	1.131622436e-10	1.314540140e-10	1.272259034e-10	1.328277656e-10	1.342307556e-10	5.302771693e-11	4.676158590e-11	4.306948712e-11	4.824565965e-11	4.161352139e-11	1.333835209e-10	1.310745933e-10	1.247481769e-10	1.130880173e-10	1.218507140e-10	1.037985777e-10	8.941555647e-11	1.080625581e-10	4.203408682e-11	4.854979906e-11	4.789969729e-11	1.285139745e-10	1.093394011e-10	7.272918405e-11	1.304943471e-10	1.311171698e-10	8.482354865e-11	4.492258235e-11	4.497864769e-11	1.247413948e-10	1.299593149e-10	1.290519456e-10	2.713344079e-11	1.312541682e-10	1.312955390e-10	1.292262455e-10	7.872433259e-11	1.298016688e-10	1.282289003e-10	1.281330467e-10	1.280405087e-10	1.155894811e-10	1.272760909e-10	1.273176878e-10	1.244741048e-10	1.234258939e-10	4.240808185e-11	1.535438346e-10	1.687032553e-10	1.697709083e-10	1.691798107e-10	1.675126204e-10	1.479311210e-10	9.975787910e-11	7.382645214e-11	9.829746734e-11	1.133558348e-10	8.553589501e-11	7.730777839e-11	4.983040987e-11	5.884555128e-11	7.671713301e-11	8.829658567e-11	1.214130426e-10	1.326750930e-10	1.323291307e-10	1.298482393e-10	1.311781333e-10	1.351006727e-10	1.344938257e-10	1.352059459e-10	1.349829656e-10	1.339142577e-10	1.353548507e-10	1.328606965e-10	1.358187462e-10	1.365392310e-10	1.331741801e-10	1.348580243e-10	1.349100958e-10	1.346675981e-10	1.336026580e-10	1.351837157e-10	1.300521543e-10	1.328801385e-10	1.325617567e-10	1.167850143e-10	1.337619619e-10	1.326264880e-10	1.351296850e-10	1.332071110e-10	1.354947126e-10	1.339300072e-10	1.340144067e-10	1.354883826e-10	1.320005004e-10	1.366736673e-10	9.226675046e-11	1.302364767e-10	1.332634024e-10	1.310894385e-10	3.486804675e-11	2.900341592e-11	1.353382722e-10	2.958403886e-11	1.352316426e-10	1.341263113e-10	1.327890323e-10	1.316757886e-10	1.365919807e-10	1.290832940e-10	1.389685032e-10	3.161874361e-11	4.975806749e-11	3.121995625e-11	3.167714501e-11	1.371138255e-10	1.364641005e-10	1.377801289e-10	3.170562982e-11	1.387830505e-10	1.375664928e-10	1.387021174e-10	1.372728280e-10	1.400777530e-10	1.392632230e-10	1.393175552e-10	1.391122083e-10	1.408364437e-10	1.370723793e-10	1.333279830e-10	1.339620338e-10	1.350979599e-10	1.365643248e-10	1.373041010e-10	1.374573010e-10	1.368622850e-10	1.358158073e-10	1.371367339e-10	1.372417057e-10	1.352577160e-10	1.371844346e-10	1.367888876e-10	1.361451912e-10	1.354159649e-10	1.381227002e-10	1.337782390e-10	8.982436627e-11	1.331535324e-10	1.326150338e-10	1.311764755e-10	1.317332857e-10	1.320133110e-10	1.298660988e-10	1.304935936e-10	1.313505493e-10	1.325984553e-10	1.318613920e-10	1.315359267e-10	1.325443493e-10	1.310571859e-10	1.283523345e-10	1.313902623e-10	1.304028642e-10	1.305486793e-10	1.214789796e-10	1.369442730e-10	1.327162378e-10	1.341933787e-10	1.310898907e-10	1.301403970e-10	1.250257908e-10	1.304223062e-10	1.336273750e-10	1.359128666e-10	1.336475705e-10	1.356711979e-10	1.335247392e-10	1.349452120e-10	1.359038992e-10	1.356431652e-10	1.353590706e-10	1.349279553e-10	1.350604323e-10	1.348287106e-10	8.935052369e-11	1.348725681e-10	1.355752689e-10	1.354679610e-10	1.331550395e-10	1.351571902e-10	1.354403051e-10	1.363261225e-10	1.359143738e-10	1.323304118e-10	1.357773000e-10	2.973972569e-11	1.360118099e-10	1.339087567e-10	1.318255222e-10	1.341325659e-10	1.325883575e-10	1.349079104e-10	1.347437083e-10	1.352687180e-10	2.991530667e-11	6.054883751e-11	1.349997702e-10	1.362040447e-10	1.360038974e-10	3.008840088e-11	1.339096609e-10	1.342467312e-10	1.333486307e-10	1.328996558e-10	1.364115769e-10
1.349825135e-10	1.344122144e-10	6.077091354e-11	1.337254140e-10	1.340734863e-10	1.328373359e-10	9.247646800e-11	1.082616503e-10	1.350963774e-10	5.065036552e-11	7.035816259e-11	1.336536744e-10	1.331162308e-10	1.351291575e-10	1.343829760e-10	8.510666356e-11	1.349229064e-10	1.344953328e-10	1.322910756e-10	1.343239718e-10	1.329364299e-10	1.333022110e-10	1.349507130e-10	4.037043819e-11	1.329382384e-10	5.646563775e-11	1.343226907e-10	1.331160801e-10	1.330317560e-10	1.320356919e-10	3.992734112e-11	1.337665587e-10	1.349666132e-10	1.342884034e-10	1.322065254e-10	1.339193820e-10	1.344085219e-10	3.968130168e-11	4.111179686e-11	1.346219319e-10	1.327907655e-10	1.339172720e-10	1.324108173e-10	3.992327186e-11	1.084666204e-10	1.333980647e-10	1.324149619e-10	1.329330388e-10	1.339787630e-10	1.336563873e-10	1.330509720e-10	5.718446478e-11	1.319084145e-10	1.324120984e-10	1.319986165e-10	1.316541612e-10	1.315323849e-10	1.319014817e-10	1.342233707e-10	1.336767336e-10	3.991234515e-11	1.333945229e-10	1.336948945e-10	1.331154019e-10	1.334618918e-10	1.339330215e-10	1.322916784e-10	1.346306733e-10	1.329193993e-10	1.317644080e-10	1.312917711e-10	9.683200668e-11	1.319614656e-10	1.328687596e-10	1.314153560e-10	1.324862493e-10	1.332405693e-10	1.317611677e-10	1.350310432e-10	1.443818984e-10	1.580968830e-10	1.681040947e-10	1.754283837e-10	1.753891229e-10	1.738881692e-10	1.704927496e-10	1.639246645e-10	7.709263517e-11	1.477767152e-10	1.340280462e-10	1.221262179e-10	1.055522022e-10	9.489210059e-11	1.129348173e-10	7.551835952e-11	7.706995282e-11	4.001106236e-11	1.290934671e-10	1.323487988e-10	1.322955216e-10	1.333009300e-10	1.315032219e-10	1.344330128e-10	1.327201563e-10	1.334605353e-10	1.339974514e-10	4.804822524e-11	1.349291610e-10	1.330426074e-10	1.329081711e-10	1.300290198e-10	1.317965853e-10	1.308023297e-10	1.283763733e-10	1.292812559e-10	1.297117684e-10	1.316789536e-10	1.342531365e-10	1.188674198e-10	1.346623231e-10	1.354115942e-10	1.324463856e-10	1.339091335e-10	1.341624825e-10	1.327398998e-10	1.360833987e-10	1.359279379e-10	1.353560564e-10	1.353725595e-10	1.349024094e-10	1.341196799e-10	1.339025774e-10	1.339916490e-10	1.346221580e-10	1.334153967e-10	1.347334598e-10	1.352288544e-10	1.333559403e-10	1.350605076e-10	1.324538459e-10	1.330188701e-10	1.348825152e-10	1.348410691e-10	1.334293377e-10	1.328904623e-10	1.334975355e-10	1.356240246e-10	1.342592404e-10	1.334572950e-10	1.257284915e-10	1.347370015e-10	1.337880353e-10	1.352061720e-10	1.354283988e-10	1.302037719e-10	1.336535991e-10	1.347654110e-10	1.320188874e-10	1.339634656e-10	1.364607848e-10	1.336902978e-10	1.354319405e-10	1.331102023e-10	1.354174720e-10	1.352182291e-10	9.542396778e-11	3.607480805e-11	3.573555244e-11	4.784694764e-11	3.678979189e-11	1.336346092e-10	1.344657176e-10	1.329315317e-10	1.334747778e-10	3.639288844e-11	3.602062662e-11	1.342297006e-10	3.730440241e-11	1.340188527e-10	1.347820648e-10	1.340715270e-10	4.663717208e-11	1.347842502e-10	1.344030209e-10	1.353499525e-10	1.354490465e-10	1.326940076e-10	1.346102517e-10	1.353275716e-10	1.344188458e-10	1.351093387e-10	1.340473375e-10	1.356780553e-10	1.326068199e-10	1.343582591e-10	1.344838786e-10	1.337019780e-10	1.358311047e-10	3.628836878e-11	1.332330336e-10	1.360650870e-10	1.334343112e-10	3.780107805e-11	1.359710419e-10	3.835027727e-11	3.745089573e-11	1.338685162e-10	1.341875763e-10	1.347580260e-10	1.335034886e-10	1.327035025e-10	1.330326603e-10	3.800092387e-11	1.345388136e-10	1.345269826e-10	1.348275802e-10	1.353263659e-10	3.922298257e-11	3.853595605e-11	3.873572651e-11	1.348181606e-10	1.355825031e-10	1.339826815e-10	1.012455700e-10	1.235118758e-10	1.319853537e-10	3.824960080e-11	1.327131482e-10	1.370290492e-10	1.363457905e-10	1.387871951e-10	1.408179813e-10	1.401772991e-10	1.399875511e-10	1.391954020e-10	1.407832419e-10	1.399621559e-10	1.407998203e-10	8.420132884e-11	1.404100004e-10	1.379762822e-10	1.391300678e-10	1.412179744e-10	1.395044396e-10	1.411558805e-10	1.402396944e-10	1.385859175e-10	1.371910660e-10	1.382339266e-10	1.388975172e-10	1.378076341e-10
1.455717045e-10	1.441967472e-10	1.457392223e-10	1.487574066e-10	1.465183346e-10	1.394504089e-10	1.399723290e-10	1.437027844e-10	1.415395212e-10	1.406876143e-10	1.412430681e-10	1.478559904e-10	1.472239743e-10	1.462628756e-10	1.435176331e-10	1.426494492e-10	1.409374216e-10	1.413882050e-10	1.417525544e-10	1.430662468e-10	1.439447545e-10	1.441381197e-10	1.431034730e-10	1.217595324e-10	1.384320392e-10	1.506852556e-10	1.475984214e-10	1.472398745e-10	1.410909231e-10	1.408837677e-10	1.413337222e-10	1.490915380e-10	1.468586453e-10	1.448687024e-10	1.487367589e-10	1.464997216e-10	1.450097700e-10	1.491907073e-10	6.275625969e-11	1.461277612e-10	1.478783714e-10	1.498168457e-10	1.514374657e-10	1.509014539e-10	1.505114832e-10	1.496595764e-10	1.526789664e-10	1.516482382e-10	1.509996436e-10	1.494006509e-10	1.498122489e-10	1.503478839e-10	1.488496431e-10	1.511504322e-10	1.489471546e-10	1.518242713e-10	7.429690367e-11	1.529916965e-10	1.538885159e-10	1.541971767e-10	1.526317178e-10	1.546061372e-10	1.536484296e-10	1.537544564e-10	1.526190578e-10	8.883320033e-11	1.466754533e-10	1.472838828e-10	1.501098323e-10	1.599973776e-10	1.582471442e-10	1.597942914e-10	1.640472697e-10	1.709189667e-10	1.770859284e-10	1.833127986e-10	1.878052603e-10	1.920112161e-10	1.916971296e-10	1.898606128e-10	1.880915402e-10	1.842167770e-10	1.665485828e-10	1.765998027e-10	1.704674297e-10	1.640144896e-10	1.542717798e-10	1.501141276e-10	1.389767924e-10	1.319445857e-10	1.505227867e-10	1.548667205e-10	1.548743315e-10	1.549007063e-10	1.552557868e-10	1.566725671e-10	1.569510099e-10	1.562515495e-10	1.543519592e-10	1.548698101e-10	1.565191410e-10	1.580246914e-10	1.572760231e-10	1.575379628e-10	1.551747031e-10	1.568829628e-10	1.535575495e-10	1.542261136e-10	1.563097249e-10	1.569400078e-10	1.582496309e-10	1.598872062e-10	1.608913335e-10	1.609783704e-10	1.596754540e-10	1.601194554e-10	1.569984092e-10	1.578734506e-10	1.591903833e-10	1.600421394e-10	1.572881555e-10	1.571999882e-10	1.567161986e-10	1.574449727e-10	1.583287554e-10	1.575454231e-10	1.585957440e-10	1.608675208e-10	1.606633043e-10	1.608564433e-10	1.577477557e-10	1.586597218e-10	1.549348429e-10	1.518155299e-10	1.576302747e-10	1.521399403e-10	1.566409173e-10	1.580662129e-10	1.587386202e-10	1.581859546e-10	1.587275428e-10	1.580760846e-10	1.597569899e-10	1.579650089e-10	1.561955595e-10	1.556097370e-10	1.563175619e-10	1.583514378e-10	1.608935942e-10	1.612314180e-10	1.577441386e-10	1.586164671e-10	1.576837779e-10	1.582546798e-10	1.621704371e-10	1.587705714e-10	1.581268750e-10	1.584929575e-10	1.593150985e-10	1.592547379e-10	1.555158426e-10	1.606349702e-10	1.601630868e-10	1.617956885e-10	1.618050328e-10	1.591400450e-10	1.589964906e-10	1.591113342e-10	1.575216858e-10	1.554326489e-10	1.572820516e-10	1.578327580e-10	1.611400857e-10	1.606969887e-10	1.577204012e-10	1.610615641e-10	1.598111713e-10	1.567840949e-10	1.591141977e-10	1.601572090e-10	1.614494248e-10	1.595181093e-10	1.586015465e-10	1.601426652e-10	1.564177109e-10	1.618509250e-10	1.654339827e-10	1.643402563e-10	1.693211798e-10	1.654660846e-10	1.679144220e-10	1.670746475e-10	1.598334015e-10	1.745751204e-10	1.733508764e-10	1.777278917e-10	1.744711282e-10	1.749514515e-10	1.699460371e-10	1.714595753e-10	1.705124176e-10	1.734409275e-10	1.731460570e-10	1.748178442e-10	1.740735466e-10	1.751916131e-10	1.742377487e-10	1.751735275e-10	1.759554281e-10	1.785446070e-10	1.769823130e-10	1.775448504e-10	1.788678116e-10	1.803934069e-10	1.790136267e-10	1.761606996e-10	1.769792988e-10	1.743381238e-10	1.753912329e-10	1.757673379e-10	1.747920722e-10	1.722425308e-10	1.734736323e-10	1.729038607e-10	1.764045537e-10	1.745006680e-10	1.767224833e-10	1.243825465e-10	1.755405144e-10	1.762859423e-10	1.751776721e-10	1.717437452e-10	1.724167554e-10	1.741683452e-10	1.726380025e-10	1.755981622e-10	1.782199706e-10	1.791260589e-10	1.764633318e-10	1.780128152e-10	1.770948959e-10	1.795549889e-10	1.798391588e-10	1.774688909e-10	1.766252733e-10	1.754359947e-10	1.752965096e-10	1.756848977e-10	1.743779874e-10	1.724372524e-10	1.729119239e-10
2.000289370e-10	2.016032126e-10	2.018512113e-10	2.022163896e-10	2.018032091e-10	2.031418446e-10	2.027609167e-10	2.027355969e-10	2.044241886e-10	2.019224233e-10	2.016764593e-10	2.013154256e-10	2.027644585e-10	2.023104347e-10	2.022121696e-10	2.047327740e-10	2.040400958e-10	2.030541294e-10	2.012148998e-10	2.056946262e-10	2.053492667e-10	2.043670682e-10	2.029279824e-10	2.022098336e-10	2.018767572e-10	2.043984920e-10	2.024070419e-10	2.046692484e-10	2.036530640e-10	2.034841144e-10	2.061173770e-10	2.045031623e-10	2.042396402e-10	2.012129405e-10	2.021782592e-10	2.029557890e-10	2.050770032e-10	2.050534166e-10	2.018436757e-10	2.013344908e-10	2.030398870e-10	2.006914726e-10	2.034986583e-10	2.023072697e-10	2.031190869e-10	2.013132402e-10	2.040423565e-10	2.030714615e-10	2.045280300e-10	2.049792656e-10	2.046243358e-10	2.065435942e-10	2.053653931e-10	2.052029995e-10	2.064298057e-10	2.071412477e-10	2.061613853e-10	1.742385023e-10	2.051321643e-10	2.037095815e-10	1.957797265e-10	1.885098450e-10	1.834403774e-10	1.395399326e-10	2.094162648e-10	2.175146173e-10	2.187901792e-10	2.225566550e-10	2.242713954e-10	2.250238315e-10	2.232319259e-10	2.234011769e-10	2.226727796e-10	2.189798519e-10	2.166149343e-10	2.124245774e-10	2.109169924e-10	2.066447228e-10	2.022036543e-10	1.981536869e-10	1.937980728e-10	1.891639406e-10	1.857830648e-10	1.830229016e-10	1.783904273e-10	1.719213608e-10	1.725994953e-10	1.792543159e-10	1.826351917e-10	1.941652104e-10	1.997372314e-10	1.999907311e-10	2.013390122e-10	2.028898519e-10	2.032833643e-10	2.028332591e-10	2.066547452e-10	2.069521026e-10	2.060026842e-10	2.049286260e-10	2.085195208e-10	2.037456774e-10	2.095239495e-10	2.081593160e-10	2.076314427e-10	2.080173441e-10	2.094851408e-10	2.072004027e-10	2.080895358e-10	2.076398073e-10	2.076474183e-10	2.097449705e-10	2.091643476e-10	2.080267637e-10	2.090641232e-10	2.069500679e-10	2.070261028e-10	2.078204372e-10	2.069854856e-10	2.076324977e-10	2.106583684e-10	2.088446093e-10	2.071749322e-10	2.057757853e-10	2.088580228e-10	2.096367584e-10	2.058227325e-10	2.108145827e-10	2.089846220e-10	2.095547703e-10	2.077370927e-10	2.072108773e-10	2.080902893e-10	2.087577985e-10	2.083224631e-10	2.068395951e-10	2.091751989e-10	2.060646274e-10	2.108149595e-10	2.082424344e-10	2.077965491e-10	2.099701362e-10	2.101075113e-10	2.110041800e-10	2.101452650e-10	2.074076335e-10	2.103597300e-10	2.101111284e-10	2.099781993e-10	2.084548648e-10	2.100672709e-10	2.095237234e-10	2.098201764e-10	2.107996621e-10	2.105079565e-10	2.084425816e-10	2.060872344e-10	2.111912906e-10	2.081758945e-10	2.101349411e-10	2.100928168e-10	2.083898320e-10	2.120478696e-10	2.079376921e-10	2.102793245e-10	2.109621310e-10	2.098775228e-10	2.097044286e-10	2.110967180e-10	2.096197278e-10	2.130460437e-10	2.107282240e-10	2.124607486e-10	2.080295519e-10	2.086929164e-10	2.107473646e-10	2.106488735e-10	2.116747035e-10	2.084938995e-10	2.084478566e-10	2.077297831e-10	2.075914283e-10	2.098191214e-10	2.094955400e-10	2.082681310e-10	2.047400083e-10	2.088730188e-10	2.086690283e-10	2.104377995e-10	2.085091969e-10	2.076451576e-10	2.075411655e-10	2.099042745e-10	2.086036188e-10	2.112444170e-10	2.109236991e-10	2.113854093e-10	2.099301218e-10	2.074560124e-10	2.078866757e-10	2.048512347e-10	2.113000302e-10	2.077873556e-10	2.063395284e-10	2.094757212e-10	2.087658616e-10	2.091743700e-10	2.069771963e-10	2.076738685e-10	2.109692899e-10	2.100262769e-10	2.098742072e-10	2.101841490e-10	2.083838034e-10	2.070866895e-10	2.068814180e-10	2.075704038e-10	2.084914881e-10	2.088427254e-10	2.092559812e-10	2.087549349e-10	2.062105932e-10	2.060796987e-10	2.103888177e-10	2.092177001e-10	2.081168902e-10	2.078401053e-10	2.076636200e-10	2.086171830e-10	2.094296030e-10	2.115117824e-10	2.087018085e-10	2.090452087e-10	2.104692986e-10	2.097173900e-10	2.120101912e-10	2.115153242e-10	2.093216169e-10	2.077991112e-10	2.113799083e-10	2.112590362e-10	2.127189205e-10	2.104359909e-10	2.116217277e-10	2.124131232e-10	2.127666966e-10	2.124084511e-10	2.089197399e-10	2.077654268e-10	2.066964928e-10	2.096956119e-10
2.561693354e-10	2.666982411e-10	2.677310039e-10	2.571167192e-10	2.660479133e-10	2.666867115e-10	2.674779563e-10	2.703907167e-10	2.747923736e-10	2.798289103e-10	2.725118555e-10	2.695768649e-10	2.803892623e-10	2.811903034e-10	2.790116675e-10	2.829599035e-10	2.862313615e-10	2.803863987e-10	2.781480803e-10	2.775996347e-10	2.824622482e-10	2.810233884e-10	2.734022696e-10	2.767004792e-10	2.755058503e-10	2.733345240e-10	2.725392853e-10	2.745958435e-10	2.754390090e-10	2.734531353e-10	2.723511198e-10	2.690243500e-10	2.677887271e-10	2.682004758e-10	2.643125251e-10	2.621065347e-10	2.579749560e-10	2.559911170e-10	2.548435860e-10	2.569490506e-10	2.606702371e-10	2.692240451e-10	2.739864343e-10	2.813465931e-10	2.851258041e-10	2.879717232e-10	2.891608510e-10	2.910938243e-10	3.028435830e-10	2.947691939e-10	2.967638843e-10	2.944271501e-10	3.011724740e-10	3.004656287e-10	3.004810768e-10	2.909215590e-10	2.903707019e-10	2.853427559e-10	2.832421895e-10	2.826092690e-10	2.821511760e-10	2.753898764e-10	2.799680186e-10	2.752437599e-10	2.728065753e-10	2.716891870e-10	2.740297644e-10	2.715427690e-10	2.660045832e-10	2.697637494e-10	2.651526010e-10	2.666034424e-10	2.616609509e-10	2.567455877e-10	2.598607560e-10	2.581184350e-10	2.572500251e-10	2.596387553e-10	2.583650773e-10	2.546860906e-10	2.579524243e-10	2.526257646e-10	2.525449069e-10	2.541887367e-10	2.547581315e-10	2.500753190e-10	2.555863011e-10	2.524550064e-10	2.483688678e-10	2.468199119e-10	2.415539896e-10	2.480651051e-10	2.517229166e-10	2.487500970e-10	2.474819201e-10	2.467463639e-10	2.513117708e-10	2.488204801e-10	2.566721150e-10	2.553165996e-10	2.499133775e-10	2.511765056e-10	2.505665689e-10	2.549936211e-10	2.522415964e-10	2.531780534e-10	2.571606521e-10	2.540606304e-10	2.566597565e-10	2.595171297e-10	2.574216121e-10	2.541126265e-10	2.576671241e-10	2.606978176e-10	2.583650020e-10	2.651655623e-10	2.547454716e-10	2.540001191e-10	2.622045737e-10	2.623167044e-10	2.611856765e-10	2.635799832e-10	2.655086611e-10	2.553462148e-10	2.681115550e-10	2.616417349e-10	2.607581783e-10	2.590071913e-10	2.593186403e-10	2.605533589e-10	2.558310594e-10	2.187909328e-10	2.612215463e-10	2.572454283e-10	2.592505932e-10	2.588580605e-10	2.647436405e-10	2.611797233e-10	2.636145719e-10	2.632897847e-10	2.623815111e-10	2.618574056e-10	2.570131791e-10	2.597328758e-10	2.571576378e-10	2.518372327e-10	2.556291036e-10	2.576614723e-10	2.327523336e-10	2.605313548e-10	2.605852348e-10	2.572863470e-10	2.591538353e-10	2.657397799e-10	2.633466036e-10	2.603624805e-10	2.629729854e-10	2.645044585e-10	2.651293911e-10	2.654568157e-10	2.650051280e-10	2.579658378e-10	2.572023243e-10	2.704626069e-10	2.694281109e-10	2.599328723e-10	2.789228973e-10	2.739547091e-10	2.735788302e-10	2.818856192e-10	2.784897474e-10	2.789490461e-10	2.748520561e-10	2.738195193e-10	2.695911073e-10	2.726625688e-10	2.759885096e-10	2.750983969e-10	2.746044341e-10	2.717585905e-10	2.593692046e-10	2.554172008e-10	2.611258433e-10	2.610856782e-10	2.608663904e-10	2.574078972e-10	2.607981173e-10	2.598987357e-10	2.598682917e-10	2.599638439e-10	2.603379896e-10	2.606615711e-10	2.614565836e-10	2.600810235e-10	2.604982732e-10	2.613887627e-10	2.609807064e-10	2.611155195e-10	2.582733683e-10	2.599921026e-10	2.616186758e-10	2.623858064e-10	2.632342469e-10	2.588413313e-10	2.634358259e-10	2.686707766e-10	2.685740187e-10	2.692170369e-10	2.726843468e-10	2.716244556e-10	2.720296483e-10	2.739266011e-10	2.726382286e-10	2.742172517e-10	2.772467395e-10	2.789915472e-10	2.794049538e-10	2.745438474e-10	2.824247206e-10	2.797737492e-10	2.811114804e-10	2.881757136e-10	2.939420794e-10	2.937866186e-10	2.946853220e-10	2.966974197e-10	2.869642802e-10	2.934473630e-10	2.929154958e-10	2.914845485e-10	2.974384770e-10	2.954342163e-10	2.958843969e-10	2.962069987e-10	2.966931244e-10	2.955015098e-10	2.983900053e-10	2.997914128e-10	2.957575716e-10	3.033467393e-10	2.978268651e-10	3.007616296e-10	3.015945466e-10	3.033952690e-10	3.059128591e-10	3.007274177e-10	2.894582083e-10	2.985117063e-10	2.997968385e-10	2.961177010e-10	3.011521277e-10
4.382244317e-10	4.498812003e-10	4.624411936e-10	4.714980826e-10	4.603034009e-10	4.567662354e-10	4.518105564e-10	4.567638240e-10	4.583408878e-10	4.720907626e-10	4.779575787e-10	4.799554341e-10	4.995194507e-10	4.971278569e-10	5.007382690e-10	5.163252634e-10	5.101082649e-10	5.185622254e-10	5.276994445e-10	5.285142759e-10	5.329188718e-10	5.310018741e-10	5.389460469e-10	5.353388751e-10	5.352239562e-10	5.412871518e-10	5.389870409e-10	5.368227227e-10	5.387003089e-10	5.399845368e-10	5.396846927e-10	5.374025921e-10	5.376952773e-10	5.385804165e-10	5.342737089e-10	5.398965956e-10	5.385803411e-10	5.389159796e-10	5.407742744e-10	5.455098367e-10	5.401196513e-10	5.374726738e-10	5.483517618e-10	5.397937338e-10	5.384113162e-10	5.388773216e-10	5.405414224e-10	5.388014375e-10	5.400305797e-10	5.418131411e-10	5.415324376e-10	5.401674274e-10	5.383142568e-10	5.414282194e-10	5.354118956e-10	5.389671468e-10	5.389060325e-10	5.357910149e-10	5.393544799e-10	5.361059303e-10	5.332129888e-10	5.357117397e-10	5.291573695e-10	5.270469314e-10	5.296489963e-10	5.334351402e-10	5.273499404e-10	5.296668558e-10	5.205994169e-10	5.156417033e-10	5.189473732e-10	5.180938085e-10	5.154948332e-10	5.117599318e-10	5.131331559e-10	5.068900087e-10	5.042403937e-10	5.042198967e-10	5.032169751e-10	5.045510892e-10	5.025089995e-10	4.981817949e-10	4.960455847e-10	4.957742255e-10	4.947392020e-10	4.936358300e-10	4.883791765e-10	4.822798851e-10	4.801062981e-10	4.810169831e-10	4.803732867e-10	4.740006013e-10	4.757340302e-10	4.779566745e-10	4.726823122e-10	4.676042540e-10	4.704801650e-10	4.655938141e-10	4.691481610e-10	4.669442805e-10	4.605492897e-10	4.648549422e-10	4.622092458e-10	4.623800793e-10	4.623347146e-10	4.585091592e-10	4.612509354e-10	5.194564827e-10	5.209900657e-10	4.591502936e-10	4.626163224e-10	4.590481853e-10	4.557845644e-10	4.529504010e-10	4.545464547e-10	4.543208369e-10	4.577295947e-10	4.565581003e-10	4.513984309e-10	4.539329763e-10	4.525643489e-10	4.513959442e-10	4.535997492e-10	4.521529016e-10	4.533317810e-10	4.562599141e-10	4.519384366e-10	4.519881720e-10	4.507347650e-10	4.527593719e-10	4.476184663e-10	4.526151393e-10	4.515675312e-10	4.600768035e-10	4.647159846e-10	4.542342522e-10	4.571396276e-10	4.601433434e-10	4.561564494e-10	4.555652012e-10	4.611953975e-10	4.604888536e-10	4.617684094e-10	4.606156789e-10	4.674756956e-10	4.666774427e-10	4.618707438e-10	4.677065130e-10	4.716109668e-10	4.713188845e-10	4.711222036e-10	4.679522510e-10	4.696687247e-10	4.658033056e-10	4.685315929e-10	4.661540908e-10	4.705747376e-10	4.737102522e-10	4.634413269e-10	4.661101578e-10	4.652025624e-10	4.629852685e-10	4.664881468e-10	4.594457670e-10	4.603690366e-10	4.606002307e-10	4.590961121e-10	4.536578492e-10	4.473306039e-10	4.605413772e-10	4.522898247e-10	4.535467735e-10	4.533954574e-10	4.525896688e-10	4.504282895e-10	4.498867013e-10	4.508676941e-10	4.467911257e-10	4.486075223e-10	4.502203805e-10	4.455187288e-10	4.482584703e-10	4.518313548e-10	4.483381222e-10	4.486011169e-10	4.457527111e-10	4.486167911e-10	4.461373315e-10	4.506000273e-10	4.464906034e-10	4.450726928e-10	4.463202220e-10	4.444838560e-10	4.528598977e-10	4.471619557e-10	4.451466177e-10	4.440638934e-10	4.444583101e-10	4.434709120e-10	4.441348794e-10	4.422353644e-10	4.473591641e-10	4.428567553e-10	4.493540805e-10	4.407424739e-10	4.412552759e-10	4.417677764e-10	4.403047272e-10	4.421728938e-10	4.413813476e-10	4.424120004e-10	4.437268985e-10	4.427454535e-10	4.468533703e-10	4.469507311e-10	4.478095707e-10	4.496636456e-10	4.452299621e-10	4.439620112e-10	4.469861487e-10	4.446095509e-10	4.449552118e-10	4.409683932e-10	4.457206846e-10	4.453076548e-10	4.436944951e-10	4.428605985e-10	4.421655088e-10	4.381594743e-10	4.360338894e-10	4.345914125e-10	4.365386282e-10	4.334420730e-10	4.352855979e-10	4.288541344e-10	4.324214426e-10	4.282181243e-10	4.253070218e-10	4.227134722e-10	4.259291663e-10	4.254540426e-10	4.224705977e-10	4.205566143e-10	4.148243098e-10	4.109384690e-10	4.145962805e-10	4.201242179e-10	4.158248953e-10	4.158377059e-10	4.155380879e-10	4.164899930e-10
1.883965839e-10	1.887078069e-10	1.883011071e-10	1.862511049e-10	1.862806447e-10	1.905496740e-10	1.870241887e-10	1.865581079e-10	1.860204382e-10	1.870339097e-10	1.882781233e-10	1.954468762e-10	1.884871626e-10	1.855884186e-10	1.884864844e-10	1.878824255e-10	1.834417339e-10	1.843460136e-10	1.854734997e-10	1.902840418e-10	1.905969226e-10	1.883992214e-10	1.855081638e-10	1.852276110e-10	1.841664387e-10	1.860727357e-10	1.851332645e-10	1.858349855e-10	1.872739206e-10	1.878984012e-10	1.918902687e-10	1.864037775e-10	1.890946125e-10	1.906737864e-10	1.909348971e-10	1.936101334e-10	1.962510823e-10	1.999995479e-10	1.997636816e-10	2.006537189e-10	2.057674208e-10	2.109215138e-10	2.127257026e-10	2.137663778e-10	2.154331914e-10	2.183437665e-10	2.283276929e-10	2.218433290e-10	2.302890756e-10	2.308586965e-10	2.369663525e-10	2.338959460e-10	2.356177700e-10	2.398822779e-10	2.439348075e-10	2.406669666e-10	2.437742225e-10	2.427947368e-10	2.426596977e-10	2.404760128e-10	2.410187314e-10	2.402023929e-10	2.372173655e-10	2.335225539e-10	2.330838275e-10	2.299376876e-10	2.289194686e-10	2.264948686e-10	2.228937253e-10	2.206761300e-10	2.177990133e-10	2.139444456e-10	2.110856406e-10	2.068483365e-10	2.031065023e-10	2.031185594e-10	2.012546128e-10	2.007722549e-10	1.959345090e-10	1.973234827e-10	1.947566093e-10	1.849739605e-10	1.865489144e-10	1.857463661e-10	1.839770675e-10	1.823186184e-10	1.820011409e-10	1.807519538e-10	1.782313494e-10	1.747932025e-10	1.782178606e-10	1.784996191e-10	1.854458438e-10	1.780841779e-10	1.749207813e-10	1.819299289e-10	1.821335425e-10	1.794191208e-10	1.785086619e-10	1.770332541e-10	1.769147181e-10	1.762778791e-10	1.819031773e-10	1.824612686e-10	1.812968577e-10	1.833454281e-10	1.833428659e-10	1.815703270e-10	1.835075202e-10	1.844442033e-10	1.808466771e-10	1.808160823e-10	1.836227405e-10	1.856417711e-10	1.832217678e-10	1.847771290e-10	1.819178718e-10	1.779677519e-10	1.805271649e-10	1.845588961e-10	1.783423498e-10	1.779981206e-10	1.776389708e-10	1.791775274e-10	1.765625012e-10	1.830683417e-10	1.769308445e-10	1.787700741e-10	1.774869765e-10	1.766142712e-10	1.853642326e-10	1.808201516e-10	1.797925884e-10	1.815501314e-10	1.795618463e-10	1.798077351e-10	1.807014649e-10	1.838619225e-10	1.853950534e-10	1.867709904e-10	1.834494202e-10	1.927044972e-10	1.842793230e-10	1.856181845e-10	1.917889140e-10	1.866431855e-10	1.904071746e-10	1.868515467e-10	1.853481816e-10	1.966387169e-10	1.888390028e-10	1.964307325e-10	1.933766031e-10	1.957545574e-10	1.944200666e-10	1.964091805e-10	1.970344900e-10	1.934124729e-10	1.918638938e-10	1.907777785e-10	1.899782445e-10	1.933913730e-10	1.939301730e-10	1.969840764e-10	1.963855939e-10	1.940439616e-10	1.940551143e-10	1.938311544e-10	1.906436437e-10	1.978166166e-10	1.959646517e-10	1.960544015e-10	2.008851391e-10	2.036576608e-10	2.003406120e-10	2.002513898e-10	2.013457190e-10	2.001573447e-10	2.067502221e-10	2.000514686e-10	1.964633620e-10	1.966953097e-10	1.952983483e-10	1.964496471e-10	1.976211415e-10	1.979772770e-10	1.944331786e-10	1.966118899e-10	1.972195659e-10	1.998538081e-10	1.934552755e-10	1.981744099e-10	2.012681770e-10	2.008935037e-10	1.977548241e-10	1.942575976e-10	1.957341357e-10	1.947639943e-10	1.950736347e-10	1.956033166e-10	1.919668310e-10	1.922053348e-10	1.919370651e-10	1.941942227e-10	1.919002157e-10	1.914925363e-10	1.968375077e-10	1.960721103e-10	1.982859378e-10	1.970699076e-10	1.943127587e-10	1.981321349e-10	2.030475734e-10	1.982911374e-10	1.967281652e-10	1.972216005e-10	1.922096301e-10	1.936607730e-10	1.962513837e-10	1.975235546e-10	1.955044487e-10	2.004347325e-10	2.006785866e-10	1.965497960e-10	1.986243645e-10	1.954780739e-10	1.971491828e-10	2.016538523e-10	1.935658237e-10	1.935666526e-10	1.966150549e-10	1.975127032e-10	1.927685504e-10	1.946284277e-10	1.947515604e-10	1.947019004e-10	1.951495942e-10	1.938278387e-10	1.940802835e-10	1.925694581e-10	1.935756954e-10	1.891556514e-10	1.896948282e-10	1.882035956e-10	1.904390504e-10	1.869083656e-10	1.910602152e-10	1.901838928e-10	1.900883406e-10	1.905824541e-10	1.881459477e-10
1.144291395e-10	1.149385504e-10	1.154222647e-10	1.124639136e-10	1.145885942e-10	1.132614883e-10	1.121187802e-10	1.127599145e-10	1.128063342e-10	1.129223081e-10	1.131287853e-10	1.120535967e-10	1.124489930e-10	1.108298048e-10	1.108741898e-10	1.130333837e-10	1.115362733e-10	1.114707884e-10	1.090784410e-10	1.118445573e-10	1.103233328e-10	1.114036456e-10	1.110594165e-10	1.097457994e-10	1.085504923e-10	1.052753419e-10	1.086271300e-10	1.074229309e-10	1.060490285e-10	1.073238369e-10	1.081094299e-10	1.076734917e-10	1.064633394e-10	1.055008843e-10	1.058564923e-10	1.037613515e-10	1.038685840e-10	1.036670804e-10	1.033103420e-10	1.035509558e-10	1.027822427e-10	1.029915834e-10	1.027139695e-10	1.031410910e-10	1.034345298e-10	1.016105976e-10	1.023618279e-10	1.005837126e-10	9.972886679e-11	9.908984245e-11	1.009148297e-10	1.007717274e-10	1.002668379e-10	1.027136681e-10	1.015101471e-10	1.002303653e-10	1.004051173e-10	1.033001689e-10	1.024628058e-10	1.053583095e-10	1.097665979e-10	1.113157044e-10	1.180579387e-10	1.211734838e-10	1.286567754e-10	1.276874628e-10	1.386398729e-10	1.465288846e-10	1.551368740e-10	1.614834860e-10	1.636594091e-10	1.689126714e-10	1.674664267e-10	1.654697017e-10	1.671950675e-10	1.632915933e-10	1.631226437e-10	1.536711120e-10	1.491353202e-10	1.433746062e-10	1.396110693e-10	1.347891483e-10	1.321549815e-10	1.280570118e-10	1.252193820e-10	1.193855721e-10	1.158028911e-10	1.122670067e-10	1.073266251e-10	1.019304112e-10	9.834230454e-11	9.290291125e-11	8.879145275e-11	8.594387588e-11	8.356584626e-11	8.199790056e-11	8.026567738e-11	7.910164330e-11	7.968904834e-11	7.824378327e-11	7.833926013e-11	7.836111356e-11	7.698653301e-11	7.603214112e-11	7.455070485e-11	7.542883582e-11	7.521746044e-11	7.546523308e-11	7.415952851e-11	7.430881002e-11	7.348953259e-11	7.167622566e-11	7.346217812e-11	7.209995607e-11	7.097977955e-11	7.068686828e-11	6.992704723e-11	7.283709476e-11	7.228201772e-11	7.111187975e-11	7.041935219e-11	7.007941837e-11	7.062507583e-11	6.931695984e-11	7.044806307e-11	7.013714156e-11	7.003345081e-11	6.908365567e-11	6.943150194e-11	6.856761337e-11	6.816362640e-11	6.916903475e-11	6.950278933e-11	6.950196040e-11	6.898772666e-11	6.826445359e-11	6.975764550e-11	6.869376039e-11	6.874198865e-11	6.790583132e-11	6.771759043e-11	6.774381454e-11	6.765670226e-11	6.899172057e-11	6.654993922e-11	6.607067097e-11	6.695807081e-11	6.677005598e-11	6.927784974e-11	7.016185854e-11	7.200289671e-11	7.005236533e-11	6.943843475e-11	6.976842150e-11	7.012968125e-11	7.099681015e-11	7.144940216e-11	7.155316826e-11	7.153983013e-11	7.114375561e-11	7.039192237e-11	7.059493317e-11	6.943866082e-11	6.743764049e-11	6.600842638e-11	6.593276831e-11	6.674925755e-11	6.594520216e-11	6.591159309e-11	6.456225702e-11	6.461764416e-11	6.622952277e-11	6.431260046e-11	6.378706322e-11	6.540813535e-11	6.515086777e-11	6.357026216e-11	6.374659671e-11	6.435909551e-11	6.464085400e-11	6.483323951e-11	6.573488176e-11	6.473565266e-11	6.439089601e-11	6.490430083e-11	6.466519420e-11	6.521024881e-11	6.489759409e-11	6.472404774e-11	6.516089020e-11	6.393966043e-11	6.331842025e-11	6.389926927e-11	6.247095943e-11	6.440830340e-11	6.381645231e-11	6.339852437e-11	6.375036454e-11	6.288391384e-11	6.142606421e-11	6.292370215e-11	6.369746417e-11	6.280652257e-11	6.209410086e-11	6.339520867e-11	6.303696319e-11	6.381057450e-11	6.272702131e-11	6.428803419e-11	6.208626376e-11	6.279107446e-11	6.224353308e-11	6.286846573e-11	6.290117051e-11	6.241263339e-11	6.248098187e-11	6.137323920e-11	6.215868150e-11	6.157707892e-11	6.227194254e-11	6.119607573e-11	6.212981991e-11	6.200404967e-11	6.224428665e-11	6.165394270e-11	6.116548093e-11	6.194466863e-11	6.119547287e-11	6.124829788e-11	6.199478080e-11	6.207533705e-11	6.208671590e-11	6.178106936e-11	6.132636737e-11	6.300011379e-11	6.272287669e-11	6.261820632e-11	6.251489236e-11	6.344245729e-11	6.266545493e-11	6.268934299e-11	6.232612396e-11	6.340801930e-11	6.220683440e-11	6.371517298e-11	6.287976923e-11	6.212748385e-11	6.282046355e-11	6.299875737e-11	6.333635513e-11	6.329151793e-11
2.946595500e-11	2.994673039e-11	2.895556445e-11	3.014393873e-11	2.986918840e-11	2.966549939e-11	3.036013694e-11	2.960114482e-11	3.035893123e-11	2.922601944e-11	2.901087622e-11	2.916226772e-11	2.947816277e-11	2.942797525e-11	2.973980104e-11	2.989156932e-11	2.976240804e-11	3.028764385e-11	2.993753688e-11	2.967386398e-11	2.973656071e-11	2.962322431e-11	2.936995063e-11	2.930845961e-11	2.968177643e-11	2.927349413e-11	2.963467852e-11	2.977921257e-11	2.967921430e-11	2.962540966e-11	2.877342744e-11	2.910032456e-11	2.865730285e-11	2.963452781e-11	2.942925631e-11	2.847124730e-11	2.865037004e-11	2.940664932e-11	2.845466883e-11	2.808986732e-11	2.839573994e-11	2.788806223e-11	2.878224417e-11	2.864569793e-11	2.802377954e-11	2.799017048e-11	2.805196293e-11	2.763637104e-11	2.711761590e-11	2.741926854e-11	2.742296102e-11	2.770939162e-11	2.743531951e-11	2.723894009e-11	2.724353685e-11	2.729259402e-11	2.754639520e-11	2.736953316e-11	2.821880254e-11	2.726162244e-11	2.673608521e-11	2.689222417e-11	2.707556689e-11	2.685273729e-11	2.758460102e-11	2.709726960e-11	2.717993584e-11	2.827938928e-11	2.739108516e-11	2.744210161e-11	2.702696185e-11	2.626442797e-11	2.738611162e-11	2.719395218e-11	2.658235765e-11	2.590610713e-11	2.609133376e-11	2.660112146e-11	2.678800594e-11	2.628078036e-11	2.731497495e-11	2.626827116e-11	2.690413052e-11	2.782016589e-11	5.637031159e-11	7.782148463e-11	7.893533119e-11	7.130418990e-11	7.103818095e-11	6.467077059e-11	5.864276655e-11	5.163301616e-11	4.923501703e-11	4.530938801e-11	4.019915254e-11	3.536502382e-11	2.903122252e-11	2.775000885e-11	2.493204715e-11	2.418865385e-11	2.447613945e-11	2.452301128e-11	2.476709145e-11	2.524809291e-11	2.531817459e-11	2.405369010e-11	2.470906684e-11	2.461848815e-11	2.339755980e-11	2.368873787e-11	2.416793077e-11	2.407494068e-11	2.355882302e-11	2.369047108e-11	2.434275819e-11	2.417524037e-11	2.457689128e-11	2.405301189e-11	2.446159562e-11	2.540491009e-11	2.454418650e-11	2.492639540e-11	2.494500849e-11	2.490100021e-11	2.519134936e-11	2.502059120e-11	2.528690158e-11	2.558915708e-11	2.525163467e-11	2.582992156e-11	2.552095932e-11	2.555215697e-11	2.547823210e-11	2.620007340e-11	2.535517470e-11	2.841186626e-11	2.787856729e-11	2.816311398e-11	2.784639000e-11	2.815768830e-11	2.659238009e-11	2.719983000e-11	2.673329701e-11	2.681468219e-11	2.651461203e-11	2.738045987e-11	2.666472247e-11	2.684934624e-11	2.723426798e-11	2.700721841e-11	2.617535642e-11	2.619276380e-11	2.656721097e-11	2.601025001e-11	2.646095810e-11	2.437342834e-11	2.448164048e-11	2.501802908e-11	2.445044283e-11	2.429852384e-11	2.419814879e-11	2.536203216e-11	2.444087254e-11	2.416107332e-11	2.379913536e-11	2.370094565e-11	2.389212546e-11	2.411276971e-11	2.372973189e-11	2.400591399e-11	2.463401162e-11	2.463589553e-11	2.401382644e-11	2.428593928e-11	2.392633737e-11	2.439271964e-11	2.481871075e-11	2.415338694e-11	2.468804233e-11	2.424532205e-11	2.391367746e-11	2.419264775e-11	2.384434934e-11	2.418443388e-11	2.424788417e-11	2.358029966e-11	2.376673200e-11	2.318256730e-11	2.382980551e-11	2.299387426e-11	2.382513340e-11	2.364864814e-11	2.373138973e-11	2.358203287e-11	2.342619533e-11	2.345151516e-11	2.263163487e-11	2.323019269e-11	2.336824607e-11	2.334782442e-11	2.326711745e-11	2.318919868e-11	2.324925793e-11	2.286267834e-11	2.392015813e-11	2.324443510e-11	2.333418486e-11	2.302612690e-11	2.285273126e-11	2.340494475e-11	2.300547918e-11	2.241046312e-11	2.280917512e-11	2.253894620e-11	2.301406984e-11	2.298189255e-11	2.290728947e-11	2.307103946e-11	2.302175622e-11	2.292982111e-11	2.261942709e-11	2.241807414e-11	2.235100673e-11	2.313735331e-11	2.306945697e-11	2.355535661e-11	2.316071387e-11	2.327555739e-11	2.310140819e-11	2.341240506e-11	2.363448109e-11	2.255786072e-11	2.324307868e-11	2.306350380e-11	2.294963991e-11	2.340569832e-11	2.245168320e-11	2.271919929e-11	2.263773876e-11	2.315121893e-11	2.289530777e-11	2.270684080e-11	2.299651174e-11	2.337246604e-11	2.307691728e-11	2.263208701e-11	2.352792680e-11	2.223179252e-11	2.252289523e-11	2.230368275e-11	2.269968192e-11
1.019266433e-11	9.944364190e-12	1.006915479e-11	9.728241334e-12	1.009379641e-11	9.867123629e-12	9.550851794e-12	9.641807263e-12	9.881667462e-12	1.040426579e-11	9.375949023e-12	9.335708575e-12	1.030298646e-11	9.915050455e-12	9.757856495e-12	9.668558872e-12	9.383183261e-12	9.913694035e-12	9.939842791e-12	9.998018120e-12	9.603676801e-12	9.694858341e-12	9.977219686e-12	9.883928161e-12	1.018490260e-11	9.292077078e-12	9.882647098e-12	9.831781363e-12	9.951221644e-12	1.045776901e-11	1.041376073e-11	1.081073953e-11	1.040215580e-11	1.013147474e-11	1.005295311e-11	1.005257633e-11	9.400515289e-12	9.888524916e-12	9.562908857e-12	9.293132071e-12	9.276402896e-12	9.142946279e-12	8.915896710e-12	8.934057661e-12	1.020992100e-11	9.412270925e-12	9.866596133e-12	1.012936475e-11	9.976164693e-12	1.011896553e-11	1.021150349e-11	1.023109622e-11	1.032340811e-11	1.000653342e-11	1.007691653e-11	1.031715351e-11	1.044608873e-11	1.042009068e-11	1.007631367e-11	1.008482897e-11	1.032710059e-11	9.954838763e-12	1.024330400e-11	9.949714511e-12	1.057155754e-11	1.061127049e-11	1.042966098e-11	1.058715636e-11	9.928313224e-12	9.742559097e-12	1.037600705e-11	1.075226277e-11	9.766070370e-12	9.479790478e-12	9.649644354e-12	9.789656999e-12	9.700057949e-12	9.362083400e-12	9.424403345e-12	9.365625162e-12	9.704805418e-12	9.633518032e-12	9.881893532e-12	9.464869863e-12	9.352513106e-12	9.853634790e-12	9.756952216e-12	9.885586007e-12	2.173097226e-11	5.052090280e-11	4.862432678e-11	4.532099293e-11	3.642325717e-11	2.660632107e-11	2.135275726e-11	1.439244082e-11	1.787798704e-11	1.119264700e-11	1.064126243e-11	1.020125499e-11	9.951975211e-12	1.014021611e-11	9.749567264e-12	1.025732033e-11	9.577678759e-12	9.219734699e-12	9.594332578e-12	9.470069471e-12	9.897190930e-12	9.759288272e-12	9.934869252e-12	1.006041342e-11	9.154475846e-12	1.019560324e-11	9.761021474e-12	1.013305723e-11	1.026515742e-11	1.049559804e-11	1.001798763e-11	9.961846931e-12	1.000457415e-11	9.426739401e-12	9.588077976e-12	1.019906965e-11	9.799001223e-12	9.809777223e-12	9.499081779e-12	9.458916688e-12	9.817011461e-12	9.644294033e-12	9.529224437e-12	9.920476133e-12	9.904349812e-12	9.735249502e-12	9.796740524e-12	9.508501360e-12	9.741051964e-12	9.936753169e-12	9.707442900e-12	9.689508019e-12	9.245431315e-12	9.532690843e-12	9.744819796e-12	9.951070931e-12	9.973150428e-12	9.747005139e-12	9.901787686e-12	9.770591768e-12	9.558613528e-12	9.547686815e-12	1.041835748e-11	9.681821641e-12	9.389739289e-12	9.298256323e-12	9.273765413e-12	9.379264715e-12	9.445051065e-12	9.597045417e-12	9.287781749e-12	9.085223090e-12	9.232997469e-12	9.425156911e-12	9.272936490e-12	9.205416937e-12	9.428095820e-12	9.059225047e-12	9.063294306e-12	9.114009328e-12	9.454998142e-12	8.606783756e-12	9.316266561e-12	9.226968937e-12	8.767444121e-12	9.190571678e-12	8.990424431e-12	8.968420291e-12	8.780179394e-12	9.230736769e-12	9.126443174e-12	9.291549581e-12	9.191928098e-12	9.215213301e-12	9.328398980e-12	8.973393830e-12	9.462684520e-12	8.958096431e-12	9.352060967e-12	9.362535540e-12	9.309785889e-12	9.448065331e-12	9.629448774e-12	9.966066903e-12	9.431185443e-12	9.725227068e-12	9.894854874e-12	9.745121222e-12	9.424704772e-12	9.499232493e-12	9.637964074e-12	9.544521836e-12	9.207602280e-12	9.286651399e-12	9.679787012e-12	9.791766985e-12	9.537362955e-12	9.732009166e-12	9.935246036e-12	9.696214760e-12	1.037939810e-11	9.484914730e-12	9.800357643e-12	9.955215546e-12	9.464116296e-12	1.017020805e-11	1.020223463e-11	9.902541252e-12	9.914296889e-12	1.012303479e-11	9.622666676e-12	9.755972579e-12	9.916708301e-12	9.806310818e-12	9.776921726e-12	1.036651211e-11	1.064683883e-11	1.021135278e-11	1.034940615e-11	1.061149656e-11	1.030049969e-11	9.932759266e-12	1.013132402e-11	9.873302874e-12	1.003953963e-11	9.891463825e-12	1.006817516e-11	1.003592251e-11	9.714451068e-12	9.842858790e-12	9.993270652e-12	9.723343152e-12	9.840221307e-12	1.009711211e-11	9.519277360e-12	9.508275290e-12	9.653562900e-12	9.384690393e-12	9.318828686e-12	9.374592603e-12	1.014782713e-11	9.702846145e-12	9.708573250e-12
1.073500610e-11	9.742709810e-12	1.092603519e-11	1.040366294e-11	1.173235129e-11	9.876618567e-12	9.501945332e-12	1.153107369e-11	1.163958726e-11	1.028173589e-11	1.086665416e-11	1.006350304e-11	1.089822859e-11	1.036538176e-11	1.226678061e-11	1.073862322e-11	5.306991665e-12	5.142563467e-12	4.557871265e-12	4.294198367e-12	4.971579242e-12	4.900141143e-12	4.794114345e-12	4.467744719e-12	4.500600216e-12	4.283045584e-12	4.064134533e-12	4.837745842e-12	5.239019972e-12	5.191846713e-12	4.773240554e-12	4.126680547e-12	3.654495815e-12	4.283045584e-12	4.421777166e-12	4.684244357e-12	4.823729506e-12	4.151397527e-12	3.724351424e-12	3.815608320e-12	3.800838418e-12	4.133764072e-12	4.600447769e-12	9.418073387e-12	1.070154775e-11	1.185344941e-11	1.114547374e-11	9.746628355e-12	1.009831781e-11	1.111352252e-11	1.013908576e-11	1.085060319e-11	1.100802322e-11	9.488381136e-12	1.030223289e-11	9.200518755e-12	9.074296376e-12	9.698927600e-12	1.051782825e-11	1.024526327e-11	1.036447748e-11	1.156340169e-11	1.078760504e-11	1.103982373e-11	1.030622679e-11	8.916876347e-12	1.064932560e-11	1.020977029e-11	9.353115960e-12	1.072212011e-11	1.082558479e-11	3.987572182e-12	3.422774134e-12	3.938062867e-12	3.678082445e-12	3.453444288e-12	3.173946495e-12	3.065206858e-12	3.516668513e-12	3.660901130e-12	3.742813802e-12	3.460904596e-12	4.374453193e-12	4.307235067e-12	4.633830763e-12	3.910406979e-12	4.037307567e-12	3.597149409e-12	4.138436184e-12	4.370157865e-12	4.788990093e-12	1.903674616e-11	4.172648100e-12	3.049660782e-11	1.734709949e-11	8.133317961e-12	4.917623884e-12	5.805174439e-12	4.253355066e-12	3.957203455e-12	3.669416431e-12	3.775895369e-12	3.667231088e-12	4.033765805e-12	4.385756690e-12	3.725104991e-12	4.164509583e-12	4.015680211e-12	3.915455874e-12	3.925252238e-12	3.978227958e-12	4.533229643e-12	4.398718033e-12	3.923443678e-12	3.858184824e-12	3.870920097e-12	4.188925135e-12	4.189151205e-12	4.762916694e-12	4.983485591e-12	4.136778338e-12	4.316051794e-12	4.193974031e-12	4.227884520e-12	5.148516642e-12	4.717024498e-12	4.287868409e-12	4.538127824e-12	4.605798091e-12	4.799992163e-12	4.551465950e-12	5.001194403e-12	5.221160447e-12	4.686957197e-12	4.537148188e-12	4.960049675e-12	4.592610678e-12	3.787726362e-12	4.619513000e-12	4.382742424e-12	4.495099181e-12	3.755323005e-12	3.323680147e-12	3.733544935e-12	3.535206247e-12	3.250207419e-12	3.403106050e-12	3.413505267e-12	3.766400432e-12	3.409134582e-12	3.368592707e-12	3.212076957e-12	3.400167141e-12	3.577556681e-12	3.460075673e-12	2.973121039e-12	3.321494805e-12	3.366030581e-12	3.424205911e-12	3.561505716e-12	3.816361887e-12	2.909595388e-12	2.719470574e-12	3.411922778e-12	3.223832594e-12	3.455629631e-12	3.828494306e-12	3.485320149e-12	4.000006029e-12	3.402126414e-12	3.303635280e-12	3.637766640e-12	3.597149409e-12	3.923142251e-12	3.774538949e-12	3.723673214e-12	3.140563502e-12	3.233628957e-12	2.974778885e-12	2.761971722e-12	2.691362546e-12	2.692643609e-12	3.125944313e-12	3.578310248e-12	3.092636676e-12	3.127074663e-12	3.827590027e-12	3.682227060e-12	3.817492236e-12	3.549976150e-12	3.746355564e-12	4.028867623e-12	4.348530508e-12	4.125248771e-12	3.867453691e-12	3.611919311e-12	4.341446983e-12	4.377693529e-12	4.653574203e-12	4.466614369e-12	4.148533974e-12	4.080788351e-12	4.672714791e-12	4.935558766e-12	4.280709528e-12	4.583567881e-12	5.328016169e-12	5.122744670e-12	6.190472961e-12	5.131335327e-12	4.624787965e-12	5.006996864e-12	5.305183105e-12	4.973463158e-12	5.471645932e-12	4.540087097e-12	5.020108920e-12	5.526204143e-12	5.873598272e-12	4.739103994e-12	5.365317707e-12	4.832621590e-12	5.165170460e-12	1.180959185e-11	1.221666844e-11	1.240302542e-11	1.235524931e-11	1.296277457e-11	1.250535974e-11	1.195872264e-11	1.357406767e-11	1.360232641e-11	1.299736327e-11	1.352764798e-11	1.324257379e-11	1.367851198e-11	1.346593088e-11	1.382568350e-11	1.323036601e-11	1.435506393e-11	1.457118678e-11	1.361121849e-11	1.422951976e-11	1.415122421e-11	1.391882432e-11	1.377526991e-11	1.479107747e-11	1.372960378e-11	1.415702667e-11	1.389327841e-11	8.945135088e-12
1.101646317e-11	1.165315145e-11	1.110417830e-11	1.152007162e-11	1.152067447e-11	1.086205740e-11	1.141306518e-11	1.151389237e-11	1.108481164e-11	1.136031553e-11	1.119942910e-11	1.138902641e-11	1.114788515e-11	1.133409142e-11	1.131984902e-11	1.160424499e-11	1.088587010e-11	1.138442966e-11	1.137749685e-11	1.162331022e-11	1.176490536e-11	1.154343218e-11	1.147470692e-11	1.094299044e-11	1.132655576e-11	1.149437500e-11	1.145300421e-11	1.121012974e-11	1.128269819e-11	1.144855816e-11	1.127712180e-11	1.120741690e-11	1.097652414e-11	1.106017002e-11	1.109159374e-11	1.105429220e-11	1.056809113e-11	1.064691418e-11	1.034171977e-11	1.032272990e-11	9.759966481e-12	1.006056413e-11	1.068617499e-11	1.013788005e-11	1.068534607e-11	1.070162311e-11	1.044857550e-11	1.054834769e-11	1.017118769e-11	1.068338680e-11	1.016862556e-11	9.779107069e-12	9.510234563e-12	9.588304046e-12	9.676923460e-12	9.848811965e-12	1.048128028e-11	1.068459251e-11	1.071940727e-11	1.021964201e-11	1.010698383e-11	1.020977029e-11	9.912940469e-12	1.014096967e-11	1.005898165e-11	1.016206953e-11	9.819573587e-12	9.863054371e-12	1.022160128e-11	9.880084972e-12	9.635175879e-12	9.765844300e-12	1.059710344e-11	1.082618764e-11	1.067050081e-11	1.036485426e-11	1.044985656e-11	1.049650232e-11	1.058022355e-11	9.995079211e-12	1.009055608e-11	9.963052637e-12	9.986413197e-12	9.523346619e-12	9.943836693e-12	9.934115686e-12	9.645122956e-12	1.041089717e-11	9.993798148e-12	1.036801924e-11	1.014654607e-11	1.049627625e-11	1.117554104e-11	1.121329472e-11	5.499761496e-11	2.693253998e-11	1.280573132e-11	1.083199010e-11	1.046070792e-11	1.047057964e-11	1.000788984e-11	1.020773566e-11	9.940747071e-12	1.051383435e-11	9.911131910e-12	1.037434920e-11	1.059808308e-11	9.858156189e-12	9.501643905e-12	9.926504665e-12	9.881667462e-12	9.496444297e-12	9.487100073e-12	9.828013531e-12	1.007081264e-11	1.011293700e-11	1.000645806e-11	1.077758260e-11	1.026410243e-11	9.975561840e-12	9.496595010e-12	9.692371572e-12	9.825677475e-12	9.880084972e-12	1.015347888e-11	1.028158517e-11	1.017126305e-11	9.671648494e-12	1.059092420e-11	9.911056553e-12	1.001113018e-11	1.027472772e-11	9.161408657e-12	9.710984663e-12	9.932005700e-12	9.600587179e-12	9.905103378e-12	9.791465559e-12	1.011165594e-11	1.002326260e-11	1.086070098e-11	9.655748242e-12	1.029439580e-11	1.014925891e-11	9.986187127e-12	1.055656157e-11	1.014006539e-11	1.005581667e-11	1.007020979e-11	1.055234159e-11	1.036281963e-11	1.053094031e-11	9.942103490e-12	9.825752832e-12	9.502322115e-12	9.792445195e-12	9.972924358e-12	9.789054146e-12	1.005016492e-11	1.001987155e-11	1.028279088e-11	9.457108128e-12	9.624776662e-12	9.711436803e-12	1.001406909e-11	1.016101454e-11	1.000894483e-11	1.010615490e-11	9.697571180e-12	9.618220634e-12	9.741051964e-12	9.734345222e-12	9.890634902e-12	9.491922898e-12	9.239704210e-12	9.748135488e-12	9.672326704e-12	9.526586954e-12	9.767276076e-12	9.550098227e-12	1.012959082e-11	9.835247769e-12	1.004044391e-11	9.916708301e-12	1.012115088e-11	1.098519016e-11	1.019266433e-11	1.007397762e-11	9.690713725e-12	9.879708189e-12	9.993496722e-12	9.754164020e-12	9.352588463e-12	9.989050680e-12	1.006598981e-11	1.005355597e-11	9.320411176e-12	1.015151960e-11	1.015423244e-11	9.949714511e-12	9.969307239e-12	9.447989975e-12	9.543994339e-12	1.008181471e-11	9.527566591e-12	9.547460745e-12	9.154174419e-12	9.805481894e-12	9.610308186e-12	8.985300179e-12	9.613322452e-12	9.300592379e-12	9.725377782e-12	9.987317477e-12	9.895985224e-12	1.022778053e-11	1.056341902e-11	1.037088280e-11	1.015408173e-11	9.798398370e-12	9.853860860e-12	1.036545712e-11	9.681143432e-12	9.877598203e-12	9.516715234e-12	9.962977281e-12	9.467431989e-12	9.571122731e-12	9.844215210e-12	9.942254204e-12	9.812866846e-12	9.964484414e-12	9.812866846e-12	9.704353278e-12	9.685061977e-12	9.428171177e-12	9.587550480e-12	9.850545168e-12	9.100520488e-12	9.509480996e-12	9.053196516e-12	9.205492294e-12	9.580391598e-12	9.401570282e-12	8.970454921e-12	9.910679770e-12	9.536835458e-12	8.963446753e-12	9.201423035e-12	9.250404854e-12	9.078817775e-12
4.154637862e-12	4.145821135e-12	4.452673390e-12	4.311078256e-12	4.697130344e-12	4.412809725e-12	4.103169274e-12	3.989606812e-12	3.979282951e-12	4.099552155e-12	3.427220176e-12	3.428953379e-12	4.000834952e-12	4.108368883e-12	3.944995678e-12	4.014399148e-12	3.801516628e-12	3.469645967e-12	3.290071084e-12	3.859541244e-12	3.565499618e-12	3.947256378e-12	3.715007200e-12	3.761879033e-12	3.767153998e-12	3.388863644e-12	3.248624930e-12	3.067542914e-12	3.739272040e-12	3.770168264e-12	3.862178726e-12	3.559245017e-12	3.420739505e-12	3.724577494e-12	3.569192094e-12	3.805209103e-12	4.189226562e-12	3.771826110e-12	3.698202669e-12	3.746958417e-12	3.415916680e-12	3.811237635e-12	3.880339678e-12	3.803777327e-12	4.077849442e-12	3.885011790e-12	4.051173190e-12	3.866172629e-12	3.966623035e-12	4.128790533e-12	4.119597023e-12	3.602650444e-12	4.102038925e-12	3.867755118e-12	4.057729218e-12	3.518929212e-12	3.584489493e-12	3.436338330e-12	3.478613408e-12	3.952003846e-12	3.769791481e-12	3.883052517e-12	4.022989805e-12	3.991792154e-12	3.854718419e-12	3.891266391e-12	3.923292965e-12	3.380574414e-12	3.381629407e-12	3.761954390e-12	3.574994555e-12	3.714931844e-12	3.518024932e-12	4.030224043e-12	2.985027388e-12	3.612522164e-12	3.136042103e-12	3.385774022e-12	3.717946109e-12	3.430460512e-12	3.886669636e-12	3.888026055e-12	4.467518649e-12	4.841965814e-12	4.516801894e-12	5.094109145e-12	4.730664050e-12	3.993374644e-12	4.086214029e-12	3.874085076e-12	4.040397190e-12	4.015906280e-12	3.765496152e-12	4.694643574e-12	5.255523077e-12	3.671232526e-11	9.118078586e-12	4.980546682e-12	4.620944776e-12	4.768568442e-12	4.661863434e-12	4.229014870e-12	4.276037416e-12	4.606024161e-12	4.918904947e-12	4.344009109e-12	5.082730292e-12	4.517856887e-12	4.964269647e-12	4.071293414e-12	5.100740530e-12	4.606627014e-12	4.540313167e-12	4.564276580e-12	3.984181133e-12	4.429538900e-12	4.605496664e-12	4.743700750e-12	4.431046033e-12	4.597584217e-12	4.484624607e-12	4.627877588e-12	4.880397702e-12	4.701048889e-12	4.777159100e-12	4.469176495e-12	4.432779236e-12	4.154939289e-12	4.115377051e-12	4.358326872e-12	4.159536044e-12	4.344611962e-12	4.405650844e-12	3.768058278e-12	4.472341474e-12	4.396909473e-12	4.906245031e-12	4.222157416e-12	3.904227734e-12	3.785088879e-12	4.059688491e-12	3.978981525e-12	4.384475627e-12	4.188397639e-12	4.454406593e-12	3.760145830e-12	4.055920658e-12	3.913647314e-12	4.231953779e-12	4.156672492e-12	4.048234281e-12	4.154035009e-12	3.965492686e-12	3.855547342e-12	3.817944376e-12	3.780642837e-12	3.931054699e-12	3.645754444e-12	4.287114843e-12	4.429011404e-12	4.470909698e-12	4.776857673e-12	4.029771903e-12	4.198646143e-12	4.177998422e-12	3.249378496e-12	3.610336822e-12	3.565273548e-12	3.763235453e-12	3.680192431e-12	3.498356848e-12	3.678308515e-12	3.466857771e-12	3.537240877e-12	3.470173463e-12	3.228730776e-12	2.921124954e-12	3.062795445e-12	2.959255416e-12	3.599786891e-12	3.866097272e-12	3.731736375e-12	4.198646143e-12	3.958484518e-12	3.960669860e-12	4.128715177e-12	4.037307567e-12	3.423226274e-12	3.909954839e-12	3.681322780e-12	3.050813739e-12	3.134534970e-12	3.002359417e-12	3.271533349e-12	3.862781580e-12	3.308608818e-12	3.595340849e-12	3.324810497e-12	3.462261016e-12	3.541837632e-12	3.490670471e-12	3.254804174e-12	3.752685522e-12	4.105429974e-12	3.833995341e-12	3.428802666e-12	2.877568814e-12	3.360529546e-12	3.295647476e-12	3.522470975e-12	3.363694525e-12	3.146516677e-12	3.427220176e-12	3.583283786e-12	3.523978107e-12	3.520662415e-12	3.904453804e-12	3.607096486e-12	4.565180860e-12	3.687502025e-12	3.785088879e-12	4.342200550e-12	4.045973581e-12	3.829398586e-12	3.790665271e-12	3.776272152e-12	3.647186221e-12	3.476654135e-12	3.519079926e-12	3.626387787e-12	3.555703255e-12	3.794885243e-12	3.885388573e-12	3.992771791e-12	3.601143311e-12	3.207028062e-12	3.331065098e-12	3.382458330e-12	4.110026729e-12	3.658339004e-12	3.653440822e-12	3.597978332e-12	3.645302304e-12	3.620434612e-12	3.394138610e-12	3.750726250e-12	3.484943366e-12	3.070783249e-12	3.863987286e-12	3.008990801e-12	2.965886801e-12
9.481372968e-13	7.684870571e-13	5.559813206e-13	4.012741301e-13	6.022503001e-13	7.169431125e-13	4.452824103e-13	7.106131544e-13	8.415076453e-13	5.014231102e-13	2.755038910e-13	5.528163415e-13	8.976483452e-13	1.288598615e-12	1.152579872e-12	5.504049289e-13	4.862010681e-13	8.030757568e-13	2.934387723e-13	5.094109145e-13	8.808438136e-13	6.759490981e-13	2.293856248e-13	7.147577698e-13	6.545478112e-13	6.189041185e-13	1.089883144e-12	1.481134841e-12	1.449485050e-12	1.142029942e-12	1.145044208e-12	6.044356428e-13	9.410537722e-13	6.697698533e-13	7.197313083e-13	2.519926181e-13	-4.755004246e-14	2.425730375e-13	2.712085623e-13	6.864990283e-14	3.030844228e-13	-1.785952467e-14	3.795714166e-13	3.155182691e-13	6.442993075e-14	5.440749708e-13	1.461165330e-13	-6.527392517e-13	1.311205608e-14	3.825103257e-13	1.124321131e-13	9.645650452e-15	3.101679474e-13	7.769270013e-14	-3.298360315e-13	-1.575707429e-13	2.813063526e-13	-2.190617646e-13	-1.128842529e-13	-3.462637799e-13	2.320984640e-14	1.700045892e-13	-7.377415463e-14	-2.599804223e-14	-1.879394705e-13	3.489012624e-14	-1.767866872e-13	-1.665381836e-14	-3.112229404e-14	3.156689824e-13	-2.121289533e-13	2.268234989e-13	-1.780677501e-13	4.544005643e-14	-3.106200872e-13	-2.857523946e-13	-3.752760879e-14	4.852967884e-14	-1.461918897e-14	3.105447306e-13	2.792717232e-13	7.956908057e-13	2.753531778e-13	1.177070782e-13	1.703813724e-13	9.088011285e-14	3.148400593e-13	2.185342681e-13	6.158144961e-13	4.619362287e-14	1.180085048e-13	3.523676681e-13	4.598262426e-13	5.910975168e-13	3.464898498e-13	4.307626921e-11	1.254740875e-11	6.148348597e-13	3.375977658e-14	6.005924539e-14	-1.431776239e-14	-3.754268012e-13	-6.465600069e-14	2.788195834e-14	-6.593706364e-14	1.341348266e-14	-4.540991377e-13	-2.545547440e-13	-5.716555026e-13	-2.333795270e-13	-8.462551139e-14	3.895938503e-14	-1.309698475e-13	-4.800971799e-13	-2.239599464e-13	-1.804038061e-13	-4.737672218e-13	-7.303565952e-13	-7.761734348e-15	-5.754986914e-13	-8.236481206e-14	-2.250902961e-13	-5.090341313e-13	-1.080086781e-12	-5.271197259e-13	-1.900494566e-13	-7.272669728e-13	1.804038061e-13	-1.098398445e-12	-5.457328170e-13	2.187603380e-13	-4.398567319e-13	-2.099436106e-13	-3.873331510e-14	1.273527286e-13	-6.706741330e-13	-3.020294298e-13	-2.988644507e-13	-8.907155339e-14	-1.494322254e-13	-2.522940446e-13	5.855211251e-14	-2.276524220e-13	-4.375960326e-13	-1.495075820e-13	1.006764766e-13	-5.193579915e-13	-3.245610664e-13	-1.834934285e-13	-6.006678106e-13	-5.137815999e-13	-1.069310781e-13	-8.455015474e-14	-2.374487857e-13	-1.519943513e-13	-4.949424388e-13	9.442187513e-14	-2.923837793e-13	9.208581916e-14	-2.738460449e-13	-3.044408424e-13	-5.388753624e-13	-2.220760303e-13	-3.129561432e-13	-3.103940173e-13	-3.082086746e-14	-4.794943268e-13	-6.795662170e-13	-3.057219053e-13	-3.702271927e-13	-3.583961996e-13	3.403859617e-13	-1.242631062e-13	-5.657776843e-13	6.804704967e-14	-3.103940173e-13	-1.326276937e-14	-5.765536845e-13	-8.014932673e-13	-7.963690155e-13	-5.222969007e-13	-5.751972649e-13	-2.541026041e-13	-5.452053205e-13	-6.455050139e-13	-6.452035873e-13	-6.816008464e-13	-2.533490377e-13	-5.410607051e-13	-1.060117270e-12	-1.022212878e-12	-4.279503822e-13	-8.145299667e-13	-3.962252350e-13	-6.904175738e-13	-7.199573783e-13	-6.326943843e-13	-5.589202297e-13	-6.155130695e-13	-9.299009889e-13	-3.904227734e-13	-1.659353304e-13	-3.961498783e-13	-7.166416859e-13	-8.914691004e-13	-9.886791713e-13	-6.956925389e-13	-9.859663322e-13	-7.551489311e-13	-7.487436164e-13	-7.584646234e-13	-3.011251501e-13	-2.352634431e-13	5.478428030e-14	-3.262942692e-14	-3.038379892e-13	-4.548527041e-13	-5.084312781e-13	-5.109934040e-13	-4.402335152e-13	-6.103134610e-13	-8.348009040e-13	-5.950160623e-13	-6.348043704e-13	-2.816831359e-13	1.470961694e-13	1.781431068e-13	-1.018068263e-13	-9.947077029e-15	-2.984876675e-13	-3.246364230e-13	2.042165057e-14	-1.744506312e-13	-1.576460996e-13	-2.902737933e-13	-6.132523702e-13	-8.160370996e-13	-3.411395281e-13	-2.095668274e-13	-7.935054630e-14	-5.296064951e-13	-3.528951646e-13	-1.418212043e-13	7.181488188e-14	1.604342954e-13	-5.527409849e-13	8.816727366e-14	-3.285549685e-13	-8.809191702e-14	-1.996197504e-13	-7.331447910e-13
-2.050002148e-12	-2.266049646e-12	-2.614046629e-12	-2.480514656e-12	-2.618492671e-12	-2.530476111e-12	-2.730548001e-12	-2.435752809e-12	-2.646449986e-12	-2.397999130e-12	-3.042825934e-12	-2.783975862e-12	-2.856092170e-12	-3.006202605e-12	-2.895880478e-12	-2.713517399e-12	-2.553912027e-12	-2.565064810e-12	-2.673955161e-12	-2.781187666e-12	-2.598673874e-12	-2.406815858e-12	-3.165506551e-12	-2.348791242e-12	-2.416386152e-12	-2.322265703e-12	-2.007274930e-12	-2.431608194e-12	-2.001321756e-12	-2.622109790e-12	-2.565818377e-12	-2.899874380e-12	-3.047799473e-12	-2.786764058e-12	-3.001304424e-12	-2.561146265e-12	-2.789853680e-12	-2.562578041e-12	-2.523694013e-12	-2.904697206e-12	-2.201318289e-12	-2.415632585e-12	-2.066806679e-12	-2.040657924e-12	-2.549164559e-12	-1.970048748e-12	-2.170949562e-12	-2.467553313e-12	-2.713894183e-12	-2.945841933e-12	-2.084138707e-12	-2.629344028e-12	-2.251731884e-12	-1.992052888e-12	-1.800194872e-12	-2.086097980e-12	-2.015865588e-12	-1.363126336e-12	-9.571800941e-13	-1.551970086e-12	-1.577666702e-12	-2.305009031e-12	-1.912853055e-12	-2.079541952e-12	-2.268310346e-12	-2.183534121e-12	-2.272078178e-12	-2.296418374e-12	-2.195741897e-12	-2.172682764e-12	-2.123248806e-12	-2.235379492e-12	-2.157536079e-12	-2.147362932e-12	-2.003657812e-12	-1.604041528e-12	-2.119556330e-12	-2.393327018e-12	-2.054222120e-12	-2.375618207e-12	-1.611351122e-12	-1.964698426e-12	-1.775930033e-12	-2.490461733e-12	-2.363862571e-12	-2.488050320e-12	-2.199961870e-12	-1.719412550e-12	-1.716699711e-12	-2.152336470e-12	-1.927547601e-12	-1.555888632e-12	-1.321001972e-12	-1.850985250e-12	-1.197869216e-12	-1.609316493e-12	1.911255494e-11	-1.370360574e-12	-2.537258209e-12	-1.938022174e-12	-1.581735961e-12	-2.157310009e-12	-1.989867546e-12	-2.162434261e-12	-2.642154657e-12	-2.244799073e-12	-1.976303350e-12	-2.127619491e-12	-2.115261002e-12	-1.635992745e-12	-1.965527350e-12	-1.567493555e-12	-1.683392074e-12	-1.575029220e-12	-1.927849027e-12	-1.668772885e-12	-1.605624017e-12	-1.544132995e-12	-1.503515764e-12	-1.595375513e-12	-1.802078788e-12	-1.226580097e-12	-1.163506586e-12	-1.483244827e-12	-1.077750725e-12	-9.108357579e-13	-1.453478953e-12	-1.741115263e-12	-1.976077280e-12	-1.689420605e-12	-1.609316493e-12	-1.660935794e-12	-1.905694174e-12	-1.972610874e-12	-1.983839014e-12	-1.914887685e-12	-1.898610650e-12	-1.888362146e-12	-2.164016750e-12	-2.296041591e-12	-1.663271850e-12	-2.332740277e-12	-2.183534121e-12	-2.327917451e-12	-2.009761700e-12	-2.043596833e-12	-1.822349726e-12	-2.471019719e-12	-2.263186094e-12	-1.732750676e-12	-2.219554597e-12	-2.224000639e-12	-1.775930033e-12	-2.112698876e-12	-1.630868493e-12	-1.479100212e-12	-1.911270566e-12	-1.691530591e-12	-2.149548275e-12	-2.144273310e-12	-1.883087181e-12	-2.237866262e-12	-1.947969251e-12	-1.740889193e-12	-2.021743406e-12	-1.961458091e-12	-1.739758844e-12	-1.964623070e-12	-2.812762100e-12	-2.154446456e-12	-1.857767348e-12	-2.260247185e-12	-2.302522262e-12	-2.088057253e-12	-2.506437341e-12	-2.249998681e-12	-2.119179547e-12	-1.796879180e-12	-1.858144132e-12	-2.226713478e-12	-1.935083265e-12	-2.196646177e-12	-1.920690146e-12	-1.431324099e-12	-1.719261836e-12	-1.926341895e-12	-2.341557004e-12	-1.731243543e-12	-1.931767573e-12	-2.383153871e-12	-2.222192080e-12	-1.965075210e-12	-2.224904919e-12	-2.389408473e-12	-1.904789894e-12	-2.070423798e-12	-1.780376075e-12	-1.917148384e-12	-2.418270068e-12	-1.861987320e-12	-1.576310282e-12	-1.937946818e-12	-1.993560021e-12	-2.275846010e-12	-1.787610313e-12	-2.347510179e-12	-2.211491436e-12	-1.997101783e-12	-1.836366061e-12	-2.021291266e-12	-2.658205623e-12	-2.669961259e-12	-1.190634978e-12	-2.407870851e-12	-2.004863518e-12	-1.497261163e-12	-1.815416914e-12	-1.864624803e-12	-1.049115200e-12	-1.441723316e-12	-1.761009417e-12	-1.896199237e-12	-1.398694672e-12	-2.060175295e-12	-1.576310282e-12	-2.081049085e-12	-2.156405729e-12	-1.940207517e-12	-1.719638620e-12	-2.425730375e-12	-2.219705310e-12	-1.860103404e-12	-2.050228218e-12	-2.364390067e-12	-2.381646739e-12	-2.058743518e-12	-2.690081483e-12	-2.289259493e-12	-2.481117509e-12	-2.065600973e-12	-2.399807690e-12	-1.986250427e-12	-2.291972332e-12	-2.076527686e-12	-1.953394930e-12	-2.172155268e-12	-1.980824748e-12	-2.004411378e-12	-2.223096359e-12	-2.531983244e-12	-2.414502235e-12
-3.818999369e-12	-3.689235228e-12	-3.615385717e-12	-3.748390194e-12	-3.602650444e-12	-3.979810448e-12	-3.573939562e-12	-3.731736375e-12	-4.233008772e-12	-4.018845190e-12	-3.470173463e-12	-4.009727036e-12	-4.062099903e-12	-3.806791593e-12	-4.187870142e-12	-4.081165134e-12	-4.258253248e-12	-4.245668688e-12	-4.517254034e-12	-4.066169162e-12	-4.728403351e-12	-3.899103482e-12	-4.245668688e-12	-4.124193778e-12	-3.946276741e-12	-4.565633000e-12	-4.315675011e-12	-4.465031880e-12	-4.767438093e-12	-4.827798765e-12	-4.195631877e-12	-3.952154559e-12	-4.158104268e-12	-3.921936545e-12	-3.835879258e-12	-4.157501415e-12	-3.736257774e-12	-3.923142251e-12	-3.807017663e-12	-3.795488096e-12	-3.790514558e-12	-3.890211398e-12	-4.249361164e-12	-3.759769047e-12	-4.372493921e-12	-4.316428577e-12	-4.021708742e-12	-4.394422704e-12	-3.586524122e-12	-4.163982086e-12	-3.846956684e-12	-3.652611899e-12	-3.567760318e-12	-3.815156180e-12	-3.508228569e-12	-3.865192992e-12	-4.003773861e-12	-4.013720938e-12	-3.598882612e-12	-3.603856150e-12	-3.606644346e-12	-3.639876626e-12	-3.461733519e-12	-3.535658387e-12	-2.962495752e-12	-3.605212570e-12	-3.096027725e-12	-3.119614355e-12	-3.234683950e-12	-3.258044510e-12	-3.365126302e-12	-3.264977321e-12	-3.237698216e-12	-2.975833878e-12	-2.912534297e-12	-3.406044959e-12	-3.399639645e-12	-3.040263809e-12	-3.169726523e-12	-2.967770717e-12	-3.222476174e-12	-3.448093967e-12	-3.540104429e-12	-3.002811556e-12	-3.513352821e-12	-3.419458442e-12	-4.105731400e-12	-3.685844179e-12	-3.500014695e-12	-3.959087371e-12	-3.620585325e-12	-3.899932405e-12	-3.358419560e-12	-3.820657215e-12	-3.488635841e-12	-3.321796231e-12	2.631883547e-11	-3.111927977e-12	-3.675671032e-12	-4.051851400e-12	-3.799557355e-12	-4.156597135e-12	-4.509341586e-12	-4.092619344e-12	-3.860370167e-12	-3.385774022e-12	-4.024120155e-12	-3.812744768e-12	-3.690893074e-12	-3.828720376e-12	-3.594285856e-12	-3.466782414e-12	-3.830001439e-12	-3.515990303e-12	-3.446360764e-12	-2.991432703e-12	-2.903039360e-12	-3.080127473e-12	-3.142598131e-12	-3.572507786e-12	-3.528725576e-12	-3.967301245e-12	-3.484114443e-12	-3.520888485e-12	-4.062627400e-12	-3.124286467e-12	-3.996690336e-12	-3.567534248e-12	-3.884107510e-12	-3.863158363e-12	-3.896541356e-12	-3.843038139e-12	-3.843791705e-12	-3.621338892e-12	-2.954507947e-12	-3.227901852e-12	-3.085327082e-12	-3.217351922e-12	-3.550880429e-12	-3.735880991e-12	-2.979677067e-12	-3.193614579e-12	-3.317802329e-12	-3.224058664e-12	-3.068145767e-12	-2.844864030e-12	-3.822616488e-12	-3.292181070e-12	-3.221647251e-12	-3.733921718e-12	-3.032577431e-12	-2.967393934e-12	-3.124361823e-12	-3.716589690e-12	-3.477709128e-12	-3.341012175e-12	-3.385924735e-12	-3.500165408e-12	-3.544022975e-12	-3.524505604e-12	-2.913212506e-12	-3.035667053e-12	-3.236266440e-12	-3.147345600e-12	-3.362488819e-12	-3.528273436e-12	-3.524882387e-12	-3.400317854e-12	-3.900007762e-12	-3.793152040e-12	-3.400619281e-12	-3.587353045e-12	-3.414937043e-12	-3.911688042e-12	-3.802646977e-12	-4.247025108e-12	-3.924498671e-12	-3.543947618e-12	-3.920127986e-12	-3.333928651e-12	-3.094520592e-12	-3.300018161e-12	-3.343725015e-12	-3.317802329e-12	-3.735353494e-12	-3.393611113e-12	-3.703703704e-12	-3.118333292e-12	-3.135665320e-12	-3.045990913e-12	-2.873650268e-12	-3.499185771e-12	-3.636787004e-12	-4.030224043e-12	-3.672355340e-12	-3.585393772e-12	-3.749143760e-12	-3.778080711e-12	-3.805811957e-12	-3.806414810e-12	-3.272965126e-12	-3.487128708e-12	-3.073496089e-12	-3.248172790e-12	-3.356535644e-12	-3.350959252e-12	-3.198135978e-12	-4.117034897e-12	-3.370401267e-12	-3.386829015e-12	-3.804832320e-12	-3.529328429e-12	-3.711992935e-12	-3.499185771e-12	-3.669039647e-12	-3.357213854e-12	-3.501823254e-12	-3.521717408e-12	-3.572884569e-12	-3.625634220e-12	-4.594569951e-12	-4.533681782e-12	-4.255540409e-12	-4.150417890e-12	-4.186890506e-12	-3.827363957e-12	-4.303919374e-12	-3.924347958e-12	-3.917490503e-12	-4.008219903e-12	-3.444401491e-12	-3.604835787e-12	-4.232029136e-12	-4.400903375e-12	-4.387037753e-12	-3.828192880e-12	-4.265487486e-12	-4.150493247e-12	-3.467309911e-12	-3.804606250e-12	-3.898575985e-12	-4.010254532e-12	-4.085460463e-12	-4.029545833e-12	-4.054338169e-12	-4.110780295e-12	-3.893451734e-12	-3.955997748e-12	-4.574525084e-12	-4.131578729e-12	-4.353428690e-12
-4.774446261e-12	-5.044072333e-12	-4.905868248e-12	-4.725087659e-12	-4.891022989e-12	-5.291694266e-12	-5.098555187e-12	-4.994412305e-12	-4.707077421e-12	-5.042565200e-12	-4.716723071e-12	-4.428031767e-12	-4.572716524e-12	-5.041962347e-12	-4.502559488e-12	-4.843548303e-12	-4.322683179e-12	-4.414166145e-12	-4.973764584e-12	-4.695547854e-12	-4.490653139e-12	-4.947389759e-12	-4.957713619e-12	-5.143919887e-12	-4.617327657e-12	-4.690649672e-12	-4.617704441e-12	-4.573168664e-12	-5.080017453e-12	-4.884391604e-12	-4.930057731e-12	-4.569400832e-12	-4.915212472e-12	-4.506854817e-12	-4.591028189e-12	-4.403917641e-12	-4.739857561e-12	-5.261024112e-12	-5.663277878e-12	-4.957713619e-12	-4.544759209e-12	-4.833224443e-12	-5.115359719e-12	-4.864723520e-12	-4.573394734e-12	-5.164416894e-12	-5.050100865e-12	-4.338809501e-12	-4.139114394e-12	-4.437149921e-12	-4.894640108e-12	-4.925008836e-12	-4.850028975e-12	-5.100665173e-12	-5.256879496e-12	-5.115887215e-12	-4.811220303e-12	-5.172706125e-12	-4.494722397e-12	-4.678667966e-12	-4.455386229e-12	-4.162248883e-12	-4.533606426e-12	-4.189527989e-12	-4.503915908e-12	-3.890889608e-12	-4.493742761e-12	-3.960217720e-12	-4.511526929e-12	-4.150794673e-12	-4.242503709e-12	-4.939552668e-12	-5.172404698e-12	-5.076475690e-12	-4.871505618e-12	-4.651087434e-12	-4.723655882e-12	-4.528105391e-12	-4.927420248e-12	-4.870752052e-12	-4.803684638e-12	-4.875574877e-12	-4.958467186e-12	-4.645360329e-12	-4.408439040e-12	-4.476486090e-12	-4.558775545e-12	-4.202338618e-12	-4.777083743e-12	-4.337227011e-12	-4.345666955e-12	-4.839177618e-12	-4.885295884e-12	-4.868265283e-12	-4.415597921e-12	-4.671433728e-12	-3.200095251e-12	-3.886744992e-12	-4.882809115e-12	-4.923426346e-12	-4.439109194e-12	-4.465634733e-12	-5.189586013e-12	-4.253430423e-12	-4.739480778e-12	-4.522905782e-12	-4.389298452e-12	-4.420646816e-12	-4.797580750e-12	-4.802478932e-12	-4.680777952e-12	-4.851234681e-12	-4.913479269e-12	-4.765554177e-12	-5.217995468e-12	-4.732246540e-12	-5.214981202e-12	-4.955076137e-12	-4.842116527e-12	-4.648073168e-12	-4.734356526e-12	-4.825764135e-12	-4.443253809e-12	-4.541971013e-12	-4.397587683e-12	-5.118298628e-12	-5.029829928e-12	-4.689443966e-12	-5.319274798e-12	-5.126813929e-12	-4.881000555e-12	-4.717250568e-12	-4.965098570e-12	-5.671943892e-12	-5.482648002e-12	-5.486189765e-12	-5.099610180e-12	-4.677386903e-12	-4.555987349e-12	-4.838424051e-12	-4.550109531e-12	-4.682285085e-12	-4.430518537e-12	-4.364053976e-12	-4.311078256e-12	-4.996446934e-12	-4.884391604e-12	-4.701802456e-12	-4.205202171e-12	-4.899387577e-12	-4.758847435e-12	-5.009182207e-12	-4.980169899e-12	-5.501336450e-12	-5.195087048e-12	-4.653046707e-12	-4.895242961e-12	-4.887707297e-12	-4.893132975e-12	-5.205410908e-12	-5.280767553e-12	-5.150249845e-12	-4.813028862e-12	-5.439242575e-12	-5.229600391e-12	-5.338867525e-12	-5.418218072e-12	-4.967208556e-12	-5.517462772e-12	-5.493348646e-12	-5.301189203e-12	-4.945882626e-12	-5.152661258e-12	-4.852289674e-12	-5.130355691e-12	-4.877835576e-12	-4.774370904e-12	-4.962310374e-12	-4.724484805e-12	-4.987705564e-12	-5.191771356e-12	-5.172630768e-12	-5.112194740e-12	-5.110838320e-12	-5.779101040e-12	-5.609021095e-12	-5.255447720e-12	-4.758546009e-12	-5.122292530e-12	-4.932092360e-12	-4.986349144e-12	-4.955302207e-12	-5.007072221e-12	-5.431405484e-12	-4.639331798e-12	-4.866456723e-12	-4.952740081e-12	-4.982430598e-12	-4.944149423e-12	-5.023424613e-12	-5.281068979e-12	-5.513619583e-12	-5.730797432e-12	-5.687241291e-12	-4.955678990e-12	-5.548509709e-12	-5.160046209e-12	-5.069166096e-12	-5.480161233e-12	-5.373154798e-12	-5.370668029e-12	-5.143844530e-12	-5.728235306e-12	-5.462979918e-12	-4.934202346e-12	-5.360344169e-12	-5.216563692e-12	-4.905868248e-12	-5.343313567e-12	-5.329975441e-12	-5.687241291e-12	-5.201115580e-12	-5.186496391e-12	-5.332236141e-12	-4.740234344e-12	-4.793210065e-12	-4.411604019e-12	-4.790572582e-12	-4.711071323e-12	-5.394480729e-12	-5.319651581e-12	-5.194484195e-12	-5.181296782e-12	-5.222064727e-12	-5.715273963e-12	-5.105940138e-12	-5.215659412e-12	-5.641575165e-12	-5.891382440e-12	-5.341052868e-12	-6.240585129e-12	-5.643534438e-12	-5.508419975e-12	-5.675937795e-12	-5.266374434e-12	-5.068487886e-12	-5.078962460e-12	-4.972935661e-12	-5.101117313e-12	-4.858468919e-12	-5.441051135e-12
-5.637958046e-12	-6.432669215e-12	-6.785338310e-12	-6.172010583e-12	-6.529954643e-12	-6.207503562e-12	-5.746320900e-12	-5.930869322e-12	-5.998313518e-12	-5.369386966e-12	-5.974199392e-12	-5.894848846e-12	-6.441561299e-12	-5.735544900e-12	-6.165529912e-12	-6.223102388e-12	-6.306446836e-12	-6.426489970e-12	-6.347742277e-12	-5.814217237e-12	-5.869227587e-12	-6.063270946e-12	-5.934712511e-12	-5.694927669e-12	-5.579556647e-12	-6.116548093e-12	-6.168242751e-12	-6.112704904e-12	-6.141792569e-12	-6.515260097e-12	-6.643592462e-12	-6.653916322e-12	-6.735376855e-12	-6.402451201e-12	-6.347817634e-12	-6.716160911e-12	-6.370726054e-12	-5.891909937e-12	-5.818964705e-12	-5.844661321e-12	-5.954606665e-12	-5.231182881e-12	-5.337661819e-12	-5.649261543e-12	-5.463582771e-12	-5.673978522e-12	-5.875708258e-12	-5.729139585e-12	-5.843078831e-12	-5.431480841e-12	-5.535397653e-12	-5.934411084e-12	-5.196066685e-12	-5.688522354e-12	-5.534191947e-12	-5.726200676e-12	-5.353411358e-12	-5.730269935e-12	-5.714897180e-12	-6.337493774e-12	-6.295595480e-12	-5.685131305e-12	-6.435909551e-12	-5.729893152e-12	-5.701785124e-12	-5.901254161e-12	-5.852950552e-12	-6.396196599e-12	-6.412021495e-12	-5.764858635e-12	-6.567557608e-12	-5.762597935e-12	-6.623849021e-12	-6.051816736e-12	-6.108032792e-12	-5.845414887e-12	-5.813915810e-12	-5.690104844e-12	-6.197933269e-12	-5.610377514e-12	-6.290320514e-12	-6.080678330e-12	-5.934561797e-12	-6.087083645e-12	-6.122350555e-12	-6.518274363e-12	-5.739463446e-12	-6.243825465e-12	-5.555668591e-12	-5.885127839e-12	-5.183406768e-12	-5.666292144e-12	-5.493348646e-12	-6.630480406e-12	-6.136894387e-12	-5.850689852e-12	-5.694098746e-12	1.144215285e-12	-6.032600791e-12	-5.902233797e-12	-6.216018863e-12	-6.064853435e-12	-6.116397380e-12	-6.458064404e-12	-5.662675025e-12	-6.323929578e-12	-5.693420536e-12	-5.694852312e-12	-5.705176173e-12	-5.835618524e-12	-5.704422606e-12	-5.902535224e-12	-6.209764262e-12	-5.687467361e-12	-5.951140259e-12	-5.946166721e-12	-6.109916708e-12	-5.931170748e-12	-5.335928616e-12	-5.449340366e-12	-5.639389822e-12	-5.654762578e-12	-6.453467649e-12	-5.852573769e-12	-5.637053766e-12	-6.265076039e-12	-6.300116878e-12	-6.133277268e-12	-5.895300986e-12	-6.140360793e-12	-6.104340317e-12	-5.339545735e-12	-5.748054103e-12	-6.107806722e-12	-6.012555924e-12	-5.773373935e-12	-5.996354246e-12	-6.251737913e-12	-5.688070214e-12	-6.303809354e-12	-5.590031220e-12	-5.857095167e-12	-5.764406495e-12	-5.993339980e-12	-5.359213819e-12	-5.237738909e-12	-4.858318205e-12	-5.313999833e-12	-5.444743610e-12	-5.731852425e-12	-5.160422992e-12	-5.918209406e-12	-5.644664787e-12	-5.540521905e-12	-5.603896843e-12	-5.855738748e-12	-5.837201013e-12	-5.632758437e-12	-5.688899137e-12	-5.647829766e-12	-5.910296958e-12	-5.898164538e-12	-5.568780647e-12	-5.774202859e-12	-5.153264111e-12	-5.770133600e-12	-5.930944678e-12	-5.284460028e-12	-5.606760395e-12	-6.017680176e-12	-6.082411533e-12	-5.923635084e-12	-5.891683867e-12	-5.810449404e-12	-5.516106352e-12	-5.893266356e-12	-5.591538353e-12	-5.979172931e-12	-6.188815115e-12	-6.433121355e-12	-6.672454057e-12	-6.004266693e-12	-5.876612538e-12	-5.907810189e-12	-5.998388875e-12	-5.698544788e-12	-5.855211251e-12	-5.806832285e-12	-5.840742775e-12	-6.023859421e-12	-6.229055563e-12	-5.953551672e-12	-5.877064678e-12	-6.043979645e-12	-5.906453769e-12	-5.700504061e-12	-6.081808680e-12	-6.190322248e-12	-6.494461663e-12	-5.774202859e-12	-6.138476876e-12	-6.343220879e-12	-6.293259424e-12	-6.103209967e-12	-6.243524038e-12	-6.050158889e-12	-6.232748038e-12	-5.745567334e-12	-5.815121516e-12	-5.583851975e-12	-5.700956200e-12	-5.606609682e-12	-5.762899362e-12	-5.828610356e-12	-5.863425125e-12	-5.690707697e-12	-5.938555699e-12	-5.983242189e-12	-5.861390496e-12	-6.178868038e-12	-5.652727948e-12	-5.617310325e-12	-5.722960341e-12	-5.413772030e-12	-5.432309764e-12	-4.765252750e-12	-5.256050573e-12	-5.706231166e-12	-5.812936174e-12	-5.651220815e-12	-5.782190663e-12	-5.663127165e-12	-5.476242688e-12	-5.595682969e-12	-5.561471052e-12	-5.441352561e-12	-5.185064615e-12	-5.773750719e-12	-6.324457074e-12	-6.079321911e-12	-6.302980431e-12	-5.877441461e-12	-5.690406270e-12	-5.162306908e-12	-5.659585403e-12	-5.279712560e-12	-5.521908814e-12	-5.745039837e-12	-5.631477375e-12	-6.283990556e-12	-5.919113685e-12
-6.290546584e-12	-6.502976964e-12	-6.429052096e-12	-6.704179204e-12	-6.203358947e-12	-5.883319279e-12	-5.911351951e-12	-6.195823283e-12	-5.954003812e-12	-6.457838334e-12	-6.727162981e-12	-6.151438219e-12	-6.191377241e-12	-6.430257803e-12	-6.009617015e-12	-6.042773938e-12	-6.361381830e-12	-6.025065127e-12	-6.400642641e-12	-6.172613436e-12	-6.488960628e-12	-6.348571200e-12	-5.836447447e-12	-6.733945079e-12	-6.469217188e-12	-7.247048469e-12	-6.721059092e-12	-6.888802982e-12	-6.989931599e-12	-6.786770086e-12	-6.956473249e-12	-6.875238786e-12	-6.591068881e-12	-7.146070565e-12	-7.093170201e-12	-7.082092775e-12	-6.985485557e-12	-6.577806112e-12	-6.370575340e-12	-6.474416796e-12	-6.733568295e-12	-6.579840741e-12	-6.890536185e-12	-6.428976740e-12	-6.329355256e-12	-6.303281857e-12	-5.572397766e-12	-6.071032680e-12	-5.914366217e-12	-6.277509885e-12	-6.587150336e-12	-6.535757104e-12	-6.513526894e-12	-6.363416459e-12	-6.037649687e-12	-6.315338920e-12	-6.834320129e-12	-6.642612826e-12	-6.397703732e-12	-6.463942223e-12	-6.647963148e-12	-6.359497914e-12	-6.818118450e-12	-6.545628825e-12	-6.378638501e-12	-6.025667980e-12	-5.904795923e-12	-5.932828595e-12	-6.123706974e-12	-6.102154974e-12	-6.333952011e-12	-6.241715479e-12	-6.471327174e-12	-6.336137354e-12	-6.790387205e-12	-6.644044602e-12	-6.550074867e-12	-6.462585803e-12	-6.541107426e-12	-6.380522417e-12	-6.703727064e-12	-6.265377465e-12	-6.737260771e-12	-6.114438107e-12	-6.878479122e-12	-6.852857863e-12	-6.582930364e-12	-6.516541160e-12	-6.964536410e-12	-6.481123537e-12	-6.465373999e-12	-6.549698084e-12	-6.458591901e-12	-6.489864908e-12	-7.003646508e-12	-6.387530585e-12	-6.582327511e-12	7.197463797e-12	-7.058355432e-12	-7.316150511e-12	-7.169506482e-12	-7.249987378e-12	-6.919548493e-12	-7.000632242e-12	-6.561453720e-12	-6.812768128e-12	-6.533044265e-12	-7.119545027e-12	-7.063931823e-12	-6.444198782e-12	-6.777275149e-12	-6.517445440e-12	-6.052494945e-12	-6.943285836e-12	-6.937332661e-12	-7.030021333e-12	-6.919322423e-12	-7.053758676e-12	-7.275307210e-12	-7.578768416e-12	-7.592860109e-12	-7.381710792e-12	-6.884507654e-12	-7.325871518e-12	-6.967550675e-12	-6.532592125e-12	-6.970037445e-12	-6.368766781e-12	-6.710509162e-12	-6.306296123e-12	-6.743816799e-12	-7.039139487e-12	-6.773130534e-12	-7.144262006e-12	-6.960316438e-12	-6.878780549e-12	-6.795963597e-12	-7.195429167e-12	-6.763108100e-12	-6.293259424e-12	-6.890536185e-12	-6.498078782e-12	-6.872073807e-12	-7.104021558e-12	-6.967927459e-12	-6.755195652e-12	-6.986389836e-12	-7.175384300e-12	-6.893399738e-12	-6.393182334e-12	-6.761374897e-12	-6.865065639e-12	-6.590993525e-12	-7.001611879e-12	-7.132204943e-12	-6.847658255e-12	-7.154585866e-12	-6.479465691e-12	-6.677729022e-12	-7.038913417e-12	-6.721888016e-12	-6.907039290e-12	-6.608476266e-12	-6.606893777e-12	-7.295954931e-12	-6.639146420e-12	-7.416977701e-12	-7.124217139e-12	-7.296482427e-12	-6.899729696e-12	-7.064233250e-12	-7.714711802e-12	-7.708080418e-12	-6.966872466e-12	-7.248404888e-12	-7.160614398e-12	-7.086990956e-12	-7.654351130e-12	-7.321350120e-12	-7.028664914e-12	-7.177644999e-12	-7.029267767e-12	-7.297160637e-12	-7.464150960e-12	-6.891817248e-12	-7.217584021e-12	-7.546741842e-12	-7.537096192e-12	-7.523155213e-12	-7.433556163e-12	-7.159408691e-12	-7.466110233e-12	-7.537849758e-12	-6.861222451e-12	-7.299044553e-12	-7.171390398e-12	-7.319014064e-12	-7.108542957e-12	-7.339435714e-12	-7.873638965e-12	-7.632271634e-12	-7.360987715e-12	-6.985410200e-12	-7.408537757e-12	-7.274402930e-12	-7.774544978e-12	-7.481709059e-12	-6.836053331e-12	-7.193319181e-12	-7.392110009e-12	-7.668819606e-12	-7.335743239e-12	-6.994829781e-12	-8.003553819e-12	-7.773716055e-12	-7.156997279e-12	-7.667312473e-12	-7.298366343e-12	-7.227907881e-12	-7.783437062e-12	-7.524059493e-12	-7.292187098e-12	-7.436269002e-12	-7.262345867e-12	-7.400173170e-12	-7.332653616e-12	-6.931982339e-12	-7.130170314e-12	-7.021204606e-12	-6.657910225e-12	-6.796114310e-12	-6.994679067e-12	-6.892420101e-12	-6.649093497e-12	-6.922864185e-12	-7.045846229e-12	-7.185256020e-12	-6.908320353e-12	-7.108166173e-12	-6.766574505e-12	-7.335215742e-12	-7.480654066e-12	-7.133787432e-12	-7.069734285e-12	-7.021129249e-12	-6.906285724e-12	-7.261969084e-12	-7.203944468e-12	-6.992041585e-12	-7.020827823e-12	-6.729800463e-12
-7.043736243e-12	-7.449079632e-12	-7.542220444e-12	-6.714729134e-12	-6.700411372e-12	-6.658060938e-12	-7.065212886e-12	-7.381635435e-12	-7.826842489e-12	-7.784793481e-12	-7.973185092e-12	-7.880647133e-12	-8.263835668e-12	-7.797905537e-12	-7.354959183e-12	-7.912146210e-12	-7.844852727e-12	-7.995641372e-12	-7.745683383e-12	-7.195956664e-12	-7.073276047e-12	-7.212610482e-12	-7.185406734e-12	-7.243506706e-12	-7.554654290e-12	-7.953441651e-12	-7.981474323e-12	-8.166098101e-12	-7.651487578e-12	-7.320973337e-12	-7.905590182e-12	-7.506049255e-12	-7.426547995e-12	-7.449531771e-12	-7.570253115e-12	-7.461136695e-12	-7.950804168e-12	-7.063781110e-12	-7.304244162e-12	-7.115551125e-12	-6.877800912e-12	-6.971619934e-12	-6.872224521e-12	-7.192791685e-12	-8.002574183e-12	-7.909433371e-12	-7.959244113e-12	-8.044623190e-12	-7.707929704e-12	-7.514037059e-12	-7.479599073e-12	-6.809527793e-12	-6.979683095e-12	-7.676958124e-12	-7.953517008e-12	-7.534307996e-12	-7.614864249e-12	-7.717801425e-12	-7.432049030e-12	-7.367317673e-12	-7.644630123e-12	-7.693235159e-12	-7.055793306e-12	-6.967550675e-12	-7.175535013e-12	-7.199423070e-12	-7.236799965e-12	-7.335969309e-12	-7.146824132e-12	-7.808832251e-12	-7.565430290e-12	-7.557894626e-12	-7.319541560e-12	-7.475002317e-12	-7.737997005e-12	-7.713280026e-12	-7.819156111e-12	-7.678540613e-12	-7.687131271e-12	-8.035731106e-12	-8.188931164e-12	-7.576055577e-12	-7.471686625e-12	-7.831816027e-12	-7.874241818e-12	-7.531670514e-12	-7.056019376e-12	-7.695119075e-12	-8.225931276e-12	-8.028346155e-12	-7.571534178e-12	-7.905665539e-12	-7.490751856e-12	-7.541843661e-12	-6.756627428e-12	-6.487604209e-12	-6.868381332e-12	1.646248784e-11	-7.083298481e-12	-7.000858312e-12	-8.180566576e-12	-7.814257929e-12	-7.978912197e-12	-8.058036673e-12	-8.312440704e-12	-7.966026211e-12	-7.979288980e-12	-8.465866831e-12	-7.574096304e-12	-7.492560415e-12	-7.447120359e-12	-7.334311463e-12	-7.696174068e-12	-7.552242877e-12	-7.688563047e-12	-7.706950068e-12	-7.712526460e-12	-7.687583410e-12	-7.506727464e-12	-7.397309617e-12	-7.686754487e-12	-7.352698484e-12	-7.606348948e-12	-7.651638291e-12	-7.507179604e-12	-7.403262792e-12	-7.432727240e-12	-7.633552697e-12	-7.194449531e-12	-7.661057872e-12	-7.831439244e-12	-7.575452724e-12	-7.683815578e-12	-7.185482090e-12	-7.111255796e-12	-7.384423631e-12	-7.353602763e-12	-7.716897145e-12	-7.225421112e-12	-7.302134176e-12	-7.247575965e-12	-7.809133677e-12	-7.583666598e-12	-7.382841141e-12	-7.044414453e-12	-7.118791460e-12	-7.388643603e-12	-7.342902120e-12	-7.018717837e-12	-7.400173170e-12	-7.024746368e-12	-7.118263964e-12	-7.316225868e-12	-7.316451938e-12	-7.326323658e-12	-7.581481255e-12	-7.597909004e-12	-7.524285562e-12	-7.585550514e-12	-7.346217812e-12	-7.479749786e-12	-7.760377929e-12	-7.660982515e-12	-7.637169815e-12	-8.010109847e-12	-8.128871919e-12	-7.424362652e-12	-7.212836552e-12	-7.990441763e-12	-7.955551637e-12	-8.309727865e-12	-7.756534740e-12	-8.200159304e-12	-7.670929592e-12	-7.706497928e-12	-7.736715942e-12	-8.073334072e-12	-8.073560142e-12	-7.859245846e-12	-7.567841703e-12	-8.327964172e-12	-8.012898043e-12	-7.656913256e-12	-7.631518067e-12	-7.352472414e-12	-7.686453061e-12	-7.813805789e-12	-7.878989287e-12	-7.970849036e-12	-7.879516783e-12	-7.440639687e-12	-7.740182348e-12	-7.884038182e-12	-8.036333960e-12	-7.272971154e-12	-7.605293955e-12	-8.004533456e-12	-7.800995160e-12	-7.858266209e-12	-7.971301176e-12	-7.610267493e-12	-7.041324830e-12	-6.924295962e-12	-7.445462513e-12	-6.955795039e-12	-7.285028217e-12	-7.401077449e-12	-7.782457425e-12	-7.953517008e-12	-7.656988613e-12	-8.144998240e-12	-7.689090543e-12	-8.076725121e-12	-7.960826602e-12	-7.939952812e-12	-7.801748726e-12	-7.580727689e-12	-7.471083772e-12	-7.258804105e-12	-7.076290313e-12	-7.100630509e-12	-7.257673755e-12	-7.604992528e-12	-6.675091539e-12	-7.484120471e-12	-7.291584245e-12	-6.844719345e-12	-7.254885560e-12	-6.930625920e-12	-7.194223461e-12	-7.556236780e-12	-6.838766171e-12	-7.059937921e-12	-7.199498426e-12	-6.979004885e-12	-6.674790113e-12	-6.698527456e-12	-6.522268265e-12	-7.138610258e-12	-6.670042644e-12	-6.498606279e-12	-6.699582449e-12	-6.673132267e-12	-6.717366617e-12	-6.376227089e-12	-6.889933332e-12	-6.817666310e-12	-6.763861666e-12	-6.809829219e-12	-6.680140435e-12	-6.976216690e-12
-6.687676099e-12	-7.025952075e-12	-7.154359796e-12	-6.944340829e-12	-6.796038953e-12	-6.757079568e-12	-6.623396882e-12	-7.224140049e-12	-7.052703683e-12	-7.280958959e-12	-7.071618201e-12	-7.287665700e-12	-7.275985420e-12	-6.989027319e-12	-7.688487690e-12	-7.661208585e-12	-8.094207862e-12	-7.543350793e-12	-7.635135186e-12	-7.655556837e-12	-7.859321202e-12	-7.704011159e-12	-7.768441090e-12	-8.154041038e-12	-7.544330430e-12	-7.563621731e-12	-7.857738713e-12	-7.703935802e-12	-7.562114598e-12	-7.664222851e-12	-8.095941065e-12	-7.150365894e-12	-7.771681425e-12	-7.856306937e-12	-7.460835268e-12	-7.916893679e-12	-7.713656809e-12	-7.731064194e-12	-7.791726293e-12	-7.821642880e-12	-7.679369536e-12	-7.010654676e-12	-7.636340892e-12	-7.253830567e-12	-7.258578035e-12	-7.597833647e-12	-7.423006233e-12	-7.708984697e-12	-7.633703410e-12	-8.015008029e-12	-7.991722826e-12	-7.961429455e-12	-7.584118738e-12	-8.024276896e-12	-7.526094122e-12	-7.561813171e-12	-8.498345545e-12	-8.058564170e-12	-7.751937984e-12	-7.343806400e-12	-7.147050202e-12	-7.360158792e-12	-7.672738151e-12	-7.543124724e-12	-7.163176524e-12	-7.179152132e-12	-7.146371992e-12	-7.283897868e-12	-7.497986094e-12	-6.863859933e-12	-7.263476217e-12	-7.680876669e-12	-7.705292222e-12	-7.568595269e-12	-7.215247965e-12	-7.498588947e-12	-7.458499212e-12	-6.969133165e-12	-7.229339657e-12	-8.042362491e-12	-7.670703522e-12	-7.948844896e-12	-7.762713985e-12	-7.787355607e-12	-7.757062236e-12	-8.103778156e-12	-7.583214458e-12	-7.753219047e-12	-7.483819045e-12	-7.708155774e-12	-7.272594371e-12	-7.184954594e-12	-7.116003264e-12	-7.549906822e-12	-8.098955331e-12	-7.297009924e-12	-7.389924666e-12	1.401151299e-11	-7.932869287e-12	-8.014028393e-12	-8.403923670e-12	-8.162556339e-12	-7.515318122e-12	-7.949523105e-12	-7.718781061e-12	-7.082544914e-12	-7.249987378e-12	-7.152701950e-12	-7.311026260e-12	-7.685322711e-12	-7.555709283e-12	-7.608911074e-12	-7.663318571e-12	-7.481181562e-12	-7.438981841e-12	-8.129550128e-12	-7.638676948e-12	-7.829027831e-12	-7.734907383e-12	-8.153664255e-12	-8.132941177e-12	-8.081849373e-12	-7.635813396e-12	-7.882229622e-12	-8.006944868e-12	-7.935205343e-12	-7.966176924e-12	-8.308522158e-12	-7.481181562e-12	-8.076272981e-12	-8.661492679e-12	-8.121260898e-12	-8.169865933e-12	-8.143867891e-12	-8.001820617e-12	-8.172654129e-12	-7.743045900e-12	-7.700092613e-12	-7.907926238e-12	-7.458348499e-12	-7.707025425e-12	-8.159466716e-12	-7.828048195e-12	-8.227890549e-12	-8.118397345e-12	-8.265192088e-12	-8.205358912e-12	-7.934301063e-12	-8.025331890e-12	-7.770701789e-12	-7.699112977e-12	-7.958716616e-12	-7.900842713e-12	-8.398196565e-12	-7.861657258e-12	-8.331581291e-12	-8.532406748e-12	-7.741011271e-12	-8.019454071e-12	-7.638149452e-12	-8.176798744e-12	-8.201892507e-12	-7.851785538e-12	-8.000012057e-12	-7.706497928e-12	-7.968437623e-12	-8.149896422e-12	-8.004156672e-12	-7.529635884e-12	-7.572061675e-12	-7.345162819e-12	-7.573870234e-12	-7.673642431e-12	-7.639581228e-12	-6.991966228e-12	-7.679294180e-12	-8.052234211e-12	-7.218111517e-12	-7.545083996e-12	-7.613658542e-12	-7.437248638e-12	-7.094978761e-12	-7.457594932e-12	-7.321124050e-12	-7.255639126e-12	-7.374175127e-12	-7.309293057e-12	-7.686528417e-12	-7.872734685e-12	-8.100914604e-12	-7.563697087e-12	-7.353376694e-12	-7.150064468e-12	-7.637546599e-12	-7.424362652e-12	-8.491337377e-12	-8.409273991e-12	-7.427904415e-12	-7.509440304e-12	-7.327077225e-12	-7.242979210e-12	-6.801163205e-12	-6.949841864e-12	-7.196484160e-12	-7.310121980e-12	-7.389924666e-12	-7.495047185e-12	-7.845154153e-12	-8.007623078e-12	-8.078156897e-12	-7.475228387e-12	-7.296331714e-12	-6.998446900e-12	-7.491731492e-12	-7.109673306e-12	-7.248932385e-12	-7.074255684e-12	-7.503939269e-12	-7.583968025e-12	-7.186311013e-12	-6.932133053e-12	-7.258502679e-12	-7.544857926e-12	-7.668593536e-12	-7.511474933e-12	-7.574171661e-12	-7.011106816e-12	-7.440564331e-12	-6.658588434e-12	-7.134767069e-12	-7.168978985e-12	-7.103644775e-12	-7.402659939e-12	-7.539959744e-12	-7.710717900e-12	-8.075368701e-12	-7.637320529e-12	-7.584043381e-12	-7.569273479e-12	-7.642067997e-12	-7.404845282e-12	-7.766255747e-12	-8.159768143e-12	-7.791048083e-12	-7.741689481e-12	-7.562943521e-12	-8.022845120e-12	-7.744779103e-12	-7.655556837e-12	-7.613884612e-12	-7.934979273e-12
-8.146430017e-12	-7.887579944e-12	-7.935129986e-12	-7.719760697e-12	-7.868740783e-12	-7.488114373e-12	-7.500397506e-12	-7.272519014e-12	-7.733852390e-12	-7.837392419e-12	-7.324364386e-12	-7.995415302e-12	-8.199330381e-12	-7.726844222e-12	-7.794589845e-12	-8.136332226e-12	-8.279208424e-12	-7.485326177e-12	-7.776956390e-12	-7.490601143e-12	-7.725035663e-12	-7.524285562e-12	-7.785773118e-12	-7.474022681e-12	-7.849826265e-12	-8.261725682e-12	-7.618481368e-12	-7.476132667e-12	-7.996922435e-12	-7.595422235e-12	-8.611455868e-12	-8.128495135e-12	-7.704312585e-12	-7.874995384e-12	-7.944700280e-12	-7.053457250e-12	-7.633854123e-12	-7.487586877e-12	-6.985259487e-12	-7.831665314e-12	-7.550283605e-12	-7.475831240e-12	-7.713882879e-12	-7.774620334e-12	-7.759699719e-12	-7.835056363e-12	-7.853669454e-12	-7.582686962e-12	-7.456163156e-12	-7.050367627e-12	-7.623078123e-12	-7.864822237e-12	-7.819156111e-12	-7.585023018e-12	-7.794288419e-12	-7.940932448e-12	-7.769345369e-12	-7.669497816e-12	-6.877424129e-12	-7.596854011e-12	-7.679821676e-12	-7.231374287e-12	-7.558874262e-12	-8.355996844e-12	-8.150876059e-12	-7.865349734e-12	-8.039800365e-12	-7.821492167e-12	-7.994511022e-12	-7.744628390e-12	-7.729632418e-12	-7.741915551e-12	-7.737997005e-12	-7.789917733e-12	-7.788259887e-12	-7.505898541e-12	-7.683137368e-12	-8.004533456e-12	-7.166341503e-12	-7.682835942e-12	-7.321124050e-12	-7.755329033e-12	-7.853895524e-12	-7.754500110e-12	-8.274159529e-12	-7.857135860e-12	-7.850504475e-12	-7.706874711e-12	-7.651412221e-12	-7.683664865e-12	-7.474098037e-12	-7.170335405e-12	-7.122860719e-12	-7.701449033e-12	-7.836412783e-12	-7.628202375e-12	-7.628955941e-12	-6.645853162e-12	-7.345765672e-12	-7.407934904e-12	-8.080869736e-12	-7.307258427e-12	-7.789390237e-12	-8.142888254e-12	-7.644856193e-12	-7.663167858e-12	-7.796096978e-12	-7.663846067e-12	-7.095280187e-12	-7.331900050e-12	-7.471912695e-12	-7.399118177e-12	-7.675752417e-12	-7.597682934e-12	-7.192188832e-12	-7.659249312e-12	-7.573794878e-12	-7.802426936e-12	-7.942590294e-12	-7.453374960e-12	-7.587509787e-12	-7.600169703e-12	-7.416148778e-12	-7.173500384e-12	-7.795343412e-12	-7.266339770e-12	-7.551866094e-12	-7.313889812e-12	-7.542220444e-12	-7.426849422e-12	-7.558723549e-12	-7.665428557e-12	-7.792931999e-12	-7.707778991e-12	-7.483366905e-12	-7.846284503e-12	-7.661208585e-12	-7.999183134e-12	-7.852689818e-12	-7.365659827e-12	-6.905984297e-12	-7.368221952e-12	-7.558271409e-12	-7.502206066e-12	-7.250514874e-12	-7.536794765e-12	-7.296783854e-12	-7.353075267e-12	-7.717198572e-12	-7.419841254e-12	-7.279075042e-12	-7.498136807e-12	-7.267244049e-12	-7.272292944e-12	-7.264455853e-12	-7.883661398e-12	-8.018248365e-12	-7.875899664e-12	-7.631442710e-12	-7.525265199e-12	-7.887127804e-12	-7.497986094e-12	-8.104757792e-12	-7.864068671e-12	-7.805215132e-12	-7.631593424e-12	-7.505973898e-12	-7.453977813e-12	-7.032055963e-12	-7.501603213e-12	-7.077043879e-12	-7.413888079e-12	-7.182317111e-12	-7.565656360e-12	-7.411476666e-12	-7.105830117e-12	-6.965742116e-12	-6.889405835e-12	-6.997391907e-12	-7.083901334e-12	-6.823468772e-12	-7.840331328e-12	-7.322555826e-12	-7.576959857e-12	-7.220598287e-12	-7.731290264e-12	-7.766557173e-12	-7.947714546e-12	-7.837769202e-12	-7.411552023e-12	-7.207787657e-12	-7.668593536e-12	-7.100253726e-12	-7.155866929e-12	-7.454731380e-12	-6.748714981e-12	-6.762655960e-12	-6.975387766e-12	-7.253755210e-12	-7.100479796e-12	-7.038687348e-12	-7.442071464e-12	-7.266113700e-12	-7.832343524e-12	-6.923843822e-12	-7.829555328e-12	-7.632949843e-12	-7.543576863e-12	-7.982604672e-12	-7.767762880e-12	-7.603636109e-12	-7.911769427e-12	-7.601149340e-12	-7.024520298e-12	-7.634833759e-12	-7.660379662e-12	-7.831816027e-12	-7.961956952e-12	-8.188855807e-12	-7.902575916e-12	-7.806194768e-12	-7.649377592e-12	-7.444482876e-12	-7.314568022e-12	-7.383217925e-12	-7.355185253e-12	-7.583741955e-12	-7.113064355e-12	-7.250665588e-12	-7.804235496e-12	-7.201231629e-12	-7.586153367e-12	-7.818703971e-12	-7.491505422e-12	-7.734229173e-12	-7.028664914e-12	-6.816083821e-12	-6.788880072e-12	-7.130396383e-12	-6.922412046e-12	-7.433405450e-12	-7.537246905e-12	-7.379600806e-12	-7.449305702e-12	-7.488717226e-12	-8.144998240e-12	-7.627222738e-12	-7.496855744e-12	-7.525491269e-12	-6.886919066e-12	-6.130865855e-12
-6.658965218e-12	-6.996713697e-12	-6.235008738e-12	-6.405088683e-12	-6.587074979e-12	-6.073745519e-12	-6.017680176e-12	-6.384817746e-12	-6.472683593e-12	-6.309837885e-12	-5.941494609e-12	-5.989270721e-12	-5.655365431e-12	-6.449699817e-12	-5.937123923e-12	-6.113458471e-12	-6.032676148e-12	-6.066963421e-12	-6.352489746e-12	-6.519856853e-12	-5.759432956e-12	-6.147444317e-12	-6.135990107e-12	-6.183314080e-12	-6.138401520e-12	-5.991456064e-12	-6.413377914e-12	-6.204489297e-12	-5.993942833e-12	-6.136140820e-12	-6.390243425e-12	-5.885504622e-12	-6.375247452e-12	-6.795888240e-12	-6.637036434e-12	-6.684058980e-12	-6.229507703e-12	-6.496797719e-12	-5.956867364e-12	-6.581573944e-12	-6.300192235e-12	-6.494763090e-12	-6.169975954e-12	-6.023407281e-12	-6.852933220e-12	-6.368540711e-12	-6.607496630e-12	-6.023030498e-12	-6.612696238e-12	-6.389565215e-12	-5.875030048e-12	-6.487905635e-12	-7.012538592e-12	-7.226174678e-12	-6.745776072e-12	-6.486021719e-12	-6.345858361e-12	-6.512697971e-12	-6.678784015e-12	-6.211648178e-12	-6.715331987e-12	-6.071258750e-12	-6.124008401e-12	-6.224157381e-12	-6.565447622e-12	-6.887295849e-12	-6.401094781e-12	-6.468765048e-12	-5.930341825e-12	-6.054981715e-12	-6.274043479e-12	-6.065380932e-12	-6.708775959e-12	-6.227548430e-12	-6.549773440e-12	-6.456707985e-12	-6.341336963e-12	-5.760412593e-12	-6.076609072e-12	-6.056036708e-12	-6.177134835e-12	-6.333198445e-12	-5.814744733e-12	-6.086330079e-12	-6.006828819e-12	-5.710451138e-12	-5.940514972e-12	-6.043828931e-12	-5.749109096e-12	-5.893944566e-12	-6.220917045e-12	-5.987160735e-12	-6.049329966e-12	-6.216320290e-12	-6.709680239e-12	-6.867100269e-12	-6.468538978e-12	-6.300644375e-12	-6.849316101e-12	-6.712016295e-12	-7.180583908e-12	-7.150441251e-12	-6.835299765e-12	-6.525207174e-12	-6.617142280e-12	-6.359121131e-12	-5.967643364e-12	-6.402451201e-12	-6.354675089e-12	-6.297027256e-12	-6.865969919e-12	-7.072070341e-12	-6.772376967e-12	-6.268542444e-12	-6.710132379e-12	-6.632816462e-12	-6.346536571e-12	-6.054152792e-12	-6.282483423e-12	-6.219560626e-12	-5.607137178e-12	-5.685734158e-12	-6.406821886e-12	-6.007657742e-12	-6.155281408e-12	-6.240434416e-12	-6.392202697e-12	-6.670494784e-12	-6.389565215e-12	-6.581423231e-12	-6.168544177e-12	-6.298760459e-12	-5.983091476e-12	-5.767722187e-12	-5.996731029e-12	-6.309385745e-12	-6.163193856e-12	-5.955360231e-12	-6.209010695e-12	-6.293636207e-12	-5.685658802e-12	-5.858753013e-12	-5.655214717e-12	-5.779176397e-12	-6.086932932e-12	-6.138250807e-12	-5.877290748e-12	-6.171784513e-12	-6.195823283e-12	-6.429881019e-12	-6.594535287e-12	-6.324306361e-12	-5.909694105e-12	-6.035388987e-12	-6.262363199e-12	-5.813614383e-12	-6.452940153e-12	-5.968396931e-12	-5.733736341e-12	-5.830192845e-12	-5.934486441e-12	-6.436738474e-12	-5.956942721e-12	-5.708416508e-12	-5.290563916e-12	-6.034786134e-12	-5.787691698e-12	-5.663202522e-12	-5.502542156e-12	-5.636978410e-12	-5.855361964e-12	-6.251511843e-12	-6.258444654e-12	-6.633570029e-12	-6.305542557e-12	-5.843154188e-12	-5.779779250e-12	-5.663805375e-12	-5.413470603e-12	-6.069450190e-12	-5.828534999e-12	-5.696585515e-12	-6.350078333e-12	-6.298459032e-12	-6.064552009e-12	-6.130413716e-12	-6.511718335e-12	-6.358066138e-12	-6.493557384e-12	-6.584286783e-12	-6.465147929e-12	-6.251662556e-12	-6.030340092e-12	-6.357990781e-12	-6.222951675e-12	-5.996957099e-12	-6.025743337e-12	-5.960710553e-12	-6.348420487e-12	-6.671700490e-12	-6.373514250e-12	-6.341789102e-12	-6.384365606e-12	-6.969736018e-12	-6.406671173e-12	-6.731006169e-12	-6.909827486e-12	-6.746002142e-12	-7.224140049e-12	-6.724751568e-12	-6.688580379e-12	-6.544799902e-12	-6.298232962e-12	-6.527543230e-12	-6.202454667e-12	-6.768006282e-12	-6.544347762e-12	-6.575696126e-12	-6.545854895e-12	-6.214737800e-12	-6.550979147e-12	-6.435155984e-12	-6.962577137e-12	-6.313304291e-12	-5.666593571e-12	-6.449247677e-12	-6.280448794e-12	-6.341035536e-12	-6.537716377e-12	-6.859639961e-12	-6.419783229e-12	-6.014063057e-12	-6.617594420e-12	-5.828384286e-12	-6.262061773e-12	-6.456934055e-12	-6.712468435e-12	-6.487453496e-12	-5.929588259e-12	-5.804797656e-12	-5.601184004e-12	-6.053399225e-12	-6.539600293e-12	-6.428373887e-12	-6.089268988e-12	-5.952044539e-12	-5.968547644e-12	-6.212024961e-12	-6.400039788e-12	-6.680667931e-12	-6.280072011e-12
-6.548718447e-12	-6.655122029e-12	-6.999652606e-12	-6.935825528e-12	-6.615107651e-12	-7.092642705e-12	-6.886994423e-12	-6.927460941e-12	-7.506426038e-12	-6.483534950e-12	-6.646229945e-12	-6.108786359e-12	-6.547814168e-12	-6.310892878e-12	-6.348269774e-12	-6.656855232e-12	-6.531612489e-12	-6.548944517e-12	-6.902894675e-12	-6.220841689e-12	-6.689786085e-12	-6.008863448e-12	-6.327320627e-12	-7.017738200e-12	-6.986465193e-12	-7.065815739e-12	-6.806890310e-12	-6.616916210e-12	-6.795285387e-12	-6.728896183e-12	-7.057601865e-12	-6.714050925e-12	-6.428524600e-12	-6.368842138e-12	-6.124912680e-12	-6.403581551e-12	-6.440581663e-12	-6.607722700e-12	-6.976367403e-12	-6.244352961e-12	-6.965139263e-12	-6.456707985e-12	-6.484062447e-12	-6.612319455e-12	-6.830552296e-12	-6.712694505e-12	-7.030247403e-12	-6.850220381e-12	-6.576072909e-12	-6.786619373e-12	-6.783303680e-12	-6.609380546e-12	-6.781796548e-12	-6.382406334e-12	-6.881418031e-12	-6.901915038e-12	-6.668535511e-12	-6.685867540e-12	-6.877650199e-12	-6.875389500e-12	-6.837108324e-12	-6.470121467e-12	-5.953325602e-12	-6.023934777e-12	-6.598378476e-12	-5.882867139e-12	-6.552109496e-12	-6.860016744e-12	-6.209086052e-12	-6.620307259e-12	-6.350831900e-12	-6.641482476e-12	-6.427997103e-12	-6.765067373e-12	-6.390620208e-12	-6.505463733e-12	-6.426414614e-12	-6.174346639e-12	-6.579840741e-12	-6.842986143e-12	-7.088648803e-12	-6.197481129e-12	-6.509909775e-12	-6.856851765e-12	-6.527618587e-12	-6.799656072e-12	-6.881644101e-12	-6.389941998e-12	-6.195597213e-12	-6.320312459e-12	-6.688580379e-12	-6.720154813e-12	-6.430634586e-12	-6.515486167e-12	-6.653238113e-12	-6.649018141e-12	-6.094242526e-12	-6.242544402e-12	-6.719702673e-12	-5.964855168e-12	-6.492879174e-12	-6.394011257e-12	-6.555123762e-12	-6.527241804e-12	-6.687525386e-12	-6.821283429e-12	-6.727991904e-12	-6.699281022e-12	-7.014422508e-12	-6.875389500e-12	-7.022108886e-12	-6.643291036e-12	-6.769739485e-12	-6.965591403e-12	-7.029117054e-12	-6.804931037e-12	-6.154226415e-12	-6.461982950e-12	-6.461304740e-12	-6.558740881e-12	-6.496571649e-12	-6.672680127e-12	-6.492200964e-12	-6.802368911e-12	-6.117829156e-12	-6.648716714e-12	-6.272310276e-12	-6.818118450e-12	-6.282860207e-12	-6.647284938e-12	-6.489563482e-12	-6.759189554e-12	-6.742460379e-12	-6.452111229e-12	-6.616011930e-12	-6.451433020e-12	-6.409610082e-12	-6.146690751e-12	-6.695588547e-12	-5.886032119e-12	-6.215340653e-12	-6.493783454e-12	-5.714294326e-12	-5.567047444e-12	-6.322196375e-12	-6.419029663e-12	-6.564015846e-12	-6.284593409e-12	-6.572681860e-12	-6.800560352e-12	-6.956548605e-12	-6.590239958e-12	-6.856173555e-12	-6.994076214e-12	-7.161669391e-12	-6.859263178e-12	-7.061218984e-12	-6.762053107e-12	-6.571024014e-12	-6.609154476e-12	-6.384591676e-12	-6.530934279e-12	-6.625883651e-12	-6.507121580e-12	-6.290923368e-12	-6.400793355e-12	-6.426339257e-12	-6.451960516e-12	-6.441259873e-12	-6.801615345e-12	-6.622417245e-12	-6.751879960e-12	-6.740727177e-12	-6.739446114e-12	-6.704631344e-12	-6.662280910e-12	-6.181656234e-12	-6.364546809e-12	-6.256786808e-12	-6.699431736e-12	-6.891440465e-12	-6.178189828e-12	-6.589712462e-12	-6.218279563e-12	-6.521363985e-12	-6.230864122e-12	-6.478862838e-12	-6.322497801e-12	-6.533194979e-12	-6.332444878e-12	-6.414206837e-12	-6.359347200e-12	-6.464017579e-12	-6.177436261e-12	-6.065531645e-12	-6.178641968e-12	-6.133427981e-12	-6.095071449e-12	-6.618347986e-12	-6.125666247e-12	-6.332897018e-12	-5.943981378e-12	-5.785958495e-12	-6.184067646e-12	-5.931622888e-12	-6.368239284e-12	-6.048953183e-12	-6.311118948e-12	-6.438547033e-12	-6.255656458e-12	-6.224910947e-12	-6.451282306e-12	-6.523398615e-12	-6.315715703e-12	-6.700788155e-12	-6.812843485e-12	-6.724826925e-12	-6.321970305e-12	-6.885336577e-12	-6.120768065e-12	-6.235084094e-12	-6.514506531e-12	-6.488357775e-12	-6.480746754e-12	-6.490090978e-12	-6.184067646e-12	-6.498756992e-12	-6.957905025e-12	-6.501846615e-12	-6.274570976e-12	-6.588205329e-12	-6.634625022e-12	-6.715708771e-12	-6.259198220e-12	-6.546985244e-12	-6.238173717e-12	-6.454221215e-12	-6.477883202e-12	-6.499585915e-12	-6.430257803e-12	-6.978025249e-12	-6.708474533e-12	-7.062123264e-12	-6.513903678e-12	-6.866346702e-12	-6.496044153e-12	-6.414432907e-12	-6.602598448e-12	-6.437642754e-12	-6.501017691e-12	-6.480822111e-12
-7.330242204e-12	-7.367694456e-12	-7.209671573e-12	-7.757062236e-12	-7.362193421e-12	-7.249685951e-12	-7.682383802e-12	-7.302737029e-12	-7.108392243e-12	-7.093170201e-12	-7.165437223e-12	-7.091587712e-12	-7.231449643e-12	-7.403488862e-12	-7.175459657e-12	-7.370482652e-12	-7.507330318e-12	-7.127834258e-12	-7.159182622e-12	-7.071015348e-12	-7.075084607e-12	-6.939668717e-12	-7.305073085e-12	-6.825051261e-12	-7.405222065e-12	-7.144638789e-12	-6.733568295e-12	-6.568235818e-12	-6.725203708e-12	-7.552845731e-12	-6.963179990e-12	-7.413360582e-12	-7.288569980e-12	-7.541090094e-12	-6.992192298e-12	-7.061369697e-12	-7.058732215e-12	-6.962727850e-12	-7.087443096e-12	-7.268449756e-12	-7.032432746e-12	-6.804403541e-12	-6.708022393e-12	-6.705008127e-12	-6.875238786e-12	-7.093773054e-12	-7.186838510e-12	-6.508176573e-12	-7.182317111e-12	-6.990685165e-12	-7.034090592e-12	-6.880739821e-12	-7.148632691e-12	-7.411024526e-12	-7.036125222e-12	-6.574716489e-12	-6.703877778e-12	-7.317506931e-12	-7.007866480e-12	-6.932283766e-12	-6.755271009e-12	-6.827236604e-12	-7.284877504e-12	-7.281787882e-12	-7.388718960e-12	-7.165889363e-12	-7.321048693e-12	-7.095355544e-12	-6.968078172e-12	-6.890912968e-12	-6.594158504e-12	-6.366204655e-12	-6.635604658e-12	-6.696718896e-12	-6.902668605e-12	-6.009089518e-12	-6.932359123e-12	-6.330410249e-12	-6.640578196e-12	-7.290303182e-12	-6.989253389e-12	-6.271632067e-12	-6.083165100e-12	-6.220992402e-12	-6.220464905e-12	-6.654443819e-12	-6.955041473e-12	-6.686168966e-12	-6.976970256e-12	-6.843890422e-12	-6.521665412e-12	-6.302603647e-12	-6.614956937e-12	-6.849617527e-12	-6.774939093e-12	-7.584344808e-12	-6.715331987e-12	-6.784132604e-12	3.704675804e-11	-6.638618924e-12	-6.161686723e-12	-6.669364435e-12	-7.107563320e-12	-6.628822560e-12	-6.877499486e-12	-6.877876269e-12	-6.666576239e-12	-6.349776907e-12	-6.190925101e-12	-6.486473859e-12	-6.685942896e-12	-7.019622117e-12	-6.636508938e-12	-6.385194529e-12	-6.818645947e-12	-6.701240295e-12	-6.723696575e-12	-5.975254385e-12	-5.738935949e-12	-5.769229320e-12	-5.756870830e-12	-5.703593683e-12	-6.278941661e-12	-6.442164152e-12	-6.276078109e-12	-5.997786022e-12	-6.199440402e-12	-5.847223447e-12	-6.112855617e-12	-6.456481915e-12	-6.509985132e-12	-6.906963934e-12	-6.923768465e-12	-7.107186537e-12	-7.105151908e-12	-6.956623962e-12	-6.941025137e-12	-7.105830117e-12	-6.442465579e-12	-7.126854621e-12	-7.122408579e-12	-6.907491430e-12	-6.944642256e-12	-6.336288067e-12	-7.163553307e-12	-6.608476266e-12	-6.786920799e-12	-6.506669440e-12	-7.310574120e-12	-6.724224071e-12	-6.749920687e-12	-6.555500545e-12	-6.802519625e-12	-6.956096466e-12	-6.853912856e-12	-6.848035038e-12	-6.910354983e-12	-7.075612103e-12	-6.507196936e-12	-6.351434753e-12	-6.372609970e-12	-6.673735120e-12	-6.517746866e-12	-6.607571986e-12	-6.496873076e-12	-7.058732215e-12	-7.398967463e-12	-7.264154427e-12	-7.201533056e-12	-6.674187260e-12	-7.376887967e-12	-7.173349671e-12	-6.911334619e-12	-6.916157444e-12	-7.016155711e-12	-6.966721752e-12	-6.533647118e-12	-6.631535399e-12	-6.803649974e-12	-7.111481866e-12	-7.234087126e-12	-7.012011096e-12	-6.889255122e-12	-6.766499149e-12	-6.990534452e-12	-7.279075042e-12	-6.972448857e-12	-7.087518453e-12	-6.876143066e-12	-7.175007517e-12	-6.800711065e-12	-6.575319343e-12	-6.770342338e-12	-6.944114759e-12	-6.783454394e-12	-7.136424915e-12	-6.793552184e-12	-7.067775012e-12	-7.056094732e-12	-7.029117054e-12	-6.934016969e-12	-6.803348548e-12	-6.745248575e-12	-7.483969758e-12	-7.459855632e-12	-7.230093224e-12	-7.402057086e-12	-7.007112914e-12	-7.003420438e-12	-7.001159739e-12	-6.868908828e-12	-7.266716553e-12	-6.986088410e-12	-6.597097413e-12	-6.309461102e-12	-6.476225356e-12	-6.653916322e-12	-6.531386419e-12	-6.723093722e-12	-6.672755484e-12	-7.155942286e-12	-7.116681474e-12	-6.843588996e-12	-6.839218310e-12	-6.939367291e-12	-6.721360519e-12	-7.211103349e-12	-6.725429778e-12	-7.001084382e-12	-6.950294004e-12	-6.916760297e-12	-6.848788604e-12	-6.281353074e-12	-6.362587536e-12	-6.695211763e-12	-6.215792793e-12	-6.311797158e-12	-6.460325104e-12	-6.819324156e-12	-6.736356491e-12	-6.572832573e-12	-6.822413779e-12	-6.818570590e-12	-6.570647231e-12	-6.367485718e-12	-6.793401471e-12	-6.988499823e-12	-6.747433918e-12	-6.645099595e-12	-7.113365782e-12	-7.287439630e-12
-6.898222563e-12	-7.296181001e-12	-6.564015846e-12	-7.696475494e-12	-7.325494735e-12	-7.664147494e-12	-7.485929031e-12	-7.172671461e-12	-7.432953310e-12	-7.378545813e-12	-7.164532943e-12	-6.818269163e-12	-7.554051437e-12	-7.181940328e-12	-7.167773279e-12	-6.510211202e-12	-7.250288804e-12	-7.217508664e-12	-6.992870508e-12	-7.458423856e-12	-6.911937472e-12	-7.261743014e-12	-7.814408643e-12	-6.997768690e-12	-7.146522705e-12	-6.738315764e-12	-6.667028379e-12	-7.050970481e-12	-7.000255459e-12	-7.121052160e-12	-6.859187821e-12	-7.011031459e-12	-7.423081589e-12	-7.715842152e-12	-7.670477452e-12	-7.661585368e-12	-7.379148666e-12	-7.105528691e-12	-7.396857477e-12	-7.623907046e-12	-7.276362203e-12	-7.482537982e-12	-7.616371382e-12	-7.822923943e-12	-7.480955492e-12	-7.556161423e-12	-7.048031571e-12	-7.214720468e-12	-7.310800190e-12	-6.719325890e-12	-7.211480133e-12	-7.184050314e-12	-7.168752915e-12	-7.448099995e-12	-7.286007854e-12	-7.009298256e-12	-6.934016969e-12	-7.317657644e-12	-7.169883265e-12	-7.301983462e-12	-6.957905025e-12	-7.430466541e-12	-6.687977526e-12	-6.937709444e-12	-6.802293555e-12	-6.459420824e-12	-6.725806561e-12	-6.360402193e-12	-6.417221103e-12	-6.505086950e-12	-6.879609472e-12	-6.815330254e-12	-7.278095406e-12	-7.123840355e-12	-7.323686176e-12	-7.069282145e-12	-6.713146645e-12	-6.417974670e-12	-6.350982613e-12	-6.308707536e-12	-6.387756655e-12	-6.657985581e-12	-6.923843822e-12	-7.020300326e-12	-7.050066201e-12	-7.104549055e-12	-7.125573558e-12	-6.748187484e-12	-6.168318108e-12	-6.505086950e-12	-6.888501556e-12	-6.719099820e-12	-7.612603549e-12	-7.352170987e-12	-7.473645898e-12	-6.815556324e-12	-6.709303456e-12	-6.858886395e-12	-5.500733597e-12	-7.173877167e-12	-6.970188158e-12	-7.209973000e-12	-7.241170650e-12	-7.302661672e-12	-7.480729422e-12	-7.179001419e-12	-7.161367964e-12	-7.510721367e-12	-7.234162482e-12	-6.943888689e-12	-6.618498700e-12	-7.094601978e-12	-7.156846566e-12	-7.646966179e-12	-6.947355095e-12	-7.235744972e-12	-7.323234036e-12	-7.715239299e-12	-7.227305028e-12	-7.114270062e-12	-7.175610370e-12	-7.656988613e-12	-7.683137368e-12	-7.095204831e-12	-7.569951689e-12	-7.170561475e-12	-7.282466091e-12	-7.549756108e-12	-7.568143129e-12	-7.458273142e-12	-7.642294067e-12	-7.038235208e-12	-7.361138428e-12	-7.456841366e-12	-7.587133004e-12	-6.833265136e-12	-6.710433806e-12	-6.307275759e-12	-6.273063843e-12	-6.875916996e-12	-6.191829381e-12	-7.003043655e-12	-6.908244997e-12	-6.639372490e-12	-6.280599507e-12	-6.526940377e-12	-6.486549216e-12	-6.508176573e-12	-6.703425638e-12	-6.237269437e-12	-6.591973161e-12	-6.407801523e-12	-6.858057471e-12	-6.927460941e-12	-6.595740993e-12	-6.801012492e-12	-6.646832798e-12	-6.391223061e-12	-7.243732776e-12	-7.418710904e-12	-6.910957836e-12	-6.959864298e-12	-7.333030400e-12	-7.005605781e-12	-7.158504412e-12	-6.722114085e-12	-7.117736467e-12	-6.995884774e-12	-6.929796997e-12	-6.550376293e-12	-6.555726615e-12	-6.410212935e-12	-6.642462113e-12	-6.614504798e-12	-6.310742165e-12	-6.357990781e-12	-6.235234808e-12	-6.426866754e-12	-7.087744523e-12	-6.443219145e-12	-6.381275984e-12	-6.765293443e-12	-6.532742839e-12	-6.589486392e-12	-6.168393464e-12	-6.411267928e-12	-6.314660710e-12	-6.639146420e-12	-7.200025923e-12	-7.069131432e-12	-7.074783180e-12	-6.724600855e-12	-6.881267318e-12	-7.060616131e-12	-6.953911123e-12	-6.282483423e-12	-6.502449468e-12	-6.520459706e-12	-6.681496854e-12	-6.490392405e-12	-6.265754248e-12	-6.442767006e-12	-6.640804266e-12	-7.069583572e-12	-6.578559678e-12	-7.450662121e-12	-6.706967400e-12	-6.775240520e-12	-6.990609809e-12	-6.660999847e-12	-6.369897131e-12	-6.836053331e-12	-7.132506370e-12	-7.184803881e-12	-7.413963435e-12	-7.036502005e-12	-6.931379486e-12	-7.119469670e-12	-7.082243488e-12	-7.263250147e-12	-6.582402867e-12	-6.687299316e-12	-7.213062622e-12	-6.868758115e-12	-6.845548269e-12	-7.620892780e-12	-7.250364161e-12	-6.864914926e-12	-6.945169752e-12	-7.165361866e-12	-7.165060440e-12	-7.602279689e-12	-7.239362091e-12	-7.436344359e-12	-7.239588161e-12	-7.550208248e-12	-7.323460106e-12	-7.006736130e-12	-7.495574681e-12	-7.416977701e-12	-7.400248526e-12	-6.873354870e-12	-7.599642207e-12	-7.722172110e-12	-7.424814792e-12	-7.783210992e-12	-7.224366119e-12	-7.603033256e-12	-7.495951464e-12	-7.436269002e-12	-7.252850930e-12
-7.904459832e-12	-7.863691888e-12	-7.573418094e-12	-7.845681650e-12	-7.761131495e-12	-7.626695242e-12	-7.893834545e-12	-8.127364786e-12	-7.661434655e-12	-7.727447075e-12	-7.637923382e-12	-7.754952250e-12	-8.109655974e-12	-7.668367466e-12	-8.098201764e-12	-7.738072362e-12	-7.449456415e-12	-7.395048918e-12	-7.335517169e-12	-7.829404615e-12	-7.582234822e-12	-7.709738264e-12	-7.975069008e-12	-8.189760087e-12	-7.610192137e-12	-7.743498040e-12	-7.601752193e-12	-7.483216191e-12	-8.156979947e-12	-7.852011608e-12	-7.886977091e-12	-8.194130772e-12	-7.921716504e-12	-7.684343075e-12	-8.322990634e-12	-8.305658606e-12	-8.302342913e-12	-7.922244000e-12	-8.054118128e-12	-7.977555777e-12	-8.109505261e-12	-7.952537371e-12	-8.071148729e-12	-7.385327911e-12	-8.153362828e-12	-7.635813396e-12	-7.430391184e-12	-7.678088473e-12	-7.781854572e-12	-6.587451762e-12	-7.185331377e-12	-7.406729198e-12	-7.730988837e-12	-7.443352527e-12	-7.999635274e-12	-7.117359684e-12	-8.230452675e-12	-7.883058545e-12	-7.685925564e-12	-7.559703185e-12	-8.071902296e-12	-7.353301337e-12	-7.767612166e-12	-7.311629113e-12	-7.498965730e-12	-7.496780387e-12	-7.477338373e-12	-7.499191800e-12	-7.177871069e-12	-7.492937199e-12	-7.514112416e-12	-7.761734348e-12	-7.762186488e-12	-8.362326802e-12	-7.752842264e-12	-7.525039129e-12	-8.029551862e-12	-7.490149003e-12	-7.561963885e-12	-7.266189056e-12	-8.016439805e-12	-8.253436451e-12	-7.920586154e-12	-7.678088473e-12	-7.799488027e-12	-8.009130211e-12	-8.301589347e-12	-8.222841654e-12	-7.799488027e-12	-7.729406348e-12	-8.254868228e-12	-8.020132281e-12	-8.250648256e-12	-8.122315891e-12	-8.145751807e-12	-8.232864088e-12	-8.141531835e-12	-8.170694856e-12	-7.036954145e-12	-7.602882542e-12	-7.636793032e-12	-7.502206066e-12	-8.030908281e-12	-8.104908506e-12	-7.786375971e-12	-7.653672921e-12	-7.794288419e-12	-7.732948110e-12	-7.374702624e-12	-7.739880921e-12	-7.895341678e-12	-8.277927361e-12	-7.991195330e-12	-8.341302298e-12	-8.580785714e-12	-8.198727528e-12	-7.881099273e-12	-8.349365459e-12	-8.170544143e-12	-8.376418495e-12	-7.919229735e-12	-7.886374238e-12	-7.720664977e-12	-7.317657644e-12	-7.621194207e-12	-8.040930715e-12	-8.088631471e-12	-7.727070292e-12	-7.644102627e-12	-7.471385198e-12	-7.407030624e-12	-7.710039690e-12	-7.471611268e-12	-7.541240807e-12	-7.615090319e-12	-7.756610096e-12	-7.402810652e-12	-8.212141010e-12	-8.457879027e-12	-8.027140449e-12	-7.797302684e-12	-7.936034266e-12	-7.521422010e-12	-7.141021670e-12	-7.802426936e-12	-7.975521148e-12	-8.065346268e-12	-8.043643554e-12	-7.675601704e-12	-8.166098101e-12	-8.029099722e-12	-7.872583972e-12	-8.227363052e-12	-8.153136758e-12	-8.153212115e-12	-7.613131046e-12	-7.636265536e-12	-7.713129313e-12	-7.882003552e-12	-7.765276111e-12	-7.745457313e-12	-7.856985146e-12	-7.713581453e-12	-7.541919017e-12	-7.349985645e-12	-6.966118899e-12	-7.216152245e-12	-7.969944756e-12	-7.382389002e-12	-7.776202824e-12	-7.505295688e-12	-7.897903804e-12	-8.174387332e-12	-8.459536873e-12	-8.619368315e-12	-7.688336977e-12	-8.024879750e-12	-7.658269676e-12	-7.993456029e-12	-7.737770935e-12	-8.264438521e-12	-7.759624362e-12	-8.082904366e-12	-7.676204557e-12	-7.757514376e-12	-7.734605956e-12	-7.942967077e-12	-7.877783580e-12	-7.578994486e-12	-8.087727191e-12	-7.905590182e-12	-8.096468562e-12	-8.424269964e-12	-7.665729984e-12	-7.818628615e-12	-7.478770149e-12	-7.769646796e-12	-7.983735022e-12	-7.826088922e-12	-7.664674991e-12	-7.681102739e-12	-7.387061113e-12	-7.292714595e-12	-7.522552360e-12	-7.747416586e-12	-7.695495858e-12	-7.577562710e-12	-7.466034877e-12	-7.408085617e-12	-7.393692498e-12	-7.993983526e-12	-7.326097588e-12	-7.943796001e-12	-7.236649252e-12	-7.447045002e-12	-7.758795439e-12	-7.620214571e-12	-7.982906099e-12	-7.607554654e-12	-7.591503689e-12	-8.022242267e-12	-7.670854235e-12	-7.807551188e-12	-7.619461004e-12	-7.709662907e-12	-7.058204718e-12	-7.847038069e-12	-7.689391970e-12	-7.119545027e-12	-7.537472975e-12	-7.269052609e-12	-7.653748277e-12	-7.492183632e-12	-7.927518965e-12	-8.055625260e-12	-7.693461229e-12	-8.041684281e-12	-7.752239411e-12	-8.077554044e-12	-8.151554268e-12	-7.945001707e-12	-8.275515948e-12	-7.537774402e-12	-7.227832524e-12	-7.382539715e-12	-7.650055802e-12	-8.412137544e-12	-7.866555440e-12	-7.719383914e-12	-7.830836391e-12	-7.741011271e-12
-7.040948047e-12	-7.591729759e-12	-7.184125671e-12	-7.295502791e-12	-7.940932448e-12	-7.445537869e-12	-7.723453173e-12	-8.041759638e-12	-7.833398517e-12	-7.869494349e-12	-8.253059668e-12	-8.074087638e-12	-7.405071351e-12	-7.714711802e-12	-7.929553595e-12	-7.996545651e-12	-8.386290215e-12	-7.986673931e-12	-8.118849485e-12	-7.839050265e-12	-7.858416923e-12	-7.791424866e-12	-8.262027109e-12	-8.081397233e-12	-7.772208922e-12	-8.049144589e-12	-8.415227166e-12	-7.895266322e-12	-7.764221117e-12	-8.149745709e-12	-8.321031361e-12	-7.924203273e-12	-7.934074993e-12	-7.606348948e-12	-8.015234099e-12	-7.961806238e-12	-7.998203498e-12	-8.288552648e-12	-8.223595220e-12	-7.818176475e-12	-7.973561875e-12	-7.866706154e-12	-7.950502742e-12	-7.797151971e-12	-8.433614188e-12	-8.060297372e-12	-8.624266497e-12	-7.894437399e-12	-7.348553868e-12	-7.970020113e-12	-7.880496419e-12	-7.209294790e-12	-7.264305140e-12	-7.807852614e-12	-7.824958573e-12	-8.111992030e-12	-7.804989062e-12	-7.781176362e-12	-7.910337651e-12	-7.529560528e-12	-7.739428782e-12	-8.033847190e-12	-7.699941900e-12	-7.634306263e-12	-8.066099834e-12	-7.950276672e-12	-8.114478800e-12	-8.074991918e-12	-8.036560029e-12	-7.818176475e-12	-8.090515387e-12	-7.591277619e-12	-7.756986880e-12	-7.335065029e-12	-7.651487578e-12	-7.461061338e-12	-7.931286798e-12	-8.070771946e-12	-7.923751133e-12	-8.178607304e-12	-8.009280924e-12	-7.783060279e-12	-8.202570717e-12	-7.679444893e-12	-7.591805116e-12	-7.578090206e-12	-8.102647806e-12	-7.482764052e-12	-8.046808533e-12	-7.748019439e-12	-7.690974459e-12	-8.067456254e-12	-7.461664191e-12	-7.431220107e-12	-7.738223075e-12	-7.979891833e-12	-7.654049704e-12	-8.344241208e-12	-7.826465706e-12	2.482903461e-11	-7.994963162e-12	-8.031058994e-12	-7.930533231e-12	-7.399796386e-12	-7.475755884e-12	-7.753520474e-12	-7.443804667e-12	-7.943419217e-12	-8.203927136e-12	-8.039272869e-12	-7.359028442e-12	-7.705895075e-12	-7.774544978e-12	-7.099123376e-12	-7.433330093e-12	-7.436570429e-12	-7.619310291e-12	-6.968982452e-12	-7.333708609e-12	-7.177644999e-12	-7.084504187e-12	-7.698284054e-12	-7.415470568e-12	-7.527751968e-12	-7.549831465e-12	-7.631518067e-12	-7.350889924e-12	-7.381258652e-12	-7.218488301e-12	-6.879684828e-12	-6.881568744e-12	-7.214117615e-12	-7.407407407e-12	-7.256618762e-12	-7.404769925e-12	-7.376586540e-12	-6.878629835e-12	-6.775692659e-12	-6.840273303e-12	-7.106357614e-12	-7.290679966e-12	-7.351191351e-12	-7.412908442e-12	-6.943210479e-12	-7.096259824e-12	-7.542145087e-12	-7.437399352e-12	-7.476358737e-12	-7.274176861e-12	-7.008092550e-12	-7.006133277e-12	-6.892269388e-12	-6.940723710e-12	-7.157600132e-12	-7.647870459e-12	-7.366111966e-12	-7.127834258e-12	-7.262270511e-12	-7.931738937e-12	-7.104925838e-12	-7.601978263e-12	-7.428055128e-12	-7.629106655e-12	-7.753445117e-12	-7.700996893e-12	-7.380429729e-12	-7.479523716e-12	-7.822396447e-12	-7.943117791e-12	-7.859321202e-12	-7.301154539e-12	-7.712225033e-12	-7.600245060e-12	-7.793082712e-12	-7.779217090e-12	-7.886374238e-12	-7.351191351e-12	-7.079681362e-12	-7.772736418e-12	-7.558648192e-12	-7.277944693e-12	-7.304319518e-12	-6.908923206e-12	-6.855495346e-12	-6.660623064e-12	-6.539977077e-12	-7.459855632e-12	-7.351568134e-12	-7.415998065e-12	-6.727012267e-12	-6.988801249e-12	-7.175007517e-12	-7.306881644e-12	-7.200402706e-12	-7.167396496e-12	-7.820587887e-12	-7.890142070e-12	-7.464301674e-12	-7.844777370e-12	-7.447120359e-12	-7.086689530e-12	-7.254584133e-12	-7.474625534e-12	-7.611171773e-12	-7.163025810e-12	-7.288946763e-12	-7.337476442e-12	-7.263777644e-12	-7.345539603e-12	-7.268299042e-12	-7.114646845e-12	-7.205903741e-12	-7.684569145e-12	-7.660379662e-12	-7.872885398e-12	-7.252549504e-12	-7.355938819e-12	-7.640108725e-12	-7.471686625e-12	-7.469727352e-12	-7.391356442e-12	-7.285480357e-12	-7.336421449e-12	-7.434686513e-12	-7.634230906e-12	-7.533479073e-12	-7.706648641e-12	-7.611322486e-12	-8.247935416e-12	-7.685096641e-12	-7.576809143e-12	-8.236179780e-12	-7.740935914e-12	-7.781553146e-12	-7.865877230e-12	-7.941761371e-12	-8.303774690e-12	-8.089535750e-12	-7.648925452e-12	-7.311930539e-12	-7.764070404e-12	-7.852991244e-12	-7.854121594e-12	-8.021940841e-12	-7.355034540e-12	-7.441091827e-12	-7.363775910e-12	-7.260160525e-12	-7.638224808e-12	-7.393541785e-12	-7.051347264e-12
-7.415998065e-12	-7.493313982e-12	-8.067154827e-12	-7.417279128e-12	-7.784039915e-12	-7.813881146e-12	-7.572589171e-12	-7.904083049e-12	-7.614939605e-12	-7.192867041e-12	-7.422855519e-12	-7.410647743e-12	-7.287514987e-12	-7.477036947e-12	-7.070111068e-12	-7.086764887e-12	-6.409157942e-12	-7.007640410e-12	-7.090080579e-12	-7.136198845e-12	-7.490601143e-12	-7.577864136e-12	-7.484346541e-12	-7.134390286e-12	-7.150215181e-12	-6.997316550e-12	-6.804629611e-12	-6.831833359e-12	-7.054512243e-12	-7.231600357e-12	-7.522853786e-12	-7.028212774e-12	-7.411175240e-12	-7.107864747e-12	-7.735284166e-12	-7.179302846e-12	-7.857588000e-12	-8.095262855e-12	-7.590599409e-12	-7.730838124e-12	-7.896019888e-12	-7.540637954e-12	-7.766858600e-12	-7.985995721e-12	-7.700167970e-12	-8.025256533e-12	-7.625263466e-12	-7.765728250e-12	-7.643650487e-12	-7.832192811e-12	-7.933020000e-12	-7.775524614e-12	-7.902952699e-12	-7.291207462e-12	-7.616220668e-12	-7.632723773e-12	-7.519688807e-12	-7.117661111e-12	-7.604088249e-12	-7.579371269e-12	-8.048843162e-12	-7.678766683e-12	-7.409969533e-12	-7.688487690e-12	-7.853217314e-12	-7.208465867e-12	-7.303189169e-12	-7.669045676e-12	-7.715465369e-12	-7.790294516e-12	-8.107847415e-12	-7.457971716e-12	-7.465281310e-12	-7.768064306e-12	-7.946885623e-12	-7.474700891e-12	-7.981398966e-12	-7.497986094e-12	-7.330468274e-12	-8.044698547e-12	-7.536493339e-12	-7.420971603e-12	-7.673114935e-12	-7.666106767e-12	-7.808606181e-12	-7.487210094e-12	-7.837618489e-12	-7.821115384e-12	-8.002348113e-12	-7.799488027e-12	-8.063613065e-12	-7.373270848e-12	-7.378244386e-12	-7.812826153e-12	-7.774997118e-12	-7.606273591e-12	-7.264229784e-12	-7.525265199e-12	-7.570253115e-12	2.807667991e-11	-7.811620447e-12	-7.804762992e-12	-7.781929929e-12	-8.064517344e-12	-7.842968811e-12	-8.023824757e-12	-7.946207413e-12	-7.925559693e-12	-7.197689867e-12	-7.356993812e-12	-7.515619548e-12	-7.671532445e-12	-7.411401310e-12	-7.253981280e-12	-7.424588722e-12	-7.517729534e-12	-7.888559580e-12	-7.276738986e-12	-7.315547658e-12	-7.254508776e-12	-7.226325391e-12	-7.441694680e-12	-7.229415014e-12	-7.609739997e-12	-7.756911523e-12	-7.542521870e-12	-7.308087350e-12	-7.035145585e-12	-7.557668556e-12	-7.542747940e-12	-7.659173956e-12	-7.377038680e-12	-7.747642656e-12	-7.968512980e-12	-7.600320416e-12	-7.655782907e-12	-7.586756221e-12	-7.795192698e-12	-7.865274377e-12	-7.882531049e-12	-7.224592189e-12	-6.961597501e-12	-7.235142119e-12	-6.979230955e-12	-7.379073309e-12	-6.771472687e-12	-7.485853674e-12	-7.014950005e-12	-7.070487851e-12	-7.344333896e-12	-6.889707262e-12	-7.424588722e-12	-7.310574120e-12	-7.314115882e-12	-6.580217524e-12	-7.228435378e-12	-7.142001307e-12	-7.180131769e-12	-7.647795102e-12	-7.317582288e-12	-7.451792471e-12	-7.586831577e-12	-7.705141508e-12	-7.589016920e-12	-7.729255635e-12	-7.586304081e-12	-7.243205280e-12	-7.223386482e-12	-7.320445840e-12	-7.823376083e-12	-8.123747667e-12	-7.762111131e-12	-7.814333286e-12	-7.907323385e-12	-7.938370322e-12	-8.069415526e-12	-7.952009875e-12	-7.625866319e-12	-7.646740109e-12	-7.134239572e-12	-7.277793979e-12	-7.078701726e-12	-7.046750508e-12	-7.201759126e-12	-7.385101841e-12	-7.226325391e-12	-7.262722651e-12	-7.494368975e-12	-7.166567573e-12	-6.760395261e-12	-7.103795488e-12	-7.320822623e-12	-7.531218374e-12	-7.878612503e-12	-7.314869448e-12	-7.722172110e-12	-7.746135523e-12	-7.744553033e-12	-7.614412109e-12	-7.747039803e-12	-8.397895138e-12	-7.784642768e-12	-7.586982290e-12	-8.290135137e-12	-8.083657932e-12	-8.130002268e-12	-8.303925403e-12	-7.779141733e-12	-7.705367578e-12	-8.147409653e-12	-7.431446177e-12	-7.594970095e-12	-7.963313371e-12	-7.603183969e-12	-7.670477452e-12	-7.508385311e-12	-7.763090768e-12	-7.231449643e-12	-7.108166173e-12	-7.375757617e-12	-7.497157171e-12	-7.471988051e-12	-7.290604609e-12	-7.458951352e-12	-7.301531322e-12	-7.417806624e-12	-7.182618538e-12	-6.676297246e-12	-7.186537083e-12	-7.005907207e-12	-7.184050314e-12	-7.041927683e-12	-7.057677222e-12	-6.894530087e-12	-6.686847176e-12	-7.152400524e-12	-7.321124050e-12	-6.664767679e-12	-7.264832637e-12	-7.205526958e-12	-7.637019102e-12	-7.010654676e-12	-7.739730208e-12	-6.898147206e-12	-7.317733001e-12	-8.149218212e-12	-7.966779777e-12	-7.295126008e-12	-7.880044280e-12	-7.611096417e-12	-7.304319518e-12
-7.572513815e-12	-7.563169591e-12	-7.509440304e-12	-7.291659602e-12	-7.637169815e-12	-7.470179492e-12	-7.274176861e-12	-7.483894401e-12	-7.062575404e-12	-7.140720244e-12	-7.096410537e-12	-8.007999861e-12	-7.240718511e-12	-7.583666598e-12	-7.618632081e-12	-7.349608861e-12	-7.213288692e-12	-7.916592252e-12	-7.333407183e-12	-7.465507380e-12	-7.814559356e-12	-6.934016969e-12	-7.315095518e-12	-7.943343861e-12	-8.084336142e-12	-7.689994823e-12	-7.560079968e-12	-7.912749063e-12	-7.639656585e-12	-7.605670738e-12	-7.046373725e-12	-7.026931711e-12	-7.138760971e-12	-7.638300165e-12	-7.198669503e-12	-7.446366792e-12	-7.216453671e-12	-7.319390847e-12	-7.076214956e-12	-6.645777805e-12	-7.577110570e-12	-6.751352463e-12	-7.580501619e-12	-7.820663244e-12	-7.469802709e-12	-7.725035663e-12	-7.799638740e-12	-7.149386258e-12	-7.830007468e-12	-7.852388391e-12	-7.819758964e-12	-7.901822350e-12	-7.463623464e-12	-7.454731380e-12	-7.443277170e-12	-7.971301176e-12	-7.715540725e-12	-7.637471242e-12	-7.863691888e-12	-7.562868164e-12	-7.611397843e-12	-7.295427434e-12	-7.486230457e-12	-7.148255908e-12	-7.772962488e-12	-7.608609647e-12	-7.462267044e-12	-7.461513478e-12	-6.971544578e-12	-7.016833921e-12	-7.558271409e-12	-7.008167907e-12	-6.680140435e-12	-7.065514313e-12	-7.342299267e-12	-6.563488349e-12	-7.444784303e-12	-7.106659041e-12	-7.318185141e-12	-7.304545588e-12	-7.716294292e-12	-7.343429617e-12	-7.582686962e-12	-7.739504138e-12	-8.092399303e-12	-7.920510797e-12	-8.010938770e-12	-7.969341903e-12	-8.464736482e-12	-7.754876894e-12	-8.062934855e-12	-7.998580281e-12	-7.686302347e-12	-7.728049928e-12	-7.766632530e-12	-7.937164616e-12	-7.563018878e-12	-8.358332900e-12	-7.487888303e-12	-6.467634698e-12	-7.657139326e-12	-7.325570092e-12	-7.701675103e-12	-7.405824918e-12	-7.520743800e-12	-7.611021060e-12	-7.630839857e-12	-8.052761708e-12	-7.793082712e-12	-8.280640200e-12	-7.545385423e-12	-7.625866319e-12	-7.528354821e-12	-7.605670738e-12	-8.077101904e-12	-8.190589010e-12	-7.507707101e-12	-7.427678345e-12	-7.253303070e-12	-7.296181001e-12	-7.752390124e-12	-7.710868613e-12	-7.342676050e-12	-7.858944419e-12	-7.623907046e-12	-6.919473136e-12	-6.885185863e-12	-7.349232078e-12	-7.279451826e-12	-7.206958734e-12	-7.093396271e-12	-6.687148603e-12	-7.471083772e-12	-7.566183857e-12	-7.879064643e-12	-7.560155325e-12	-7.692858375e-12	-7.061972551e-12	-7.286158567e-12	-7.262496581e-12	-7.378319743e-12	-7.941610658e-12	-7.641088361e-12	-7.445311799e-12	-7.715239299e-12	-7.742292334e-12	-7.639279801e-12	-7.745155887e-12	-7.540261171e-12	-7.697455131e-12	-7.866630797e-12	-7.852689818e-12	-8.196692898e-12	-7.691878739e-12	-7.993908169e-12	-7.952386658e-12	-8.092173233e-12	-8.116513429e-12	-7.889237790e-12	-8.193829346e-12	-7.956305203e-12	-7.918250098e-12	-7.615165675e-12	-7.490676499e-12	-7.813805789e-12	-7.445990009e-12	-7.313437672e-12	-7.690070180e-12	-7.884038182e-12	-7.814710069e-12	-7.323158679e-12	-7.539281535e-12	-7.455258876e-12	-7.283596441e-12	-7.470480919e-12	-7.423684443e-12	-7.161292608e-12	-7.329790064e-12	-7.432350457e-12	-7.588187997e-12	-8.015987666e-12	-7.945905987e-12	-7.994887805e-12	-8.491864873e-12	-7.124367852e-12	-7.929176812e-12	-7.581858039e-12	-7.576658430e-12	-7.442900387e-12	-7.304470231e-12	-6.600563818e-12	-6.514129748e-12	-7.445010373e-12	-7.367393029e-12	-7.235594259e-12	-8.021337987e-12	-7.482688695e-12	-7.807400475e-12	-7.668292109e-12	-8.183731556e-12	-7.433254736e-12	-7.625564892e-12	-7.625941675e-12	-7.589921200e-12	-8.015836952e-12	-7.513434206e-12	-7.173952524e-12	-7.257824469e-12	-7.285480357e-12	-7.044640522e-12	-7.739956278e-12	-7.509741730e-12	-7.477338373e-12	-7.041550900e-12	-7.417505198e-12	-7.122333223e-12	-7.681780949e-12	-7.230620720e-12	-7.221201140e-12	-7.187064580e-12	-7.917948672e-12	-7.603410039e-12	-7.686000921e-12	-7.763467551e-12	-8.520726468e-12	-7.574473088e-12	-7.951783805e-12	-7.933622854e-12	-7.865425091e-12	-8.140024702e-12	-7.855553370e-12	-7.626017032e-12	-7.903630909e-12	-7.305902008e-12	-7.806194768e-12	-7.621947773e-12	-7.665051774e-12	-7.774846404e-12	-7.957887693e-12	-7.652994711e-12	-7.699791187e-12	-7.430994037e-12	-8.077629401e-12	-7.960223749e-12	-7.816669342e-12	-7.586680864e-12	-8.006342015e-12	-7.724583523e-12	-7.764070404e-12	-7.677184193e-12	-7.495800751e-12
-7.872207189e-12	-7.816217202e-12	-7.762111131e-12	-8.004232029e-12	-7.921038294e-12	-8.153287471e-12	-7.586831577e-12	-7.896547385e-12	-7.494067548e-12	-7.710642543e-12	-7.790746656e-12	-7.536719409e-12	-7.350136358e-12	-7.604012892e-12	-7.889539217e-12	-7.930985371e-12	-7.677636333e-12	-7.967759413e-12	-8.201666437e-12	-8.208523891e-12	-8.257279640e-12	-8.156000310e-12	-8.623136148e-12	-8.833155115e-12	-8.088179331e-12	-7.717952138e-12	-7.939048532e-12	-7.795418768e-12	-7.547947549e-12	-7.858492279e-12	-7.652542571e-12	-7.847113426e-12	-8.167228450e-12	-8.092323946e-12	-8.317112816e-12	-7.932040364e-12	-8.170996283e-12	-7.751410488e-12	-7.956079134e-12	-7.970773679e-12	-7.829178545e-12	-7.716445005e-12	-7.940857091e-12	-7.999785987e-12	-8.262780675e-12	-8.359990746e-12	-8.431353488e-12	-8.354112928e-12	-7.932417147e-12	-7.812223300e-12	-7.893382406e-12	-8.112368814e-12	-7.884038182e-12	-7.742669117e-12	-8.135277233e-12	-8.389681264e-12	-8.128419779e-12	-8.105963499e-12	-8.607311252e-12	-7.998128141e-12	-8.169187723e-12	-7.956455917e-12	-8.783721156e-12	-9.026294194e-12	-8.818460569e-12	-8.297444732e-12	-8.568351867e-12	-8.185992255e-12	-8.115458436e-12	-8.353208648e-12	-7.826088922e-12	-7.831966741e-12	-7.977631134e-12	-8.051103862e-12	-7.860150126e-12	-7.827294629e-12	-7.914783693e-12	-7.955400924e-12	-8.792161100e-12	-8.242434381e-12	-8.784926863e-12	-8.285613738e-12	-8.090364673e-12	-8.184409765e-12	-8.186821178e-12	-8.203399640e-12	-8.052083498e-12	-8.026311526e-12	-7.927594322e-12	-8.082226156e-12	-8.082753652e-12	-7.858793706e-12	-7.575904864e-12	-7.648322599e-12	-8.232713374e-12	-7.541542234e-12	-7.612754263e-12	-7.596703298e-12	-8.075745484e-12	-6.996713697e-12	-7.777860670e-12	-7.385403267e-12	-7.459554205e-12	-7.787204894e-12	-7.923751133e-12	-6.972222787e-12	-7.670100669e-12	-7.837769202e-12	-8.283202326e-12	-7.941158518e-12	-7.735811663e-12	-7.582460892e-12	-7.953140224e-12	-7.720137481e-12	-7.978233987e-12	-8.231281598e-12	-7.694893005e-12	-7.869795776e-12	-7.802803719e-12	-7.698208697e-12	-8.137839359e-12	-7.342751407e-12	-7.799940167e-12	-7.563546374e-12	-7.578994486e-12	-7.941761371e-12	-8.268281710e-12	-7.805893342e-12	-8.363607865e-12	-8.429921712e-12	-8.133770100e-12	-8.255395724e-12	-8.054871694e-12	-8.404375810e-12	-8.029401148e-12	-8.266096368e-12	-8.195939332e-12	-7.725789229e-12	-8.280338773e-12	-8.003629176e-12	-7.954345931e-12	-7.936712476e-12	-7.907700168e-12	-7.583365172e-12	-7.685774851e-12	-7.784567411e-12	-7.264079070e-12	-7.734078460e-12	-8.138743639e-12	-7.731817761e-12	-8.032942911e-12	-8.125405513e-12	-7.890217427e-12	-8.275817375e-12	-7.911694070e-12	-8.184786549e-12	-7.781628502e-12	-8.360668956e-12	-7.347272805e-12	-7.562792808e-12	-8.226308059e-12	-8.151855695e-12	-7.653597564e-12	-7.585701227e-12	-7.687960194e-12	-7.691803382e-12	-7.467466653e-12	-7.661886795e-12	-7.289474259e-12	-7.722021397e-12	-8.007924505e-12	-8.275139165e-12	-7.899938434e-12	-8.277173794e-12	-7.862938321e-12	-7.943720644e-12	-7.614261396e-12	-7.856080867e-12	-8.658026274e-12	-8.460290440e-12	-8.687113938e-12	-8.006266659e-12	-7.899787720e-12	-8.044623190e-12	-8.442656985e-12	-7.624585256e-12	-7.971677959e-12	-7.721192474e-12	-8.134975807e-12	-8.012898043e-12	-7.948091329e-12	-8.565940455e-12	-8.218244899e-12	-7.755102964e-12	-8.073334072e-12	-8.131358688e-12	-7.489018653e-12	-8.158713150e-12	-7.922168644e-12	-7.927745035e-12	-7.833850657e-12	-7.741237341e-12	-7.453977813e-12	-6.901236829e-12	-7.132054230e-12	-7.558572836e-12	-7.952311301e-12	-8.456824034e-12	-8.172428059e-12	-7.948166686e-12	-7.979590406e-12	-7.769345369e-12	-7.118791460e-12	-7.403036722e-12	-7.610644277e-12	-7.550283605e-12	-7.944624924e-12	-7.740709845e-12	-7.810264027e-12	-8.228870185e-12	-7.532725507e-12	-8.123446240e-12	-7.921038294e-12	-7.812072587e-12	-7.794288419e-12	-7.783512418e-12	-7.560004612e-12	-7.535965842e-12	-8.189458660e-12	-7.989838910e-12	-7.513735632e-12	-7.877934294e-12	-7.968136197e-12	-8.153287471e-12	-7.639505871e-12	-7.798960530e-12	-7.850429118e-12	-7.847640923e-12	-6.876218423e-12	-6.926933444e-12	-6.893927234e-12	-7.507631744e-12	-7.709286124e-12	-7.545912919e-12	-7.700092613e-12	-7.623153480e-12	-7.555257143e-12	-7.845530937e-12	-7.778388167e-12	-7.029569194e-12	-7.526546262e-12
-7.334236106e-12	-7.484798681e-12	-7.509515660e-12	-8.123672310e-12	-7.787355607e-12	-7.597682934e-12	-7.848093062e-12	-7.927142182e-12	-7.896773455e-12	-7.620892780e-12	-7.768290376e-12	-7.429034764e-12	-8.020509064e-12	-7.489244723e-12	-7.533554430e-12	-8.216737766e-12	-7.798282321e-12	-8.114177373e-12	-7.747491942e-12	-7.597758291e-12	-7.720212837e-12	-8.133694744e-12	-8.404451166e-12	-7.945077063e-12	-8.284634102e-12	-8.646647421e-12	-7.781101006e-12	-8.160823136e-12	-8.616127980e-12	-7.934301063e-12	-8.387797348e-12	-8.584628902e-12	-8.920719535e-12	-8.910169605e-12	-8.389681264e-12	-8.448158020e-12	-8.336027333e-12	-8.427887083e-12	-8.268959920e-12	-8.144395387e-12	-8.484178496e-12	-8.072505149e-12	-7.962409092e-12	-8.020735134e-12	-7.946508840e-12	-8.055851330e-12	-8.563001546e-12	-8.220430241e-12	-8.193527919e-12	-8.906100346e-12	-9.198333412e-12	-8.499023755e-12	-8.597439532e-12	-8.527433210e-12	-8.193452563e-12	-8.044623190e-12	-8.481465657e-12	-8.492844510e-12	-8.616354050e-12	-8.387345208e-12	-7.929855021e-12	-8.578449658e-12	-8.271597403e-12	-8.475286412e-12	-8.556596231e-12	-8.498722328e-12	-8.384180229e-12	-8.403923670e-12	-8.498646971e-12	-8.413267894e-12	-7.905966965e-12	-8.596083112e-12	-8.404601880e-12	-8.443711978e-12	-8.365793208e-12	-8.246428283e-12	-8.514471867e-12	-8.177853737e-12	-8.095941065e-12	-7.722096753e-12	-8.142888254e-12	-7.863993314e-12	-7.332126120e-12	-7.551263241e-12	-7.464904527e-12	-7.403639575e-12	-7.315999798e-12	-6.876971989e-12	-7.243506706e-12	-7.543576863e-12	-7.540411884e-12	-7.735208809e-12	-7.694365508e-12	-7.958490546e-12	-7.874543245e-12	-7.840255971e-12	-8.162028842e-12	-7.943268504e-12	-7.564902794e-12	-7.522552360e-12	3.932365905e-11	-7.864596168e-12	-8.031058994e-12	-8.397518355e-12	-7.794891272e-12	-7.447949282e-12	-7.489546150e-12	-7.762638628e-12	-7.615090319e-12	-8.078307610e-12	-8.185690828e-12	-8.413644677e-12	-7.728803495e-12	-7.670251382e-12	-7.905966965e-12	-7.837919915e-12	-8.077930827e-12	-7.835659216e-12	-7.662112865e-12	-7.586680864e-12	-7.878386433e-12	-7.525340556e-12	-8.043869624e-12	-7.825486069e-12	-7.836714209e-12	-7.548022905e-12	-7.974466155e-12	-7.741388054e-12	-8.125179443e-12	-8.190965793e-12	-8.394654803e-12	-8.473628566e-12	-8.665109798e-12	-8.220053458e-12	-8.576188958e-12	-7.948242043e-12	-8.384180229e-12	-8.304829683e-12	-8.250045402e-12	-8.351852229e-12	-8.033093624e-12	-7.895492392e-12	-7.770777146e-12	-7.633251270e-12	-7.871227552e-12	-7.818025761e-12	-7.936260336e-12	-7.521874150e-12	-7.718781061e-12	-8.045828897e-12	-7.635285899e-12	-7.772962488e-12	-8.281243053e-12	-8.007547721e-12	-7.504316052e-12	-8.124124450e-12	-8.074539778e-12	-8.106792422e-12	-7.642896920e-12	-7.927518965e-12	-8.036258603e-12	-8.443711978e-12	-8.342281935e-12	-7.988708560e-12	-7.819306824e-12	-7.902877343e-12	-8.513567587e-12	-8.384933795e-12	-8.115759862e-12	-7.877557510e-12	-8.087501121e-12	-7.735736306e-12	-7.647795102e-12	-8.208900675e-12	-8.402793320e-12	-7.824129650e-12	-8.270919193e-12	-8.856440318e-12	-8.515602216e-12	-8.342583361e-12	-8.748378890e-12	-8.385310579e-12	-8.922000598e-12	-8.669706554e-12	-8.663075169e-12	-8.725018331e-12	-8.270542410e-12	-8.154267108e-12	-7.983132169e-12	-8.154568534e-12	-7.651487578e-12	-7.639053732e-12	-7.851710181e-12	-7.740333061e-12	-7.530088024e-12	-7.148934118e-12	-7.482990121e-12	-7.722850320e-12	-7.986900001e-12	-7.833172447e-12	-8.052309568e-12	-8.050877792e-12	-7.958189120e-12	-8.065723051e-12	-7.967533343e-12	-7.889991357e-12	-8.187047248e-12	-7.815840419e-12	-8.413117180e-12	-8.621855085e-12	-8.824489101e-12	-8.457351530e-12	-7.917044392e-12	-7.871453622e-12	-7.944549567e-12	-8.525398580e-12	-7.856457650e-12	-8.415980733e-12	-8.474231419e-12	-8.313043557e-12	-8.399326914e-12	-8.192623640e-12	-7.704990795e-12	-7.653597564e-12	-7.654878627e-12	-7.946132056e-12	-7.537322262e-12	-7.574171661e-12	-7.577562710e-12	-8.334670914e-12	-7.963690155e-12	-8.006417372e-12	-8.328793096e-12	-8.461420789e-12	-8.210935304e-12	-8.202947500e-12	-7.585249088e-12	-8.263082102e-12	-7.962183022e-12	-7.401529589e-12	-8.135729373e-12	-7.800241593e-12	-8.148690716e-12	-8.277173794e-12	-8.340096592e-12	-7.673491718e-12	-8.279660564e-12	-7.707176138e-12	-7.941610658e-12	-7.722624250e-12	-8.342131222e-12
-8.184108339e-12	-8.183053346e-12	-8.500154104e-12	-8.135955443e-12	-8.162405625e-12	-8.221862017e-12	-8.493598076e-12	-8.627280763e-12	-7.877256084e-12	-8.214326353e-12	-8.644462078e-12	-8.032641484e-12	-8.427585656e-12	-8.802711031e-12	-8.452001209e-12	-8.355469348e-12	-8.587191028e-12	-8.384481656e-12	-8.825544094e-12	-8.426153880e-12	-8.385385935e-12	-8.031737204e-12	-8.321558858e-12	-8.576264315e-12	-8.099181401e-12	-8.487795615e-12	-7.843270237e-12	-7.911920140e-12	-8.027366519e-12	-8.431278132e-12	-8.241228675e-12	-8.283126969e-12	-8.397066215e-12	-8.671289043e-12	-8.438437013e-12	-7.710491830e-12	-7.973109735e-12	-8.098804618e-12	-8.130755835e-12	-7.927443609e-12	-8.076800477e-12	-8.741672149e-12	-8.053816701e-12	-8.035505036e-12	-8.330450942e-12	-8.188705094e-12	-8.047712813e-12	-7.827671412e-12	-7.565807073e-12	-7.957963050e-12	-8.007849148e-12	-7.883661398e-12	-7.731290264e-12	-8.195185765e-12	-8.111690604e-12	-7.815915775e-12	-7.860526909e-12	-8.001519190e-12	-8.047260673e-12	-7.962861231e-12	-8.211990297e-12	-8.507915839e-12	-8.336856256e-12	-8.261725682e-12	-8.301212564e-12	-8.050501009e-12	-7.820286461e-12	-8.130755835e-12	-8.584704259e-12	-8.409726131e-12	-8.252306102e-12	-7.931965007e-12	-7.641088361e-12	-7.386759687e-12	-7.508611381e-12	-7.812826153e-12	-7.365735183e-12	-7.421574457e-12	-7.167245782e-12	-7.862636895e-12	-7.663921424e-12	-7.779443160e-12	-7.801673370e-12	-7.867158293e-12	-7.620365284e-12	-7.392788218e-12	-7.977555777e-12	-7.558798906e-12	-7.685473424e-12	-7.829479971e-12	-8.343035501e-12	-7.919455804e-12	-8.214929206e-12	-7.784642768e-12	-7.695043718e-12	-8.403170103e-12	-7.656235046e-12	-7.851258041e-12	-7.694817648e-12	-7.337401085e-12	3.872374480e-11	-7.795720195e-12	-7.563697087e-12	-7.697379774e-12	-7.646664753e-12	-8.309953934e-12	-7.971828672e-12	-7.971979385e-12	-7.884942461e-12	-8.006718798e-12	-7.780347439e-12	-8.107319918e-12	-8.303548620e-12	-7.938445679e-12	-8.275139165e-12	-7.995566015e-12	-8.463681489e-12	-8.273858102e-12	-7.972356169e-12	-8.196692898e-12	-7.974164728e-12	-8.144621457e-12	-8.086446128e-12	-7.913879413e-12	-8.008150575e-12	-7.805365845e-12	-8.041759638e-12	-8.168961653e-12	-7.987804281e-12	-7.926539329e-12	-7.465658093e-12	-7.353452050e-12	-7.354280973e-12	-7.659701452e-12	-8.070922659e-12	-7.882531049e-12	-7.866781510e-12	-7.946810266e-12	-7.384574344e-12	-7.347574232e-12	-7.620892780e-12	-7.785245621e-12	-7.774394264e-12	-7.478242653e-12	-7.049614061e-12	-7.367920526e-12	-7.336572162e-12	-7.422629450e-12	-8.037012169e-12	-7.507405674e-12	-7.379224022e-12	-7.395651771e-12	-7.482311912e-12	-7.541391521e-12	-8.131132618e-12	-7.462267044e-12	-7.436419715e-12	-7.422026596e-12	-7.636943746e-12	-8.045075330e-12	-7.638375522e-12	-7.524511632e-12	-7.317808358e-12	-8.157658157e-12	-7.893834545e-12	-8.244845794e-12	-7.923901846e-12	-8.108224198e-12	-7.286610707e-12	-7.920962937e-12	-7.702730096e-12	-7.596703298e-12	-8.060146659e-12	-7.879968923e-12	-8.250497542e-12	-8.086596841e-12	-8.502716230e-12	-8.683346106e-12	-8.552602329e-12	-8.466620398e-12	-8.305206466e-12	-8.087199694e-12	-7.883058545e-12	-8.051932785e-12	-8.525850720e-12	-8.135880086e-12	-8.056152757e-12	-7.984488588e-12	-8.161124562e-12	-8.004910239e-12	-7.606650375e-12	-8.065949121e-12	-8.142963611e-12	-8.065044841e-12	-7.902575916e-12	-8.218847752e-12	-7.987427497e-12	-7.884716392e-12	-8.163535975e-12	-8.357730047e-12	-8.173709122e-12	-8.236556563e-12	-8.413343250e-12	-7.916516895e-12	-8.108902408e-12	-7.650658655e-12	-7.473871968e-12	-7.482236555e-12	-8.153136758e-12	-7.981474323e-12	-7.694290152e-12	-8.410027558e-12	-7.050442984e-12	-7.984413232e-12	-7.829329258e-12	-7.713430739e-12	-7.900465930e-12	-8.054193484e-12	-8.365793208e-12	-8.218923108e-12	-8.142210045e-12	-7.642896920e-12	-8.200083947e-12	-8.655840931e-12	-8.178758017e-12	-8.316057823e-12	-8.488172398e-12	-8.476793545e-12	-8.031963274e-12	-7.875221454e-12	-7.949297036e-12	-8.360141459e-12	-8.233768367e-12	-8.075444058e-12	-7.647569032e-12	-7.719685341e-12	-7.652015074e-12	-8.176271248e-12	-8.209654241e-12	-8.260896759e-12	-8.294581179e-12	-8.128419779e-12	-8.008753428e-12	-7.798433034e-12	-8.162254912e-12	-7.972506882e-12	-8.578223588e-12	-8.065723051e-12	-7.882606405e-12	-7.735133453e-12	-7.766180390e-12
-8.300082214e-12	-8.495255922e-12	-7.853443384e-12	-7.763768978e-12	-7.941083161e-12	-8.139045066e-12	-8.521253965e-12	-8.169413793e-12	-8.187800814e-12	-8.329395949e-12	-8.276947724e-12	-8.536777433e-12	-8.164138828e-12	-8.329546662e-12	-8.103401373e-12	-7.764522544e-12	-8.118321988e-12	-7.839728475e-12	-8.137311863e-12	-7.929855021e-12	-8.221409878e-12	-8.540243839e-12	-8.413720033e-12	-8.844383255e-12	-8.592465993e-12	-8.355695417e-12	-8.095413569e-12	-8.407239362e-12	-8.542278468e-12	-7.649076165e-12	-7.610719633e-12	-7.961730882e-12	-7.575754150e-12	-8.047486743e-12	-8.275139165e-12	-7.965423357e-12	-8.088932897e-12	-7.168752915e-12	-7.722624250e-12	-8.004458099e-12	-7.794439132e-12	-8.340021236e-12	-8.061427722e-12	-7.990592477e-12	-8.085993988e-12	-8.184786549e-12	-8.259163556e-12	-8.064668058e-12	-8.017419442e-12	-7.833172447e-12	-8.089158967e-12	-8.070395163e-12	-8.019001931e-12	-7.795644838e-12	-8.037238239e-12	-8.087350408e-12	-7.642821564e-12	-7.664750347e-12	-7.797378041e-12	-8.023372617e-12	-7.906946602e-12	-7.812826153e-12	-8.208900675e-12	-8.103024590e-12	-8.037765736e-12	-7.741086628e-12	-8.400834047e-12	-8.278304144e-12	-7.707703634e-12	-8.052686351e-12	-7.556688919e-12	-8.251778605e-12	-8.355695417e-12	-8.387119138e-12	-8.819063422e-12	-8.055022407e-12	-8.188252954e-12	-7.956154490e-12	-8.084336142e-12	-8.154945317e-12	-7.592483325e-12	-7.578542346e-12	-7.873563608e-12	-8.128645849e-12	-8.067531610e-12	-8.006794155e-12	-8.146882157e-12	-7.900767357e-12	-8.038670016e-12	-7.677862403e-12	-7.866856867e-12	-7.795343412e-12	-7.968739050e-12	-8.047486743e-12	-8.013274826e-12	-7.630990571e-12	-8.427661013e-12	-7.933698210e-12	-7.562189955e-12	-6.890159402e-12	-6.628445777e-12	-7.349759575e-12	-7.301154539e-12	-7.297085280e-12	-7.423533729e-12	-7.203115545e-12	-7.072597837e-12	-7.038687348e-12	-7.419012331e-12	-7.373647631e-12	-7.307785924e-12	-6.765519512e-12	-7.217810091e-12	-7.757288306e-12	-7.503185702e-12	-8.046281037e-12	-7.235518902e-12	-7.779669230e-12	-7.748848362e-12	-7.915537259e-12	-8.036786099e-12	-7.798357677e-12	-7.676807410e-12	-7.956681987e-12	-7.979213623e-12	-7.779819943e-12	-8.318167809e-12	-7.937541399e-12	-7.831740671e-12	-7.268374399e-12	-7.724884949e-12	-7.567238850e-12	-7.367845169e-12	-7.830459608e-12	-8.384632369e-12	-7.425040862e-12	-7.859697986e-12	-8.079362603e-12	-7.784190628e-12	-8.234446577e-12	-7.637848025e-12	-7.794966628e-12	-7.610568920e-12	-7.635813396e-12	-8.021564057e-12	-8.388550914e-12	-8.338212676e-12	-8.143265038e-12	-8.083808645e-12	-8.410555054e-12	-7.994134239e-12	-7.959997679e-12	-7.494218261e-12	-7.845681650e-12	-7.443880023e-12	-7.700243327e-12	-7.794589845e-12	-7.681856305e-12	-7.770626432e-12	-7.617426375e-12	-7.837015636e-12	-7.958867329e-12	-7.705292222e-12	-7.696927634e-12	-7.579220556e-12	-7.361515211e-12	-7.867535077e-12	-7.218714370e-12	-7.807174405e-12	-7.534458709e-12	-7.721117117e-12	-7.353301337e-12	-7.367543743e-12	-7.218036161e-12	-6.955267542e-12	-7.477564443e-12	-7.276362203e-12	-7.777257817e-12	-7.157374062e-12	-6.849768241e-12	-7.538226542e-12	-7.341847127e-12	-7.694365508e-12	-7.592332612e-12	-7.459026709e-12	-7.554277507e-12	-6.694684267e-12	-7.598737927e-12	-7.765878964e-12	-7.250364161e-12	-7.827596055e-12	-7.673717788e-12	-7.704915439e-12	-7.762940055e-12	-7.356164889e-12	-7.089929866e-12	-7.576357004e-12	-7.639129088e-12	-7.982227889e-12	-7.724734236e-12	-7.818553258e-12	-7.867987216e-12	-7.203793755e-12	-7.357596666e-12	-7.318637281e-12	-7.498513590e-12	-7.498438234e-12	-6.655272742e-12	-7.350061001e-12	-7.004249361e-12	-7.062801474e-12	-6.697547819e-12	-6.776370869e-12	-7.149310901e-12	-6.720004099e-12	-7.310197336e-12	-7.639882655e-12	-7.316075155e-12	-7.884716392e-12	-7.148934118e-12	-7.441317897e-12	-7.989763553e-12	-7.507481031e-12	-7.451943184e-12	-7.544330430e-12	-7.402358512e-12	-7.661962151e-12	-7.582536248e-12	-7.453450317e-12	-7.578994486e-12	-7.330091491e-12	-7.466185590e-12	-7.444784303e-12	-7.090231292e-12	-7.399645673e-12	-7.249685951e-12	-7.416751631e-12	-7.278170763e-12	-7.713732166e-12	-7.237779601e-12	-7.253679853e-12	-7.729783131e-12	-6.615333721e-12	-7.611021060e-12	-7.489395436e-12	-7.546817199e-12	-7.480955492e-12	-7.176288580e-12	-7.775449257e-12	-7.230017867e-12	-7.363700554e-12
-7.632196277e-12	-7.154811936e-12	-7.547043269e-12	-7.377340106e-12	-7.452244611e-12	-7.504918905e-12	-7.288343910e-12	-7.646061899e-12	-7.938219609e-12	-7.601073983e-12	-8.148690716e-12	-7.781176362e-12	-7.463849534e-12	-7.399268890e-12	-7.530992304e-12	-7.624811326e-12	-7.338832861e-12	-6.996789053e-12	-7.273423294e-12	-7.911241930e-12	-7.182769251e-12	-6.958733948e-12	-7.822321090e-12	-7.731365621e-12	-8.231959808e-12	-7.790068446e-12	-7.383519351e-12	-7.968588336e-12	-7.487210094e-12	-7.753294404e-12	-8.018926575e-12	-7.592634039e-12	-7.693159802e-12	-7.958415189e-12	-7.637019102e-12	-7.185105307e-12	-7.586982290e-12	-7.664901060e-12	-7.992853176e-12	-8.140175415e-12	-7.126176411e-12	-7.653446851e-12	-7.663167858e-12	-7.392185365e-12	-6.998597613e-12	-7.691501956e-12	-7.769571439e-12	-7.426095855e-12	-7.126779265e-12	-7.896848811e-12	-7.616672808e-12	-7.850956615e-12	-7.449079632e-12	-7.117962537e-12	-7.856080867e-12	-7.782080642e-12	-7.451867827e-12	-7.849675552e-12	-7.567163493e-12	-7.568444556e-12	-7.182618538e-12	-7.036200578e-12	-7.283747154e-12	-7.391657869e-12	-7.080133502e-12	-7.793986992e-12	-7.690899103e-12	-7.804084782e-12	-7.525943409e-12	-8.352229012e-12	-7.672662795e-12	-7.605218598e-12	-7.271464021e-12	-7.633628053e-12	-7.494218261e-12	-7.382916498e-12	-7.372667994e-12	-7.673642431e-12	-7.441016471e-12	-7.745683383e-12	-7.649226879e-12	-7.068905362e-12	-7.406955268e-12	-7.389849309e-12	-7.452922820e-12	-8.091193596e-12	-7.647795102e-12	-7.619461004e-12	-7.741086628e-12	-7.565053507e-12	-7.775976754e-12	-8.002272756e-12	-8.413870747e-12	-7.839276335e-12	-8.350495809e-12	-8.599850945e-12	-8.026914379e-12	-7.837618489e-12	-7.792253789e-12	-7.828198908e-12	-7.771153929e-12	2.997951053e-11	-8.503620510e-12	-8.317866382e-12	-8.187047248e-12	-7.770927859e-12	-7.734832026e-12	-7.473043044e-12	-7.744025537e-12	-7.868891496e-12	-7.857361930e-12	-7.721569257e-12	-7.504014625e-12	-8.033093624e-12	-7.725261732e-12	-7.912975133e-12	-7.699715830e-12	-7.383594708e-12	-7.828952475e-12	-7.936486406e-12	-7.729255635e-12	-7.483819045e-12	-7.878085007e-12	-7.882531049e-12	-8.002875610e-12	-7.978535413e-12	-8.669028344e-12	-7.855779440e-12	-7.506576751e-12	-7.912296923e-12	-7.328961141e-12	-7.746436949e-12	-7.685624138e-12	-7.638375522e-12	-7.509289590e-12	-7.038762704e-12	-7.269806175e-12	-7.833247804e-12	-7.541768304e-12	-7.685774851e-12	-7.745608026e-12	-8.049973512e-12	-7.796473761e-12	-7.325419379e-12	-7.245541336e-12	-7.471686625e-12	-7.430391184e-12	-7.646438683e-12	-7.189928132e-12	-6.926405948e-12	-7.177192860e-12	-7.508837450e-12	-7.199799853e-12	-7.318335854e-12	-6.864161360e-12	-7.441016471e-12	-7.373421561e-12	-7.710717900e-12	-7.757665089e-12	-7.376435827e-12	-7.380354372e-12	-7.737092726e-12	-7.178323209e-12	-7.461965618e-12	-7.701524390e-12	-7.057526509e-12	-7.696927634e-12	-7.337853225e-12	-7.343504973e-12	-7.402509226e-12	-7.126101055e-12	-7.175685727e-12	-6.944642256e-12	-6.841252940e-12	-7.113893278e-12	-7.127156048e-12	-7.700620110e-12	-7.626318459e-12	-7.799412670e-12	-7.913879413e-12	-7.801598013e-12	-7.318486567e-12	-7.575075941e-12	-8.005588449e-12	-7.320897980e-12	-6.806739597e-12	-7.375682260e-12	-7.325494735e-12	-7.301682036e-12	-7.724809593e-12	-7.758267943e-12	-7.762864698e-12	-7.706422571e-12	-7.953667721e-12	-7.859471916e-12	-8.545142021e-12	-8.219525961e-12	-7.644931550e-12	-7.524737702e-12	-7.140418817e-12	-7.608835717e-12	-7.331975407e-12	-7.374250484e-12	-7.235443545e-12	-7.570253115e-12	-7.064986816e-12	-7.397686400e-12	-7.711396110e-12	-8.110710967e-12	-7.103795488e-12	-8.168132730e-12	-7.800015523e-12	-7.226023965e-12	-7.445236443e-12	-7.397309617e-12	-7.680273816e-12	-7.338606791e-12	-7.497835380e-12	-7.659852165e-12	-7.444030736e-12	-7.533403716e-12	-7.556688919e-12	-7.424061226e-12	-7.572890598e-12	-8.299931501e-12	-7.538301898e-12	-7.852313035e-12	-7.721644614e-12	-7.669045676e-12	-7.169129699e-12	-7.810791524e-12	-7.355712750e-12	-7.594668668e-12	-8.319524228e-12	-7.612302123e-12	-7.598813284e-12	-7.214042258e-12	-7.579748053e-12	-7.520216304e-12	-7.745457313e-12	-7.476208024e-12	-7.142830230e-12	-8.085692561e-12	-7.864294741e-12	-7.786074544e-12	-7.752314768e-12	-7.525641982e-12	-7.741840194e-12	-7.910413007e-12	-7.917496532e-12	-7.069206788e-12
-7.555332500e-12	-8.126912646e-12	-8.491412734e-12	-8.550341629e-12	-8.168358800e-12	-8.289381571e-12	-8.130077625e-12	-8.588924231e-12	-8.366772844e-12	-7.998128141e-12	-7.826164279e-12	-8.116061289e-12	-7.633628053e-12	-8.019604785e-12	-8.138216142e-12	-7.599265423e-12	-7.349684218e-12	-7.747491942e-12	-7.471008415e-12	-7.603033256e-12	-7.771379999e-12	-7.530012667e-12	-7.828726405e-12	-8.354338998e-12	-8.366848201e-12	-7.925559693e-12	-8.315228900e-12	-7.810866880e-12	-8.415227166e-12	-8.753879925e-12	-8.477396398e-12	-8.849507507e-12	-8.154342464e-12	-8.281167696e-12	-8.019755498e-12	-8.557726580e-12	-8.604296987e-12	-8.614394777e-12	-8.644009938e-12	-8.288477291e-12	-8.775281212e-12	-8.404074383e-12	-8.731875785e-12	-8.250045402e-12	-8.251100395e-12	-8.244167584e-12	-7.840331328e-12	-8.360066103e-12	-8.405958299e-12	-8.354414355e-12	-8.090666100e-12	-8.280790913e-12	-8.816124513e-12	-8.622457938e-12	-8.263835668e-12	-8.289909067e-12	-8.088556114e-12	-8.317188172e-12	-8.169564506e-12	-8.306412172e-12	-7.941309231e-12	-8.253210381e-12	-7.990592477e-12	-8.316811389e-12	-8.341453012e-12	-8.132338324e-12	-8.414473600e-12	-8.391941963e-12	-8.216134913e-12	-8.107470632e-12	-8.559987280e-12	-8.749584596e-12	-8.367300341e-12	-8.531577825e-12	-8.239947612e-12	-8.194356842e-12	-7.800090880e-12	-8.109053121e-12	-8.399552984e-12	-8.369334970e-12	-7.846359860e-12	-7.853368028e-12	-7.685171998e-12	-7.824657146e-12	-7.804838349e-12	-7.778162097e-12	-8.493899503e-12	-8.206941402e-12	-8.170619499e-12	-8.209428171e-12	-8.238289766e-12	-8.489604174e-12	-8.490583811e-12	-8.297972228e-12	-8.576339672e-12	-8.378151697e-12	-8.210257094e-12	-7.877331440e-12	-8.317489599e-12	-8.030079358e-12	-7.687884837e-12	-6.227849856e-12	-8.447705880e-12	-8.130755835e-12	-8.471518580e-12	-8.529467839e-12	-8.151328199e-12	-7.871076839e-12	-8.255923221e-12	-8.096543918e-12	-7.920209371e-12	-8.077780114e-12	-8.209277458e-12	-8.667144428e-12	-8.603317350e-12	-8.786886135e-12	-8.331505935e-12	-8.126385149e-12	-7.904987329e-12	-8.199179668e-12	-8.443033768e-12	-7.905590182e-12	-8.082226156e-12	-7.399721030e-12	-7.455108163e-12	-7.203944468e-12	-7.975747218e-12	-7.749978712e-12	-7.868062573e-12	-7.673190291e-12	-7.683815578e-12	-7.846736643e-12	-7.776504250e-12	-7.865801874e-12	-8.025859386e-12	-8.094584645e-12	-8.542655252e-12	-8.185087975e-12	-8.569708287e-12	-8.122768030e-12	-8.209428171e-12	-8.490056314e-12	-7.800693733e-12	-8.068059107e-12	-8.293224759e-12	-8.400005124e-12	-8.157130660e-12	-7.842139888e-12	-8.039498939e-12	-8.469182524e-12	-8.023523330e-12	-8.222163444e-12	-8.482143866e-12	-7.733550963e-12	-8.180415863e-12	-8.508820118e-12	-8.159014576e-12	-7.965724784e-12	-7.754952250e-12	-7.905665539e-12	-8.585683895e-12	-7.978460057e-12	-7.716369648e-12	-7.709512194e-12	-7.656008976e-12	-7.699941900e-12	-7.428205841e-12	-7.282918231e-12	-8.088480757e-12	-8.122617317e-12	-8.509875111e-12	-7.937692112e-12	-8.122315891e-12	-7.941384588e-12	-7.722322823e-12	-7.986523218e-12	-8.319901012e-12	-8.037087526e-12	-8.350420452e-12	-7.907926238e-12	-8.211538157e-12	-8.315454970e-12	-7.874844671e-12	-7.577562710e-12	-7.541768304e-12	-7.914934406e-12	-8.657800204e-12	-8.329245235e-12	-8.236179780e-12	-8.391414467e-12	-8.723511198e-12	-8.002649540e-12	-8.415679306e-12	-8.376945991e-12	-8.233994437e-12	-8.601207364e-12	-8.601810217e-12	-8.259766409e-12	-8.302493627e-12	-8.032264701e-12	-7.908152308e-12	-8.027894015e-12	-8.642201379e-12	-8.066627330e-12	-8.101818883e-12	-8.392620173e-12	-8.855762108e-12	-8.227061626e-12	-9.032021299e-12	-8.150876059e-12	-8.583724623e-12	-8.168132730e-12	-8.275515948e-12	-8.585005686e-12	-8.531427112e-12	-8.398950131e-12	-8.503319083e-12	-8.210709234e-12	-8.501284454e-12	-8.350119026e-12	-8.528111419e-12	-8.081020450e-12	-8.291491557e-12	-8.165796674e-12	-8.238741906e-12	-8.558856930e-12	-8.151102129e-12	-7.678314543e-12	-7.583666598e-12	-7.508159241e-12	-8.198501458e-12	-7.668894963e-12	-8.316585319e-12	-8.755160988e-12	-8.136256870e-12	-8.471367866e-12	-8.050953149e-12	-8.097749625e-12	-7.718027495e-12	-8.220279528e-12	-7.729255635e-12	-8.213196003e-12	-7.791500223e-12	-7.765276111e-12	-7.672512082e-12	-7.630613787e-12	-8.312365347e-12	-8.052837065e-12	-8.315756396e-12	-8.062256645e-12	-7.759247579e-12
-7.978761483e-12	-7.946433483e-12	-8.127590856e-12	-7.910413007e-12	-8.136709010e-12	-7.780422796e-12	-7.607027158e-12	-7.877482154e-12	-7.772585705e-12	-8.078232254e-12	-8.235426213e-12	-8.394202663e-12	-8.366772844e-12	-8.452905488e-12	-8.309200368e-12	-8.650792036e-12	-8.338363389e-12	-8.368882830e-12	-8.364436788e-12	-8.184334409e-12	-7.698359411e-12	-8.140024702e-12	-7.870172559e-12	-7.798734461e-12	-7.798282321e-12	-8.299931501e-12	-8.055097764e-12	-8.000765624e-12	-8.168132730e-12	-7.743648754e-12	-8.368807474e-12	-8.003252393e-12	-7.728049928e-12	-7.759925789e-12	-8.126686576e-12	-8.137311863e-12	-8.214929206e-12	-8.306713599e-12	-8.311310354e-12	-8.218395612e-12	-9.060430754e-12	-8.658855197e-12	-8.691258554e-12	-8.904442500e-12	-9.038275900e-12	-8.832401548e-12	-9.002104711e-12	-8.887336542e-12	-8.225629850e-12	-8.352831865e-12	-8.472724286e-12	-8.533989238e-12	-8.954931452e-12	-8.538661350e-12	-8.652977379e-12	-8.565865098e-12	-8.679955057e-12	-8.242735808e-12	-8.217039192e-12	-8.007849148e-12	-8.208071752e-12	-8.271371333e-12	-8.709796288e-12	-8.144320031e-12	-7.957963050e-12	-8.207167472e-12	-8.061352365e-12	-7.890292783e-12	-8.042513204e-12	-7.713506096e-12	-8.152533905e-12	-8.078910463e-12	-8.048089596e-12	-7.905891609e-12	-8.405204733e-12	-8.754934918e-12	-8.197295751e-12	-8.683496820e-12	-8.326984536e-12	-8.587040315e-12	-8.350721879e-12	-8.465791475e-12	-8.537229573e-12	-8.384330942e-12	-8.323065991e-12	-8.237988339e-12	-8.493070580e-12	-8.763600932e-12	-8.289909067e-12	-9.028253467e-12	-9.059375761e-12	-8.751996009e-12	-8.512889377e-12	-8.460290440e-12	-9.007002893e-12	-8.475060342e-12	-8.968872431e-12	-9.198408769e-12	-9.276252183e-12	-8.610400875e-12	-8.380864537e-12	-7.935280700e-12	1.943990421e-11	-8.152383192e-12	-8.980100571e-12	-8.897509689e-12	-8.366169991e-12	-8.575058609e-12	-8.910772458e-12	-8.537832426e-12	-8.566844734e-12	-8.711303421e-12	-8.534215307e-12	-8.829613353e-12	-8.699773855e-12	-8.529166412e-12	-9.112426838e-12	-8.913108514e-12	-8.747926750e-12	-8.449891223e-12	-8.315454970e-12	-8.903462864e-12	-8.582066777e-12	-8.748077464e-12	-8.629616819e-12	-8.518541126e-12	-8.702712764e-12	-8.735040764e-12	-9.163970783e-12	-8.927878417e-12	-8.685456092e-12	-8.869024877e-12	-8.864126696e-12	-8.151780338e-12	-8.300157571e-12	-8.632405015e-12	-9.244828462e-12	-8.943175815e-12	-8.392770886e-12	-8.483048146e-12	-8.738808596e-12	-9.003988627e-12	-8.817782359e-12	-9.008736096e-12	-9.124936041e-12	-8.886959759e-12	-8.671967253e-12	-8.337609823e-12	-8.735492904e-12	-8.990575145e-12	-8.632254302e-12	-8.030832925e-12	-8.583498553e-12	-8.500380174e-12	-8.688922498e-12	-8.652977379e-12	-8.296314382e-12	-8.361121096e-12	-8.532708175e-12	-8.790427898e-12	-8.359840033e-12	-8.725169044e-12	-8.609345882e-12	-8.585985322e-12	-8.703164904e-12	-8.831874052e-12	-8.580559644e-12	-8.482445293e-12	-8.148389289e-12	-8.546875224e-12	-8.690354274e-12	-8.040177148e-12	-8.508066552e-12	-8.642728875e-12	-8.235727640e-12	-8.160823136e-12	-8.686963225e-12	-8.468956454e-12	-8.369937823e-12	-8.145601094e-12	-8.286970158e-12	-8.052309568e-12	-8.079136533e-12	-8.353284005e-12	-8.537832426e-12	-8.501359811e-12	-8.427133516e-12	-8.400080481e-12	-8.068737317e-12	-8.086521485e-12	-8.531427112e-12	-8.498496258e-12	-8.476642831e-12	-8.188780451e-12	-8.350495809e-12	-7.983132169e-12	-8.138818996e-12	-7.872433259e-12	-8.101517457e-12	-8.161576702e-12	-8.162254912e-12	-8.367827837e-12	-8.168434157e-12	-8.005211666e-12	-8.110635611e-12	-7.967910127e-12	-8.430599922e-12	-8.072731219e-12	-8.659005910e-12	-8.337383753e-12	-8.258862130e-12	-8.486288482e-12	-7.974089371e-12	-8.056228114e-12	-8.026763666e-12	-7.998128141e-12	-7.773866768e-12	-8.504148006e-12	-8.999542585e-12	-8.591335644e-12	-8.259841766e-12	-8.183656199e-12	-8.306562885e-12	-8.556219448e-12	-8.992082277e-12	-8.503394440e-12	-8.605502693e-12	-8.959302137e-12	-8.686285015e-12	-8.895098276e-12	-9.000371508e-12	-8.602036287e-12	-8.768875897e-12	-8.768875897e-12	-9.000597578e-12	-8.696910302e-12	-8.677166861e-12	-8.398422635e-12	-8.779350471e-12	-8.621779728e-12	-9.116571454e-12	-8.454035838e-12	-8.932475172e-12	-8.540093126e-12	-8.469257880e-12	-8.561343699e-12	-8.816350583e-12	-8.698568148e-12	-8.927727703e-12	-8.944607592e-12	-9.063218949e-12
-8.285915165e-12	-8.672193323e-12	-8.434217041e-12	-8.541826329e-12	-8.863297773e-12	-8.390886970e-12	-8.060146659e-12	-7.743874824e-12	-7.840105258e-12	-8.859303870e-12	-7.648021172e-12	-7.567992416e-12	-8.023674043e-12	-7.912070853e-12	-7.585324444e-12	-7.337099658e-12	-7.670025312e-12	-7.635059829e-12	-7.737770935e-12	-8.163460618e-12	-7.966176924e-12	-7.878386433e-12	-7.802125510e-12	-7.740483775e-12	-8.143717177e-12	-7.723829956e-12	-8.077554044e-12	-8.016515162e-12	-7.806571552e-12	-7.807701901e-12	-7.463322037e-12	-7.453224247e-12	-7.843270237e-12	-7.518633814e-12	-7.632497704e-12	-7.918024028e-12	-7.927217539e-12	-7.625263466e-12	-7.896848811e-12	-7.936109623e-12	-7.347348162e-12	-7.653371494e-12	-7.802954433e-12	-7.440187548e-12	-7.774469621e-12	-7.987502854e-12	-7.807023691e-12	-7.479373003e-12	-7.739428782e-12	-7.351115994e-12	-7.478393366e-12	-7.730988837e-12	-7.482161198e-12	-7.148029838e-12	-7.494142905e-12	-7.552770374e-12	-7.619913144e-12	-7.365283043e-12	-7.376963323e-12	-8.123069457e-12	-7.177569643e-12	-8.074238352e-12	-7.918476168e-12	-7.943268504e-12	-8.191417933e-12	-8.246955780e-12	-8.451021572e-12	-7.974842938e-12	-8.137839359e-12	-7.894814182e-12	-7.414717002e-12	-7.323007966e-12	-7.850429118e-12	-8.240550465e-12	-7.722096753e-12	-7.666709620e-12	-7.573794878e-12	-7.884942461e-12	-7.247952748e-12	-7.545385423e-12	-7.707854348e-12	-8.359237180e-12	-8.395559082e-12	-8.853501409e-12	-8.257204284e-12	-8.221259164e-12	-8.078684394e-12	-8.141531835e-12	-7.361439854e-12	-7.869494349e-12	-8.230980171e-12	-8.306487529e-12	-7.971301176e-12	-7.856759077e-12	-7.961881595e-12	-7.547796835e-12	-7.886072811e-12	-7.888634937e-12	-7.920887581e-12	-7.630839857e-12	-7.202889475e-12	-6.310591452e-12	-7.903706266e-12	-7.671833872e-12	-7.917571888e-12	-7.901370210e-12	-7.594065815e-12	-7.996621008e-12	-8.504298720e-12	-8.082150799e-12	-8.487192762e-12	-7.872659328e-12	-8.199330381e-12	-8.055625260e-12	-7.835056363e-12	-7.805817985e-12	-8.007999861e-12	-7.561511745e-12	-7.545234710e-12	-8.067983750e-12	-7.935280700e-12	-8.068888030e-12	-8.007321652e-12	-8.007698435e-12	-7.596627941e-12	-7.360008078e-12	-7.575377367e-12	-8.073560142e-12	-7.693762655e-12	-7.790671300e-12	-7.693310515e-12	-7.558798906e-12	-8.029401148e-12	-8.019303358e-12	-7.909885511e-12	-7.618104584e-12	-8.528036063e-12	-8.022317624e-12	-8.263760312e-12	-8.344015138e-12	-8.230301962e-12	-8.637001770e-12	-8.289080144e-12	-8.465414691e-12	-8.318996732e-12	-7.742970544e-12	-8.304151473e-12	-7.826239636e-12	-8.025256533e-12	-7.872885398e-12	-8.556445518e-12	-8.002875610e-12	-8.204077849e-12	-8.362854299e-12	-7.891423133e-12	-7.912447637e-12	-8.017419442e-12	-7.634004836e-12	-7.997525288e-12	-7.869268279e-12	-7.730009201e-12	-7.779217090e-12	-7.914482266e-12	-7.382539715e-12	-7.378621169e-12	-7.655858263e-12	-8.281243053e-12	-7.477941226e-12	-7.649452948e-12	-7.309594483e-12	-7.659626095e-12	-7.616446738e-12	-7.384197561e-12	-7.910714434e-12	-7.415169142e-12	-7.854423021e-12	-7.791198796e-12	-7.996997791e-12	-7.565128864e-12	-7.641013004e-12	-7.702579383e-12	-7.053080467e-12	-7.156017642e-12	-7.199573783e-12	-7.801447300e-12	-7.062198621e-12	-7.319390847e-12	-7.535438346e-12	-7.661133228e-12	-6.997994760e-12	-6.848185751e-12	-6.672680127e-12	-7.219844720e-12	-7.613583186e-12	-7.581933395e-12	-6.914424241e-12	-7.186537083e-12	-7.044640522e-12	-7.021581389e-12	-7.347348162e-12	-7.207636944e-12	-7.007037557e-12	-7.280054679e-12	-7.100329082e-12	-6.785112240e-12	-7.514037059e-12	-7.328282931e-12	-7.560532108e-12	-6.961748214e-12	-7.480201926e-12	-7.243129923e-12	-7.610644277e-12	-7.540411884e-12	-7.284952861e-12	-7.151571600e-12	-6.896790787e-12	-7.198594146e-12	-6.699959232e-12	-6.667405162e-12	-7.168602202e-12	-7.039893054e-12	-6.784584743e-12	-6.793853611e-12	-6.781947261e-12	-7.376435827e-12	-7.201683769e-12	-7.648096529e-12	-7.318034427e-12	-7.431144750e-12	-7.418786261e-12	-7.306580218e-12	-7.413888079e-12	-7.466336303e-12	-8.021488701e-12	-7.462417758e-12	-7.677184193e-12	-7.859321202e-12	-7.290303182e-12	-7.786451328e-12	-7.717876781e-12	-7.371763715e-12	-7.464075604e-12	-7.599491493e-12	-7.584420165e-12	-7.279225756e-12	-7.282918231e-12	-7.386533617e-12	-7.572815241e-12	-7.498212164e-12	-7.610568920e-12	-7.769043943e-12
-7.340038568e-12	-7.627222738e-12	-7.993908169e-12	-7.453601030e-12	-7.348553868e-12	-7.538829395e-12	-7.412079519e-12	-7.827671412e-12	-7.885017818e-12	-7.816141845e-12	-7.835734573e-12	-7.808003328e-12	-7.750054068e-12	-7.568218486e-12	-7.783135635e-12	-7.580426262e-12	-7.804536922e-12	-7.251946651e-12	-7.868137930e-12	-7.400776023e-12	-7.408085617e-12	-7.815765062e-12	-7.224516832e-12	-8.199179668e-12	-7.814408643e-12	-8.076046911e-12	-8.146128590e-12	-8.174839472e-12	-8.402868677e-12	-8.430449208e-12	-7.978460057e-12	-7.846209146e-12	-7.526998402e-12	-8.281695193e-12	-8.250271472e-12	-7.845380223e-12	-8.169489150e-12	-7.738298432e-12	-8.529166412e-12	-8.042889988e-12	-8.148841429e-12	-7.667689256e-12	-7.882078909e-12	-8.162857765e-12	-8.150649989e-12	-8.384557012e-12	-7.957510910e-12	-8.043944981e-12	-7.941233875e-12	-7.876728587e-12	-7.960299106e-12	-7.357973449e-12	-7.396631407e-12	-7.750355495e-12	-8.003629176e-12	-8.278982354e-12	-8.021413344e-12	-7.615090319e-12	-7.903254126e-12	-7.721946040e-12	-7.424588722e-12	-7.675526347e-12	-7.814031859e-12	-7.744251607e-12	-7.946810266e-12	-7.652994711e-12	-8.147183583e-12	-7.878085007e-12	-7.506049255e-12	-6.980662732e-12	-7.552092164e-12	-7.348252442e-12	-7.704387942e-12	-7.893005622e-12	-7.391130372e-12	-7.399118177e-12	-7.511248863e-12	-8.043040701e-12	-7.891347776e-12	-7.455334233e-12	-8.070169093e-12	-8.310481431e-12	-8.013500896e-12	-7.960600532e-12	-7.798056251e-12	-8.238967976e-12	-7.934225707e-12	-7.755931887e-12	-7.672286012e-12	-7.736188446e-12	-8.053138491e-12	-7.742518404e-12	-7.428281198e-12	-7.470179492e-12	-7.597532221e-12	-7.521798793e-12	-7.507631744e-12	-7.662338935e-12	-7.659701452e-12	-7.278170763e-12	-7.722850320e-12	-7.660153592e-12	-7.937164616e-12	-7.693762655e-12	-7.436269002e-12	-7.442749674e-12	-7.951407022e-12	-7.722473537e-12	-7.779669230e-12	-7.700695466e-12	-7.239211378e-12	-7.584796948e-12	-7.269881532e-12	-6.776898366e-12	-7.591051549e-12	-7.691351243e-12	-8.057132393e-12	-7.621947773e-12	-7.803180503e-12	-7.667237116e-12	-7.853970881e-12	-7.438755771e-12	-7.373798344e-12	-7.659626095e-12	-7.386458260e-12	-7.363625197e-12	-7.871378265e-12	-7.725864586e-12	-7.841612391e-12	-7.338606791e-12	-7.523833423e-12	-7.297160637e-12	-7.271087238e-12	-7.541919017e-12	-7.393315715e-12	-7.862260112e-12	-7.715842152e-12	-7.680801312e-12	-7.967684057e-12	-7.899787720e-12	-8.408746495e-12	-8.268206354e-12	-7.840482041e-12	-7.513961702e-12	-7.630764501e-12	-7.801070516e-12	-7.309217700e-12	-8.023372617e-12	-7.599943633e-12	-7.439433981e-12	-8.086672198e-12	-7.967834770e-12	-8.079588673e-12	-7.883435329e-12	-7.145090929e-12	-6.953760410e-12	-6.779912632e-12	-7.380655799e-12	-7.429562261e-12	-7.572513815e-12	-7.647418319e-12	-7.270333672e-12	-7.651638291e-12	-8.008376645e-12	-7.927820392e-12	-7.625188109e-12	-7.663318571e-12	-7.884867105e-12	-7.994887805e-12	-7.860074769e-12	-7.981549679e-12	-8.110710967e-12	-7.808907607e-12	-8.437532733e-12	-7.948015973e-12	-7.585249088e-12	-7.654727914e-12	-8.112820953e-12	-7.953517008e-12	-8.298122941e-12	-8.403094747e-12	-8.341453012e-12	-8.460441153e-12	-7.784492055e-12	-8.332786998e-12	-8.517260063e-12	-8.443561265e-12	-8.061503079e-12	-8.228041262e-12	-8.335047697e-12	-8.512738664e-12	-8.234069794e-12	-7.844325230e-12	-7.831213174e-12	-7.896245958e-12	-7.713280026e-12	-8.043718911e-12	-8.270768480e-12	-7.809359747e-12	-8.007170938e-12	-8.063763778e-12	-8.444465544e-12	-8.230829458e-12	-8.189458660e-12	-7.566183857e-12	-7.714485732e-12	-7.850203048e-12	-7.856382293e-12	-7.021355319e-12	-7.566108500e-12	-7.337627155e-12	-7.248555602e-12	-7.226476105e-12	-7.271539378e-12	-8.074765848e-12	-8.040704645e-12	-7.630689144e-12	-7.471008415e-12	-7.146296635e-12	-7.507481031e-12	-7.292337812e-12	-7.876276447e-12	-7.285932497e-12	-7.641239074e-12	-7.682308445e-12	-7.638676948e-12	-7.703332949e-12	-7.490149003e-12	-7.914557623e-12	-7.563395661e-12	-7.820587887e-12	-8.177401597e-12	-7.939952812e-12	-8.047486743e-12	-7.667915326e-12	-7.781929929e-12	-8.008225931e-12	-7.573192025e-12	-8.351550802e-12	-8.150273206e-12	-7.651186151e-12	-8.188479024e-12	-7.863164391e-12	-8.100387107e-12	-8.316359249e-12	-7.626845955e-12	-8.071826939e-12	-8.536476007e-12	-7.966176924e-12	-8.218470968e-12	-8.040855358e-12
-7.323007966e-12	-7.748170152e-12	-7.798734461e-12	-8.315153543e-12	-8.155698884e-12	-7.833549230e-12	-8.133091891e-12	-8.591260287e-12	-8.805047087e-12	-8.360442886e-12	-8.051028505e-12	-7.678013117e-12	-8.188855807e-12	-8.105209932e-12	-8.294656536e-12	-8.278078074e-12	-8.130379051e-12	-7.822773230e-12	-8.141230408e-12	-8.012445903e-12	-7.793685565e-12	-7.450812834e-12	-8.101065317e-12	-7.717650711e-12	-7.916064755e-12	-7.453073534e-12	-7.493615408e-12	-7.409215967e-12	-7.638450878e-12	-7.489998289e-12	-7.877256084e-12	-7.608308221e-12	-7.413435939e-12	-6.978326676e-12	-7.290981392e-12	-7.311327686e-12	-6.721134449e-12	-7.248857028e-12	-7.244260273e-12	-7.828877118e-12	-7.952235945e-12	-8.084938995e-12	-8.165872031e-12	-7.596100444e-12	-7.705141508e-12	-7.940555665e-12	-7.966779777e-12	-7.729933844e-12	-7.939425315e-12	-7.805215132e-12	-7.519010597e-12	-7.656159690e-12	-7.759096866e-12	-7.952537371e-12	-7.737544865e-12	-7.992777819e-12	-7.856909790e-12	-7.831213174e-12	-7.767838236e-12	-7.739504138e-12	-7.549303968e-12	-7.489470793e-12	-8.067908393e-12	-7.957586266e-12	-8.029627218e-12	-8.538585993e-12	-8.009657708e-12	-8.132564394e-12	-8.161199919e-12	-7.971225819e-12	-8.150649989e-12	-8.135729373e-12	-8.212593150e-12	-8.092173233e-12	-8.184861905e-12	-8.853727479e-12	-8.375062075e-12	-8.710173072e-12	-8.554335531e-12	-8.081849373e-12	-8.003930603e-12	-7.745834096e-12	-7.735133453e-12	-7.909885511e-12	-7.800995160e-12	-7.454957450e-12	-7.882832475e-12	-8.029627218e-12	-7.567992416e-12	-8.045979610e-12	-8.062105932e-12	-7.903404839e-12	-8.190362940e-12	-7.815086852e-12	-8.383878802e-12	-7.887806014e-12	-7.328132218e-12	-7.431295464e-12	-7.768365733e-12	-7.123312859e-12	-7.271162595e-12	-7.545159353e-12	-7.676732054e-12	-7.692783019e-12	-7.751033705e-12	-8.008225931e-12	-8.161878129e-12	-8.128269065e-12	-7.842365957e-12	-7.900918070e-12	-8.020358351e-12	-8.269110633e-12	-7.709512194e-12	-7.752616194e-12	-7.370407295e-12	-7.730988837e-12	-7.602430402e-12	-7.182919964e-12	-6.951273640e-12	-7.453224247e-12	-7.383443995e-12	-7.769797509e-12	-7.595422235e-12	-8.040327862e-12	-7.915914042e-12	-7.855628727e-12	-8.096845345e-12	-7.830082824e-12	-7.807777258e-12	-7.737243439e-12	-7.736188446e-12	-7.968588336e-12	-8.175291611e-12	-8.147258940e-12	-7.998504924e-12	-8.042889988e-12	-8.303850046e-12	-7.986297148e-12	-8.361121096e-12	-8.365567138e-12	-7.924504700e-12	-8.259615696e-12	-8.262479249e-12	-8.386817712e-12	-8.114629513e-12	-7.979590406e-12	-8.410479698e-12	-8.143943247e-12	-7.800166237e-12	-7.934301063e-12	-7.837467776e-12	-7.516975968e-12	-7.660304305e-12	-7.735434879e-12	-7.802653006e-12	-8.645517071e-12	-7.934903917e-12	-7.945755273e-12	-7.736791299e-12	-8.009582351e-12	-8.366622131e-12	-7.811319020e-12	-7.856985146e-12	-7.971828672e-12	-7.793986992e-12	-7.822697873e-12	-8.029853288e-12	-8.044623190e-12	-8.038896085e-12	-7.962258378e-12	-7.762638628e-12	-7.576733787e-12	-7.618933508e-12	-7.832268167e-12	-7.673943858e-12	-7.667086403e-12	-7.819683608e-12	-7.494896471e-12	-7.703408306e-12	-7.356541673e-12	-7.495197898e-12	-7.630463074e-12	-7.238834594e-12	-8.088932897e-12	-8.308597515e-12	-7.741614124e-12	-7.110426873e-12	-7.122107153e-12	-7.295728861e-12	-7.643349060e-12	-7.374928694e-12	-7.691049816e-12	-7.338305365e-12	-7.609739997e-12	-8.271145263e-12	-7.664750347e-12	-7.694968362e-12	-7.810640810e-12	-8.227965906e-12	-7.570253115e-12	-7.822170377e-12	-7.594216528e-12	-7.755027607e-12	-7.606122878e-12	-7.756384027e-12	-6.986615906e-12	-7.228586091e-12	-7.019094620e-12	-7.254282706e-12	-7.795041985e-12	-7.278547546e-12	-6.782173331e-12	-7.379977589e-12	-7.133184579e-12	-7.198669503e-12	-7.174480020e-12	-6.931906983e-12	-7.708306488e-12	-7.818025761e-12	-7.788109174e-12	-7.813881146e-12	-8.010109847e-12	-7.570931325e-12	-7.858266209e-12	-7.455183520e-12	-7.483442261e-12	-7.500698933e-12	-8.056378827e-12	-7.406126344e-12	-7.519161311e-12	-8.196316115e-12	-7.686151634e-12	-7.840331328e-12	-7.601375409e-12	-7.428281198e-12	-7.519538094e-12	-7.639731941e-12	-7.448250709e-12	-7.789917733e-12	-7.673341005e-12	-7.239889587e-12	-7.466637730e-12	-7.724734236e-12	-7.615014962e-12	-7.835809929e-12	-7.746587663e-12	-7.577336640e-12	-7.484421898e-12	-7.315246232e-12	-7.704538655e-12	-7.513509562e-12
-7.642218711e-12	-7.224592189e-12	-7.609212500e-12	-7.810490097e-12	-8.020735134e-12	-7.867761147e-12	-7.778388167e-12	-7.510193870e-12	-7.840331328e-12	-7.809133677e-12	-7.476509450e-12	-7.918852951e-12	-7.799864810e-12	-7.821416810e-12	-7.538754038e-12	-7.878763217e-12	-7.504617478e-12	-7.802050153e-12	-7.817724335e-12	-7.861883328e-12	-7.897753091e-12	-8.154417821e-12	-8.139723275e-12	-8.025030463e-12	-8.130228338e-12	-8.222540227e-12	-7.810565454e-12	-8.088932897e-12	-8.100387107e-12	-7.753294404e-12	-7.156319069e-12	-7.788033817e-12	-7.605746095e-12	-7.631744137e-12	-7.557819269e-12	-7.043962313e-12	-7.169506482e-12	-7.462869898e-12	-7.243205280e-12	-7.242074930e-12	-7.978384700e-12	-7.828424978e-12	-7.401831016e-12	-7.566635997e-12	-7.781854572e-12	-7.782758852e-12	-7.690597676e-12	-7.456992079e-12	-7.337551798e-12	-7.681630235e-12	-7.140870957e-12	-6.810281359e-12	-7.276814343e-12	-7.456389226e-12	-7.549982178e-12	-7.008846116e-12	-7.053834033e-12	-7.468823072e-12	-7.559552472e-12	-7.137404551e-12	-7.252850930e-12	-7.734605956e-12	-7.395576414e-12	-7.715992865e-12	-7.780422796e-12	-8.036710743e-12	-7.735284166e-12	-7.423081589e-12	-7.190983125e-12	-7.250891657e-12	-7.037029501e-12	-7.313663742e-12	-7.865877230e-12	-7.669874599e-12	-7.577411997e-12	-7.696927634e-12	-7.805667272e-12	-7.833021734e-12	-7.602355046e-12	-7.944775637e-12	-7.312081253e-12	-8.027366519e-12	-7.437173282e-12	-7.319089420e-12	-7.972280812e-12	-7.883812112e-12	-7.384498988e-12	-7.699414404e-12	-7.462040974e-12	-7.881400699e-12	-7.803029789e-12	-7.704689369e-12	-7.836940279e-12	-7.681253452e-12	-8.009431638e-12	-7.513057423e-12	-7.488641870e-12	-8.288703361e-12	-7.691954096e-12	-7.743045900e-12	-7.914859049e-12	-8.155472814e-12	-8.110334184e-12	-7.915612616e-12	-7.938897819e-12	-8.167228450e-12	-8.458481880e-12	-7.918702238e-12	-8.167228450e-12	-7.401981729e-12	-7.605218598e-12	-7.580275549e-12	-7.593086179e-12	-7.540562598e-12	-7.028815627e-12	-7.175911797e-12	-7.374928694e-12	-7.671306375e-12	-7.336195379e-12	-7.473871968e-12	-7.404091715e-12	-7.931362154e-12	-7.815237566e-12	-7.832268167e-12	-8.051932785e-12	-7.915085119e-12	-8.381392033e-12	-8.210633877e-12	-8.291340843e-12	-7.898129874e-12	-7.876954657e-12	-7.253227713e-12	-7.984865372e-12	-7.878085007e-12	-7.406050988e-12	-7.335969309e-12	-7.288343910e-12	-7.023013166e-12	-7.241396720e-12	-7.346067099e-12	-7.220447573e-12	-6.692122141e-12	-6.768006282e-12	-7.210575853e-12	-7.196634874e-12	-7.279150399e-12	-7.130471740e-12	-6.962727850e-12	-7.458122429e-12	-7.347046735e-12	-7.210575853e-12	-7.330091491e-12	-6.946978312e-12	-7.369427659e-12	-7.687281984e-12	-7.703332949e-12	-7.392185365e-12	-7.504240695e-12	-7.866178657e-12	-7.247349895e-12	-7.817121482e-12	-7.803707999e-12	-7.648925452e-12	-7.700243327e-12	-7.504617478e-12	-7.923826490e-12	-7.418258764e-12	-7.014196438e-12	-7.017587487e-12	-7.622701340e-12	-7.637998739e-12	-7.616371382e-12	-7.835659216e-12	-7.555483213e-12	-7.936486406e-12	-7.534006570e-12	-7.732119187e-12	-7.798885174e-12	-7.587886570e-12	-7.683212725e-12	-7.384197561e-12	-7.633401983e-12	-7.996470295e-12	-7.517428108e-12	-7.477489086e-12	-7.724131383e-12	-7.279150399e-12	-7.403488862e-12	-7.462040974e-12	-7.514639912e-12	-7.625263466e-12	-8.104230296e-12	-7.426623352e-12	-7.837392419e-12	-7.016758564e-12	-7.174103237e-12	-7.309368413e-12	-7.093245558e-12	-7.471535912e-12	-7.614487466e-12	-7.781854572e-12	-7.541692947e-12	-7.623907046e-12	-7.841913818e-12	-8.018775861e-12	-7.330091491e-12	-7.349910288e-12	-7.723151746e-12	-8.187273318e-12	-7.638224808e-12	-7.905740895e-12	-7.747868726e-12	-7.636793032e-12	-8.074841205e-12	-7.973185092e-12	-7.780422796e-12	-8.067004114e-12	-7.534760136e-12	-7.827294629e-12	-7.704161872e-12	-8.136407583e-12	-8.050048869e-12	-7.483517618e-12	-7.965348001e-12	-7.579672696e-12	-7.592106542e-12	-7.664976417e-12	-7.884188895e-12	-7.742669117e-12	-7.484195828e-12	-7.854875160e-12	-8.298047585e-12	-7.907700168e-12	-7.838145985e-12	-7.848469846e-12	-8.014932673e-12	-7.509214234e-12	-7.436118289e-12	-7.792103076e-12	-7.899637007e-12	-8.221183808e-12	-7.777860670e-12	-7.808154041e-12	-8.491563447e-12	-7.979891833e-12	-8.125556226e-12	-8.081246519e-12	-7.760980782e-12	-8.034299330e-12	-7.381861505e-12	-7.893909902e-12
-7.942514938e-12	-8.265342801e-12	-8.403170103e-12	-8.240701179e-12	-8.350947949e-12	-8.048767806e-12	-8.236104423e-12	-7.963916225e-12	-7.774394264e-12	-7.633100557e-12	-7.594819381e-12	-7.540939381e-12	-7.603410039e-12	-8.195411835e-12	-7.732269900e-12	-8.162707052e-12	-7.596175801e-12	-7.810866880e-12	-7.979515050e-12	-7.511776360e-12	-8.434744537e-12	-7.996093512e-12	-7.439358625e-12	-7.359179155e-12	-8.386742355e-12	-7.653220781e-12	-7.800844447e-12	-8.370917460e-12	-7.876351804e-12	-7.772887132e-12	-7.425493002e-12	-7.579521983e-12	-8.072731219e-12	-8.407088649e-12	-8.259540340e-12	-8.717105883e-12	-8.642126022e-12	-8.327662746e-12	-7.882304979e-12	-8.519219335e-12	-8.479883167e-12	-8.025482603e-12	-7.695495858e-12	-7.987352141e-12	-7.952311301e-12	-8.053063135e-12	-8.162179555e-12	-7.846133790e-12	-8.257731780e-12	-8.196090045e-12	-7.929176812e-12	-8.178531947e-12	-8.489378104e-12	-8.312365347e-12	-7.905665539e-12	-8.547478077e-12	-8.225026997e-12	-8.709494862e-12	-8.176346604e-12	-7.608534291e-12	-7.523305926e-12	-7.497835380e-12	-7.676958124e-12	-7.528806961e-12	-7.680650599e-12	-7.621344920e-12	-7.347951015e-12	-7.227154315e-12	-7.238533168e-12	-7.173349671e-12	-7.251645224e-12	-7.503110345e-12	-7.514639912e-12	-7.192565615e-12	-7.597381507e-12	-7.462493114e-12	-7.716897145e-12	-7.346971379e-12	-7.467466653e-12	-7.180357839e-12	-7.203190902e-12	-7.235217476e-12	-7.404393142e-12	-7.740106991e-12	-6.895208297e-12	-7.224064692e-12	-7.024897082e-12	-7.430767967e-12	-7.536116556e-12	-7.652843997e-12	-7.491505422e-12	-8.100537820e-12	-7.826541062e-12	-7.735284166e-12	-7.818327188e-12	-7.634909116e-12	-7.568067773e-12	-7.893834545e-12	-7.914557623e-12	-7.799035887e-12	-7.778991020e-12	-7.892101343e-12	-7.694365508e-12	-8.035957176e-12	-8.080492953e-12	-8.034223974e-12	-7.935732840e-12	-7.936787833e-12	-8.283202326e-12	-8.344994774e-12	-8.105812785e-12	-8.121939107e-12	-8.233693011e-12	-8.724038694e-12	-8.369184257e-12	-7.978083274e-12	-8.211914940e-12	-8.130303695e-12	-8.240550465e-12	-8.380186327e-12	-7.910488364e-12	-8.226835556e-12	-8.385385935e-12	-8.512587951e-12	-8.456974747e-12	-7.894663469e-12	-8.388475558e-12	-8.687113938e-12	-8.344768704e-12	-8.333163781e-12	-7.963991581e-12	-7.877180727e-12	-8.497064482e-12	-8.326833823e-12	-8.002348113e-12	-8.325477403e-12	-8.120507331e-12	-8.013953036e-12	-8.259163556e-12	-7.431672247e-12	-7.315396945e-12	-7.199272356e-12	-7.838598125e-12	-7.418560191e-12	-7.761960418e-12	-7.558196052e-12	-7.885394601e-12	-7.550132891e-12	-7.883962825e-12	-8.048014239e-12	-7.769043943e-12	-7.542220444e-12	-7.874317175e-12	-8.504901573e-12	-7.923525063e-12	-7.847942349e-12	-7.674848138e-12	-7.744929817e-12	-7.896547385e-12	-7.804612279e-12	-7.791952363e-12	-8.060146659e-12	-8.154191751e-12	-7.576432360e-12	-7.444482876e-12	-7.091060215e-12	-7.019923543e-12	-7.443578597e-12	-7.502130709e-12	-7.392712862e-12	-7.652391858e-12	-7.032960243e-12	-7.355863463e-12	-7.477263017e-12	-7.682911298e-12	-7.982378602e-12	-7.924203273e-12	-7.538000472e-12	-7.405975631e-12	-7.684343075e-12	-7.802276223e-12	-7.742819831e-12	-8.152835331e-12	-7.685096641e-12	-7.632648417e-12	-7.381560078e-12	-7.723377816e-12	-7.497157171e-12	-7.459780275e-12	-7.462040974e-12	-7.715766795e-12	-7.848319132e-12	-7.511022793e-12	-7.404016358e-12	-7.730009201e-12	-7.067398229e-12	-6.933188046e-12	-7.433330093e-12	-7.378093673e-12	-7.839276335e-12	-7.393692498e-12	-7.772811775e-12	-7.799111244e-12	-8.015987666e-12	-8.112820953e-12	-7.336496805e-12	-7.405071351e-12	-6.740350393e-12	-7.290303182e-12	-7.632874487e-12	-7.368146596e-12	-8.014555889e-12	-7.348930652e-12	-7.399193533e-12	-6.927234871e-12	-7.312156609e-12	-7.418710904e-12	-7.112988999e-12	-7.877632867e-12	-7.497458597e-12	-7.825636782e-12	-7.295126008e-12	-7.432727240e-12	-7.546063633e-12	-7.767838236e-12	-7.645685116e-12	-7.032734173e-12	-7.276211490e-12	-7.129492104e-12	-7.255488413e-12	-7.635888752e-12	-7.382162932e-12	-7.435214009e-12	-8.007472365e-12	-7.289700329e-12	-7.590373339e-12	-7.552921087e-12	-7.683740222e-12	-7.403112079e-12	-7.753821901e-12	-7.899109511e-12	-7.515242765e-12	-7.392411435e-12	-7.464377030e-12	-7.534760136e-12	-7.470556275e-12	-7.820512531e-12	-8.276570941e-12	-7.482537982e-12	-7.811319020e-12	-7.417806624e-12
-6.947731878e-12	-7.979665763e-12	-8.129550128e-12	-7.183372104e-12	-7.441393254e-12	-8.122843387e-12	-7.677033480e-12	-7.993154602e-12	-7.804461565e-12	-7.767762880e-12	-7.749978712e-12	-7.869268279e-12	-7.729858488e-12	-7.578240920e-12	-7.436947212e-12	-7.793308782e-12	-7.792178432e-12	-7.992551749e-12	-8.006718798e-12	-7.881551412e-12	-7.857588000e-12	-7.700243327e-12	-8.030079358e-12	-8.438060230e-12	-8.117643779e-12	-7.958791973e-12	-7.695872641e-12	-7.936411049e-12	-8.258485347e-12	-8.125933009e-12	-7.400474596e-12	-7.796699831e-12	-7.815991132e-12	-7.635511969e-12	-7.441468611e-12	-7.550509675e-12	-8.224348787e-12	-7.602581116e-12	-8.017419442e-12	-7.630086291e-12	-8.273858102e-12	-7.859019776e-12	-7.787958460e-12	-8.513416874e-12	-8.189157234e-12	-7.396103911e-12	-7.543576863e-12	-7.674094571e-12	-8.010712701e-12	-7.421725170e-12	-7.631216641e-12	-8.563227615e-12	-7.929478238e-12	-7.575904864e-12	-7.197915937e-12	-7.197011657e-12	-7.193545251e-12	-7.279828609e-12	-7.318637281e-12	-7.576055577e-12	-7.800844447e-12	-8.019152645e-12	-7.313286959e-12	-7.818327188e-12	-8.036936813e-12	-7.614864249e-12	-7.436871855e-12	-7.371160862e-12	-7.749149789e-12	-7.964820504e-12	-7.635738039e-12	-7.391733225e-12	-7.675903131e-12	-7.803632642e-12	-7.581481255e-12	-7.804386209e-12	-7.320671910e-12	-7.337928581e-12	-7.265586203e-12	-7.188722426e-12	-7.310724833e-12	-7.139213111e-12	-6.966344969e-12	-7.317054791e-12	-7.336572162e-12	-6.899428269e-12	-6.912615682e-12	-7.479373003e-12	-7.774243551e-12	-7.965197287e-12	-7.593236892e-12	-7.627072025e-12	-7.423910512e-12	-7.893834545e-12	-8.148615359e-12	-7.928573958e-12	-8.404375810e-12	-7.892553482e-12	-7.859245846e-12	-8.004684169e-12	-7.457368862e-12	-7.930910014e-12	-7.637471242e-12	-7.290604609e-12	-7.863767244e-12	-8.177024814e-12	-7.380505085e-12	-7.499794653e-12	-7.143131656e-12	-7.403714932e-12	-7.790068446e-12	-7.460458485e-12	-7.456313869e-12	-7.914406909e-12	-7.693159802e-12	-7.705669005e-12	-7.085559180e-12	-7.292337812e-12	-7.612452836e-12	-7.254282706e-12	-8.007623078e-12	-7.909659441e-12	-7.868740783e-12	-7.643424417e-12	-7.745608026e-12	-7.976952924e-12	-7.838824195e-12	-7.768139663e-12	-8.299404004e-12	-8.218094185e-12	-7.904610546e-12	-8.256752144e-12	-7.755253677e-12	-7.873940391e-12	-8.204605346e-12	-7.916441539e-12	-7.437097925e-12	-7.382991855e-12	-7.559175689e-12	-7.388869673e-12	-7.780196726e-12	-7.998881707e-12	-7.944700280e-12	-7.784492055e-12	-7.926162546e-12	-8.174613402e-12	-7.471988051e-12	-8.169790576e-12	-8.158110297e-12	-7.940404952e-12	-7.481256919e-12	-7.790897370e-12	-7.635436613e-12	-7.958339833e-12	-8.129474772e-12	-7.990366407e-12	-7.750280138e-12	-8.185087975e-12	-7.854950517e-12	-7.782231355e-12	-7.591654402e-12	-7.508536024e-12	-8.266473151e-12	-7.857135860e-12	-8.059167023e-12	-7.740408418e-12	-8.182375136e-12	-8.008527358e-12	-8.200460731e-12	-7.698284054e-12	-8.178230520e-12	-8.097674268e-12	-7.568896696e-12	-8.267904927e-12	-8.226835556e-12	-8.578751084e-12	-8.272426326e-12	-8.246051500e-12	-8.166927024e-12	-7.698284054e-12	-7.858341566e-12	-8.146806800e-12	-8.161199919e-12	-8.163385262e-12	-8.016967302e-12	-7.936787833e-12	-7.701825816e-12	-8.268658493e-12	-7.592483325e-12	-7.925107553e-12	-7.770927859e-12	-8.356072201e-12	-8.142511471e-12	-8.016741232e-12	-8.269713487e-12	-7.872659328e-12	-7.417505198e-12	-7.704915439e-12	-7.511324220e-12	-7.135972775e-12	-7.307032357e-12	-7.619008864e-12	-7.380505085e-12	-7.601978263e-12	-7.459780275e-12	-7.917722602e-12	-7.464452387e-12	-8.330827725e-12	-7.834453510e-12	-8.357127194e-12	-8.193000423e-12	-8.391941963e-12	-7.718178208e-12	-7.772661062e-12	-7.780573509e-12	-8.075971554e-12	-8.381768816e-12	-7.894286685e-12	-7.936109623e-12	-8.110484897e-12	-7.894437399e-12	-8.067983750e-12	-7.916516895e-12	-7.838974908e-12	-8.066627330e-12	-8.065421624e-12	-8.543107392e-12	-7.757815803e-12	-8.270391696e-12	-7.988633204e-12	-8.141757905e-12	-8.094057149e-12	-7.721946040e-12	-7.642294067e-12	-7.598135074e-12	-7.525114486e-12	-7.595874374e-12	-7.685247354e-12	-7.876954657e-12	-7.487888303e-12	-7.558346766e-12	-7.648021172e-12	-7.734455243e-12	-7.835433146e-12	-7.578014850e-12	-7.222783629e-12	-7.305374511e-12	-7.613432473e-12	-8.298499725e-12	-7.926614686e-12	-7.913728700e-12
-7.532951577e-12	-8.059619163e-12	-8.218772395e-12	-8.059995946e-12	-7.815689705e-12	-7.688939830e-12	-7.778614237e-12	-7.939425315e-12	-7.904911972e-12	-7.782909565e-12	-7.844023804e-12	-7.705442935e-12	-8.401738327e-12	-7.994887805e-12	-8.148766073e-12	-7.963614798e-12	-7.910488364e-12	-7.654803270e-12	-7.858190853e-12	-7.984639302e-12	-8.172503416e-12	-8.371595669e-12	-7.737695579e-12	-8.024955106e-12	-8.078759750e-12	-7.660756445e-12	-8.309125011e-12	-8.051932785e-12	-7.992401036e-12	-8.292019053e-12	-7.914180839e-12	-7.946132056e-12	-7.630990571e-12	-7.939952812e-12	-7.648699382e-12	-8.017042659e-12	-7.874166461e-12	-7.814785426e-12	-7.688035550e-12	-7.537548332e-12	-7.485024751e-12	-7.969718686e-12	-7.964368364e-12	-8.018775861e-12	-7.897979161e-12	-7.956003777e-12	-7.490525786e-12	-8.087651834e-12	-7.526772332e-12	-7.659626095e-12	-7.818703971e-12	-7.690899103e-12	-7.685774851e-12	-8.056228114e-12	-8.205208199e-12	-7.468898429e-12	-8.016967302e-12	-7.603937535e-12	-7.760528642e-12	-7.799488027e-12	-7.990140337e-12	-7.817950405e-12	-7.569273479e-12	-7.566183857e-12	-7.859547272e-12	-7.334763602e-12	-7.553599297e-12	-7.395350344e-12	-7.771379999e-12	-7.839276335e-12	-7.387513253e-12	-7.833624587e-12	-7.208767293e-12	-7.353225980e-12	-7.577638067e-12	-7.323987602e-12	-7.285631070e-12	-7.103870845e-12	-6.901161472e-12	-7.799789454e-12	-7.300777756e-12	-7.439961478e-12	-7.293995658e-12	-7.750882991e-12	-7.232806063e-12	-7.155264076e-12	-6.998371543e-12	-7.612226766e-12	-7.755781173e-12	-7.688035550e-12	-7.314266595e-12	-6.886994423e-12	-7.403790288e-12	-7.247199182e-12	-7.720891047e-12	-8.002800253e-12	-7.950954882e-12	-6.939593360e-12	-7.228812161e-12	-7.006510060e-12	-7.512906709e-12	-7.437248638e-12	-7.914783693e-12	-7.547043269e-12	-7.438002205e-12	-7.138987041e-12	-7.274855070e-12	-7.222256133e-12	-7.481030849e-12	-7.992928533e-12	-7.397611044e-12	-7.688789117e-12	-7.409668107e-12	-7.610719633e-12	-8.287723724e-12	-7.588790850e-12	-7.931362154e-12	-7.902801986e-12	-7.826314992e-12	-7.947940616e-12	-7.780347439e-12	-7.298743127e-12	-7.238909951e-12	-7.011860382e-12	-7.161367964e-12	-6.631535399e-12	-7.347348162e-12	-6.692498924e-12	-7.496478961e-12	-7.502130709e-12	-7.390000023e-12	-7.421800526e-12	-7.806420838e-12	-7.968437623e-12	-8.389681264e-12	-7.729029565e-12	-7.720891047e-12	-7.702277956e-12	-7.977480420e-12	-8.046582463e-12	-7.493087912e-12	-8.163309905e-12	-8.006040589e-12	-7.918702238e-12	-7.761056138e-12	-8.006342015e-12	-7.684041648e-12	-7.835433146e-12	-8.048315666e-12	-8.062256645e-12	-7.623982403e-12	-7.384951127e-12	-7.538527968e-12	-7.120826090e-12	-7.593387605e-12	-7.699188334e-12	-7.645308333e-12	-7.726316725e-12	-7.574171661e-12	-7.476735520e-12	-7.548550402e-12	-7.686076278e-12	-7.902123776e-12	-7.855930153e-12	-7.875975021e-12	-7.694893005e-12	-7.515770262e-12	-7.969794043e-12	-7.513283492e-12	-7.629634151e-12	-7.572664528e-12	-7.790143803e-12	-7.260989448e-12	-8.107470632e-12	-8.159240646e-12	-7.828500335e-12	-7.827822125e-12	-8.432634551e-12	-7.544707213e-12	-7.783060279e-12	-7.783964558e-12	-7.729858488e-12	-7.558196052e-12	-7.076817809e-12	-7.486456527e-12	-7.613357116e-12	-7.778764950e-12	-7.105905474e-12	-7.752465481e-12	-7.673190291e-12	-7.916064755e-12	-7.812449370e-12	-7.797453398e-12	-7.567163493e-12	-8.011918407e-12	-7.782909565e-12	-7.732043830e-12	-7.736715942e-12	-7.390904302e-12	-7.811319020e-12	-7.853744811e-12	-7.382991855e-12	-7.512605283e-12	-8.039725009e-12	-8.086446128e-12	-7.256694119e-12	-7.617727801e-12	-7.527978038e-12	-7.869117566e-12	-7.487812947e-12	-7.825410713e-12	-7.786300614e-12	-7.647719746e-12	-7.601752193e-12	-8.291039417e-12	-8.383426663e-12	-8.415076453e-12	-8.360442886e-12	-8.205057486e-12	-8.613264427e-12	-8.268583137e-12	-8.094132506e-12	-8.034299330e-12	-8.525473937e-12	-7.978987553e-12	-7.787129537e-12	-8.051405288e-12	-7.487888303e-12	-7.514489199e-12	-7.338079295e-12	-7.740785201e-12	-7.364152694e-12	-8.038971442e-12	-7.710868613e-12	-7.838598125e-12	-7.446818932e-12	-7.695495858e-12	-7.866781510e-12	-7.720740334e-12	-7.411476666e-12	-7.959394826e-12	-7.971753316e-12	-8.376719921e-12	-8.205509626e-12	-8.152383192e-12	-7.852765174e-12	-7.567841703e-12	-7.662941788e-12	-8.183580842e-12	-8.056680253e-12	-8.254642158e-12
-8.009959134e-12	-8.241982241e-12	-8.216737766e-12	-8.605351980e-12	-8.182902632e-12	-8.014179106e-12	-8.396764789e-12	-8.155322101e-12	-7.668894963e-12	-7.946132056e-12	-8.589903868e-12	-7.971301176e-12	-7.843722377e-12	-7.579823409e-12	-7.119921810e-12	-7.986975358e-12	-7.846736643e-12	-7.729707774e-12	-7.871001482e-12	-8.504449433e-12	-8.086446128e-12	-8.170694856e-12	-7.967985483e-12	-7.958339833e-12	-8.060900226e-12	-7.667915326e-12	-8.008904141e-12	-7.682308445e-12	-7.697002991e-12	-7.204471965e-12	-7.779292446e-12	-7.542672584e-12	-7.609137144e-12	-7.821416810e-12	-8.017344085e-12	-7.980871469e-12	-8.187951528e-12	-8.131057261e-12	-7.631668780e-12	-8.043191414e-12	-7.876276447e-12	-7.899787720e-12	-7.616145312e-12	-7.864671524e-12	-8.620950805e-12	-8.202646073e-12	-8.322312424e-12	-8.523062524e-12	-8.197220395e-12	-8.479657097e-12	-8.428188509e-12	-8.505429069e-12	-8.165495248e-12	-8.479355671e-12	-8.394051949e-12	-8.380638467e-12	-8.502113377e-12	-8.199255024e-12	-8.275591305e-12	-8.815597017e-12	-8.436100957e-12	-8.781912597e-12	-8.498044118e-12	-8.093981792e-12	-8.624115784e-12	-8.506559419e-12	-8.405430803e-12	-8.255471081e-12	-8.369410327e-12	-8.288326578e-12	-8.400758691e-12	-8.539339559e-12	-8.564508678e-12	-8.215456703e-12	-7.992702463e-12	-7.967231917e-12	-8.093529652e-12	-8.222389514e-12	-8.309577151e-12	-8.649209546e-12	-8.527207140e-12	-8.662924456e-12	-8.542353825e-12	-8.804293520e-12	-8.495105209e-12	-8.509724398e-12	-8.606934469e-12	-8.885829409e-12	-8.308296088e-12	-7.727597788e-12	-8.505730496e-12	-8.191493290e-12	-7.992250323e-12	-8.200083947e-12	-7.907323385e-12	-8.314023193e-12	-8.069566240e-12	-8.725922610e-12	-8.000765624e-12	-8.348084396e-12	-8.365416425e-12	-8.051857428e-12	-7.893834545e-12	-8.200385374e-12	-8.247483276e-12	-8.135503303e-12	-8.161727415e-12	-7.896698098e-12	-8.356599697e-12	-7.920510797e-12	-7.852237678e-12	-8.519370049e-12	-8.356072201e-12	-7.999710630e-12	-8.172880199e-12	-7.954798071e-12	-7.672286012e-12	-7.893457762e-12	-8.317263529e-12	-8.322161711e-12	-8.023447973e-12	-8.526227503e-12	-8.544614524e-12	-7.854649090e-12	-8.194959695e-12	-8.333389851e-12	-8.966461018e-12	-8.286518018e-12	-8.006718798e-12	-7.880948559e-12	-8.423591754e-12	-8.359915390e-12	-8.078609037e-12	-8.849206080e-12	-8.460968649e-12	-8.455241544e-12	-8.061804505e-12	-8.470237517e-12	-8.291943697e-12	-8.444314831e-12	-8.680859337e-12	-8.946868291e-12	-8.745666051e-12	-8.042889988e-12	-8.393373740e-12	-8.614319420e-12	-8.718311589e-12	-8.292019053e-12	-8.279057710e-12	-8.607311252e-12	-8.597514889e-12	-8.154493178e-12	-8.666089435e-12	-8.508820118e-12	-9.047921551e-12	-8.849582863e-12	-8.062859498e-12	-8.146806800e-12	-8.161802772e-12	-8.526755000e-12	-8.504298720e-12	-8.237912983e-12	-8.271522046e-12	-8.300308284e-12	-8.393298383e-12	-8.715824820e-12	-8.122541960e-12	-8.104456366e-12	-8.719969435e-12	-8.649360260e-12	-8.317112816e-12	-7.866932223e-12	-8.204529989e-12	-8.259766409e-12	-8.398196565e-12	-8.437909516e-12	-8.371218886e-12	-8.402341180e-12	-8.215456703e-12	-8.118020562e-12	-8.348762606e-12	-8.468579670e-12	-8.093755722e-12	-8.245071864e-12	-8.887864039e-12	-8.419974635e-12	-8.216813122e-12	-8.796983926e-12	-8.218998465e-12	-8.637303197e-12	-8.826599087e-12	-8.941819396e-12	-8.554863028e-12	-9.091477691e-12	-8.558329434e-12	-9.257714448e-12	-9.388458226e-12	-9.548892521e-12	-8.562323336e-12	-8.782666163e-12	-8.529995335e-12	-8.221108451e-12	-8.335349124e-12	-8.503695867e-12	-8.462701852e-12	-8.587266385e-12	-9.202930168e-12	-8.657649491e-12	-8.842423982e-12	-8.280790913e-12	-8.103702799e-12	-8.496989125e-12	-8.719969435e-12	-8.398950131e-12	-8.904442500e-12	-9.008133243e-12	-8.759908457e-12	-8.515526860e-12	-8.744686415e-12	-8.754859562e-12	-9.296824546e-12	-8.957041438e-12	-8.922151312e-12	-9.458012408e-12	-9.277382532e-12	-9.147769104e-12	-9.238498504e-12	-9.577075906e-12	-9.397425666e-12	-8.662472316e-12	-8.830517632e-12	-9.068343201e-12	-9.216645077e-12	-8.707384876e-12	-8.752448149e-12	-8.384783082e-12	-8.280715557e-12	-7.834830293e-12	-8.239796899e-12	-8.552074832e-12	-8.677242218e-12	-8.689073211e-12	-8.213798857e-12	-8.776260849e-12	-8.242283668e-12	-8.463681489e-12	-9.012353215e-12	-8.863448486e-12	-8.466771111e-12	-8.667370498e-12	-8.798792485e-12
-8.215682773e-12	-8.396086579e-12	-8.471895363e-12	-8.624040427e-12	-9.049051900e-12	-9.004063984e-12	-9.112954335e-12	-8.394880872e-12	-8.828407646e-12	-8.701431701e-12	-8.440471642e-12	-8.913334584e-12	-8.803313884e-12	-9.022903145e-12	-9.010770725e-12	-9.336010001e-12	-8.942497606e-12	-8.960583200e-12	-9.110995062e-12	-9.538945444e-12	-8.613716567e-12	-9.027047760e-12	-9.007530389e-12	-8.773774079e-12	-9.185824210e-12	-9.419279093e-12	-8.969475284e-12	-9.111296488e-12	-9.216645077e-12	-9.430733303e-12	-9.157942251e-12	-8.919061689e-12	-8.027140449e-12	-8.235727640e-12	-8.479506384e-12	-8.530598189e-12	-8.184937262e-12	-8.650189183e-12	-8.662773742e-12	-8.478978887e-12	-8.274084172e-12	-8.657272707e-12	-8.379055977e-12	-8.575736818e-12	-8.725319757e-12	-8.388927698e-12	-8.495029853e-12	-8.640618889e-12	-8.898413969e-12	-9.184995286e-12	-9.123202838e-12	-8.863222416e-12	-9.160579734e-12	-8.884020850e-12	-9.015216767e-12	-9.060656824e-12	-8.458632593e-12	-8.309501795e-12	-8.924035228e-12	-9.186125636e-12	-9.029007033e-12	-8.785680429e-12	-8.283428396e-12	-8.313797123e-12	-8.144546101e-12	-8.649661686e-12	-8.514019727e-12	-8.044698547e-12	-8.256676787e-12	-7.889916000e-12	-7.856306937e-12	-7.610493563e-12	-7.839502405e-12	-7.814860782e-12	-7.927820392e-12	-8.206263192e-12	-8.670158694e-12	-8.580408930e-12	-8.517109349e-12	-8.431127418e-12	-8.764806639e-12	-9.131868852e-12	-8.711830918e-12	-8.864955619e-12	-8.377398131e-12	-8.907155339e-12	-8.166927024e-12	-8.617785826e-12	-7.924127916e-12	-8.049370659e-12	-7.944022070e-12	-8.430298495e-12	-8.237762269e-12	-8.618388679e-12	-8.313721767e-12	-8.302041487e-12	-8.277776647e-12	-7.473269114e-12	-8.088556114e-12	-8.131735471e-12	-7.826239636e-12	-8.077101904e-12	-8.109203834e-12	-8.314173907e-12	-8.193452563e-12	-8.584704259e-12	-7.893608476e-12	-7.773640698e-12	-7.412230233e-12	-7.944172784e-12	-7.859095132e-12	-7.170109335e-12	-7.657440753e-12	-8.116739499e-12	-7.892402769e-12	-7.796096978e-12	-7.801673370e-12	-8.049596729e-12	-8.535722440e-12	-8.471292510e-12	-7.914783693e-12	-8.668726917e-12	-8.626828623e-12	-8.361648592e-12	-7.832569594e-12	-7.912598350e-12	-7.803783356e-12	-7.824280363e-12	-7.696249424e-12	-7.709813620e-12	-7.899486294e-12	-7.473193758e-12	-7.946584196e-12	-7.680650599e-12	-7.887504587e-12	-7.686829844e-12	-7.589016920e-12	-8.037765736e-12	-7.866404727e-12	-8.108977765e-12	-7.615241032e-12	-7.635813396e-12	-8.149519639e-12	-7.495650038e-12	-7.882455692e-12	-7.689542683e-12	-7.905740895e-12	-8.144772170e-12	-8.347406187e-12	-7.810716167e-12	-7.548022905e-12	-7.707628278e-12	-8.147861793e-12	-7.752390124e-12	-7.969266546e-12	-7.714485732e-12	-8.171448423e-12	-7.702730096e-12	-8.062859498e-12	-8.107998128e-12	-8.313797123e-12	-8.409198635e-12	-8.568879364e-12	-8.176572674e-12	-8.156301737e-12	-8.329245235e-12	-8.422009264e-12	-8.431654915e-12	-8.291792983e-12	-8.238365123e-12	-7.950502742e-12	-8.090440030e-12	-8.299705431e-12	-8.284181962e-12	-8.482596006e-12	-8.481993153e-12	-8.209729598e-12	-8.438663083e-12	-8.186293681e-12	-8.293375473e-12	-8.416131446e-12	-8.016816589e-12	-7.731440977e-12	-8.338815529e-12	-8.080417596e-12	-8.796757856e-12	-8.185841542e-12	-7.775901397e-12	-7.893156336e-12	-8.194055416e-12	-8.301740060e-12	-7.543652220e-12	-8.117719135e-12	-8.029476505e-12	-8.500681601e-12	-8.121713037e-12	-8.449439083e-12	-8.391489823e-12	-8.068737317e-12	-8.042136421e-12	-8.368430690e-12	-7.928121819e-12	-7.852991244e-12	-7.938596392e-12	-8.008979498e-12	-8.097222128e-12	-8.219073822e-12	-7.834001370e-12	-8.234823360e-12	-8.532632818e-12	-8.538661350e-12	-8.623362218e-12	-8.362552872e-12	-8.581539280e-12	-8.413720033e-12	-8.392996956e-12	-8.432333125e-12	-8.534968874e-12	-8.716050890e-12	-8.468353601e-12	-8.263082102e-12	-8.094886072e-12	-8.416960369e-12	-8.395031586e-12	-8.746570331e-12	-8.345522271e-12	-8.636549630e-12	-8.228870185e-12	-8.377398131e-12	-7.939726742e-12	-8.032490771e-12	-8.179360870e-12	-8.203701066e-12	-7.856985146e-12	-8.080568310e-12	-8.047260673e-12	-8.426304593e-12	-8.332184145e-12	-7.907474098e-12	-8.287949794e-12	-7.881400699e-12	-8.028496869e-12	-7.521271297e-12	-7.848695916e-12	-7.573719521e-12	-7.130396383e-12	-7.552770374e-12	-7.984639302e-12	-7.661057872e-12	-7.806420838e-12	-7.838447412e-12
-8.542052398e-12	-7.924127916e-12	-8.208900675e-12	-8.659985547e-12	-8.428263866e-12	-8.359237180e-12	-8.262629962e-12	-8.195261122e-12	-8.212969933e-12	-8.460064370e-12	-8.003553819e-12	-8.229096255e-12	-8.308672872e-12	-7.828500335e-12	-7.929779665e-12	-8.238365123e-12	-8.154568534e-12	-8.475889265e-12	-8.251100395e-12	-8.580559644e-12	-8.640694246e-12	-8.160446352e-12	-8.410781124e-12	-8.014405176e-12	-8.244016871e-12	-8.214929206e-12	-8.627657546e-12	-8.466620398e-12	-8.370616033e-12	-8.234371220e-12	-8.538435280e-12	-7.725487802e-12	-7.807400475e-12	-8.047034603e-12	-8.127892282e-12	-8.160446352e-12	-7.379450092e-12	-7.717575355e-12	-7.979665763e-12	-7.728728138e-12	-7.665956054e-12	-7.492334345e-12	-7.595497591e-12	-7.844099160e-12	-7.599792920e-12	-7.948844896e-12	-7.891799916e-12	-7.949598462e-12	-8.438964509e-12	-7.984262518e-12	-8.071676226e-12	-8.803163170e-12	-8.274611668e-12	-7.948468112e-12	-7.396179267e-12	-7.624735969e-12	-7.415319855e-12	-7.682383802e-12	-7.383971491e-12	-7.743724110e-12	-7.549756108e-12	-7.809736531e-12	-7.804386209e-12	-8.026688309e-12	-8.145601094e-12	-8.253361095e-12	-8.071751582e-12	-7.592935465e-12	-8.150876059e-12	-8.255245011e-12	-8.354941851e-12	-7.976425427e-12	-7.898883441e-12	-8.129851555e-12	-8.214853850e-12	-8.289306214e-12	-8.071600869e-12	-8.258560703e-12	-7.832268167e-12	-8.142360758e-12	-8.003855246e-12	-8.331581291e-12	-8.242132955e-12	-8.229849822e-12	-7.986900001e-12	-8.527131783e-12	-8.035881820e-12	-8.565262245e-12	-8.098578548e-12	-8.109203834e-12	-8.101517457e-12	-8.378528481e-12	-8.512889377e-12	-8.215456703e-12	-8.536249937e-12	-8.246805067e-12	-8.346878690e-12	-8.309200368e-12	-7.937918182e-12	-8.166173457e-12	-7.909131944e-12	-7.810188670e-12	-7.875296811e-12	-8.305583249e-12	-7.463774177e-12	-7.303339882e-12	-7.149009475e-12	-7.827369985e-12	-7.447647855e-12	-7.903480196e-12	-7.738223075e-12	-7.737695579e-12	-7.901822350e-12	-8.168660227e-12	-7.936637119e-12	-8.254642158e-12	-8.408143642e-12	-8.027592589e-12	-8.557048371e-12	-8.055022407e-12	-8.420049992e-12	-8.797963562e-12	-8.041232141e-12	-8.419296425e-12	-8.688922498e-12	-8.106415639e-12	-8.537078860e-12	-7.925710406e-12	-8.133845457e-12	-7.586002654e-12	-7.976802211e-12	-8.271295976e-12	-8.155096031e-12	-8.513944370e-12	-8.472874999e-12	-8.056680253e-12	-8.117342352e-12	-8.054268841e-12	-8.209880311e-12	-8.051103862e-12	-8.642879588e-12	-8.315228900e-12	-7.880345706e-12	-8.582518916e-12	-8.219752031e-12	-7.803180503e-12	-8.228870185e-12	-7.877256084e-12	-8.289004787e-12	-7.862712251e-12	-7.594517955e-12	-7.695721928e-12	-7.967231917e-12	-7.858869063e-12	-7.521422010e-12	-7.618104584e-12	-7.944926350e-12	-7.760528642e-12	-8.097598911e-12	-7.962107665e-12	-8.029250435e-12	-7.821567524e-12	-7.510495297e-12	-8.109957401e-12	-7.894437399e-12	-8.579052511e-12	-8.366245348e-12	-7.836412783e-12	-8.314173907e-12	-8.563378329e-12	-8.088556114e-12	-8.665411225e-12	-8.591637070e-12	-8.172277346e-12	-8.341603725e-12	-7.961052672e-12	-7.929101455e-12	-8.315530326e-12	-8.176271248e-12	-8.551773406e-12	-8.834134751e-12	-8.040553932e-12	-8.467675391e-12	-8.507689769e-12	-8.461044006e-12	-7.546138989e-12	-7.350211714e-12	-7.529409814e-12	-7.704237229e-12	-7.538603325e-12	-7.710793257e-12	-7.794288419e-12	-7.998806351e-12	-8.024427610e-12	-7.930533231e-12	-7.483216191e-12	-7.642821564e-12	-7.073502117e-12	-7.366488750e-12	-7.556462850e-12	-7.562792808e-12	-7.759925789e-12	-8.245147221e-12	-7.937390686e-12	-8.137537933e-12	-8.152383192e-12	-7.953366294e-12	-8.083431862e-12	-7.931889651e-12	-8.032340057e-12	-7.669723886e-12	-7.586078011e-12	-7.997826714e-12	-8.177627667e-12	-8.713488764e-12	-8.458557237e-12	-8.794271086e-12	-8.354263641e-12	-7.885771385e-12	-7.989009987e-12	-7.948392756e-12	-7.624283829e-12	-7.242301000e-12	-7.939123889e-12	-7.443126457e-12	-8.208976031e-12	-7.651638291e-12	-7.657139326e-12	-8.011164840e-12	-7.988407134e-12	-7.878085007e-12	-8.103928869e-12	-7.822999300e-12	-7.881852839e-12	-8.271898829e-12	-8.470538943e-12	-7.902425203e-12	-7.793158069e-12	-7.444030736e-12	-7.970095469e-12	-7.975897931e-12	-7.918626881e-12	-8.117794492e-12	-8.104682436e-12	-7.543200080e-12	-7.857286573e-12	-8.035128253e-12	-8.317791025e-12	-8.147334296e-12	-8.314550690e-12	-8.302795053e-12
-7.866932223e-12	-7.965121931e-12	-8.404526523e-12	-8.363607865e-12	-7.788259887e-12	-7.699414404e-12	-7.557743913e-12	-7.510570653e-12	-7.717424641e-12	-7.866480084e-12	-8.038594659e-12	-8.166248814e-12	-8.010788057e-12	-8.112368814e-12	-7.945378490e-12	-7.729255635e-12	-8.275214522e-12	-8.404752593e-12	-8.114780226e-12	-8.178305877e-12	-7.544707213e-12	-8.036333960e-12	-8.374383865e-12	-7.857964783e-12	-7.801371943e-12	-8.091118240e-12	-7.321726903e-12	-7.848168419e-12	-7.550961815e-12	-7.882983189e-12	-7.654275774e-12	-7.879140000e-12	-8.377021348e-12	-8.311611781e-12	-8.240399752e-12	-7.985016085e-12	-8.171448423e-12	-8.167605234e-12	-7.903706266e-12	-8.271522046e-12	-8.089837177e-12	-7.928046462e-12	-7.997751358e-12	-8.556596231e-12	-8.565412958e-12	-8.664205519e-12	-8.466243614e-12	-8.454864761e-12	-8.036333960e-12	-8.213949570e-12	-8.146656087e-12	-8.482972789e-12	-8.603995560e-12	-8.306035389e-12	-9.011901075e-12	-8.769478751e-12	-8.670309407e-12	-8.274762382e-12	-8.701657771e-12	-8.629918246e-12	-8.404300453e-12	-8.234295864e-12	-8.823886248e-12	-8.412966467e-12	-8.862770276e-12	-8.564734748e-12	-8.685757519e-12	-8.453508342e-12	-8.196014689e-12	-8.176497318e-12	-8.718537659e-12	-8.913862081e-12	-8.738356457e-12	-8.834436178e-12	-8.714845184e-12	-8.793065380e-12	-8.627958973e-12	-9.128477803e-12	-9.124483901e-12	-8.582217490e-12	-8.780104037e-12	-8.733910415e-12	-8.792537884e-12	-8.890426164e-12	-9.044455145e-12	-8.795100010e-12	-8.548080930e-12	-8.156527807e-12	-7.879667496e-12	-8.081397233e-12	-8.236556563e-12	-8.162933122e-12	-8.290436564e-12	-8.291114773e-12	-8.181094073e-12	-8.263308172e-12	-8.677166861e-12	-8.344090494e-12	-8.254868228e-12	-8.065572337e-12	-8.821926975e-12	-8.015008029e-12	-8.468579670e-12	-7.635285899e-12	-8.391640537e-12	-8.192849709e-12	-8.314776760e-12	-8.840615423e-12	-8.730444009e-12	-8.589903868e-12	-8.734437911e-12	-8.194507556e-12	-8.501510524e-12	-8.632178945e-12	-8.499400538e-12	-8.680934694e-12	-8.332410214e-12	-8.022468337e-12	-8.424797460e-12	-8.501133741e-12	-8.428188509e-12	-8.411007194e-12	-8.525398580e-12	-8.340473375e-12	-7.496629674e-12	-8.414096817e-12	-8.191342577e-12	-8.339870522e-12	-8.079588673e-12	-8.501284454e-12	-8.691559980e-12	-8.597740959e-12	-8.030983638e-12	-8.447178383e-12	-7.840632755e-12	-7.476961590e-12	-7.952009875e-12	-7.658345032e-12	-7.484271184e-12	-7.940555665e-12	-8.291717627e-12	-7.872508615e-12	-8.466243614e-12	-8.236857990e-12	-8.248915053e-12	-8.422838187e-12	-8.101894240e-12	-8.328039529e-12	-8.753879925e-12	-8.026537596e-12	-8.242359025e-12	-8.653806302e-12	-8.018926575e-12	-8.511683671e-12	-8.517260063e-12	-8.470162160e-12	-8.792990024e-12	-8.144395387e-12	-8.426229236e-12	-8.513040090e-12	-8.472799643e-12	-8.117493065e-12	-8.233542297e-12	-8.025105820e-12	-8.523665377e-12	-8.708590582e-12	-8.244318297e-12	-7.811846517e-12	-7.737469509e-12	-8.153287471e-12	-8.330149515e-12	-8.444239474e-12	-8.214401710e-12	-8.103024590e-12	-8.286668731e-12	-8.513190804e-12	-8.435272034e-12	-8.438437013e-12	-8.381618103e-12	-8.467072538e-12	-8.740014303e-12	-8.510251895e-12	-8.809568485e-12	-8.658855197e-12	-8.595103476e-12	-8.285689095e-12	-7.993003889e-12	-7.773113202e-12	-8.483424929e-12	-7.782382069e-12	-7.890217427e-12	-7.912824420e-12	-7.925408979e-12	-8.519143979e-12	-7.721946040e-12	-7.806420838e-12	-7.705442935e-12	-7.877783580e-12	-8.476642831e-12	-8.054042771e-12	-8.475663195e-12	-8.564659392e-12	-8.502942300e-12	-8.781912597e-12	-8.274988452e-12	-8.301061850e-12	-8.655539505e-12	-8.449137656e-12	-8.300383641e-12	-8.616655476e-12	-8.352605795e-12	-8.381015250e-12	-8.195939332e-12	-8.124727303e-12	-7.791198796e-12	-8.227664479e-12	-8.103250660e-12	-7.660605732e-12	-8.109505261e-12	-7.743950180e-12	-8.509724398e-12	-8.357503977e-12	-8.155397457e-12	-8.369334970e-12	-8.399176201e-12	-8.511306888e-12	-8.087877904e-12	-8.108299555e-12	-8.416583586e-12	-8.763073436e-12	-8.639337826e-12	-8.275666661e-12	-8.179360870e-12	-8.031435778e-12	-8.436779167e-12	-8.387043781e-12	-8.038293232e-12	-8.056454184e-12	-7.982680029e-12	-7.871152196e-12	-7.999409204e-12	-7.702654739e-12	-8.306939669e-12	-8.448308733e-12	-8.561419056e-12	-8.315153543e-12	-7.855478014e-12	-8.534441377e-12	-8.296314382e-12	-7.802728363e-12	-7.572363101e-12
-7.206883377e-12	-6.880664465e-12	-7.286233924e-12	-7.600471130e-12	-7.484949394e-12	-7.171390398e-12	-7.839577762e-12	-8.142134688e-12	-8.030456141e-12	-8.054042771e-12	-8.154869961e-12	-8.018926575e-12	-7.926539329e-12	-7.617049591e-12	-7.356089533e-12	-7.717424641e-12	-8.005663805e-12	-8.128947275e-12	-8.505655139e-12	-8.468278244e-12	-8.132036898e-12	-8.013726966e-12	-7.745532670e-12	-7.977103637e-12	-7.930231805e-12	-7.587283717e-12	-7.506652108e-12	-7.886826378e-12	-8.196316115e-12	-8.011692337e-12	-8.211236731e-12	-7.961052672e-12	-8.296766522e-12	-8.018022295e-12	-7.914105483e-12	-8.325326690e-12	-8.049370659e-12	-7.884716392e-12	-7.978535413e-12	-7.805968698e-12	-7.927292895e-12	-7.984790015e-12	-7.887730657e-12	-8.537907783e-12	-8.444993041e-12	-8.391565180e-12	-8.621101518e-12	-7.990140337e-12	-8.077629401e-12	-7.730310628e-12	-7.748170152e-12	-7.644404053e-12	-7.508460667e-12	-7.697455131e-12	-8.008225931e-12	-7.835583860e-12	-7.456539939e-12	-7.794288419e-12	-7.913050490e-12	-7.846962713e-12	-7.773640698e-12	-7.645986543e-12	-8.081849373e-12	-7.754047971e-12	-7.686528417e-12	-7.782155999e-12	-7.604238962e-12	-7.463849534e-12	-7.943193147e-12	-7.253981280e-12	-7.428431911e-12	-7.888032084e-12	-7.654577200e-12	-8.222615584e-12	-7.517126681e-12	-7.493540052e-12	-6.966194256e-12	-7.670326739e-12	-7.894060615e-12	-7.968889763e-12	-8.244619724e-12	-8.451925852e-12	-8.427359586e-12	-7.986749288e-12	-8.336027333e-12	-8.975579172e-12	-8.323894914e-12	-8.117191639e-12	-8.420049992e-12	-8.286291948e-12	-8.406937936e-12	-7.948995609e-12	-7.963162658e-12	-8.332786998e-12	-8.569557574e-12	-8.537681713e-12	-9.049805467e-12	-8.702185267e-12	-8.241906885e-12	-8.551321266e-12	-8.092926799e-12	-7.828726405e-12	-7.585625871e-12	-7.870624699e-12	-8.770609100e-12	-8.620574022e-12	-7.835056363e-12	-8.064517344e-12	-8.098729261e-12	-8.279585207e-12	-8.461797572e-12	-8.300835781e-12	-8.410102915e-12	-7.657365396e-12	-7.343278903e-12	-6.970112801e-12	-7.708607914e-12	-7.320219770e-12	-7.445990009e-12	-7.305299155e-12	-7.522552360e-12	-7.246370259e-12	-7.261893728e-12	-7.562039241e-12	-7.595799018e-12	-7.676204557e-12	-6.773959457e-12	-7.279677896e-12	-8.026085456e-12	-7.154209083e-12	-7.871227552e-12	-7.274478287e-12	-7.156319069e-12	-7.660002879e-12	-7.216981168e-12	-7.345388889e-12	-7.614412109e-12	-7.461287408e-12	-7.615014962e-12	-7.785622404e-12	-7.434912583e-12	-7.910940504e-12	-7.703860446e-12	-7.622776696e-12	-7.667915326e-12	-7.921641147e-12	-7.415621282e-12	-7.703332949e-12	-7.986071078e-12	-7.946810266e-12	-8.039348225e-12	-7.792103076e-12	-8.000765624e-12	-7.583817311e-12	-7.767461453e-12	-7.587133004e-12	-7.394822848e-12	-8.040026435e-12	-7.885093175e-12	-8.099181401e-12	-8.002649540e-12	-8.235727640e-12	-8.000991693e-12	-8.336856256e-12	-7.869494349e-12	-8.119527695e-12	-8.064441988e-12	-8.118397345e-12	-8.108374911e-12	-8.273405962e-12	-8.187499388e-12	-8.249743976e-12	-8.311687137e-12	-8.329395949e-12	-8.089234324e-12	-7.882304979e-12	-7.881325343e-12	-7.579748053e-12	-7.509892443e-12	-7.629408081e-12	-7.741237341e-12	-7.975295078e-12	-8.691635337e-12	-8.010335917e-12	-7.953441651e-12	-8.061352365e-12	-7.862034042e-12	-7.701449033e-12	-7.296859210e-12	-7.447949282e-12	-7.062123264e-12	-7.737846292e-12	-7.554805003e-12	-7.418108051e-12	-7.114948271e-12	-7.464904527e-12	-7.352924554e-12	-7.058430788e-12	-7.878160363e-12	-7.488265087e-12	-7.580501619e-12	-7.616597452e-12	-8.013124113e-12	-7.430843324e-12	-7.421423743e-12	-7.393617142e-12	-7.275834707e-12	-7.299948833e-12	-7.330543630e-12	-6.983903067e-12	-7.255488413e-12	-7.025123152e-12	-7.787657034e-12	-7.744854460e-12	-7.529861954e-12	-7.831891384e-12	-6.974332773e-12	-7.070487851e-12	-7.247425252e-12	-7.096938033e-12	-7.052402257e-12	-7.717575355e-12	-7.379299379e-12	-7.514112416e-12	-7.476434093e-12	-7.876427161e-12	-7.578090206e-12	-8.071299442e-12	-7.565128864e-12	-7.399193533e-12	-7.693536585e-12	-7.770023579e-12	-7.284877504e-12	-7.497157171e-12	-7.801221230e-12	-7.426924778e-12	-7.750732278e-12	-6.946752242e-12	-7.423609086e-12	-7.471234485e-12	-7.202964832e-12	-7.136123488e-12	-7.672286012e-12	-7.484045115e-12	-7.634080193e-12	-7.438605058e-12	-7.496629674e-12	-7.459554205e-12	-7.025726005e-12	-7.068453222e-12	-7.329940777e-12
-7.295427434e-12	-7.296030287e-12	-7.671080305e-12	-7.025952075e-12	-7.911317287e-12	-7.377641533e-12	-7.647192249e-12	-7.240643154e-12	-7.559552472e-12	-7.339058931e-12	-7.482914765e-12	-7.461513478e-12	-7.653748277e-12	-7.833624587e-12	-7.728652781e-12	-7.493238625e-12	-7.336496805e-12	-7.527525898e-12	-7.970095469e-12	-7.564601367e-12	-7.518030961e-12	-7.821567524e-12	-7.547872192e-12	-8.019830854e-12	-7.717952138e-12	-7.543200080e-12	-7.385855407e-12	-7.447120359e-12	-7.333783966e-12	-7.168074706e-12	-7.680123103e-12	-7.334989672e-12	-7.285028217e-12	-7.839803832e-12	-7.799864810e-12	-7.555633926e-12	-7.620591354e-12	-7.932869287e-12	-7.463322037e-12	-7.634758403e-12	-7.747642656e-12	-7.854423021e-12	-7.607102514e-12	-7.122710006e-12	-6.947581165e-12	-7.058506145e-12	-7.732345257e-12	-7.370256582e-12	-7.700243327e-12	-7.647719746e-12	-8.097372841e-12	-7.782231355e-12	-7.690446963e-12	-7.582611605e-12	-7.929026098e-12	-7.361138428e-12	-7.877030014e-12	-7.923223637e-12	-7.235594259e-12	-7.312382679e-12	-6.939291934e-12	-7.408688470e-12	-7.115325055e-12	-7.739956278e-12	-7.525415912e-12	-7.565882430e-12	-6.708097750e-12	-7.111934006e-12	-7.501301786e-12	-7.339435714e-12	-7.756082600e-12	-7.502582849e-12	-7.301606679e-12	-7.152626594e-12	-7.351643491e-12	-7.797830181e-12	-7.349156721e-12	-7.674998851e-12	-7.320144413e-12	-7.384498988e-12	-7.215247965e-12	-7.657968249e-12	-7.068302509e-12	-7.546063633e-12	-7.138158118e-12	-8.017042659e-12	-7.830308894e-12	-8.503168370e-12	-8.040252505e-12	-7.640334794e-12	-7.658043606e-12	-8.134297597e-12	-8.150725345e-12	-7.991195330e-12	-7.617577088e-12	-7.423458373e-12	-7.667387830e-12	-7.725035663e-12	-7.574849871e-12	-8.223218437e-12	-7.950050602e-12	-7.719459271e-12	-7.106960467e-12	-7.977254351e-12	-7.695269788e-12	-8.153814968e-12	-7.762940055e-12	-8.091495023e-12	-8.296314382e-12	-7.791274153e-12	-7.706874711e-12	-7.045243376e-12	-7.771681425e-12	-7.789691663e-12	-7.723905313e-12	-7.449531771e-12	-7.502959632e-12	-7.433706876e-12	-7.968512980e-12	-7.679143466e-12	-7.588564780e-12	-7.864596168e-12	-7.671984585e-12	-7.640334794e-12	-7.828575692e-12	-7.773791411e-12	-7.585776584e-12	-7.601752193e-12	-8.153664255e-12	-7.899712364e-12	-8.159165290e-12	-7.769948222e-12	-7.537096192e-12	-8.030305428e-12	-8.381090607e-12	-8.340322662e-12	-8.318921375e-12	-8.054947051e-12	-7.772887132e-12	-7.968512980e-12	-8.266322438e-12	-8.124651946e-12	-7.834754936e-12	-8.562775476e-12	-8.094810715e-12	-7.592784752e-12	-8.200234661e-12	-8.124501233e-12	-8.539640986e-12	-8.398874775e-12	-7.906645175e-12	-8.273104535e-12	-8.449891223e-12	-7.914632979e-12	-7.662715718e-12	-7.794665202e-12	-7.966779777e-12	-7.954647357e-12	-7.779443160e-12	-7.538603325e-12	-8.333239138e-12	-8.108676338e-12	-7.688261620e-12	-7.363474484e-12	-7.095958397e-12	-7.361816638e-12	-7.182317111e-12	-6.803423904e-12	-6.934016969e-12	-7.601450766e-12	-6.621588322e-12	-7.362419491e-12	-7.256468049e-12	-7.543727577e-12	-7.901520923e-12	-7.886524951e-12	-8.095488925e-12	-7.908905874e-12	-7.981851106e-12	-7.333256470e-12	-7.727296362e-12	-7.770023579e-12	-7.224818259e-12	-6.562508713e-12	-7.149913754e-12	-7.129416747e-12	-7.411928806e-12	-7.293242092e-12	-7.592332612e-12	-7.804160139e-12	-7.699565117e-12	-7.547043269e-12	-7.269655462e-12	-7.897753091e-12	-7.631744137e-12	-7.211254063e-12	-7.960449819e-12	-7.943796001e-12	-7.880571776e-12	-7.856306937e-12	-7.728502068e-12	-7.483366905e-12	-7.568745983e-12	-7.372743351e-12	-7.585098374e-12	-7.673717788e-12	-7.411778093e-12	-7.369578372e-12	-7.665729984e-12	-7.698284054e-12	-7.638526235e-12	-7.191133839e-12	-7.272443658e-12	-7.871528979e-12	-7.543200080e-12	-7.631518067e-12	-7.802502293e-12	-7.588489423e-12	-7.737544865e-12	-7.802728363e-12	-8.083431862e-12	-7.764748614e-12	-8.159692786e-12	-8.309727865e-12	-8.259540340e-12	-8.266925291e-12	-8.144018604e-12	-8.289381571e-12	-8.148766073e-12	-8.153061401e-12	-8.479054244e-12	-7.973787945e-12	-8.458707950e-12	-8.770232317e-12	-7.822622517e-12	-7.908529091e-12	-8.164892394e-12	-8.042287134e-12	-7.641239074e-12	-7.805968698e-12	-7.923449707e-12	-7.998128141e-12	-7.387061113e-12	-7.355486680e-12	-7.464678457e-12	-7.969417260e-12	-7.955777707e-12	-7.701901173e-12	-7.253227713e-12	-7.327755435e-12	-7.987954994e-12
