X-data:	uhfli - Oscillators - Frequency 1	Hz
Y-data:	I-meas	A
Parameter #1 (next row contains parameters values):	DC12-G1	
-3.125000000e+00	-3.126500000e+00	-3.128000000e+00	-3.129500000e+00	-3.131000000e+00	-3.132500000e+00	-3.134000000e+00	-3.135500000e+00	-3.137000000e+00	-3.138500000e+00	-3.140000000e+00	-3.141500000e+00	-3.143000000e+00	-3.144500000e+00	-3.146000000e+00	-3.147500000e+00	-3.149000000e+00	-3.150500000e+00	-3.152000000e+00	-3.153500000e+00	-3.155000000e+00	-3.156500000e+00	-3.158000000e+00	-3.159500000e+00	-3.161000000e+00	-3.162500000e+00	-3.164000000e+00	-3.165500000e+00	-3.167000000e+00	-3.168500000e+00	-3.170000000e+00	-3.171500000e+00	-3.173000000e+00	-3.174500000e+00	-3.176000000e+00	-3.177500000e+00	-3.179000000e+00	-3.180500000e+00	-3.182000000e+00	-3.183500000e+00	-3.185000000e+00	-3.186500000e+00	-3.188000000e+00	-3.189500000e+00	-3.191000000e+00	-3.192500000e+00	-3.194000000e+00	-3.195500000e+00	-3.197000000e+00	-3.198500000e+00	-3.200000000e+00	-3.201500000e+00	-3.203000000e+00	-3.204500000e+00	-3.206000000e+00	-3.207500000e+00	-3.209000000e+00	-3.210500000e+00	-3.212000000e+00	-3.213500000e+00	-3.215000000e+00	-3.216500000e+00	-3.218000000e+00	-3.219500000e+00	-3.221000000e+00	-3.222500000e+00	-3.224000000e+00	-3.225500000e+00	-3.227000000e+00	-3.228500000e+00	-3.230000000e+00	-3.231500000e+00	-3.233000000e+00	-3.234500000e+00	-3.236000000e+00	-3.237500000e+00	-3.239000000e+00	-3.240500000e+00	-3.242000000e+00	-3.243500000e+00	-3.245000000e+00	-3.246500000e+00	-3.248000000e+00	-3.249500000e+00	-3.251000000e+00	-3.252500000e+00	-3.254000000e+00	-3.255500000e+00	-3.257000000e+00	-3.258500000e+00	-3.260000000e+00	-3.261500000e+00	-3.263000000e+00	-3.264500000e+00	-3.266000000e+00	-3.267500000e+00	-3.269000000e+00	-3.270500000e+00	-3.272000000e+00	-3.273500000e+00	-3.275000000e+00	-3.276500000e+00	-3.278000000e+00	-3.279500000e+00	-3.281000000e+00	-3.282500000e+00	-3.284000000e+00	-3.285500000e+00	-3.287000000e+00	-3.288500000e+00	-3.290000000e+00	-3.291500000e+00	-3.293000000e+00	-3.294500000e+00	-3.296000000e+00	-3.297500000e+00	-3.299000000e+00	-3.300500000e+00	-3.302000000e+00	-3.303500000e+00	-3.305000000e+00	-3.306500000e+00	-3.308000000e+00	-3.309500000e+00	-3.311000000e+00	-3.312500000e+00	-3.314000000e+00	-3.315500000e+00	-3.317000000e+00	-3.318500000e+00	-3.320000000e+00	-3.321500000e+00	-3.323000000e+00	-3.324500000e+00	-3.326000000e+00	-3.327500000e+00	-3.329000000e+00	-3.330500000e+00	-3.332000000e+00	-3.333500000e+00	-3.335000000e+00	-3.336500000e+00	-3.338000000e+00	-3.339500000e+00	-3.341000000e+00	-3.342500000e+00	-3.344000000e+00	-3.345500000e+00	-3.347000000e+00	-3.348500000e+00	-3.350000000e+00	-3.351500000e+00	-3.353000000e+00	-3.354500000e+00	-3.356000000e+00	-3.357500000e+00	-3.359000000e+00	-3.360500000e+00	-3.362000000e+00	-3.363500000e+00	-3.365000000e+00	-3.366500000e+00	-3.368000000e+00	-3.369500000e+00	-3.371000000e+00	-3.372500000e+00	-3.374000000e+00	-3.375500000e+00	-3.377000000e+00	-3.378500000e+00	-3.380000000e+00	-3.381500000e+00	-3.383000000e+00	-3.384500000e+00	-3.386000000e+00	-3.387500000e+00	-3.389000000e+00	-3.390500000e+00	-3.392000000e+00	-3.393500000e+00	-3.395000000e+00	-3.396500000e+00	-3.398000000e+00	-3.399500000e+00	-3.401000000e+00	-3.402500000e+00	-3.404000000e+00	-3.405500000e+00	-3.407000000e+00	-3.408500000e+00	-3.410000000e+00	-3.411500000e+00	-3.413000000e+00	-3.414500000e+00	-3.416000000e+00	-3.417500000e+00	-3.419000000e+00	-3.420500000e+00	-3.422000000e+00	-3.423500000e+00	-3.425000000e+00
First row is x-data, the following rows are y-data
2.800000000e+08	2.801000000e+08	2.802000000e+08	2.803000000e+08	2.804000000e+08	2.805000000e+08	2.806000000e+08	2.807000000e+08	2.808000000e+08	2.809000000e+08	2.810000000e+08	2.811000000e+08	2.812000000e+08	2.813000000e+08	2.814000000e+08	2.815000000e+08	2.816000000e+08	2.817000000e+08	2.818000000e+08	2.819000000e+08	2.820000000e+08	2.821000000e+08	2.822000000e+08	2.823000000e+08	2.824000000e+08	2.825000000e+08	2.826000000e+08	2.827000000e+08	2.828000000e+08	2.829000000e+08	2.830000000e+08	2.831000000e+08	2.832000000e+08	2.833000000e+08	2.834000000e+08	2.835000000e+08	2.836000000e+08	2.837000000e+08	2.838000000e+08	2.839000000e+08	2.840000000e+08	2.841000000e+08	2.842000000e+08	2.843000000e+08	2.844000000e+08	2.845000000e+08	2.846000000e+08	2.847000000e+08	2.848000000e+08	2.849000000e+08	2.850000000e+08	2.851000000e+08	2.852000000e+08	2.853000000e+08	2.854000000e+08	2.855000000e+08	2.856000000e+08	2.857000000e+08	2.858000000e+08	2.859000000e+08	2.860000000e+08	2.861000000e+08	2.862000000e+08	2.863000000e+08	2.864000000e+08	2.865000000e+08	2.866000000e+08	2.867000000e+08	2.868000000e+08	2.869000000e+08	2.870000000e+08	2.871000000e+08	2.872000000e+08	2.873000000e+08	2.874000000e+08	2.875000000e+08	2.876000000e+08	2.877000000e+08	2.878000000e+08	2.879000000e+08	2.880000000e+08	2.881000000e+08	2.882000000e+08	2.883000000e+08	2.884000000e+08	2.885000000e+08	2.886000000e+08	2.887000000e+08	2.888000000e+08	2.889000000e+08	2.890000000e+08	2.891000000e+08	2.892000000e+08	2.893000000e+08	2.894000000e+08	2.895000000e+08	2.896000000e+08	2.897000000e+08	2.898000000e+08	2.899000000e+08	2.900000000e+08	2.901000000e+08	2.902000000e+08	2.903000000e+08	2.904000000e+08	2.905000000e+08	2.906000000e+08	2.907000000e+08	2.908000000e+08	2.909000000e+08	2.910000000e+08	2.911000000e+08	2.912000000e+08	2.913000000e+08	2.914000000e+08	2.915000000e+08	2.916000000e+08	2.917000000e+08	2.918000000e+08	2.919000000e+08	2.920000000e+08	2.921000000e+08	2.922000000e+08	2.923000000e+08	2.924000000e+08	2.925000000e+08	2.926000000e+08	2.927000000e+08	2.928000000e+08	2.929000000e+08	2.930000000e+08	2.931000000e+08	2.932000000e+08	2.933000000e+08	2.934000000e+08	2.935000000e+08	2.936000000e+08	2.937000000e+08	2.938000000e+08	2.939000000e+08	2.940000000e+08	2.941000000e+08	2.942000000e+08	2.943000000e+08	2.944000000e+08	2.945000000e+08	2.946000000e+08	2.947000000e+08	2.948000000e+08	2.949000000e+08	2.950000000e+08	2.951000000e+08	2.952000000e+08	2.953000000e+08	2.954000000e+08	2.955000000e+08	2.956000000e+08	2.957000000e+08	2.958000000e+08	2.959000000e+08	2.960000000e+08	2.961000000e+08	2.962000000e+08	2.963000000e+08	2.964000000e+08	2.965000000e+08	2.966000000e+08	2.967000000e+08	2.968000000e+08	2.969000000e+08	2.970000000e+08	2.971000000e+08	2.972000000e+08	2.973000000e+08	2.974000000e+08	2.975000000e+08	2.976000000e+08	2.977000000e+08	2.978000000e+08	2.979000000e+08	2.980000000e+08	2.981000000e+08	2.982000000e+08	2.983000000e+08	2.984000000e+08	2.985000000e+08	2.986000000e+08	2.987000000e+08	2.988000000e+08	2.989000000e+08	2.990000000e+08	2.991000000e+08	2.992000000e+08	2.993000000e+08	2.994000000e+08	2.995000000e+08	2.996000000e+08	2.997000000e+08	2.998000000e+08	2.999000000e+08	3.000000000e+08	3.001000000e+08	3.002000000e+08	3.003000000e+08	3.004000000e+08	3.005000000e+08	3.006000000e+08	3.007000000e+08	3.008000000e+08	3.009000000e+08	3.010000000e+08	3.011000000e+08	3.012000000e+08	3.013000000e+08	3.014000000e+08	3.015000000e+08	3.016000000e+08	3.017000000e+08	3.018000000e+08	3.019000000e+08	3.020000000e+08	3.021000000e+08	3.022000000e+08	3.023000000e+08	3.024000000e+08	3.025000000e+08	3.026000000e+08	3.027000000e+08	3.028000000e+08	3.029000000e+08	3.030000000e+08	3.031000000e+08	3.032000000e+08	3.033000000e+08	3.034000000e+08	3.035000000e+08	3.036000000e+08	3.037000000e+08	3.038000000e+08	3.039000000e+08	3.040000000e+08	3.041000000e+08	3.042000000e+08	3.043000000e+08	3.044000000e+08	3.045000000e+08	3.046000000e+08	3.047000000e+08	3.048000000e+08	3.049000000e+08	3.050000000e+08
9.069925691e-13	9.904123742e-13	7.896622741e-13	9.893573811e-13	6.513074755e-13	3.105447306e-13	6.076006218e-13	1.964547713e-13	3.382759756e-13	6.119713072e-13	1.064864739e-12	6.751955317e-13	6.870265248e-13	7.436947212e-13	4.503313055e-13	6.600488462e-13	5.274965091e-13	7.792630572e-13	1.010607955e-12	1.005182276e-12	1.385130476e-12	9.971191155e-13	6.793401471e-13	4.825085925e-13	4.592233895e-13	8.135503303e-13	5.586188031e-13	5.250097398e-13	4.764800610e-13	1.088451368e-12	5.930567895e-13	1.099302725e-12	9.353266673e-13	8.112142744e-13	1.264710559e-12	9.012654641e-13	7.256091266e-13	7.634381620e-13	8.633610721e-13	1.074359676e-12	1.013170081e-12	5.081298516e-13	3.535733744e-13	8.342734075e-13	1.077373942e-12	8.541675615e-13	8.474608202e-13	1.323036601e-12	8.843102192e-13	1.061925829e-12	9.946323462e-13	1.158608404e-12	6.327697410e-13	1.241802139e-12	8.822002332e-13	9.198785552e-13	9.765467516e-13	6.314886780e-13	9.127950307e-13	7.363097701e-13	5.243315300e-13	9.995305281e-13	2.513897649e-13	5.391767889e-13	8.400758691e-13	1.119121522e-12	1.014903284e-12	1.035249577e-12	9.964409057e-13	5.324700476e-13	7.428657981e-13	8.576339672e-13	1.787158173e-12	1.340670056e-12	1.137131760e-12	1.504420044e-12	1.458377134e-12	9.834795629e-13	1.210679845e-12	1.222209412e-12	1.143160292e-12	1.688667039e-12	3.758337271e-12	1.803917491e-11	5.115065828e-11	4.420511174e-11	4.045664619e-11	3.718368107e-11	3.462916619e-11	3.260651850e-11	3.085613437e-11	2.957492071e-11	2.802129277e-11	2.629381706e-11	2.595147183e-11	2.527906449e-11	2.414841340e-11	2.364872350e-11	2.282967213e-11	2.222161937e-11	2.170859134e-11	2.109006400e-11	2.056625997e-11	2.021984547e-11	1.990500541e-11	1.922084244e-11	1.907992552e-11	1.870487550e-11	1.809923415e-11	1.707762413e-11	1.687521618e-11	1.671252118e-11	1.630333461e-11	1.669760057e-11	1.584802976e-11	1.553258685e-11	1.510418433e-11	1.467947428e-11	1.458633347e-11	1.409990633e-11	1.383849413e-11	1.353578649e-11	1.327979997e-11	1.354761749e-11	1.301205782e-11	1.303255482e-11	1.284649927e-11	1.254318878e-11	1.226655454e-11	1.188253708e-11	1.241003359e-11	1.171479319e-11	1.153823257e-11	1.179444516e-11	1.112640851e-11	1.075098171e-11	1.074924851e-11	1.068911390e-11	1.054277130e-11	1.026704134e-11	1.026372565e-11	1.057291396e-11	1.118104208e-11	1.232533272e-11	1.584539228e-11	2.041117599e-11	2.448616188e-11	2.466000966e-11	2.324111941e-11	2.147385539e-11	1.981035747e-11	1.866621754e-11	1.814407135e-11	1.694168074e-11	1.628698222e-11	1.597734176e-11	1.559890070e-11	1.613770070e-11	1.550749309e-11	1.549777208e-11	1.530553728e-11	1.549754601e-11	1.585473650e-11	1.738244175e-11	2.313335941e-11	3.115793773e-11	4.856042435e-11	6.488757165e-11	7.527834860e-11	7.803934069e-11	6.758624380e-11	6.511303873e-11	5.972767616e-11	5.501065166e-11	4.701779849e-11	4.554759036e-11	4.584494768e-11	4.350919313e-11	4.368175985e-11	4.119649772e-11	4.069303998e-11	4.004949424e-11	3.890354576e-11	3.788600499e-11	3.656387267e-11	3.590533096e-11	3.510346090e-11	3.401636596e-11	3.326641663e-11	3.215302222e-11	3.183260576e-11	3.103224285e-11	3.037641397e-11	3.041755870e-11	2.973942426e-11	3.225415083e-11	3.153313846e-11	3.112930221e-11	3.178867284e-11	3.234691486e-11	3.389767924e-11	3.529486678e-11	3.632649924e-11	3.601927020e-11	3.462253480e-11	3.293514883e-11	3.228504706e-11	3.154316089e-11	2.990641458e-11	2.860146358e-11	2.901328764e-11	2.839265032e-11	2.658243301e-11	2.590143502e-11	2.664015620e-11	2.431080697e-11	2.322047169e-11	2.242568516e-11	2.180979531e-11	1.945618124e-11	1.796962072e-11	8.387194495e-13	7.093320915e-13	9.240985273e-13	9.747381922e-13	1.258832741e-12	6.822036996e-13	8.647928484e-13	8.620800092e-14	7.130999237e-13	4.845432219e-14	-3.270478356e-14	2.615629119e-13	4.913253199e-13	2.204181842e-13	2.984123109e-13	7.131752803e-13	9.013408208e-13	4.959220752e-13	3.260681993e-13	4.102415708e-13	3.295346049e-13	4.920035297e-13	1.358680294e-13	4.762539911e-13	1.406908546e-13	1.206459873e-13	5.719569292e-14	6.400039788e-13	8.014932673e-13	7.061671124e-13
1.488369079e-12	9.843084860e-13	9.363063037e-13	9.524326255e-13	1.321152685e-12	1.491157275e-12	1.206535230e-12	9.393959261e-13	6.815254898e-13	9.488155066e-13	1.191313187e-12	1.538481247e-12	1.222661551e-12	1.703813724e-12	1.805695907e-12	1.583845947e-12	1.248885664e-12	1.739382060e-12	1.256873468e-12	1.310075259e-12	1.164712292e-12	1.430419819e-12	1.323639455e-12	9.553715346e-13	9.763206817e-13	1.308342056e-12	9.730803460e-13	9.883777448e-13	8.481390300e-13	8.357805404e-13	4.883864108e-13	3.289317517e-13	-5.199608447e-15	6.061688456e-13	4.614087322e-13	2.406137648e-13	4.945656556e-13	5.365393064e-14	3.347342133e-13	2.290088416e-13	-2.403123382e-13	-9.464794506e-14	5.351075302e-13	8.517561489e-13	5.618591388e-13	2.059497085e-13	5.418896281e-13	4.048912491e-13	2.192878345e-13	7.464829170e-13	8.230452675e-13	8.930515899e-13	9.806160104e-13	5.436228310e-13	5.385739358e-13	6.613299091e-13	1.056726221e-12	5.688673067e-13	7.802426936e-13	2.474712194e-13	4.176265219e-13	9.312574085e-13	9.367584435e-13	5.595230829e-13	6.809979933e-13	7.231977140e-13	1.039921689e-12	6.112930974e-13	8.612510861e-13	2.455873033e-13	6.736883988e-13	4.403842285e-13	7.845380223e-13	5.146105230e-13	6.431689579e-13	9.404509191e-13	7.219166510e-13	5.557552507e-13	1.126129690e-12	1.371716994e-12	1.220702279e-12	1.271040517e-12	3.327674049e-12	1.333375533e-11	5.942572209e-11	5.035971494e-11	4.631343993e-11	4.313218384e-11	3.952049060e-11	3.734381394e-11	3.552297134e-11	3.368185781e-11	3.230599620e-11	3.120269958e-11	2.987416194e-11	2.863138016e-11	2.767706362e-11	2.682312213e-11	2.602961667e-11	2.516437168e-11	2.395565111e-11	2.347178610e-11	2.315031465e-11	2.257466525e-11	2.221076801e-11	2.106956699e-11	2.047010489e-11	2.031841196e-11	1.944977593e-11	1.951842583e-11	1.896101273e-11	1.880080451e-11	1.798665132e-11	1.819433424e-11	1.753684752e-11	1.705411285e-11	1.585571614e-11	1.595021337e-11	1.550191670e-11	1.535150483e-11	1.512490741e-11	1.517336173e-11	1.481602052e-11	1.475558449e-11	1.461187937e-11	1.383110918e-11	1.339976775e-11	1.356336703e-11	1.320549832e-11	1.300474822e-11	1.294589468e-11	1.256700148e-11	1.200499162e-11	1.207575151e-11	1.191810541e-11	1.181637394e-11	1.101427782e-11	1.072490831e-11	1.107591956e-11	1.093733869e-11	1.098496409e-11	1.031481745e-11	1.081465807e-11	1.117086893e-11	1.253979773e-11	1.562859122e-11	2.072435821e-11	2.558945851e-11	2.664739044e-11	2.446830236e-11	2.286727510e-11	2.077838892e-11	2.033476436e-11	1.891873766e-11	1.813239107e-11	1.764882749e-11	1.789705227e-11	1.777437166e-11	1.739299168e-11	1.779705401e-11	1.817127510e-11	1.853163057e-11	2.030371742e-11	2.539390802e-11	3.783483783e-11	5.816658792e-11	7.331749337e-11	8.244182655e-11	7.923879239e-11	6.991830586e-11	6.314314070e-11	5.884012560e-11	5.458707196e-11	5.121787640e-11	4.587380927e-11	4.623966578e-11	4.269036784e-11	4.540200132e-11	4.545588132e-11	4.450261977e-11	4.397082794e-11	4.264605813e-11	4.122377683e-11	4.061926583e-11	3.974731410e-11	3.842141395e-11	3.743333763e-11	3.635204514e-11	3.523201934e-11	3.467588731e-11	3.380054453e-11	3.368133032e-11	3.307403112e-11	3.288511201e-11	3.223862736e-11	3.503933240e-11	3.468666331e-11	3.447023902e-11	3.491499394e-11	3.550518717e-11	3.797537797e-11	3.946442526e-11	3.806422345e-11	3.711292118e-11	3.495402868e-11	3.332986693e-11	3.216342143e-11	3.119802746e-11	3.029698807e-11	3.000822141e-11	2.861796668e-11	2.816650503e-11	2.686773326e-11	2.697911038e-11	2.804555761e-11	2.464697296e-11	2.456641671e-11	2.339846408e-11	2.204249663e-11	1.974374220e-11	1.868309743e-11	1.693512471e-11	-2.527461845e-13	4.770075575e-14	4.500298789e-13	4.663069140e-13	1.434790505e-13	2.641250378e-13	5.086573481e-14	-2.190617646e-13	2.968298213e-13	3.315692343e-14	-1.656339039e-13	-6.058674190e-14	-3.843942418e-13	1.263730923e-13	8.364587501e-14	3.868810111e-13	1.275787986e-13	1.783691767e-13	4.340542703e-14	3.376731225e-13	8.254566801e-13	6.611791958e-13	5.372928728e-13	7.268901895e-13	1.469454561e-13	3.186832481e-13	4.386510256e-13	7.674320641e-13	4.681908302e-13
2.967544647e-13	7.228962874e-13	8.431654915e-13	5.552277542e-13	5.906453769e-13	5.349568169e-13	6.173216289e-13	5.121237537e-13	1.055294445e-12	3.660825773e-13	4.815289562e-13	4.232029136e-13	5.365393064e-13	4.097140743e-13	-9.351759540e-14	2.814570659e-13	2.521433314e-13	4.639708581e-13	1.089657075e-13	6.158898527e-13	7.407558121e-13	7.940329595e-13	8.238741906e-13	3.235060734e-13	4.661562008e-13	5.103151942e-13	1.632224912e-13	3.320213742e-13	6.352565102e-13	9.280924294e-13	9.017176040e-13	6.424153914e-13	9.986262484e-13	2.635221846e-13	4.082822980e-13	8.846870024e-14	7.810716167e-13	4.742947183e-13	6.611791958e-13	3.816060460e-13	1.326276937e-14	2.825874156e-13	2.894448702e-13	1.868844775e-13	2.661596672e-13	1.578721695e-13	2.995426605e-13	-1.204952740e-13	4.906471101e-13	3.325488707e-13	5.438489009e-13	5.201115580e-13	4.415145781e-13	4.664576273e-13	5.698469431e-13	6.810733499e-13	2.439294571e-13	3.199643111e-13	2.672146602e-13	7.581631969e-13	9.864938287e-13	5.682644536e-13	7.671306375e-13	1.162225523e-12	9.829520664e-13	6.473135733e-13	9.323877582e-13	7.202588049e-13	4.816796695e-13	6.959939654e-13	1.016862556e-12	1.057931927e-12	1.080614277e-12	1.236301104e-12	6.558288741e-13	1.364558112e-12	1.165390502e-12	1.280610811e-12	1.552648296e-12	7.294523154e-13	1.374354476e-12	1.914586258e-12	4.076568379e-12	9.994099575e-12	6.896383861e-11	5.868036952e-11	5.245628749e-11	4.793745097e-11	4.420277569e-11	4.161472710e-11	3.948906688e-11	3.762233209e-11	3.565808581e-11	3.365834654e-11	3.268097086e-11	3.170638339e-11	3.029088418e-11	2.964213883e-11	2.837185188e-11	2.779356499e-11	2.730012969e-11	2.583926579e-11	2.534130908e-11	2.459565509e-11	2.408714845e-11	2.372513513e-11	2.332476528e-11	2.275092444e-11	2.230782737e-11	2.097182943e-11	2.126014395e-11	2.090657057e-11	2.015270270e-11	1.965082745e-11	1.951247265e-11	1.885061525e-11	1.852665704e-11	1.777994805e-11	1.767670945e-11	1.675132986e-11	1.691033238e-11	1.604373097e-11	1.595526227e-11	1.529137023e-11	1.551894730e-11	1.514728833e-11	1.494781929e-11	1.476824441e-11	1.456674074e-11	1.459311557e-11	1.422401872e-11	1.358838543e-11	1.366185816e-11	1.380601542e-11	1.361287634e-11	1.317882207e-11	1.294408612e-11	1.279028321e-11	1.295991102e-11	1.248787700e-11	1.271688584e-11	1.258109317e-11	1.255607476e-11	1.252661031e-11	1.303820657e-11	1.392357178e-11	1.703489691e-11	2.114100509e-11	2.761941579e-11	2.897945250e-11	2.838285395e-11	2.683028101e-11	2.411698968e-11	2.304278072e-11	2.215409982e-11	2.216751330e-11	2.132999956e-11	2.148048677e-11	2.129548621e-11	2.190602574e-11	2.364736708e-11	2.605056582e-11	3.824229120e-11	5.906506519e-11	7.553471191e-11	8.928624447e-11	8.624402139e-11	7.645097334e-11	6.630955153e-11	5.790283966e-11	5.385995571e-11	5.318747301e-11	5.025722990e-11	4.791032258e-11	4.451467684e-11	4.120245090e-11	4.335267738e-11	4.494021581e-11	4.868031677e-11	4.872055722e-11	4.752577762e-11	4.626362919e-11	4.487337446e-11	4.381212684e-11	4.311319397e-11	4.197221902e-11	4.108903915e-11	3.964045838e-11	3.864831280e-11	3.773303100e-11	3.777387430e-11	3.720071167e-11	3.655867306e-11	3.606312777e-11	3.571467865e-11	3.825035436e-11	3.719272386e-11	3.729324963e-11	3.892879023e-11	4.088926869e-11	4.162791451e-11	4.065129240e-11	3.879141507e-11	3.666485057e-11	3.498974773e-11	3.355593686e-11	3.213757410e-11	3.178302109e-11	3.073367982e-11	3.022336463e-11	2.969925917e-11	2.880063119e-11	2.828021820e-11	2.748196527e-11	2.611921572e-11	2.592374058e-11	2.438443041e-11	2.385399499e-11	2.230496382e-11	2.120611323e-11	2.073325029e-11	1.261997720e-12	5.939610693e-13	9.295995623e-13	5.712033627e-13	9.379641498e-13	9.430130450e-13	1.017540766e-12	1.061322976e-12	8.666767645e-13	6.393257690e-13	8.060900226e-13	1.251598503e-12	1.426350561e-12	1.549935457e-12	1.393645777e-12	9.670518145e-13	1.145948488e-12	1.058836207e-12	1.430344463e-12	1.154915928e-12	1.502234701e-12	1.590628045e-12	1.483395540e-12	1.416930980e-12	1.513914981e-12	1.968240189e-12	1.455438225e-12	1.317083427e-12	1.247830671e-12	1.502762198e-12
1.487389442e-12	1.414670281e-12	1.774347543e-12	1.469379204e-12	1.388747595e-12	1.501556491e-12	1.474729526e-12	1.238034307e-12	1.339690420e-12	1.596731933e-12	1.325674084e-12	1.706601920e-12	1.113319061e-12	1.223415118e-12	1.114901550e-12	1.287769692e-12	1.486560519e-12	1.241952852e-12	1.620318563e-12	1.092671340e-12	1.227936517e-12	1.196964936e-12	1.063583676e-12	1.367647735e-12	1.530116660e-12	1.203671677e-12	1.052883032e-12	7.723302460e-13	1.382719064e-12	6.932057696e-13	7.233484273e-13	8.308070018e-13	1.095459536e-12	1.129143956e-12	1.036003144e-12	1.052280179e-12	7.353301337e-13	1.590175905e-12	1.178201131e-12	1.005483703e-12	6.907943570e-13	7.513810989e-13	8.661492679e-13	6.573360070e-13	3.679664934e-13	3.975062979e-13	8.863448486e-13	5.556798940e-13	1.323187315e-12	8.105360646e-13	8.148313933e-13	1.092746697e-12	7.684117005e-13	9.767728216e-13	1.561841807e-12	7.895869175e-13	9.064650726e-13	1.212111621e-12	1.137809970e-12	1.423487008e-12	9.541658283e-13	9.946323462e-13	8.853652122e-13	8.462551139e-13	6.791894338e-13	7.085031684e-13	3.348095700e-13	2.688725064e-13	7.913954769e-13	4.866532080e-13	8.174688758e-13	4.633680049e-13	9.659968215e-13	9.513776325e-13	9.219131846e-13	1.033064235e-12	9.683328774e-13	9.818970734e-13	1.005935843e-12	8.385687362e-13	7.182241755e-13	1.594998730e-12	3.535130891e-12	7.978987553e-12	7.459961131e-11	6.145831685e-11	5.454924293e-11	4.952167370e-11	4.656339792e-11	4.334762849e-11	4.077804228e-11	3.927128618e-11	3.695248688e-11	3.571098617e-11	3.418878196e-11	3.367334251e-11	3.235166233e-11	3.114105784e-11	3.073458410e-11	2.989752250e-11	2.901170515e-11	2.859882609e-11	2.787660802e-11	2.650564459e-11	2.572630618e-11	2.592441879e-11	2.502013906e-11	2.403831735e-11	2.408014028e-11	2.293750749e-11	2.290487806e-11	2.257082206e-11	2.219434026e-11	2.167972974e-11	2.130415223e-11	1.977335736e-11	2.002745996e-11	1.955384345e-11	1.844444294e-11	1.864104842e-11	1.812206721e-11	1.784505619e-11	1.754664388e-11	1.752094726e-11	1.719849618e-11	1.687393512e-11	1.688862966e-11	1.701470133e-11	1.655487509e-11	1.603536638e-11	1.610235844e-11	1.645095827e-11	1.619127928e-11	1.609987167e-11	1.510885644e-11	1.479469459e-11	1.470833588e-11	1.426734880e-11	1.438520659e-11	1.412665794e-11	1.392198929e-11	1.370353038e-11	1.359411254e-11	1.298078481e-11	1.317324568e-11	1.378152451e-11	1.374482582e-11	1.529461057e-11	1.788348808e-11	2.348406923e-11	3.059879143e-11	3.310530413e-11	3.234277025e-11	2.977325939e-11	2.823093496e-11	2.591484850e-11	2.460040256e-11	2.444991534e-11	2.367389262e-11	2.490228127e-11	2.804781831e-11	3.612936626e-11	5.392287850e-11	6.794064609e-11	6.605499679e-11	6.452736690e-11	5.373320583e-11	4.759601002e-11	4.404452673e-11	3.987881144e-11	3.868064080e-11	3.827243386e-11	3.541189565e-11	3.473609726e-11	3.325699705e-11	3.191150417e-11	3.272264309e-11	3.266635168e-11	3.319211498e-11	3.865072422e-11	3.801132309e-11	3.630441974e-11	3.553404877e-11	3.477422773e-11	3.483684910e-11	3.418780232e-11	3.402344948e-11	3.289965585e-11	3.227088001e-11	3.152198568e-11	3.058688508e-11	3.131460419e-11	3.099079669e-11	3.032162969e-11	2.955156015e-11	3.176327765e-11	3.156207541e-11	3.204322759e-11	3.311397014e-11	3.488198773e-11	3.213018915e-11	3.029585772e-11	2.862806447e-11	2.722959587e-11	2.681181863e-11	2.599065728e-11	2.519767932e-11	2.482632177e-11	2.441721055e-11	2.365723880e-11	2.355045843e-11	2.338030313e-11	2.278069031e-11	2.230262776e-11	2.116300923e-11	2.152713254e-11	1.943523209e-11	1.912333094e-11	1.764845071e-11	1.741733188e-11	1.611622406e-11	3.314938776e-12	1.179934334e-12	9.591393668e-13	8.406033656e-13	7.880797846e-13	8.413569320e-13	1.213392684e-12	1.161396600e-12	1.493191904e-12	1.319118056e-12	1.518888520e-12	8.248538269e-13	9.307299120e-13	1.789418872e-12	1.502234701e-12	1.181742894e-12	1.112414781e-12	5.612562857e-13	9.663736047e-13	4.250868297e-13	7.294523154e-13	7.676581340e-13	4.323210675e-13	1.232382559e-12	1.340896126e-12	9.227421077e-13	1.434187652e-12	7.207109447e-13	6.610284826e-13	1.413992071e-12
7.358576302e-13	8.104607079e-13	6.691670001e-13	6.977271683e-13	8.929762333e-13	5.931321462e-13	9.253042336e-13	6.442993075e-13	6.404561187e-13	7.254584133e-13	6.095598946e-13	7.074481754e-13	1.250618866e-12	3.110722271e-13	5.311136280e-13	5.550016842e-13	4.706022428e-13	5.010463270e-13	7.424136582e-13	5.893643140e-13	1.691003095e-13	3.966773748e-13	8.987033382e-13	1.122512571e-12	8.503243727e-13	4.798711100e-13	3.234307167e-13	1.011361521e-12	6.693930701e-13	7.210123713e-13	7.672813508e-13	7.482161198e-13	5.314904112e-13	4.742193617e-13	6.776823009e-13	4.400828019e-13	2.529722544e-13	6.030792232e-13	6.322422445e-13	4.198118646e-13	6.066209855e-13	3.177036118e-13	3.895938503e-13	7.241019937e-13	1.152278446e-12	1.216180880e-12	1.081217130e-12	9.695385837e-13	7.640410151e-13	6.849918954e-13	1.119046166e-12	7.085785250e-13	8.475361768e-13	1.010306528e-12	1.193724600e-12	4.092619344e-13	1.281138307e-12	6.865743849e-13	9.624550592e-13	7.647945816e-13	6.510060489e-13	6.403807621e-13	6.964461053e-13	5.758754747e-13	7.001385809e-13	6.328450976e-13	8.163385262e-13	8.008904141e-13	2.883898772e-13	6.932057696e-13	7.395501058e-13	6.606516993e-13	5.360118099e-13	4.907978234e-13	3.373716959e-13	5.008956137e-13	3.447566470e-13	9.687096606e-13	8.342734075e-13	7.589921200e-13	5.625373486e-13	7.654727914e-13	3.029487808e-12	8.459235447e-12	6.804433684e-11	5.049806974e-11	4.271674266e-11	3.558627092e-11	3.174519206e-11	2.902135080e-11	2.753448885e-11	2.578922897e-11	2.434637531e-11	2.317292164e-11	2.152916717e-11	2.112322092e-11	2.124944330e-11	2.000070835e-11	1.935166158e-11	1.793819700e-11	1.693030189e-11	1.666828683e-11	1.553951966e-11	1.521194433e-11	1.458022958e-11	1.409975562e-11	1.430510247e-11	1.342305295e-11	1.300738570e-11	1.270143773e-11	1.272675756e-11	1.213867431e-11	1.228448942e-11	1.193792421e-11	1.145285349e-11	1.141133198e-11	1.193219711e-11	1.121743934e-11	1.109430658e-11	1.072144190e-11	1.114087699e-11	1.094148331e-11	1.012303479e-11	9.830877084e-12	9.806310818e-12	9.633593389e-12	9.515057388e-12	9.316794057e-12	9.019286026e-12	9.021622082e-12	9.221091119e-12	8.359613963e-12	8.576565742e-12	8.579730721e-12	8.027969372e-12	7.890368140e-12	8.045527470e-12	7.913653343e-12	7.270635098e-12	7.169732552e-12	7.092265922e-12	7.135595992e-12	6.679914365e-12	6.616991567e-12	6.650073134e-12	6.737411484e-12	7.360384861e-12	7.755329033e-12	8.206413905e-12	1.006380447e-11	1.384663265e-11	1.803020746e-11	2.036415345e-11	2.045804783e-11	1.887005726e-11	1.709051011e-11	1.747701434e-11	1.744792667e-11	2.101561164e-11	2.651898272e-11	4.210642920e-11	5.353328465e-11	5.833983284e-11	5.372717730e-11	4.409124785e-11	3.993736356e-11	3.682731950e-11	3.364907767e-11	3.150081046e-11	3.018131562e-11	2.854464467e-11	2.737096493e-11	2.614265163e-11	2.628191071e-11	2.434290890e-11	2.164777852e-11	3.271495671e-11	3.253417612e-11	3.295715297e-11	3.216538071e-11	3.095304301e-11	2.977958935e-11	2.880357010e-11	2.836069910e-11	2.771202911e-11	2.683691240e-11	2.591010103e-11	2.530355540e-11	2.404442123e-11	2.364412674e-11	2.271038256e-11	2.229200247e-11	2.212636857e-11	2.220632197e-11	2.252545736e-11	2.291181087e-11	2.387901340e-11	2.440289279e-11	2.518419048e-11	2.383575869e-11	2.151530154e-11	1.974758538e-11	1.853080165e-11	1.743134821e-11	1.675539912e-11	1.610657841e-11	1.562587838e-11	1.553017544e-11	1.496273991e-11	1.456576111e-11	1.373751623e-11	1.393593027e-11	1.388544132e-11	1.352485978e-11	1.356751164e-11	1.218795756e-11	1.146882910e-11	1.109588907e-11	1.091375206e-11	9.155078699e-12	8.622081155e-12	8.204454633e-12	7.944097427e-13	5.866514748e-13	5.992360343e-13	8.572571839e-13	9.380395065e-13	5.436981876e-13	2.134853729e-13	6.803951401e-13	6.455050139e-13	4.484473894e-13	1.227409020e-12	4.950931521e-13	5.181522852e-13	8.965933522e-13	1.061925829e-12	2.705303525e-13	7.210877279e-13	2.259945758e-13	3.863535146e-13	2.717360588e-13	5.418142715e-14	1.972836944e-13	-4.342803403e-13	-1.639007010e-13	8.123446240e-14	6.571099371e-14	-4.216957807e-13	-3.794960600e-13	-1.855280579e-13
6.797169303e-13	1.484525890e-13	-3.157443390e-14	7.053381893e-14	3.296099615e-13	-1.602082255e-13	2.132593030e-14	4.158933191e-13	9.314081218e-13	6.636659651e-13	-4.739932918e-14	-1.250920293e-13	2.077582679e-13	3.843188852e-13	1.385055120e-13	9.675793110e-14	3.141618495e-13	4.342803403e-13	-1.297641412e-13	8.262856032e-13	5.767797544e-13	8.244770437e-13	1.104728403e-12	5.356350267e-13	8.525097154e-13	7.894362042e-13	8.222163444e-13	8.884548346e-14	4.166468855e-13	4.168729555e-13	1.898987433e-14	2.222267436e-13	6.109916708e-13	5.008956137e-13	8.712735198e-13	4.837142988e-13	5.217694041e-13	4.577162566e-13	4.514616551e-13	1.837948551e-13	1.501857918e-13	1.981879741e-13	3.333024371e-13	3.912516965e-13	5.634416284e-13	7.542446514e-13	9.645650452e-13	1.028392123e-12	1.129972879e-12	9.828767097e-13	8.498722328e-13	7.599717563e-13	9.488155066e-13	8.650942749e-13	1.046628431e-12	1.352877833e-12	9.037522334e-13	6.562056573e-13	7.783587775e-13	9.277910029e-13	6.389489858e-13	5.439242575e-13	2.369966459e-13	2.531229677e-13	2.533490377e-13	3.278014021e-13	6.041342162e-13	4.792682568e-13	6.260629997e-13	1.920840860e-13	8.892084011e-14	3.711314725e-13	4.219972073e-14	1.844730649e-13	2.043672190e-13	1.324016238e-13	-4.899689003e-13	4.810768163e-13	3.736182417e-13	5.428692645e-13	1.138337467e-12	1.184305020e-12	4.201283625e-12	1.324588948e-11	6.358699133e-11	4.192429219e-11	3.528989324e-11	3.139666758e-11	2.900967052e-11	2.690887799e-11	2.511071775e-11	2.363922856e-11	2.217135649e-11	2.120068755e-11	2.046008246e-11	1.935460049e-11	1.903847936e-11	1.811355191e-11	1.818152361e-11	1.757942402e-11	1.731424399e-11	1.649963866e-11	1.668275531e-11	1.570492750e-11	1.501910668e-11	1.476703870e-11	1.432997017e-11	1.431361777e-11	1.392831925e-11	1.329931734e-11	1.325289765e-11	1.303805586e-11	1.293135085e-11	1.213596147e-11	1.193611565e-11	1.205743985e-11	1.159053008e-11	1.112030462e-11	1.083070904e-11	1.071059055e-11	1.081624056e-11	1.017691479e-11	1.064148850e-11	1.014096967e-11	9.895307014e-12	9.859060468e-12	9.842482007e-12	9.306244127e-12	9.325083288e-12	9.488833276e-12	9.429075457e-12	9.681972355e-12	9.127196740e-12	8.743179282e-12	9.273539343e-12	8.445746607e-12	8.713714834e-12	7.738750572e-12	8.128269065e-12	7.847866993e-12	7.985769651e-12	8.324497767e-12	7.515619548e-12	7.778991020e-12	7.572589171e-12	7.628503801e-12	7.396028554e-12	7.626845955e-12	7.921867217e-12	9.065102866e-12	9.805331181e-12	1.217032410e-11	1.578156520e-11	1.751748086e-11	1.793088741e-11	1.765568494e-11	1.835393961e-11	2.294097389e-11	3.554753761e-11	4.962167197e-11	5.861028784e-11	6.081251041e-11	5.296336235e-11	4.423133585e-11	3.890980036e-11	3.525718846e-11	3.263447582e-11	3.016586751e-11	2.855361211e-11	2.705928985e-11	2.631280694e-11	2.622433824e-11	2.518637582e-11	2.444727785e-11	2.207896924e-11	2.241197025e-11	3.646801902e-11	3.593788503e-11	3.563464989e-11	3.444047315e-11	3.377545076e-11	3.150427687e-11	3.076653532e-11	3.035184771e-11	2.969285385e-11	2.838323074e-11	2.800170005e-11	2.699199637e-11	2.521938203e-11	2.444833285e-11	2.385482392e-11	2.288189429e-11	2.264165730e-11	2.271369826e-11	2.280812013e-11	2.327698917e-11	2.470725828e-11	2.515563031e-11	2.417629536e-11	2.216773937e-11	1.943817100e-11	1.803909955e-11	1.703768510e-11	1.622601869e-11	1.531510758e-11	1.486507770e-11	1.480411417e-11	1.438445302e-11	1.396727864e-11	1.342780042e-11	1.309374442e-11	1.238885837e-11	1.327520322e-11	1.215427314e-11	1.196738866e-11	1.109784834e-11	1.103130842e-11	1.027118596e-11	9.338722841e-12	8.900147172e-12	7.857286573e-12	5.875557545e-13	1.348883930e-14	3.582454863e-13	4.399320886e-13	3.146139894e-13	1.033139591e-12	1.180009691e-12	8.657724847e-13	1.082799620e-12	1.202390614e-12	8.322387781e-13	5.003681172e-13	1.454383232e-13	5.606534325e-14	-2.220760303e-13	-2.675160868e-14	2.227542401e-13	-1.699292326e-13	1.740738480e-14	9.781292412e-14	-1.506379317e-13	3.511619618e-14	3.195121712e-14	-1.880148272e-13	-2.656321707e-13	-5.655516144e-13	-4.897428304e-13	2.238092331e-14	2.287827717e-13	4.335267738e-13
1.293873580e-13	1.602082255e-13	4.015755567e-13	2.994673039e-13	8.897358976e-13	9.208581916e-13	3.961498783e-13	4.317182144e-13	3.094143809e-13	4.884617674e-13	4.123515568e-13	1.356419595e-13	4.465634733e-13	4.285532353e-13	-6.277208458e-14	-9.291474225e-14	1.206459873e-13	5.825068593e-14	2.572675832e-13	-1.466440295e-13	-1.552346870e-14	-3.358645630e-13	2.758053176e-14	4.807753897e-14	5.425678379e-13	1.208720572e-13	5.003681172e-14	2.959255416e-13	-1.669903235e-13	-1.183099313e-13	1.460411764e-13	2.532736810e-13	-3.606568989e-13	-1.501104352e-13	1.819862956e-13	-2.629193315e-13	-2.871841709e-13	-2.501840586e-14	5.026288165e-14	3.809278362e-13	6.236515870e-13	8.568804007e-13	7.148331265e-13	7.421122317e-13	2.984876675e-13	5.422664114e-13	-5.644212647e-14	-1.631471346e-13	-1.213241971e-14	-2.483001425e-13	-5.892136007e-13	-3.526690947e-14	1.944201419e-13	-1.625442814e-13	5.834111391e-13	2.489783523e-13	2.200414009e-14	4.005959203e-13	4.909485367e-13	4.112212072e-13	2.984876675e-13	1.262223790e-13	3.476955561e-13	3.269724790e-13	3.903474167e-14	-3.217728706e-14	2.320231074e-13	-2.418194711e-13	-2.941169821e-13	-1.710595822e-13	3.353370665e-13	-6.070731253e-13	8.292998690e-13	2.010515266e-13	4.219972073e-15	1.478497358e-13	-2.252410094e-13	4.396306620e-13	2.057236386e-14	3.246364230e-13	5.384985792e-13	2.023099826e-12	6.892344745e-12	1.871482258e-11	1.926831713e-11	6.248942181e-11	4.623823400e-11	3.984979914e-11	3.548016877e-11	3.243726748e-11	3.085869650e-11	2.929451863e-11	2.733298519e-11	2.621469259e-11	2.469603014e-11	2.385731069e-11	2.314187471e-11	2.171228381e-11	2.080152341e-11	2.060876111e-11	1.993627842e-11	1.937796105e-11	1.919725581e-11	1.878445212e-11	1.817398794e-11	1.778145518e-11	1.698644259e-11	1.686361126e-11	1.584426193e-11	1.554200643e-11	1.550960307e-11	1.471933795e-11	1.398626851e-11	1.373502946e-11	1.345048277e-11	1.322041894e-11	1.321491790e-11	1.231237138e-11	1.227883767e-11	1.181569573e-11	1.160213500e-11	1.169979722e-11	1.152044840e-11	1.119596269e-11	1.138533394e-11	1.059845986e-11	1.083183939e-11	1.011896553e-11	1.036794389e-11	1.035897645e-11	1.024646898e-11	9.930046427e-12	9.600587179e-12	9.710607879e-12	8.956137158e-12	8.590129937e-12	9.299160602e-12	8.804745660e-12	9.137369887e-12	8.666993715e-12	8.906703200e-12	8.554109462e-12	8.404149740e-12	8.073786212e-12	8.266096368e-12	8.053138491e-12	8.728635449e-12	8.506031923e-12	7.817724335e-12	8.393449096e-12	8.364813571e-12	9.129984936e-12	1.109317623e-11	1.472069437e-11	1.891481911e-11	2.558501247e-11	3.408637228e-11	5.326267894e-11	6.547309278e-11	7.170018907e-11	6.584844422e-11	5.652064810e-11	5.010689340e-11	4.262443077e-11	3.749354759e-11	3.425735650e-11	3.204767363e-11	3.007461061e-11	2.945578185e-11	2.754601842e-11	2.683163743e-11	2.710314742e-11	2.670488756e-11	2.535894254e-11	2.391352674e-11	2.451894202e-11	2.453122516e-11	2.562600648e-11	2.562193722e-11	3.874800964e-11	3.718624319e-11	3.570571120e-11	3.472268378e-11	3.402955337e-11	3.304705344e-11	3.215204258e-11	3.129795037e-11	3.042509437e-11	3.012803847e-11	2.881623001e-11	2.758249103e-11	2.649893785e-11	2.699606563e-11	2.677316068e-11	2.642960974e-11	2.711859553e-11	2.763501462e-11	2.640489276e-11	2.528381196e-11	2.321595029e-11	2.115321287e-11	1.940192446e-11	1.773624120e-11	1.736819935e-11	1.644688901e-11	1.588239239e-11	1.565255463e-11	1.491375809e-11	1.473523820e-11	1.457126214e-11	1.386426611e-11	1.358883757e-11	1.361694560e-11	1.290633244e-11	1.253791381e-11	1.170710681e-11	1.136438479e-11	1.045362439e-11	9.961771574e-12	8.867140961e-12	9.036391984e-12	4.122008435e-14	3.672882836e-13	1.927622958e-13	4.101662142e-13	4.947917255e-13	3.339806469e-13	1.899740999e-13	4.336774871e-13	3.528198079e-13	3.917791930e-13	9.638114788e-14	5.081298516e-13	7.595949731e-14	1.164260152e-13	3.414409547e-13	1.317987706e-13	1.486033023e-13	-3.858260181e-13	-3.827363957e-13	-2.892941569e-13	4.069258785e-14	1.213995537e-13	2.679682266e-13	-9.668257445e-14	4.800218233e-14	-4.250114730e-14	-4.254636129e-13	-2.042165057e-13	1.240370363e-13	2.413673312e-13
-7.791877006e-14	-8.191267220e-14	3.908749132e-13	2.940416255e-13	6.729348323e-14	6.352565102e-14	-2.323245339e-13	4.796450401e-13	-4.890646206e-14	-1.298394979e-13	4.305125081e-13	5.387246491e-13	5.267429427e-13	4.868039213e-14	1.553100436e-13	1.582489527e-14	1.229066866e-13	3.014265766e-16	-5.091848446e-13	-1.631471346e-13	-2.446076669e-13	-2.953980451e-13	-3.005222969e-13	1.680453165e-14	-3.583208430e-13	-1.057253718e-13	-3.477709128e-13	-2.108478904e-13	-3.024062130e-13	-5.177755020e-13	-2.797238631e-13	-7.158881195e-15	-1.593793024e-13	1.375258756e-13	1.635239178e-14	-1.656339039e-13	-1.067803648e-13	-2.607339888e-14	-1.470961694e-13	-1.776909669e-13	2.068539882e-13	-1.538782674e-13	-4.297589416e-13	4.479198929e-13	3.454348568e-13	8.130981905e-14	4.021030532e-13	3.735428851e-13	4.556062706e-13	4.839403688e-13	7.064685390e-13	9.519804856e-13	4.485227460e-13	9.109864712e-13	2.618643384e-13	4.641969280e-13	2.509376250e-13	5.875557545e-13	4.694718931e-14	2.464162264e-14	1.665381836e-13	2.582472195e-13	5.481442296e-13	7.874769314e-14	4.274982423e-13	3.832638922e-13	5.388753624e-13	5.054170124e-13	3.662332906e-14	7.415093785e-14	3.605815423e-13	3.959991650e-13	3.119011502e-13	2.828134855e-13	3.683432766e-13	3.803249831e-13	-2.669885903e-13	1.675178200e-13	5.356350267e-13	3.685693466e-13	7.916215469e-13	2.726554099e-12	1.142436868e-11	1.752531795e-11	1.683783928e-11	7.445990009e-11	5.286863905e-11	4.387075431e-11	3.999448389e-11	3.596169772e-11	3.368359102e-11	3.168023463e-11	3.029909806e-11	2.832422648e-11	2.716878306e-11	2.613210170e-11	2.464976116e-11	2.350260696e-11	2.349394095e-11	2.262213993e-11	2.182923732e-11	2.139872481e-11	2.059399121e-11	2.052089527e-11	1.953801856e-11	1.849312333e-11	1.821716730e-11	1.821046056e-11	1.723617450e-11	1.719540656e-11	1.661192006e-11	1.629632644e-11	1.594169807e-11	1.533394674e-11	1.517871205e-11	1.442243277e-11	1.433592334e-11	1.335161486e-11	1.293398833e-11	1.283949110e-11	1.285727527e-11	1.245261009e-11	1.256881004e-11	1.156151777e-11	1.207469652e-11	1.156845058e-11	1.070433595e-11	1.110410294e-11	1.071722193e-11	1.068323609e-11	1.074043178e-11	1.076484733e-11	1.066326657e-11	1.035242042e-11	9.691165865e-12	9.518825220e-12	9.658461082e-12	9.873453587e-12	9.548892521e-12	9.415285191e-12	9.169697888e-12	8.982738054e-12	9.062013243e-12	9.245958812e-12	9.209335483e-12	9.027575257e-12	9.067363565e-12	8.978141298e-12	8.870682724e-12	8.532934245e-12	9.022752432e-12	9.420183373e-12	1.088421226e-11	1.371988278e-11	2.043310478e-11	3.762052353e-11	5.288943749e-11	7.128753609e-11	7.869373779e-11	7.204517179e-11	6.233983887e-11	5.366990625e-11	5.111772742e-11	4.434783723e-11	3.810604639e-11	3.548838264e-11	3.368931812e-11	3.208738658e-11	2.965909408e-11	2.878051096e-11	2.763704924e-11	2.675341724e-11	2.747759459e-11	2.648296224e-11	2.429279673e-11	2.450741246e-11	2.685213444e-11	2.652561410e-11	2.707986222e-11	3.969373553e-11	3.806362060e-11	3.737877942e-11	3.609447613e-11	3.520835735e-11	3.403075908e-11	3.309550776e-11	3.272452701e-11	3.294291056e-11	3.252015979e-11	3.250109456e-11	3.147383278e-11	3.055357744e-11	3.067693627e-11	3.045139383e-11	2.969210029e-11	3.240102093e-11	3.077625633e-11	2.781059560e-11	2.480605084e-11	2.288332606e-11	2.157279866e-11	1.994780799e-11	1.863893844e-11	1.830367673e-11	1.769976858e-11	1.645487682e-11	1.629278468e-11	1.585405829e-11	1.569309650e-11	1.566566668e-11	1.550771916e-11	1.480042170e-11	1.457992815e-11	1.408121788e-11	1.322976316e-11	1.321205435e-11	1.244364265e-11	1.188984667e-11	1.081473343e-11	1.188524992e-11	8.750036736e-12	5.466370967e-13	-9.042797299e-15	4.559830538e-13	8.201063584e-13	5.378957260e-13	5.091848446e-13	1.864323376e-13	5.817532929e-13	2.885405905e-13	-8.063160925e-15	1.874873307e-13	1.854527013e-13	5.844661321e-13	5.039852361e-13	5.495760058e-13	2.493551355e-13	4.156672492e-13	2.134100163e-13	1.835687852e-13	9.418826953e-13	3.134082831e-13	-3.202657377e-14	2.431758907e-13	4.485227460e-13	9.777524579e-13	8.357051837e-14	5.395535722e-14	-7.520593087e-14	-2.178560583e-13	1.981126175e-13
7.074481754e-13	7.137027768e-13	7.326926511e-13	2.866566744e-13	3.121272201e-13	1.287845049e-13	1.213995537e-13	5.978042581e-13	4.648751378e-13	8.265116731e-13	3.680418501e-13	7.262873364e-13	8.480636734e-13	9.417319820e-13	1.534185918e-12	9.540904717e-13	8.533386384e-13	7.090306649e-13	1.396057190e-12	1.434036938e-12	9.157339398e-13	1.069762920e-12	1.038037773e-12	1.001188374e-12	1.001188374e-12	6.913218535e-13	8.672042610e-13	5.928307196e-13	8.679578274e-13	3.481476960e-13	3.015772899e-13	8.387194495e-14	5.666819641e-14	1.062453326e-12	1.018821829e-12	1.165541215e-12	7.528128751e-13	9.882270315e-13	1.154689858e-12	9.538644017e-13	6.347290137e-13	4.216957807e-13	7.529635884e-13	3.464898498e-13	5.946392790e-13	5.421910547e-13	-1.727174284e-13	1.530493443e-13	1.848498481e-13	1.466440295e-13	6.045109994e-13	8.407540789e-13	3.249378496e-13	6.978778815e-13	2.394080585e-13	2.330027437e-13	3.405366749e-13	5.499527891e-13	1.911044496e-13	-2.566647300e-13	-2.305913311e-14	3.557587171e-13	2.897462968e-13	2.091900442e-13	4.758772079e-13	-2.057236386e-13	2.638989678e-13	2.079843379e-13	3.605815423e-13	2.605079189e-13	5.263661594e-13	8.568050441e-14	1.552346870e-13	-2.502594152e-13	3.920052629e-13	4.423435012e-13	5.581666633e-13	7.534910849e-13	9.015668907e-13	9.253795903e-13	1.693791291e-12	4.899236863e-12	2.196623570e-11	1.781981171e-11	1.633242227e-11	4.791152829e-11	7.162068781e-11	5.362386334e-11	4.654591518e-11	4.252104146e-11	3.790642664e-11	3.527173229e-11	3.317478295e-11	3.177390294e-11	3.007732345e-11	2.831073764e-11	2.712387050e-11	2.624943200e-11	2.518381369e-11	2.396785888e-11	2.331542106e-11	2.291505121e-11	2.165584168e-11	2.173571973e-11	2.114469757e-11	2.024237711e-11	1.979543685e-11	1.929574695e-11	1.900306174e-11	1.865325620e-11	1.841241636e-11	1.763654436e-11	1.746126480e-11	1.652578742e-11	1.599113203e-11	1.590213583e-11	1.547689829e-11	1.485415098e-11	1.454549017e-11	1.432921660e-11	1.425227747e-11	1.392726426e-11	1.386298504e-11	1.347452154e-11	1.302358738e-11	1.307716596e-11	1.241892567e-11	1.281326699e-11	1.260377552e-11	1.209798172e-11	1.214470284e-11	1.229843040e-11	1.220920813e-11	1.203611392e-11	1.153152583e-11	1.124901377e-11	1.092452806e-11	1.091254635e-11	1.086341382e-11	1.049740660e-11	1.013659899e-11	1.020080285e-11	9.610308186e-12	9.923490399e-12	9.816182538e-12	1.044616408e-11	1.047939636e-11	1.019070506e-11	1.036545712e-11	1.075972308e-11	1.120319693e-11	1.293459119e-11	1.670837657e-11	2.668996694e-11	4.506146465e-11	7.383707743e-11	8.563762648e-11	8.255644401e-11	7.340332458e-11	6.515018956e-11	5.713450332e-11	5.163535221e-11	4.877270401e-11	4.533975673e-11	3.888093876e-11	3.727893186e-11	3.586320659e-11	3.393339829e-11	3.198241477e-11	3.071868385e-11	3.020166192e-11	3.004755758e-11	3.075191613e-11	2.953837273e-11	2.835029988e-11	2.797276309e-11	2.843371969e-11	2.914124322e-11	3.002163489e-11	2.948268417e-11	3.931951443e-11	3.937211337e-11	3.772067251e-11	3.556984318e-11	3.519034712e-11	3.516766477e-11	3.407092417e-11	3.475697105e-11	3.540104429e-11	3.570149123e-11	3.542123987e-11	3.521951014e-11	3.436926112e-11	3.402020914e-11	3.265346569e-11	3.510270734e-11	3.337651269e-11	2.974756278e-11	2.649667715e-11	2.524530472e-11	2.400161866e-11	2.218522211e-11	2.148568638e-11	2.051170176e-11	1.954397173e-11	1.858392809e-11	1.801882861e-11	1.778281160e-11	1.693422043e-11	1.673603246e-11	1.619821209e-11	1.624636498e-11	1.572964447e-11	1.558563793e-11	1.492423266e-11	1.421633235e-11	1.353842398e-11	1.236112712e-11	1.099747329e-11	1.021617561e-11	3.470248820e-12	1.451745750e-12	1.417835260e-12	9.815202902e-13	8.661492679e-13	7.497986094e-13	8.343487641e-13	9.090271985e-13	5.809243698e-13	7.161895461e-13	1.072400403e-12	8.660739113e-13	6.606516993e-13	1.042935955e-12	1.192971034e-12	1.342403259e-12	1.278124042e-12	1.246700321e-12	1.097946305e-12	1.351370700e-12	8.525097154e-13	9.158092964e-13	9.272635064e-13	9.928991434e-13	8.326909179e-13	4.418913613e-13	6.265904962e-13	8.381919530e-13	9.586872270e-13	1.267046615e-12	5.161930125e-13
1.410827092e-12	1.301786028e-12	1.476764156e-12	8.736095757e-13	1.132384292e-12	1.172097243e-12	1.036455284e-12	1.171343677e-12	1.688139542e-12	5.894396706e-13	6.050384959e-13	7.400022456e-13	9.017929606e-13	8.025482603e-13	1.031858528e-12	1.461994253e-12	7.139288467e-13	1.233738978e-12	1.277822615e-12	1.005031563e-12	1.197567789e-12	7.635135186e-13	1.006614053e-12	1.223641188e-12	1.519114590e-12	9.624550592e-13	7.587660500e-13	1.234341831e-12	1.446470785e-12	1.394926840e-12	1.159060544e-12	1.006312626e-12	8.907908906e-13	9.062390026e-13	1.431776239e-12	8.971962053e-13	7.428657981e-13	9.343470309e-13	9.303531288e-13	1.176693999e-12	1.056123368e-12	1.245042475e-12	1.210227705e-12	1.079634641e-12	8.936544431e-13	9.185221356e-13	9.334427512e-13	1.139392460e-12	6.839369024e-13	6.556028042e-13	4.676633336e-13	1.041730249e-12	1.124697914e-12	9.701414369e-13	9.976466120e-13	1.214523034e-12	1.213241971e-12	3.819074726e-13	2.412919746e-13	9.060882894e-13	9.049579397e-13	9.394712827e-13	5.751219082e-13	8.696156736e-13	8.196542185e-13	7.686377704e-13	7.601224696e-13	8.966687088e-13	1.416026700e-12	1.450615400e-12	1.133137858e-12	8.820495199e-13	8.976483452e-13	1.265011985e-12	1.127033970e-12	1.177447565e-12	1.052129466e-12	1.416855623e-12	1.267950895e-12	1.703210871e-12	2.909369318e-12	1.029047726e-11	2.391842493e-11	1.901406381e-11	1.723753092e-11	2.020967233e-11	8.081510268e-11	6.375059061e-11	5.235968028e-11	4.709662154e-11	4.229610188e-11	4.011482845e-11	3.662724761e-11	3.582733683e-11	3.316611694e-11	3.189251430e-11	3.096095546e-11	3.007551489e-11	2.849053860e-11	2.749485126e-11	2.640489276e-11	2.515924743e-11	2.458442695e-11	2.402437637e-11	2.319530257e-11	2.299191499e-11	2.241905378e-11	2.196103609e-11	2.129842512e-11	2.073385314e-11	1.969882964e-11	1.968149761e-11	1.913116804e-11	1.955919377e-11	1.829184573e-11	1.803555779e-11	1.764490894e-11	1.674130742e-11	1.653897483e-11	1.606279620e-11	1.633106585e-11	1.644093584e-11	1.570183787e-11	1.543492464e-11	1.486462556e-11	1.451218253e-11	1.438791943e-11	1.428046085e-11	1.432612698e-11	1.408882891e-11	1.421723663e-11	1.396426437e-11	1.337942146e-11	1.314219874e-11	1.297626341e-11	1.244100517e-11	1.217522228e-11	1.214010609e-11	1.257664713e-11	1.205902234e-11	1.158548119e-11	1.139249282e-11	1.143537075e-11	1.102414954e-11	1.107448778e-11	1.135217702e-11	1.153099833e-11	1.124110132e-11	1.116521718e-11	1.191049439e-11	1.421052989e-11	1.689541176e-11	2.958599813e-11	4.779043016e-11	7.031973071e-11	8.316050287e-11	7.891701952e-11	6.737999266e-11	6.525282531e-11	6.139494191e-11	5.698529717e-11	5.241190243e-11	4.884399140e-11	4.448310240e-11	4.111533862e-11	3.840197193e-11	3.687532168e-11	3.569139344e-11	3.341306066e-11	3.221247861e-11	3.058567937e-11	3.041235909e-11	3.047460368e-11	2.919045111e-11	2.747782066e-11	2.878480629e-11	4.279601785e-11	4.161962528e-11	4.064865492e-11	3.884567185e-11	3.800755526e-11	3.785322485e-11	3.629567837e-11	3.524068535e-11	3.500805939e-11	3.362737496e-11	3.351049680e-11	3.423859270e-11	3.377100472e-11	3.418825446e-11	3.469593217e-11	3.476646599e-11	3.457408048e-11	3.316091733e-11	3.058387081e-11	3.338751476e-11	3.170238948e-11	2.921584630e-11	2.742424208e-11	2.468939875e-11	2.369966459e-11	2.227941792e-11	2.107951407e-11	2.040665459e-11	2.026852587e-11	1.932656781e-11	1.937765962e-11	1.827956260e-11	1.779366296e-11	1.742803252e-11	1.674899380e-11	1.712359168e-11	1.669579201e-11	1.632729802e-11	1.535549874e-11	1.499634897e-11	1.388363276e-11	1.313014168e-11	1.228464013e-11	1.130786731e-11	9.799378006e-12	1.035927787e-12	1.461542113e-12	1.484375177e-12	1.150168460e-12	1.065467592e-12	1.056726221e-12	8.315605683e-13	5.294557819e-13	1.062679396e-12	6.265904962e-13	8.736849324e-13	7.177720356e-13	9.439173247e-13	1.120176515e-12	9.730049894e-13	7.357069169e-13	6.161159226e-13	9.695385837e-13	9.804652971e-13	6.494989160e-13	6.976518116e-13	6.348797270e-13	7.644177983e-13	7.538678682e-13	9.418073387e-13	9.592147235e-13	1.081744627e-12	8.544689881e-13	8.545443447e-13	1.353706756e-12
1.290934671e-12	1.329743343e-12	1.356344238e-12	1.336299371e-12	1.435318001e-12	1.107215173e-12	6.832586926e-13	1.001866584e-12	1.149414893e-12	7.832569594e-13	1.273527286e-12	9.597422200e-13	7.863465818e-13	1.105858753e-12	1.234718615e-12	1.109777299e-12	1.479627708e-12	1.787610313e-12	1.671410367e-12	1.631622059e-12	1.099905578e-12	1.157025914e-12	1.210604488e-12	1.592436604e-12	1.503289694e-12	7.696174068e-13	1.346020378e-12	1.103070557e-12	1.358680294e-12	1.542927289e-12	1.295230000e-12	8.698417435e-13	4.721847323e-13	9.085750586e-13	8.676564008e-13	1.011813661e-12	9.196524853e-13	1.267121972e-12	7.856683720e-13	8.271145263e-13	1.117086893e-12	4.629158651e-13	8.124953373e-13	4.612580189e-13	1.104050194e-12	1.056349438e-12	1.096891312e-12	1.142858865e-12	1.414444211e-12	1.347226084e-12	1.200280628e-12	1.260339874e-12	1.631471346e-12	1.622729975e-12	1.475407736e-12	1.396132546e-12	1.555737919e-12	1.121985075e-12	1.079483928e-12	1.347376798e-12	8.356298271e-13	9.574815207e-13	1.055520515e-12	1.226278670e-12	8.142285401e-13	7.045092662e-13	6.585417133e-13	6.501771258e-13	5.652501878e-13	9.075200656e-13	1.039017410e-12	1.267875538e-12	1.703889081e-12	1.446018645e-12	1.733504242e-12	1.184380376e-12	1.730716046e-12	1.257476321e-12	1.628909220e-12	2.072081644e-12	5.092828082e-12	2.067469818e-11	2.273298956e-11	1.969649358e-11	1.840028394e-11	1.868121351e-11	7.476773198e-11	8.244823187e-11	6.155236194e-11	5.339636163e-11	4.730731871e-11	4.376608393e-11	4.085249464e-11	3.842390072e-11	3.578822673e-11	3.434220809e-11	3.294049915e-11	3.190630456e-11	3.028779456e-11	2.939451690e-11	2.839898027e-11	2.745973506e-11	2.677700387e-11	2.546730539e-11	2.515841851e-11	2.417117111e-11	2.352709787e-11	2.330487113e-11	2.282560287e-11	2.222945646e-11	2.091719586e-11	2.067319104e-11	2.003718097e-11	2.010130947e-11	1.927487316e-11	1.889319175e-11	1.842093166e-11	1.781491353e-11	1.805198553e-11	1.703730832e-11	1.684469674e-11	1.651267536e-11	1.626656056e-11	1.575488895e-11	1.545760699e-11	1.560033247e-11	1.484088821e-11	1.459047809e-11	1.460803618e-11	1.399078991e-11	1.426214919e-11	1.431957095e-11	1.434760362e-11	1.404534812e-11	1.366743455e-11	1.272645614e-11	1.242065887e-11	1.233083375e-11	1.215917132e-11	1.205435023e-11	1.211147056e-11	1.196716259e-11	1.209315890e-11	1.193581422e-11	1.225818995e-11	1.221840164e-11	1.237672595e-11	1.328394459e-11	1.434798040e-11	1.549792279e-11	2.174845500e-11	3.200291178e-11	5.544086274e-11	7.585897155e-11	8.861835854e-11	8.396199614e-11	7.185361520e-11	6.412270172e-11	6.254616536e-11	6.163992636e-11	5.883801562e-11	5.534877692e-11	5.056438359e-11	4.631396743e-11	4.270656952e-11	4.041316541e-11	3.886353138e-11	3.732105623e-11	3.509223276e-11	3.415961894e-11	3.280395291e-11	3.107542220e-11	3.275775929e-11	3.239114921e-11	3.181678087e-11	2.985841240e-11	3.216312001e-11	3.105424699e-11	3.090149907e-11	4.128150002e-11	3.934558783e-11	3.921024730e-11	3.830521400e-11	3.654744492e-11	3.606018886e-11	3.541129280e-11	3.601693415e-11	3.476134174e-11	3.400604210e-11	3.469397290e-11	3.515651198e-11	3.512712289e-11	3.479186118e-11	3.405118073e-11	3.726566910e-11	3.461424557e-11	3.273311766e-11	3.101589046e-11	2.854291146e-11	2.676223396e-11	2.514372396e-11	2.391631494e-11	2.320600321e-11	2.222312650e-11	2.200866149e-11	2.061931104e-11	2.070732760e-11	2.009633593e-11	1.950192272e-11	1.926756356e-11	1.823570503e-11	1.780345932e-11	1.816019768e-11	1.793616237e-11	1.724295660e-11	1.619956851e-11	1.616369875e-11	1.516793605e-11	1.391882432e-11	1.307709060e-11	1.204786955e-11	1.372093777e-12	1.538179821e-12	1.519566729e-12	1.776985026e-12	1.922950846e-12	1.607734003e-12	1.671033584e-12	1.488595149e-12	1.369908434e-12	1.002168011e-12	1.399598952e-12	9.524326255e-13	1.229971146e-12	1.466138869e-12	1.380383008e-12	1.393871847e-12	9.809927936e-13	1.409546029e-12	1.143687788e-12	1.397112183e-12	9.839317028e-13	1.047532710e-12	1.107365886e-12	1.251447790e-12	1.261620936e-12	1.185812152e-12	6.408329019e-13	1.108496236e-12	1.314596657e-12	9.036768767e-13
9.436912548e-13	1.598314423e-12	1.429440183e-12	1.239692153e-12	1.198019929e-12	1.245494615e-12	1.159361970e-12	1.495980100e-12	1.996498930e-12	1.433509442e-12	1.328688350e-12	2.124605225e-12	2.300562989e-12	1.894692104e-12	1.506680743e-12	1.691455235e-12	2.025435882e-12	1.843374229e-12	1.933500776e-12	1.657846171e-12	1.821294733e-12	2.004260665e-12	1.923101559e-12	1.483320184e-12	1.037434920e-12	1.634787038e-12	1.381890141e-12	1.537727681e-12	1.806524830e-12	1.556566842e-12	1.737724214e-12	1.902077055e-12	1.603890814e-12	1.562821443e-12	9.375120100e-13	1.112866921e-12	9.534876185e-13	1.436222281e-12	1.344588602e-12	1.465611372e-12	1.289201468e-12	9.414305555e-13	4.296082283e-13	7.845380223e-13	8.416583586e-13	1.268553748e-12	4.737672218e-13	9.617768494e-13	1.031406389e-12	1.007141549e-12	1.013999004e-12	1.381287287e-12	1.228087230e-12	1.314069161e-12	1.456116435e-12	1.352802476e-12	1.648125164e-12	1.853999516e-12	1.528082030e-12	7.982529316e-13	9.665996746e-13	1.358303511e-12	9.206321217e-13	1.030652822e-12	7.410572386e-13	6.766273079e-13	9.023204571e-13	1.093877047e-12	8.755688485e-13	6.990082312e-13	4.939628025e-13	8.041307498e-13	7.710491830e-13	8.498722328e-13	1.223867258e-12	9.599682899e-13	1.225072964e-12	1.054088738e-12	1.507811093e-12	1.942016077e-12	5.770058243e-12	2.638002506e-11	2.325686895e-11	2.101033667e-11	1.906161385e-11	1.867571248e-11	2.587543697e-11	1.027175113e-10	7.751109061e-11	6.286612968e-11	5.535721687e-11	4.696911809e-11	4.396796438e-11	4.107954421e-11	3.948755975e-11	3.687758238e-11	3.562523031e-11	3.394018039e-11	3.250463632e-11	3.206153925e-11	3.031906757e-11	2.954523019e-11	2.931546778e-11	2.815678402e-11	2.717805193e-11	2.602886310e-11	2.523754298e-11	2.452497055e-11	2.426717547e-11	2.345151516e-11	2.283441960e-11	2.197671028e-11	2.148500817e-11	2.178402334e-11	2.048231267e-11	2.020861733e-11	1.955866628e-11	1.886078840e-11	1.821671516e-11	1.868098744e-11	1.826961552e-11	1.833321653e-11	1.800797725e-11	1.754347890e-11	1.663151279e-11	1.624508392e-11	1.620529561e-11	1.577440632e-11	1.543025253e-11	1.611049695e-11	1.540809767e-11	1.540417913e-11	1.471881045e-11	1.473591641e-11	1.358567259e-11	1.355281710e-11	1.309841653e-11	1.293707796e-11	1.294499040e-11	1.261349653e-11	1.323360635e-11	1.311951639e-11	1.287641586e-11	1.274612422e-11	1.345560702e-11	1.297784590e-11	1.411550516e-11	1.552927116e-11	1.788951661e-11	2.674045589e-11	4.693686545e-11	7.116395119e-11	8.693677502e-11	8.930146652e-11	7.700718073e-11	6.614647975e-11	5.741859787e-11	5.242019166e-11	4.995241228e-11	4.830353355e-11	5.122624099e-11	5.429973708e-11	5.115118577e-11	4.897820158e-11	4.503478839e-11	4.193039608e-11	3.917498039e-11	3.775081517e-11	3.646183977e-11	3.525146135e-11	3.436285581e-11	3.264713573e-11	3.435147695e-11	3.206847206e-11	3.099102276e-11	3.187307228e-11	3.271533349e-11	3.185159564e-11	3.252407833e-11	3.972282319e-11	3.862359582e-11	3.726318233e-11	3.712912286e-11	3.596456128e-11	3.592221084e-11	3.496691467e-11	3.409277759e-11	3.394726391e-11	3.383370145e-11	3.405683247e-11	3.392767119e-11	3.415796109e-11	3.997217833e-11	3.733868968e-11	3.611067781e-11	3.325013960e-11	3.197585875e-11	3.098522030e-11	2.930378750e-11	2.718799900e-11	2.571914729e-11	2.479188379e-11	2.309078290e-11	2.234791710e-11	2.137626853e-11	2.149842166e-11	2.102879905e-11	1.984185655e-11	1.991510320e-11	1.954261531e-11	1.957411439e-11	1.885566414e-11	1.765756886e-11	1.693678256e-11	1.720362043e-11	1.593679989e-11	1.434097224e-11	1.383329452e-11	1.332192434e-11	1.219014290e-11	1.007269655e-11	1.848498481e-13	4.861257115e-13	5.136308866e-13	2.959255416e-13	6.403054054e-13	7.973486518e-13	4.589219629e-13	5.295311385e-13	5.958449854e-13	4.355614032e-14	4.142354729e-13	-7.535664416e-15	3.575672765e-13	-6.993096578e-14	1.626196381e-13	-1.623935682e-13	-7.445236443e-14	1.902001699e-13	3.371456260e-13	6.889104409e-13	5.654009011e-13	1.489047289e-13	5.246329566e-13	7.172445391e-13	3.939645357e-13	2.386544920e-13	7.831816027e-13	6.773055177e-13	7.584646234e-13	1.049642696e-12
9.598175766e-13	9.026972404e-13	1.006614053e-12	9.326138281e-13	8.895098276e-13	4.917774598e-13	6.982546648e-13	4.432477809e-13	7.604992528e-13	9.894327378e-13	1.088300655e-12	1.196512796e-12	1.174357943e-12	1.079785354e-12	4.312660745e-13	7.659249312e-13	7.769270013e-13	1.132459648e-12	6.131770135e-13	8.099332114e-13	9.268867231e-13	1.543982282e-12	6.768533778e-13	9.829520664e-13	1.120402585e-12	1.193046390e-12	1.070591844e-12	1.293873580e-12	1.156272348e-12	1.193347817e-12	1.416554197e-12	1.713610088e-12	1.722878955e-12	1.440894393e-12	1.233814335e-12	1.117539033e-12	9.283938560e-13	8.511532958e-13	6.843890422e-13	8.988540515e-13	5.192826349e-13	8.177703024e-13	6.455050139e-13	5.354843134e-13	2.537258209e-13	7.908679804e-13	8.614771560e-13	6.428675313e-13	6.279469158e-13	9.368338002e-13	4.854475017e-13	9.151310867e-13	1.194252097e-12	1.231327566e-12	9.485894367e-13	7.841612391e-13	5.567348870e-13	1.625292101e-12	1.305177077e-12	1.268176965e-12	7.996847078e-13	9.361555904e-13	1.040524543e-12	1.337429721e-12	1.321152685e-12	1.096891312e-12	1.272246223e-12	1.134268208e-12	1.285659706e-12	9.240985273e-13	1.073229326e-12	1.144139928e-12	9.012654641e-13	1.197944572e-12	1.215276600e-12	7.459554205e-13	1.514141051e-12	1.316631287e-12	2.148191855e-12	3.717493970e-12	1.204892455e-11	2.736297713e-11	2.380644495e-11	2.112977695e-11	2.027236905e-11	1.933470633e-11	2.038442438e-11	6.234270242e-11	1.008458030e-10	7.175120552e-11	6.087241894e-11	5.434555392e-11	5.040492893e-11	4.622067590e-11	4.326722295e-11	4.081361062e-11	3.937090766e-11	3.763845841e-11	3.643471138e-11	3.469005435e-11	3.291623431e-11	3.189696034e-11	3.089283306e-11	3.049728603e-11	2.962134040e-11	2.799393831e-11	2.705846093e-11	2.683246636e-11	2.581213739e-11	2.526263674e-11	2.450952244e-11	2.382468126e-11	2.297804936e-11	2.328460019e-11	2.231378054e-11	2.165561561e-11	2.078245818e-11	2.042052022e-11	1.985225576e-11	2.014991451e-11	1.941729721e-11	1.935316871e-11	1.889665816e-11	1.874315667e-11	1.862537424e-11	1.841347136e-11	1.822688831e-11	1.812952752e-11	1.798062279e-11	1.786193608e-11	1.795439868e-11	1.769991929e-11	1.783096450e-11	1.711605601e-11	1.614056426e-11	1.591878965e-11	1.577568738e-11	1.566717382e-11	1.525828867e-11	1.527765532e-11	1.491360738e-11	1.519355731e-11	1.433532049e-11	1.545594914e-11	1.529099345e-11	1.663656169e-11	1.922679562e-11	2.568463395e-11	3.835253797e-11	6.383355827e-11	8.946310652e-11	9.971733723e-11	8.711295886e-11	7.629438224e-11	6.591875197e-11	5.965548449e-11	5.434781462e-11	5.008865709e-11	4.671064480e-11	4.517306784e-11	4.415010139e-11	4.641622640e-11	4.858785417e-11	5.102436054e-11	5.091931338e-11	4.824550893e-11	4.526696222e-11	4.324665059e-11	4.104503087e-11	3.990420663e-11	3.802933333e-11	3.635091479e-11	3.705791083e-11	3.707667463e-11	3.634503697e-11	3.526314163e-11	3.790815984e-11	3.661805410e-11	3.944196898e-11	3.721224123e-11	4.143567971e-11	4.093259876e-11	3.967210817e-11	3.871771627e-11	3.869563677e-11	3.796844516e-11	3.753228090e-11	3.748985511e-11	3.736114596e-11	3.699129555e-11	3.693945018e-11	3.743137836e-11	3.635317549e-11	3.573690886e-11	3.513556284e-11	3.616674315e-11	3.410242324e-11	3.358412025e-11	3.210170434e-11	3.201037209e-11	3.067942304e-11	2.957710605e-11	2.870877144e-11	2.810350687e-11	2.664716437e-11	2.562698612e-11	2.435526739e-11	2.406567181e-11	2.383500512e-11	2.297593938e-11	2.277307929e-11	2.211860684e-11	2.153007145e-11	2.142185930e-11	2.029248928e-11	2.013898779e-11	1.847699701e-11	1.720640863e-11	1.604584095e-11	1.483583932e-11	1.346065592e-11	3.046292340e-12	1.628683150e-12	1.610974339e-12	1.677815682e-12	2.039979714e-12	1.742320970e-12	1.563348940e-12	1.733956382e-12	1.449108267e-12	1.685125277e-12	1.739758844e-12	1.437201917e-12	1.322961245e-12	1.186867145e-12	1.337731147e-12	1.373148770e-12	1.599218702e-12	1.471263121e-12	1.666210759e-12	7.744402320e-13	9.308806253e-13	1.382116210e-12	1.190333551e-12	1.643453052e-12	1.365010252e-12	1.242555706e-12	1.243987482e-12	1.521676715e-12	1.345492881e-12	1.448128631e-12
1.492890477e-12	1.127938250e-12	1.505098254e-12	1.392666141e-12	1.191916041e-12	1.400277162e-12	1.516024967e-12	1.234643258e-12	1.495829387e-12	1.101111284e-12	1.113017634e-12	1.000284095e-12	9.216117580e-13	1.444285442e-12	1.386486896e-12	1.641644493e-12	1.379026588e-12	7.377415463e-13	1.305101720e-12	1.601102618e-12	1.100056291e-12	1.089054221e-12	1.294175007e-12	1.098925942e-12	6.829572660e-13	1.138186753e-12	1.017616123e-12	1.632526339e-12	1.171343677e-12	1.303368517e-12	1.348130364e-12	1.144064572e-12	1.308568126e-12	1.649858367e-12	1.048210920e-12	1.358680294e-12	1.183476096e-12	1.524917051e-12	1.391309721e-12	9.951598427e-13	1.331627259e-12	1.490252995e-12	1.494246897e-12	1.215427314e-12	1.339464350e-12	1.420246672e-12	1.253180992e-12	1.072475760e-12	1.289502895e-12	1.322735175e-12	1.591833751e-12	1.423411651e-12	1.290331818e-12	1.387767959e-12	1.264710559e-12	1.095760963e-12	1.221455845e-12	1.357700658e-12	1.086642809e-12	1.596581220e-12	1.004202640e-12	1.268026251e-12	1.134192851e-12	9.904877308e-13	9.330659680e-13	9.651678984e-13	8.903387507e-13	1.115353690e-12	1.240295006e-12	1.118970809e-12	8.760209883e-13	9.610986396e-13	1.067125438e-12	8.398497991e-13	1.545941555e-12	8.354791138e-13	1.457322141e-12	1.748801641e-12	3.068522550e-12	7.609890710e-12	3.196726809e-11	2.801435996e-11	2.483491243e-11	2.270571045e-11	2.051192783e-11	2.029716139e-11	1.950991053e-11	2.359190459e-11	9.755957508e-11	9.565493590e-11	7.552325770e-11	6.443347252e-11	5.775514064e-11	5.340985047e-11	5.015271024e-11	4.676399731e-11	4.431822207e-11	4.220009751e-11	4.070502169e-11	3.886262710e-11	3.754659866e-11	3.600698707e-11	3.513209643e-11	3.391908053e-11	3.269830289e-11	3.165853192e-11	3.029239131e-11	3.017415674e-11	2.912383583e-11	2.833055644e-11	2.776131235e-11	2.690043805e-11	2.676404252e-11	2.561334657e-11	2.479444591e-11	2.418111819e-11	2.376665664e-11	2.302507191e-11	2.258061842e-11	2.261490569e-11	2.185402966e-11	2.119789936e-11	2.155395950e-11	2.082827502e-11	2.043920866e-11	2.071260257e-11	1.998774701e-11	1.972776659e-11	1.960079064e-11	1.917977307e-11	1.956665408e-11	1.936937039e-11	1.813970067e-11	1.795334369e-11	1.720053081e-11	1.759208394e-11	1.758311649e-11	1.747972718e-11	1.651734748e-11	1.682118547e-11	1.722976919e-11	1.700535710e-11	1.690181707e-11	1.758341792e-11	1.986235355e-11	2.501320625e-11	3.563351954e-11	6.016745753e-11	8.568155940e-11	1.014606378e-10	1.038156837e-10	9.027123117e-11	7.691403992e-11	6.786295339e-11	6.041997765e-11	5.619171635e-11	5.302387374e-11	5.043416731e-11	4.729382987e-11	4.547992009e-11	4.402621507e-11	4.394671381e-11	4.655390298e-11	5.019310140e-11	5.096377380e-11	5.004404596e-11	4.883457182e-11	4.692842551e-11	4.446569502e-11	4.245389869e-11	4.121661795e-11	3.979855662e-11	4.107931814e-11	3.865313563e-11	3.757101422e-11	4.014768395e-11	3.856805798e-11	4.021558029e-11	3.697305925e-11	4.317001288e-11	4.256286440e-11	4.153439692e-11	4.122611289e-11	4.020035825e-11	3.958009771e-11	3.906239756e-11	3.863196041e-11	3.911838755e-11	3.811071850e-11	3.879141507e-11	3.876428668e-11	3.869646570e-11	3.822835022e-11	3.702543211e-11	3.906375398e-11	3.664706640e-11	3.569448306e-11	3.400905636e-11	3.407491807e-11	3.328721507e-11	3.215633791e-11	3.085560687e-11	2.928562655e-11	2.855278318e-11	2.781843269e-11	2.667255956e-11	2.603074702e-11	2.536655356e-11	2.556971507e-11	2.541041112e-11	2.501237733e-11	2.418774957e-11	2.373591113e-11	2.297254833e-11	2.267873277e-11	2.242221876e-11	2.081930758e-11	1.788288523e-11	1.653113774e-11	1.578005807e-11	1.523515418e-11	9.704428635e-13	1.532377359e-12	1.455212155e-12	1.054013382e-12	1.071872906e-12	1.178125775e-12	1.096213103e-12	8.806177436e-13	1.304348154e-12	1.201486334e-12	1.100885214e-12	8.814466667e-13	9.299009889e-13	1.031557102e-12	1.172172600e-12	1.214146251e-12	1.171192963e-12	1.535693051e-12	1.605548660e-12	1.750534844e-12	1.365613105e-12	1.836968915e-12	1.962211657e-12	2.077658036e-12	1.547674758e-12	1.493041191e-12	1.513990338e-12	1.222887621e-12	1.647145528e-12	1.500727568e-12
1.172474026e-12	1.016787200e-12	9.498704996e-13	1.135021774e-12	7.258351965e-13	1.210152349e-12	1.060192627e-12	9.886038147e-13	9.075200656e-13	7.661510012e-13	1.383472630e-12	1.304272797e-12	1.012039731e-12	1.209624852e-12	7.693913368e-13	9.972698288e-13	4.675126204e-13	6.009692372e-13	8.883041213e-13	1.759426928e-12	1.277521188e-12	8.351023306e-13	1.274205496e-12	1.399674309e-12	9.558236745e-13	6.178491254e-13	1.091767061e-12	1.039695619e-12	8.458029740e-13	7.703709732e-13	1.044744515e-12	1.214899817e-12	9.413551988e-13	1.290708601e-12	1.352877833e-12	1.113545131e-12	1.132911788e-12	9.784306677e-13	9.695385837e-13	1.017013270e-12	9.522065556e-13	9.678053809e-13	1.377368742e-12	1.092822054e-12	1.298168909e-12	1.330798336e-12	1.620695346e-12	1.338635427e-12	1.153333439e-12	8.916951703e-13	7.429411548e-13	1.000660878e-12	4.029319763e-13	3.470173463e-13	8.883794780e-13	7.981022183e-13	6.277208458e-13	8.789598975e-13	9.451230310e-13	9.302777721e-13	8.126460506e-13	6.437718110e-13	8.907908906e-13	1.026282137e-12	1.246097468e-12	1.553552576e-12	8.153588898e-13	1.114750837e-12	1.256873468e-12	8.748152820e-13	1.176166502e-12	1.209926279e-12	1.185510726e-12	1.270739090e-12	1.190785691e-12	1.717830060e-12	1.619564996e-12	1.882559684e-12	2.201619716e-12	1.119950445e-11	2.692575788e-11	2.266117467e-11	2.049391759e-11	1.863961665e-11	1.665781226e-11	1.626256666e-11	1.585172224e-11	1.615721807e-11	3.399782822e-11	1.124045326e-10	7.905725824e-11	6.433219319e-11	5.611183830e-11	4.973689228e-11	4.567607344e-11	4.338153898e-11	4.029229335e-11	3.890301826e-11	3.614232760e-11	3.368826313e-11	3.373249748e-11	3.290538295e-11	3.129169577e-11	3.080963932e-11	2.944613620e-11	2.854984428e-11	2.758595744e-11	2.666622960e-11	2.564740777e-11	2.611476968e-11	2.387283416e-11	2.338135812e-11	2.315928209e-11	2.211672292e-11	2.123037807e-11	2.068065135e-11	2.049806220e-11	1.987290348e-11	1.917947164e-11	1.911963847e-11	1.862778565e-11	1.861844143e-11	1.854843511e-11	1.846102140e-11	1.770994173e-11	1.723579772e-11	1.613091861e-11	1.643257125e-11	1.570869533e-11	1.578262020e-11	1.610401628e-11	1.533816671e-11	1.580643290e-11	1.483418147e-11	1.474277386e-11	1.440223719e-11	1.445310292e-11	1.427073984e-11	1.397602001e-11	1.392055752e-11	1.412198583e-11	1.471941330e-11	1.531917683e-11	1.778770978e-11	2.208153137e-11	3.216658641e-11	5.423372466e-11	8.358626791e-11	9.896874432e-11	9.377237621e-11	8.125066408e-11	6.729664821e-11	5.993317373e-11	5.453492517e-11	4.972453379e-11	4.692224626e-11	4.420028892e-11	4.306541786e-11	4.070765917e-11	3.785684197e-11	3.684472688e-11	3.599869784e-11	3.502441178e-11	3.474137223e-11	3.703703704e-11	3.999787494e-11	4.238796163e-11	4.068309291e-11	4.249323486e-11	3.995959377e-11	3.943722151e-11	4.120109448e-11	3.841983146e-11	3.583811283e-11	3.623124844e-11	3.540255143e-11	3.453685430e-11	3.505877441e-11	3.510338555e-11	3.627284531e-11	3.703176207e-11	3.762707956e-11	3.691533606e-11	3.561807143e-11	3.448598856e-11	3.448659142e-11	3.328721507e-11	3.358291454e-11	3.321600304e-11	3.350476970e-11	3.304479274e-11	3.235324482e-11	3.284464550e-11	3.314682564e-11	3.328796863e-11	3.159138915e-11	2.996677526e-11	2.924244719e-11	2.784910284e-11	2.731143319e-11	2.614091843e-11	2.603421342e-11	2.519828217e-11	2.407848244e-11	2.304948746e-11	2.308731650e-11	2.264331515e-11	2.228122647e-11	2.318678727e-11	2.182026988e-11	2.199720728e-11	2.154016924e-11	2.168508006e-11	2.030582740e-11	1.870728691e-11	1.869425021e-11	1.774905183e-11	1.599459844e-11	1.534517488e-11	1.507434310e-12	1.290557888e-12	1.003524430e-12	9.615507795e-13	1.046929857e-12	1.296661776e-12	9.971191155e-13	1.071872906e-12	9.485894367e-13	8.872491283e-13	7.527375185e-13	1.142256012e-12	1.497637946e-12	1.356871735e-12	1.020253605e-12	1.186264292e-12	1.282645440e-12	1.094555256e-12	5.610302158e-13	1.044970585e-12	9.979480386e-13	1.091616347e-12	1.237205384e-12	1.002544794e-12	1.117312963e-12	1.445792575e-12	1.627703514e-12	9.766221083e-13	1.195156376e-12	1.105708040e-12	1.147907760e-12	1.265916265e-12
1.363653833e-12	9.855895489e-13	1.189203201e-12	1.257099538e-12	1.493493331e-12	1.170590110e-12	1.560636101e-12	1.637349164e-12	1.261018083e-12	1.336977581e-12	1.258606671e-12	8.097824981e-13	7.580124836e-13	1.080840347e-12	1.077826081e-12	1.279103678e-12	1.646844101e-12	1.437427987e-12	1.551593303e-12	1.855506649e-12	1.595601583e-12	1.481737694e-12	1.297490699e-12	1.744280242e-12	1.266669832e-12	1.510071792e-12	1.436297638e-12	1.351747483e-12	1.869824411e-12	1.031255675e-12	1.167575845e-12	1.345492881e-12	1.240822503e-12	1.044744515e-12	1.510448575e-12	1.367421665e-12	9.372105834e-13	1.038489913e-12	1.113168347e-12	1.214899817e-12	9.093286251e-13	1.085738529e-12	1.122060432e-12	1.016108990e-12	1.107290529e-12	1.437654057e-12	1.097870949e-12	1.157628768e-12	1.160416963e-12	1.424843428e-12	9.188235622e-13	9.396219960e-13	7.345765672e-13	7.494971828e-13	6.094845379e-13	6.769287345e-13	6.991589445e-13	1.084382109e-12	1.119649019e-12	1.246926391e-12	1.336299371e-12	9.712717865e-13	1.175563649e-12	1.213091258e-12	1.254009915e-12	1.088376012e-12	8.243263304e-13	1.144592068e-12	1.268629104e-12	1.098549159e-12	1.138563537e-12	1.185133943e-12	9.296749190e-13	1.328688350e-12	1.370812714e-12	1.238034307e-12	1.557018982e-12	1.630642423e-12	2.784578715e-12	2.030560133e-11	2.529240262e-11	2.253374659e-11	2.066791608e-11	1.905264641e-11	1.838536333e-11	1.704974217e-11	1.639979111e-11	1.660295262e-11	1.899010040e-11	6.951959386e-11	9.117505876e-11	6.685596256e-11	5.705138494e-11	5.046755030e-11	4.593326566e-11	4.282254339e-11	4.047691713e-11	3.816979811e-11	3.663553684e-11	3.527037587e-11	3.345021149e-11	3.270892818e-11	3.113706394e-11	2.986007025e-11	2.939323584e-11	2.905450772e-11	2.784066290e-11	2.705491917e-11	2.648348974e-11	2.599804223e-11	2.508893968e-11	2.433401682e-11	2.387758162e-11	2.307736942e-11	2.251181781e-11	2.212320359e-11	2.094357068e-11	2.032903725e-11	1.912589307e-11	1.950945839e-11	1.932099142e-11	1.868987953e-11	1.799448842e-11	1.832176232e-11	1.764822464e-11	1.711402138e-11	1.707521271e-11	1.712110491e-11	1.677446435e-11	1.637831447e-11	1.667800784e-11	1.636851810e-11	1.587146568e-11	1.554735675e-11	1.565828173e-11	1.477374544e-11	1.552218763e-11	1.571781348e-11	1.569415150e-11	1.626829377e-11	1.704386435e-11	1.819425888e-11	2.256456746e-11	3.269385685e-11	5.497237049e-11	7.764025190e-11	1.003957731e-10	1.019456332e-10	8.795838505e-11	7.537442833e-11	6.504205278e-11	5.858014518e-11	5.284542921e-11	5.038134230e-11	4.714273980e-11	4.459018419e-11	4.239218160e-11	3.960232792e-11	3.902306139e-11	3.599862248e-11	3.435313480e-11	3.315925949e-11	3.228135458e-11	3.119847960e-11	3.099750343e-11	3.097316324e-11	3.251767302e-11	3.380687449e-11	3.579274813e-11	3.683372481e-11	3.690342971e-11	3.679160045e-11	3.812277557e-11	3.604436396e-11	3.535304211e-11	3.439284775e-11	3.538951473e-11	3.484008943e-11	3.437536501e-11	3.449736742e-11	3.587307831e-11	3.578589067e-11	3.508575209e-11	3.393618649e-11	3.348653339e-11	3.356505501e-11	3.314501708e-11	3.319965065e-11	3.294682911e-11	3.319347140e-11	3.241307799e-11	3.231360722e-11	3.247404152e-11	3.284193266e-11	3.149229516e-11	2.965811444e-11	2.844163213e-11	2.844728388e-11	2.710457920e-11	2.618997561e-11	2.618085745e-11	2.548448670e-11	2.530272648e-11	2.448239405e-11	2.418948277e-11	2.339537446e-11	2.271490396e-11	2.212297752e-11	2.132743743e-11	2.102751799e-11	2.084960095e-11	2.100453421e-11	2.026106556e-11	1.939838270e-11	5.514599219e-12	5.724994970e-12	5.730345292e-12	5.586564815e-12	5.252508811e-12	4.871354905e-12	4.609942706e-12	4.851159324e-12	4.253355066e-12	4.541518873e-12	1.587086283e-12	1.898535293e-12	1.950832804e-12	1.709917613e-12	1.250995650e-12	1.310602755e-12	1.076394305e-12	1.265087342e-12	1.783390341e-12	1.548277611e-12	1.470434197e-12	1.464556379e-12	1.407134616e-12	1.215728740e-12	8.607989462e-13	1.191313187e-12	7.639656585e-13	8.981004851e-13	1.170740824e-12	7.949372392e-13	8.580861070e-13	6.953157556e-13	1.178201131e-12	7.947865259e-13	7.699188334e-13	1.278350111e-12	9.873981084e-13
1.093198837e-12	1.134720348e-12	1.508338589e-12	1.424768071e-12	1.373374840e-12	1.489800855e-12	1.437427987e-12	1.680076381e-12	2.080823015e-12	1.662744353e-12	2.031615126e-12	1.746767012e-12	1.519566729e-12	1.800722369e-12	1.537350897e-12	2.016317728e-12	1.778115376e-12	1.968993755e-12	1.888889642e-12	2.117144918e-12	1.994012161e-12	2.377878906e-12	2.273057814e-12	1.901172775e-12	2.151507547e-12	2.453009481e-12	2.095517561e-12	1.915339825e-12	1.952792077e-12	1.944427489e-12	1.948346035e-12	2.276674933e-12	1.713157948e-12	1.880374342e-12	1.458603204e-12	1.595676940e-12	1.456116435e-12	1.413313861e-12	1.731997109e-12	1.503515764e-12	1.761386201e-12	1.980221895e-12	2.045103966e-12	1.933651489e-12	1.592964101e-12	2.139601198e-12	2.076150903e-12	2.118425981e-12	1.949551741e-12	2.238619828e-12	2.244271576e-12	2.130181617e-12	2.084666204e-12	2.286622010e-12	2.178259156e-12	2.380742459e-12	2.078260889e-12	1.843826369e-12	1.991073252e-12	1.865152300e-12	1.869824411e-12	1.959197391e-12	2.267632136e-12	2.000116049e-12	2.233721646e-12	2.167709226e-12	2.200112583e-12	2.020989840e-12	1.972761587e-12	1.713082592e-12	1.807730537e-12	2.087605113e-12	2.381345312e-12	2.766945260e-12	2.740269008e-12	2.468532949e-12	2.631981510e-12	3.253824538e-12	6.703877778e-12	3.279084085e-11	2.755378015e-11	2.479226057e-11	2.272048035e-11	2.086911832e-11	1.992324172e-11	1.858935376e-11	1.839372792e-11	1.776570564e-11	1.902054448e-11	3.459231679e-11	1.094454278e-10	8.193490241e-11	6.596667880e-11	5.873892163e-11	5.274641057e-11	4.847037316e-11	4.525430230e-11	4.276662876e-11	4.029161514e-11	3.835276404e-11	3.772639962e-11	3.626402858e-11	3.532485873e-11	3.359075163e-11	3.184752638e-11	3.117459155e-11	3.023986773e-11	2.847358335e-11	2.758286782e-11	2.661272638e-11	2.634581315e-11	2.530114399e-11	2.470688149e-11	2.455933318e-11	2.380908243e-11	2.309176254e-11	2.221219979e-11	2.191017036e-11	2.131229074e-11	2.075646014e-11	2.027086192e-11	2.014041957e-11	1.960335277e-11	1.936906896e-11	1.906590918e-11	1.843133088e-11	1.850269362e-11	1.851836781e-11	1.872687964e-11	1.816803477e-11	1.855943718e-11	1.784550833e-11	1.768205977e-11	1.729110950e-11	1.685939128e-11	1.705155073e-11	1.699119005e-11	1.731974502e-11	1.704039794e-11	1.714431476e-11	1.883870890e-11	2.151153371e-11	2.851495415e-11	4.350557601e-11	7.377242143e-11	9.421396615e-11	1.091568873e-10	9.878027736e-11	8.347097224e-11	7.248691243e-11	6.478666911e-11	5.845188817e-11	5.480093412e-11	5.016167768e-11	4.814211962e-11	4.715035082e-11	4.378974592e-11	4.293708549e-11	4.094081263e-11	4.038588630e-11	3.792790328e-11	3.701382719e-11	3.569847697e-11	3.497882102e-11	3.239680096e-11	3.144941723e-11	3.277569417e-11	3.351810782e-11	3.486390213e-11	3.647683574e-11	3.662121907e-11	4.609694029e-11	4.485521351e-11	4.278365936e-11	4.175278047e-11	3.945040892e-11	3.984768915e-11	3.894303264e-11	3.959275762e-11	3.795578524e-11	4.019402829e-11	3.921537155e-11	3.892871488e-11	3.793370575e-11	3.785164236e-11	3.704600448e-11	3.665226601e-11	3.670441281e-11	3.591271591e-11	3.497648496e-11	3.561189218e-11	3.591143484e-11	3.581708832e-11	3.701751967e-11	3.582613112e-11	3.351253143e-11	3.236726116e-11	3.170849337e-11	3.066487921e-11	2.986730449e-11	2.928329049e-11	2.969466241e-11	2.973949962e-11	2.953068636e-11	2.806040287e-11	2.824977412e-11	2.798730693e-11	2.632727541e-11	2.541508324e-11	2.487748894e-11	2.564258494e-11	2.432090476e-11	2.403243953e-11	2.244610681e-11	2.200263296e-12	2.107876050e-12	2.028148721e-12	2.126715211e-12	2.014659882e-12	2.006069224e-12	1.751062340e-12	1.725139655e-12	2.279312416e-12	2.158515715e-12	2.309229004e-12	1.850382397e-12	2.172079911e-12	1.858822341e-12	2.245025143e-12	2.221513870e-12	2.162283547e-12	2.520679747e-12	2.278860276e-12	1.871482258e-12	2.074040917e-12	1.721748606e-12	2.107876050e-12	1.907578090e-12	2.133045170e-12	1.856109502e-12	1.692510228e-12	1.950456021e-12	2.277654570e-12	1.992278958e-12	1.746314872e-12	1.695298424e-12	2.055051043e-12	1.849176691e-12	1.743451319e-12	1.790775292e-12	1.878339712e-12
2.349544808e-12	2.218348891e-12	2.458661229e-12	2.138244778e-12	2.093030791e-12	2.313448976e-12	2.104334288e-12	2.222493506e-12	2.074266987e-12	1.940433587e-12	1.528006674e-12	2.083611211e-12	1.603287961e-12	1.944276776e-12	1.853698090e-12	2.123399519e-12	2.170723492e-12	1.688667039e-12	1.538782674e-12	1.492212268e-12	1.595074087e-12	2.022270903e-12	1.305629217e-12	1.548579037e-12	1.119121522e-12	1.870502621e-12	2.175018820e-12	2.108704973e-12	1.821897586e-12	1.540063737e-12	2.260171828e-12	2.108629617e-12	1.748952354e-12	1.478195932e-12	1.586257360e-12	1.486033023e-12	1.567267485e-12	1.946462119e-12	1.754151963e-12	2.041637560e-12	2.190617646e-12	2.150678624e-12	2.024004105e-12	1.470886337e-12	1.139241746e-12	1.213392684e-12	1.237958950e-12	1.232382559e-12	1.130801802e-12	1.301183175e-12	1.076771088e-12	1.162602306e-12	1.678870675e-12	1.513010701e-12	2.045932889e-12	2.210587156e-12	2.069971658e-12	2.020085560e-12	1.596129080e-12	1.456417862e-12	1.874647237e-12	2.368157899e-12	2.019030567e-12	2.246456919e-12	2.032067266e-12	2.371925732e-12	2.020010203e-12	2.356477619e-12	2.169593142e-12	1.742622396e-12	1.733052102e-12	1.882182901e-12	2.193481198e-12	1.861083041e-12	2.089865812e-12	2.156707156e-12	2.524824363e-12	3.366934861e-12	1.487193515e-11	2.988410902e-11	2.567227546e-11	2.390146968e-11	2.210361086e-11	2.029746282e-11	1.901338560e-11	1.848174448e-11	1.762554229e-11	1.653535771e-11	1.708463229e-11	1.975926566e-11	6.770560872e-11	1.097157321e-10	7.972303419e-11	6.625220512e-11	5.909151537e-11	5.359869422e-11	5.032241340e-11	4.698886153e-11	4.396216192e-11	4.227357024e-11	4.170477829e-11	3.898892483e-11	3.831161932e-11	3.593087686e-11	3.435614906e-11	3.331991985e-11	3.195189533e-11	3.152191032e-11	3.009751903e-11	2.964078241e-11	2.857124556e-11	2.806100572e-11	2.703841606e-11	2.630338736e-11	2.519436362e-11	2.402701385e-11	2.382000915e-11	2.263268986e-11	2.241279918e-11	2.143180638e-11	2.143135424e-11	2.087394114e-11	2.034817784e-11	2.002700782e-11	1.982844306e-11	1.946334012e-11	1.882996753e-11	1.869161273e-11	1.896726733e-11	1.876259869e-11	1.848747158e-11	1.849417832e-11	1.750007347e-11	1.729073272e-11	1.728666346e-11	1.733278172e-11	1.771077065e-11	1.843065267e-11	1.876508546e-11	2.070378584e-11	2.443326152e-11	3.457762224e-11	5.403191957e-11	8.514027263e-11	1.035662532e-10	1.019503053e-10	8.813939171e-11	7.543637149e-11	6.615740647e-11	5.901043162e-11	5.442256841e-11	5.242591877e-11	4.947706257e-11	4.545105850e-11	4.325026770e-11	4.301229142e-11	4.101699820e-11	3.961159678e-11	3.764501444e-11	3.603494438e-11	3.533005833e-11	3.433045245e-11	3.289573730e-11	3.145333577e-11	3.022449498e-11	2.928931902e-11	2.799725400e-11	2.737518491e-11	2.716976269e-11	2.848835325e-11	2.873250878e-11	4.328809674e-11	4.376427537e-11	4.179543233e-11	4.035951148e-11	3.936073452e-11	4.094669045e-11	3.717252828e-11	3.691774747e-11	3.665083424e-11	3.728774859e-11	3.749294473e-11	3.794214569e-11	3.679717684e-11	3.654088889e-11	3.567602069e-11	3.543676334e-11	3.559034018e-11	3.484121978e-11	3.470339248e-11	3.369037311e-11	3.483843159e-11	3.412736629e-11	3.400875493e-11	3.350906503e-11	3.181421874e-11	3.127293197e-11	2.976519623e-11	2.881811393e-11	2.855918850e-11	2.787758765e-11	2.825097982e-11	2.861939846e-11	2.917123516e-11	2.797562665e-11	2.724745539e-11	2.725838211e-11	2.625930372e-11	2.553625672e-11	2.606458215e-11	2.530295255e-11	2.458713979e-11	2.303223079e-11	2.275717904e-11	2.199223374e-11	2.230375811e-11	2.117823127e-12	2.533188950e-12	2.035307602e-12	2.240202318e-12	2.508170544e-12	2.197399744e-12	2.151959687e-12	2.590460000e-12	2.559036279e-12	2.478178600e-12	2.582321482e-12	2.469814012e-12	2.447734516e-12	2.500182740e-12	2.024079462e-12	2.079240526e-12	2.269968192e-12	2.469211159e-12	2.201845786e-12	1.585127010e-12	1.990771825e-12	1.863871237e-12	1.421075596e-12	1.728229277e-12	2.018050931e-12	1.935912188e-12	2.015639518e-12	2.298829787e-12	2.033423686e-12	2.380742459e-12	1.941187154e-12	2.498901677e-12	1.931164720e-12	1.560711457e-12	2.130859827e-12
2.336055969e-12	2.681641539e-12	1.952038510e-12	2.471245789e-12	2.130332330e-12	2.013303462e-12	2.092126512e-12	2.283909171e-12	1.700648745e-12	1.530192016e-12	2.065902400e-12	1.463275316e-12	2.251430457e-12	1.853848803e-12	2.461675495e-12	2.420832194e-12	2.382174235e-12	2.388202767e-12	2.320607857e-12	2.185644107e-12	2.399054123e-12	1.901097419e-12	2.338693451e-12	2.357532612e-12	1.722426816e-12	1.991374679e-12	2.165523883e-12	2.349544808e-12	2.345626263e-12	2.399656977e-12	2.077733393e-12	2.137943351e-12	2.357381899e-12	2.152939324e-12	1.933274706e-12	2.145780442e-12	1.853698090e-12	2.067937029e-12	1.920539433e-12	1.403517497e-12	1.787911739e-12	1.397639679e-12	1.741115263e-12	2.128222344e-12	1.576460996e-12	1.356118168e-12	1.893411041e-12	1.884669670e-12	1.442250813e-12	1.695675207e-12	1.622880689e-12	1.939077167e-12	1.552723653e-12	2.195440471e-12	1.815718341e-12	1.723105025e-12	1.675781053e-12	2.150829338e-12	2.025661952e-12	1.975775853e-12	1.456643932e-12	1.684296354e-12	1.681131375e-12	2.457154096e-12	2.037719015e-12	1.836893558e-12	2.136134792e-12	1.765003319e-12	1.837119628e-12	1.925663685e-12	1.837647124e-12	2.469889369e-12	2.448940222e-12	2.295664808e-12	2.378104976e-12	2.790456533e-12	3.706868683e-12	5.012648613e-12	3.142552917e-11	2.681008543e-11	2.398715019e-11	2.206638468e-11	2.082774752e-11	1.916342068e-11	1.833592937e-11	1.780383611e-11	1.672329718e-11	1.619240963e-11	1.608615676e-11	1.634319827e-11	1.954902063e-11	7.463171324e-11	9.951304537e-11	7.153199304e-11	6.033301608e-11	5.295236028e-11	4.831197349e-11	4.474783029e-11	4.158300195e-11	3.966758677e-11	3.710131625e-11	3.596275272e-11	3.489736048e-11	3.296755218e-11	3.211767995e-11	3.031838936e-11	2.969843025e-11	2.851299488e-11	2.746862715e-11	2.710382563e-11	2.557672324e-11	2.522548592e-11	2.455119467e-11	2.384819253e-11	2.372038766e-11	2.280736656e-11	2.191604818e-11	2.140972688e-11	2.105208425e-11	2.022979255e-11	2.015699803e-11	2.021773549e-11	1.948225464e-11	1.938225637e-11	1.918459590e-11	1.894910638e-11	1.848777301e-11	1.842899483e-11	1.838875438e-11	1.799516662e-11	1.748824248e-11	1.706534099e-11	1.671448046e-11	1.712871593e-11	1.761340987e-11	1.738138676e-11	1.845770571e-11	2.005828083e-11	2.447440625e-11	3.530662242e-11	5.523642017e-11	8.335055233e-11	1.090907995e-10	1.121291794e-10	9.790305066e-11	8.018059973e-11	7.050254592e-11	6.307072296e-11	5.831745192e-11	5.382951162e-11	5.076671618e-11	4.766465992e-11	4.525174017e-11	4.386035510e-11	4.202496867e-11	4.007910941e-11	3.861244304e-11	3.687125242e-11	3.504189453e-11	3.440701480e-11	3.322881367e-11	3.213116879e-11	3.058417224e-11	3.013534807e-11	2.828775387e-11	2.788399297e-11	2.729063475e-11	2.665055542e-11	2.684490020e-11	3.087994707e-11	3.349324013e-11	3.628919770e-11	3.774516342e-11	3.969938728e-11	3.715994372e-11	3.977994353e-11	3.650584805e-11	3.577360754e-11	3.611911775e-11	3.516758941e-11	3.583464642e-11	3.562734029e-11	3.534837000e-11	3.543111159e-11	3.488726269e-11	3.485003651e-11	3.459804389e-11	3.472682840e-11	3.490602650e-11	3.388381362e-11	3.392194408e-11	3.396685664e-11	3.304871129e-11	3.318706609e-11	3.200494641e-11	3.088092671e-11	2.974025318e-11	2.898939958e-11	2.808089988e-11	2.686306115e-11	2.725823139e-11	2.653217013e-11	2.659916218e-11	2.632629578e-11	2.551900005e-11	2.580226567e-11	2.544552732e-11	2.446724736e-11	2.480944189e-11	2.412949889e-11	2.360403701e-11	2.282484931e-11	2.269380410e-11	2.175546317e-11	2.058524984e-11	1.879048065e-11	1.776570564e-11	2.051735350e-12	1.951737084e-12	1.980975462e-12	1.992655741e-12	1.743300606e-12	1.352877833e-12	1.490403708e-12	1.708636550e-12	1.868769418e-12	2.012549896e-12	1.204651314e-12	1.772312914e-12	1.965075210e-12	1.907276664e-12	1.568247122e-12	1.489348715e-12	1.569829611e-12	2.092503295e-12	1.763496187e-12	1.944879629e-12	2.334398123e-12	1.860480188e-12	1.952113867e-12	1.794844551e-12	1.997930707e-12	1.900117782e-12	2.144951519e-12	2.106896414e-12	2.227391688e-12	2.175018820e-12	1.863946593e-12	2.205538261e-12	1.922347992e-12	2.138922988e-12
2.018804497e-12	1.492287624e-12	1.802756998e-12	1.979694399e-12	2.215937478e-12	2.136210149e-12	2.382475662e-12	2.067710959e-12	2.084816917e-12	2.101772162e-12	2.473506488e-12	2.607264531e-12	2.239147325e-12	2.546753146e-12	2.931298101e-12	2.371021452e-12	2.399883046e-12	2.876890604e-12	2.328972444e-12	2.303501899e-12	2.616834825e-12	2.447885229e-12	2.544115663e-12	2.548410992e-12	2.379762822e-12	2.584582181e-12	2.534922153e-12	2.943656591e-12	2.617437678e-12	2.559262349e-12	1.968315545e-12	2.630022238e-12	2.014584525e-12	2.197022960e-12	2.440274208e-12	2.508999467e-12	2.398225200e-12	2.053016413e-12	2.066957393e-12	2.236057702e-12	2.282175968e-12	2.626706545e-12	2.495209201e-12	2.073588777e-12	2.518645118e-12	2.366047913e-12	2.249471185e-12	2.500634880e-12	2.577347943e-12	2.272228891e-12	1.892431405e-12	1.849704187e-12	2.021366623e-12	1.749253781e-12	1.696730200e-12	1.946009979e-12	2.303351185e-12	2.189713366e-12	2.404781228e-12	2.253239017e-12	2.367178263e-12	2.409980837e-12	2.664460224e-12	2.539820335e-12	2.575614741e-12	2.546677789e-12	2.456777313e-12	2.379310683e-12	2.551199188e-12	2.399958403e-12	3.009216871e-12	3.562560709e-12	3.610336822e-12	3.844922055e-12	4.079733358e-12	4.431573530e-12	6.530934279e-12	3.755933394e-11	3.249054463e-11	2.859453077e-11	2.652320269e-11	2.511878091e-11	2.339522375e-11	2.147905500e-11	2.068479597e-11	2.009038276e-11	1.868701597e-11	1.822040763e-11	1.710897249e-11	1.726789965e-11	1.808672495e-11	2.466611355e-11	9.266365391e-11	9.419964839e-11	7.225760217e-11	6.088198923e-11	5.434464964e-11	4.952483868e-11	4.609950242e-11	4.328108857e-11	4.119363417e-11	3.961935852e-11	3.758593483e-11	3.556178001e-11	3.460444921e-11	3.342202810e-11	3.195151855e-11	3.139244761e-11	3.033406354e-11	2.939941508e-11	2.868970621e-11	2.774895386e-11	2.724383828e-11	2.628582926e-11	2.560626304e-11	2.485066197e-11	2.376876663e-11	2.335136618e-11	2.255981999e-11	2.306591521e-11	2.168447721e-11	2.176149170e-11	2.131432537e-11	2.119767329e-11	2.113836761e-11	2.104944677e-11	2.042556911e-11	2.063536201e-11	2.027432833e-11	1.988707053e-11	1.971691523e-11	1.946326477e-11	1.909462006e-11	1.890110420e-11	1.923207058e-11	2.123565304e-11	2.383312120e-11	2.948479416e-11	4.341748410e-11	7.026585070e-11	1.060285315e-10	1.216033181e-10	1.150900926e-10	9.364720883e-11	8.049822799e-11	7.362193421e-11	6.628943131e-11	6.261127350e-11	5.870591542e-11	5.565886951e-11	5.270730048e-11	5.046559103e-11	4.792117394e-11	4.479575712e-11	4.330181165e-11	4.192090114e-11	3.990609055e-11	3.837966637e-11	3.814108723e-11	3.661737589e-11	3.633411026e-11	3.572801677e-11	3.397876299e-11	3.247366474e-11	3.181210876e-11	3.078884089e-11	3.022328927e-11	2.893536887e-11	2.990686672e-11	3.081325644e-11	3.136343530e-11	3.267803196e-11	3.610125823e-11	3.857687470e-11	4.091993884e-11	4.314243235e-11	3.829888404e-11	3.848727565e-11	3.818343766e-11	3.771389041e-11	3.490233402e-11	3.587096833e-11	3.664827211e-11	3.726845729e-11	3.772187822e-11	3.749467794e-11	3.754328297e-11	3.736476308e-11	3.741630703e-11	3.598543507e-11	3.632001857e-11	3.610073073e-11	3.576840793e-11	3.512968502e-11	3.398637401e-11	3.242272365e-11	3.094724055e-11	3.060625174e-11	2.909753637e-11	2.880002833e-11	2.865180182e-11	2.700232023e-11	2.692492896e-11	2.640722881e-11	2.670880610e-11	2.594182618e-11	2.630210629e-11	2.551056010e-11	2.486068440e-11	2.483370673e-11	2.406130112e-11	2.387208059e-11	2.331150251e-11	2.316779739e-11	2.191830888e-11	1.991472642e-11	1.745335235e-12	1.836742845e-12	1.948195321e-12	1.749103068e-12	1.332908322e-12	1.834406789e-12	2.247135129e-12	1.875250090e-12	2.083083714e-12	2.301994766e-12	2.040582567e-12	2.295061954e-12	1.664100773e-12	2.503347719e-12	2.431306767e-12	2.524824363e-12	2.629193315e-12	2.077658036e-12	2.118425981e-12	2.577498657e-12	2.296945871e-12	1.986853280e-12	1.964170930e-12	2.204558625e-12	2.266652500e-12	2.756470687e-12	2.901456870e-12	2.683450098e-12	2.510657313e-12	2.752928924e-12	2.537333565e-12	2.351805508e-12	2.261377535e-12	2.551651328e-12	2.876438464e-12
2.948554773e-12	3.273567979e-12	3.245007811e-12	2.999571221e-12	3.128657152e-12	2.672146602e-12	3.238150356e-12	2.876513821e-12	3.304539560e-12	3.659318640e-12	2.947876563e-12	2.917281765e-12	3.402879980e-12	3.631512039e-12	3.370928763e-12	3.236492510e-12	3.120217208e-12	3.437845463e-12	2.751497148e-12	3.134911754e-12	2.990603780e-12	2.921049597e-12	2.957296143e-12	2.672975525e-12	2.920069961e-12	3.067392200e-12	3.535733744e-12	3.208535195e-12	3.327221909e-12	3.017280032e-12	3.478764121e-12	3.212227671e-12	3.263545545e-12	3.041469515e-12	2.999721934e-12	3.155182691e-12	3.205294859e-12	3.329482609e-12	3.119991138e-12	3.287810385e-12	2.791737596e-12	2.819845624e-12	3.051793375e-12	2.894825485e-12	2.484734628e-12	2.982314549e-12	2.995275892e-12	3.013135417e-12	2.866114604e-12	3.523601324e-12	3.187661405e-12	2.936949849e-12	2.851269345e-12	3.315240203e-12	3.181858943e-12	3.426391253e-12	3.429330162e-12	3.677479592e-12	3.283439699e-12	3.792398474e-12	3.740100963e-12	3.618626052e-12	3.384266889e-12	3.573110639e-12	3.551332569e-12	3.455102135e-12	3.591346947e-12	4.261267514e-12	3.711766865e-12	4.006260630e-12	3.537090163e-12	3.771524683e-12	4.687560050e-12	4.537148188e-12	4.932845927e-12	5.422211974e-12	9.806687601e-12	3.751502423e-11	3.334056757e-11	3.015637257e-11	2.763991280e-11	2.625018557e-11	2.404185911e-11	2.224950133e-11	2.128516235e-11	2.016347870e-11	1.936356793e-11	1.838054050e-11	1.760188030e-11	1.781461211e-11	1.759065216e-11	1.987629453e-11	4.831061707e-11	1.153240750e-10	8.622442866e-11	7.017406631e-11	6.085915617e-11	5.600347545e-11	5.119722868e-11	4.733022713e-11	4.514058912e-11	4.189407418e-11	3.994082996e-11	3.818456801e-11	3.640185588e-11	3.521069341e-11	3.386113127e-11	3.245565450e-11	3.161874361e-11	3.063775082e-11	2.982638583e-11	2.918253866e-11	2.855579745e-11	2.790456533e-11	2.748965165e-11	2.652086663e-11	2.524108474e-11	2.453785654e-11	2.435406169e-11	2.387004596e-11	2.390832714e-11	2.391367746e-11	2.240059140e-11	2.176563632e-11	2.177935122e-11	2.181160387e-11	2.100634277e-11	2.079865986e-11	2.065028263e-11	2.025594131e-11	2.021328945e-11	2.035646707e-11	2.054840044e-11	2.071448649e-11	2.132939670e-11	2.392219276e-11	2.940416255e-11	4.266866512e-11	6.858102685e-11	9.706402979e-11	1.210109395e-10	1.234640244e-10	1.062391534e-10	8.993408554e-11	8.040930715e-11	7.160350650e-11	6.508251929e-11	6.235069023e-11	5.773780861e-11	5.506490845e-11	5.313185981e-11	5.054757905e-11	4.902266200e-11	4.661245510e-11	4.546206057e-11	4.347008304e-11	4.270287704e-11	4.032130566e-11	3.929675673e-11	3.822307526e-11	3.725270775e-11	3.634277627e-11	3.597269979e-11	3.536329061e-11	3.311570335e-11	3.181655480e-11	3.153743379e-11	3.111611479e-11	3.259981176e-11	3.176998439e-11	3.159176593e-11	3.321570161e-11	3.596991160e-11	3.921725547e-11	4.092250097e-11	4.106590466e-11	4.449719410e-11	4.527397038e-11	4.129431065e-11	4.046448328e-11	3.970775186e-11	3.639047703e-11	3.839059308e-11	3.902193104e-11	4.079884071e-11	3.962094101e-11	4.015348641e-11	4.037021212e-11	3.999990957e-11	4.061316194e-11	4.035649721e-11	3.949607505e-11	3.919389491e-11	3.834002877e-11	3.819089797e-11	3.601987305e-11	3.437446073e-11	3.342579594e-11	3.281691425e-11	3.148777376e-11	3.062961230e-11	2.992849408e-11	2.895790050e-11	2.855089927e-11	2.793862653e-11	2.832716539e-11	2.858684439e-11	2.842520439e-11	2.828782922e-11	2.838270324e-11	2.776440197e-11	2.776990301e-11	2.748279419e-11	2.685951939e-11	2.517612732e-11	2.753079638e-12	2.714873819e-12	2.634618993e-12	2.204332555e-12	2.661898098e-12	2.410056193e-12	2.291068052e-12	2.582924335e-12	2.731678351e-12	2.399958403e-12	2.789853680e-12	1.868091209e-12	2.580136139e-12	2.645922490e-12	2.469512586e-12	2.572751188e-12	2.376522487e-12	2.536353929e-12	2.455044110e-12	2.882316282e-12	1.745184522e-12	2.212772499e-12	1.841565670e-12	1.648728018e-12	1.707958340e-12	1.988586483e-12	2.106444274e-12	1.884820384e-12	2.377728193e-12	1.973816580e-12	2.185267324e-12	2.687067217e-12	2.618191245e-12	2.600557790e-12	1.990093616e-12	2.539669621e-12
3.607171843e-12	4.089152939e-12	3.438071533e-12	3.471303813e-12	3.683131340e-12	3.610562892e-12	3.693003060e-12	3.477709128e-12	3.029864592e-12	3.520210275e-12	3.364674162e-12	3.606192206e-12	3.609507899e-12	3.423829127e-12	3.433248708e-12	3.795563453e-12	3.769791481e-12	3.766701858e-12	3.565273548e-12	3.915681944e-12	3.574693129e-12	3.649446920e-12	3.043052004e-12	3.535432317e-12	3.505365016e-12	3.621791032e-12	3.731811732e-12	3.878606475e-12	3.056314774e-12	3.263093405e-12	3.233026104e-12	3.435207981e-12	3.790815984e-12	3.758035844e-12	3.061966522e-12	3.979132238e-12	3.674842109e-12	3.449902526e-12	3.809805859e-12	3.758337271e-12	4.002417441e-12	3.799481998e-12	4.143183652e-12	3.700840151e-12	4.146197918e-12	3.832111425e-12	4.104374981e-12	3.878907901e-12	3.382609043e-12	3.983879707e-12	3.982749357e-12	3.749294473e-12	3.504912876e-12	3.864137999e-12	3.616289996e-12	3.768887201e-12	3.944242112e-12	3.959162727e-12	4.126077694e-12	4.245744045e-12	4.270988521e-12	4.256896828e-12	4.574826510e-12	3.983502923e-12	3.672430696e-12	3.754870865e-12	4.360210788e-12	4.501655209e-12	4.362697557e-12	4.625014035e-12	4.899462933e-12	5.103980865e-12	5.392822882e-12	5.727632452e-12	6.084672233e-12	8.149670352e-12	4.415334173e-11	3.884665149e-11	3.481642745e-11	3.179929813e-11	2.920024747e-11	2.744134804e-11	2.571507804e-11	2.453928832e-11	2.317985446e-11	2.207489998e-11	2.141658434e-11	2.024245247e-11	1.994780799e-11	1.953183931e-11	1.907713732e-11	1.899296395e-11	2.287420791e-11	6.681255713e-11	1.268168675e-10	9.173269793e-11	7.601759728e-11	6.648505715e-11	5.960733160e-11	5.546557972e-11	5.260353438e-11	4.898016086e-11	4.747325404e-11	4.509002481e-11	4.314499447e-11	4.128082181e-11	4.037435674e-11	3.820272897e-11	3.775458300e-11	3.624873118e-11	3.499328949e-11	3.346671459e-11	3.269219900e-11	3.167902892e-11	3.045244883e-11	2.969179886e-11	2.922172411e-11	2.854728215e-11	2.827019577e-11	2.816092863e-11	2.720653674e-11	2.666246177e-11	2.621311010e-11	2.548313028e-11	2.502646902e-11	2.474810158e-11	2.404969620e-11	2.399641905e-11	2.399250051e-11	2.304067073e-11	2.296245054e-11	2.314873216e-11	2.364397603e-11	2.450613139e-11	2.582080341e-11	3.966012646e-11	6.061236316e-11	9.467982092e-11	1.262528984e-10	1.371986770e-10	1.265937365e-10	1.060121791e-10	9.267849917e-11	8.381030321e-11	7.686272205e-11	7.146454884e-11	6.669673397e-11	6.327041807e-11	6.107173726e-11	5.762484900e-11	5.579187399e-11	5.377284342e-11	5.263284811e-11	5.030440316e-11	4.866773221e-11	4.693061085e-11	4.704944828e-11	4.550305458e-11	4.481843947e-11	4.364506116e-11	4.300694110e-11	4.211034775e-11	4.119401096e-11	4.015348641e-11	3.832653993e-11	3.909487628e-11	3.895177401e-11	3.846594972e-11	3.760002653e-11	3.732030266e-11	3.765232404e-11	3.765066619e-11	3.978348529e-11	3.915086626e-11	4.001671410e-11	4.143778970e-11	3.980624300e-11	4.579332837e-11	4.554856999e-11	4.552581229e-11	4.523018817e-11	4.521986431e-11	4.397165686e-11	4.525415159e-11	4.333926390e-11	4.197779541e-11	4.246588040e-11	4.188126355e-11	4.064142068e-11	3.990714554e-11	3.899299409e-11	3.978544456e-11	3.896270072e-11	3.759829332e-11	3.787040616e-11	3.773762776e-11	3.661925980e-11	3.640856262e-11	3.587729828e-11	3.532169375e-11	3.488952339e-11	3.517309044e-11	3.455644702e-11	3.427920993e-11	3.318013328e-11	3.231549114e-11	3.267569590e-11	3.283379414e-11	3.224375162e-11	3.230848297e-11	3.226477612e-11	3.157646853e-11	3.074438047e-11	3.062049414e-11	3.031243618e-11	2.802001171e-11	3.942132126e-12	4.055167092e-12	3.664367535e-12	3.957203455e-12	4.330068130e-12	4.275509920e-12	4.381988858e-12	4.453803740e-12	4.545512776e-12	4.139114394e-12	4.104450337e-12	4.198118646e-12	4.161193890e-12	4.125625554e-12	4.086364743e-12	4.160289611e-12	4.437149921e-12	4.304371514e-12	4.377015319e-12	4.392990928e-12	4.484549250e-12	4.046576435e-12	4.028792267e-12	4.751989981e-12	4.310023263e-12	4.554480216e-12	4.240921220e-12	3.933692182e-12	4.460435124e-12	4.350640494e-12	4.211230702e-12	4.277017052e-12	4.375056047e-12	4.300829752e-12	4.160289611e-12
5.316185175e-12	5.508570688e-12	5.345348197e-12	4.890872276e-12	5.349794239e-12	5.364790211e-12	5.492745793e-12	5.682267753e-12	5.244219580e-12	5.469837373e-12	5.708265795e-12	5.925066860e-12	5.820245768e-12	5.190339580e-12	6.368540711e-12	6.527166447e-12	6.470196824e-12	6.414734334e-12	6.953232913e-12	6.878855905e-12	7.433179380e-12	6.608626979e-12	7.148708048e-12	7.009976466e-12	6.715784127e-12	6.891063682e-12	6.965516046e-12	7.062801474e-12	7.056697585e-12	6.792120408e-12	6.741103960e-12	6.946450815e-12	6.861297807e-12	6.725580491e-12	7.019245333e-12	7.201683769e-12	6.762053107e-12	6.847582898e-12	6.942080130e-12	7.082997054e-12	7.170033978e-12	6.760998114e-12	6.829421947e-12	6.382406334e-12	6.808774226e-12	6.583533217e-12	6.999878676e-12	7.018567124e-12	6.855872129e-12	6.880061612e-12	6.793326114e-12	6.605838784e-12	7.110426873e-12	7.074481754e-12	7.030398117e-12	7.656762543e-12	7.390226093e-12	7.486456527e-12	7.212158342e-12	7.419539827e-12	7.193846678e-12	7.537699045e-12	7.805215132e-12	7.615994598e-12	7.966327637e-12	8.138743639e-12	8.247332563e-12	8.887411899e-12	8.378679194e-12	9.139103090e-12	9.780388132e-12	1.031361175e-11	1.234168511e-11	1.492717157e-11	2.110008643e-11	6.130767892e-11	5.373328119e-11	4.884240891e-11	4.505649111e-11	4.034225481e-11	3.801614591e-11	3.463278331e-11	3.319015571e-11	3.176840190e-11	3.019947657e-11	2.801044142e-11	2.707466261e-11	2.642674618e-11	2.510001711e-11	2.422452361e-11	2.394103192e-11	2.358308786e-11	2.407041928e-11	3.201964096e-11	1.114847294e-10	1.413362089e-10	1.045596798e-10	8.784768614e-11	7.962303592e-11	7.153628837e-11	6.707766180e-11	6.306371480e-11	5.950213372e-11	5.626179802e-11	5.290782451e-11	5.061449575e-11	4.808869176e-11	4.659150595e-11	4.623401403e-11	4.481859018e-11	4.329133708e-11	4.115904547e-11	4.035499008e-11	4.042831209e-11	3.880595890e-11	3.752406703e-11	3.586501515e-11	3.498454812e-11	3.422088389e-11	3.390830453e-11	3.224488197e-11	3.235030591e-11	3.156215077e-11	3.117722903e-11	3.127481588e-11	3.041145481e-11	3.053202544e-11	2.991161419e-11	3.078077773e-11	3.101159513e-11	3.227630569e-11	3.394869569e-11	3.607819910e-11	4.550606885e-11	5.952677535e-11	8.956363228e-11	1.249651287e-10	1.508772644e-10	1.487730054e-10	1.291236098e-10	1.145313231e-10	1.036450762e-10	9.596593277e-11	8.874646483e-11	8.441933561e-11	7.948249578e-11	7.667900255e-11	7.338448542e-11	7.026102788e-11	6.799897214e-11	6.600578890e-11	6.349980370e-11	6.243840536e-11	6.144934941e-11	5.847253589e-11	5.818723564e-11	5.659381940e-11	5.618207070e-11	5.522617166e-11	5.421556371e-11	5.361263520e-11	5.314090261e-11	5.076988116e-11	5.147604827e-11	4.826924628e-11	4.874866525e-11	4.772803486e-11	4.821898339e-11	4.804814988e-11	4.705826500e-11	4.688140296e-11	4.698720369e-11	4.675050847e-11	4.555000177e-11	4.662157325e-11	4.797339609e-11	4.129295423e-11	4.278456364e-11	4.816834373e-11	4.354920751e-11	5.239622825e-11	5.666043467e-11	5.027712406e-11	5.390245685e-11	4.693739295e-11	5.261084397e-11	5.113166840e-11	5.053981732e-11	4.761334204e-11	4.650333868e-11	4.730211910e-11	4.662503966e-11	4.553907506e-11	4.303158272e-11	4.499062940e-11	4.774378440e-11	4.228457231e-11	4.452560355e-11	4.344159822e-11	4.179068486e-11	4.251712291e-11	3.958062520e-11	4.401016410e-11	4.049605772e-11	4.239037304e-11	3.853550391e-11	3.945236820e-11	3.925387879e-11	4.163552553e-11	4.094721795e-11	3.983932456e-11	4.164969258e-11	3.992651220e-11	4.035280474e-11	3.573751171e-11	5.322439777e-12	5.524998436e-12	5.377073344e-12	5.508947471e-12	5.342107861e-12	5.187852810e-12	5.221989370e-12	6.025441910e-12	5.889347811e-12	6.255128962e-12	5.390034687e-12	5.777669264e-12	5.359138463e-12	5.244897790e-12	4.920035297e-12	5.441955414e-12	4.808582820e-12	5.475865904e-12	5.320405147e-12	5.547304003e-12	5.419423778e-12	6.284593409e-12	5.773449292e-12	5.338566099e-12	5.123498236e-12	5.704121180e-12	5.535849793e-12	5.448888226e-12	5.555291807e-12	6.306974333e-12	5.661620032e-12	5.786410635e-12	5.336380756e-12	5.934335727e-12	5.984297182e-12	5.236307133e-12
4.811672443e-12	5.244370294e-12	4.737973645e-12	4.379577445e-12	4.307988633e-12	4.850104331e-12	5.143618460e-12	4.728780134e-12	5.077756753e-12	4.646942819e-12	4.919281731e-12	5.101569453e-12	5.357329903e-12	5.192072782e-12	4.581985391e-12	4.267898899e-12	4.667967322e-12	4.614840888e-12	4.831491240e-12	4.734808666e-12	4.697733197e-12	4.769472722e-12	4.977607773e-12	4.830888387e-12	4.444459516e-12	5.004736165e-12	4.383646704e-12	4.591555685e-12	4.326224941e-12	4.280106675e-12	4.573846874e-12	4.112212072e-12	4.535867125e-12	4.318011067e-12	4.627651518e-12	4.640311434e-12	4.635413252e-12	4.263829640e-12	4.797203967e-12	4.758018512e-12	4.724334092e-12	4.313866451e-12	4.153582869e-12	4.023366588e-12	4.432176383e-12	4.448151991e-12	4.277243122e-12	4.130975876e-12	4.320271766e-12	5.170972922e-12	4.897352947e-12	4.639331798e-12	4.879342709e-12	4.231803066e-12	4.511602286e-12	4.343029473e-12	4.020276966e-12	4.595323517e-12	4.819584890e-12	4.166920995e-12	4.708735267e-12	4.143409722e-12	4.458701922e-12	4.221479206e-12	5.030884921e-12	4.875348807e-12	4.764574540e-12	5.101117313e-12	4.800971799e-12	4.945581199e-12	5.388150771e-12	5.025836025e-12	5.853402692e-12	6.174949492e-12	1.467992642e-11	2.681935430e-11	2.474546410e-11	2.301602911e-11	2.178831867e-11	2.147656823e-11	1.639346115e-11	1.917547774e-11	1.909070152e-11	1.820119169e-11	1.981126175e-11	1.580703575e-11	2.006852933e-11	1.992105638e-11	1.814052959e-11	1.628148118e-11	1.748485143e-11	1.757339549e-11	1.849628831e-11	2.176849987e-11	5.829989382e-11	1.640270741e-10	1.319906286e-10	1.045660098e-10	9.085200483e-11	8.005814519e-11	7.390414484e-11	6.892585886e-11	6.584980064e-11	6.145161011e-11	5.807826993e-11	5.584507578e-11	5.170287177e-11	5.076340048e-11	4.849380907e-11	4.787038356e-11	4.614999137e-11	4.378771129e-11	4.293203660e-11	4.257838787e-11	4.052175433e-11	3.955153754e-11	3.842729177e-11	3.768088420e-11	3.678127659e-11	3.542063702e-11	3.430204299e-11	3.386535124e-11	3.287637064e-11	3.275979391e-11	3.162273751e-11	3.193403581e-11	3.079577370e-11	3.128679759e-11	3.042825934e-11	3.063654511e-11	2.976594980e-11	2.994296256e-11	3.313356287e-11	4.147840693e-11	6.164271456e-11	7.763339445e-11	9.075306155e-11	8.781151495e-11	7.595098201e-11	6.989841171e-11	6.391441595e-11	6.134746723e-11	5.833531145e-11	5.490937233e-11	5.235161712e-11	4.934383202e-11	4.636407960e-11	4.525573408e-11	4.446629787e-11	4.267386473e-11	4.156273102e-11	4.079401789e-11	3.781494367e-11	3.828027095e-11	3.720387665e-11	3.719958132e-11	3.674322148e-11	3.511808009e-11	3.799127822e-11	3.574444452e-11	3.530262852e-11	3.222317925e-11	3.134670612e-11	3.228557455e-11	3.178769321e-11	3.193961220e-11	3.012404457e-11	3.024401235e-11	2.975291310e-11	3.058982399e-11	2.995848602e-11	2.885647046e-11	2.941968602e-11	2.840749557e-11	3.033775601e-11	2.635154025e-11	2.943912803e-11	2.979533889e-11	3.331456953e-11	3.420272294e-11	4.137343513e-11	4.475905843e-11	4.224546221e-11	4.115459943e-11	4.248713097e-11	4.181366864e-11	3.994271388e-11	3.774282737e-11	3.771215721e-11	3.700606546e-11	3.652310472e-11	3.542417878e-11	3.529803176e-11	3.503368065e-11	3.446903332e-11	3.325790133e-11	3.332888729e-11	3.249348353e-11	3.268119693e-11	3.191979340e-11	3.229220594e-11	3.069343938e-11	3.177616364e-11	3.087776173e-11	3.092214679e-11	2.984025145e-11	3.018674130e-11	2.984741033e-11	2.911403947e-11	2.956000009e-11	3.022630354e-11	2.909911885e-11	2.873522162e-11	5.297421371e-12	4.844527940e-12	4.799313953e-12	4.830963744e-12	4.550335601e-12	5.077832110e-12	5.356425623e-12	4.831491240e-12	5.024328893e-12	4.631720777e-12	4.607003797e-12	4.765252750e-12	4.518082957e-12	4.732547966e-12	4.321628186e-12	4.249813304e-12	4.453125530e-12	4.828250904e-12	4.634282902e-12	4.442123460e-12	4.266919262e-12	4.804739631e-12	5.138343495e-12	5.267203357e-12	5.392370743e-12	5.423719107e-12	5.885579979e-12	5.355445987e-12	5.577522017e-12	5.601560787e-12	5.336908253e-12	5.316561959e-12	5.349116029e-12	5.416560225e-12	5.435926883e-12	5.206616615e-12	4.605270594e-12	4.681832945e-12
3.656831871e-12	3.241918188e-12	3.830152153e-12	3.274999755e-12	4.219972073e-12	4.081466561e-12	4.012364518e-12	4.026832994e-12	3.893376377e-12	4.232029136e-12	4.577916133e-12	4.567366202e-12	4.157049275e-12	3.870317244e-12	4.234365192e-12	4.136175485e-12	4.140244743e-12	4.252752213e-12	4.151472883e-12	4.102943204e-12	4.233385555e-12	3.798954502e-12	4.851837534e-12	4.633453979e-12	4.585301084e-12	4.302035458e-12	4.339336997e-12	4.488317083e-12	3.994731063e-12	4.114322058e-12	3.939645357e-12	4.102114281e-12	4.895469031e-12	4.195255094e-12	4.704816721e-12	4.499469866e-12	4.078979792e-12	3.966246252e-12	4.128564463e-12	3.876948629e-12	4.245970115e-12	4.316127151e-12	3.979282951e-12	4.421852523e-12	4.474225390e-12	4.485754957e-12	4.345742312e-12	4.498414873e-12	4.533832496e-12	4.166016716e-12	4.156144995e-12	4.064662029e-12	4.152000380e-12	4.052831036e-12	3.757885131e-12	4.283799150e-12	4.433457446e-12	4.239564800e-12	4.838122625e-12	4.555836636e-12	4.628706511e-12	4.925762402e-12	5.001345116e-12	5.355219917e-12	4.571586174e-12	4.374829977e-12	4.636845028e-12	4.648449952e-12	4.762238484e-12	4.401280159e-12	5.402016393e-12	6.808397443e-12	7.603183969e-12	2.107740408e-11	1.913621693e-11	1.803126246e-11	1.632812694e-11	1.461225616e-11	1.499303328e-11	1.342124439e-11	1.299073189e-11	1.213633825e-11	1.277604081e-11	1.147900225e-11	1.133190608e-11	1.084058076e-11	1.056432330e-11	1.009251535e-11	1.005242562e-11	1.000118310e-11	9.975109700e-12	9.472556241e-12	9.995531351e-12	1.081119167e-11	1.529837840e-11	5.128584810e-11	1.615996859e-10	1.291147177e-10	1.017303393e-10	8.653459661e-11	7.695510929e-11	6.657028552e-11	6.131883170e-11	5.410674871e-11	5.028526258e-11	4.556258633e-11	4.305976611e-11	4.024067405e-11	3.839586804e-11	3.615702215e-11	3.345066363e-11	3.193019262e-11	2.892225681e-11	2.903596999e-11	2.667173063e-11	2.367999650e-11	2.484516094e-11	2.283773529e-11	2.183677299e-11	2.162434261e-11	2.098546898e-11	2.065811972e-11	1.839824931e-11	1.909748362e-11	1.937939282e-11	1.803676349e-11	1.986913565e-11	2.086361728e-11	2.008096318e-11	2.005526656e-11	2.299477854e-11	3.085492866e-11	5.227829510e-11	7.941791514e-11	9.292212720e-11	9.039963889e-11	7.729858488e-11	6.550858576e-11	6.035547236e-11	5.355415844e-11	4.874587705e-11	4.562935232e-11	4.288998759e-11	4.188148962e-11	4.038279668e-11	3.793694608e-11	3.611203423e-11	3.572944855e-11	3.457732082e-11	3.367100646e-11	3.275090183e-11	3.102274791e-11	2.934628865e-11	3.015968826e-11	3.004748222e-11	2.976587444e-11	2.690345231e-11	2.693585567e-11	2.752695319e-11	2.499082533e-11	2.541214433e-11	2.457244524e-11	2.438164222e-11	2.296644444e-11	2.210459050e-11	2.299168892e-11	2.240337959e-11	2.219690239e-11	2.195432935e-11	2.250066502e-11	2.137920744e-11	2.157287402e-11	2.133783665e-11	2.041727988e-11	1.959544032e-11	2.158372538e-11	2.162780901e-11	2.140399978e-11	2.030854024e-11	2.076444794e-11	2.105879099e-11	2.863047588e-11	3.168279676e-11	3.035749946e-11	3.396557558e-11	3.105891910e-11	3.171942009e-11	3.351343571e-11	3.080398757e-11	3.405321535e-11	3.150796934e-11	3.367492500e-11	3.130217035e-11	3.124648179e-11	3.204661863e-11	3.176026339e-11	3.108808212e-11	3.114218819e-11	2.779356499e-11	2.747284712e-11	2.685906725e-11	2.506105772e-11	2.675032761e-11	2.425255629e-11	2.216042977e-11	2.240556494e-11	2.208582670e-11	2.124228442e-11	2.002158214e-11	2.018503070e-11	2.153873746e-11	1.955715914e-11	1.967931227e-11	1.724386088e-11	1.579716403e-11	7.479825142e-12	3.520436345e-12	3.824198978e-12	3.640178053e-12	3.507927142e-12	3.983502923e-12	3.741608096e-12	3.541611562e-12	3.602499731e-12	3.741231312e-12	4.159762114e-12	3.852231649e-12	3.934295035e-12	3.615084290e-12	3.420890218e-12	3.887875342e-12	3.442743645e-12	3.576878472e-12	3.352089602e-12	3.979433665e-12	4.593891741e-12	4.207086087e-12	4.338282004e-12	4.442500243e-12	4.301734032e-12	4.374905333e-12	4.304446871e-12	4.385229193e-12	4.537148188e-12	4.188020856e-12	4.098723232e-12	4.525618622e-12	4.154637862e-12	4.085535820e-12	3.910708405e-12	3.193916006e-12
3.915832657e-12	4.394724131e-12	4.142882226e-12	4.272118871e-12	4.401807655e-12	4.173778450e-12	4.815515632e-12	4.728101924e-12	4.244462982e-12	3.877702195e-12	4.514465838e-12	4.429840327e-12	4.141450450e-12	4.231727709e-12	4.657794175e-12	4.606702371e-12	4.715291295e-12	4.159234618e-12	4.641517140e-12	4.460510481e-12	4.528934314e-12	4.933524136e-12	4.430819963e-12	4.162248883e-12	4.654327770e-12	4.211532129e-12	4.593590315e-12	4.317558927e-12	4.230371290e-12	4.624561895e-12	4.265864269e-12	4.471663264e-12	4.402561222e-12	4.557795909e-12	4.331499906e-12	4.504820188e-12	4.186061583e-12	4.681682232e-12	5.159895495e-12	4.820564527e-12	4.473396467e-12	5.024404249e-12	4.998933703e-12	4.250114730e-12	4.567592272e-12	5.132917817e-12	5.309478434e-12	5.170972922e-12	5.082353509e-12	4.853872163e-12	5.515654212e-12	5.215584055e-12	5.219577958e-12	5.138494208e-12	5.342258574e-12	5.474434128e-12	5.645342997e-12	5.717685375e-12	6.438999173e-12	7.285028217e-12	6.919096353e-12	7.538226542e-12	7.575904864e-12	8.188102241e-12	8.834662248e-12	9.194716294e-12	8.731272932e-12	1.092505556e-11	1.279932601e-11	1.491737521e-11	2.482044396e-11	2.703849142e-11	2.424404098e-11	2.265492007e-11	2.047628413e-11	1.836494168e-11	1.680679235e-11	1.589610730e-11	1.441934315e-11	1.317241676e-11	1.250769580e-11	1.186791789e-11	1.103145914e-11	1.021821023e-11	9.821758930e-12	8.983793047e-12	9.678129166e-12	9.607218564e-12	8.856138891e-12	7.955777707e-12	8.236933346e-12	7.642821564e-12	7.582686962e-12	7.312533392e-12	7.989914267e-12	1.115105013e-11	3.221956213e-11	6.988160718e-11	5.097424837e-11	3.921265871e-11	3.323521898e-11	3.078959445e-11	2.816560075e-11	2.582155697e-11	2.399521335e-11	2.265394044e-11	2.114899290e-11	1.989520905e-11	1.998081420e-11	1.881082694e-11	1.798921345e-11	1.737972891e-11	1.720897076e-11	1.649330871e-11	1.601999362e-11	1.540628911e-11	1.540877588e-11	1.524653303e-11	1.427744659e-11	1.441783601e-11	1.412032798e-11	1.373578303e-11	1.374701117e-11	1.357338946e-11	1.325832333e-11	1.341544193e-11	1.364121044e-11	1.434677470e-11	1.478482287e-11	1.842153452e-11	5.172336877e-11	7.936403514e-11	1.015594304e-10	9.887447316e-11	8.897464475e-11	8.463108778e-11	6.791916945e-11	5.712011020e-11	5.276622937e-11	4.873856746e-11	4.503222627e-11	4.215096498e-11	4.001151450e-11	3.851108835e-11	3.703236493e-11	3.479495080e-11	3.370687622e-11	3.264231291e-11	3.054845319e-11	2.961621615e-11	2.889452557e-11	2.785347353e-11	2.680428297e-11	2.607701600e-11	2.580008033e-11	2.514960178e-11	2.471155361e-11	2.444132468e-11	2.403665950e-11	2.291829154e-11	2.239569322e-11	2.188002770e-11	2.130181617e-11	2.138448241e-11	2.062827848e-11	2.089850741e-11	2.013039714e-11	1.975715568e-11	1.966303523e-11	1.937713212e-11	1.829794962e-11	1.844866291e-11	1.886975584e-11	1.827971331e-11	1.861203611e-11	1.943915064e-11	1.940569229e-11	1.913998476e-11	1.876440725e-11	1.919823545e-11	1.761423879e-11	1.906138778e-11	1.973884401e-11	2.098727754e-11	2.070958830e-11	2.088283323e-11	2.066264111e-11	2.069677767e-11	2.038660973e-11	1.947509576e-11	1.965331422e-11	1.920780574e-11	1.852575276e-11	1.843193373e-11	1.812206721e-11	1.787678134e-11	1.735727263e-11	1.705863425e-11	1.636919631e-11	1.662668997e-11	1.643686658e-11	1.659760230e-11	1.582346350e-11	1.551502875e-11	1.456643932e-11	1.453787915e-11	1.387730280e-11	1.379983617e-11	1.379214980e-11	4.510170509e-12	4.336172018e-12	3.804681607e-12	4.206633947e-12	4.214772464e-12	4.606400944e-12	4.399622312e-12	4.523960775e-12	4.418235404e-12	4.387263823e-12	4.449809838e-12	4.736843295e-12	4.573470091e-12	4.636920385e-12	4.591631042e-12	4.680551882e-12	4.536846762e-12	4.654629196e-12	4.926968108e-12	4.522453642e-12	4.127509470e-12	4.074156966e-12	4.154110366e-12	4.561940524e-12	4.467518649e-12	3.827740740e-12	4.604818455e-12	4.387565249e-12	3.835502474e-12	3.718322893e-12	4.080863708e-12	3.984482560e-12	4.093071484e-12	4.127057331e-12	3.887573915e-12	3.911537328e-12	4.496304887e-12	4.077774085e-12	4.222308129e-12	3.810559425e-12	4.375206760e-12	4.269029248e-12
6.446459481e-12	5.792665236e-12	6.042020372e-12	6.318880683e-12	6.495893440e-12	5.880907867e-12	6.655197385e-12	6.662431623e-12	6.570421161e-12	6.673584407e-12	6.846603262e-12	6.712769862e-12	6.632439679e-12	6.600262392e-12	6.862503514e-12	6.456557271e-12	6.849617527e-12	6.453392292e-12	6.889707262e-12	6.675016183e-12	6.858283541e-12	6.863859933e-12	6.927008801e-12	6.894982227e-12	7.055039739e-12	6.974784913e-12	6.907416073e-12	7.291282819e-12	7.768893229e-12	7.193168468e-12	7.745306600e-12	7.457896359e-12	7.273347937e-12	7.334612889e-12	7.495951464e-12	7.793836279e-12	7.446517506e-12	7.395727128e-12	7.519538094e-12	7.534383353e-12	8.197672535e-12	8.266548507e-12	7.885319245e-12	8.104154939e-12	8.358785040e-12	8.512286524e-12	8.655313435e-12	8.092022520e-12	8.374911362e-12	8.236405850e-12	7.767386097e-12	7.601902906e-12	8.292019053e-12	8.436854523e-12	8.304377543e-12	7.857135860e-12	8.751920652e-12	8.388626271e-12	8.930515899e-12	8.683120036e-12	9.811359713e-12	9.724172075e-12	1.018942400e-11	1.075678417e-11	1.051632112e-11	1.206437266e-11	1.330346196e-11	1.514525370e-11	1.520365510e-11	2.127935989e-11	3.227351749e-11	2.881781250e-11	2.660579357e-11	2.373327365e-11	2.163572146e-11	2.012775965e-11	1.817624864e-11	1.687363369e-11	1.652149209e-11	1.438392552e-11	1.368416373e-11	1.310738397e-11	1.240558754e-11	1.173415985e-11	1.137493472e-11	1.110304795e-11	1.071028912e-11	1.013539328e-11	9.747909418e-12	9.754691516e-12	9.766673223e-12	8.977086305e-12	9.303380574e-12	9.002104711e-12	9.152139790e-12	9.602471095e-12	1.598691206e-11	5.280345555e-11	5.564289391e-11	4.205036386e-11	3.497987601e-11	3.094173952e-11	2.853906828e-11	2.615945617e-11	2.430598415e-11	2.365324489e-11	2.228891285e-11	2.183503978e-11	2.097137729e-11	2.030514919e-11	1.961307377e-11	1.806238475e-11	1.764144254e-11	1.707506200e-11	1.714303369e-11	1.675502233e-11	1.620408991e-11	1.643422910e-11	1.549279854e-11	1.538081857e-11	1.509762830e-11	1.450389330e-11	1.519544122e-11	1.487984760e-11	1.420834454e-11	1.483817537e-11	1.552633225e-11	1.621757875e-11	1.879115886e-11	3.942448624e-11	6.822496671e-11	9.813921839e-11	1.100629755e-10	9.843619892e-11	8.142601899e-11	7.061294341e-11	6.280637186e-11	5.802996632e-11	5.374895537e-11	5.005987085e-11	4.694455183e-11	4.471075482e-11	4.207214193e-11	4.048045889e-11	3.901665608e-11	3.756197142e-11	3.571663792e-11	3.518032468e-11	3.343400981e-11	3.255165886e-11	3.115198455e-11	2.987499086e-11	2.975374202e-11	2.870357183e-11	2.745174726e-11	2.778497434e-11	2.648559972e-11	2.614883088e-11	2.608500380e-11	2.524364687e-11	2.467101173e-11	2.414396736e-11	2.398481413e-11	2.423514890e-11	2.363817357e-11	2.307902727e-11	2.261407677e-11	2.198047811e-11	2.143029925e-11	2.188620695e-11	2.134273483e-11	2.097928973e-11	2.109428397e-11	2.020597985e-11	1.970252211e-11	2.073618920e-11	1.868189172e-11	1.836456489e-11	1.842650806e-11	1.767497624e-11	1.811430548e-11	1.821603695e-11	1.797399141e-11	1.872748249e-11	2.005353336e-11	1.966665235e-11	2.054176906e-11	2.087883933e-11	2.101199452e-11	2.038095798e-11	2.055118864e-11	2.035812492e-11	1.963108401e-11	2.008043568e-11	1.898829184e-11	1.871715863e-11	1.880442163e-11	1.824926923e-11	1.821829765e-11	1.805673300e-11	1.773360371e-11	1.765975420e-11	1.695268281e-11	1.679692063e-11	1.653528236e-11	1.619904101e-11	1.593597097e-11	1.552143407e-11	1.554856246e-11	1.523862058e-11	1.497735910e-11	1.429440183e-11	1.327663499e-11	1.343978213e-11	1.216934447e-11	6.918418143e-12	6.306672906e-12	6.264699255e-12	6.230035199e-12	6.027627253e-12	5.795830215e-12	5.599149374e-12	5.959429490e-12	6.829949443e-12	6.844267206e-12	7.140946314e-12	6.461455453e-12	6.703802421e-12	6.996487627e-12	7.013141445e-12	5.907885545e-12	6.984355207e-12	7.413435939e-12	7.179528915e-12	6.899503626e-12	6.464771146e-12	6.375473522e-12	6.551958783e-12	6.945546535e-12	7.307032357e-12	6.986013053e-12	6.531612489e-12	6.761751680e-12	6.987595543e-12	6.671097637e-12	6.685415400e-12	6.668912295e-12	6.652107763e-12	6.761827037e-12	6.552787706e-12	5.458609233e-12
1.068067396e-11	1.074721388e-11	1.127802608e-11	1.100425539e-11	1.085557673e-11	1.089739967e-11	1.081051346e-11	1.087012056e-11	1.077773332e-11	1.095173181e-11	1.029989684e-11	1.066047838e-11	1.109830048e-11	1.077049908e-11	1.109046339e-11	1.030419217e-11	1.082294730e-11	1.046447575e-11	1.058911564e-11	1.037781561e-11	9.844818063e-12	9.882044245e-12	9.863355797e-12	1.002544794e-11	1.024337935e-11	1.017812050e-11	1.046756537e-11	1.052280179e-11	1.102332062e-11	1.102550596e-11	1.121962468e-11	1.081646663e-11	1.131246406e-11	1.135323201e-11	1.182963671e-11	1.183234955e-11	1.242570777e-11	1.266865759e-11	1.236647745e-11	1.256474078e-11	1.236926564e-11	1.317821922e-11	1.292502089e-11	1.271093267e-11	1.351317950e-11	1.438972799e-11	1.368356087e-11	1.407375758e-11	1.337429721e-11	1.313255309e-11	1.310384221e-11	1.367150381e-11	1.424587215e-11	1.464006276e-11	1.467615859e-11	1.528006674e-11	1.570296822e-11	1.629670322e-11	1.711891957e-11	1.827006766e-11	1.974464648e-11	2.038035513e-11	2.217964572e-11	2.496377229e-11	2.847373406e-11	3.281065965e-11	3.725685237e-11	4.615330706e-11	4.101443607e-11	3.642514109e-11	3.382126760e-11	3.033338533e-11	2.789898894e-11	2.603602198e-11	2.445345710e-11	2.297134262e-11	2.174634501e-11	1.920637397e-11	1.850314576e-11	1.689405534e-11	1.644862222e-11	1.531231938e-11	1.476560693e-11	1.404866381e-11	1.364309435e-11	1.316390145e-11	1.244236159e-11	1.255102587e-11	1.171238177e-11	1.185337406e-11	1.105828610e-11	1.104366691e-11	1.084231396e-11	1.099679508e-11	9.969156526e-12	1.132271257e-11	1.256994039e-11	2.793802368e-11	7.153500731e-11	5.702305084e-11	4.436758067e-11	3.936322129e-11	3.502049324e-11	3.133336800e-11	2.968833246e-11	2.761270905e-11	2.651830451e-11	2.484071489e-11	2.405278582e-11	2.296968478e-11	2.254060404e-11	2.154996560e-11	2.117333309e-11	2.001291613e-11	1.927517458e-11	1.879552954e-11	1.893079472e-11	1.812236864e-11	1.768846508e-11	1.761039560e-11	1.699902715e-11	1.714197870e-11	1.670913014e-11	1.681666407e-11	1.686918765e-11	1.695833456e-11	1.852499919e-11	2.073008531e-11	2.736109321e-11	3.600103389e-11	4.884896494e-11	5.902271475e-11	7.418273835e-11	8.196165402e-11	8.658222201e-11	7.091082822e-11	6.460958099e-11	6.077988098e-11	5.738393381e-11	5.402280141e-11	5.040711427e-11	4.812848006e-11	4.606144731e-11	4.438868053e-11	4.308651772e-11	4.089348866e-11	3.860144097e-11	3.874695465e-11	3.726604588e-11	3.536411954e-11	3.459005609e-11	3.346535817e-11	3.277818094e-11	3.184745102e-11	3.068462265e-11	2.994838823e-11	2.949526873e-11	2.838270324e-11	2.829393311e-11	2.797095454e-11	2.841683980e-11	2.758957456e-11	2.736772460e-11	2.723004801e-11	2.702756471e-11	2.639298641e-11	2.624272526e-11	2.592291166e-11	2.497153403e-11	2.510612099e-11	2.440108423e-11	2.399792619e-11	2.472481637e-11	2.365512881e-11	2.327480383e-11	2.410191835e-11	2.277262715e-11	9.702017222e-12	9.525305891e-12	9.833439209e-12	9.769461419e-12	9.537287598e-12	9.813620412e-12	9.209486196e-12	9.677677026e-12	9.844893419e-12	9.449873891e-12	9.570821305e-12	9.878201056e-12	1.002213225e-11	1.018490260e-11	1.055053304e-11	1.010103065e-11	9.974657561e-12	1.024420828e-11	1.016591272e-11	1.008098579e-11	1.010675776e-11	9.945946679e-12	9.914221532e-12	9.934341756e-12	1.022717768e-11	1.016237096e-11	1.029560151e-11	9.803974762e-12	9.712039656e-12	9.499609276e-12	8.988163732e-12	9.370598701e-12	9.602772522e-12	9.340757470e-12	9.324329721e-12	9.158394391e-12	9.189516685e-12	9.167286475e-12	9.360124127e-12	8.496612342e-12	8.915595284e-12	8.434141684e-12	8.831647982e-12	9.194867007e-12	8.950485410e-12	8.693594610e-12	9.045962278e-12	8.869401661e-12	8.683195393e-12	9.024560991e-12	9.041893019e-12	8.735568261e-12	8.840163283e-12	8.661266610e-12	8.768197688e-12	8.846342528e-12	9.634045529e-12	8.956740011e-12	9.160730447e-12	8.539264203e-12	9.138048097e-12	9.017552823e-12	9.211596182e-12	9.139404517e-12	9.047921551e-12	9.372859400e-12	8.828633716e-12	8.360518243e-12	8.995247256e-12	8.942572962e-12	9.094039817e-12	8.384406299e-12	8.314023193e-12	8.851466779e-12
1.557335479e-11	1.577124134e-11	1.612443793e-11	1.650958574e-11	1.650416006e-11	1.686632410e-11	1.704002116e-11	1.701470133e-11	1.552859295e-11	1.690468063e-11	1.606867402e-11	1.708689299e-11	1.664417271e-11	1.687868259e-11	1.680385344e-11	1.630016963e-11	1.646429640e-11	1.421904519e-11	1.702834088e-11	1.674040314e-11	1.662864924e-11	1.417315299e-11	1.525580190e-11	1.760655241e-11	1.815861519e-11	1.858053704e-11	1.841279315e-11	1.856350644e-11	1.847059169e-11	1.870871869e-11	1.839779717e-11	1.875242554e-11	1.969980927e-11	1.942845000e-11	2.004140094e-11	1.946635439e-11	1.985527003e-11	2.049030047e-11	2.051795636e-11	2.103625936e-11	2.092450545e-11	2.136790395e-11	2.144024633e-11	2.229132426e-11	2.221031587e-11	2.298920215e-11	2.428284966e-11	2.368527147e-11	2.514523109e-11	2.575825739e-11	2.622057040e-11	2.699455850e-11	2.636276839e-11	2.760080270e-11	2.783237367e-11	2.908487645e-11	2.930514392e-11	3.022140536e-11	3.136562064e-11	3.468319690e-11	3.687260884e-11	4.002229050e-11	4.350210961e-11	4.619897319e-11	5.372672516e-11	5.896031945e-11	5.038646655e-11	4.356194278e-11	3.916857507e-11	3.595318242e-11	3.301593115e-11	3.124098075e-11	2.878895091e-11	2.642320442e-11	2.458518051e-11	2.296403303e-11	2.198733556e-11	2.049180760e-11	1.937954353e-11	1.805070447e-11	1.728839666e-11	1.623144437e-11	1.559528358e-11	1.459409520e-11	1.407722398e-11	1.342463544e-11	1.277370475e-11	1.301868920e-11	1.280625882e-11	1.181479145e-11	1.182195034e-11	1.158314513e-11	1.108142059e-11	1.057223575e-11	1.067110367e-11	1.050818260e-11	1.080282708e-11	1.482619367e-11	4.622888978e-11	7.441039078e-11	5.706751126e-11	4.591337151e-11	4.056809867e-11	3.642732643e-11	3.402631303e-11	3.252656510e-11	3.018591238e-11	2.878269631e-11	2.750434619e-11	2.615357835e-11	2.496746477e-11	2.446061598e-11	2.298294754e-11	2.287835252e-11	2.249945932e-11	2.145154982e-11	2.107634909e-11	2.075352123e-11	2.071667183e-11	1.972316983e-11	1.988028844e-11	1.982716200e-11	1.975873817e-11	2.036362595e-11	2.104025326e-11	2.325114184e-11	2.897960322e-11	3.570262158e-11	5.087402404e-11	6.762490175e-11	8.699939639e-11	9.819927763e-11	1.053746619e-10	1.028761370e-10	7.654238095e-11	7.076026565e-11	6.633065139e-11	6.245724452e-11	5.944395839e-11	5.692131937e-11	5.402988494e-11	5.234347860e-11	5.034795930e-11	4.762683088e-11	4.609000748e-11	4.476478554e-11	4.346036203e-11	4.183190495e-11	4.106462360e-11	4.036787607e-11	3.922886039e-11	3.843731420e-11	3.729829852e-11	3.605498925e-11	3.599824570e-11	3.493782700e-11	3.457897866e-11	3.374312276e-11	3.289845014e-11	3.306611867e-11	3.235927335e-11	3.203486300e-11	3.102018578e-11	3.079509549e-11	2.983716183e-11	2.990709279e-11	2.953972915e-11	2.900673161e-11	2.933287516e-11	2.849521071e-11	2.780305993e-11	2.740419721e-11	2.817019750e-11	2.656969774e-11	2.646223916e-11	2.604423586e-11	2.533204021e-11	1.567388056e-11	1.512053672e-11	1.513545734e-11	1.479288603e-11	1.485445241e-11	1.503447943e-11	1.470818516e-11	1.466952720e-11	1.519709907e-11	1.449100731e-11	1.480283311e-11	1.499356077e-11	1.492038947e-11	1.517848598e-11	1.492129375e-11	1.529732341e-11	1.579098478e-11	1.527343535e-11	1.533326853e-11	1.556167452e-11	1.517441672e-11	1.561864414e-11	1.560349745e-11	1.548820179e-11	1.527614819e-11	1.557855440e-11	1.591698109e-11	1.603348246e-11	1.616874764e-11	1.568827368e-11	1.515196044e-11	1.604877986e-11	1.506733493e-11	1.536288369e-11	1.572595200e-11	1.481700016e-11	1.495045677e-11	1.518481594e-11	1.525150657e-11	1.539001208e-11	1.516544928e-11	1.558089046e-11	1.524901980e-11	1.522671423e-11	1.506017605e-11	1.436855277e-11	1.504050796e-11	1.438769336e-11	1.412944614e-11	1.390104015e-11	1.397119718e-11	1.385296261e-11	1.373540624e-11	1.337309150e-11	1.350707561e-11	1.332908322e-11	1.335312199e-11	1.308854481e-11	1.361174599e-11	1.320090157e-11	1.314016411e-11	1.370300289e-11	1.331981435e-11	1.388838023e-11	1.350692490e-11	1.318213776e-11	1.347452154e-11	1.381377715e-11	1.341009161e-11	1.333473497e-11	1.336736439e-11	1.313662235e-11	1.295802710e-11	1.252645960e-11
3.040964625e-11	3.127556945e-11	3.101008799e-11	3.203561656e-11	3.183682574e-11	3.217924633e-11	3.214224622e-11	3.348532768e-11	3.278918301e-11	2.932172238e-11	3.328955112e-11	3.379067281e-11	3.371320618e-11	3.403294442e-11	3.414221155e-11	3.366354615e-11	3.490045011e-11	3.661541661e-11	3.654789706e-11	3.709604129e-11	3.797937187e-11	3.803212152e-11	4.017767590e-11	3.873075297e-11	4.184170131e-11	4.372086995e-11	4.562046023e-11	4.688336223e-11	4.635609179e-11	4.857542032e-11	5.077515612e-11	5.270451228e-11	5.357284689e-11	5.437856013e-11	5.302590837e-11	5.596263215e-11	5.721521029e-11	5.035044607e-11	6.075576686e-11	6.308353359e-11	6.261428777e-11	6.548040237e-11	6.626607075e-11	6.839044990e-11	7.064519605e-11	7.045951728e-11	7.253672318e-11	7.274523501e-11	7.502055352e-11	7.815847954e-11	8.321234824e-11	8.240331931e-11	8.150951415e-11	8.607477037e-11	9.213434884e-11	9.420010053e-11	9.874274975e-11	1.032438775e-10	1.037823760e-10	9.520513209e-11	9.056489601e-11	7.271516771e-11	6.226907898e-11	5.652795769e-11	5.282470613e-11	4.853563201e-11	4.625812816e-11	4.361702849e-11	4.174034663e-11	3.855939196e-11	3.589576066e-11	3.362835460e-11	3.173117572e-11	2.970340378e-11	2.747036035e-11	2.605094260e-11	2.424419170e-11	2.345407728e-11	2.203066563e-11	2.045194394e-11	1.908934510e-11	1.820571309e-11	1.779403974e-11	1.627839156e-11	1.530071446e-11	1.479205711e-11	1.451195646e-11	1.349230571e-11	1.309954688e-11	1.265855980e-11	1.182142284e-11	1.174448371e-11	1.180838614e-11	1.111299503e-11	1.151615307e-11	1.123725813e-11	1.122384465e-11	1.223761758e-11	1.547885756e-11	4.713399843e-11	8.530259084e-11	6.465389070e-11	5.125457509e-11	4.550418493e-11	4.078173476e-11	3.744916252e-11	3.459909889e-11	3.275632751e-11	3.141384889e-11	3.025840547e-11	2.928622940e-11	2.809536835e-11	2.715936348e-11	2.537544564e-11	2.475503439e-11	2.393387304e-11	2.359823454e-11	2.298347504e-11	2.295596987e-11	2.211679828e-11	2.200210546e-11	2.235809025e-11	2.322793200e-11	2.513626365e-11	2.897018364e-11	3.811192421e-11	4.852236924e-11	6.723236899e-11	8.978465332e-11	1.159079383e-10	1.230841515e-10	1.232963558e-10	1.190255180e-10	1.104265714e-10	1.033034846e-10	9.300599914e-11	8.690610487e-11	8.038127448e-11	7.586786363e-11	7.199091500e-11	6.856083127e-11	6.498960455e-11	6.263606584e-11	6.015502369e-11	5.789658506e-11	5.609458163e-11	5.403342670e-11	5.150747199e-11	5.010772232e-11	4.787241819e-11	4.730091340e-11	4.371702676e-11	3.953299980e-11	3.918726352e-11	3.735971419e-11	3.755669646e-11	3.684992649e-11	3.612122774e-11	3.558114667e-11	3.470165928e-11	3.401523561e-11	3.388403969e-11	3.373234676e-11	3.328163868e-11	3.243545892e-11	3.241383156e-11	3.207269203e-11	3.118627183e-11	3.031763579e-11	3.032539753e-11	3.032321218e-11	2.983799075e-11	2.869181619e-11	2.870221541e-11	2.818948880e-11	2.694384348e-11	2.670021544e-11	2.829777630e-11	2.843582967e-11	2.892738106e-11	2.870764109e-11	2.896762151e-11	2.875986324e-11	2.857199913e-11	2.340969222e-11	2.358904103e-11	2.939790795e-11	2.998953296e-11	2.921064669e-11	2.996074672e-11	3.023783310e-11	2.968539355e-11	2.978026756e-11	3.022652961e-11	2.941953531e-11	2.955502655e-11	3.000633749e-11	2.939745581e-11	3.024077201e-11	2.973219002e-11	2.987431265e-11	3.001839456e-11	3.067467557e-11	3.071936206e-11	3.061325991e-11	3.041446908e-11	3.042916362e-11	3.022871495e-11	3.096314080e-11	2.653292369e-11	3.093864990e-11	3.166222439e-11	3.058839221e-11	3.063172228e-11	3.069057582e-11	2.996067137e-11	2.992427411e-11	3.000663892e-11	2.861502777e-11	2.911079913e-11	2.875790397e-11	2.814216483e-11	2.879731549e-11	2.825000019e-11	2.843560360e-11	2.805007901e-11	2.763561747e-11	2.734300762e-11	2.755257445e-11	2.704489674e-11	2.732951878e-11	2.686788398e-11	2.636608408e-11	2.685552549e-11	2.702085797e-11	2.709357713e-11	2.655975066e-11	2.705680308e-11	2.610663116e-11	2.535668184e-11	2.553904491e-11	2.543550489e-11	2.525879356e-11	2.586255099e-11	2.553896956e-11	2.278799991e-11	2.428857676e-11	2.395459611e-11	2.410161693e-11	2.385399499e-11	2.384246543e-11
7.743784396e-11	7.748667506e-11	7.286610707e-11	7.356601958e-11	7.484150614e-11	7.754635752e-11	7.927338109e-11	8.019582178e-11	6.800123283e-11	8.724596333e-11	8.834308072e-11	9.215914118e-11	9.310592205e-11	9.528305086e-11	9.669289831e-11	9.586178989e-11	9.961568111e-11	9.946805745e-11	1.002236585e-10	1.030412434e-10	1.110520315e-10	1.129810109e-10	1.154784808e-10	1.155613731e-10	1.177969033e-10	1.156389151e-10	1.163462125e-10	1.195132262e-10	1.194856457e-10	1.183004364e-10	1.234506109e-10	1.295650490e-10	1.290467460e-10	1.301454459e-10	1.333414719e-10	1.365452596e-10	1.394124292e-10	1.376673200e-10	1.389345927e-10	1.414890322e-10	1.002843960e-10	1.086477024e-10	1.178056447e-10	1.502282176e-10	1.549535313e-10	1.557489961e-10	1.512755996e-10	1.549002542e-10	1.517129696e-10	1.399934289e-10	1.404066847e-10	1.358924450e-10	1.290513427e-10	1.220437777e-10	1.138666022e-10	1.012549142e-10	9.460378607e-11	8.498684650e-11	7.741945693e-11	7.172641318e-11	7.009042044e-11	6.393385797e-11	6.041643589e-11	5.755529482e-11	5.381368673e-11	5.192818813e-11	4.871957758e-11	4.576702891e-11	4.429252545e-11	4.089665364e-11	3.832005926e-11	3.586132267e-11	3.375653625e-11	3.106223479e-11	2.963708994e-11	2.771753014e-11	2.635621236e-11	2.387411522e-11	2.261829674e-11	2.083709175e-11	2.056904816e-11	1.916304390e-11	1.785455113e-11	1.717287492e-11	1.677401221e-11	1.615495737e-11	1.556122238e-11	1.501661991e-11	1.455272441e-11	1.387677531e-11	1.367617592e-11	1.278410397e-11	1.298055874e-11	1.249895443e-11	1.241259571e-11	1.243105809e-11	1.199323599e-11	1.289028148e-11	1.398792636e-11	2.227745864e-11	7.377777175e-11	8.466047687e-11	6.399007402e-11	5.238349298e-11	4.650070119e-11	4.257718216e-11	3.942260232e-11	3.662114372e-11	5.043823656e-11	5.016039662e-11	4.903682905e-11	4.791778289e-11	4.716308610e-11	4.654561375e-11	4.688479401e-11	4.467066509e-11	4.396231264e-11	4.659919233e-11	4.569966007e-11	4.539868563e-11	4.633197767e-11	4.522853033e-11	4.384648947e-11	4.302080672e-11	4.334958776e-11	4.274485069e-11	4.314876230e-11	4.457850391e-11	4.662179932e-11	4.731606008e-11	4.791635111e-11	4.838446658e-11	4.899274542e-11	4.782803312e-11	4.848612270e-11	4.753308722e-11	4.789811480e-11	4.793790311e-11	4.806020694e-11	4.629490220e-11	4.833179229e-11	4.789856694e-11	4.932672606e-11	5.190784184e-11	5.139549201e-11	5.206111725e-11	5.162465157e-11	5.053906375e-11	5.063710275e-11	5.058201704e-11	5.004479952e-11	5.119067266e-11	5.193790914e-11	5.049445262e-11	3.897355208e-11	5.108931797e-11	5.185479076e-11	5.152020726e-11	5.092692440e-11	4.919982547e-11	4.826593058e-11	4.896735023e-11	4.856012292e-11	5.005022520e-11	4.846170714e-11	4.812320510e-11	4.857504354e-11	4.904752970e-11	4.899470469e-11	4.719963407e-11	4.397429434e-11	4.756466165e-11	4.668366713e-11	4.668118036e-11	4.573733839e-11	4.465114772e-11	4.509107981e-11	4.658366886e-11	4.537487293e-11	4.555030320e-11	4.503501446e-11	4.490336641e-11	4.555972278e-11	4.646588642e-11	4.696768632e-11	4.588933274e-11	4.690988777e-11	4.678502181e-11	4.741741477e-11	4.825884706e-11	4.714831619e-11	4.745968985e-11	4.628691439e-11	4.627719339e-11	4.616687126e-11	4.505890252e-11	4.417715443e-11	4.423954973e-11	4.416577557e-11	4.389976662e-11	4.312110642e-11	4.381649753e-11	4.337468152e-11	4.216746808e-11	4.335644522e-11	4.253385209e-11	4.270084241e-11	4.275607883e-11	4.343127436e-11	4.492597340e-11	4.414482643e-11	4.476862873e-11	4.479259214e-11	4.508761340e-11	4.682722153e-11	4.731794400e-11	4.725479513e-11	4.868574245e-11	5.076995651e-11	4.981292713e-11	5.168561509e-11	5.237949907e-11	5.275379553e-11	5.171636061e-11	5.262395603e-11	5.244212045e-11	5.479859806e-11	5.452460131e-11	5.366289808e-11	5.260850792e-11	5.157755367e-11	5.118185593e-11	5.213715211e-11	5.176451350e-11	5.269780554e-11	4.891460058e-11	4.903720584e-11	4.913162771e-11	4.921663001e-11	4.883992214e-11	4.806322121e-11	4.633770477e-11	4.720415547e-11	4.787588459e-11	4.815206669e-11	4.838755621e-11	4.893916684e-11	4.743331502e-11	4.160229325e-11	4.877428650e-11	4.715057689e-11
1.717009426e-10	1.710943217e-10	1.720768216e-10	1.479345874e-10	1.463942976e-10	1.477648089e-10	1.431985730e-10	1.826194422e-10	1.768462943e-10	1.810780220e-10	1.824502665e-10	1.851467533e-10	1.872363177e-10	1.883491092e-10	1.913355684e-10	1.954436359e-10	1.916061741e-10	1.977860218e-10	2.026725234e-10	2.065535413e-10	2.114365011e-10	2.051511541e-10	2.087363972e-10	2.141366804e-10	1.923211580e-10	2.186709650e-10	2.166292521e-10	2.245909830e-10	2.202008556e-10	2.196987543e-10	2.152991320e-10	2.081953365e-10	2.069612207e-10	2.045174801e-10	1.993716009e-10	1.959817577e-10	1.888629662e-10	1.820622551e-10	1.774922515e-10	1.870648060e-10	1.849508260e-10	1.817287266e-10	1.768688259e-10	1.615325431e-10	1.533937995e-10	1.475767187e-10	1.405132390e-10	1.297638398e-10	1.233808306e-10	1.156328112e-10	1.111429870e-10	1.047748984e-10	9.985659631e-11	9.394584721e-11	9.031290339e-11	8.902219479e-11	8.301611954e-11	8.154824747e-11	7.686181777e-11	7.300295473e-11	7.057036690e-11	6.680449397e-11	6.355451262e-11	6.222620105e-11	5.938849590e-11	5.616179976e-11	5.398828807e-11	4.964864965e-11	4.718689880e-11	4.446079684e-11	4.220386534e-11	4.017172272e-11	3.748593657e-11	3.506864613e-11	3.265263677e-11	3.054634321e-11	2.894478845e-11	2.751693075e-11	2.534952295e-11	2.435202706e-11	2.337080819e-11	2.195809718e-11	2.121688923e-11	1.993966947e-11	1.932393033e-11	1.826848517e-11	1.711093176e-11	1.684198390e-11	1.634515754e-11	1.615036062e-11	1.521345146e-11	1.455588939e-11	1.451391573e-11	1.405371271e-11	1.395507086e-11	1.394339058e-11	1.393939668e-11	1.421723663e-11	1.460343943e-11	1.723014597e-11	3.347063314e-11	9.407425493e-11	8.914713611e-11	6.763447205e-11	5.727444061e-11	5.113505945e-11	4.723505169e-11	4.327091542e-11	4.077404838e-11	3.883783476e-11	3.686695709e-11	3.517361794e-11	3.433075388e-11	3.298526099e-11	3.195272426e-11	3.052584620e-11	2.978591931e-11	3.033624888e-11	3.049803960e-11	3.184880744e-11	3.356053362e-11	3.952267594e-11	5.468963236e-11	7.917767816e-11	1.085557673e-10	1.306005246e-10	1.562266818e-10	1.589165372e-10	1.501243008e-10	1.366496285e-10	1.239644678e-10	1.132684211e-10	1.053688595e-10	9.901056726e-11	9.403981694e-11	9.012835497e-11	7.318139927e-11	6.995945059e-11	6.812285846e-11	6.516360304e-11	6.331035709e-11	6.141732283e-11	5.975028315e-11	5.771294092e-11	5.666081146e-11	5.493122576e-11	5.330631044e-11	5.282809718e-11	5.207716822e-11	5.079655741e-11	4.955061065e-11	4.844241584e-11	4.772170490e-11	4.714273980e-11	4.518700882e-11	4.483840898e-11	4.456637149e-11	4.388469529e-11	4.353549260e-11	4.290739497e-11	4.228607944e-11	4.111624290e-11	4.080810958e-11	4.021068211e-11	3.917701502e-11	3.851425333e-11	3.870490564e-11	3.885026861e-11	3.903059706e-11	3.836474575e-11	3.793242468e-11	3.756935637e-11	3.672701980e-11	3.642491502e-11	3.587722293e-11	3.441937329e-11	3.420942968e-11	5.848285975e-11	1.664369796e-10	1.640447076e-10	1.667342616e-10	1.700552289e-10	1.695801052e-10	1.718572323e-10	1.742445308e-10	1.734181698e-10	1.712582224e-10	1.722291927e-10	1.788252351e-10	1.794223612e-10	1.745041344e-10	1.776189260e-10	1.787639702e-10	1.815052188e-10	1.806193261e-10	1.756686960e-10	1.764112604e-10	1.679319801e-10	1.618540146e-10	1.699379739e-10	1.706626034e-10	1.639736463e-10	1.633318337e-10	1.593744042e-10	1.499912963e-10	1.509892443e-10	1.400690870e-10	1.369334970e-10	1.330277621e-10	1.320709588e-10	1.349995441e-10	1.280696717e-10	1.298313594e-10	1.316369799e-10	1.274162543e-10	1.234105211e-10	1.242397457e-10	1.215067109e-10	1.177248623e-10	1.180478409e-10	1.162279780e-10	1.204349887e-10	1.182727051e-10	1.226515290e-10	1.249470431e-10	1.264213959e-10	1.243025931e-10	1.278527200e-10	1.287434355e-10	1.308122768e-10	1.309694708e-10	1.307979590e-10	1.307813806e-10	1.286469036e-10	1.340581135e-10	1.363555869e-10	1.379615877e-10	1.377713122e-10	1.361122603e-10	1.363230328e-10	1.400246266e-10	1.421767370e-10	1.444844588e-10	1.507266264e-10	1.494962785e-10	1.516509510e-10	1.505105789e-10	1.507462192e-10	1.496245355e-10	1.531366073e-10	1.516245009e-10
2.579140678e-10	2.580925123e-10	2.546135221e-10	2.534475288e-10	2.529195048e-10	2.509118531e-10	2.560265346e-10	2.472077726e-10	2.402054825e-10	2.378759072e-10	2.375219570e-10	2.340393497e-10	2.328857149e-10	2.315237942e-10	2.262999210e-10	2.251554042e-10	2.233528733e-10	2.162190105e-10	2.138042069e-10	2.048767806e-10	2.050097097e-10	1.965485903e-10	1.979267126e-10	2.021686889e-10	1.996565998e-10	2.052096309e-10	2.006271180e-10	2.072453153e-10	1.981723753e-10	1.929925857e-10	1.824871913e-10	1.811244417e-10	1.759860982e-10	1.736484597e-10	1.699131063e-10	1.702595207e-10	1.720545160e-10	1.717006412e-10	1.738328575e-10	1.723848795e-10	1.717802932e-10	1.337340046e-10	1.349462669e-10	1.408124803e-10	1.366921297e-10	1.403768435e-10	1.433012842e-10	1.169440922e-10	1.135384240e-10	1.070947527e-10	1.034083057e-10	1.012166330e-10	9.902707037e-11	9.554747732e-11	9.307110728e-11	8.989015262e-11	8.733450739e-11	8.355145314e-11	8.069099028e-11	7.924964375e-11	7.461076409e-11	7.276595809e-11	6.809437365e-11	6.645167416e-11	6.478621697e-11	6.134686437e-11	5.797699060e-11	5.511780881e-11	5.188440592e-11	5.009754918e-11	4.751756375e-11	4.513252596e-11	4.279797713e-11	4.048467886e-11	3.786098658e-11	3.535884457e-11	3.243267072e-11	3.080549471e-11	2.950612009e-11	2.789951644e-11	2.658620084e-11	2.473717486e-11	2.318053267e-11	2.224731598e-11	2.163315933e-11	2.090491273e-11	1.965120424e-11	1.899673178e-11	1.881798582e-11	1.809863130e-11	1.684492281e-11	1.651282608e-11	1.594433555e-11	1.572135524e-11	1.541284514e-11	1.503877476e-11	1.454262662e-11	1.428189263e-11	1.463983669e-11	1.517856134e-11	1.889243819e-11	4.345357993e-11	1.050237260e-10	8.752342650e-11	6.936285204e-11	5.897531542e-11	5.295597740e-11	4.818944359e-11	4.589505984e-11	4.294281260e-11	4.076801985e-11	3.908191493e-11	3.752949271e-11	3.593494612e-11	3.532802370e-11	3.485109150e-11	3.450332059e-11	3.560081476e-11	3.651067088e-11	3.940157782e-11	4.792825746e-11	6.717668043e-11	9.348903523e-11	1.265963740e-10	1.504196235e-10	1.676872217e-10	1.670240832e-10	1.563049774e-10	1.421000239e-10	1.295736396e-10	1.196488682e-10	1.126482359e-10	1.063544490e-10	1.012674234e-10	8.415732056e-11	8.077930827e-11	7.828907261e-11	7.499591190e-11	7.220259182e-11	6.943150194e-11	6.792889046e-11	6.621317038e-11	6.398419620e-11	6.210849397e-11	6.011274861e-11	5.801934104e-11	5.749342702e-11	5.538645525e-11	5.432143979e-11	5.391639783e-11	5.300111603e-11	5.260587043e-11	5.102014057e-11	5.031133598e-11	5.007351041e-11	4.866313545e-11	4.764227900e-11	4.740829662e-11	4.625044178e-11	4.519718196e-11	4.513584165e-11	4.428890833e-11	4.351627666e-11	4.286127671e-11	4.145843742e-11	4.190801516e-11	4.244040985e-11	4.246678468e-11	4.215171855e-11	4.115964833e-11	4.099205515e-11	4.020827069e-11	3.967971919e-11	3.909314307e-11	3.876873272e-11	3.813566155e-11	3.163786159e-10	2.564126620e-10	3.213777003e-10	3.210245791e-10	2.925560446e-10	3.296287253e-10	3.020677110e-10	3.360021642e-10	3.122700963e-10	3.424305381e-10	3.460271600e-10	3.483626885e-10	3.362454155e-10	3.515593174e-10	3.603611995e-10	3.564823669e-10	3.565584771e-10	3.648914902e-10	3.553144143e-10	3.541397549e-10	3.652430289e-10	3.584873812e-10	3.620042004e-10	3.637728962e-10	3.712549067e-10	3.627960480e-10	3.596716862e-10	3.565908805e-10	3.607539583e-10	3.544769006e-10	3.589762197e-10	3.618069920e-10	3.651540327e-10	3.626173774e-10	3.635735779e-10	3.665369025e-10	3.053061627e-10	3.629594212e-10	3.628108179e-10	3.469332483e-10	3.495484253e-10	3.547533087e-10	3.558745402e-10	3.559400252e-10	3.467731908e-10	3.437851492e-10	3.376215785e-10	3.410090858e-10	3.355748921e-10	3.312327669e-10	3.379996428e-10	3.282869249e-10	3.202665666e-10	3.214369306e-10	3.222516867e-10	3.239253577e-10	3.260669936e-10	3.167808697e-10	3.207245089e-10	3.169450718e-10	3.199164596e-10	3.054608699e-10	3.315783524e-10	3.341449997e-10	3.301150018e-10	3.379243615e-10	3.455292033e-10	3.451324506e-10	3.466218747e-10	3.415427615e-10	3.459087748e-10	3.412751701e-10	3.255400246e-10	3.538209963e-10	3.424453080e-10
2.821443185e-10	2.741300641e-10	2.672937093e-10	2.541415635e-10	2.469079285e-10	2.423377741e-10	2.259377569e-10	2.158328831e-10	2.087788230e-10	2.066514296e-10	2.081465807e-10	2.107708005e-10	2.162627927e-10	2.180350303e-10	2.196849640e-10	1.967791817e-10	2.126555455e-10	2.154891061e-10	2.305198177e-10	2.178660053e-10	2.078437224e-10	2.082162856e-10	1.875681883e-10	1.810455433e-10	1.718148065e-10	1.662861156e-10	1.562490628e-10	1.489607188e-10	1.411215932e-10	1.357427867e-10	1.316538598e-10	1.276144423e-10	1.243711676e-10	1.192711053e-10	1.163420679e-10	1.115845769e-10	1.089051961e-10	1.031659587e-10	1.024192497e-10	9.737984948e-11	9.349302913e-11	1.081026478e-10	1.643011462e-10	1.389834238e-10	1.427382947e-10	1.453864025e-10	1.305122066e-10	1.262516173e-10	1.285566264e-10	1.265116731e-10	1.282037312e-10	1.320866330e-10	1.201355214e-10	1.035990333e-10	1.025818693e-10	9.786733161e-11	9.465728929e-11	9.165297060e-11	8.976649237e-11	8.521932174e-11	8.433033941e-11	8.106664316e-11	7.712255176e-11	7.345923921e-11	7.183259069e-11	6.833739882e-11	6.601347528e-11	6.254013683e-11	5.963574105e-11	5.703518326e-11	5.347850037e-11	5.076912759e-11	4.801913757e-11	4.541993620e-11	4.305562149e-11	3.999659388e-11	3.711510652e-11	3.564504911e-11	3.327365087e-11	3.204134367e-11	2.991508060e-11	2.760939336e-11	2.610437046e-11	2.455134538e-11	2.308957720e-11	2.258242698e-11	2.177445304e-11	2.044056508e-11	2.003597526e-11	1.913403159e-11	1.858686699e-11	1.856847997e-11	1.782297669e-11	1.699932857e-11	1.648336163e-11	1.678682284e-11	1.589979978e-11	1.608186143e-11	1.622534048e-11	1.568277264e-11	1.778725764e-11	2.369356070e-11	6.554731907e-11	1.198187221e-10	9.604792080e-11	7.569725619e-11	6.505343163e-11	6.705166376e-11	6.011591359e-11	5.493235611e-11	5.168516295e-11	4.903027302e-11	4.763014658e-11	4.611374483e-11	4.554743964e-11	4.650341403e-11	5.214212565e-11	6.643027287e-11	9.336107965e-11	1.359102291e-10	8.228109083e-11	1.250593245e-10	1.562372318e-10	1.768879665e-10	1.850264087e-10	1.764848838e-10	1.567718118e-10	2.649183925e-10	4.903960218e-10	4.769229320e-10	4.818926273e-10	4.892689878e-10	4.775971479e-10	4.784862056e-10	4.976105162e-10	4.941154750e-10	4.491865627e-10	4.917239566e-10	4.921369863e-10	4.906668536e-10	4.919212402e-10	4.930111988e-10	4.921017194e-10	4.925967372e-10	4.206753010e-10	4.452423206e-10	4.823520768e-10	4.860866767e-10	4.914709089e-10	4.860796686e-10	4.815957222e-10	4.817383723e-10	4.824098000e-10	4.345509460e-10	4.905272177e-10	4.923105327e-10	4.805639390e-10	4.826063301e-10	4.831513094e-10	4.863763477e-10	4.858027329e-10	4.745231997e-10	4.710953013e-10	4.714991375e-10	4.717173704e-10	4.675463048e-10	4.682916573e-10	4.691624034e-10	4.671362139e-10	4.417854853e-10	4.789286244e-10	4.674718524e-10	4.828413675e-10	4.854162287e-10	4.907837317e-10	4.903177262e-10	4.877540178e-10	4.880986991e-10	4.982452452e-10	4.937360543e-10	4.965330669e-10	4.974460880e-10	4.985710120e-10	4.996518523e-10	4.985847269e-10	4.956275814e-10	5.021947623e-10	4.955650354e-10	5.034828334e-10	4.930026081e-10	4.981107336e-10	4.882826447e-10	4.970283107e-10	4.926769920e-10	4.911922401e-10	4.889211415e-10	4.983941499e-10	4.936035773e-10	4.928066055e-10	4.928680211e-10	4.882432332e-10	4.912648839e-10	4.850784802e-10	4.895232411e-10	4.840589048e-10	4.892055375e-10	4.892753178e-10	4.784256942e-10	4.890015471e-10	4.793405239e-10	4.855392861e-10	4.899259470e-10	4.870955515e-10	4.849399747e-10	4.866673750e-10	4.851492401e-10	4.874931331e-10	4.773902186e-10	4.813533752e-10	4.693826708e-10	4.723845028e-10	4.771049937e-10	4.809267812e-10	4.802309380e-10	4.816648242e-10	4.810110300e-10	4.866541122e-10	4.856346876e-10	4.827684976e-10	4.879634339e-10	4.910989485e-10	4.762544432e-10	4.704510773e-10	4.760554263e-10	4.740024853e-10	4.887162468e-10	4.802345551e-10	4.843659831e-10	4.938259548e-10	4.887493284e-10	4.877434679e-10	4.676894824e-10	4.826372263e-10	4.790069954e-10	4.906238249e-10	4.855887200e-10	4.850352255e-10	4.858245863e-10	4.864130463e-10	4.889723841e-10	4.879291467e-10
3.191986122e-10	3.106635680e-10	2.957249422e-10	2.807350739e-10	2.724868371e-10	2.651689534e-10	2.608359463e-10	2.596077084e-10	2.526841660e-10	2.465458398e-10	2.452702026e-10	2.151234003e-10	2.183296748e-10	2.246202967e-10	2.299826002e-10	2.124232964e-10	2.086369264e-10	2.075526950e-10	2.068596400e-10	2.420068831e-10	2.466949706e-10	2.323577662e-10	2.279968772e-10	2.253422134e-10	1.867401695e-10	1.900020572e-10	1.903041620e-10	1.744755743e-10	1.757558083e-10	1.715058443e-10	1.694115324e-10	2.038185472e-10	1.641408627e-10	1.639576707e-10	1.581861806e-10	1.598790677e-10	1.545108110e-10	1.517676031e-10	1.495974071e-10	1.466185590e-10	1.441534924e-10	1.420833701e-10	1.403983201e-10	1.364531738e-10	1.375027411e-10	1.386755919e-10	1.334449365e-10	1.305689502e-10	1.284398989e-10	1.263889171e-10	1.246961055e-10	1.297199069e-10	1.334298652e-10	1.099607166e-10	1.065002641e-10	1.032906739e-10	1.013837741e-10	9.920242528e-11	9.596412421e-11	9.178454330e-11	8.959091139e-11	8.557809473e-11	8.305515428e-11	7.929990663e-11	7.582913032e-11	7.318546853e-11	6.994241999e-11	6.638679209e-11	6.463610653e-11	6.100587556e-11	5.755107485e-11	5.473266100e-11	5.173173336e-11	4.870978122e-11	4.637591059e-11	4.345990989e-11	4.124088279e-11	3.887702022e-11	3.642958713e-11	3.384070962e-11	3.223433203e-11	3.049932066e-11	2.795181395e-11	2.629750954e-11	2.537793241e-11	2.465533755e-11	2.369265642e-11	2.240179711e-11	2.161597802e-11	2.114115581e-11	1.964849140e-11	1.968390902e-11	1.896319808e-11	1.879424848e-11	1.842628199e-11	1.791656964e-11	1.769321255e-11	1.688968466e-11	1.662126429e-11	1.715471397e-11	1.728462883e-11	1.968549151e-11	3.156569253e-11	9.494726165e-11	1.269314850e-10	9.949865225e-11	8.022656729e-11	7.063487219e-11	6.383921002e-11	6.084363270e-11	5.598629413e-11	5.326237752e-11	5.076769581e-11	5.000018839e-11	4.839192689e-11	4.835537892e-11	5.148041895e-11	5.709147468e-11	7.172362499e-11	9.802399808e-11	1.404671961e-10	1.737883970e-10	1.925241688e-10	1.911323315e-10	1.792549941e-10	1.651324807e-10	1.440185287e-10	1.350010512e-10	1.280484212e-10	1.209404057e-10	1.150475161e-10	1.100694562e-10	1.052421850e-10	1.013901040e-10	8.832386477e-11	8.626225770e-11	8.362583015e-11	8.124358056e-11	7.926094725e-11	7.756135350e-11	7.536561160e-11	7.390708375e-11	7.168308311e-11	6.916036874e-11	6.661904127e-11	6.601746918e-11	6.394810037e-11	6.247216514e-11	6.122900658e-11	6.000333076e-11	5.952345965e-11	5.732327171e-11	5.718536906e-11	5.796531032e-11	5.678055316e-11	5.469483197e-11	5.557484686e-11	5.578237905e-11	5.379944432e-11	5.296170451e-11	5.287391402e-11	5.260406187e-11	5.058307203e-11	4.982634061e-11	4.792901103e-11	5.124583372e-11	5.025783276e-11	4.934940841e-11	4.992264640e-11	4.917473171e-11	4.736647368e-11	4.756081846e-11	4.778764196e-11	4.642775596e-11	4.632331165e-11	4.622632765e-11	4.066800651e-10	4.150574632e-10	4.181244786e-10	4.236891147e-10	4.275427781e-10	4.351748236e-10	4.327562522e-10	4.302953302e-10	4.281973259e-10	4.643523134e-10	4.498247581e-10	4.458177439e-10	4.430227660e-10	4.518743081e-10	4.483428697e-10	4.511864527e-10	4.514278954e-10	4.479895224e-10	4.465615140e-10	4.380643742e-10	4.356626072e-10	4.337163712e-10	4.383046111e-10	4.146943949e-10	4.134550042e-10	4.101974118e-10	4.187881446e-10	4.176389558e-10	4.124797385e-10	4.140950081e-10	4.092754986e-10	4.128319554e-10	4.095887562e-10	4.016981620e-10	4.026162320e-10	4.030509645e-10	4.002467930e-10	3.879892813e-10	3.877003639e-10	3.834188254e-10	3.732028006e-10	3.794490374e-10	3.789015714e-10	3.810448651e-10	3.788134795e-10	3.787060963e-10	3.887961249e-10	3.849984514e-10	3.912501893e-10	3.958561381e-10	4.052467063e-10	4.114213544e-10	4.200129915e-10	4.202294158e-10	4.184801620e-10	4.209795158e-10	4.173951770e-10	4.254355802e-10	4.272739056e-10	4.252560807e-10	4.338609052e-10	4.403363770e-10	4.389251731e-10	4.386209583e-10	4.363620676e-10	4.620241699e-10	4.372917425e-10	4.372646895e-10	4.281424663e-10	4.191884391e-10	4.172888488e-10	4.172789017e-10	4.159208996e-10	4.048521390e-10	4.173336106e-10
2.247578979e-10	2.305063288e-10	2.310290025e-10	2.436996194e-10	2.476801080e-10	2.572990069e-10	2.635780239e-10	2.685936114e-10	2.624937171e-10	2.589545170e-10	2.575840057e-10	2.484657010e-10	2.396183035e-10	2.265200377e-10	2.155617499e-10	2.408177552e-10	2.195175969e-10	2.098662193e-10	2.025639345e-10	1.960691714e-10	2.173856067e-10	2.165955677e-10	2.154354521e-10	2.156963368e-10	2.090584715e-10	2.125876492e-10	2.029352166e-10	2.071820910e-10	2.036069458e-10	2.000629982e-10	1.953688821e-10	1.939657414e-10	1.913039186e-10	1.852585072e-10	1.835439928e-10	1.789464086e-10	1.702167182e-10	1.701832598e-10	1.649191461e-10	1.608957041e-10	1.559134996e-10	1.531639617e-10	1.466110233e-10	1.424079311e-10	1.544705706e-10	1.489301240e-10	1.433767162e-10	1.368759245e-10	1.331013856e-10	1.264254651e-10	1.221797964e-10	1.188555888e-10	1.152442723e-10	1.222141591e-10	1.183919947e-10	1.146570934e-10	1.104700521e-10	1.060652302e-10	1.030193147e-10	9.827086644e-11	9.464387580e-11	9.186065351e-11	8.775085285e-11	8.426191558e-11	8.139429384e-11	7.584020774e-11	7.242579820e-11	6.916926082e-11	6.555673865e-11	6.307562115e-11	5.888722351e-11	5.471691146e-11	5.074471204e-11	4.826540309e-11	4.614818281e-11	4.292276773e-11	4.006976518e-11	3.812925624e-11	3.556419143e-11	3.408177552e-11	3.138596694e-11	3.033745459e-11	2.953799595e-11	2.677074926e-11	2.535223579e-11	2.396439248e-11	2.275672690e-11	2.239833070e-11	2.087492078e-11	1.930825615e-11	1.878204070e-11	1.651018860e-11	1.545489415e-11	1.603250283e-11	1.451519680e-11	1.462099753e-11	1.490524279e-11	1.536702830e-11	1.466538259e-11	1.467849465e-11	1.432024916e-11	1.502845090e-11	1.830367673e-11	3.210961679e-11	1.014747295e-10	1.408180567e-10	1.097030722e-10	8.946762792e-11	7.777740099e-11	7.057843006e-11	6.577180652e-11	6.173984927e-11	5.733502735e-11	5.546460009e-11	5.410109697e-11	5.350841696e-11	5.672177498e-11	6.601641418e-11	9.837742074e-11	1.374610689e-10	1.616710487e-10	1.644628616e-10	1.483275723e-10	1.350199657e-10	1.216014342e-10	1.136340516e-10	1.046682687e-10	9.848932535e-11	9.344615730e-11	8.985420750e-11	8.654974330e-11	8.407126327e-11	8.162156948e-11	7.318004285e-11	7.150742677e-11	6.861893125e-11	6.642236043e-11	6.447439117e-11	6.325007178e-11	6.163578175e-11	5.997778486e-11	5.937478099e-11	5.714663574e-11	5.649472541e-11	5.482173255e-11	5.338407850e-11	5.332499889e-11	5.177837912e-11	5.038239729e-11	5.020719309e-11	4.990840400e-11	4.905288002e-11	4.819162893e-11	4.766790025e-11	4.639701045e-11	4.949831314e-11	5.153173683e-11	5.153407288e-11	4.568360910e-11	4.630183501e-11	4.651645073e-11	4.972521200e-11	4.496553564e-11	4.261410691e-11	4.104163982e-11	4.422417697e-11	4.181072973e-11	4.203943715e-11	4.484217681e-11	4.505920395e-11	4.449350162e-11	4.278478971e-11	4.249745483e-11	3.863437182e-11	3.888802229e-11	3.980466051e-11	9.038102580e-11	9.072985171e-11	9.178959219e-11	9.302770186e-11	9.407274780e-11	9.274458694e-11	9.717608512e-11	9.429942058e-11	9.195635645e-11	9.280027550e-11	8.821836547e-11	8.622985434e-11	8.347549364e-11	8.246059036e-11	8.208162180e-11	8.107146598e-11	7.806450981e-11	7.987291856e-11	8.023365081e-11	8.134591488e-11	8.020840634e-11	7.771854746e-11	7.941542837e-11	8.041518497e-11	8.191455612e-11	7.976108930e-11	7.994202060e-11	8.114335622e-11	8.082196013e-11	8.250693470e-11	8.105933356e-11	8.397382713e-11	8.416847334e-11	8.593242167e-11	8.614100886e-11	8.696450627e-11	8.809538343e-11	8.437495055e-11	8.611282547e-11	8.582684701e-11	8.627114978e-11	8.364512145e-11	8.641892416e-11	8.602202072e-11	8.856990421e-11	8.617808433e-11	8.686300087e-11	8.649096512e-11	8.666662145e-11	8.612804752e-11	8.520538077e-11	8.396990858e-11	8.183987768e-11	8.059995946e-11	8.362861834e-11	8.223022510e-11	7.952002339e-11	8.186127897e-11	8.443003625e-11	8.300089750e-11	8.565623957e-11	8.760797665e-11	8.597748494e-11	9.302513973e-11	9.252431947e-11	9.298422107e-11	9.437470187e-11	9.645409311e-11	9.701587689e-11	9.836687081e-11	9.985418489e-11	1.028585036e-10	1.040615724e-10	1.042367766e-10	1.016063022e-10
1.497443526e-10	1.535250708e-10	1.510402608e-10	1.423172017e-10	1.393367711e-10	1.362998230e-10	1.357981738e-10	1.289759107e-10	1.225510033e-10	1.222194340e-10	1.212307549e-10	1.149989865e-10	1.121960207e-10	1.108806705e-10	1.041139453e-10	9.973497068e-11	1.142053303e-10	1.438104690e-10	1.942813350e-10	2.013181384e-10	2.081846358e-10	1.998278101e-10	1.959394826e-10	1.966538636e-10	2.297082266e-10	2.028297927e-10	2.016792475e-10	1.885388573e-10	1.821916425e-10	1.840490331e-10	2.360710402e-10	2.157560947e-10	2.147767597e-10	2.134336782e-10	1.956721172e-10	1.917846940e-10	1.808866915e-10	1.753885200e-10	1.659839355e-10	1.534398424e-10	1.507768893e-10	1.545023711e-10	1.471240514e-10	1.407725412e-10	1.461028935e-10	1.418748582e-10	1.350898214e-10	1.348992444e-10	1.239471358e-10	1.253168182e-10	1.071728975e-10	1.093327697e-10	1.151838363e-10	1.236851208e-10	1.119389792e-10	1.066306311e-10	1.018601034e-10	1.017510623e-10	9.855669419e-11	9.215786011e-11	8.314528083e-11	6.538477479e-11	5.409378737e-11	5.137936569e-11	4.754574713e-11	4.584359126e-11	4.253234496e-11	4.135587703e-11	3.887882878e-11	3.651345907e-11	3.377635504e-11	3.156380862e-11	3.053963646e-11	2.788391761e-11	2.641031843e-11	2.436792731e-11	2.313742867e-11	2.170271352e-11	2.193669590e-11	2.234625926e-11	2.117054490e-11	2.077326467e-11	1.786736176e-11	1.843585228e-11	1.842040417e-11	1.635178893e-11	1.616618551e-11	1.589444946e-11	1.538609353e-11	1.639481757e-11	1.417933223e-11	1.372915164e-11	1.353827326e-11	1.257400964e-11	1.251274469e-11	1.296337742e-11	1.262698536e-11	1.233867084e-11	1.234748757e-11	1.227951588e-11	1.241523319e-11	1.128526032e-11	1.270121166e-11	1.575006613e-11	2.866544137e-11	1.038960139e-10	1.450133118e-10	1.139550709e-10	9.235167740e-11	7.967412773e-11	7.449750306e-11	6.832104643e-11	6.100482056e-11	5.745243300e-11	5.780773958e-11	6.017702783e-11	8.803758488e-11	1.235301875e-10	1.649248732e-10	1.687986568e-10	1.603066413e-10	1.388666210e-10	1.253524619e-10	1.185896552e-10	1.091816796e-10	1.051380421e-10	9.803952155e-11	9.389920145e-11	8.938526310e-11	8.635215818e-11	8.203866851e-11	7.556726598e-11	7.371243754e-11	7.143335119e-11	6.337403346e-11	6.191663596e-11	6.112486370e-11	5.866718211e-11	5.656978063e-11	5.537469961e-11	5.314565008e-11	5.139895842e-11	5.116640782e-11	4.899673932e-11	4.927495605e-11	4.739525992e-11	4.734484632e-11	4.626566382e-11	4.543523360e-11	4.430013647e-11	4.301236678e-11	4.234048694e-11	4.250167480e-11	4.210748420e-11	4.145338852e-11	3.983201497e-11	3.862276690e-11	3.800047173e-11	3.688602232e-11	3.692151530e-11	3.707004325e-11	3.707757891e-11	3.577029185e-11	3.525809274e-11	3.354372908e-11	3.534950035e-11	3.426737894e-11	3.325775062e-11	3.324742676e-11	3.279656796e-11	3.202461449e-11	3.133638226e-11	3.077263921e-11	3.128521510e-11	3.090941152e-11	2.412301821e-11	2.458382409e-11	2.424735668e-11	2.347140931e-11	2.352370682e-11	2.331421535e-11	2.267790385e-11	2.363206968e-11	2.473672272e-11	2.766229372e-11	2.708973394e-11	2.700887626e-11	2.776688874e-11	2.831774581e-11	2.839589065e-11	2.948554773e-11	3.073993442e-11	3.049366891e-11	3.097301253e-11	3.158242171e-11	3.173268285e-11	3.253342256e-11	3.128039228e-11	3.234789450e-11	3.251835123e-11	3.150216688e-11	3.393513149e-11	3.468771830e-11	3.527527405e-11	3.595250421e-11	3.482961486e-11	3.593276077e-11	3.644737130e-11	3.717787860e-11	3.694638299e-11	3.665512956e-11	3.502682320e-11	3.616139283e-11	3.961106929e-11	4.096078214e-11	4.206927838e-11	4.014610146e-11	4.173552380e-11	4.183401493e-11	4.014090185e-11	3.838335884e-11	3.734562249e-11	4.115881940e-11	4.021972490e-11	4.098286164e-11	3.722490115e-11	3.733982003e-11	3.740749030e-11	3.839880695e-11	3.827469456e-11	3.757237064e-11	3.711797007e-11	3.600653493e-11	4.017895696e-11	4.134110712e-11	4.307800242e-11	4.161661102e-11	4.736345941e-11	4.571556032e-11	4.620643350e-11	4.825771671e-11	4.817369405e-11	4.890487957e-11	5.049912473e-11	5.035135035e-11	5.080009917e-11	4.606958583e-11	4.871490547e-11	4.930720869e-11	4.978188019e-11	4.734062635e-11
9.211686610e-11	1.088171795e-10	9.258920154e-11	8.497154910e-11	8.195698191e-11	9.964838590e-11	1.017387039e-10	1.045862807e-10	9.899165274e-11	1.069175892e-10	1.177173267e-10	1.300853866e-10	1.005534946e-10	1.031255675e-10	9.495720873e-11	9.603865193e-11	9.885970326e-11	9.899421487e-11	1.017641744e-10	1.025147266e-10	1.035590189e-10	9.083557708e-11	1.027845034e-10	1.162623406e-10	1.314283927e-10	1.197579092e-10	1.230093977e-10	1.324852697e-10	1.405142940e-10	1.397872531e-10	1.424818560e-10	1.599471901e-10	1.560745368e-10	1.458992798e-10	1.441253844e-10	1.459047809e-10	1.394234312e-10	1.337078559e-10	1.293575921e-10	1.257112348e-10	1.354619325e-10	1.248367963e-10	1.247012297e-10	1.187794032e-10	1.133926842e-10	1.082426605e-10	1.112820200e-10	1.122710759e-10	1.102228070e-10	1.042235138e-10	9.843378751e-11	9.302265296e-11	8.827021084e-11	8.676835292e-11	8.156037989e-11	7.561624780e-11	7.123425894e-11	6.726055238e-11	6.497445787e-11	6.019767555e-11	5.711415703e-11	5.416680796e-11	5.201628005e-11	4.991058934e-11	4.686090595e-11	4.466305407e-11	4.275841489e-11	3.996705408e-11	3.789241030e-11	3.635129158e-11	3.416459248e-11	3.210539682e-11	3.046541017e-11	2.874953938e-11	2.644739390e-11	2.576586841e-11	2.402490386e-11	2.254022726e-11	2.151906938e-11	2.038502724e-11	1.960410633e-11	1.816140338e-11	1.702751196e-11	1.673678602e-11	1.609271279e-11	1.484631389e-11	1.445159579e-11	1.404873917e-11	1.369908434e-11	1.329140490e-11	1.289796786e-11	1.285411029e-11	1.250211941e-11	1.189956768e-11	1.174945724e-11	1.192948427e-11	1.164395794e-11	1.106273215e-11	1.116566932e-11	1.031474210e-11	1.067215866e-11	1.072415474e-11	1.056266545e-11	1.125843335e-11	1.344370067e-11	2.603353521e-11	8.516574317e-11	9.443106864e-11	7.117103471e-11	5.786727133e-11	5.284233958e-11	4.764514255e-11	4.615571848e-11	4.823443151e-11	6.040053564e-11	9.807524059e-11	1.448779712e-10	1.760980028e-10	1.678722976e-10	1.452488013e-10	1.242239961e-10	1.133083601e-10	1.046909511e-10	9.801058459e-11	9.292875858e-11	8.928368235e-11	8.436334562e-11	8.095451247e-11	7.882553656e-11	7.600041597e-11	7.368289773e-11	7.144043472e-11	7.002267481e-11	6.820974467e-11	6.641165978e-11	6.416776499e-11	5.675591154e-11	5.471434934e-11	5.359643352e-11	5.261408431e-11	5.138162639e-11	5.017245368e-11	4.943199929e-11	4.760264140e-11	4.675058383e-11	4.520200479e-11	4.474677530e-11	4.429802648e-11	4.328877495e-11	4.205443312e-11	4.168450735e-11	4.026109570e-11	3.994007640e-11	3.973261956e-11	3.881100780e-11	3.819647436e-11	3.776144046e-11	3.739995464e-11	3.673561046e-11	3.543766762e-11	3.583457107e-11	3.537353912e-11	3.320085635e-11	3.326573842e-11	3.116396626e-11	3.356904892e-11	3.260953277e-11	3.177752006e-11	3.242287436e-11	3.140314825e-11	3.194986070e-11	3.098959099e-11	3.032140362e-11	3.036616547e-11	3.070971641e-11	1.122339251e-11	1.173928410e-11	1.132429506e-11	1.207160690e-11	1.173491341e-11	1.173717411e-11	1.160047716e-11	1.134539492e-11	1.117463676e-11	1.139580851e-11	1.148510614e-11	1.129385097e-11	1.132369220e-11	1.124012169e-11	1.114321304e-11	1.122565321e-11	1.135082060e-11	1.119392806e-11	1.147131587e-11	1.166196818e-11	1.132738468e-11	1.158555654e-11	1.131886938e-11	1.149422429e-11	1.120274479e-11	1.133687962e-11	1.149196359e-11	1.174463442e-11	1.196452511e-11	1.174237372e-11	1.153536902e-11	1.129859844e-11	1.106235536e-11	1.144237892e-11	1.149460107e-11	1.131216264e-11	1.096054854e-11	1.141856622e-11	1.097418809e-11	1.142527296e-11	1.140809165e-11	1.159015330e-11	1.141592874e-11	1.218494329e-11	1.185789545e-11	1.172021887e-11	1.171223106e-11	1.180695436e-11	1.160183358e-11	1.172828203e-11	1.113560202e-11	1.121676113e-11	1.100930428e-11	1.041413751e-11	1.018241583e-11	1.015227317e-11	1.025460749e-11	1.078225472e-11	1.115248191e-11	1.080154602e-11	1.084781500e-11	1.088436297e-11	1.050351049e-11	1.130613411e-11	1.090862781e-11	1.079506535e-11	1.078142579e-11	1.100418003e-11	1.098210054e-11	1.072204476e-11	1.125436409e-11	1.125911156e-11	1.133529713e-11	1.116310720e-11	1.131163514e-11	1.111887285e-11
8.853576765e-12	8.516581853e-12	8.750941016e-12	8.758325967e-12	9.108809719e-12	8.597213462e-12	8.789523618e-12	8.697965295e-12	8.637529267e-12	2.797901770e-11	8.262479249e-12	8.926446640e-12	9.020642446e-12	8.714393044e-12	8.838505437e-12	8.754708848e-12	8.522158244e-12	8.856289605e-12	8.773849436e-12	8.643557798e-12	8.931721605e-12	8.477094971e-12	8.581087140e-12	8.169263080e-12	8.578901797e-12	8.360970383e-12	8.300458997e-12	8.592465993e-12	8.449589796e-12	8.643181015e-12	8.407691502e-12	8.487569545e-12	8.333917347e-12	8.805725296e-12	8.613490497e-12	8.816802723e-12	8.808739562e-12	9.228174644e-12	8.974825606e-12	9.928614651e-12	1.006681874e-11	1.012966618e-11	9.804200831e-12	1.032619631e-11	1.087019592e-11	1.115285869e-11	1.248192382e-11	1.298553228e-11	1.565556889e-11	2.090137096e-11	3.594640033e-11	5.025715455e-11	7.324379457e-11	8.825905806e-11	9.646863694e-11	1.006773055e-10	9.679349943e-11	8.713579192e-11	8.202118577e-11	7.679731248e-11	7.218955512e-11	6.788767037e-11	6.418268561e-11	5.995683571e-11	5.752854321e-11	5.460041009e-11	5.111667243e-11	4.858612096e-11	4.585105156e-11	4.250265444e-11	3.928718643e-11	3.754848258e-11	3.497143606e-11	3.295436477e-11	3.079841118e-11	2.864833541e-11	2.664030691e-11	2.471185503e-11	2.401435393e-11	2.283502245e-11	2.160248918e-11	2.072141930e-11	1.974065257e-11	1.899281324e-11	1.780225362e-11	1.646090535e-11	1.598615849e-11	1.523899736e-11	1.484902673e-11	1.468361890e-11	1.459778768e-11	1.388483847e-11	1.404007316e-11	1.345703880e-11	1.323383242e-11	1.283150330e-11	1.234025333e-11	1.213483112e-11	1.180642687e-11	1.177530457e-11	1.079679855e-11	1.122859212e-11	1.140892057e-11	1.148585970e-11	1.191170010e-11	1.576920671e-11	3.189356929e-11	8.171071639e-11	8.498752471e-11	6.634572272e-11	5.689795881e-11	5.374865394e-11	5.615863478e-11	6.698105459e-11	9.968267317e-11	1.500313107e-10	1.854203733e-10	1.812743261e-10	1.607241171e-10	1.427504271e-10	1.239510544e-10	1.146761586e-10	1.080825276e-10	1.005928307e-10	9.658204869e-11	9.236591981e-11	8.722343170e-11	8.387111602e-11	8.133099426e-11	7.916328504e-11	7.663288428e-11	7.525114486e-11	7.347084414e-11	7.155309290e-11	7.008823509e-11	6.143179131e-11	6.014748802e-11	5.865911895e-11	5.745718047e-11	5.510838923e-11	5.392265243e-11	5.242184951e-11	5.093189794e-11	5.004690951e-11	4.919402301e-11	4.787317175e-11	4.711470713e-11	4.627741946e-11	4.513682129e-11	4.410051672e-11	4.389328595e-11	4.295313646e-11	4.194968738e-11	4.185247731e-11	4.108067456e-11	4.061233302e-11	4.042959316e-11	3.981189474e-11	3.960541754e-11	3.870603599e-11	3.769731195e-11	3.681141924e-11	3.669981605e-11	3.552839702e-11	3.427378425e-11	3.760861718e-11	3.558287987e-11	3.440528160e-11	3.526600519e-11	3.463459186e-11	3.384771779e-11	3.342692629e-11	3.336603812e-11	3.347613417e-11	1.054201773e-11	7.338606791e-12	7.690899103e-12	7.167245782e-12	7.391205729e-12	7.452169254e-12	7.478091940e-12	7.521723437e-12	7.383368638e-12	7.300853113e-12	7.261215518e-12	7.688035550e-12	7.501377143e-12	7.148632691e-12	7.220447573e-12	7.486305814e-12	7.180583908e-12	7.161217251e-12	7.436721142e-12	7.835508503e-12	7.645986543e-12	7.585023018e-12	7.699188334e-12	7.905062685e-12	7.842441314e-12	7.591428332e-12	7.563697087e-12	7.576206290e-12	8.089837177e-12	8.147711080e-12	7.479825142e-12	7.880194993e-12	7.784868838e-12	7.790746656e-12	7.859471916e-12	8.164817038e-12	8.163460618e-12	7.498664303e-12	8.193980059e-12	8.189760087e-12	7.589996556e-12	7.865274377e-12	8.056077400e-12	7.548098262e-12	7.769345369e-12	7.576357004e-12	7.345539603e-12	7.201457699e-12	7.610493563e-12	7.159936188e-12	7.491957562e-12	7.471988051e-12	7.385855407e-12	7.673491718e-12	7.430541897e-12	7.496102178e-12	7.265661560e-12	7.211404776e-12	7.170712188e-12	7.218865084e-12	7.331297197e-12	7.049990844e-12	6.508477999e-12	6.654217749e-12	6.799279289e-12	6.898674703e-12	6.527618587e-12	6.353921522e-12	6.502524824e-12	6.510135845e-12	6.086104009e-12	6.262212486e-12	6.742158953e-12	6.416618250e-12	6.350530473e-12	6.675619036e-12	6.315414277e-12
6.291300151e-12	5.631251305e-12	5.788972761e-12	5.851066636e-12	6.076458358e-12	6.058824904e-12	6.312776794e-12	6.196953632e-12	6.016549826e-12	5.993264623e-12	5.713766830e-12	6.044733211e-12	5.892437433e-12	6.124083757e-12	6.353695452e-12	6.400265858e-12	7.473796611e-12	6.112629547e-12	5.992586413e-12	6.167790611e-12	6.186855842e-12	6.129886219e-12	5.565841737e-12	5.773449292e-12	5.797111278e-12	6.218957772e-12	5.946392790e-12	6.037951113e-12	6.424907481e-12	6.389339145e-12	6.465976852e-12	6.358216851e-12	6.752106030e-12	6.490919901e-12	6.611038392e-12	6.949012941e-12	7.269956888e-12	6.893098311e-12	7.395501058e-12	7.022636382e-12	7.205677671e-12	7.022862452e-12	7.304771658e-12	7.223386482e-12	7.001009025e-12	7.415771995e-12	7.471083772e-12	7.030322760e-12	7.388116107e-12	7.661359298e-12	7.253830567e-12	7.943796001e-12	8.113499163e-12	8.268281710e-12	8.651093463e-12	9.096526586e-12	1.090538747e-11	1.932370426e-11	5.405957546e-11	9.425232268e-11	9.084032455e-11	8.121215684e-11	7.657297575e-11	7.171624004e-11	6.577715684e-11	6.152493212e-11	5.825972873e-11	5.455007185e-11	4.975203896e-11	4.679451675e-11	4.476908087e-11	4.146393845e-11	3.893187985e-11	3.655807021e-11	3.384711493e-11	3.175589270e-11	3.018930343e-11	2.763735067e-11	2.612660067e-11	2.491569475e-11	2.330298721e-11	2.235319207e-11	2.142434607e-11	2.000824402e-11	1.883901033e-11	1.831746699e-11	1.769441826e-11	1.680257237e-11	1.616030770e-11	1.571103138e-11	1.509401118e-11	1.482996150e-11	1.444782796e-11	1.386336183e-11	1.355251567e-11	1.302253239e-11	1.320157978e-11	1.311567320e-11	1.275855807e-11	1.242857132e-11	1.186098508e-11	1.172383598e-11	1.153303296e-11	1.159083151e-11	1.266782867e-11	1.420548099e-11	1.873871063e-11	4.204071821e-11	9.353937347e-11	8.841738237e-11	7.012764662e-11	6.751405213e-11	7.558535157e-11	1.109019964e-10	1.637157758e-10	1.928903267e-10	1.892906905e-10	1.647655692e-10	1.435592299e-10	1.327468326e-10	1.196464568e-10	1.098950056e-10	1.056030679e-10	9.895043266e-11	9.444824995e-11	9.150949155e-11	8.773856972e-11	8.620769949e-11	8.283104362e-11	8.094320897e-11	7.645195298e-11	7.147464663e-11	6.887431491e-11	6.665370532e-11	6.476345926e-11	6.364034384e-11	6.208935339e-11	6.076722107e-11	5.938510486e-11	5.800939396e-11	5.564327069e-11	5.511878845e-11	5.400818222e-11	5.259614943e-11	5.185637325e-11	5.063145100e-11	4.932695213e-11	4.896539095e-11	4.782803312e-11	4.665570981e-11	4.667929644e-11	4.545181206e-11	4.494564148e-11	4.496267209e-11	4.414105860e-11	4.417112590e-11	4.296082283e-11	4.288674725e-11	4.251878076e-11	4.230785751e-11	4.051195797e-11	4.058121073e-11	3.834364589e-11	3.729249606e-11	3.701149113e-11	3.870822133e-11	3.776513293e-11	3.654797242e-11	3.788186037e-11	3.698338311e-11	3.599199110e-11	3.700094120e-11	3.581972581e-11	3.523134113e-11	3.479510152e-11	5.659208620e-12	5.891457797e-12	5.639917319e-12	5.786862775e-12	5.564183891e-12	5.514147080e-12	5.880154300e-12	5.614446773e-12	5.400433904e-12	6.295670836e-12	5.824239670e-12	5.708944005e-12	5.139624558e-12	5.200738797e-12	5.330276868e-12	5.156805873e-12	5.299757427e-12	5.521305961e-12	5.389657903e-12	5.620475304e-12	5.270820476e-12	5.173911831e-12	5.667121067e-12	5.610678941e-12	4.841287604e-12	4.955905060e-12	5.060500082e-12	4.700446036e-12	4.904210402e-12	5.267580140e-12	4.863291744e-12	5.149345565e-12	4.790949366e-12	4.948369395e-12	4.595851014e-12	5.174665398e-12	5.083860641e-12	5.358460253e-12	5.068337173e-12	5.289433567e-12	5.601259360e-12	5.459438156e-12	5.726803529e-12	5.417313792e-12	5.532835527e-12	5.633813431e-12	5.643760508e-12	5.413395246e-12	5.491087946e-12	5.779025684e-12	5.435700813e-12	5.499603247e-12	5.893040286e-12	5.998162805e-12	5.940138189e-12	6.078568344e-12	6.485042083e-12	6.401245495e-12	6.485192796e-12	6.544121692e-12	6.443821999e-12	6.459345467e-12	6.592802084e-12	5.858903727e-12	6.200796821e-12	6.157165324e-12	6.044959281e-12	5.963574105e-12	5.802763027e-12	6.294088347e-12	6.368239284e-12	6.364245382e-12	5.840215279e-12	6.461606167e-12	6.209764262e-12	6.301548654e-12
6.139079730e-12	5.258838769e-12	5.696133375e-12	5.519346688e-12	5.177755020e-12	4.921165647e-12	5.073988921e-12	4.824332359e-12	5.113475803e-12	4.854022877e-12	5.014457172e-12	5.377299414e-12	4.811597086e-12	5.189284587e-12	4.845884359e-12	4.685826847e-12	5.299003861e-12	4.504217335e-12	5.009558990e-12	5.098555187e-12	5.068563243e-12	4.835259072e-12	4.707680274e-12	4.687560050e-12	5.154469817e-12	4.614916245e-12	4.731568330e-12	4.869697059e-12	4.814762065e-12	4.503840551e-12	4.916116752e-12	5.162080838e-12	4.399019459e-12	4.877157367e-12	4.274454927e-12	4.293369444e-12	4.106560323e-12	4.253355066e-12	4.374227123e-12	4.484473894e-12	4.334288102e-12	5.019053927e-12	5.136007439e-12	5.143618460e-12	4.875348807e-12	4.564125867e-12	5.338038602e-12	5.246781706e-12	4.881377339e-12	5.268333706e-12	5.762296509e-12	6.122953408e-12	5.502316086e-12	6.313153578e-12	5.691385907e-12	6.228452710e-12	6.606743063e-12	5.787842411e-12	6.083240456e-12	6.273666696e-12	6.354524375e-12	6.536209244e-12	7.220070790e-12	8.964124962e-12	5.556580406e-11	8.050131761e-11	7.011800097e-11	6.599795181e-11	6.002782167e-11	5.658319411e-11	5.285379379e-11	4.911700852e-11	4.454783376e-11	4.135105420e-11	3.856730441e-11	3.654337566e-11	3.437378252e-11	3.144338870e-11	2.948162918e-11	2.750472298e-11	2.627068257e-11	2.491772938e-11	2.331587320e-11	2.207919531e-11	2.115147967e-11	2.068615239e-11	1.902340803e-11	1.803209138e-11	1.739675951e-11	1.623913075e-11	1.557169695e-11	1.530817476e-11	1.512679132e-11	1.466289582e-11	1.436237352e-11	1.408860284e-11	1.352689441e-11	1.323775097e-11	1.343036255e-11	1.360767673e-11	1.369629615e-11	1.352772333e-11	1.316646358e-11	1.310391757e-11	1.352267444e-11	1.355462565e-11	1.636045494e-11	2.188364482e-11	5.346779973e-11	1.082321105e-10	9.928320760e-11	9.854983674e-11	1.347424272e-10	1.846573119e-10	2.135950168e-10	1.962036076e-10	1.671506070e-10	1.518216338e-10	1.382199103e-10	1.289484809e-10	1.170028703e-10	1.125189239e-10	1.064929545e-10	1.020943872e-10	9.602448488e-11	9.459941538e-11	9.049059436e-11	8.953710674e-11	8.739336093e-11	8.510364930e-11	8.278974818e-11	7.946953444e-11	7.839193443e-11	7.655323231e-11	7.375946008e-11	7.289429045e-11	7.198179685e-11	6.241896335e-11	6.119652787e-11	5.970408953e-11	5.863636124e-11	5.778807150e-11	5.635998773e-11	5.432972903e-11	5.283314607e-11	5.197498461e-11	5.072662644e-11	4.967133200e-11	4.965769244e-11	4.897074128e-11	4.762720767e-11	4.647869705e-11	4.682006265e-11	4.588503741e-11	4.516952607e-11	4.471030269e-11	4.458701922e-11	4.357098558e-11	4.297227704e-11	4.326782580e-11	4.234274764e-11	4.209557785e-11	4.150417890e-11	3.989636954e-11	3.855788483e-11	4.117856284e-11	4.063976284e-11	3.970850543e-11	3.889382475e-11	3.821003856e-11	3.844326737e-11	3.734803391e-11	3.734185466e-11	3.691013645e-11	3.664751854e-11	3.871146167e-12	3.724502137e-12	4.300302255e-12	4.336398088e-12	4.220574926e-12	4.722676246e-12	4.148383261e-12	4.367445025e-12	4.561337671e-12	4.364430760e-12	4.377919599e-12	4.621698343e-12	4.312585388e-12	4.561714454e-12	4.302864381e-12	4.579272552e-12	4.678667966e-12	4.405123348e-12	3.903850951e-12	3.887875342e-12	4.151925023e-12	3.919223706e-12	4.453502313e-12	4.094653974e-12	4.120878086e-12	4.594419238e-12	4.508889447e-12	4.616121951e-12	3.654721885e-12	4.224116688e-12	3.935274671e-12	4.189980128e-12	4.415371851e-12	4.746262876e-12	4.587637140e-12	4.745207883e-12	4.937518038e-12	4.481384271e-12	5.097349481e-12	4.602557755e-12	4.826668415e-12	4.163756016e-12	4.869546345e-12	4.540614594e-12	4.880020919e-12	4.990644473e-12	4.420496103e-12	4.625164748e-12	4.571209391e-12	4.721621253e-12	4.523131852e-12	4.619588357e-12	5.004434739e-12	4.997351214e-12	4.845658289e-12	4.801951436e-12	4.901497563e-12	5.047538739e-12	5.009332920e-12	4.790949366e-12	4.830436247e-12	4.786126540e-12	3.927663650e-12	4.563070874e-12	4.959296109e-12	5.001345116e-12	5.082805648e-12	4.693965365e-12	4.660959154e-12	4.772939128e-12	4.859825338e-12	4.591329615e-12	4.642346063e-12	4.576107573e-12	4.699391043e-12	4.456441222e-12
3.436489044e-12	3.910331622e-12	3.257893797e-12	3.335661854e-12	3.332798301e-12	3.444702918e-12	3.502426107e-12	3.667231088e-12	3.698353382e-12	3.631210612e-12	3.965266616e-12	3.789685635e-12	3.545077968e-12	3.674616039e-12	4.313565025e-12	4.183047317e-12	3.980790084e-12	3.903474167e-12	3.373189462e-12	3.193991363e-12	3.472434163e-12	3.938364294e-12	4.040547903e-12	3.924046531e-12	3.756905494e-12	4.027812630e-12	3.974761553e-12	3.991566084e-12	3.942659622e-12	4.241825500e-12	3.896616713e-12	4.130825163e-12	4.043637525e-12	3.767380068e-12	3.737614194e-12	3.800687705e-12	3.627292067e-12	4.044165022e-12	3.563238919e-12	3.687954165e-12	3.616063927e-12	3.180351810e-12	3.629703479e-12	4.054714952e-12	3.283891839e-12	3.346588567e-12	3.943262475e-12	3.724652851e-12	3.859390531e-12	4.178978058e-12	4.206558590e-12	4.127810897e-12	3.555251115e-12	3.898048489e-12	4.336473445e-12	3.794960600e-12	4.222534199e-12	4.115377051e-12	3.997067119e-12	4.260966087e-12	4.221253136e-12	4.246346898e-12	4.552144160e-12	5.187777454e-12	4.691553952e-12	5.116565425e-12	5.237136056e-12	5.781964593e-12	7.823722724e-11	6.925780488e-11	6.272536346e-11	5.559240495e-11	5.042798806e-11	4.724703340e-11	4.379539767e-11	4.056176871e-11	3.819278189e-11	3.572123467e-11	3.335209714e-11	3.091551541e-11	2.962397788e-11	2.799197904e-11	2.734519296e-11	2.533708911e-11	2.366665838e-11	2.305551599e-11	2.212207324e-11	2.085525270e-11	2.031411664e-11	2.006641935e-11	1.881753368e-11	1.834519824e-11	1.752788007e-11	1.694748320e-11	1.713225769e-11	1.679081674e-11	1.628924291e-11	1.567704554e-11	1.550206741e-11	1.512566097e-11	1.521269790e-11	1.565458926e-11	1.531412794e-11	1.516899104e-11	1.617801651e-11	1.623702076e-11	1.838506190e-11	2.092910221e-11	2.887613854e-11	6.513534430e-11	1.449066821e-10	1.673178988e-10	2.178949423e-10	2.353889119e-10	2.050189032e-10	1.780642837e-10	1.585273202e-10	1.428007653e-10	1.318629745e-10	1.240331931e-10	1.170607442e-10	1.138548465e-10	1.089415933e-10	1.039492157e-10	9.865179428e-11	9.702499505e-11	9.228468534e-11	8.908278153e-11	8.777481626e-11	8.625894201e-11	8.610212483e-11	8.227393195e-11	8.062565607e-11	7.888371189e-11	7.794891272e-11	7.726271511e-11	7.074014542e-11	6.715166203e-11	6.607880949e-11	6.372587363e-11	6.243207540e-11	6.071462213e-11	6.002028601e-11	5.803576878e-11	5.699185319e-11	5.560212596e-11	5.514041580e-11	5.406221294e-11	5.373848079e-11	5.245658892e-11	5.288981427e-11	5.106234029e-11	4.982822453e-11	4.978617552e-11	4.994449983e-11	4.905167431e-11	4.874874060e-11	4.808869176e-11	4.691968414e-11	4.639655831e-11	4.593771171e-11	4.628111193e-11	4.419991213e-11	4.302284135e-11	4.227432381e-11	4.300159078e-11	4.326270155e-11	4.261335335e-11	4.279451072e-11	4.327581361e-11	4.216437846e-11	4.270724773e-11	4.208826825e-11	4.153304050e-11	4.155022181e-11	3.246439587e-12	3.254879531e-12	3.770997187e-12	3.950119930e-12	3.539803003e-12	3.619228906e-12	3.527821296e-12	3.058198690e-12	3.653591535e-12	3.988476462e-12	3.791870977e-12	3.970918364e-12	3.606342919e-12	3.267690161e-12	3.771976823e-12	3.072893235e-12	3.570548513e-12	3.686220962e-12	3.582605577e-12	3.815909747e-12	3.465878135e-12	3.688029522e-12	3.965643399e-12	4.098497162e-12	3.418780232e-12	3.311321658e-12	3.165506551e-12	3.638143423e-12	3.827966810e-12	3.161738719e-12	3.231066832e-12	3.446134694e-12	3.213734803e-12	3.563314276e-12	3.304162776e-12	3.192785656e-12	3.028960312e-12	3.598129045e-12	3.014642550e-12	3.157594103e-12	3.206199139e-12	3.676952095e-12	3.276657601e-12	3.633622025e-12	3.626387787e-12	3.037475613e-12	2.954884731e-12	2.984047752e-12	3.130541068e-12	2.992412339e-12	3.300621014e-12	2.977567081e-12	2.538916055e-12	3.224209377e-12	3.345684287e-12	3.103488033e-12	3.534301968e-12	3.377108008e-12	3.271684063e-12	3.386678302e-12	2.930017038e-12	3.090225264e-12	3.913798028e-12	3.791494194e-12	2.928962045e-12	2.967921430e-12	3.058123333e-12	2.875232758e-12	3.160231586e-12	2.967996787e-12	3.098439138e-12	2.728061232e-12	3.073872872e-12	2.954357234e-12	3.319535532e-12	3.286830748e-12
3.017506102e-12	2.865285681e-12	3.262264482e-12	3.478538051e-12	2.853982184e-12	3.055787277e-12	2.589631076e-12	2.972442829e-12	2.988644507e-12	2.707941008e-12	2.271023185e-12	2.943656591e-12	3.211323391e-12	3.048854466e-12	2.775686631e-12	2.804925009e-12	2.688574350e-12	1.943749279e-12	2.572374405e-12	2.438842432e-12	2.315332892e-12	2.405911578e-12	2.898517961e-12	2.761519582e-12	2.673804448e-12	2.891961933e-12	2.851118632e-12	2.942903024e-12	3.035968480e-12	2.961214689e-12	3.101302690e-12	2.866792814e-12	3.706416543e-12	3.163622635e-12	3.167842607e-12	2.565667664e-12	3.146968817e-12	3.209966971e-12	3.185852845e-12	3.160533013e-12	2.856468953e-12	2.784503358e-12	3.058424760e-12	2.995426605e-12	2.680285119e-12	2.783825148e-12	2.750592868e-12	2.710201707e-12	2.533641090e-12	2.871163499e-12	2.917884618e-12	3.145838467e-12	2.785030855e-12	3.089170271e-12	2.891359080e-12	2.960762549e-12	3.115695809e-12	3.265504818e-12	3.242521041e-12	3.244103531e-12	2.801232533e-12	3.237848930e-12	3.252995615e-12	3.245610664e-12	3.126095026e-12	3.438297603e-12	3.852005579e-12	3.742889159e-12	4.253581136e-12	4.237304101e-12	6.550715398e-11	7.138082761e-11	6.451214485e-11	5.863312090e-11	5.309727111e-11	4.744250853e-11	4.484647214e-11	4.153522584e-11	3.848026749e-11	3.587684614e-11	3.317169333e-11	3.102606360e-11	3.079562298e-11	2.802016242e-11	2.703540180e-11	2.634958098e-11	2.457666521e-11	2.344978196e-11	2.226577836e-11	2.123459804e-11	2.106165455e-11	1.987516418e-11	1.955836485e-11	1.925430079e-11	1.844210688e-11	1.784400120e-11	1.729630911e-11	1.698757294e-11	1.743051929e-11	1.681131375e-11	1.669948449e-11	1.713014771e-11	1.760519599e-11	1.736827470e-11	1.785553076e-11	1.938828491e-11	2.181348778e-11	2.605335401e-11	3.778977456e-11	6.436346619e-11	1.498379455e-10	2.638221041e-10	2.624320754e-10	2.266814516e-10	1.957006020e-10	1.741629949e-10	1.574757936e-10	1.468114720e-10	1.371328907e-10	1.297884814e-10	1.230401432e-10	1.168541163e-10	1.125496694e-10	1.097565001e-10	1.062461615e-10	1.036527626e-10	9.955034690e-11	9.681158503e-11	9.441449018e-11	9.215725726e-11	8.981554954e-11	8.923236447e-11	8.621063840e-11	8.498579150e-11	8.377006276e-11	8.171018890e-11	7.336835910e-11	7.121240551e-11	7.070254246e-11	6.877069953e-11	6.836889790e-11	6.555967756e-11	6.521899018e-11	6.342482384e-11	6.176584731e-11	5.986384562e-11	5.897765148e-11	5.774285751e-11	5.645621817e-11	5.612412144e-11	5.502813440e-11	5.433771683e-11	5.491118089e-11	5.386387425e-11	5.250670109e-11	5.206292581e-11	5.160302421e-11	5.197860173e-11	5.189126338e-11	5.088419718e-11	5.083408502e-11	4.947269188e-11	4.821039274e-11	4.761439704e-11	4.578172345e-11	4.650989470e-11	4.661675043e-11	4.560455998e-11	4.629437470e-11	4.629761504e-11	4.590847333e-11	4.516033256e-11	4.424535219e-11	4.372870704e-11	4.355666782e-11	2.036061168e-12	2.070574512e-12	1.823706145e-12	2.651423525e-12	2.183006625e-12	2.231988443e-12	2.498524894e-12	1.923327629e-12	2.391970599e-12	2.638688252e-12	1.966582343e-12	2.212471072e-12	1.975022287e-12	2.441329201e-12	2.146081869e-12	1.999061056e-12	2.453612334e-12	1.760707991e-12	2.061908497e-12	2.015112021e-12	1.886101447e-12	1.822651152e-12	2.205236835e-12	2.558131999e-12	2.375618207e-12	2.372679298e-12	2.615176979e-12	2.485638908e-12	3.012306494e-12	2.789929037e-12	2.749010379e-12	3.006277962e-12	2.807863918e-12	2.258740052e-12	2.648786042e-12	2.854057541e-12	2.939813402e-12	2.816605289e-12	3.128657152e-12	2.487673537e-12	2.673879805e-12	2.580814349e-12	2.243970150e-12	2.801006463e-12	2.578553650e-12	2.355573340e-12	2.193104415e-12	3.108386215e-12	2.773049148e-12	3.015396116e-12	2.683525455e-12	3.166561544e-12	3.433248708e-12	2.736877959e-12	3.004318689e-12	2.561824475e-12	3.116449376e-12	2.591891776e-12	2.782544086e-12	2.572449762e-12	2.599502797e-12	2.278031353e-12	2.535826433e-12	2.208401814e-12	2.459565509e-12	2.615855189e-12	2.846747946e-12	2.538916055e-12	2.688800420e-12	2.793998295e-12	2.412769033e-12	2.972141402e-12	3.162040145e-12	2.962797178e-12	2.965736087e-12	3.123532900e-12
2.957220787e-12	3.002208703e-12	2.691739329e-12	2.371322878e-12	2.168462792e-12	2.333719913e-12	2.445398460e-12	2.927228842e-12	2.781338379e-12	2.507190908e-12	2.314202542e-12	2.452557341e-12	2.478103243e-12	2.967243220e-12	2.733939050e-12	2.425052166e-12	2.038774008e-12	2.507944474e-12	2.655492783e-12	2.466498320e-12	2.673503021e-12	2.576745090e-12	2.501087020e-12	2.365821843e-12	2.329876724e-12	1.982331881e-12	2.138018708e-12	1.922800132e-12	2.124529869e-12	2.286169870e-12	1.762742620e-12	1.700121249e-12	1.875024020e-12	1.607432577e-12	2.450070571e-12	2.256705423e-12	2.294609815e-12	2.058366735e-12	2.503498432e-12	2.646826769e-12	2.242613730e-12	2.206743968e-12	2.232515940e-12	1.849176691e-12	2.067334176e-12	2.366047913e-12	2.703344253e-12	2.357155829e-12	2.700556057e-12	2.339974514e-12	2.697315721e-12	2.697767861e-12	2.775761988e-12	2.775234491e-12	2.286094514e-12	2.612916280e-12	2.731301567e-12	2.885707331e-12	2.456174460e-12	2.345927689e-12	2.678250490e-12	2.642531441e-12	2.527085062e-12	2.836574799e-12	2.830244841e-12	2.841397625e-12	2.870033149e-12	3.013286130e-12	3.000400144e-12	3.297079252e-12	3.854944489e-12	3.969788014e-12	7.389593097e-11	6.478817624e-11	5.884645556e-11	5.333871380e-11	4.890329708e-11	4.455205373e-11	4.150093857e-11	3.867302978e-11	3.643523888e-11	3.391614162e-11	3.238180499e-11	3.027438108e-11	2.886543790e-11	2.759658273e-11	2.604054338e-11	2.480582477e-11	2.439535713e-11	2.314413541e-11	2.233804538e-11	2.177354876e-11	2.149819559e-11	2.069022165e-11	1.971661380e-11	1.936236222e-11	1.911383601e-11	1.854715404e-11	1.819953384e-11	1.832439980e-11	1.853999516e-11	1.816283516e-11	1.812048472e-11	1.849267119e-11	2.010010377e-11	2.191115000e-11	2.587830053e-11	3.327447979e-11	4.931097652e-11	8.413215144e-11	1.689611258e-10	2.791071443e-10	2.667159499e-10	2.204970826e-10	1.931252134e-10	1.733960150e-10	1.589237715e-10	1.471628600e-10	1.396080550e-10	1.309822814e-10	1.242576805e-10	1.178772335e-10	1.138623068e-10	1.114764401e-10	1.074062017e-10	1.051265125e-10	1.006181506e-10	9.945584967e-11	9.755090906e-11	9.474651155e-11	9.259523008e-11	9.037070194e-11	8.966076699e-11	8.853335624e-11	8.626391555e-11	8.393886165e-11	7.567223778e-11	7.456720795e-11	7.296271429e-11	7.110554979e-11	6.934295788e-11	6.781570478e-11	6.731073990e-11	6.521620198e-11	6.418991984e-11	6.298428889e-11	6.171046018e-11	6.054213077e-11	5.940537579e-11	5.923484371e-11	5.828444571e-11	5.701468626e-11	5.656736922e-11	5.657731629e-11	5.538781167e-11	5.517703913e-11	5.428489182e-11	5.458360556e-11	5.355182239e-11	5.389899045e-11	5.428805680e-11	5.338573634e-11	5.206759792e-11	5.017998934e-11	4.872590754e-11	4.972295130e-11	4.938467532e-11	4.936907650e-11	4.977050134e-11	4.905506536e-11	4.856667895e-11	4.778229164e-11	4.831619346e-11	4.750912381e-11	4.716444252e-11	2.682847245e-12	2.664912364e-12	2.685334015e-12	2.528064698e-12	2.788572617e-12	3.108461572e-12	2.989850214e-12	2.820222408e-12	3.105824089e-12	2.943279808e-12	2.886460898e-12	2.787819051e-12	2.893921206e-12	2.686389008e-12	3.406421743e-12	2.362355438e-12	2.391669172e-12	2.295589451e-12	2.304933675e-12	2.378632473e-12	2.444117397e-12	2.246456919e-12	2.352333004e-12	2.390463466e-12	2.287601647e-12	2.190843716e-12	2.464840474e-12	2.414728305e-12	2.217746038e-12	2.218801031e-12	2.033197616e-12	2.468306879e-12	2.678928700e-12	2.974176032e-12	2.928057765e-12	2.145554372e-12	2.262357171e-12	2.475465761e-12	1.957916329e-12	2.581341846e-12	2.279387772e-12	2.814344589e-12	2.672448028e-12	2.872369205e-12	2.356100836e-12	2.688046854e-12	2.334774906e-12	2.421887187e-12	2.725875889e-12	2.382324948e-12	2.418571494e-12	2.569586209e-12	2.643661790e-12	2.620150517e-12	2.893092283e-12	2.816756002e-12	2.660617035e-12	2.312695409e-12	2.325882822e-12	2.345249479e-12	2.833259107e-12	2.450974851e-12	2.087605113e-12	2.120159183e-12	2.363862571e-12	2.117672414e-12	2.359567242e-12	2.367253620e-12	2.084440134e-12	1.985873643e-12	1.868467992e-12	1.951134231e-12	2.191672639e-12	2.380742459e-12	2.662124168e-12	2.199585086e-12
2.056332106e-12	2.033046903e-12	1.822199012e-12	2.468457593e-12	2.038095798e-12	1.868920132e-12	1.869296915e-12	2.050981784e-12	1.658373668e-12	2.224151352e-12	1.862816244e-12	2.054222120e-12	1.988812553e-12	1.712027599e-12	1.773367907e-12	1.947743182e-12	2.030484777e-12	1.657921528e-12	2.077431966e-12	2.177354876e-12	1.891150342e-12	2.042843266e-12	2.355045843e-12	2.468834376e-12	2.432135690e-12	1.662668997e-12	1.936741111e-12	1.564328576e-12	1.617153584e-12	1.550312240e-12	1.558526114e-12	1.658072241e-12	1.915942678e-12	1.827247908e-12	1.781280355e-12	2.100340386e-12	1.709691543e-12	1.886327517e-12	1.870879405e-12	2.044350399e-12	2.061682428e-12	2.169969925e-12	2.028977644e-12	2.156857869e-12	2.690910406e-12	2.290163773e-12	2.564461957e-12	2.216389618e-12	2.087303687e-12	2.146383296e-12	2.432060334e-12	2.372679298e-12	2.511787663e-12	2.525728642e-12	2.543136027e-12	2.631227944e-12	2.433039970e-12	2.637934685e-12	2.427538935e-12	2.530099328e-12	2.470040082e-12	2.489331383e-12	2.534319300e-12	2.486618544e-12	2.362581508e-12	2.282402038e-12	2.479610376e-12	2.543362097e-12	2.586089314e-12	2.884727695e-12	3.294140343e-12	2.766116337e-12	3.153524845e-12	3.357515280e-12	7.218955512e-11	6.428441707e-11	5.776644414e-11	5.284618277e-11	4.824053539e-11	4.475370811e-11	4.155044788e-11	3.942441088e-11	3.687449276e-11	3.471544954e-11	3.256801126e-11	3.109765241e-11	2.909791315e-11	2.776266877e-11	2.700156666e-11	2.603549449e-11	2.499353817e-11	2.385241251e-11	2.346289401e-11	2.291866833e-11	2.197784063e-11	2.124318870e-11	2.129601371e-11	2.074930126e-11	2.083008358e-11	2.092548509e-11	2.105660565e-11	2.083746853e-11	2.166488448e-11	2.231445875e-11	2.426167444e-11	2.992992586e-11	4.027880451e-11	6.598672367e-11	1.066847372e-10	1.697407656e-10	2.172261521e-10	2.346306733e-10	2.571446011e-10	2.346691806e-10	2.010123412e-10	1.794519010e-10	1.657813768e-10	1.525131818e-10	1.441143823e-10	1.363255196e-10	1.303535809e-10	1.256706930e-10	1.206112479e-10	1.172452927e-10	1.127124398e-10	1.107417882e-10	1.067684584e-10	1.043810092e-10	1.028600107e-10	1.008236481e-10	9.911440872e-11	9.713215219e-11	9.476045253e-11	9.324020759e-11	9.207632422e-11	8.293420687e-11	8.165088322e-11	7.986395111e-11	7.851122400e-11	7.703611769e-11	7.517073932e-11	7.437210960e-11	7.223800944e-11	7.074979107e-11	6.863920218e-11	6.903452314e-11	6.697502605e-11	6.643743176e-11	6.630955153e-11	6.451892695e-11	6.368427676e-11	6.292860033e-11	6.269047334e-11	6.081891572e-11	6.086428042e-11	6.054446683e-11	5.943386060e-11	5.896408728e-11	5.862686630e-11	5.827269007e-11	5.773404078e-11	5.664913118e-11	5.556603013e-11	5.473205815e-11	5.278107463e-11	5.389168085e-11	5.440516103e-11	5.360133170e-11	5.365302636e-11	5.278001964e-11	5.387540382e-11	5.244001046e-11	5.194845907e-11	5.085819914e-11	5.093852932e-11	2.004938874e-12	2.298302290e-12	2.331986710e-12	2.019633420e-12	1.929280804e-12	2.133648023e-12	2.544643160e-12	2.569887636e-12	2.099662176e-12	2.074266987e-12	1.848423125e-12	2.055352469e-12	1.565986422e-12	2.050152861e-12	2.423771103e-12	2.166654233e-12	2.216691045e-12	2.244799073e-12	2.383153871e-12	1.764475823e-12	2.168010652e-12	1.643829836e-12	1.734408522e-12	1.782259991e-12	1.986325783e-12	2.226035268e-12	2.032519406e-12	1.877058649e-12	1.632903122e-12	2.045254679e-12	2.023250539e-12	1.978488692e-12	1.986325783e-12	1.640363430e-12	2.012022399e-12	2.741625428e-12	2.785784421e-12	2.800705037e-12	2.623767636e-12	2.820825261e-12	2.084741561e-12	2.117446344e-12	2.213375352e-12	1.630265640e-12	2.456475886e-12	2.121063463e-12	2.194988331e-12	2.103957505e-12	2.103505365e-12	2.087303687e-12	2.258137199e-12	2.589555720e-12	2.510054460e-12	2.470115439e-12	2.511034097e-12	2.497922041e-12	1.988209699e-12	2.292499829e-12	1.889191069e-12	2.230029171e-12	1.906899880e-12	2.426031802e-12	2.337939885e-12	2.278257423e-12	2.497997397e-12	1.998006063e-12	2.180971995e-12	2.235228779e-12	2.377276053e-12	1.840133894e-12	2.471848642e-12	2.423243606e-12	2.510054460e-12	2.179841646e-12	2.397170207e-12	2.132743743e-12
2.042014343e-12	2.094085784e-12	1.749479851e-12	1.952038510e-12	1.587463066e-12	1.383171204e-12	1.568247122e-12	2.076678400e-12	1.822651152e-12	2.110965673e-12	1.568623905e-12	2.319929647e-12	1.876681866e-12	2.356025480e-12	2.405911578e-12	2.303954038e-12	2.227391688e-12	2.075397337e-12	2.279086346e-12	2.426408585e-12	2.514199076e-12	2.094085784e-12	1.512709275e-12	1.999814623e-12	1.787007460e-12	1.622654619e-12	2.049700721e-12	1.731092830e-12	1.701176242e-12	1.315877720e-12	1.556566842e-12	1.558902898e-12	1.803435208e-12	1.582037387e-12	1.599067989e-12	1.391535791e-12	1.417081693e-12	1.766661166e-12	1.670053948e-12	2.181348778e-12	2.437410655e-12	1.934178986e-12	1.915565894e-12	1.979920469e-12	2.040733280e-12	1.859575908e-12	1.879243992e-12	1.408792463e-12	1.309999902e-12	1.562444660e-12	1.494472967e-12	1.431776239e-12	1.387315819e-12	1.266519118e-12	1.941262510e-12	2.262206458e-12	2.118124554e-12	2.180369142e-12	2.167407799e-12	2.328821731e-12	2.269892835e-12	2.260623968e-12	1.982859378e-12	2.069444162e-12	1.795673474e-12	2.559563775e-12	2.494455635e-12	2.135456582e-12	2.504402712e-12	2.551575971e-12	2.880357010e-12	2.478178600e-12	2.392121312e-12	2.458058376e-12	2.705152812e-12	3.213282664e-12	7.274418002e-11	6.360048017e-11	5.743502562e-11	5.259614943e-11	5.019528674e-11	4.570689430e-11	4.224802434e-11	4.027933201e-11	3.780959335e-11	3.539893431e-11	3.357138497e-11	3.143939480e-11	3.000445358e-11	3.011311786e-11	2.844464640e-11	2.740321758e-11	2.610489796e-11	2.580550601e-11	2.546059865e-11	2.446890521e-11	2.387562235e-11	2.355957659e-11	2.269711979e-11	2.254625579e-11	2.248883403e-11	2.285408768e-11	2.343448456e-11	2.451698275e-11	2.693449925e-11	3.486812210e-11	5.360283884e-11	1.042659396e-10	1.549820161e-10	1.965834051e-10	1.976432210e-10	1.769514922e-10	1.866819189e-10	2.391474752e-10	2.172312763e-10	1.864484640e-10	1.657944889e-10	1.544614524e-10	1.457749414e-10	1.399405285e-10	1.317838500e-10	1.283995831e-10	1.233460159e-10	1.195404300e-10	1.170143245e-10	1.147760061e-10	1.126435638e-10	1.095174688e-10	1.079078509e-10	1.048522143e-10	1.034353587e-10	1.002946445e-10	9.292574432e-11	9.177180802e-11	9.049255363e-11	8.831263663e-11	8.671500042e-11	8.477403933e-11	8.308401588e-11	8.206956473e-11	8.128947275e-11	7.868107787e-11	7.849321376e-11	7.632249027e-11	7.535129384e-11	7.389073136e-11	7.274734500e-11	7.185994516e-11	7.085423538e-11	6.946887884e-11	6.786634444e-11	6.772422181e-11	6.792715725e-11	6.638249676e-11	6.629719304e-11	6.462427554e-11	6.365172269e-11	6.474929221e-11	6.343092772e-11	6.323379474e-11	6.385948096e-11	6.255777029e-11	6.041869659e-11	5.880757153e-11	5.705613241e-11	5.862844879e-11	5.716600240e-11	5.676691361e-11	5.920816745e-11	5.761158623e-11	5.768618931e-11	5.684739451e-11	5.656013498e-11	5.543053888e-11	1.909989503e-12	1.521676715e-12	1.585654506e-12	1.168630838e-12	1.666286116e-12	1.771182564e-12	1.641795206e-12	1.971555881e-12	1.915113755e-12	1.634485612e-12	1.758824075e-12	1.541194086e-12	1.363804546e-12	1.313541664e-12	1.041504179e-12	1.622805332e-12	1.292291091e-12	1.137960683e-12	1.809840523e-12	2.097250764e-12	1.844052439e-12	1.731544969e-12	1.678192465e-12	1.989415406e-12	1.620092493e-12	1.833427152e-12	1.853848803e-12	2.302371549e-12	2.196269394e-12	2.157611436e-12	2.004562091e-12	2.344797340e-12	2.175018820e-12	1.951134231e-12	1.888512859e-12	2.164468890e-12	2.342988780e-12	1.687385976e-12	1.822952579e-12	1.727551067e-12	1.969747322e-12	2.445097033e-12	2.242463017e-12	1.992278958e-12	1.804942341e-12	2.032142623e-12	1.969295182e-12	2.219856024e-12	1.998684273e-12	2.727232309e-12	2.311565060e-12	2.488201033e-12	2.134024806e-12	1.859575908e-12	2.398300557e-12	2.410659047e-12	2.193631911e-12	2.049926791e-12	2.312092556e-12	2.263186094e-12	2.335151689e-12	2.062812777e-12	2.393628445e-12	2.402445172e-12	2.702967469e-12	2.714723106e-12	2.479987159e-12	2.433642823e-12	2.402068389e-12	1.912551629e-12	2.682545819e-12	2.266652500e-12	2.711633483e-12	2.617211608e-12	2.851193988e-12	2.381496025e-12	1.956936692e-12
1.492589051e-12	1.917977307e-12	1.190559621e-12	1.100734501e-12	1.364030616e-12	1.269307314e-12	1.236225747e-12	9.662228914e-13	9.303531288e-13	8.522836454e-13	1.072626473e-12	7.659249312e-13	9.894327378e-13	1.356118168e-12	1.321378755e-12	1.788891376e-12	1.742773109e-12	1.588593415e-12	1.624011038e-12	1.481511624e-12	1.615872521e-12	2.039226148e-12	1.595752297e-12	1.676308549e-12	1.988812553e-12	1.834180719e-12	1.568849975e-12	1.853924160e-12	1.859123768e-12	1.767791515e-12	2.058216022e-12	1.809237670e-12	2.486091047e-12	2.136511575e-12	2.096647910e-12	2.240729814e-12	1.936062902e-12	2.188884443e-12	2.313901116e-12	1.382719064e-12	1.844353866e-12	1.723180382e-12	1.984291154e-12	2.276599577e-12	2.011118119e-12	2.202599352e-12	2.324903186e-12	1.641041640e-12	1.721823962e-12	1.493417974e-12	2.116768134e-12	1.954148496e-12	2.282778821e-12	2.205688974e-12	1.836516775e-12	1.788589949e-12	1.944427489e-12	1.942091433e-12	2.094387211e-12	2.037116162e-12	1.957388832e-12	2.035609029e-12	2.091523659e-12	1.994162874e-12	1.517833527e-12	1.999814623e-12	1.753775179e-12	1.785877110e-12	1.908180943e-12	2.302899045e-12	1.929431517e-12	2.085645840e-12	2.330554934e-12	2.271852108e-12	2.493099215e-12	2.477274320e-12	3.059329040e-12	6.269062405e-11	5.490078167e-11	5.003929849e-11	4.650944256e-11	4.353978793e-11	3.985967086e-11	3.704494948e-11	3.460075673e-11	3.174398635e-11	3.089245627e-11	2.945706291e-11	2.841887443e-11	2.710035923e-11	2.669735189e-11	2.631800655e-11	2.550106517e-11	2.476784502e-11	2.376424523e-11	2.349160489e-11	2.234731425e-11	2.236238558e-11	2.203337847e-11	2.180037573e-11	2.114695827e-11	2.186887492e-11	2.284406525e-11	2.509406393e-11	3.041446908e-11	5.002061004e-11	8.595819364e-11	1.339398036e-10	1.877244027e-10	1.815482475e-10	1.576597391e-10	1.395815295e-10	1.390743039e-10	1.814300129e-10	2.122765770e-10	1.805924992e-10	1.594390602e-10	1.452795468e-10	1.349594544e-10	1.269666012e-10	1.205149421e-10	1.142424811e-10	2.142766177e-12	2.576669734e-12	1.889643209e-12	2.018729140e-12	2.366500053e-12	2.169969925e-12	1.717980774e-12	2.277051717e-12	2.154371100e-12	2.150000414e-12	1.656112969e-12	2.053845337e-12	2.129277337e-12	1.928677951e-12	1.986024357e-12	2.044877896e-12	1.788213166e-12	1.849779544e-12	1.908708440e-12	1.461918897e-12	1.447525778e-12	1.424918784e-12	1.244364265e-12	1.653023346e-12	1.876079013e-12	2.120912750e-12	2.039226148e-12	2.121214176e-12	2.168688862e-12	2.612162713e-12	2.526331495e-12	2.216464975e-12	1.947291042e-12	1.853321306e-12	1.314822727e-12	1.378423735e-12	1.630868493e-12	1.681734228e-12	1.631245276e-12	1.611953975e-12	2.046912525e-12	1.785048187e-12	1.669827878e-12	1.704793361e-12	1.680528521e-12	2.155652163e-12	1.373600910e-12	1.911421279e-12	1.571261387e-12	1.876757223e-12	1.881203265e-12	1.456945358e-12	2.027319798e-12	1.964999853e-12	2.310359353e-12	1.839003544e-12	1.666587542e-12	1.378800518e-12	1.785801753e-12	2.331157787e-12	1.840962817e-12	2.059346372e-12	2.265974290e-12	2.186548387e-12	2.033046903e-12	2.186246960e-12	2.121892386e-12	2.249395828e-12	1.711274032e-12	1.716775067e-12	1.841264243e-12	1.922800132e-12	1.947517112e-12	2.244949786e-12	1.907427377e-12	1.968616972e-12	1.610748269e-12	1.820767236e-12	1.656866535e-12	2.011947042e-12	1.907728803e-12	1.814663348e-12	1.595903010e-12	1.946763545e-12	1.922197279e-12	2.198077953e-12	1.995745364e-12	1.721522536e-12	1.344211818e-12	1.176844712e-12	1.482491261e-12	1.512031065e-12	1.430193749e-12	1.413464574e-12	1.612029332e-12	1.479401638e-12	1.930411153e-12	1.553627933e-12	1.363277049e-12	2.056934959e-12	1.731243543e-12	1.729133557e-12	2.295438738e-12	1.846991348e-12	1.905091321e-12	1.900193139e-12	2.002979602e-12	2.102751799e-12	2.143670456e-12	2.301015129e-12	1.691153808e-12	2.305235101e-12	1.540440520e-12	2.068087742e-12	1.383095847e-12	1.330496909e-12	1.967637336e-12	2.293178038e-12	2.039226148e-12	2.178108443e-12	1.840510677e-12	2.339974514e-12	2.358286179e-12	2.208853954e-12	1.844956719e-12	1.833879292e-12	2.273057814e-12	1.199376348e-12	2.136210149e-12
1.094555256e-12	1.184229663e-12	1.053485885e-12	1.347226084e-12	7.264380497e-13	9.127950307e-13	7.935054630e-13	8.579353937e-13	1.472016687e-12	1.574275653e-12	1.237506810e-12	1.015958277e-12	1.702608018e-12	8.252306102e-13	9.106096880e-13	9.192003454e-13	1.393645777e-12	1.369154868e-12	1.097569522e-12	7.788862740e-13	8.671289043e-13	1.209172712e-12	1.159964824e-12	1.082498193e-12	9.133225272e-13	1.564479289e-12	1.256270615e-12	1.199677775e-12	8.988540515e-13	1.158306977e-12	1.774498257e-12	1.622579262e-12	2.135079799e-12	2.017900217e-12	2.175395604e-12	2.043144693e-12	1.880675768e-12	1.992128245e-12	2.095442204e-12	1.654982619e-12	1.582338814e-12	2.073061281e-12	1.736744578e-12	1.612481472e-12	1.529664520e-12	1.352576406e-12	1.734785305e-12	1.210604488e-12	1.565383569e-12	1.500350785e-12	1.311959175e-12	1.690324885e-12	1.725591795e-12	1.601856185e-12	2.187226597e-12	1.578420269e-12	1.850909894e-12	2.194988331e-12	2.015262735e-12	1.870804048e-12	1.536220548e-12	1.468700995e-12	1.654982619e-12	1.496356883e-12	1.358454224e-12	1.698237333e-12	1.790624578e-12	1.531623793e-12	1.581962031e-12	1.915189111e-12	1.367421665e-12	1.343382895e-12	1.466440295e-12	1.846237782e-12	2.099812889e-12	2.270797115e-12	2.242613730e-12	5.597657313e-11	4.911165820e-11	4.393684209e-11	4.079025006e-11	3.679431329e-11	3.488552949e-11	3.218075346e-11	2.932488736e-11	2.861427421e-11	2.697993931e-11	2.674897119e-11	2.542653745e-11	2.501697408e-11	2.365535488e-11	2.289982917e-11	2.206525433e-11	2.105178283e-11	2.117649807e-11	2.020620592e-11	1.973304155e-11	1.990040866e-11	1.968601901e-11	2.041727988e-11	2.101772162e-11	2.312469339e-11	2.602547205e-11	3.422977597e-11	5.286781013e-11	9.980135989e-11	1.667933412e-10	2.098268078e-10	2.050694675e-10	1.726922593e-10	1.531150553e-10	1.391871882e-10	1.319345633e-10	1.379385286e-10	1.794150516e-10	1.948829824e-10	1.665986196e-10	1.492246178e-10	1.377666401e-10	1.266889873e-10	1.201585805e-10	1.147426231e-10	1.101172323e-10	1.055106807e-10	1.031897714e-10	1.003538748e-10	9.571258373e-11	9.522788980e-11	9.217624713e-11	9.097656936e-11	8.952836537e-11	8.600868259e-11	8.361565700e-11	8.396305113e-11	7.506305467e-11	7.425854714e-11	7.320204699e-11	7.198142007e-11	7.119334028e-11	7.013488086e-11	6.848080252e-11	6.560933759e-11	6.397311878e-11	6.373906104e-11	6.320191888e-11	6.200713929e-11	6.099585312e-11	5.898254966e-11	5.882279358e-11	5.724957292e-11	5.752153504e-11	5.732259350e-11	5.558087539e-11	5.515661748e-11	5.491276338e-11	5.423930105e-11	5.346779973e-11	5.353727856e-11	5.205893191e-11	5.092436228e-11	5.200248978e-11	5.108163159e-11	4.994427376e-11	4.849848119e-11	4.792772996e-11	4.964646430e-11	4.839343402e-11	4.838032197e-11	4.933539208e-11	4.912228349e-11	4.798763850e-11	4.754574713e-11	4.732427396e-11	4.673377929e-11	4.701267423e-11	2.315483605e-12	1.996348217e-12	2.338392025e-12	1.795899544e-12	1.791980998e-12	1.670430731e-12	1.956635266e-12	1.629662787e-12	1.554984352e-12	2.061305644e-12	1.955354203e-12	1.864775516e-12	1.778040019e-12	1.523334562e-12	2.062360637e-12	1.825665418e-12	1.595300157e-12	1.696127347e-12	1.883991461e-12	1.865453726e-12	2.185041254e-12	1.699970536e-12	1.725893221e-12	2.111568526e-12	1.921519069e-12	1.902830622e-12	1.794543124e-12	2.145629729e-12	2.142163323e-12	2.104711071e-12	1.832447516e-12	1.851512747e-12	2.040733280e-12	1.842846733e-12	1.847217418e-12	1.731846396e-12	1.183476096e-12	1.478723428e-12	1.632526339e-12	1.643076269e-12	1.534110562e-12	1.576234926e-12	1.828905754e-12	1.816321194e-12	1.974494790e-12	1.592059821e-12	1.915339825e-12	2.160098205e-12	1.698463403e-12	2.097401477e-12	1.501481135e-12	1.801702005e-12	1.714137585e-12	1.973891937e-12	2.102977869e-12	2.054975686e-12	1.699593752e-12	1.991148609e-12	1.843600299e-12	1.715644718e-12	1.953319573e-12	1.746917725e-12	1.844127796e-12	2.247813339e-12	1.706903347e-12	1.464179596e-12	1.586483429e-12	1.755960522e-12	1.677137472e-12	1.726797501e-12	1.628080297e-12	1.978413336e-12	1.639308437e-12	1.807504467e-12	1.816095124e-12	1.747369865e-12
2.256328639e-12	2.237640192e-12	1.981201532e-12	2.256403996e-12	2.227090261e-12	2.815927079e-12	2.670111972e-12	2.016317728e-12	2.217746038e-12	1.927472244e-12	2.091825085e-12	1.717679347e-12	2.499655243e-12	2.535148223e-12	1.729208913e-12	1.910743069e-12	1.812704075e-12	1.772538984e-12	1.957614902e-12	1.441120463e-12	2.086022624e-12	1.764626536e-12	2.055352469e-12	1.771182564e-12	1.918052664e-12	2.022949112e-12	1.818431180e-12	1.415951344e-12	2.060627434e-12	1.695750563e-12	1.537652324e-12	1.515422114e-12	1.802530928e-12	1.592135178e-12	2.269063912e-12	2.164770317e-12	1.938097531e-12	1.404195707e-12	1.933651489e-12	2.087303687e-12	1.890999628e-12	1.664778983e-12	1.912024132e-12	1.319419483e-12	1.781431068e-12	1.687988829e-12	1.357399231e-12	1.425672351e-12	1.715343291e-12	1.569151401e-12	1.982256525e-12	1.919333727e-12	2.178259156e-12	1.768319012e-12	1.981955098e-12	1.971480524e-12	2.361074375e-12	2.206743968e-12	1.896500664e-12	1.986401140e-12	1.571864240e-12	1.867036216e-12	1.838626761e-12	2.149774345e-12	1.991223965e-12	2.232817366e-12	1.830714313e-12	1.725064298e-12	2.384208865e-12	2.063566344e-12	2.209155380e-12	2.267179996e-12	2.505306992e-12	2.232817366e-12	2.220760303e-12	2.218499604e-12	1.926794034e-12	2.693472532e-12	6.058109015e-11	5.238628117e-11	4.727529214e-11	4.306270502e-11	3.946517883e-11	3.666726198e-11	3.453127791e-11	3.251759766e-11	3.050745918e-11	2.942910560e-11	2.876626856e-11	2.747427889e-11	2.628861745e-11	2.524470186e-11	2.400199544e-11	2.342807924e-11	2.287548897e-11	2.254708472e-11	2.247956516e-11	2.276350900e-11	2.260149221e-11	2.338527667e-11	2.492526505e-11	2.935834571e-11	3.816241316e-11	6.513564573e-11	1.146868592e-10	1.801197116e-10	2.245016854e-10	2.099662176e-10	1.806225665e-10	1.562860629e-10	1.424134322e-10	1.296792897e-10	1.229638070e-10	1.225380419e-10	1.316441388e-10	1.768686752e-10	2.000932915e-10	1.736686553e-10	1.544559514e-10	1.382228492e-10	1.291640009e-10	1.235764565e-10	1.183326890e-10	1.146518184e-10	1.116156992e-10	1.102532511e-10	1.057855064e-10	1.040446925e-10	9.875209397e-11	9.545961148e-11	9.539390048e-11	9.346160541e-11	9.146661362e-11	8.279758527e-11	8.015882166e-11	7.898175088e-11	7.636175108e-11	7.516712220e-11	7.483962222e-11	7.266995372e-11	7.090706039e-11	7.123086789e-11	6.980851123e-11	6.662868692e-11	6.844206920e-11	6.681519461e-11	6.484657764e-11	6.418750843e-11	6.374501422e-11	6.261722668e-11	6.293040889e-11	6.341141035e-11	6.133367696e-11	6.135229005e-11	6.045125066e-11	6.009963655e-11	5.803456308e-11	5.892663503e-11	5.753223569e-11	5.751226618e-11	5.711566416e-11	5.583595763e-11	5.484102386e-11	5.249969292e-11	5.199676268e-11	5.267173214e-11	5.296381449e-11	5.302425052e-11	5.331362004e-11	5.294271463e-11	5.293028079e-11	5.168787579e-11	5.090243349e-11	5.166263132e-11	5.092534191e-11	1.990093616e-12	1.857616635e-12	2.260096472e-12	2.129126624e-12	1.705999067e-12	1.784596047e-12	1.570507821e-12	1.504193974e-12	2.048796441e-12	1.848347768e-12	1.657017248e-12	1.797708103e-12	1.962287014e-12	1.893109615e-12	2.150904694e-12	2.016543798e-12	1.930034370e-12	2.404856585e-12	1.905920244e-12	1.788439236e-12	2.179992359e-12	2.040959350e-12	1.589573052e-12	2.026189448e-12	2.141409757e-12	2.269139269e-12	1.770052215e-12	2.125735575e-12	2.032594763e-12	1.895445670e-12	1.648652661e-12	1.336977581e-12	1.675102843e-12	1.839154257e-12	1.845710285e-12	2.235078066e-12	1.873742957e-12	1.856184859e-12	2.511486236e-12	1.877435433e-12	2.460394432e-12	2.138395491e-12	2.210737870e-12	2.618115888e-12	2.134778372e-12	1.731017473e-12	1.968993755e-12	1.887307153e-12	2.289108780e-12	2.011344189e-12	1.966657699e-12	1.757618368e-12	2.193330485e-12	1.877661502e-12	1.586935569e-12	1.857918062e-12	1.341498979e-12	1.641870563e-12	1.795296690e-12	2.255499716e-12	1.787610313e-12	1.716021501e-12	2.336357395e-12	2.799122547e-12	2.524221509e-12	2.276072080e-12	2.044199686e-12	2.376070347e-12	2.177505590e-12	2.004712805e-12	1.993258595e-12	1.770127571e-12	2.072458428e-12	1.851135964e-12	2.238619828e-12	2.079240526e-12
2.443665257e-12	2.207045394e-12	2.311715773e-12	1.739758844e-12	2.283607745e-12	2.328294235e-12	2.356552976e-12	2.332137423e-12	2.618266601e-12	2.538991412e-12	2.306365451e-12	2.568907999e-12	2.281723828e-12	2.244422290e-12	2.121967743e-12	2.423695746e-12	2.000568189e-12	2.050605001e-12	2.220835660e-12	1.970802315e-12	1.583695234e-12	1.674273920e-12	1.574727793e-12	1.388596882e-12	1.357625301e-12	1.488971932e-12	1.514442478e-12	1.396886113e-12	1.424089861e-12	1.713233305e-12	1.432755875e-12	1.074435032e-12	1.135172488e-12	9.914673672e-13	1.327407287e-12	1.435167288e-12	1.316932713e-12	1.686557053e-12	1.034496011e-12	1.598841919e-12	1.699443039e-12	1.670355374e-12	1.463350673e-12	1.443984015e-12	1.434036938e-12	1.329065133e-12	1.298244266e-12	1.709314759e-12	1.498919009e-12	1.073455396e-12	1.156196991e-12	1.099528795e-12	5.874803979e-13	5.815272230e-13	1.219647286e-12	9.020943872e-13	1.004277997e-12	1.034420654e-12	5.353336001e-13	8.406033656e-13	4.362396130e-13	7.176966790e-13	9.558236745e-13	7.387965393e-13	9.170903594e-13	6.911711402e-13	1.340293273e-12	1.386486896e-12	1.528986310e-12	1.303669944e-12	1.029974612e-12	1.296511063e-12	1.368552015e-12	1.630416353e-12	1.779999292e-12	2.114959575e-12	1.570733891e-12	2.007953140e-12	2.177279520e-12	5.687037828e-11	5.039008367e-11	4.548323578e-11	4.167968453e-11	3.985703337e-11	3.663365292e-11	3.575371339e-11	3.272648628e-11	3.153283703e-11	2.998923154e-11	2.879588372e-11	2.794390150e-11	2.665417254e-11	2.681023615e-11	2.608063312e-11	2.496565621e-11	2.474885514e-11	2.499331210e-11	2.488509996e-11	2.576097023e-11	2.718528616e-11	2.865044540e-11	3.674653717e-11	5.155441918e-11	8.995548683e-11	1.531893569e-10	2.067108106e-10	2.221641222e-10	1.967535604e-10	1.705915421e-10	1.529403032e-10	1.397106908e-10	1.284162369e-10	1.219469444e-10	1.197920458e-10	1.212076957e-10	1.469971508e-10	1.925444397e-10	1.960054196e-10	1.697358674e-10	1.505974652e-10	1.377602348e-10	1.305172555e-10	1.254986538e-10	1.196324404e-10	1.161133605e-10	1.128168841e-10	1.082107092e-10	1.063514348e-10	1.035135789e-10	1.020717049e-10	9.971236369e-11	9.679214301e-11	9.476399429e-11	9.415051585e-11	9.177158195e-11	9.040152281e-11	8.751769939e-11	7.929026098e-11	7.747718012e-11	7.539409641e-11	7.404679497e-11	7.422682199e-11	7.360965108e-11	7.155580574e-11	7.067255051e-11	6.947407844e-11	6.805714746e-11	6.737381342e-11	6.701888362e-11	6.630804440e-11	6.555824579e-11	6.522758083e-11	6.414116409e-11	6.327267877e-11	6.154836804e-11	6.094920736e-11	5.984734251e-11	5.989511862e-11	5.879076700e-11	5.990559320e-11	5.839974138e-11	5.815965511e-11	5.738114562e-11	5.588539159e-11	5.480703801e-11	5.509964786e-11	5.554922560e-11	5.492255974e-11	5.429333177e-11	5.360185920e-11	5.414397490e-11	5.338618848e-11	5.398301311e-11	5.363803039e-11	5.274678736e-11	1.406607120e-12	1.231478279e-12	1.766585809e-12	1.314069161e-12	1.654153696e-12	1.756789445e-12	1.422130589e-12	1.257777748e-12	1.567116772e-12	1.653174060e-12	1.527328464e-12	1.026282137e-12	1.362146700e-12	1.713836158e-12	1.052280179e-12	1.019273969e-12	1.018972542e-12	1.100885214e-12	1.241651426e-12	1.194327453e-12	1.429892323e-12	1.399372882e-12	1.139769243e-12	7.929026098e-13	8.419597852e-13	1.086868879e-12	1.649481584e-12	1.141803872e-12	9.343470309e-13	1.243686055e-12	1.254160629e-12	9.917687938e-13	1.060644767e-12	8.718763729e-13	1.407436043e-12	1.659730088e-12	1.599067989e-12	1.304122084e-12	1.368552015e-12	1.528308100e-12	1.244288908e-12	1.657921528e-12	1.646090535e-12	1.557245052e-12	1.863645167e-12	1.522430282e-12	2.050002148e-12	2.022949112e-12	1.863419097e-12	1.834331432e-12	2.078863742e-12	1.991977532e-12	1.688290256e-12	1.833653222e-12	2.057537812e-12	1.658901164e-12	2.040055071e-12	2.073664134e-12	1.675404270e-12	1.625744241e-12	1.650310507e-12	1.595601583e-12	1.536823401e-12	1.529061667e-12	1.815492271e-12	1.870502621e-12	1.375484826e-12	1.415197777e-12	1.407134616e-12	1.481963764e-12	1.515723541e-12	1.159286614e-12	1.749630564e-12	1.586257360e-12	1.082950333e-12	1.803058425e-12
1.655886899e-12	1.868618705e-12	1.783088914e-12	1.408114253e-12	1.639459150e-12	1.643905192e-12	1.539611597e-12	2.156631799e-12	1.589949835e-12	1.117237606e-12	1.697106983e-12	1.547147261e-12	1.360187427e-12	1.148736684e-12	1.020705745e-12	1.349110000e-12	1.405175344e-12	1.593039457e-12	9.833288496e-13	1.314295231e-12	1.058911564e-12	1.486259093e-12	1.347000014e-12	1.404271064e-12	9.247013805e-13	1.471941330e-12	1.835235712e-12	1.702532661e-12	1.221229775e-12	8.467072538e-13	1.678795319e-12	1.210378418e-12	1.236376461e-12	9.615507795e-13	1.400503232e-12	1.224017971e-12	1.237883594e-12	1.029899256e-12	1.051828039e-12	1.055219088e-12	8.354037571e-13	1.326276937e-12	1.143763145e-12	1.275787986e-12	1.426425917e-12	1.514969974e-12	1.414519567e-12	1.594848017e-12	1.505625750e-12	1.615947877e-12	1.099302725e-12	1.095459536e-12	1.085663172e-12	1.216256237e-12	9.867198986e-13	1.063659032e-12	1.097268096e-12	1.005182276e-12	9.859663322e-13	1.910140216e-12	1.506906813e-12	1.369079511e-12	1.481285554e-12	1.565609639e-12	1.628758507e-12	1.670280018e-12	1.502536128e-12	1.337731147e-12	1.378348378e-12	1.983462231e-12	1.716172214e-12	1.780752858e-12	1.652345136e-12	2.008555993e-12	1.809689809e-12	1.911496636e-12	1.932144356e-12	2.208929310e-12	2.529496474e-12	7.424083833e-11	6.171061089e-11	5.490289166e-11	5.069550415e-11	4.638992693e-11	4.279631928e-11	4.076847199e-11	3.802164695e-11	3.688956408e-11	3.468259405e-11	3.295300835e-11	3.231157260e-11	3.087987171e-11	3.008161878e-11	2.929858789e-11	2.862821519e-11	2.820893082e-11	2.795603392e-11	2.843130827e-11	2.904388243e-11	3.050527383e-11	3.394244109e-11	4.377746279e-11	7.325389236e-11	1.371475099e-10	1.891818002e-10	2.030606855e-10	1.675371866e-10	1.622508427e-10	1.490780491e-10	1.379733433e-10	1.322612344e-10	1.239787856e-10	1.185598140e-10	1.133977331e-10	1.149338783e-10	1.200819428e-10	1.460629544e-10	1.930219748e-10	2.097388666e-10	1.874438499e-10	1.575458752e-10	1.499845896e-10	1.422999451e-10	1.377002509e-10	1.314005861e-10	1.279409626e-10	1.231044978e-10	1.199018404e-10	1.169312815e-10	1.141958353e-10	1.119158447e-10	1.097449705e-10	1.070792292e-10	1.058928142e-10	1.037327914e-10	1.018248365e-10	9.175048209e-11	9.150444265e-11	8.954569740e-11	8.633060618e-11	8.334324273e-11	8.476205763e-11	8.325266405e-11	8.153882789e-11	7.994646664e-11	7.924662949e-11	7.801236301e-11	7.793007356e-11	7.634607690e-11	7.592001043e-11	7.502628063e-11	7.233740485e-11	7.213575047e-11	7.202135909e-11	7.062839152e-11	7.088030878e-11	7.054256030e-11	7.073946721e-11	6.828683452e-11	6.554686693e-11	6.726861554e-11	6.665619209e-11	6.606298459e-11	6.451546055e-11	6.130549357e-11	6.098560462e-11	6.191814309e-11	6.222100144e-11	6.264269723e-11	6.211407037e-11	6.124400255e-11	6.160006270e-11	6.127195987e-11	5.948012958e-11	5.875858972e-11	5.856740991e-11	1.570507821e-12	8.779802611e-13	1.064940095e-12	7.746663019e-13	1.084909606e-12	9.874734650e-13	9.827259965e-13	7.736113089e-13	1.181742894e-12	1.311657748e-12	1.022363591e-12	1.329065133e-12	8.982511984e-13	4.240318367e-13	7.537171549e-13	1.027939983e-12	3.455855701e-13	1.174357943e-12	6.696191400e-13	7.186763153e-13	3.282535420e-13	8.078232254e-13	7.714259662e-13	8.394730159e-13	9.109111146e-13	7.590674766e-13	1.297038559e-12	1.358604938e-12	1.251523146e-12	1.349034644e-12	1.347000014e-12	1.791905641e-12	1.736669221e-12	2.288958066e-12	2.053242483e-12	1.799818089e-12	1.669677165e-12	1.759276215e-12	1.641116996e-12	1.165917998e-12	1.484902673e-12	1.722577529e-12	1.264409132e-12	1.877887572e-12	1.820315096e-12	1.997704637e-12	1.631923486e-12	1.548352968e-12	1.621072129e-12	1.858520915e-12	1.631622059e-12	1.774875040e-12	1.924307265e-12	1.953621000e-12	1.719261836e-12	1.668622172e-12	1.196663509e-12	1.381965497e-12	1.323338028e-12	1.651516213e-12	1.159964824e-12	1.318967343e-12	1.942016077e-12	1.157025914e-12	8.126460506e-13	1.039318836e-12	1.056048011e-12	1.231478279e-12	7.101610145e-13	1.170966894e-12	8.507765125e-13	1.132836432e-12	1.527855960e-12	1.352274979e-12	9.101575481e-13
1.479326281e-12	1.739909557e-12	1.605096521e-12	1.596882646e-12	1.587161639e-12	1.218441579e-12	1.136830334e-12	1.200129915e-12	1.379855511e-12	8.925994500e-13	1.458753918e-12	1.459130701e-12	1.577666702e-12	1.843901726e-12	1.369531651e-12	1.466666365e-12	1.477065582e-12	1.255215622e-12	1.588970199e-12	1.595224800e-12	1.334641525e-12	1.186565719e-12	1.145571704e-12	1.254386699e-12	1.788288523e-12	1.445792575e-12	1.306985636e-12	1.808107320e-12	1.651516213e-12	1.602986535e-12	1.812025865e-12	1.488519792e-12	1.450766113e-12	1.486635876e-12	1.595149444e-12	1.714137585e-12	1.343081469e-12	1.868392635e-12	1.295757496e-12	1.126054334e-12	1.238637160e-12	1.433961582e-12	1.283549720e-12	1.173679733e-12	1.048587703e-12	8.929762333e-13	1.593793024e-12	1.634259542e-12	1.666135402e-12	1.962588440e-12	1.629964213e-12	1.772614341e-12	1.724310732e-12	1.712479738e-12	1.727551067e-12	1.310904182e-12	1.635465248e-12	1.428611260e-12	1.628080297e-12	1.233738978e-12	1.351219986e-12	1.047608067e-12	9.463287373e-13	9.873981084e-13	1.259435594e-12	1.072098976e-12	1.078504291e-12	1.001414444e-12	1.163054446e-12	1.204952740e-12	8.591411000e-13	1.413992071e-12	1.462672463e-12	1.639233080e-12	1.637575234e-12	1.459055344e-12	1.448656127e-12	1.277521188e-12	1.197718502e-12	1.790775292e-12	8.247686739e-11	6.832571854e-11	6.069374834e-11	5.563935214e-11	5.025391421e-11	4.661652436e-11	4.380368690e-11	4.086538063e-11	3.924943275e-11	3.664962853e-11	3.514309850e-11	3.397868763e-11	3.271593635e-11	3.085251725e-11	3.042660150e-11	2.947778599e-11	2.892534643e-11	2.838044254e-11	2.886995930e-11	3.026963361e-11	3.571814505e-11	5.334308448e-11	9.667149703e-11	1.512095118e-10	1.529080506e-10	1.296766522e-10	1.156992004e-10	1.031236836e-10	9.799400613e-11	9.017176040e-11	9.604890043e-11	8.982692840e-11	7.843631949e-11	7.766383853e-11	7.607102514e-11	7.878763217e-11	9.065585148e-11	1.288710896e-10	1.858603807e-10	1.775722802e-10	1.523131852e-10	1.380547285e-10	1.292676917e-10	1.216520739e-10	1.224192798e-10	1.166268407e-10	1.122075503e-10	1.032987371e-10	1.004436246e-10	9.765339410e-11	9.344442410e-11	9.079797411e-11	8.775891601e-11	8.103122553e-11	7.945265455e-11	7.812087658e-11	7.706904854e-11	7.653582493e-11	7.325155630e-11	7.080487678e-11	6.948590944e-11	6.826844749e-11	6.777531362e-11	6.679334119e-11	6.526390274e-11	6.485855935e-11	6.281556537e-11	6.071047751e-11	6.013520489e-11	5.924908611e-11	6.047400836e-11	6.009006626e-11	5.920326927e-11	5.742854495e-11	5.499294285e-11	5.565133385e-11	5.553000965e-11	5.919204113e-11	5.831466372e-11	5.912090446e-11	5.875406832e-11	5.832965970e-11	5.625840698e-11	5.311852168e-11	5.105638712e-11	5.387547917e-11	5.207211932e-11	5.102654589e-11	5.237203877e-11	5.158335613e-11	5.228944788e-11	5.144839238e-11	5.137702964e-11	5.013470000e-11	5.055036725e-11	5.004359382e-11	4.842681702e-11	2.074945197e-12	1.608412213e-12	1.623483542e-12	1.234643258e-12	1.663648633e-12	1.573145303e-12	1.640890927e-12	1.578495625e-12	1.700271962e-12	1.967712692e-12	1.852643097e-12	2.050529644e-12	1.726797501e-12	1.539988380e-12	1.717377920e-12	1.544961919e-12	1.648954087e-12	1.779095012e-12	1.514141051e-12	1.974570147e-12	2.123776302e-12	1.844579936e-12	1.736593865e-12	1.665532549e-12	2.116692778e-12	1.920388720e-12	1.720090760e-12	1.236225747e-12	1.201863118e-12	1.049416627e-12	1.508790729e-12	1.526876324e-12	1.165917998e-12	1.312109888e-12	1.571261387e-12	1.239240013e-12	1.488745862e-12	1.850985250e-12	1.426727344e-12	1.108044096e-12	1.002168011e-12	1.196211369e-12	1.621599626e-12	1.433584798e-12	1.325674084e-12	1.630265640e-12	1.714815794e-12	1.778416802e-12	1.815869054e-12	1.329894056e-12	1.150319173e-12	1.446772211e-12	1.558450758e-12	1.054993018e-12	1.261620936e-12	9.607972130e-13	1.340293273e-12	8.267377431e-13	1.556416128e-12	9.619275627e-13	1.031481745e-12	1.274054783e-12	1.158909831e-12	1.637424521e-12	1.553929359e-12	1.033290305e-12	1.405702840e-12	1.310452042e-12	1.628306367e-12	1.387692602e-12	9.078214922e-13	8.963672823e-13	9.599682899e-13	1.251824573e-12
5.365393064e-13	8.058639526e-13	5.663805375e-13	6.629123987e-13	7.206355881e-13	5.537206213e-13	8.038293232e-13	6.296047619e-13	7.422629450e-13	7.397008191e-13	1.281590447e-12	1.107290529e-12	8.356298271e-13	5.244068867e-13	6.433196712e-13	3.270478356e-13	6.002156707e-13	9.592147235e-13	5.715801459e-13	6.235762304e-13	6.381954194e-13	3.624654584e-13	7.693159802e-13	6.464846502e-13	4.641215714e-13	4.834882289e-13	5.643459081e-13	6.803951401e-13	7.369879799e-13	1.213392684e-12	7.382690428e-13	9.911659406e-13	7.865726517e-13	6.799430002e-13	1.065392235e-12	1.371038784e-12	1.105632683e-12	7.947111693e-13	7.120449306e-13	1.093877047e-12	1.472393470e-12	7.584646234e-13	5.650241179e-13	1.805545194e-13	1.213995537e-13	9.634346956e-13	4.946410123e-13	4.373699627e-13	7.603485396e-13	9.357034505e-13	9.755671153e-13	1.096062389e-12	1.148812040e-12	7.259105532e-13	7.767762880e-13	9.568033109e-13	8.616278693e-13	9.926730735e-13	7.906419105e-13	6.696191400e-13	8.555993378e-13	9.751149754e-13	7.800919803e-13	9.583858004e-13	1.091917774e-12	1.048210920e-12	1.446244715e-12	1.608261500e-12	1.859500551e-12	7.134013502e-13	1.542023009e-12	1.435167288e-12	7.943343861e-13	7.255337699e-13	1.205781663e-12	6.066209855e-13	1.232834698e-12	1.189806055e-12	1.134494278e-12	1.281138307e-12	2.390463466e-12	5.930364432e-11	4.884806066e-11	4.065897878e-11	3.679740291e-11	3.116110271e-11	2.879317088e-11	2.509850997e-11	2.429121424e-11	2.211227688e-11	2.014983915e-11	1.902514124e-11	1.918987086e-11	1.793020920e-11	1.670091626e-11	1.632028985e-11	1.718176701e-11	1.747264365e-11	1.982113347e-11	2.843274005e-11	5.633398969e-11	1.237012471e-10	1.706644120e-10	1.627203899e-10	1.296823039e-10	1.100106780e-10	9.838616211e-11	8.883742030e-11	8.345213308e-11	7.685382996e-11	7.249761308e-11	6.924439139e-11	6.586487197e-11	6.379331782e-11	6.263757297e-11	6.052555231e-11	6.073753055e-11	7.418319049e-11	1.243024424e-10	1.753443610e-10	1.808298726e-10	1.549864622e-10	1.223325443e-10	1.218209481e-10	1.194427678e-10	1.125531359e-10	1.050042087e-10	1.002874102e-10	9.544258087e-11	9.531447458e-11	8.841595059e-11	8.646089781e-11	8.159105004e-11	8.208704747e-11	8.023455509e-11	7.791319367e-11	7.455500018e-11	6.534996002e-11	6.349415195e-11	6.418698093e-11	6.260886209e-11	6.221173258e-11	5.915051962e-11	5.989421434e-11	5.885052482e-11	5.888971028e-11	5.717594947e-11	5.652637520e-11	5.419732740e-11	4.668125571e-11	4.968075158e-11	4.867052041e-11	4.637802058e-11	4.752464727e-11	4.689135004e-11	4.577109816e-11	3.976713290e-11	4.431890028e-11	4.362117311e-11	4.304868868e-11	4.305554614e-11	4.300159078e-11	4.249918803e-11	3.985311483e-11	4.018890404e-11	3.832608779e-11	3.577541610e-11	3.928266503e-11	3.919788881e-11	3.822804880e-11	3.747975732e-11	3.711766865e-11	3.532764692e-11	3.502486392e-11	3.598211938e-11	1.308568126e-12	1.130877159e-12	9.162614363e-13	1.267800181e-12	1.184229663e-12	8.764731282e-13	1.167575845e-12	1.215427314e-12	1.002318724e-12	1.078805718e-12	4.452824103e-13	2.901230800e-14	4.189829415e-14	3.157443390e-13	4.569626902e-13	7.505521758e-13	4.677386903e-13	7.185256020e-13	5.516859919e-13	1.028919619e-12	6.063195589e-13	7.647945816e-13	6.528146083e-13	6.123480904e-13	1.053862669e-12	1.107516599e-12	3.030844228e-13	1.134569634e-12	7.974240085e-13	9.040536600e-13	5.504049289e-13	8.048089596e-13	1.205706307e-12	9.176178559e-13	8.520575755e-13	1.148812040e-12	8.167153094e-13	1.029371759e-12	9.455751709e-13	9.563511710e-13	8.907155339e-13	8.029250435e-13	6.910204269e-13	8.849884290e-13	1.011889018e-12	9.528847654e-13	9.748889055e-13	6.726334058e-13	7.278698259e-13	1.104879117e-12	7.311855183e-13	1.287091482e-12	1.143537075e-12	1.084683536e-12	1.038640626e-12	1.527403820e-12	1.199376348e-12	1.349938923e-12	5.065473620e-13	1.094027760e-12	9.118907510e-13	1.182571817e-12	1.255215622e-12	6.874033080e-13	1.111359788e-12	1.162828376e-12	1.342930756e-12	1.530719513e-12	1.304951007e-12	1.422808798e-12	1.258380601e-12	1.014074360e-12	1.513161415e-12	1.221305132e-12	8.570311140e-13	1.408943176e-12
1.040449186e-12	8.529618552e-13	1.179406838e-12	1.662895067e-12	1.811799795e-12	1.240521076e-12	1.631546703e-12	1.036003144e-12	6.200344681e-13	1.029145689e-12	9.537136885e-13	1.146852767e-12	8.279434494e-13	6.000649574e-13	6.607270560e-13	4.140094030e-13	6.169448457e-13	6.194316150e-13	6.365375732e-13	7.678842040e-13	4.217711374e-13	3.074551082e-14	4.470909698e-13	1.159738754e-13	-9.585365137e-14	-1.509393582e-13	6.299815452e-14	-4.126529834e-13	6.525885384e-14	5.184537118e-13	3.566629968e-13	1.430269106e-13	5.185290684e-13	6.235008738e-13	4.088851512e-13	9.239478140e-13	6.419632516e-13	8.523590021e-13	6.265904962e-13	4.382742424e-13	3.985612909e-13	4.133311932e-13	4.741440050e-13	8.085014352e-13	1.286639342e-12	1.198773495e-12	7.134767069e-13	6.666048742e-13	5.180769286e-13	9.964409057e-13	1.415273134e-12	8.913937437e-13	7.747416586e-13	7.947865259e-13	4.934353059e-13	1.158985187e-13	6.821283429e-13	1.010381885e-12	7.118188607e-13	7.270409028e-13	7.791123439e-13	1.058384067e-12	4.646490679e-13	1.154463788e-12	8.028496869e-13	8.203324283e-13	7.073728187e-13	8.385687362e-13	9.154325132e-13	1.016711843e-12	1.166972991e-12	1.185510726e-12	1.021459312e-12	1.028166053e-12	9.467808772e-13	5.609548591e-13	7.090306649e-13	7.613281759e-13	1.031783172e-12	9.249274504e-13	9.265852966e-13	2.209185523e-11	2.776621053e-11	2.351632187e-11	2.111154064e-11	1.977802947e-11	1.806502223e-11	1.731650469e-11	1.653332308e-11	1.619768459e-11	1.537109756e-11	1.465536016e-11	1.465641515e-11	1.409968026e-11	1.481760301e-11	1.486364592e-11	1.532384895e-11	1.836381133e-11	2.568101683e-11	5.255673790e-11	1.122491472e-10	1.772705522e-10	1.752478292e-10	1.422911283e-10	1.194128512e-10	1.057873903e-10	9.603209590e-11	8.813637744e-11	8.288741039e-11	7.710582258e-11	7.280137571e-11	6.912841752e-11	6.632597928e-11	6.293402601e-11	6.162982857e-11	6.083247992e-11	5.966294480e-11	5.960861266e-11	7.017150419e-11	1.007871755e-10	1.286122396e-10	1.287952809e-10	1.098604922e-10	9.891433683e-11	8.948458316e-11	8.506574490e-11	7.853179636e-11	7.522137898e-11	7.134872568e-11	6.864470322e-11	6.597150162e-11	6.375669450e-11	6.266168710e-11	6.055697603e-11	6.043489826e-11	5.902542759e-11	5.661574818e-11	5.580581497e-11	4.792124929e-11	4.762027486e-11	4.564231366e-11	4.467089116e-11	4.370097579e-11	4.248419206e-11	4.189060777e-11	4.117351395e-11	4.007639657e-11	3.938718470e-11	3.873527437e-11	3.825562933e-11	3.738134154e-11	3.682204453e-11	3.653712106e-11	3.580887445e-11	3.553186343e-11	3.489329122e-11	3.399986285e-11	3.394884640e-11	3.375736517e-11	3.261330060e-11	3.280131543e-11	3.199409505e-11	3.292429747e-11	3.126825986e-11	3.153811200e-11	3.146652319e-11	3.179635922e-11	3.100511446e-11	3.003421945e-11	2.973475215e-11	2.929497077e-11	2.935600965e-11	2.861894632e-11	2.876717284e-11	2.907101083e-11	3.398584652e-13	4.647997812e-13	4.577162566e-13	4.171743821e-13	3.975062979e-13	3.066261851e-13	1.363201693e-13	1.130952516e-12	6.869511681e-13	5.721076424e-13	7.202588049e-13	8.779049044e-13	1.012416514e-12	4.531195013e-13	7.873262182e-13	8.694649603e-13	5.766290411e-13	6.647209581e-13	1.203973104e-12	8.485911699e-13	9.681821641e-13	8.759456317e-13	7.621570990e-13	7.222180776e-13	9.805406538e-13	9.265099399e-13	1.047306641e-12	1.022589661e-12	7.386458260e-13	1.126807900e-12	1.134871061e-12	1.772915767e-12	7.549982178e-13	9.637361221e-13	9.732310593e-13	1.374429833e-12	8.505504426e-13	9.025465271e-13	5.831097125e-13	3.874838643e-13	9.341963176e-13	6.410589718e-13	4.198872212e-13	8.004382742e-13	4.856735716e-13	6.558288741e-13	8.041307498e-13	8.924487368e-13	8.238741906e-13	1.196136013e-12	8.348009040e-13	7.239512804e-13	3.725632487e-13	6.809226366e-13	1.613385751e-13	1.825137921e-13	6.797169303e-13	5.539466912e-13	2.767095973e-13	7.249309168e-13	6.157391394e-13	6.997617976e-13	5.583173766e-13	9.125689607e-13	9.740599824e-13	6.068470554e-13	5.502542156e-13	2.784428002e-13	7.043585529e-13	4.956206486e-13	2.609600587e-13	8.036032533e-13	3.979584378e-13	-3.315692343e-14	1.081367844e-13	3.531965912e-13
6.088063281e-13	1.014827927e-12	1.090410641e-12	1.261771650e-12	1.694846284e-12	8.953122892e-13	9.886791713e-13	5.709772928e-13	2.727910519e-13	4.368424662e-13	8.518315056e-13	6.084295449e-13	2.852248981e-13	9.626811291e-13	9.088764852e-13	7.614035326e-13	1.233814335e-12	1.188298922e-12	1.537124828e-12	1.131480012e-12	9.701414369e-13	8.256073934e-13	1.067954361e-12	6.075252652e-13	6.508553356e-13	1.026206780e-12	8.687867505e-13	7.991572113e-13	7.015703571e-13	6.493482027e-13	7.760980782e-13	5.538713346e-13	5.356350267e-13	8.718763729e-13	3.486751925e-13	5.360118099e-13	4.243332633e-13	6.057167057e-13	5.455821037e-13	8.427133516e-13	6.152869995e-13	1.144516711e-12	9.776017447e-13	8.894344710e-13	1.282871510e-12	1.064940095e-12	6.467107202e-13	3.338299336e-14	7.961429455e-13	8.770006247e-13	5.131787467e-13	7.751184418e-13	7.113667208e-13	1.109099089e-12	7.345012106e-13	1.080312851e-12	8.944080095e-13	4.340542703e-13	8.255320367e-13	5.256125930e-13	8.483650999e-13	8.151328199e-13	8.663753379e-13	1.345945021e-12	9.127950307e-13	8.351776872e-13	8.632857155e-13	6.678859372e-13	9.598175766e-13	1.458979988e-12	1.279179035e-12	8.470840370e-13	7.216905811e-13	1.096740599e-12	9.961394791e-13	7.081263851e-13	9.619275627e-13	7.651713648e-13	8.792613240e-13	9.715732131e-13	9.892820245e-13	1.500652212e-12	3.133216229e-11	2.732349025e-11	2.422399612e-11	2.212644393e-11	2.055495647e-11	1.928240882e-11	1.817444008e-11	1.733700169e-11	1.697476231e-11	1.650280364e-11	1.605691838e-11	1.583310915e-11	1.596159223e-11	1.683188611e-11	1.875626873e-11	2.687022003e-11	5.169578824e-11	1.329046294e-10	1.949719786e-10	1.809395165e-10	1.489297473e-10	1.247092175e-10	1.103649296e-10	1.018097652e-10	9.400161113e-11	8.701039846e-11	8.250874325e-11	7.906306070e-11	7.361093214e-11	7.214253257e-11	6.901786932e-11	6.627443533e-11	6.494386307e-11	6.281496251e-11	6.103579215e-11	5.990845675e-11	5.888586709e-11	5.989542005e-11	6.983903067e-11	9.633518032e-11	1.150889623e-10	1.112689079e-10	1.000301427e-10	9.146344864e-11	8.302041487e-11	7.844061482e-11	7.561104819e-11	7.483608046e-11	7.129484568e-11	6.876376672e-11	6.563217066e-11	6.434168812e-11	6.320817348e-11	6.068998051e-11	6.011900321e-11	5.983875185e-11	5.054735298e-11	4.955475527e-11	4.886531733e-11	4.742171010e-11	4.722540604e-11	4.594893985e-11	4.490283891e-11	4.422930123e-11	4.313519811e-11	4.221479206e-11	4.176657074e-11	4.038739344e-11	3.992538185e-11	3.966291466e-11	3.943315225e-11	3.853151000e-11	3.758646233e-11	3.613697728e-11	3.590887272e-11	3.536607881e-11	3.633237706e-11	3.550963322e-11	3.501687612e-11	3.454280747e-11	3.478786728e-11	3.489630549e-11	3.445652411e-11	3.385389703e-11	3.425833614e-11	3.370069697e-11	3.271993025e-11	3.213629304e-11	3.168920207e-11	3.181843872e-11	3.162296358e-11	3.123284223e-11	3.134429471e-11	1.161848740e-12	6.516842587e-13	8.546950580e-13	5.991606777e-13	4.745207883e-13	7.331447910e-13	8.548457713e-13	7.496478961e-13	7.610267493e-13	7.173198957e-13	6.835601192e-13	6.529653216e-13	1.131329299e-12	5.681890969e-13	1.047005214e-12	5.799447334e-13	6.709002029e-13	6.806212100e-13	9.462533807e-13	8.632857155e-13	9.169396461e-13	9.225160378e-13	6.003663840e-13	4.513109419e-13	4.016509134e-13	2.519926181e-13	3.536487310e-13	6.832586926e-13	4.651012077e-13	7.066192523e-13	2.807788561e-13	2.302145479e-13	4.575655433e-13	3.651782976e-13	3.054204788e-13	4.152904660e-13	3.998423539e-13	6.991589445e-13	9.078968488e-13	6.274947759e-13	6.223705241e-13	9.620029193e-13	8.536400650e-13	8.619292959e-13	1.073304683e-12	4.262171794e-13	5.619344955e-13	3.577933465e-13	4.500298789e-13	6.255355032e-13	5.083559215e-13	-1.067803648e-13	7.382690428e-13	6.103888177e-13	1.703813724e-13	3.670622137e-13	6.387229159e-13	7.535664416e-13	3.022554997e-13	6.366129298e-13	3.925327594e-13	7.370633365e-13	3.164979055e-15	1.210227705e-13	5.942624958e-13	6.990082312e-13	4.584698231e-13	3.602047591e-13	5.348061036e-13	4.525920048e-13	7.541692947e-13	5.822807894e-13	8.089535750e-13	7.021732103e-13	6.134030834e-13	4.640462147e-13
7.233484273e-13	6.240283703e-13	9.378134365e-13	7.121202873e-13	7.981022183e-13	1.653324773e-13	4.766307743e-13	3.000701570e-13	4.519891517e-13	5.103151942e-13	2.351127298e-13	3.190600314e-13	4.052680323e-13	6.484439230e-13	5.068487886e-13	5.816025796e-13	3.453595002e-13	2.128071631e-13	2.654814574e-13	3.892924237e-13	-1.252427426e-13	1.847744915e-13	6.706741330e-13	5.872543279e-13	4.710543826e-13	3.240335699e-15	6.855947485e-13	6.228980206e-13	7.394747491e-13	5.549263276e-13	8.248538269e-13	9.094039817e-13	5.990099644e-13	8.142285401e-13	9.834042063e-13	1.045196654e-12	7.763995048e-13	9.912412972e-13	1.087396375e-12	1.136378194e-12	1.385884043e-12	1.460261050e-12	9.339702477e-13	1.045272011e-12	6.037574330e-13	1.257174894e-12	5.051909424e-13	3.974309413e-13	3.078318914e-13	5.638937682e-13	1.228991510e-12	8.375890998e-13	1.104577690e-12	1.021760738e-12	6.238023003e-13	5.867268314e-13	6.036067197e-13	6.951650424e-13	4.849200052e-13	5.470892366e-13	4.352599767e-13	5.624619920e-13	2.203428275e-13	8.300534354e-13	5.920771531e-13	5.924539364e-13	5.292297119e-13	6.525131818e-13	6.610284826e-13	6.494235594e-13	7.639656585e-13	3.382759756e-13	1.273527286e-12	1.147154194e-12	9.112878978e-13	1.459959624e-12	1.057931927e-12	1.248584237e-12	1.523635988e-12	1.247604601e-12	1.803585921e-12	1.870502621e-12	3.854492349e-12	3.411319924e-11	2.968268071e-11	2.705303525e-11	2.478231349e-11	2.297096584e-11	2.228823464e-11	2.097695368e-11	2.009422595e-11	1.917487489e-11	1.927133139e-11	1.872703035e-11	1.917268955e-11	2.103731435e-11	2.757917534e-11	4.902650519e-11	1.122309108e-10	1.956633005e-10	2.026509714e-10	1.702210135e-10	1.417309270e-10	1.253208874e-10	1.141457232e-10	1.044841725e-10	9.848744144e-11	9.226396227e-11	8.719163119e-11	8.230535567e-11	7.817686657e-11	7.519455202e-11	7.232753313e-11	7.010127179e-11	6.884304191e-11	6.641361906e-11	6.564272059e-11	6.294148632e-11	6.058983153e-11	6.053414297e-11	6.195220429e-11	7.321395334e-11	1.039181687e-10	1.255627823e-10	1.233658347e-10	1.109183488e-10	9.108704220e-11	8.501570809e-11	8.105662072e-11	7.698005234e-11	7.437037640e-11	7.030066547e-11	6.925863380e-11	6.740229823e-11	6.703455780e-11	6.671730633e-11	6.459820214e-11	6.325270926e-11	5.727798237e-11	5.399770765e-11	5.175117538e-11	5.016665122e-11	4.984367264e-11	4.858529204e-11	4.742517650e-11	4.726994182e-11	4.589762197e-11	4.391114547e-11	4.306790463e-11	4.140380385e-11	4.082905873e-11	4.103116525e-11	3.958944193e-11	4.005974275e-11	4.101933425e-11	3.977233251e-11	3.934980780e-11	3.879247006e-11	3.837002072e-11	3.910633049e-11	3.765526295e-11	3.813053730e-11	3.803935576e-11	3.728156935e-11	3.711668901e-11	3.672980800e-11	3.721924940e-11	3.672762266e-11	3.553887159e-11	3.468462868e-11	3.508507388e-11	3.444635097e-11	3.485327685e-11	3.450038168e-11	3.391561412e-11	3.357507745e-11	3.403829474e-11	3.528461828e-11	9.516037024e-13	7.013442872e-13	8.270391696e-13	7.797905537e-13	1.397036826e-12	8.987033382e-13	8.421858551e-13	1.487314086e-12	9.964409057e-13	1.656791178e-12	1.151374166e-12	1.240822503e-12	1.146928124e-12	1.326050867e-12	1.443682589e-12	9.174671426e-13	1.200883481e-12	1.456870001e-12	1.550689023e-12	1.483847680e-12	1.203897747e-12	1.447073638e-12	1.212563761e-12	1.234944684e-12	1.196060656e-12	1.304423510e-12	9.993798148e-13	1.059665130e-12	1.355816742e-12	6.798676436e-13	1.331175119e-12	1.744732382e-12	1.645412325e-12	1.852341670e-12	1.337580434e-12	1.206384516e-12	9.904123742e-13	1.101035928e-12	9.110618279e-13	1.054766948e-12	1.409772099e-12	1.038489913e-12	1.118594026e-12	7.216152245e-13	8.635871420e-13	8.512286524e-13	1.022062165e-12	7.748170152e-13	7.302058819e-13	9.689357306e-13	4.654026343e-13	7.207109447e-13	1.022363591e-12	1.171569747e-12	1.106461606e-12	7.076742453e-13	7.091813782e-13	3.622393885e-13	9.898095210e-13	6.216923143e-13	7.154359796e-13	3.745225215e-13	9.566525976e-13	5.045127326e-13	7.922997567e-13	1.434263008e-12	1.113545131e-12	7.274176861e-13	1.036153857e-12	1.197115649e-12	1.191614614e-12	5.956189154e-13	6.887597276e-13
1.080915704e-12	1.616776800e-12	1.042031675e-12	8.585382469e-13	9.953105560e-13	1.341800406e-12	1.047909494e-12	1.353480686e-12	1.243912125e-12	1.089054221e-12	1.271718727e-12	1.039997046e-12	1.295003930e-12	1.446922924e-12	1.598992632e-12	1.042709885e-12	5.681890969e-13	1.195834586e-12	1.061850473e-12	8.817480933e-13	1.047080571e-12	1.093575620e-12	1.090561354e-12	1.291989664e-12	1.642247346e-12	1.207439509e-12	1.332757609e-12	1.146023844e-12	1.344136462e-12	8.675810442e-13	1.004051927e-12	1.012115088e-12	4.582437531e-13	1.085889242e-12	1.044593801e-12	1.082046053e-12	8.406787222e-13	9.182207091e-13	8.195035052e-13	6.226719507e-13	3.234307167e-13	6.754216016e-13	8.194281486e-13	5.955435588e-13	1.721899319e-13	1.007669046e-12	9.795610174e-13	4.654026343e-13	6.231994472e-13	1.684296354e-12	9.161107230e-13	5.064720054e-13	5.681137403e-13	6.330711676e-13	4.114472771e-13	7.672059942e-13	2.892941569e-13	4.900442570e-13	6.174723422e-13	6.245558668e-13	7.222934343e-13	1.133740711e-12	8.129474772e-13	9.977219686e-13	5.035330963e-13	7.944097427e-13	6.937332661e-13	1.202692041e-12	1.102392347e-12	1.224997607e-12	1.222586195e-12	9.792595908e-13	8.215381346e-13	1.086868879e-12	1.592511961e-12	7.702202599e-13	7.471611268e-13	8.916198137e-13	7.941083161e-13	9.910905840e-13	4.497284523e-13	5.604273626e-13	9.086504153e-13	4.169008374e-11	3.504106560e-11	3.080752933e-11	2.809144981e-11	2.636013091e-11	2.449347148e-11	2.313042050e-11	2.213902849e-11	2.171047525e-11	2.136391005e-11	2.163798216e-11	2.312439197e-11	2.731979777e-11	4.516289469e-11	9.558847134e-11	1.865073175e-10	2.166360342e-10	1.804649957e-10	1.489938758e-10	1.321968798e-10	1.207263175e-10	1.104035122e-10	1.020823301e-10	9.617195783e-11	9.154927985e-11	8.810201481e-11	8.351128805e-11	7.879584604e-11	7.700695466e-11	7.419419256e-11	7.153967942e-11	6.910618731e-11	6.776092050e-11	6.597722873e-11	6.473602944e-11	6.272687060e-11	6.198935512e-11	6.282988313e-11	6.526360131e-11	7.609724926e-11	1.000928394e-10	1.140251525e-10	1.329340938e-10	1.166857696e-10	1.035426666e-10	9.594121579e-11	9.093293786e-11	8.672080288e-11	8.319803048e-11	8.038300768e-11	7.791628329e-11	7.586824041e-11	7.477752835e-11	7.289851043e-11	7.189302672e-11	7.012591342e-11	5.957409932e-11	5.823041500e-11	5.695816877e-11	5.561953335e-11	5.476250223e-11	5.326493964e-11	5.196375647e-11	5.116128356e-11	4.947811756e-11	4.831332991e-11	4.857210463e-11	4.795606406e-11	4.878001361e-11	4.813774893e-11	4.792667497e-11	4.745660022e-11	4.658721062e-11	4.526176261e-11	4.573741374e-11	4.529944093e-11	4.413156366e-11	4.527992356e-11	4.433103269e-11	4.329518026e-11	4.282359839e-11	4.240838328e-11	4.229384118e-11	4.214584073e-11	4.079145576e-11	4.018506085e-11	3.934799924e-11	3.884393865e-11	3.833633630e-11	3.842872354e-11	3.887732164e-11	3.909781518e-11	3.995122918e-11	3.956148462e-11	4.555911992e-11	4.211645164e-11	4.662323110e-11	9.399987792e-13	6.244805101e-13	5.620098521e-13	4.805493198e-13	5.082052082e-13	9.648664718e-13	3.784410670e-13	6.201851814e-13	5.501788590e-13	4.302864381e-13	7.876276447e-13	8.694649603e-13	4.580176832e-13	6.943361193e-13	1.056650864e-12	8.311837851e-13	1.043011312e-12	1.097644879e-12	8.511532958e-13	6.589938532e-13	5.520627751e-13	6.201098248e-13	8.983265550e-13	1.162074810e-12	6.296801186e-13	7.835583860e-13	5.259893762e-13	4.908731800e-13	6.274947759e-13	7.991572113e-13	1.303443874e-12	1.141577802e-12	9.757178286e-13	1.135699984e-12	6.967475319e-13	1.330044769e-12	8.894344710e-13	1.274582279e-12	8.793366807e-13	9.515283458e-13	7.981775749e-13	1.286262559e-12	1.276466195e-12	8.375137432e-13	8.366094634e-13	9.549193948e-13	1.363050980e-12	1.446169358e-12	1.245494615e-12	1.293421440e-12	1.087396375e-12	1.182571817e-12	1.002092654e-12	7.497986094e-13	8.588396735e-13	1.131856795e-12	1.338710783e-12	1.132384292e-12	1.602685108e-12	1.316103790e-12	1.178427201e-12	1.045196654e-12	1.509996436e-12	1.522430282e-12	1.143913858e-12	1.196964936e-12	8.079739387e-13	1.716172214e-12	1.017314696e-12	1.342177189e-12	1.219119789e-12
1.026960347e-12	1.135850697e-12	1.364558112e-12	1.346095735e-12	1.538330534e-12	1.302012098e-12	1.285584349e-12	1.248961020e-12	6.892872241e-13	9.510008493e-13	1.600198339e-12	1.192744964e-12	9.574815207e-13	1.032988878e-12	7.582385535e-13	6.149855730e-13	3.993902140e-15	8.336705543e-13	8.301287920e-13	1.134569634e-12	1.356796378e-12	9.643389753e-13	1.320399119e-12	1.206007733e-12	1.218818363e-12	1.331627259e-12	1.329215846e-12	1.337505077e-12	7.868740783e-13	1.196286726e-12	7.747416586e-13	6.289265521e-13	1.087094949e-12	1.120251872e-12	1.089883144e-12	8.787338275e-13	1.151977019e-12	8.802409604e-13	6.237269437e-13	8.730820792e-13	7.299798120e-13	1.037058137e-12	8.414322887e-13	1.052883032e-12	8.378905264e-13	3.904981300e-13	9.278663595e-13	9.746628355e-13	1.168781551e-12	1.404271064e-12	1.158683761e-12	1.307889916e-12	8.992308347e-13	8.231206241e-13	9.063143593e-13	1.576988492e-12	1.713233305e-12	1.280384741e-12	8.993815480e-13	9.757178286e-13	1.651817640e-12	1.027035703e-12	1.161321243e-12	6.482932097e-13	1.099528795e-12	9.496444297e-13	1.071043983e-12	1.493116547e-12	1.185435369e-12	1.081593914e-12	6.421139649e-13	2.373734291e-13	4.343556969e-13	9.303531288e-13	7.909433371e-13	1.314219874e-12	1.051903396e-12	1.153032012e-12	1.214221607e-12	1.431022673e-12	1.532528072e-12	1.136152124e-12	1.787384243e-12	3.056013347e-12	4.575112865e-11	3.920836338e-11	3.479201189e-11	3.178739178e-11	2.953204278e-11	2.795106038e-11	2.629818775e-11	2.569277247e-11	2.623443603e-11	2.786455095e-11	3.203230087e-11	4.654734696e-11	1.026058328e-10	1.916338300e-10	2.305222291e-10	1.978895618e-10	1.603780794e-10	1.413618302e-10	1.295384481e-10	1.195487192e-10	1.120088348e-10	1.057599605e-10	1.000344380e-10	9.600413859e-11	9.151220439e-11	8.723880445e-11	8.434307469e-11	8.170024182e-11	7.876811480e-11	7.764175904e-11	7.514436449e-11	7.303015848e-11	7.102634996e-11	6.938447939e-11	6.598167477e-11	6.563797312e-11	6.538289088e-11	6.437032365e-11	6.588423863e-11	7.130660132e-11	8.334414701e-11	1.110949848e-10	1.406452639e-10	1.483730877e-10	1.320243884e-10	1.181492710e-10	1.098390910e-10	1.031627184e-10	9.767569967e-11	8.147500081e-11	7.858092889e-11	7.595866839e-11	7.435319508e-11	7.138218403e-11	6.965395475e-11	6.827078355e-11	6.609041441e-11	6.456323666e-11	6.351042898e-11	6.128364015e-11	6.007944097e-11	5.909264572e-11	5.818150853e-11	5.674536161e-11	5.679170595e-11	5.590023685e-11	5.511419169e-11	5.453695980e-11	5.418587319e-11	5.356516051e-11	5.305657852e-11	5.104259685e-11	5.028375544e-11	5.014366744e-11	4.993508025e-11	4.887405870e-11	4.971594313e-11	4.937450218e-11	4.943802783e-11	4.912793524e-11	4.924142234e-11	4.840157254e-11	4.835515285e-11	4.677695865e-11	4.648585593e-11	4.650070119e-11	4.586732860e-11	4.551910555e-11	4.499409581e-11	4.551375523e-11	4.644719798e-11	4.625805280e-11	4.664696844e-11	4.908792086e-11	4.974955219e-11	5.176835669e-11	5.484961451e-11	6.052442196e-11	7.112054576e-11	6.718346253e-11	7.258480072e-11	6.931462379e-11	6.846512834e-11	7.140426353e-11	6.819768761e-11	6.810462215e-11	6.484665300e-11	6.854357460e-11	6.514838100e-11	6.375684521e-11	6.561770218e-11	6.416422323e-11	6.198362802e-11	6.307238081e-11	6.278677913e-11	6.037928506e-11	6.125477855e-11	6.109969458e-11	6.045268243e-11	5.938691341e-11	6.052359303e-11	5.840094708e-11	5.833568823e-11	5.884781198e-11	5.770510383e-11	3.174195172e-11	3.029284345e-11	2.695296163e-11	2.718189511e-11	2.587166914e-11	2.522985660e-11	2.439837139e-11	2.389679757e-11	2.416883505e-11	2.411985324e-11	2.356515298e-11	2.327352276e-11	2.300932237e-11	2.302718190e-11	7.238759238e-13	2.984876675e-13	8.317866382e-13	5.403824953e-13	1.097042026e-12	1.096589886e-12	9.052593663e-13	6.648716714e-13	1.119422949e-12	9.139253803e-13	1.303820657e-12	1.076394305e-12	7.539432248e-13	8.054871694e-13	7.337476442e-13	9.424855485e-13	5.332236141e-13	7.871755049e-13	1.104351620e-12	7.948618826e-13	8.614017994e-13	1.103598054e-12	1.256647398e-12	8.751920652e-13	1.147154194e-12	8.031511134e-13	4.107690673e-13	1.009703675e-12
1.096589886e-12	8.516054356e-13	1.139015676e-12	7.179227489e-13	1.389802588e-12	1.165390502e-12	9.540904717e-13	1.571035317e-12	1.232533272e-12	8.332184145e-13	8.359312536e-13	1.005106920e-12	9.000597578e-13	9.467055206e-13	4.870299912e-13	1.023041801e-12	8.910169605e-13	7.815991132e-13	6.717291260e-13	7.352547770e-13	9.364570169e-13	1.102995201e-12	5.863500482e-13	6.935071962e-13	9.482880101e-13	9.935019966e-13	1.206384516e-12	1.527554534e-12	9.465548073e-13	7.953893791e-13	1.560033247e-12	1.341272909e-12	1.691078452e-12	8.114403443e-13	1.415423847e-12	7.568821339e-13	1.305252433e-12	1.616626087e-12	1.276089412e-12	1.203445607e-12	1.322283035e-12	1.238637160e-12	1.482868044e-12	9.721007096e-13	1.663648633e-12	1.370812714e-12	1.682789221e-12	1.373299483e-12	1.523259205e-12	1.342478616e-12	8.256073934e-13	8.733081491e-13	5.682644536e-13	8.756442051e-13	9.081229187e-13	1.084382109e-12	1.232759342e-12	1.227333663e-12	1.538405890e-12	1.926492608e-12	1.440819036e-12	1.729058200e-12	2.053920693e-12	1.655736185e-12	1.541194086e-12	1.579249192e-12	1.585202367e-12	1.348055007e-12	1.477367009e-12	1.238637160e-12	1.678343179e-12	1.719864690e-12	1.322659818e-12	1.518963876e-12	1.557471121e-12	1.487163372e-12	1.201863118e-12	1.418061330e-12	1.369079511e-12	1.689646675e-12	1.204877383e-12	1.611953975e-12	1.563951793e-12	1.939303237e-12	4.855190905e-11	4.214463502e-11	3.738330082e-11	3.336264707e-11	3.095748906e-11	2.950898364e-11	2.833251571e-11	2.787276483e-11	2.793704405e-11	3.022426891e-11	3.710018590e-11	5.991734883e-11	1.383888599e-10	2.250416157e-10	2.238475897e-10	1.818327942e-10	1.561000073e-10	1.384677583e-10	1.286511236e-10	1.196151084e-10	1.109735099e-10	1.048754242e-10	1.005635170e-10	9.546955855e-11	9.150700478e-11	8.702328445e-11	8.496348594e-11	8.197386179e-11	7.942944470e-11	7.791485151e-11	7.485582390e-11	7.245805084e-11	7.166876535e-11	6.881259782e-11	6.700388765e-11	6.575424842e-11	6.544317619e-11	6.501356796e-11	6.528131012e-11	7.003450581e-11	8.030584248e-11	1.048944140e-10	1.347718917e-10	1.499954409e-10	1.368541465e-10	1.225424880e-10	9.406830176e-11	9.025344700e-11	8.617341222e-11	8.257957850e-11	7.946418412e-11	7.682979119e-11	7.525890659e-11	7.288306231e-11	7.120102666e-11	6.930648527e-11	6.878938798e-11	6.596554845e-11	6.446286161e-11	6.308187575e-11	6.157564714e-11	6.034409351e-11	5.903823822e-11	5.785950959e-11	5.775958668e-11	5.666344894e-11	5.616293011e-11	5.495481239e-11	5.579978644e-11	5.487455756e-11	5.433289400e-11	5.274053276e-11	5.275432302e-11	5.299440929e-11	5.220587737e-11	5.114967864e-11	5.192238567e-11	5.029234610e-11	5.004042884e-11	4.949514816e-11	4.959642749e-11	4.881309518e-11	4.886735196e-11	4.819833567e-11	4.764770467e-11	4.701681885e-11	4.636498388e-11	4.663445924e-11	4.602798896e-11	4.663016391e-11	4.797520465e-11	5.381722849e-11	6.019503807e-11	5.226088772e-11	5.892882037e-11	5.795257505e-11	6.283493202e-11	6.860235279e-11	7.026901568e-11	7.000044460e-11	6.983255000e-11	7.255631590e-11	6.841524224e-11	7.108972490e-11	7.142717195e-11	6.979381669e-11	6.642205900e-11	6.847356828e-11	6.425110944e-11	6.880800107e-11	6.467212701e-11	6.637315254e-11	6.621595858e-11	6.432857607e-11	6.468960975e-11	6.234473705e-11	6.405209254e-11	6.357696890e-11	6.025336411e-11	6.111732803e-11	6.077792171e-11	6.085501156e-11	6.073542056e-11	5.661657711e-11	5.983845043e-11	3.224495732e-11	2.952465782e-11	2.801503817e-11	2.748377383e-11	2.693826708e-11	2.601665533e-11	2.563648106e-11	2.486882292e-11	2.428149324e-11	2.485623836e-11	2.417403466e-11	2.426182515e-11	2.350471695e-11	2.402580814e-11	1.268403034e-12	1.507811093e-12	1.527177750e-12	1.379026588e-12	1.596807290e-12	2.042617197e-12	1.621147486e-12	1.992655741e-12	2.183609478e-12	2.053167127e-12	2.073061281e-12	1.593491597e-12	1.855808076e-12	1.511277499e-12	1.791604215e-12	1.633882759e-12	1.385507259e-12	1.619640353e-12	1.860329474e-12	1.369983791e-12	1.044066305e-12	1.699744466e-12	1.877134006e-12	1.704718004e-12	1.612255402e-12	1.553100436e-12	1.977810483e-12	1.417684547e-12
1.390104015e-12	1.026884990e-12	1.394926840e-12	1.317535566e-12	1.060569410e-12	1.418588826e-12	1.134946418e-12	8.929762333e-13	1.095610249e-12	1.089204935e-12	1.095082753e-12	1.415649917e-12	7.822019664e-13	9.122675342e-13	8.737602890e-13	9.830274230e-13	9.173917860e-13	1.202918111e-12	1.175563649e-12	1.236828601e-12	1.119046166e-12	1.225675817e-12	1.362749553e-12	1.495301890e-12	1.314069161e-12	1.382342280e-12	1.537350897e-12	9.978726819e-13	1.312863455e-12	1.146249914e-12	1.385884043e-12	1.349336070e-12	8.770006247e-13	1.269382671e-12	1.412334225e-12	1.278651538e-12	1.324016238e-12	1.685502060e-12	1.039092766e-12	1.550462954e-12	1.415649917e-12	1.248207454e-12	1.175940432e-12	1.071646837e-12	9.598929333e-13	1.029145689e-12	1.336525441e-12	1.320775902e-12	1.792809921e-12	1.520546366e-12	1.007141549e-12	1.349938923e-12	1.275260489e-12	1.398242532e-12	1.698689473e-12	1.921971209e-12	1.489198002e-12	1.086115312e-12	1.525143121e-12	1.569000688e-12	1.614063961e-12	1.473975960e-12	1.724461445e-12	1.706601920e-12	1.448053274e-12	1.652119067e-12	1.584222730e-12	1.125526837e-12	1.420322029e-12	1.098624515e-12	1.111736571e-12	1.113771201e-12	9.785060244e-13	1.115805830e-12	1.509544296e-12	8.863448486e-13	1.264333776e-12	1.552799010e-12	1.728455347e-12	1.457397498e-12	1.350240350e-12	1.487766226e-12	1.543831569e-12	1.753398396e-12	1.977147344e-11	5.158094472e-11	4.429079225e-11	3.907588640e-11	3.647412291e-11	3.434522235e-11	3.320628203e-11	3.306302905e-11	3.440580909e-11	4.037842600e-11	6.412564063e-11	1.426392760e-10	2.407748773e-10	2.252388240e-10	1.850548182e-10	1.598357376e-10	1.430701653e-10	1.339921765e-10	1.255633851e-10	1.176469436e-10	1.109334201e-10	1.048871044e-10	9.966609471e-11	9.658340511e-11	9.205967041e-11	8.980884280e-11	8.758212932e-11	8.453530949e-11	8.229488110e-11	7.992890854e-11	7.822464268e-11	7.629717043e-11	7.400278669e-11	7.303656380e-11	6.990270704e-11	6.804041829e-11	6.760885079e-11	6.725309207e-11	6.629885089e-11	6.597217983e-11	6.839165561e-11	7.297002388e-11	8.431511737e-11	1.103867077e-10	1.481645005e-10	1.581285328e-10	1.466436527e-10	1.330070391e-10	1.206502073e-10	1.148157191e-10	1.087724177e-10	1.033676884e-10	9.974974058e-11	8.195261122e-11	8.024224147e-11	7.714448054e-11	7.406668912e-11	7.156597889e-11	7.150448786e-11	6.964770015e-11	6.806528598e-11	6.618476093e-11	6.458840578e-11	6.333673192e-11	6.356785075e-11	6.138190521e-11	5.960401591e-11	5.909573534e-11	5.823260034e-11	5.821670009e-11	5.933506804e-11	5.822807894e-11	5.721701885e-11	5.711227311e-11	5.591508210e-11	5.596888675e-11	5.449265009e-11	5.420086916e-11	5.352808504e-11	5.456152606e-11	5.287662686e-11	5.283307072e-11	5.276178333e-11	5.176195138e-11	5.138554494e-11	5.089022572e-11	5.036001637e-11	5.033484725e-11	5.027019125e-11	5.272018646e-11	5.743917023e-11	6.087829676e-11	6.654978851e-11	6.576668227e-11	6.943881154e-11	7.846518109e-11	8.411677868e-11	9.392218522e-11	8.912807088e-11	8.075308416e-11	8.215336132e-11	8.113785518e-11	8.069046279e-11	7.790535658e-11	7.448959061e-11	7.465650558e-11	7.152626594e-11	7.628986084e-11	6.948176482e-11	7.316482081e-11	7.258623249e-11	6.872209449e-11	6.952667738e-11	7.128859108e-11	6.817070993e-11	6.642891645e-11	6.699032345e-11	6.603193765e-11	6.618777519e-11	6.637141933e-11	6.496458615e-11	6.376302445e-11	6.318925897e-11	6.309091854e-11	6.237653756e-11	3.539946180e-11	3.271344958e-11	2.994431898e-11	2.885420976e-11	2.740171045e-11	2.716825556e-11	2.643812504e-11	2.601906674e-11	2.579676464e-11	2.499074997e-11	2.557649717e-11	2.560030987e-11	2.535720933e-11	6.620081189e-12	2.733939050e-13	9.734571292e-13	1.006086556e-12	1.279179035e-12	1.047005214e-12	9.613247095e-13	7.239512804e-13	6.603502728e-13	1.033742445e-12	8.922226668e-13	1.299826755e-12	9.665243180e-13	6.314886780e-13	7.466336303e-13	7.919983301e-13	1.099528795e-12	7.363851267e-13	8.091042883e-13	7.781327076e-13	7.554503577e-13	6.524378251e-13	9.111371845e-13	8.109882044e-13	2.634468280e-13	3.001455137e-13	8.539414916e-13	9.207828350e-13	1.236301104e-12
1.172323313e-12	8.996076180e-13	8.194281486e-13	1.005860486e-12	8.045075330e-13	6.825804828e-13	6.736130421e-13	5.251604531e-13	6.434703845e-13	3.977323679e-13	1.037510277e-12	7.340490707e-13	3.564369269e-13	9.585365137e-14	2.938155556e-13	6.542463846e-13	5.036084529e-13	2.685710798e-13	1.226655454e-12	8.458029740e-13	8.420351418e-13	5.389507190e-13	1.147681691e-12	1.267800181e-12	1.026734277e-12	8.870984150e-13	1.600725835e-12	1.345568238e-12	1.147606334e-12	1.519943513e-12	1.006312626e-12	8.483650999e-13	1.084156039e-12	7.195052384e-13	1.162602306e-12	7.458047072e-13	9.329152547e-13	9.645650452e-13	1.084457466e-12	5.090341313e-13	2.531983244e-13	7.134013502e-13	5.471645932e-13	4.740686484e-13	6.245558668e-13	1.249714587e-12	1.098624515e-12	1.112490138e-12	6.486699929e-13	1.019952179e-12	1.092972767e-12	6.764012380e-13	1.262751286e-12	1.231327566e-12	1.640664857e-12	1.628984577e-12	1.221305132e-12	8.825770164e-13	6.329958109e-13	6.400793355e-13	4.130297666e-13	5.594477262e-13	9.360802337e-13	1.125677550e-12	1.242480349e-12	1.232231845e-12	1.332305469e-12	7.620817424e-13	8.121185541e-13	1.011587591e-12	1.676911402e-12	1.340142560e-12	1.191087118e-12	1.321755539e-12	7.880797846e-13	1.344136462e-12	1.302765664e-12	9.732310593e-13	1.257325608e-12	1.350391063e-12	9.896588077e-13	1.151449523e-12	1.583619877e-12	1.740964550e-12	2.637557902e-12	4.242865421e-11	5.498849681e-11	4.802870787e-11	4.278561864e-11	3.968205525e-11	3.946231527e-11	4.023509766e-11	4.425123001e-11	6.160209733e-11	1.332551131e-10	2.348262992e-10	2.397513834e-10	1.945440282e-10	1.678972407e-10	1.508823886e-10	1.389956316e-10	1.303223079e-10	1.250406361e-10	1.169581838e-10	1.118077079e-10	1.063148114e-10	1.017227282e-10	9.826755075e-11	9.388593868e-11	9.223201105e-11	8.892498472e-11	8.627672618e-11	8.350420452e-11	8.225132496e-11	8.000509411e-11	7.867557684e-11	7.731606762e-11	7.406601091e-11	7.243303243e-11	7.059749530e-11	6.939254256e-11	6.834757197e-11	6.786091876e-11	6.706794080e-11	6.755150438e-11	6.886127821e-11	7.149830862e-11	8.212638364e-11	1.078672337e-10	1.479235853e-10	1.631831551e-10	1.560556222e-10	1.457973223e-10	1.333307712e-10	1.225057893e-10	1.143614692e-10	1.088591532e-10	1.059248408e-10	8.616994581e-11	8.298062656e-11	8.062309395e-11	7.902719094e-11	7.729752988e-11	7.517073932e-11	7.301071647e-11	7.333949751e-11	7.156499925e-11	7.028943733e-11	6.998627756e-11	6.929359928e-11	6.855811844e-11	6.768631742e-11	6.685739433e-11	6.616087287e-11	6.505946016e-11	6.500693658e-11	6.347787491e-11	6.200593358e-11	6.211821498e-11	6.085373049e-11	6.015268763e-11	5.965337451e-11	5.982910620e-11	6.020001160e-11	5.910229137e-11	5.888835386e-11	5.842528728e-11	5.789304330e-11	5.757850467e-11	5.671695216e-11	5.764300996e-11	5.628003433e-11	5.649578040e-11	6.246711624e-11	6.800236318e-11	7.105023801e-11	7.559771006e-11	8.054329126e-11	8.435008285e-11	8.475369304e-11	8.833275686e-11	8.466740968e-11	9.258890012e-11	8.690670772e-11	8.613445283e-11	8.267339752e-11	8.382115457e-11	8.542821036e-11	7.834928257e-11	8.029574469e-11	7.914150697e-11	7.805109633e-11	7.576703644e-11	7.590245233e-11	7.582619141e-11	7.406578484e-11	7.448891240e-11	7.328938534e-11	7.353972011e-11	7.283136766e-11	7.244802841e-11	7.210199070e-11	7.150124753e-11	7.073780937e-11	7.041159045e-11	6.347267530e-11	7.028574486e-11	6.291744755e-11	6.590933239e-11	6.788111434e-11	3.638520207e-11	3.360454190e-11	3.278127056e-11	3.121648984e-11	3.092161929e-11	2.922262839e-11	3.002095668e-11	2.881555180e-11	2.893702671e-11	2.939903830e-11	2.910039992e-11	2.836341194e-11	5.192072782e-13	9.381148631e-13	1.435318001e-12	7.721041760e-13	1.316254504e-12	8.598193098e-13	7.282466091e-13	5.237286769e-13	8.448233377e-13	3.703025494e-13	8.775281212e-13	8.146806800e-13	1.032009242e-12	1.997704637e-13	5.215433342e-13	9.042043732e-13	6.430182446e-13	5.713540760e-13	6.308858249e-13	9.077461355e-13	7.843873090e-13	3.129561432e-13	6.361607900e-13	9.731557027e-13	3.840928153e-13	4.504066621e-13	6.353318669e-13	5.329975441e-13	2.027093728e-14
5.625373486e-13	2.931373458e-13	3.111475837e-13	4.884617674e-13	1.008045829e-12	1.195608516e-12	9.485894367e-13	1.236677887e-12	1.392440071e-12	1.361995987e-12	1.106612319e-12	1.081367844e-12	1.083553186e-12	9.883023881e-13	8.332184145e-13	7.232730706e-13	6.782097974e-13	9.433144716e-13	8.855159255e-13	5.822054328e-13	6.848411821e-13	9.805406538e-13	4.511602286e-13	5.068487886e-13	4.012741301e-13	6.489714195e-13	8.935790864e-13	7.028514201e-13	9.648664718e-13	5.293050686e-13	2.851495415e-13	3.447566470e-13	4.700747463e-13	7.162649027e-13	8.827277297e-13	5.940364259e-13	8.870984150e-13	8.690128204e-13	9.675793110e-13	5.834111391e-13	8.522082888e-13	6.447514474e-13	5.137815999e-13	9.252288770e-13	8.966687088e-13	8.792613240e-13	8.203324283e-13	8.938051564e-13	8.607235896e-13	6.702973498e-13	9.233449609e-13	8.946340794e-13	1.267197328e-12	9.001351145e-13	7.930533231e-13	7.121202873e-13	4.941888724e-13	4.872560611e-13	4.091112211e-13	7.327680078e-13	6.607270560e-13	9.566525976e-13	5.227490405e-13	5.200362013e-13	7.820512531e-13	6.251587199e-13	6.100873911e-13	3.103186606e-13	2.339070235e-13	5.215433342e-13	3.248624930e-13	-5.583927332e-14	5.932828595e-13	7.767762880e-13	5.207897678e-13	7.111406509e-13	9.397727093e-13	1.209021999e-12	7.632120920e-13	5.491238660e-13	1.038715983e-12	6.509306922e-13	1.279028321e-12	8.411308621e-13	1.515497471e-12	1.873712814e-11	6.534287650e-11	5.507440338e-11	4.872229042e-11	4.469869776e-11	4.317099251e-11	4.421468204e-11	4.833699190e-11	7.075657317e-11	1.579639539e-10	2.428404029e-10	2.015738235e-10	1.742389544e-10	1.554475695e-10	1.449058532e-10	1.359963618e-10	1.275326049e-10	1.223754223e-10	1.163123774e-10	1.121087577e-10	1.075584975e-10	1.041013607e-10	1.000878658e-10	9.767313754e-11	9.552230820e-11	9.195695930e-11	8.994780045e-11	8.811196189e-11	8.566076097e-11	8.386900604e-11	8.182586135e-11	8.026763666e-11	7.766851064e-11	7.534752600e-11	7.400316347e-11	7.341342237e-11	7.279670360e-11	7.216762633e-11	7.089447583e-11	7.045409160e-11	7.155648395e-11	7.286557957e-11	7.671879086e-11	8.876477650e-11	1.161477231e-10	1.512966241e-10	1.690526087e-10	1.669056979e-10	1.562200504e-10	1.436775399e-10	1.356845360e-10	1.271519785e-10	1.209604506e-10	1.155911390e-10	1.119166736e-10	1.091254635e-10	1.057652354e-10	1.016122554e-10	8.354813745e-11	8.154485642e-11	7.960397069e-11	7.858838920e-11	7.689505005e-11	7.619664467e-11	7.495687716e-11	7.392682719e-11	7.187999002e-11	7.204200681e-11	7.081173424e-11	6.983285143e-11	6.887785668e-11	6.782384329e-11	6.644820776e-11	6.633404244e-11	6.547535348e-11	6.562041502e-11	6.374132174e-11	6.374215066e-11	6.430762692e-11	6.310470881e-11	6.303221572e-11	6.302648861e-11	6.057415734e-11	6.053482117e-11	6.000159756e-11	6.015185871e-11	5.956475509e-11	6.097339684e-11	6.535644069e-11	7.160832932e-11	6.982938502e-11	7.634554940e-11	8.257867422e-11	8.334987412e-11	8.795265794e-11	8.568495045e-11	8.483334501e-11	8.299110113e-11	8.334060525e-11	8.280414130e-11	8.353638181e-11	8.266360116e-11	8.043847017e-11	7.912718920e-11	7.814408643e-11	7.647154571e-11	7.804958919e-11	7.586379437e-11	7.569921546e-11	7.500879789e-11	7.400632845e-11	7.438725629e-11	7.353768548e-11	7.361711138e-11	7.286331887e-11	7.253137285e-11	7.280130035e-11	7.159310728e-11	7.149175259e-11	7.106832361e-11	7.077156914e-11	7.026735784e-11	6.808126159e-11	6.970029909e-11	6.916082087e-11	5.228809146e-11	3.556991853e-11	3.321336556e-11	3.196621310e-11	3.231232616e-11	3.205114003e-11	3.084023412e-11	3.049803960e-11	3.115108028e-11	3.020648474e-11	2.971628977e-11	3.044408424e-11	1.529739876e-12	1.326955147e-12	1.769223292e-12	1.909235936e-12	1.482039121e-12	1.456870001e-12	1.425898421e-12	1.122889355e-12	1.016335060e-12	1.503138981e-12	1.286111846e-12	1.170740824e-12	1.347678224e-12	1.211207342e-12	1.013697577e-12	1.372696630e-12	1.343835035e-12	1.150394530e-12	1.190634978e-12	1.025151787e-12	1.144139928e-12	9.869459685e-13	5.869529013e-13	8.671289043e-13	6.943361193e-13	8.375137432e-13	1.287845049e-12	1.411203875e-12	1.135097131e-12
1.027563200e-12	5.757247614e-13	9.082736320e-13	8.978744151e-13	9.295242057e-13	1.122738641e-12	1.368627371e-12	1.409470672e-12	1.404647847e-12	7.375908330e-13	1.264785916e-12	1.501556491e-12	1.281062951e-12	1.190634978e-12	1.172850810e-12	1.681432801e-12	9.491169332e-13	8.191267220e-13	7.932040364e-13	8.285463025e-13	8.636624987e-13	4.314167878e-13	2.388805620e-13	9.124936041e-13	5.658530410e-13	5.754233348e-13	9.617768494e-13	8.512286524e-13	8.533386384e-13	9.567279542e-13	7.555257143e-13	6.092584680e-13	8.351776872e-13	1.020931815e-12	8.344241208e-13	1.504193974e-12	1.178728628e-12	9.683328774e-13	9.687850173e-13	7.556010710e-13	1.425144854e-12	9.573308074e-13	9.617014927e-13	9.618522060e-13	1.191765327e-12	1.387994029e-12	1.408264966e-12	1.035852431e-12	1.156573775e-12	9.922209336e-13	1.173905803e-12	8.764731282e-13	1.262901999e-12	1.264785916e-12	1.910743069e-12	8.809945268e-13	1.289276825e-12	1.210227705e-12	8.137764003e-13	4.821318093e-13	1.014074360e-12	1.029371759e-12	8.503243727e-13	1.350014280e-12	1.223867258e-12	1.407888183e-12	1.117388320e-12	1.227785803e-12	1.261997720e-12	8.445219111e-13	1.027713913e-12	1.302916377e-12	1.113545131e-12	7.140042034e-13	8.629842889e-13	5.745944117e-13	6.748941051e-13	1.238561803e-12	8.770759814e-13	7.400022456e-13	1.138714250e-12	1.084984963e-12	1.500426142e-12	1.568397835e-12	1.696880913e-12	5.802687670e-12	6.277494814e-11	6.879014154e-11	5.839122608e-11	5.169006114e-11	4.773692694e-11	4.615300564e-11	5.380095145e-11	9.100030670e-11	1.861372410e-10	1.660834816e-10	1.308342809e-10	1.136820537e-10	1.014811348e-10	9.443574075e-11	8.853946013e-11	8.501653702e-11	8.042302206e-11	7.515197551e-11	7.122921004e-11	6.851569264e-11	6.645694913e-11	6.355089550e-11	6.094332954e-11	5.968185932e-11	5.842008767e-11	5.632434404e-11	5.408617635e-11	5.350201165e-11	5.217739255e-11	5.054313301e-11	4.924880729e-11	4.836110602e-11	4.706700637e-11	4.625549067e-11	4.524209452e-11	4.403736785e-11	4.482650263e-11	4.469756741e-11	4.382810245e-11	4.412478156e-11	4.394950201e-11	4.477759617e-11	4.804777310e-11	5.999406190e-11	8.534388628e-11	1.266732378e-10	1.518376848e-10	1.589720751e-10	1.549616698e-10	1.450104482e-10	1.357424852e-10	1.243472042e-10	1.208003177e-10	1.099452685e-10	1.035092082e-10	9.967747356e-11	1.002267481e-10	7.338388257e-11	7.160825396e-11	6.847394506e-11	6.719152569e-11	6.553435773e-11	6.397266664e-11	6.275467720e-11	6.080919472e-11	6.031477977e-11	5.799213729e-11	5.845445030e-11	5.753148212e-11	5.772386763e-11	5.710940956e-11	5.584552792e-11	5.447991482e-11	5.395415151e-11	5.322952202e-11	5.273148996e-11	5.258514736e-11	5.163957219e-11	5.077809503e-11	5.221921549e-11	5.175388821e-11	5.104229542e-11	5.046528960e-11	4.982897810e-11	5.074870594e-11	4.976929563e-11	5.034027293e-11	5.498299577e-11	5.883266530e-11	6.274194193e-11	6.566962291e-11	6.766740290e-11	6.781208766e-11	6.425201372e-11	6.377093690e-11	6.174791243e-11	6.068229413e-11	6.253493722e-11	6.140066902e-11	6.008886055e-11	5.775890847e-11	5.800728397e-11	5.849612252e-11	5.736253253e-11	5.773600005e-11	5.762341723e-11	5.607280356e-11	5.694588564e-11	5.670542259e-11	5.466521680e-11	5.346644331e-11	5.513996366e-11	5.437449087e-11	5.513823046e-11	5.505933205e-11	5.293743967e-11	5.350706054e-11	5.312666020e-11	5.413184248e-11	4.990757508e-11	5.157491618e-11	3.796196449e-11	3.477159024e-11	2.847991331e-11	2.606932962e-11	2.582170769e-11	2.516670774e-11	3.376814117e-11	2.531320105e-11	2.421352154e-11	2.356244014e-11	2.300653417e-11	2.323629658e-11	2.275868617e-11	2.238906183e-11	2.248581976e-11	3.098288425e-12	5.582420199e-13	9.422594785e-13	1.116182613e-12	8.975729886e-13	1.084608179e-12	1.219270502e-12	1.302464238e-12	1.099378082e-12	1.735840298e-12	9.361555904e-13	1.230800069e-12	6.978025249e-13	8.291491557e-13	1.449786477e-12	6.443746642e-13	8.390208761e-13	9.374366533e-13	1.339765776e-12	1.266443762e-12	1.385657973e-12	1.078052151e-12	1.046402361e-12	9.639621921e-13	9.579336605e-13	6.324683144e-13	8.989294082e-13	5.571116703e-13	9.027725970e-13
7.377415463e-13	8.690128204e-13	6.770794478e-13	4.919281731e-13	1.053485885e-12	2.308927577e-13	8.060900226e-13	9.572554507e-13	7.430918680e-13	9.579336605e-13	9.210842615e-13	3.496548289e-13	5.907960902e-13	8.386440928e-13	2.339070235e-13	4.993131242e-13	1.165315145e-12	8.149821066e-13	1.011135451e-12	8.123446240e-13	4.869546345e-13	7.451264974e-13	7.852915888e-13	9.426362618e-13	6.323176011e-13	5.366900197e-13	5.813765097e-13	6.892118675e-13	5.560566772e-13	4.860503548e-13	5.492745793e-13	4.181540184e-13	7.303565952e-13	5.056430823e-13	8.155096031e-13	1.480004491e-13	1.960779881e-13	5.759508313e-13	4.647244245e-13	3.837160321e-13	3.140864928e-13	2.432512473e-13	4.624637252e-13	9.057868628e-13	6.797169303e-13	3.447566470e-13	7.785848474e-13	1.137131760e-12	9.711964299e-13	6.366129298e-13	1.181064684e-12	2.358662962e-13	8.452001209e-13	5.116716138e-13	1.668396102e-13	6.353318669e-13	9.017176040e-13	9.916934371e-13	6.045109994e-13	7.343504973e-13	8.709720932e-13	9.008886809e-13	1.124999341e-12	9.290720658e-13	9.014161774e-13	4.929831661e-13	9.735324859e-13	7.768516446e-13	4.305125081e-13	9.274142196e-13	1.215578027e-12	6.988575179e-13	6.652484546e-13	5.494252926e-13	7.552242877e-13	9.170903594e-13	2.293856248e-13	4.498038090e-13	7.580124836e-13	1.929130090e-13	6.447514474e-13	3.684186333e-13	9.075200656e-13	5.781361740e-13	1.326804434e-12	2.651574238e-12	4.477526011e-11	6.074401122e-11	4.842666630e-11	4.337535973e-11	3.854673205e-11	3.788231251e-11	5.104704289e-11	1.264004467e-10	1.978240015e-10	1.533617729e-10	1.247279060e-10	1.091725614e-10	9.766906828e-11	8.942595569e-11	8.241793850e-11	7.777664743e-11	7.357310310e-11	6.944559363e-11	6.634067382e-11	6.263418192e-11	6.058455656e-11	5.920161143e-11	5.633044793e-11	5.437599800e-11	5.318551374e-11	5.163693470e-11	4.982829989e-11	4.819743139e-11	4.754732962e-11	4.665457946e-11	4.457812713e-11	4.298124448e-11	4.271237198e-11	4.172489851e-11	4.177305141e-11	4.130064061e-11	4.033343808e-11	3.953593871e-11	3.920806196e-11	3.946254134e-11	3.950052109e-11	3.967142996e-11	4.182444464e-11	4.819569819e-11	6.182417336e-11	9.653525221e-11	1.275258228e-10	1.465376259e-10	1.501900118e-10	1.467996410e-10	1.336661083e-10	1.189622184e-10	1.135320187e-10	1.078581909e-10	1.016344103e-10	9.441999121e-11	8.880305767e-11	9.397267417e-11	9.042541086e-11	8.672796176e-11	8.278349358e-11	8.004993131e-11	7.473630826e-11	7.341756699e-11	7.311538685e-11	6.914401634e-11	5.291023592e-11	5.236254383e-11	5.124892334e-11	5.033009978e-11	4.898204477e-11	4.806631083e-11	4.857082357e-11	4.800286054e-11	4.847376421e-11	4.487540909e-11	4.679421532e-11	4.558406297e-11	4.569724865e-11	4.508949732e-11	4.447240176e-11	4.347980404e-11	4.331477299e-11	4.321063011e-11	4.414490178e-11	4.638495339e-11	4.973628942e-11	5.749870198e-11	5.983626508e-11	6.426376935e-11	5.728679910e-11	6.458735078e-11	6.065704965e-11	5.746931289e-11	5.517025703e-11	5.295130529e-11	5.329025948e-11	5.338566099e-11	5.203700313e-11	5.367917512e-11	5.298544185e-11	5.262779922e-11	4.882809115e-11	4.899206721e-11	5.059068306e-11	4.866999291e-11	4.935611515e-11	4.855567688e-11	4.945362665e-11	4.797573215e-11	4.669301135e-11	4.764182686e-11	4.873788925e-11	4.596099691e-11	4.382689675e-11	4.400699913e-11	4.411815018e-11	4.306119788e-11	4.376420002e-11	4.050336731e-11	2.804593440e-11	3.516201302e-11	2.387697877e-11	2.276584505e-11	1.951835047e-11	1.840329821e-11	1.766224097e-11	1.925317044e-11	1.693459721e-11	1.725787722e-11	1.623167044e-11	1.761107381e-11	1.627145875e-11	1.614312638e-11	1.591788537e-11	1.608675961e-11	4.951685088e-12	6.992343011e-13	8.601207364e-13	1.064111172e-12	8.681085407e-13	7.989311414e-13	5.784376006e-13	8.454261908e-13	7.360837001e-13	4.881603409e-13	8.438437013e-13	6.230487339e-13	1.081970697e-12	8.716503030e-13	9.875488217e-13	1.013094724e-12	8.898112542e-13	1.141577802e-12	1.171192963e-12	1.258531314e-12	1.276164769e-12	7.580124836e-13	9.341963176e-13	8.742877855e-13	9.574061640e-13	7.732345257e-13	8.418090719e-13	7.283973224e-13	4.063230253e-13
2.019558063e-13	3.354877798e-13	4.526673615e-13	5.194333482e-13	2.033122259e-13	3.700011228e-13	4.161947457e-13	5.003681172e-13	2.524447579e-14	3.127300733e-13	2.528968978e-13	4.079808715e-13	7.836337426e-13	1.127712180e-12	4.830360891e-13	5.057937956e-13	-3.526690947e-14	1.681206731e-13	4.575655433e-13	1.415197777e-13	5.689426634e-13	4.675126204e-13	-1.496582953e-13	5.388753624e-13	9.948584162e-13	6.790387205e-13	5.097123411e-13	6.899654339e-13	4.739932918e-13	5.118976838e-13	5.201115580e-13	3.238074999e-13	3.642740179e-13	4.664576273e-13	-1.574953863e-14	6.438471677e-13	6.797169303e-14	3.393309686e-13	3.568137101e-13	-2.984123109e-13	2.002979602e-13	-6.933564829e-13	3.990134308e-13	5.189812083e-13	7.320144413e-13	2.526708279e-13	-4.114472771e-14	3.971295147e-14	3.545530108e-13	6.680366505e-13	8.904141074e-13	6.296801186e-13	2.354895130e-13	2.371473592e-13	3.937384657e-13	6.126495170e-13	3.418177379e-13	5.477674464e-13	1.739984914e-13	3.948688154e-13	2.797992198e-13	7.423383016e-13	2.551575971e-13	5.288529287e-13	6.806965667e-13	1.775402536e-13	4.164961723e-13	8.488172398e-13	1.044066305e-12	8.901126808e-13	5.219954741e-13	5.498774324e-13	6.760244547e-13	7.177720356e-13	4.771582708e-13	9.411291289e-13	3.440784372e-13	1.007819759e-12	9.136993104e-13	8.684099673e-13	1.221907985e-12	7.629860221e-13	1.340368630e-12	1.070064347e-12	9.791842342e-13	7.662263578e-13	3.391350414e-12	3.231699827e-11	3.265293819e-11	2.860086072e-11	2.845391527e-11	4.077819299e-11	1.060610856e-10	2.108930290e-10	1.620417280e-10	1.318760112e-10	1.156062856e-10	1.020732120e-10	9.451433773e-11	8.808423064e-11	8.372477342e-11	7.768207484e-11	7.525491269e-11	7.028702592e-11	6.762949851e-11	6.494853518e-11	6.294193846e-11	6.110308563e-11	5.802295816e-11	5.681702578e-11	5.401112113e-11	5.351346586e-11	5.143452676e-11	5.013198716e-11	4.842907772e-11	4.728538993e-11	4.580847506e-11	4.489914644e-11	4.414799141e-11	4.335644522e-11	4.325313126e-11	4.274123357e-11	4.141344950e-11	4.079914214e-11	4.009365324e-11	3.908929988e-11	3.890347040e-11	3.794063856e-11	3.982839785e-11	5.224363104e-11	9.004305125e-11	1.171910359e-10	1.139956881e-10	9.726206705e-11	8.259540340e-11	7.457429148e-11	6.979298776e-11	6.591732020e-11	6.210917218e-11	5.932896416e-11	5.682034147e-11	5.502964154e-11	5.282666540e-11	5.086912586e-11	4.880262060e-11	4.700114467e-11	4.605029453e-11	4.488633581e-11	4.406577731e-11	4.453411885e-11	4.268592180e-11	4.208404828e-11	4.084699361e-11	4.030517934e-11	3.910648120e-11	3.953940512e-11	3.904016735e-11	3.811795274e-11	3.729520890e-11	3.553743982e-11	3.574467059e-11	3.563826701e-11	3.614850685e-11	3.632167641e-11	3.581460156e-11	3.585830841e-11	3.834326911e-11	3.553683697e-11	3.594617426e-11	3.866466519e-11	4.582543031e-11	5.040266823e-11	6.183148295e-11	6.345217830e-11	6.351336789e-11	5.718732833e-11	5.377623447e-11	5.380811033e-11	4.968489619e-11	5.488277144e-11	5.398971985e-11	5.038624048e-11	5.124289481e-11	4.908543409e-11	4.943380785e-11	4.960577172e-11	4.899613646e-11	4.788620845e-11	4.593718421e-11	4.490577782e-11	4.630175965e-11	4.669964273e-11	4.217462697e-11	4.336156947e-11	4.537600328e-11	4.205450847e-11	4.312592924e-11	4.155579820e-11	3.911100260e-11	4.106560323e-11	4.043848524e-11	4.169144016e-11	4.040578046e-11	3.803837612e-11	3.939253502e-11	3.836632824e-11	3.697140140e-11	2.599058193e-11	2.321090139e-11	1.792448209e-11	1.631222669e-11	1.590718473e-11	1.843555085e-11	1.541819546e-11	1.487540156e-11	1.426938342e-11	1.392289357e-11	1.343759679e-11	1.332478789e-11	1.418279864e-11	1.405484306e-11	1.368868512e-11	1.355718778e-11	3.543269408e-13	5.805475866e-13	3.368441994e-13	4.981074179e-13	7.604238962e-13	4.140094030e-13	4.828853758e-13	7.174706090e-13	3.840174586e-13	7.188270286e-13	1.406908546e-13	5.815272230e-13	4.967509983e-13	8.149067499e-13	5.335250406e-13	-9.879256049e-14	4.750482848e-13	-9.442187513e-14	3.175528985e-13	2.295363381e-13	3.752760879e-13	2.929866325e-13	1.348130364e-13	-2.477726460e-13	1.213241971e-13	7.234237839e-15	5.498020758e-13	5.039098795e-13
4.345817669e-13	1.626196381e-13	1.851512747e-13	2.317970374e-13	2.849234716e-13	3.715082557e-14	5.541727611e-13	3.547037240e-13	4.207161443e-13	-3.115997236e-13	7.541692947e-13	3.871824377e-13	4.873314178e-13	8.135503303e-13	4.289300185e-13	4.699993896e-13	2.058743518e-13	4.226000604e-13	3.594511926e-13	9.179946391e-13	3.198889544e-13	2.652553874e-13	-3.216221573e-13	2.082857645e-13	2.026340161e-13	6.910957836e-13	1.585503793e-13	2.024079462e-13	2.342084500e-13	2.116014568e-13	3.619379619e-13	3.881620741e-13	7.882304979e-14	8.188252954e-13	7.279451826e-13	4.988609843e-13	6.952403990e-13	4.368424662e-13	7.859697986e-14	3.355631364e-13	1.124547201e-12	3.102433040e-13	3.338299336e-13	8.804670303e-13	8.733081491e-13	4.207161443e-13	7.361590568e-13	9.035261635e-13	5.909468035e-13	1.062151899e-12	9.768481782e-13	9.917687938e-13	8.268884563e-13	1.087999228e-12	1.268176965e-12	8.678071141e-13	1.150469886e-12	9.428623317e-13	8.644160651e-13	5.435474743e-13	5.788143838e-13	6.715030561e-13	5.607287892e-13	7.132506370e-13	6.262890696e-13	5.944885658e-13	7.600471130e-13	6.927536297e-13	5.635169850e-13	6.775315876e-13	6.066209855e-13	2.970558913e-13	8.332937711e-13	6.085049016e-13	6.118959506e-13	5.953928455e-13	7.047353362e-13	1.014526500e-12	5.021013200e-13	4.752743547e-13	3.473941296e-13	5.696962298e-14	2.002979602e-13	7.219166510e-13	1.164034082e-12	1.228539370e-12	2.790531890e-12	1.396705257e-11	3.544866969e-11	3.108227966e-11	3.300003090e-11	5.599315159e-11	1.718524095e-10	2.090637464e-10	1.571129513e-10	1.311094834e-10	1.166343763e-10	1.056204753e-10	9.712461653e-11	9.034990351e-11	8.532625282e-11	8.063055426e-11	7.753264261e-11	7.390007558e-11	7.095513793e-11	6.869918607e-11	6.639575953e-11	6.374192459e-11	6.156351472e-11	5.932120242e-11	5.708959076e-11	5.637475763e-11	5.416138228e-11	5.282101365e-11	5.106550527e-11	5.027079410e-11	4.889900175e-11	4.720566260e-11	4.623582259e-11	4.445725507e-11	4.440216937e-11	4.419983678e-11	4.339985064e-11	4.287936230e-11	4.217198948e-11	4.174223054e-11	4.212805656e-11	4.156469029e-11	4.079838857e-11	4.047970533e-11	4.096658460e-11	4.222496520e-11	4.422402626e-11	5.113536088e-11	6.512366402e-11	7.879042036e-11	8.601101865e-11	7.471031022e-11	6.429338452e-11	6.226787328e-11	5.979142788e-11	5.783916330e-11	5.554877346e-11	5.384880292e-11	5.228417292e-11	5.138531887e-11	4.940313770e-11	4.878453501e-11	4.761447239e-11	4.638879658e-11	4.512883349e-11	4.457571572e-11	4.399215387e-11	4.454240808e-11	4.381084578e-11	4.360225859e-11	4.305682720e-11	4.172889242e-11	4.079853929e-11	4.028385341e-11	4.041889251e-11	4.094518332e-11	3.987670146e-11	4.019139080e-11	3.970210011e-11	4.005687920e-11	4.449161770e-11	4.073026617e-11	4.525897441e-11	5.607031679e-11	6.428200566e-11	7.463517965e-11	7.597125295e-11	6.785202668e-11	6.270094791e-11	5.980175174e-11	5.986339348e-11	5.927666664e-11	5.977726083e-11	5.583128552e-11	5.184672760e-11	5.170234427e-11	5.245199217e-11	5.398225954e-11	5.188659126e-11	4.939590346e-11	5.204325773e-11	4.885499347e-11	4.992392747e-11	4.857014536e-11	5.004276490e-11	4.865462015e-11	4.572324670e-11	4.389622486e-11	4.512370923e-11	4.573959909e-11	4.756488772e-11	4.297167419e-11	4.352818301e-11	4.703098590e-11	4.207477941e-11	4.322050183e-11	4.415869205e-11	4.355674318e-11	4.142995261e-11	4.200786271e-11	4.113523277e-11	3.955214039e-11	3.926337373e-11	3.912652607e-11	1.842778912e-11	1.724521730e-11	1.964125716e-11	1.680189416e-11	1.588857164e-11	1.498278477e-11	1.589475088e-11	1.551540554e-11	1.562828979e-11	1.524088128e-11	1.594086915e-11	1.526439255e-11	1.508489303e-12	7.722548893e-13	8.814466667e-13	8.378905264e-13	6.452035873e-13	7.773791411e-13	2.953980451e-13	6.238023003e-13	1.329065133e-12	6.621588322e-13	7.124217139e-13	7.793384139e-13	7.888333510e-13	6.382707760e-13	1.115353690e-12	5.718062159e-13	2.158214289e-13	3.267464091e-13	4.935860192e-13	7.128738537e-13	8.338966242e-13	7.112160076e-13	1.031255675e-12	6.829572660e-13	8.878519815e-13	1.000058025e-12	6.616313357e-13	6.014967337e-13	7.509289590e-13
4.347324801e-13	3.667607871e-13	5.990099644e-13	6.069224120e-13	3.460377100e-13	4.099401442e-13	9.319356183e-13	1.003599787e-12	2.803267163e-14	8.384933795e-13	7.776052111e-13	8.205584982e-13	6.769287345e-13	1.008121186e-12	4.673619071e-13	1.325674084e-12	1.026734277e-12	6.710509162e-13	5.712787194e-13	6.519856853e-13	6.826558394e-13	7.338230008e-13	7.754198684e-13	8.280941626e-13	7.475379100e-13	2.727910519e-13	8.100839247e-14	4.002944938e-13	4.426449278e-13	2.443062404e-13	8.498722328e-13	5.964478385e-13	6.589938532e-13	6.842383290e-13	1.105481970e-12	8.489679531e-13	1.718508270e-12	1.092219200e-12	1.187771425e-12	8.396237292e-13	1.261470223e-12	1.298394979e-12	1.305403147e-12	9.067664991e-13	8.241756172e-13	7.793384139e-13	6.652484546e-13	4.416652914e-13	7.240266371e-13	8.456522607e-13	9.528847654e-13	8.095564282e-13	1.030728179e-12	5.482195862e-13	7.275683993e-13	6.189041185e-13	3.593004793e-13	2.580211496e-13	3.218482272e-13	9.957626959e-13	1.029145689e-12	5.576391668e-14	8.937297997e-14	2.314956109e-13	1.796502397e-13	5.327714742e-14	2.169517785e-13	3.581701297e-13	1.391083651e-13	7.452772107e-13	7.305073085e-13	8.030004001e-13	9.834795629e-13	7.247048469e-13	9.043550865e-13	9.151310867e-13	1.020705745e-12	1.017163983e-12	4.067751652e-13	8.846116458e-13	7.416600918e-13	8.760963450e-13	8.054871694e-13	1.138262110e-12	7.080510285e-13	8.967440655e-13	1.850909894e-12	6.880212325e-12	4.866456723e-11	3.958891443e-11	4.577531814e-11	1.053236455e-10	2.362691528e-10	1.909831254e-10	1.510397333e-10	1.329881999e-10	1.180924521e-10	1.092173233e-10	1.024480359e-10	9.613216953e-11	9.260073111e-11	8.673843633e-11	8.171101782e-11	7.574540908e-11	7.277552838e-11	7.055906341e-11	6.802919015e-11	6.657036088e-11	6.432119112e-11	6.212981991e-11	6.210811719e-11	6.146291360e-11	5.937696634e-11	5.792107597e-11	5.718333443e-11	5.632004871e-11	5.403998273e-11	5.202110287e-11	5.182623059e-11	4.979710224e-11	4.920193546e-11	4.813842714e-11	4.775749930e-11	4.737174864e-11	4.667469968e-11	4.618571042e-11	4.562211808e-11	4.515588652e-11	4.571646460e-11	4.537449615e-11	4.505679253e-11	4.426532170e-11	4.649422052e-11	4.981631818e-11	5.579232613e-11	7.323656033e-11	8.798807556e-11	9.541688426e-11	9.819377660e-11	7.487300522e-11	7.093140059e-11	6.758564094e-11	6.400589892e-11	6.378020577e-11	6.092079791e-11	5.966075946e-11	5.840237886e-11	5.633828502e-11	5.453906978e-11	5.303917114e-11	5.207920285e-11	5.156278376e-11	5.105050930e-11	5.090914023e-11	4.936576080e-11	4.899884930e-11	4.793873203e-11	4.858483990e-11	4.770203681e-11	4.720370333e-11	4.630658248e-11	4.624833179e-11	4.623371260e-11	4.618081224e-11	4.573002879e-11	4.683822360e-11	5.520190682e-11	5.655048933e-11	6.970542334e-11	7.862787608e-11	8.541600259e-11	8.623595823e-11	7.891724559e-11	7.556040852e-11	7.051113658e-11	6.541529423e-11	6.470890105e-11	6.317094730e-11	6.145432295e-11	6.230675731e-11	6.312362333e-11	5.585336501e-11	5.366583699e-11	5.322296599e-11	5.137831070e-11	5.087394868e-11	5.037764982e-11	4.925197227e-11	4.887533976e-11	4.761974736e-11	4.689850892e-11	4.656980324e-11	4.509251158e-11	5.055436115e-11	4.936236976e-11	5.054788048e-11	5.012739041e-11	4.966402240e-11	4.659843876e-11	4.817678367e-11	5.121282751e-11	4.794611699e-11	4.782720420e-11	4.767498378e-11	4.583160955e-11	4.538527215e-11	4.485257603e-11	4.635051540e-11	4.542815008e-11	4.433841765e-11	4.402516008e-11	3.517896826e-11	1.962181515e-11	2.392287097e-11	4.015672675e-11	-1.164260152e-13	7.309594483e-13	1.026357493e-12	8.940312263e-13	1.166972991e-12	1.053184459e-12	9.753410453e-13	7.203341615e-13	8.201063584e-13	7.150591964e-13	8.785831142e-13	8.827277297e-13	1.004353353e-12	6.591445664e-13	1.201184908e-12	1.265690195e-12	7.611774626e-13	9.456505275e-13	6.067716988e-13	7.691652669e-13	9.766974649e-13	6.640427483e-13	1.038037773e-12	4.707529561e-13	5.327714742e-13	8.376644565e-13	1.128390390e-12	9.640375487e-13	8.194281486e-13	1.041504179e-12	7.561285675e-13	3.302128147e-13	7.265887630e-13	7.068453222e-13	7.249309168e-13	9.525833388e-13
4.457345502e-13	4.462620467e-13	5.063966487e-13	9.992291015e-13	9.221392546e-13	7.803934069e-13	7.585399801e-13	9.928991434e-13	6.131770135e-13	6.888350842e-13	1.083101046e-12	1.040599899e-12	9.409030590e-13	5.732379921e-13	7.275683993e-13	8.086521485e-13	1.298771762e-12	1.074887172e-12	7.783587775e-13	1.055520515e-12	9.443694646e-13	1.352877833e-12	1.038565270e-12	7.167170426e-13	1.035626361e-12	8.483650999e-13	8.307316452e-13	1.130877159e-12	9.386423596e-13	9.059375761e-13	7.297537420e-13	1.104276263e-12	1.139844600e-12	1.140748879e-12	1.061021550e-12	9.528847654e-13	1.146400628e-12	9.756424719e-13	5.000666906e-13	6.700712798e-13	9.280170728e-13	1.175488292e-12	9.170150028e-13	1.240068936e-12	1.265539482e-12	1.353857469e-12	1.308944909e-12	1.168706194e-12	5.609548591e-13	9.562004577e-13	1.266820545e-12	6.886843710e-13	1.072325046e-12	4.345064102e-13	6.610284826e-13	7.780573509e-13	9.475344436e-13	7.204848748e-13	8.163385262e-13	8.927501633e-13	6.101627477e-13	1.104426977e-12	8.892084011e-13	7.486682597e-13	7.311855183e-13	3.628422416e-13	7.513057423e-13	4.518384384e-13	7.934301063e-13	3.047422690e-13	9.821985000e-13	9.714224998e-13	8.011918407e-13	9.702921502e-13	5.676616004e-13	7.715013229e-13	5.557552507e-13	7.040571264e-13	5.490485093e-13	2.290088416e-13	7.959168756e-13	9.011147508e-13	1.359057077e-12	1.078278221e-12	1.488821219e-12	1.315048797e-12	1.718960410e-12	6.701240295e-12	3.440535695e-11	5.199435127e-11	6.804818002e-11	1.978992075e-10	2.316010348e-10	1.748149052e-10	1.467619627e-10	1.308098654e-10	1.214718208e-10	1.131120561e-10	1.069417787e-10	1.010675776e-10	9.468984336e-11	9.015864834e-11	8.545375626e-11	8.125096551e-11	7.875522881e-11	7.638646806e-11	7.360219077e-11	7.231253716e-11	6.920030776e-11	6.794946282e-11	6.589192501e-11	6.379422210e-11	6.119411645e-11	5.999880937e-11	5.981049311e-11	5.863138770e-11	5.782348912e-11	5.579571718e-11	5.452083347e-11	5.453153412e-11	5.292184084e-11	5.281551262e-11	5.168945828e-11	5.151161660e-11	5.074011528e-11	5.055292938e-11	5.123596200e-11	4.981247499e-11	4.912688024e-11	4.957208730e-11	4.901723633e-11	4.888061473e-11	4.837791056e-11	4.948331717e-11	5.191123289e-11	5.944343090e-11	1.188718658e-10	1.032017531e-10	9.392557627e-11	8.710391606e-11	8.200430588e-11	7.883375043e-11	7.688879545e-11	7.414656717e-11	7.108475136e-11	6.925885987e-11	6.681293391e-11	6.527271946e-11	6.296273689e-11	6.216162041e-11	6.278218237e-11	6.082185463e-11	6.164957201e-11	5.936001109e-11	5.753645566e-11	5.925978676e-11	5.705454992e-11	5.686457582e-11	5.601025755e-11	5.477666928e-11	5.513107158e-11	5.499249071e-11	5.453831622e-11	5.455195577e-11	5.456160142e-11	5.296494484e-11	6.454695962e-11	6.948304589e-11	6.946156924e-11	9.860597744e-11	9.859331752e-11	9.132494312e-11	8.132308182e-11	8.086988696e-11	7.621412741e-11	7.348463440e-11	7.367016246e-11	7.409826356e-11	7.292654310e-11	7.286301745e-11	7.076184814e-11	6.657307371e-11	6.003972802e-11	5.949535163e-11	5.819477130e-11	5.816244330e-11	5.788558299e-11	5.655267467e-11	5.574688608e-11	5.533008848e-11	5.535299690e-11	5.486988545e-11	5.333479525e-11	5.704641140e-11	5.823071642e-11	5.585532429e-11	5.440742173e-11	5.806726786e-11	5.283879782e-11	5.283555748e-11	5.751181404e-11	5.410818049e-11	5.766930942e-11	5.216360229e-11	5.459438156e-11	5.453078055e-11	5.115879680e-11	5.579390862e-11	5.113257268e-11	5.010892803e-11	3.819406295e-11	8.214627780e-13	5.002174039e-13	3.053451221e-13	1.958519182e-13	1.804038061e-13	-1.269759454e-13	3.204164510e-13	4.571134035e-13	4.165715289e-13	4.353353333e-13	8.881534080e-13	3.736182417e-13	5.232765370e-13	8.403019390e-13	8.929762333e-13	5.149873062e-13	8.738356457e-13	1.017616123e-12	1.064563312e-12	1.038866696e-12	8.005889875e-13	1.232231845e-12	1.373676266e-12	6.684134337e-13	9.464040940e-13	1.186867145e-12	7.603485396e-13	9.861924021e-13	1.270739090e-12	1.240295006e-12	1.255441692e-12	8.495708062e-13	1.525896688e-12	1.509921079e-12	1.245193188e-12	8.051857428e-13	1.154539145e-12	5.152887327e-13	7.149838398e-13	7.699188334e-13
4.784393338e-13	9.897341644e-13	1.028844263e-12	5.057184389e-13	4.085837246e-13	5.357103833e-13	5.901178804e-13	3.455855701e-13	5.349568169e-13	6.947882591e-13	1.057555144e-12	1.039921689e-13	5.780608173e-13	5.021013200e-13	3.189093181e-13	1.210227705e-13	3.492026890e-13	6.798676436e-13	6.122727338e-13	-3.134836397e-14	6.313379648e-13	6.579388601e-13	5.610302158e-13	9.529601220e-13	1.067426864e-12	1.138186753e-12	7.084278117e-13	6.128755869e-13	8.190513653e-13	8.752674219e-13	1.287995762e-12	7.766255747e-13	5.464863834e-13	4.093372911e-13	6.627616854e-13	4.238811234e-13	3.438523673e-13	8.237988339e-13	5.052662991e-13	7.260612665e-13	4.234289835e-13	6.670570141e-13	2.019558063e-13	2.983369542e-13	5.718815725e-13	7.329940777e-13	7.679595606e-13	6.470121467e-13	4.980320612e-13	5.163437258e-13	5.671341039e-13	5.434721177e-13	3.218482272e-13	5.868021881e-13	7.416600918e-13	8.143792534e-13	3.477709128e-13	7.320897980e-13	8.100085681e-13	1.271341944e-12	8.731574359e-13	1.098473802e-12	9.676546676e-13	8.770006247e-13	7.935808196e-13	1.065769018e-12	8.883041213e-13	1.003976570e-12	6.709755596e-13	5.186797817e-13	8.439944146e-13	6.567331538e-13	5.655516144e-13	8.475361768e-13	1.089280291e-12	1.010683311e-12	2.770110239e-13	5.706758662e-13	7.580878402e-13	1.032913521e-12	8.112142744e-13	3.180050383e-13	6.565824405e-13	7.352547770e-13	6.027777966e-13	7.647192249e-13	1.424466645e-12	2.566119804e-12	1.039544906e-11	3.164353594e-11	1.480112251e-10	2.709335859e-10	1.979704949e-10	1.688630114e-10	1.512945141e-10	1.393168769e-10	1.290563163e-10	1.212480869e-10	1.165924781e-10	1.106438999e-10	1.055607175e-10	1.011017141e-10	9.679613692e-11	9.401864173e-11	9.098274860e-11	8.709298935e-11	8.441617063e-11	8.133144640e-11	7.948272185e-11	7.768147199e-11	7.557713770e-11	7.379902232e-11	7.174238879e-11	7.093102380e-11	6.880807642e-11	6.835714227e-11	6.559245770e-11	6.390974384e-11	6.239319138e-11	6.133390303e-11	6.085945760e-11	5.938291951e-11	5.904441747e-11	5.886152689e-11	5.793870943e-11	5.760239272e-11	5.734188481e-11	5.606677503e-11	5.566610375e-11	5.567205693e-11	5.450101468e-11	5.372725266e-11	5.357691615e-11	5.324451799e-11	5.352695469e-11	1.062698235e-10	1.574078972e-10	1.525913266e-10	1.345266058e-10	1.194763015e-10	1.088110756e-10	1.018555066e-10	9.733629334e-11	9.412014713e-11	9.021396012e-11	8.533559705e-11	8.458195525e-11	8.217257727e-11	8.024970178e-11	7.884934926e-11	7.684275254e-11	7.528091073e-11	7.358116626e-11	7.244546628e-11	7.133674398e-11	6.964574088e-11	6.868087441e-11	6.712091652e-11	6.758925806e-11	6.666267276e-11	6.666433061e-11	6.754042696e-11	6.912367005e-11	6.832180000e-11	7.033706273e-11	7.081625563e-11	1.114560185e-10	1.142436115e-10	1.093084295e-10	1.029578236e-10	9.356657722e-11	9.261602851e-11	8.610755051e-11	8.424330249e-11	8.356765482e-11	8.062075789e-11	8.063891884e-11	8.435490568e-11	8.132587001e-11	8.292516407e-11	7.092198101e-11	6.908840314e-11	6.779776990e-11	6.602462806e-11	6.555063477e-11	6.475177898e-11	6.315693097e-11	6.326762988e-11	6.229017884e-11	6.107482689e-11	6.090195875e-11	6.259198220e-11	6.467084595e-11	6.194979288e-11	6.292038646e-11	6.103488787e-11	6.498448030e-11	6.270999071e-11	5.994703935e-11	6.115515707e-11	5.926423280e-11	6.086857575e-11	5.925564214e-11	5.761949868e-11	6.214383624e-11	5.918782116e-11	3.123623328e-11	1.537803037e-12	1.051225186e-12	1.680679235e-12	1.151298809e-12	1.473448463e-12	1.865529083e-12	1.399674309e-12	1.327859427e-12	1.470358841e-12	1.364482756e-12	1.322584462e-12	1.491534058e-12	1.620619989e-12	1.690400242e-12	1.998307490e-12	1.329441916e-12	1.425069498e-12	1.755056242e-12	1.795372047e-12	1.374429833e-12	1.427631624e-12	9.545426115e-13	1.276842979e-12	1.407662113e-12	1.453252883e-12	9.253795903e-13	1.382719064e-12	5.712787194e-13	1.237280740e-12	1.004730137e-12	1.347979651e-12	1.070667200e-12	9.258317301e-13	1.279405105e-12	1.181064684e-12	1.255064908e-12	1.469605274e-12	1.268704461e-12	1.279103678e-12	8.695403169e-13	1.128013606e-12	1.156799844e-12	9.696139404e-13	9.678807376e-13
1.576687066e-12	1.417759903e-12	1.555210422e-12	1.309246336e-12	1.396283260e-12	1.688516326e-12	1.670355374e-12	1.470358841e-12	1.145270278e-12	1.240370363e-12	1.292140377e-12	9.127196740e-13	1.208720572e-12	1.134569634e-12	1.098925942e-12	8.009657708e-13	1.183702166e-12	1.521299932e-12	1.393419707e-12	1.107516599e-12	1.158533047e-12	1.158156264e-12	1.246323538e-12	1.270588377e-12	1.672013221e-12	1.372545917e-12	1.096288459e-12	1.536521974e-12	1.552196156e-12	1.843524943e-12	1.954449923e-12	2.003054958e-12	1.761310844e-12	1.373525553e-12	1.682638507e-12	1.632601696e-12	1.561163597e-12	1.540365163e-12	1.467570645e-12	1.625819598e-12	1.390330085e-12	1.480607344e-12	1.554682926e-12	1.691379878e-12	1.744129529e-12	1.354008182e-12	1.447073638e-12	8.090289317e-13	1.503967904e-12	1.455136799e-12	1.367572378e-12	1.426199847e-12	1.122060432e-12	1.455136799e-12	1.533583065e-12	1.493493331e-12	1.600122982e-12	1.493041191e-12	1.383924770e-12	1.410148882e-12	1.027939983e-12	9.112878978e-13	9.837056328e-13	1.250392797e-12	8.479883167e-13	1.493945470e-12	1.276918335e-12	1.531247009e-12	1.270739090e-12	1.249488517e-12	1.320022336e-12	1.363879903e-12	1.417533833e-12	1.589422339e-12	1.468022785e-12	1.637349164e-12	1.489725498e-12	1.723331095e-12	1.824384355e-12	1.546393695e-12	1.326126224e-12	1.349034644e-12	1.474503456e-12	1.391385078e-12	7.573342738e-13	8.474608202e-13	2.059421728e-12	2.370870738e-12	6.233426248e-12	1.717068958e-11	1.886384788e-10	2.575773743e-10	1.715335002e-10	1.532754896e-10	1.408830894e-10	1.308671364e-10	1.224244795e-10	1.161623423e-10	1.102519700e-10	1.054681795e-10	1.010618505e-10	9.593119336e-11	9.360093985e-11	9.058162519e-11	8.667393105e-11	8.455580649e-11	8.222834118e-11	8.069340170e-11	7.802328972e-11	7.597087616e-11	7.425960213e-11	7.214343685e-11	7.056961334e-11	7.091911745e-11	6.992591688e-11	6.913015072e-11	6.733515546e-11	6.695581011e-11	6.531190492e-11	6.347094210e-11	6.342391956e-11	6.292181824e-11	6.268241018e-11	6.169177173e-11	6.120391282e-11	5.905873523e-11	5.926498636e-11	5.898661892e-11	5.818542708e-11	5.749508486e-11	5.681921112e-11	5.755092414e-11	5.662682561e-11	5.562910364e-11	5.598508843e-11	8.606497401e-11	1.395091871e-10	1.684759797e-10	1.558972226e-10	1.344280393e-10	1.215736276e-10	1.145456409e-10	1.071838996e-10	1.027165317e-10	9.767358968e-11	9.359023920e-11	8.902460621e-11	8.820766483e-11	8.606565222e-11	8.196165402e-11	8.273217570e-11	8.253896127e-11	8.026658166e-11	7.876344268e-11	7.769933151e-11	7.579748053e-11	7.466396588e-11	7.423842691e-11	7.325924268e-11	7.393187609e-11	7.609152215e-11	7.764379366e-11	8.084079929e-11	8.027464483e-11	8.430946562e-11	8.733006135e-11	1.221869553e-10	1.178571133e-10	1.075436522e-10	1.016555855e-10	9.568568141e-11	9.437455116e-11	8.935383938e-11	8.833946360e-11	8.406244654e-11	8.668448098e-11	8.903191580e-11	8.604304522e-11	8.912030914e-11	8.759282997e-11	8.531886787e-11	7.740174812e-11	7.396209410e-11	7.347875659e-11	7.370942327e-11	7.258510214e-11	7.184005100e-11	7.117902252e-11	7.051332192e-11	7.058837714e-11	7.026645356e-11	7.017670379e-11	6.795262780e-11	6.921899620e-11	6.992531403e-11	6.703651708e-11	7.152814985e-11	6.877657735e-11	7.112823214e-11	7.149536971e-11	6.941477277e-11	6.601754453e-11	6.814056727e-11	6.687118460e-11	6.671572384e-11	7.004113719e-11	7.425930071e-11	1.018671116e-12	1.382869777e-12	1.437955484e-12	1.251673859e-12	1.226655454e-12	9.366077302e-13	8.806931003e-13	1.020027535e-12	6.976518116e-13	7.693913368e-13	8.503243727e-13	7.783587775e-13	7.371386932e-13	7.945604560e-13	1.330949049e-12	7.221427210e-13	8.846870024e-13	1.096966669e-12	6.763258813e-13	9.438419681e-13	5.993113910e-13	1.021007172e-12	7.378169029e-13	1.252653496e-12	1.217160516e-12	7.013442872e-13	1.077901438e-12	1.274205496e-12	8.686360372e-13	1.532377359e-12	1.449183624e-12	1.306382783e-12	1.064638669e-12	1.340368630e-12	1.995670007e-12	1.672917500e-12	1.504570757e-12	1.356570308e-12	1.359283147e-12	1.203596320e-12	1.173076880e-12	1.300957105e-12	1.175036152e-12	1.420924882e-12
1.559355038e-12	1.370435931e-12	1.365462392e-12	1.653701556e-12	1.723707878e-12	1.402311791e-12	1.527177750e-12	1.752795543e-12	1.643076269e-12	1.392741497e-12	1.338183287e-12	1.651290143e-12	1.674876773e-12	1.798763096e-12	1.369456294e-12	1.452574673e-12	1.668471458e-12	1.678946032e-12	1.369380938e-12	1.195533160e-12	1.489273358e-12	1.360639567e-12	1.556566842e-12	1.688742396e-12	1.206007733e-12	1.334566168e-12	1.330722979e-12	1.042333102e-12	1.286639342e-12	1.671410367e-12	9.500212129e-13	1.663045780e-12	1.289955035e-12	1.309020266e-12	1.099905578e-12	1.105708040e-12	1.040976682e-12	1.172775453e-12	1.004730137e-12	1.702457305e-12	1.606980437e-12	1.582790954e-12	1.660709724e-12	9.508501360e-13	1.433584798e-12	1.449183624e-12	1.373073413e-12	1.506077890e-12	1.083929970e-12	1.372922700e-12	1.372093777e-12	1.623860325e-12	1.432303736e-12	1.316254504e-12	1.481813051e-12	1.599670842e-12	1.774724327e-12	1.605473304e-12	1.849402761e-12	1.219496572e-12	1.072400403e-12	1.810669446e-12	1.757015515e-12	1.217235873e-12	1.786178536e-12	1.519717443e-12	1.839531041e-12	1.863720523e-12	1.782033921e-12	1.560636101e-12	1.536974114e-12	1.740587767e-12	1.348130364e-12	1.465611372e-12	2.033423686e-12	1.230121859e-12	1.421150952e-12	1.620544633e-12	1.567493555e-12	1.580680968e-12	1.931993643e-12	1.217612656e-12	1.069762920e-12	1.219948712e-12	1.355213889e-12	1.675253556e-12	2.072383071e-12	2.492270292e-12	8.335725907e-12	2.006106902e-11	1.981233181e-10	2.392330050e-10	1.937185716e-10	1.704672790e-10	1.563425050e-10	1.455726088e-10	1.383152364e-10	1.301585579e-10	1.244368033e-10	1.182008149e-10	1.126676780e-10	1.079200587e-10	1.065157876e-10	1.023692129e-10	9.948071737e-11	9.669538508e-11	9.372851865e-11	9.130241149e-11	8.842047199e-11	8.720090006e-11	8.474276633e-11	8.282780329e-11	8.169428864e-11	7.955091961e-11	7.851853359e-11	7.804928777e-11	7.502703420e-11	7.398010434e-11	7.260816128e-11	7.115407947e-11	7.101956786e-11	6.987618150e-11	6.882766915e-11	6.812135133e-11	6.713026074e-11	6.728549543e-11	6.587142800e-11	6.545892573e-11	6.447303476e-11	6.395631425e-11	6.414937797e-11	6.414010910e-11	6.147768351e-11	5.970521988e-11	6.214255518e-11	7.144126364e-11	9.834637380e-11	1.557672324e-10	1.832397027e-10	1.678622752e-10	1.480945696e-10	1.332044735e-10	1.233407409e-10	1.157612943e-10	1.098044269e-10	1.048527418e-10	1.020576132e-10	9.829121274e-11	9.562260790e-11	9.384177968e-11	9.066911425e-11	8.891669549e-11	8.688349787e-11	8.689178711e-11	8.459001841e-11	8.432762657e-11	8.329094522e-11	8.317150494e-11	8.244318297e-11	8.280934091e-11	8.381535211e-11	8.714219723e-11	8.869085163e-11	9.246719914e-11	9.199704903e-11	9.580014815e-11	1.226339709e-10	1.134724116e-10	1.069826974e-10	1.008026990e-10	9.807471310e-11	9.801465385e-11	9.584860247e-11	9.169675281e-11	9.019203134e-11	9.082201288e-11	9.335407148e-11	9.015118804e-11	9.354201095e-11	9.006761752e-11	9.213058101e-11	8.513025019e-11	8.044834189e-11	7.902055955e-11	7.878250791e-11	7.775268402e-11	7.620742067e-11	7.543727577e-11	7.541135308e-11	7.539258928e-11	7.753708866e-11	7.425319682e-11	7.086968349e-11	7.623477513e-11	7.116184120e-11	7.440202619e-11	7.067247516e-11	7.162588742e-11	6.934612286e-11	7.194788636e-11	6.884409690e-11	7.003804757e-11	6.870739995e-11	6.604972182e-11	6.970044980e-11	7.049719560e-11	7.538497826e-11	3.164557057e-11	1.707280130e-12	1.560636101e-12	1.376765889e-12	1.532528072e-12	1.591381611e-12	1.555436492e-12	1.551291877e-12	1.621147486e-12	1.310979538e-12	1.330798336e-12	1.462220323e-12	1.747972718e-12	1.175412936e-12	1.050396263e-12	1.440819036e-12	1.364256686e-12	1.267197328e-12	1.446847568e-12	1.693715934e-12	1.402161078e-12	1.383547987e-12	1.760406564e-12	1.292592517e-12	1.953470286e-12	1.715418648e-12	1.250844936e-12	1.300731035e-12	1.369154868e-12	1.517833527e-12	1.317610923e-12	1.487464799e-12	1.839229614e-12	1.708184410e-12	1.745410592e-12	1.867186929e-12	1.532603429e-12	1.463953526e-12	1.499597219e-12	1.428234477e-12	1.879470062e-12	1.451745750e-12	1.706752634e-12	1.705471571e-12
1.944578202e-12	1.860781614e-12	1.400427875e-12	1.807956607e-12	1.933952916e-12	1.932370426e-12	1.662895067e-12	1.313089524e-12	1.658373668e-12	1.367421665e-12	1.078655004e-12	1.098699872e-12	9.779031712e-13	1.360714924e-12	1.793864914e-12	1.611878619e-12	1.855280579e-12	1.364332042e-12	1.578420269e-12	1.743978816e-12	1.912400915e-12	1.593717667e-12	1.881655405e-12	1.946386762e-12	1.453403596e-12	1.459055344e-12	1.872461894e-12	1.578570982e-12	1.791076718e-12	1.610371486e-12	1.688214899e-12	1.820616523e-12	1.097117382e-12	8.124953373e-13	1.029597829e-12	1.364407399e-12	1.414368854e-12	1.170137970e-12	1.653400129e-12	1.750685557e-12	1.559204324e-12	1.529212380e-12	1.721899319e-12	1.708485836e-12	1.838476048e-12	1.222510838e-12	1.534035205e-12	1.428611260e-12	1.324468378e-12	1.388973665e-12	1.392590784e-12	1.474880239e-12	1.186264292e-12	8.415830020e-13	1.403818924e-12	1.271794083e-12	1.417458477e-12	1.465309946e-12	1.686180270e-12	1.347376798e-12	1.807730537e-12	1.931993643e-12	2.040507211e-12	1.874647237e-12	1.531925219e-12	1.631622059e-12	1.592210534e-12	1.805017698e-12	1.531171653e-12	1.539837667e-12	1.371038784e-12	1.501179708e-12	1.162526949e-12	1.535919121e-12	9.347238141e-13	7.778312810e-13	1.135021774e-12	7.552996444e-13	6.242544402e-13	1.068029718e-12	7.915461902e-13	9.281677861e-13	1.264409132e-12	1.439085833e-12	1.973213727e-12	1.817752970e-12	1.840359964e-12	1.776457529e-12	6.392127341e-12	1.140816700e-11	3.359384125e-11	1.620758645e-10	1.339223962e-10	1.226281685e-10	1.211715245e-10	1.175073831e-10	1.126110098e-10	1.093495742e-10	1.053530346e-10	9.973173035e-11	9.506316017e-11	9.327811198e-11	9.071839750e-11	9.040845562e-11	8.527659279e-11	8.502294233e-11	8.260700832e-11	8.025768958e-11	8.097252271e-11	7.558791370e-11	7.376767396e-11	7.333535289e-11	7.299670013e-11	7.066343236e-11	5.991312886e-11	5.845136068e-11	5.621010337e-11	5.498691432e-11	5.420855554e-11	5.299885533e-11	5.293698753e-11	5.207453074e-11	5.179684150e-11	5.215267558e-11	5.207505823e-11	5.194356089e-11	5.127522281e-11	5.147898718e-11	5.097914656e-11	5.093235008e-11	5.033688188e-11	4.984894761e-11	4.762517304e-11	4.775802680e-11	5.272161824e-11	6.137753453e-11	7.402765438e-11	1.107641691e-10	1.672605524e-10	1.851584336e-10	1.686208152e-10	1.464759089e-10	1.327943073e-10	1.239884312e-10	1.159505902e-10	1.102886687e-10	1.048187560e-10	1.019364397e-10	9.959767088e-11	9.539744224e-11	9.296801939e-11	9.082676035e-11	8.854850293e-11	8.792522812e-11	8.606753613e-11	8.542436717e-11	8.281333481e-11	8.116739499e-11	8.148622895e-11	8.142210045e-11	8.367172234e-11	8.561283414e-11	9.094831062e-11	9.226049586e-11	1.160202197e-10	1.111548933e-10	1.020624360e-10	9.488230423e-11	9.267593704e-11	8.733511024e-11	8.523265987e-11	8.394210198e-11	8.103386302e-11	8.040764930e-11	7.424438009e-11	7.496154927e-11	7.186838510e-11	7.047044399e-11	7.516456007e-11	7.507473495e-11	7.509960264e-11	6.648731785e-11	6.391207990e-11	6.452525691e-11	6.597594767e-11	6.556156148e-11	6.342979737e-11	6.304675955e-11	6.321495558e-11	6.452563369e-11	6.298451496e-11	6.062442022e-11	6.056247706e-11	6.085561441e-11	6.140036759e-11	5.895542127e-11	6.349317231e-11	6.561687326e-11	6.454914497e-11	6.385443206e-11	6.194225722e-11	6.242755401e-11	5.951871219e-11	6.038621787e-11	6.249914282e-11	5.964297529e-11	6.773936850e-11	3.654616386e-11	1.503892547e-12	8.146053233e-13	1.151374166e-12	1.016787200e-12	1.070591844e-12	1.075113242e-12	9.971191155e-13	8.074464421e-13	9.025465271e-13	1.316103790e-12	1.350466420e-12	8.488172398e-13	1.093877047e-12	1.312486671e-12	1.260264517e-12	1.294175007e-12	1.175488292e-12	1.434790505e-12	1.363050980e-12	1.286865412e-12	1.159588040e-12	8.329169879e-13	7.768516446e-13	1.088903508e-12	9.346484575e-13	4.645737112e-13	6.693930701e-13	8.197295751e-13	9.702921502e-13	1.055520515e-12	1.090184571e-12	7.589167633e-13	7.255337699e-13	9.596668633e-13	1.002921577e-12	9.253795903e-13	8.340473375e-13	5.707512228e-13	6.497249859e-13	7.756459383e-13	9.431637583e-13	8.403772956e-13	1.035927787e-12
1.216030167e-12	1.231252209e-12	1.450841470e-12	1.332531539e-12	1.557094338e-12	7.432425813e-13	1.155594138e-12	1.478949498e-12	1.081895340e-12	1.504570757e-12	1.376539819e-12	1.346397161e-12	1.614139318e-12	1.340368630e-12	1.434338365e-12	9.927484301e-13	1.295682140e-12	1.375258756e-12	1.187319285e-12	1.200958838e-12	1.433886225e-12	1.416478840e-12	7.607253228e-13	1.042333102e-12	9.634346956e-13	1.163205159e-12	1.015280067e-12	1.362824910e-12	1.053862669e-12	7.170938258e-13	1.238109664e-12	1.321077329e-12	1.143989215e-12	1.366140602e-12	1.058157997e-12	8.699924568e-13	7.990818546e-13	1.010381885e-12	6.335986641e-13	9.332920379e-13	1.019500039e-12	9.423348352e-13	5.763276145e-13	7.621570990e-13	3.272739056e-13	9.276402896e-13	3.829624656e-13	7.637395885e-13	9.611739962e-13	8.573325406e-13	2.400109116e-13	9.237971007e-13	9.057115061e-13	1.168856908e-12	8.370616033e-13	1.041654892e-12	7.014196438e-13	1.095308823e-12	8.353284005e-13	1.044970585e-12	9.874734650e-13	8.771513380e-13	9.702167935e-13	9.065404292e-13	8.366094634e-13	4.267446759e-13	9.304284854e-13	8.629842889e-13	9.460273108e-13	4.416652914e-13	7.296030287e-13	8.409047922e-13	7.937315329e-13	7.708231131e-13	6.446007341e-13	1.104276263e-12	6.279469158e-13	6.586170699e-13	6.255355032e-13	6.644195315e-13	8.076725121e-13	6.176230555e-13	7.820512531e-13	9.283184994e-13	1.062302613e-12	1.056500151e-12	1.150545243e-12	2.134853729e-12	5.217995468e-12	9.516639877e-12	3.357304282e-11	1.659375911e-10	1.369651468e-10	1.205562375e-10	1.068050818e-10	9.719258822e-11	9.077205143e-11	8.502776516e-11	7.964104616e-11	7.501301786e-11	7.170538868e-11	6.873716582e-11	6.521906553e-11	6.240758450e-11	5.993754441e-11	5.883590563e-11	5.683759814e-11	5.462633278e-11	5.214694847e-11	5.110371109e-11	4.929861803e-11	4.813247397e-11	4.658698455e-11	4.523470957e-11	4.354348041e-11	4.327400505e-11	4.197493186e-11	4.083222371e-11	4.024248261e-11	3.897136674e-11	3.911198223e-11	3.873203403e-11	3.838968880e-11	3.753499374e-11	3.641353616e-11	3.577978679e-11	3.560081476e-11	3.546449459e-11	3.516902119e-11	3.432254000e-11	3.387424333e-11	3.097165611e-11	3.060828637e-11	3.043353431e-11	3.081205073e-11	3.193870792e-11	3.435938940e-11	4.281410345e-11	7.395531200e-11	1.354339751e-10	1.749094025e-10	1.671402832e-10	1.459713961e-10	1.291617402e-10	1.163599274e-10	1.085112315e-10	1.026181912e-10	9.732521592e-11	9.371533123e-11	8.937034249e-11	8.526770071e-11	8.237430700e-11	7.958113763e-11	7.694689542e-11	7.552695017e-11	7.462538328e-11	7.473043044e-11	7.473276650e-11	7.729624882e-11	8.261431791e-11	9.370674058e-11	9.910076917e-11	1.020389247e-10	9.463927905e-11	8.893508251e-11	8.317738276e-11	7.913849270e-11	7.663725497e-11	7.435221545e-11	7.203153223e-11	7.094021731e-11	7.000579493e-11	6.835797119e-11	6.579727706e-11	6.624904014e-11	6.625582224e-11	6.521801054e-11	6.475524539e-11	6.952072421e-11	6.747870986e-11	6.830665331e-11	6.622846778e-11	5.983980685e-11	5.877659995e-11	5.815844940e-11	5.760616056e-11	5.665561185e-11	5.715085571e-11	5.560506487e-11	5.423869820e-11	5.404058558e-11	5.304723430e-11	5.058284596e-11	5.300752135e-11	5.222275725e-11	5.261536537e-11	5.263224526e-11	5.243202266e-11	5.345958585e-11	5.126731036e-11	5.079761240e-11	5.026597128e-11	5.099173112e-11	4.989061983e-11	4.499665793e-11	4.811491587e-11	5.816839648e-11	5.592367276e-11	1.195759229e-12	9.885284581e-13	9.728542761e-13	1.305855287e-12	1.325372657e-12	1.166897635e-12	1.026056067e-12	7.326172945e-13	1.536823401e-12	1.643980549e-12	1.505399680e-12	1.249789943e-12	1.192820320e-12	1.208494502e-12	9.935019966e-13	5.021013200e-13	1.448279344e-12	1.340745413e-12	1.372244490e-12	1.650310507e-12	1.016335060e-12	1.060946193e-12	1.010683311e-12	1.587613779e-12	1.179934334e-12	9.711964299e-13	1.177598278e-12	9.530354787e-13	1.234793971e-12	1.567041415e-12	1.489725498e-12	1.363578476e-12	1.503741834e-12	1.463576743e-12	1.047758780e-12	1.106913746e-12	1.387315819e-12	1.317610923e-12	1.340217916e-12	9.824245699e-13	8.987786949e-13	1.107441243e-12	1.742320970e-12
1.963718790e-12	1.153333439e-12	9.645650452e-13	1.087622445e-12	1.139467816e-12	9.295995623e-13	9.465548073e-13	1.029899256e-12	4.929831661e-13	6.051892092e-13	1.168178698e-12	1.081292487e-12	8.783570443e-13	5.563581038e-13	6.763258813e-13	8.007397008e-13	8.721024428e-13	1.463727456e-12	1.846087069e-12	1.291010028e-12	1.127561467e-12	8.349516173e-13	6.952403990e-13	1.476839512e-12	8.194281486e-13	1.038942053e-12	1.060117270e-12	8.935037298e-13	1.008874752e-12	1.192971034e-12	1.046402361e-12	1.479703065e-12	8.066928757e-13	8.023975470e-13	8.386440928e-13	1.169007621e-12	1.572919234e-12	1.127862893e-12	1.095610249e-12	1.454533946e-12	1.213920181e-12	9.895080944e-13	1.110229438e-12	1.152579872e-12	1.115202977e-12	6.724826925e-13	8.002875610e-13	9.260578001e-13	1.275938699e-12	1.477291652e-12	1.460562477e-12	1.397338253e-12	1.554532212e-12	1.638027374e-12	1.415649917e-12	1.503591121e-12	1.597636213e-12	1.119573662e-12	1.242932489e-12	1.184531090e-12	1.058082641e-12	1.273376573e-12	1.083402473e-12	1.110983005e-12	1.284604713e-12	1.068557214e-12	1.457924995e-12	1.183928236e-12	1.301861384e-12	1.162526949e-12	1.160869103e-12	1.410224239e-12	1.593039457e-12	1.367798448e-12	1.296737133e-12	1.160266250e-12	1.060343340e-12	1.258305244e-12	1.179557551e-12	1.737422788e-12	1.739231347e-12	1.653852269e-12	1.564027149e-12	1.727475711e-12	1.384452266e-12	1.396358616e-12	1.662593640e-12	2.564085174e-12	4.727046931e-12	1.154931000e-11	3.942825407e-11	1.427051377e-10	1.199513498e-10	1.071622722e-10	9.754721659e-11	8.988585729e-11	8.401889040e-11	7.920751939e-11	7.556440243e-11	7.140094784e-11	6.881297461e-11	6.549615191e-11	6.410913752e-11	6.136690924e-11	5.911555414e-11	5.768950500e-11	5.528457306e-11	5.364142144e-11	5.212999323e-11	5.011435371e-11	4.883012578e-11	4.747197298e-11	4.622233375e-11	4.558865973e-11	4.390383588e-11	4.243814915e-11	4.123681353e-11	3.972779673e-11	4.016840703e-11	3.923903354e-11	3.868116830e-11	3.787402328e-11	3.756257427e-11	3.653282573e-11	3.627322209e-11	3.591964872e-11	3.501891075e-11	3.511061979e-11	3.459239214e-11	3.450723914e-11	3.117406405e-11	3.029095954e-11	3.057520480e-11	3.056540844e-11	2.994936787e-11	3.000098717e-11	3.038312071e-11	3.238496997e-11	3.857159974e-11	5.678100530e-11	9.893008637e-11	1.187711893e-10	1.158308484e-10	1.010335164e-10	8.702290767e-11	7.798146679e-11	7.149883612e-11	6.954770189e-11	6.346159788e-11	6.215838007e-11	5.893477355e-11	5.772288800e-11	5.543980775e-11	5.456114928e-11	5.286351480e-11	5.463620450e-11	5.876891358e-11	6.797304945e-11	7.709120339e-11	8.862167423e-11	9.111085490e-11	8.867728743e-11	7.920827295e-11	7.421438815e-11	7.004950178e-11	6.628799953e-11	6.278504593e-11	6.083911130e-11	5.829409136e-11	5.675628832e-11	5.528457306e-11	5.488646391e-11	5.251107177e-11	5.138637386e-11	5.195117191e-11	5.171658668e-11	5.142925179e-11	5.231514450e-11	5.313811441e-11	5.468985843e-11	5.174665398e-11	5.409107453e-11	4.283120941e-11	4.437895952e-11	4.360346430e-11	4.418114833e-11	4.029364977e-11	4.133711322e-11	4.243355240e-11	4.085046001e-11	4.071270807e-11	3.897053781e-11	4.196340229e-11	4.228931978e-11	4.108926522e-11	4.127215580e-11	4.018475942e-11	4.032658062e-11	3.905569082e-11	3.904710016e-11	3.917980321e-11	4.056244692e-11	4.006735377e-11	4.073621934e-11	3.744207900e-11	4.224357830e-11	4.358537870e-11	3.754207727e-11	2.701324694e-11	1.402161078e-12	1.389651875e-12	1.117463676e-12	1.080162137e-12	1.640212717e-12	1.485882310e-12	1.374128406e-12	1.012567228e-12	1.154689858e-12	8.821248765e-13	1.338936853e-12	1.061699760e-12	8.833305828e-13	8.660739113e-13	9.779785279e-13	1.356118168e-12	1.416403484e-12	7.555257143e-13	1.027638556e-12	1.122813998e-12	1.158231621e-12	5.023273900e-13	6.591445664e-13	7.710491830e-13	9.464040940e-13	1.010984738e-12	7.939576028e-13	8.263609598e-13	6.592952797e-13	1.096288459e-12	9.632839823e-13	1.395680406e-12	9.358541638e-13	1.147003481e-12	1.218667649e-12	1.099905578e-12	1.307211706e-12	1.323413385e-12	1.297490699e-12	1.032838165e-12	9.623797025e-13	7.733098823e-13
9.515283458e-13	1.058308711e-12	9.103082614e-13	9.944062763e-13	1.639233080e-12	1.188072852e-12	9.971191155e-13	8.949355060e-13	8.306562885e-13	1.186716432e-12	1.197643146e-12	1.462295680e-12	1.522430282e-12	1.280460098e-12	1.288749328e-12	1.085738529e-12	1.564403933e-12	1.399146812e-12	1.934028272e-12	1.385884043e-12	1.205932376e-12	1.216331593e-12	1.203445607e-12	1.263354139e-12	1.200205271e-12	8.467826104e-13	6.222198108e-13	7.809209034e-13	1.113997271e-12	1.319645552e-12	7.110652943e-13	1.052204822e-12	9.837056328e-13	9.427116184e-13	8.366848201e-13	9.008133243e-13	1.461165330e-12	6.376679229e-13	1.100131648e-12	1.078504291e-12	9.604204298e-13	1.072249690e-12	6.644195315e-13	8.803163170e-13	9.362309470e-13	1.220250139e-12	1.328989776e-12	1.112791564e-12	1.206309160e-12	1.385657973e-12	1.464556379e-12	1.465988155e-12	1.208117719e-12	1.074510389e-12	1.719261836e-12	1.342252546e-12	1.702758731e-12	1.828152187e-12	1.862891600e-12	1.480305918e-12	1.157251984e-12	1.689646675e-12	2.047590735e-12	1.847518845e-12	1.677062116e-12	1.713459375e-12	1.605021164e-12	1.249187090e-12	1.412635651e-12	1.328085497e-12	1.331250476e-12	7.096335180e-13	8.617032259e-13	6.975010983e-13	1.218516936e-12	9.413551988e-13	8.880780514e-13	7.042831963e-13	1.178577915e-12	1.409847456e-12	9.869459685e-13	1.099905578e-12	9.990783882e-13	1.108797662e-12	9.387177163e-13	9.714224998e-13	1.665607906e-12	2.101847519e-12	7.465281310e-12	2.438729397e-11	8.599391269e-11	1.531722510e-10	1.246739506e-10	1.121041610e-10	1.026341669e-10	9.550557903e-11	8.954735525e-11	8.507305450e-11	8.034759006e-11	7.603568288e-11	7.390437091e-11	7.103697524e-11	6.947822306e-11	6.649628529e-11	6.323258904e-11	6.094152098e-11	5.933717803e-11	5.877675067e-11	5.609299914e-11	5.492195689e-11	5.333110278e-11	5.162796726e-11	5.024487142e-11	4.867119862e-11	4.717408817e-11	4.641615104e-11	4.609611137e-11	4.547298728e-11	4.506161536e-11	4.217816873e-11	4.228751122e-11	4.220130322e-11	4.083802617e-11	4.211599950e-11	3.995424345e-11	3.958416697e-11	3.908334671e-11	3.847182754e-11	3.772933853e-11	3.811252706e-11	3.453821072e-11	3.377198436e-11	3.411817278e-11	3.347937451e-11	3.256529842e-11	3.297704712e-11	3.310364628e-11	3.292105713e-11	3.288737271e-11	3.509954236e-11	4.098527305e-11	6.118017548e-11	9.497295827e-11	1.083700132e-10	1.008650189e-10	8.894872206e-11	7.899682221e-11	7.337619619e-11	6.909857629e-11	6.637729715e-11	6.395269713e-11	6.588514291e-11	6.419843514e-11	6.171648871e-11	6.441516085e-11	7.042470251e-11	8.606859112e-11	9.703426391e-11	1.017031355e-10	1.017406631e-10	9.169999314e-11	8.373562478e-11	7.730913481e-11	7.410625136e-11	7.110743371e-11	6.906293259e-11	6.815345326e-11	6.449556639e-11	6.219507876e-11	5.877079749e-11	5.777691871e-11	5.775137281e-11	5.540212943e-11	5.591395176e-11	5.420056774e-11	5.386839565e-11	5.320035900e-11	5.414608488e-11	5.280511340e-11	5.567951724e-11	5.469566089e-11	5.557002403e-11	4.760301818e-11	4.626913023e-11	4.528715780e-11	4.547539869e-11	4.580267260e-11	4.434082906e-11	4.586175221e-11	4.450804545e-11	4.336978334e-11	4.419900785e-11	4.309518373e-11	4.424271471e-11	3.993359573e-11	4.341032522e-11	4.007255338e-11	4.124728810e-11	4.195496235e-11	4.101782712e-11	3.994489922e-11	4.085724211e-11	3.809753109e-11	3.808042513e-11	3.889359868e-11	3.971212255e-11	3.906948109e-11	3.679582042e-11	3.792368331e-11	4.298373125e-11	5.536452646e-13	7.799412670e-13	2.515404782e-13	3.178543251e-13	8.300534354e-13	6.562810140e-13	3.217728706e-13	5.574884535e-13	5.485210128e-13	9.156585832e-13	1.037208850e-12	7.993079246e-13	8.678824708e-13	8.687867505e-13	8.595932399e-13	1.011964374e-12	9.634346956e-13	9.031493802e-13	1.177598278e-12	1.013170081e-12	7.037556998e-13	6.339000907e-13	9.413551988e-13	6.152116429e-13	7.384197561e-13	3.683432766e-13	8.199556451e-13	1.316028434e-12	7.761734348e-13	1.369607008e-12	1.043990948e-12	1.188298922e-12	6.950896857e-13	4.726368722e-13	6.121973771e-13	9.054100796e-13	1.039846333e-12	1.065316878e-12	1.034722081e-12	1.113695844e-12	1.366140602e-12
9.921455770e-13	6.470875034e-13	7.431672247e-13	1.047683424e-12	7.868740783e-13	6.854440353e-13	7.668292109e-13	1.037058137e-12	1.074510389e-12	1.159512684e-12	9.283184994e-13	9.567279542e-13	5.581666633e-13	1.060041913e-12	5.784376006e-13	6.241790836e-13	1.002846220e-12	8.381919530e-13	6.741405386e-13	1.079785354e-12	4.996145508e-13	7.853669454e-13	4.666836973e-13	5.734640620e-13	5.430199778e-13	1.026206780e-12	1.034872794e-12	8.383426663e-13	1.284755426e-12	8.188252954e-13	8.721777995e-13	8.706706666e-13	4.798711100e-13	6.878554479e-13	1.027638556e-12	8.570311140e-13	8.289230857e-13	1.078278221e-12	6.330711676e-13	1.005709773e-12	9.730049894e-13	9.255303035e-13	9.410537722e-13	9.790335209e-13	1.076921802e-12	1.167877271e-12	1.104803760e-12	5.192826349e-13	7.316376581e-13	6.950143291e-13	8.470086803e-13	7.362344134e-13	1.127486110e-12	9.678807376e-13	9.754164020e-13	1.009703675e-12	7.172445391e-13	9.460273108e-13	7.683363438e-13	1.034872794e-12	1.075414669e-12	9.975712554e-13	1.198622782e-12	5.285515021e-13	1.060192627e-12	9.941802064e-13	7.314869448e-13	8.549964846e-13	6.436210978e-13	7.108392243e-13	3.759542977e-13	2.682696532e-13	3.443798638e-13	5.853704118e-13	6.675091539e-13	7.543953647e-13	4.678140469e-13	6.017981602e-13	3.864288712e-13	9.213103315e-13	8.512286524e-13	1.099001298e-12	1.069160067e-12	1.286714699e-12	1.058911564e-12	1.363050980e-12	1.810292663e-12	2.724971609e-12	1.305531253e-11	4.248750775e-11	1.611487518e-10	1.733391961e-10	1.373074167e-10	1.208550266e-10	1.104717100e-10	1.031211215e-10	9.660691638e-11	9.155169127e-11	8.742350359e-11	8.356456520e-11	8.115812612e-11	7.729413884e-11	7.615399281e-11	7.226860424e-11	6.999434072e-11	6.798691507e-11	6.604911897e-11	6.414606228e-11	6.170277380e-11	6.055614711e-11	5.961501798e-11	5.727052206e-11	5.617476110e-11	5.470636153e-11	5.379447078e-11	5.245786998e-11	5.117801274e-11	4.932137574e-11	4.892409551e-11	4.768839726e-11	4.781409214e-11	4.631117923e-11	4.596717615e-11	4.510471936e-11	4.457029004e-11	4.435175577e-11	4.404505423e-11	4.315833260e-11	4.313813702e-11	4.267318652e-11	4.240325902e-11	4.117245896e-11	4.181472363e-11	4.154826254e-11	3.718948353e-11	3.584964240e-11	3.660953879e-11	3.592273834e-11	3.683598551e-11	3.684879614e-11	3.865976701e-11	4.433962335e-11	6.399406792e-11	1.021928783e-10	1.275162525e-10	1.252781602e-10	1.107417882e-10	9.798722403e-11	9.106782625e-11	8.483877069e-11	8.161207455e-11	7.854505913e-11	7.813722897e-11	8.175284076e-11	9.108327437e-11	1.026315294e-10	1.159516451e-10	1.202724444e-10	1.154684583e-10	1.063926548e-10	9.804057654e-11	9.167301546e-11	8.553152432e-11	8.141343443e-11	7.864332419e-11	7.751757129e-11	7.463299430e-11	7.351432492e-11	6.916157444e-11	6.739845504e-11	6.551190145e-11	6.502065149e-11	6.326958915e-11	6.300704660e-11	6.343032487e-11	6.024432131e-11	6.222966746e-11	6.280787899e-11	6.368925030e-11	6.467890911e-11	6.337569130e-11	6.414139016e-11	5.499949888e-11	5.183135484e-11	5.549851058e-11	5.343057355e-11	5.273970383e-11	5.190264223e-11	5.239223435e-11	5.188523485e-11	5.115246684e-11	4.892047839e-11	4.985844254e-11	4.898799795e-11	4.974759292e-11	5.112307775e-11	4.997049787e-11	5.047772345e-11	4.792848353e-11	5.092858225e-11	4.997999281e-11	4.511677642e-11	4.927977887e-11	4.987924098e-11	4.806209086e-11	4.729262417e-11	4.472688115e-11	4.865492158e-11	4.520426549e-11	4.620944776e-11	4.701418137e-11	4.370512041e-11	1.554720604e-11	8.834059395e-13	4.140847596e-13	1.056349438e-12	6.454296572e-13	8.659985547e-13	1.237808237e-12	9.983248218e-13	1.239315370e-12	1.254989552e-12	1.279857244e-12	9.332166812e-13	1.343081469e-12	1.408189609e-12	9.736831992e-13	7.262873364e-13	1.172700096e-12	8.704445967e-13	8.151328199e-13	1.147983117e-12	1.387466532e-12	1.121985075e-12	7.974993651e-13	8.614771560e-13	1.360187427e-12	1.303896014e-12	1.097795592e-12	1.121909718e-12	1.348205721e-12	1.040524543e-12	6.888350842e-13	5.544741877e-13	1.220400852e-12	9.128703873e-13	1.028015340e-12	9.981741085e-13	5.986331812e-13	1.007744402e-12	7.738373789e-13
1.005483703e-12	1.113620487e-12	7.584646234e-13	1.386110113e-12	1.206233803e-12	5.829589992e-13	8.603468063e-13	1.213241971e-12	9.958380525e-13	9.627564858e-13	1.132987145e-12	4.799464666e-13	3.887649272e-13	8.201063584e-13	1.054013382e-12	7.966704420e-13	6.798676436e-13	4.609565923e-13	5.518367052e-13	7.193545251e-13	4.696979630e-13	4.718833057e-13	1.025528570e-12	3.756528711e-13	3.941906056e-13	3.742210949e-13	7.082770984e-13	9.699153670e-13	7.558271409e-13	1.146099201e-12	1.450464687e-12	1.034872794e-12	8.552225545e-13	7.134013502e-13	9.579336605e-13	9.393959261e-13	6.656252378e-13	1.024021437e-12	1.343759679e-12	6.202605381e-13	9.664489613e-13	8.121939107e-13	5.547756143e-13	5.956942721e-13	5.920017965e-13	4.254636129e-13	8.315605683e-13	5.968999784e-13	8.727806526e-13	6.314133214e-13	6.075252652e-13	2.917809262e-13	4.721093756e-13	7.482914765e-13	9.431637583e-13	1.021459312e-12	9.320863316e-13	9.612493529e-13	1.189278558e-12	9.985508917e-13	7.787355607e-13	8.091796450e-13	9.167889328e-13	1.248282810e-12	1.214070894e-12	1.070591844e-12	9.302777721e-13	9.733064159e-13	1.198848852e-12	9.048825830e-13	7.656235046e-13	6.806965667e-13	1.130877159e-12	8.497968762e-13	8.131735471e-13	1.003599787e-12	8.798641772e-13	7.499493227e-13	1.166520852e-12	1.175412936e-12	1.315877720e-12	1.394625413e-12	1.513086058e-12	1.568247122e-12	1.818958677e-12	2.066354539e-12	2.637934685e-12	5.005188305e-12	1.690475598e-11	7.927910820e-11	2.127416028e-10	1.494872357e-10	1.595056001e-10	1.346284126e-10	1.178418159e-10	1.088449861e-10	1.015704325e-10	9.733471085e-11	9.355323909e-11	8.847736626e-11	8.564086681e-11	8.207747718e-11	8.130763370e-11	7.660093307e-11	7.277665873e-11	7.111918934e-11	6.844493276e-11	6.660773777e-11	6.488727023e-11	6.365797729e-11	6.188754829e-11	6.029300170e-11	5.902392046e-11	5.831406087e-11	5.589948328e-11	5.464208232e-11	5.300232174e-11	5.190867076e-11	5.119722868e-11	4.989808014e-11	4.987750777e-11	5.003213961e-11	4.932906212e-11	4.772592487e-11	4.774069477e-11	4.721093756e-11	4.690559244e-11	4.655518405e-11	4.595007019e-11	4.559483897e-11	4.509620406e-11	4.457594179e-11	4.435944215e-11	4.410172243e-11	4.353715045e-11	3.778713707e-11	3.790785842e-11	3.686100392e-11	3.708888241e-11	3.701548504e-11	3.697034641e-11	3.875305854e-11	4.393842458e-11	5.887373467e-11	9.805248289e-11	1.347904294e-10	1.386631581e-10	1.244107299e-10	1.109961169e-10	1.018153416e-10	9.590444175e-11	9.420062802e-11	9.756590504e-11	1.049124996e-10	1.183831026e-10	1.301547901e-10	1.324265668e-10	1.217015078e-10	1.137320906e-10	1.036818503e-10	9.710442095e-11	9.132727918e-11	8.298620295e-11	8.132097183e-11	8.091442273e-11	7.968641086e-11	7.806413303e-11	7.635157793e-11	7.583583706e-11	7.515408550e-11	6.928372756e-11	6.848607748e-11	6.750056329e-11	6.605228395e-11	6.534867896e-11	6.498410352e-11	6.563066352e-11	6.814878114e-11	6.746635137e-11	6.508229322e-11	7.150968747e-11	5.770683703e-11	5.731814746e-11	5.750879977e-11	5.570378207e-11	5.404668947e-11	5.659042835e-11	5.496491018e-11	5.348596068e-11	5.636157022e-11	5.490778984e-11	5.300269852e-11	5.251589460e-11	5.321844459e-11	5.368776577e-11	5.223443753e-11	5.278220498e-11	5.008556747e-11	5.350577948e-11	5.221130304e-11	5.378535263e-11	5.174891468e-11	5.098072905e-11	5.236744201e-11	5.062836138e-11	4.983779482e-11	5.506061312e-11	5.419830704e-11	5.131139400e-11	4.885454133e-11	4.749653925e-11	4.946477943e-11	3.232046468e-13	-9.555222479e-14	4.960727885e-13	3.227525069e-13	-8.537907783e-14	4.224493471e-13	1.799516662e-13	6.917739934e-14	1.481511624e-13	-1.122060432e-13	3.370702693e-13	4.770829142e-13	5.727104956e-15	5.749711949e-13	6.098613212e-13	6.366129298e-13	5.802461600e-14	4.840910821e-13	8.357805404e-13	7.926765399e-13	8.929008766e-13	6.256108598e-13	8.610250161e-13	7.485929031e-13	9.747381922e-13	7.329940777e-13	4.038362560e-13	5.115209005e-13	6.556028042e-13	4.828853758e-13	9.724021362e-13	5.207144111e-13	8.830291562e-13	6.948636158e-13	9.007379676e-13	4.351846200e-13	2.602818489e-13	6.021749435e-13	5.088834180e-13
2.431005341e-13	3.519908849e-13	5.097123411e-13	7.472364835e-13	1.063809746e-12	7.843873090e-13	9.633593389e-13	7.843119524e-13	6.867250982e-13	3.113736537e-13	5.791158104e-13	4.155918925e-13	6.335986641e-13	4.317935710e-13	4.397060187e-13	3.733168152e-13	4.513862985e-13	8.929762333e-13	6.947129025e-13	6.492728461e-13	9.645650452e-13	3.657811507e-13	6.726334058e-13	7.691652669e-13	4.922295996e-13	2.817584925e-13	6.183766220e-13	5.552277542e-13	6.784358674e-13	4.722600889e-13	6.568085105e-13	1.048361634e-12	1.077072515e-12	1.264710559e-12	9.796363740e-13	9.781292412e-13	8.230452675e-13	7.933547497e-13	9.573308074e-13	9.898848777e-13	1.238411090e-12	6.107656009e-13	9.080475621e-13	1.006237269e-12	1.179934334e-12	1.459808911e-12	1.215125887e-12	1.379704798e-12	1.122512571e-12	9.204060517e-13	1.318213776e-12	1.459432127e-12	1.425370924e-12	1.056048011e-12	1.292667874e-12	7.183748888e-13	1.065844375e-12	1.316782000e-12	1.377368742e-12	7.355562036e-13	1.214523034e-12	1.001263731e-12	1.323564098e-12	9.732310593e-13	1.357926728e-12	1.153785579e-12	1.385582616e-12	1.379930868e-12	1.004127283e-12	1.405627483e-12	1.306910280e-12	1.333209748e-12	1.461617470e-12	1.350843203e-12	1.197567789e-12	1.071345410e-12	1.110455508e-12	1.243987482e-12	6.189041185e-13	6.832586926e-13	7.742895187e-13	8.173935192e-13	7.883812112e-13	1.036003144e-12	9.733817726e-13	1.406154980e-12	2.806959638e-12	6.228904849e-12	2.771632443e-11	1.244261026e-10	1.876513821e-10	1.435520711e-10	1.699063242e-10	1.455932565e-10	1.294153907e-10	1.199154800e-10	1.107264908e-10	1.049485955e-10	9.947777846e-11	9.520128890e-11	9.150851191e-11	8.891737370e-11	8.676880506e-11	8.128939740e-11	7.804521851e-11	7.588052355e-11	7.413903150e-11	7.159536798e-11	7.021475890e-11	6.796167060e-11	6.653358683e-11	6.551521714e-11	6.339633902e-11	6.207789918e-11	6.012337390e-11	5.948713775e-11	5.802227995e-11	5.643293296e-11	5.565351919e-11	5.422302402e-11	5.456514318e-11	5.332793780e-11	5.378821618e-11	5.293608325e-11	5.169586360e-11	5.086023377e-11	5.056807606e-11	4.963146833e-11	5.042844020e-11	4.931037367e-11	4.810783234e-11	4.874708276e-11	4.520690297e-11	4.336194625e-11	4.185986226e-11	4.232910809e-11	4.165873538e-11	4.161691244e-11	4.157584307e-11	4.162135848e-11	4.177388033e-11	4.209248822e-11	4.305275794e-11	4.797603357e-11	6.848321393e-11	1.137184510e-10	1.533681029e-10	1.564241162e-10	1.383914220e-10	1.251308380e-10	1.206992644e-10	1.219688732e-10	1.270720251e-10	1.415356780e-10	1.497457090e-10	1.489989247e-10	1.352713555e-10	1.248236843e-10	1.158096732e-10	1.098057833e-10	1.047533464e-10	9.908923960e-11	9.391201208e-11	9.074733445e-11	8.888881353e-11	8.716367388e-11	8.462829958e-11	8.353163434e-11	8.262660105e-11	8.081962408e-11	7.425229254e-11	7.398869500e-11	7.276219026e-11	7.350626176e-11	7.279685431e-11	7.264599031e-11	7.232014818e-11	7.364657583e-11	7.552016808e-11	7.549567717e-11	7.559431901e-11	7.076810274e-11	6.589200036e-11	6.361125617e-11	6.512886363e-11	6.246093700e-11	6.193894153e-11	6.406919850e-11	6.141340429e-11	6.107671080e-11	6.164015243e-11	6.372474328e-11	5.873530451e-11	5.918797187e-11	5.954373059e-11	5.937824740e-11	6.038840322e-11	5.839830960e-11	5.909528320e-11	5.913552365e-11	5.740699295e-11	5.718205336e-11	5.906966194e-11	5.723058304e-11	5.707052553e-11	5.890802194e-11	5.567431763e-11	5.872219246e-11	5.979188002e-11	5.931479711e-11	5.883899525e-11	5.550657374e-11	9.103082614e-13	7.457293506e-13	8.085767918e-13	1.009779032e-12	7.511550290e-13	1.099830221e-12	1.027864626e-12	8.200310017e-13	5.746697683e-13	6.351811536e-13	5.962217686e-13	9.191249888e-13	7.326926511e-13	9.446708912e-13	2.583979328e-13	7.070713921e-13	1.129596096e-12	8.364587501e-13	9.158846531e-13	1.168404768e-12	1.043764878e-12	1.048889130e-12	1.604116884e-12	1.307060993e-12	1.135323201e-12	1.294250363e-12	1.674650703e-12	1.250769580e-12	1.656414395e-12	1.199979202e-12	8.936544431e-13	1.118443313e-12	1.454835372e-12	1.258154531e-12	8.583121770e-13	1.204802027e-12	1.894918174e-12	1.324769804e-12	1.633204549e-12
1.443984015e-12	1.403517497e-12	1.585127010e-12	1.857541278e-12	1.601479402e-12	1.852190957e-12	1.773443264e-12	1.666436829e-12	1.266217692e-12	1.368175231e-12	1.522354925e-12	1.503817191e-12	1.454760015e-12	1.258682027e-12	1.384602980e-12	1.174584012e-12	1.688591682e-12	1.772237557e-12	1.902453838e-12	1.639233080e-12	1.396886113e-12	1.886327517e-12	1.205857020e-12	1.192443537e-12	1.322056965e-12	1.423939148e-12	1.509845722e-12	1.579776688e-12	1.619941779e-12	1.403442141e-12	1.787082816e-12	1.965602706e-12	1.489725498e-12	1.714514368e-12	1.815492271e-12	1.137207117e-12	1.214296964e-12	1.439990113e-12	1.323111958e-12	1.251899929e-12	1.182571817e-12	1.325523371e-12	1.547976184e-12	1.040825969e-12	1.134042138e-12	1.398543959e-12	1.463350673e-12	1.025076430e-12	1.824685782e-12	1.548503681e-12	1.597786926e-12	1.651516213e-12	1.803133781e-12	1.519416016e-12	1.287091482e-12	1.642699486e-12	1.438482980e-12	1.276240125e-12	1.553175793e-12	1.148510614e-12	1.140522809e-12	1.059966557e-12	8.850637856e-13	1.228087230e-12	1.480531988e-12	1.277370475e-12	1.221832628e-12	1.215653384e-12	1.089657075e-12	1.020479675e-12	9.379641498e-13	1.344061105e-12	1.383171204e-12	1.954826706e-12	1.970500888e-12	2.057462455e-12	1.963115937e-12	1.883388607e-12	1.825891488e-12	1.561917163e-12	1.548579037e-12	1.764099040e-12	1.541420156e-12	1.989038623e-12	1.650461220e-12	2.406288361e-12	3.276883671e-12	1.310708254e-11	7.843549057e-11	2.083324856e-10	1.598899190e-10	1.360156531e-10	1.422337819e-10	1.641110214e-10	1.380910504e-10	1.255598433e-10	1.165495248e-10	1.095587642e-10	1.036885570e-10	9.874583937e-11	9.549909836e-11	9.273757878e-11	9.005842401e-11	8.489943279e-11	8.170453715e-11	7.895206036e-11	7.751651629e-11	7.433774697e-11	7.253446248e-11	7.326157874e-11	7.171887752e-11	6.883957550e-11	6.763665739e-11	6.583699001e-11	6.248814075e-11	6.249311429e-11	6.065742643e-11	5.885760835e-11	5.803652235e-11	5.757164721e-11	5.610136373e-11	5.604868943e-11	5.521795779e-11	5.462919633e-11	5.380524678e-11	5.307172521e-11	5.254407799e-11	5.170656424e-11	5.183406768e-11	5.105812032e-11	5.038948082e-11	5.049799438e-11	5.000810084e-11	4.952672260e-11	4.930751012e-11	4.821506485e-11	4.327091542e-11	4.416592629e-11	4.408989143e-11	4.415281423e-11	4.400496450e-11	4.310128762e-11	4.421754559e-11	4.627561090e-11	5.125736329e-11	6.306424229e-11	9.646893837e-11	1.480836429e-10	1.719255808e-10	1.658070734e-10	1.563318043e-10	1.605342937e-10	1.681930909e-10	1.681209745e-10	1.569537981e-10	1.436280306e-10	1.365436017e-10	1.269389453e-10	1.188799290e-10	1.130658625e-10	1.090258421e-10	1.049461087e-10	1.007233484e-10	9.859768821e-11	9.493437567e-11	9.267156636e-11	9.105260421e-11	8.948511066e-11	8.814685201e-11	8.689540422e-11	8.059159487e-11	7.905605253e-11	7.658797172e-11	7.866864403e-11	7.796609403e-11	7.739609638e-11	7.919094093e-11	8.003704533e-11	8.055572511e-11	7.907798132e-11	8.172201989e-11	8.212178689e-11	6.781216301e-11	6.751035965e-11	6.727615120e-11	6.717675579e-11	6.793672755e-11	6.717668043e-11	6.611490532e-11	6.441071481e-11	6.597240590e-11	6.665928172e-11	6.475479325e-11	6.299318098e-11	6.301684296e-11	6.430830513e-11	6.472012919e-11	6.508500606e-11	6.298926243e-11	6.252046875e-11	6.227518287e-11	6.056081922e-11	6.316619983e-11	5.921939559e-11	6.273433090e-11	6.230494875e-11	5.992511057e-11	5.856334065e-11	5.759674098e-11	5.932188063e-11	6.120496781e-11	6.072193172e-11	3.648572783e-11	1.213392684e-12	1.632601696e-12	1.410902449e-12	1.376916602e-12	1.206384516e-12	1.363201693e-12	1.434338365e-12	1.474880239e-12	1.338861497e-12	1.538405890e-12	9.206321217e-13	1.318665916e-12	1.127636823e-12	7.536417982e-13	1.577440632e-12	1.506756100e-12	1.298696405e-12	1.364181329e-12	1.055746585e-12	1.528006674e-12	1.203747034e-12	1.604116884e-12	1.304951007e-12	1.495075820e-12	1.183852880e-12	1.469982058e-12	1.253633132e-12	1.420924882e-12	1.103899480e-12	1.386486896e-12	1.037284207e-12	1.529965946e-12	1.024699647e-12	9.695385837e-13	9.760946118e-13	1.124170418e-12	1.354234252e-12	1.345718951e-12
9.711964299e-13	1.486861946e-12	1.251071006e-12	1.493342617e-12	9.919195070e-13	1.119799732e-12	1.343608965e-12	1.515572827e-12	1.339765776e-12	1.247679957e-12	1.681960298e-12	2.039904357e-12	1.313014168e-12	1.543379429e-12	1.367949161e-12	1.585880576e-12	1.798160243e-12	1.787007460e-12	1.340745413e-12	1.317761636e-12	1.459884267e-12	1.211433411e-12	1.228840796e-12	1.408114253e-12	1.186264292e-12	1.085889242e-12	1.504796827e-12	1.501104352e-12	1.364934896e-12	1.325071231e-12	1.545037275e-12	1.114449410e-12	1.451218253e-12	1.421000239e-12	1.296963203e-12	1.317761636e-12	8.094810715e-13	1.162150166e-12	1.594772660e-12	1.438633694e-12	1.385055120e-12	1.492890477e-12	1.981729028e-12	1.513613555e-12	1.546921191e-12	1.666964325e-12	1.959800245e-12	1.437578701e-12	1.825439348e-12	1.849025978e-12	1.958368468e-12	1.216180880e-12	2.083309784e-12	1.751439124e-12	1.366743455e-12	1.485128743e-12	1.748650928e-12	1.561841807e-12	2.155350736e-12	9.316341917e-13	1.816999404e-12	1.571186031e-12	1.578721695e-12	2.048193588e-12	1.634560968e-12	1.337806504e-12	1.763194760e-12	1.476764156e-12	1.795145977e-12	1.442929022e-12	1.512784631e-12	1.472694897e-12	1.584976297e-12	1.319268769e-12	9.287706392e-13	1.169987257e-12	1.177372208e-12	1.504872184e-12	1.418212043e-12	1.873667600e-12	1.804640914e-12	1.572693164e-12	1.895671740e-12	2.023702679e-12	2.135531939e-12	2.045857532e-12	4.197214366e-12	3.422728920e-11	9.642809507e-11	1.734227666e-10	1.314706678e-10	1.192087854e-10	1.118237589e-10	1.605270594e-10	1.609932156e-10	1.379168259e-10	1.272433861e-10	1.190198663e-10	1.112080198e-10	1.062365159e-10	1.001366970e-10	9.779544138e-11	9.280464619e-11	8.770352888e-11	8.509513400e-11	8.488044292e-11	8.118570665e-11	7.865952587e-11	7.782736245e-11	7.568874089e-11	7.461196980e-11	7.293242092e-11	7.079395007e-11	6.970286122e-11	6.710968838e-11	6.671813525e-11	6.450257456e-11	6.218972844e-11	6.112403478e-11	6.110248278e-11	6.083345956e-11	6.048810006e-11	6.008215381e-11	5.901299375e-11	5.843907754e-11	5.757338042e-11	5.678296458e-11	5.642230768e-11	5.196270148e-11	5.136188295e-11	5.108223445e-11	5.020568596e-11	4.943297893e-11	4.888656790e-11	4.814957992e-11	4.774401047e-11	4.799057741e-11	4.630492463e-11	4.694771681e-11	4.687695692e-11	4.703942584e-11	4.692254769e-11	4.715344045e-11	4.813111755e-11	4.976213675e-11	5.380343822e-11	6.258617974e-11	9.156050799e-11	1.452451841e-10	1.953844055e-10	2.074427497e-10	1.980746377e-10	1.832480673e-10	1.664405967e-10	1.500481152e-10	1.396046640e-10	1.316784261e-10	1.235169247e-10	1.197137503e-10	1.132904253e-10	1.076960987e-10	1.045241868e-10	1.003910256e-10	9.802203880e-11	9.661377384e-11	9.436362444e-11	9.411404324e-11	9.281037329e-11	9.117731946e-11	8.947327966e-11	8.428391972e-11	8.256465788e-11	8.113680019e-11	8.220219243e-11	8.043063308e-11	8.064886592e-11	8.244423797e-11	8.074615135e-11	8.383042344e-11	8.310119719e-11	8.372891804e-11	8.308205660e-11	7.438356381e-11	7.201276843e-11	7.160576719e-11	7.187004295e-11	7.249866807e-11	7.195225704e-11	7.054293709e-11	6.945448572e-11	6.892646171e-11	6.561732540e-11	6.852277617e-11	6.789686388e-11	6.564837233e-11	6.724540569e-11	6.713229537e-11	6.524792713e-11	6.458644650e-11	6.686364893e-11	6.434944986e-11	6.477830452e-11	6.255920206e-11	6.291006260e-11	6.330176644e-11	6.420589545e-11	6.245829952e-11	6.407703559e-11	6.330297214e-11	6.198724513e-11	6.425608298e-11	6.076910498e-11	1.757316942e-12	1.669451095e-12	1.723557165e-12	1.976152636e-12	1.712856522e-12	1.553477219e-12	1.609467206e-12	1.313918448e-12	1.772538984e-12	1.606000800e-12	1.277596545e-12	1.299676042e-12	1.899062789e-12	2.169141002e-12	1.470057414e-12	1.340745413e-12	1.259586307e-12	1.449032911e-12	1.343232182e-12	9.171657160e-13	1.112037998e-12	1.281891874e-12	1.434865861e-12	1.409470672e-12	1.775779320e-12	1.531020939e-12	8.297520088e-13	1.151750949e-12	5.981810413e-13	1.374881973e-12	1.420171316e-12	1.528835597e-12	1.440216183e-12	1.067954361e-12	1.710520466e-12	1.320549832e-12	1.434639791e-12	9.996812414e-13	1.439010477e-12
1.200657411e-12	1.417157050e-12	1.198396712e-12	1.428988043e-12	7.759473649e-13	1.040976682e-12	1.180989327e-12	7.280205392e-13	7.398515323e-13	8.685606806e-13	9.947830595e-13	9.237971007e-13	8.802409604e-13	1.081292487e-12	1.135097131e-12	8.901126808e-13	1.590251262e-12	1.157402698e-12	1.388672239e-12	1.488745862e-12	1.020781102e-12	1.255969188e-12	1.264409132e-12	1.436599064e-12	8.656217714e-13	1.105481970e-12	9.467808772e-13	1.255140265e-12	1.155669495e-12	1.008724039e-12	1.264258419e-12	1.480456631e-12	1.143009579e-12	6.204112513e-13	1.494699037e-12	1.225901887e-12	9.843084860e-13	8.791106107e-13	7.088045949e-13	8.639639253e-13	1.128917886e-12	1.171419033e-12	1.466440295e-12	1.148359900e-12	1.182345747e-12	1.110832292e-12	1.260339874e-12	6.415111117e-13	9.889052413e-13	1.299977468e-12	8.234974074e-13	1.315953077e-12	1.577817415e-12	1.126883257e-12	1.341951119e-12	1.458603204e-12	1.095308823e-12	1.075188599e-12	9.390944995e-13	1.050170193e-12	1.327708713e-12	1.462220323e-12	1.424843428e-12	1.285282923e-12	1.047457354e-12	1.610672912e-12	1.140748879e-12	1.445566505e-12	1.485957666e-12	1.608864353e-12	1.432454449e-12	1.230649356e-12	1.406004267e-12	1.928904021e-12	1.366517385e-12	5.223722573e-13	1.241274643e-12	1.132610362e-12	1.219722642e-12	1.300504965e-12	1.377218029e-12	1.670732158e-12	1.787534956e-12	1.419267036e-12	2.049550008e-12	2.967017150e-12	3.162853997e-11	4.533199500e-11	1.383974505e-10	1.227598919e-10	1.038327896e-10	9.220842442e-11	8.550756091e-11	9.318926650e-11	1.703526616e-10	1.362460937e-10	1.166778571e-10	1.071774943e-10	9.945720609e-11	9.335746253e-11	8.901179558e-11	8.597808780e-11	8.159685250e-11	7.775886326e-11	7.478822899e-11	7.172370034e-11	6.966405254e-11	6.741985633e-11	6.535998246e-11	6.344818439e-11	6.227337431e-11	6.082027214e-11	5.956000763e-11	5.828339072e-11	5.598614342e-11	5.472964674e-11	5.304218540e-11	5.252976022e-11	5.144733739e-11	5.054381122e-11	4.953621753e-11	4.929809054e-11	4.909703901e-11	4.883246183e-11	4.844610832e-11	4.806427620e-11	4.712699026e-11	4.686407093e-11	4.630869246e-11	4.601517834e-11	4.548338650e-11	4.475551667e-11	4.508836697e-11	4.080826029e-11	3.994987276e-11	3.961981066e-11	3.901703286e-11	3.885659857e-11	3.868877932e-11	3.833558273e-11	3.859737171e-11	3.880588355e-11	3.919125742e-11	4.037450745e-11	4.153191015e-11	4.577705134e-11	5.425459845e-11	6.809309258e-11	1.045323254e-10	1.638273037e-10	2.219216246e-10	2.219300645e-10	1.927895749e-10	1.691685826e-10	1.527414370e-10	1.414489425e-10	1.314202542e-10	1.257178662e-10	1.188297415e-10	1.140532606e-10	1.086691037e-10	1.048857480e-10	1.006317147e-10	9.688264634e-11	9.459052330e-11	9.200028937e-11	9.118907510e-11	8.946657292e-11	8.780375321e-11	8.685177273e-11	8.142699863e-11	7.993237495e-11	7.756806024e-11	7.861408581e-11	7.739323282e-11	7.660537911e-11	7.860315910e-11	7.705623791e-11	7.762442701e-11	7.900624179e-11	7.842524206e-11	7.809239177e-11	6.762565532e-11	6.670924317e-11	6.687419886e-11	6.545327398e-11	6.427808712e-11	6.209477907e-11	6.344034730e-11	6.145063047e-11	6.318323043e-11	6.188498617e-11	6.145620686e-11	5.937184209e-11	6.109230963e-11	5.946837395e-11	6.171543372e-11	5.883492600e-11	5.785641997e-11	6.044529748e-11	5.895089987e-11	6.083059600e-11	5.892460040e-11	5.911216309e-11	5.885851263e-11	5.857509629e-11	5.780578031e-11	5.815588728e-11	5.774210394e-11	5.849717752e-11	6.190992922e-11	8.960658557e-13	6.952403990e-13	5.412867750e-13	7.034542732e-13	5.494252926e-13	3.339806469e-13	4.112212072e-13	6.694684267e-13	8.060900226e-13	5.841647055e-13	1.135850697e-12	1.041127396e-12	9.389437862e-13	1.013697577e-12	7.999107777e-13	5.715801459e-13	7.987804281e-13	1.145119565e-12	6.793401471e-13	8.848377157e-13	7.052628327e-13	6.289265521e-13	6.130263002e-13	1.066522585e-12	8.545443447e-13	1.313315594e-12	8.136256870e-13	1.362222056e-12	9.727035628e-13	1.076921802e-12	1.043388095e-12	1.130651089e-12	1.106536963e-12	9.562758144e-13	9.855895489e-13	1.121834362e-12	8.718763729e-13	1.074359676e-12	1.080538921e-12	7.759473649e-13
6.120466638e-13	6.730101890e-13	4.482966761e-13	5.785129572e-13	5.379710826e-13	4.746715015e-13	1.024548934e-12	5.148365929e-13	7.338983575e-13	2.846974016e-13	1.073455396e-12	6.971243151e-13	1.219270502e-13	7.216152245e-13	5.699222998e-13	4.484473894e-13	6.627616854e-13	6.350304403e-13	6.365375732e-13	4.391031655e-13	1.514668548e-14	-1.296134280e-13	8.710474498e-13	6.562056573e-13	8.470840370e-13	7.190530986e-13	1.016410416e-12	8.103853513e-13	7.714259662e-13	7.419615184e-13	8.103853513e-13	9.732310593e-13	1.018294333e-12	1.325146588e-12	1.415725274e-12	9.161107230e-13	8.216134913e-13	6.890611542e-13	1.067803648e-12	5.409099918e-13	6.935825528e-13	8.748152820e-13	7.848394489e-13	7.414340219e-13	8.951615759e-13	5.727858522e-13	1.128917886e-12	7.658495746e-13	3.470927030e-13	8.467826104e-13	1.019349326e-12	1.028693549e-12	9.629071990e-13	1.122286501e-12	5.085819914e-13	1.020781102e-12	1.137809970e-12	9.250781637e-13	7.092567348e-13	9.885284581e-13	1.045648794e-12	6.912464969e-13	5.409853484e-13	6.233501605e-13	7.185256020e-13	5.075269984e-13	5.902685937e-13	1.213920181e-12	8.986279816e-13	1.081443200e-12	4.226000604e-13	8.039800365e-13	6.715030561e-13	8.573325406e-13	9.582350871e-13	1.032310668e-12	1.049115200e-12	1.232156489e-12	1.127787536e-12	1.221983342e-12	1.208494502e-12	1.388822952e-12	1.364407399e-12	1.813080858e-12	1.838476048e-12	2.584280755e-12	6.196802919e-12	5.892030507e-11	1.618133220e-10	1.233878388e-10	1.050105386e-10	9.379814819e-11	8.518797338e-11	8.281273196e-11	1.383577376e-10	1.154764462e-10	9.887100676e-11	8.678854850e-11	8.207152401e-11	7.701592211e-11	7.178202639e-11	6.827590780e-11	6.490128656e-11	6.053203298e-11	5.964403028e-11	5.693872676e-11	5.549587309e-11	5.407313965e-11	5.195915971e-11	5.110363573e-11	4.927699068e-11	4.763504476e-11	4.626280027e-11	4.528843886e-11	4.391634508e-11	4.359351722e-11	4.266150624e-11	4.168639127e-11	4.089876362e-11	4.066395232e-11	4.000360205e-11	3.944415432e-11	3.859382995e-11	3.899013054e-11	3.811433562e-11	3.761291251e-11	3.811840488e-11	3.734434143e-11	3.698014277e-11	3.352225244e-11	3.333288119e-11	3.287478815e-11	3.247147939e-11	3.239747917e-11	3.172838753e-11	3.166817757e-11	3.124625572e-11	3.031514902e-11	2.980596418e-11	3.046427982e-11	3.096110618e-11	3.122395015e-11	3.221360896e-11	3.371004120e-11	3.635656654e-11	4.475898308e-11	5.504961105e-11	7.238457811e-11	9.409806763e-11	1.219293863e-10	1.667486547e-10	1.912661649e-10	1.762490929e-10	1.500470602e-10	1.319910808e-10	1.220354131e-10	1.141494156e-10	1.037681336e-10	9.900333302e-11	9.465404895e-11	8.908067155e-11	8.553062004e-11	8.242992020e-11	7.866932223e-11	7.596989653e-11	7.457127721e-11	7.368010954e-11	7.168323382e-11	7.135113709e-11	7.061738945e-11	6.560835796e-11	6.474981971e-11	6.338850193e-11	6.279310909e-11	6.298828280e-11	6.276560391e-11	6.269069941e-11	6.226365331e-11	6.264804755e-11	6.400537142e-11	6.342000101e-11	6.433709137e-11	5.459310050e-11	5.326102110e-11	5.223006685e-11	5.246751563e-11	5.089534997e-11	5.177046668e-11	5.222230511e-11	5.160422992e-11	5.166971484e-11	4.886298127e-11	4.892989797e-11	4.757551301e-11	4.838544622e-11	4.858227778e-11	4.882515224e-11	4.744288532e-11	4.744718064e-11	4.576333643e-11	4.586672575e-11	4.537313973e-11	4.866434116e-11	4.592083182e-11	4.624531753e-11	4.544676317e-11	4.491625239e-11	4.571714281e-11	4.677288939e-11	4.582362175e-11	4.564517721e-11	1.134795704e-12	1.534939485e-12	1.633505975e-12	1.733805669e-12	1.775176466e-12	1.704416578e-12	1.540139093e-12	1.977584413e-12	1.541495513e-12	1.661086507e-12	1.454383232e-12	1.167651201e-12	1.110154082e-12	1.639007010e-12	1.538933387e-12	1.503138981e-12	1.614591458e-12	1.602232968e-12	1.720844326e-12	1.859425195e-12	1.653550843e-12	1.549634030e-12	1.065618305e-12	1.127712180e-12	8.726299393e-13	8.638885686e-13	5.798693768e-13	1.024021437e-12	1.038113130e-12	1.414293498e-12	1.770278285e-12	2.156481086e-12	1.488218365e-12	1.142180655e-12	1.414218141e-12	1.216557663e-12	1.168555481e-12	1.409169246e-12	1.184078950e-12	1.214447677e-12
1.106084823e-12	1.000811591e-12	1.034872794e-12	1.109023732e-12	1.102693774e-12	8.855912821e-13	4.865024947e-13	6.968982452e-13	4.916267465e-13	1.201712404e-12	7.519839520e-13	8.874751982e-13	7.604992528e-13	1.105105187e-12	8.897358976e-13	1.093198837e-12	1.062679396e-12	9.736078425e-13	1.380985861e-12	1.819260103e-12	1.377896238e-12	1.392892211e-12	1.547599401e-12	1.705697641e-12	1.350541777e-12	1.139392460e-12	1.433358729e-12	1.128013606e-12	1.659353304e-12	1.968993755e-12	1.438256910e-12	1.245042475e-12	1.129596096e-12	1.760481921e-12	1.093123480e-12	1.138714250e-12	1.242631062e-12	1.275109776e-12	1.141653159e-12	1.401633581e-12	1.324845161e-12	1.541947653e-12	1.434564435e-12	1.320248406e-12	8.072957289e-13	1.351822840e-12	1.179783621e-12	1.568021052e-12	1.182270390e-12	1.301032461e-12	9.193510587e-13	1.167274418e-12	1.137433187e-12	1.374731259e-12	1.308944909e-12	7.197313083e-13	1.357097805e-12	1.216557663e-12	1.098021662e-12	1.617681080e-12	1.024096794e-12	5.562827472e-13	3.695489829e-13	1.104125550e-12	4.769322009e-13	6.799430002e-13	6.730855456e-13	5.715801459e-13	5.693948033e-13	4.307385780e-13	1.009100822e-12	6.528146083e-13	5.791158104e-13	5.717308592e-13	4.632172916e-13	5.602766493e-13	1.977358343e-13	4.138586897e-13	8.447479810e-13	7.461061338e-13	9.056361495e-13	9.327645414e-13	7.293016022e-13	1.004051927e-12	2.279839912e-12	3.076585711e-12	1.611162730e-11	1.066048591e-10	1.529947107e-10	1.222516867e-10	1.078886349e-10	9.685996399e-11	8.908112369e-11	8.358687076e-11	8.437683446e-13	1.324920518e-12	1.415875987e-12	1.262073076e-12	1.287317552e-12	9.299009889e-13	1.141728516e-12	1.064186529e-12	1.174960796e-12	1.328462280e-12	1.078052151e-12	9.353266673e-13	9.103082614e-13	1.111133718e-12	1.097870949e-12	1.021459312e-12	8.789598975e-13	5.843154188e-13	8.412815754e-13	5.332236141e-13	6.017228036e-13	4.879342709e-13	4.017262700e-13	4.923803129e-13	6.037574330e-13	1.231402922e-12	1.155292712e-12	1.183702166e-12	8.858927087e-13	7.748170152e-13	6.555274475e-13	7.772284278e-13	9.503979961e-13	8.260595333e-13	1.367497022e-12	1.044895228e-12	4.452070537e-13	1.308191343e-13	8.156603164e-13	4.926817395e-13	1.416554197e-12	5.809243698e-13	8.792613240e-13	5.508570688e-13	5.391767889e-13	1.037434920e-12	9.103082614e-13	1.198924209e-12	1.472468827e-12	5.045127326e-13	9.305791987e-13	9.974958987e-13	1.051903396e-12	8.448233377e-13	5.697715865e-13	1.036681354e-12	1.289126112e-12	1.210303062e-12	1.442778309e-12	1.176844712e-12	1.382719064e-12	1.116860823e-12	1.303217804e-12	1.124471844e-12	9.947077029e-13	1.317309497e-12	1.662141500e-12	1.250618866e-12	1.046553074e-12	1.290859314e-12	1.049341270e-12	9.749642621e-13	1.082121410e-12	1.086492095e-12	1.181818250e-12	1.473975960e-12	1.546695121e-12	8.448233377e-13	8.823509464e-13	1.036379927e-12	1.027563200e-12	1.635088465e-12	1.420623456e-12	1.113545131e-12	1.064487955e-12	1.090787424e-12	1.340745413e-12	9.558990311e-13	1.414293498e-12	1.163732656e-12	1.193799957e-12	1.357851371e-12	1.487088016e-12	1.246323538e-12	1.069762920e-12	1.025980710e-12	1.341272909e-12	1.112339424e-12	1.365387035e-12	1.909763433e-12	1.377670168e-12	9.401494925e-13	1.244816405e-12	1.360790280e-12	9.435405415e-13	9.619275627e-13	5.620098521e-13	5.534945513e-13	6.666802309e-13	5.943378525e-13	1.015280067e-12	1.168706194e-12	1.194176740e-12	1.586935569e-12	1.169685831e-12	1.067803648e-12	7.604992528e-13	7.562792808e-13	8.633610721e-13	7.542446514e-13	7.592181899e-13	8.565789741e-13	7.535664416e-13	1.395906476e-12	6.779083708e-13	1.237506810e-12	1.259435594e-12	1.319946979e-12	9.456505275e-13	9.152817999e-13	8.547704147e-13	3.770846474e-13	5.573377402e-13	6.635152518e-13	3.635958081e-13	7.794891272e-13	1.052355536e-12	1.241123929e-12	1.191916041e-12	9.009640375e-13	2.725649819e-13	7.256091266e-13	6.663034476e-13	6.161159226e-13	1.275712629e-12	1.318515203e-12	1.437277274e-12	1.550915093e-12	6.541710279e-13	7.786602041e-13	1.235170754e-12	1.485806953e-12	1.097569522e-12	1.149640963e-12	7.458047072e-13	1.018445046e-12	1.394776127e-12
1.263580209e-12	1.445340435e-12	1.154463788e-12	7.302812385e-13	1.164410866e-12	1.146702054e-12	1.295380713e-12	1.357776014e-12	1.781581781e-12	1.550764380e-12	1.727098927e-12	1.578118842e-12	1.377218029e-12	1.491534058e-12	1.573974227e-12	1.839380327e-12	1.367723091e-12	1.381287287e-12	8.225177710e-13	1.416554197e-12	1.873441530e-12	1.524690981e-12	1.562369303e-12	1.209398782e-12	1.334189385e-12	1.626648521e-12	1.712027599e-12	1.898384580e-12	1.248282810e-12	1.546393695e-12	1.571638171e-12	1.372018420e-12	1.568473191e-12	1.501933275e-12	1.790398509e-12	1.551970086e-12	1.776532886e-12	1.511880352e-12	1.460336407e-12	1.378725162e-12	1.412861721e-12	1.451368966e-12	1.851588104e-12	1.311507035e-12	1.619866423e-12	1.498165442e-12	1.620092493e-12	1.913908048e-12	1.579023122e-12	1.312185245e-12	1.688214899e-12	1.450012547e-12	1.898158510e-12	1.492890477e-12	1.837270341e-12	1.513086058e-12	1.465837442e-12	1.631169919e-12	1.656112969e-12	1.414670281e-12	1.931616860e-12	1.796879180e-12	1.916620888e-12	2.074945197e-12	1.702532661e-12	1.351069273e-12	1.543002646e-12	1.574501723e-12	1.754980886e-12	1.931918286e-12	1.602760465e-12	1.611652549e-12	1.205404880e-12	1.687838116e-12	1.595676940e-12	1.911873419e-12	2.275167800e-12	1.765681529e-12	2.085570484e-12	2.084138707e-12	1.961533447e-12	1.800119516e-12	2.341481647e-12	2.396341284e-12	3.183215363e-12	5.189209230e-12	1.920192792e-11	1.639021328e-10	1.406233351e-10	1.219840952e-10	1.100847536e-10	1.014766888e-10	9.347366248e-11	8.701032311e-11	8.441926025e-11	1.069576036e-10	1.403730757e-10	1.151276202e-10	1.041264545e-10	9.694654878e-11	9.023988281e-11	8.547560969e-11	7.973350876e-11	7.656415902e-11	7.465107990e-11	7.189852776e-11	6.918727106e-11	6.737403949e-11	6.571536439e-11	6.455155638e-11	6.182485157e-11	6.044936674e-11	5.911005310e-11	5.805475866e-11	5.592397419e-11	5.471502755e-11	5.382830591e-11	5.314120403e-11	5.212908895e-11	5.102345626e-11	5.029287360e-11	4.963056405e-11	4.896328097e-11	4.883999750e-11	4.815153920e-11	4.787746708e-11	4.698735440e-11	4.713347093e-11	4.749028464e-11	4.637116312e-11	4.465762839e-11	4.171449930e-11	4.186280117e-11	4.137140050e-11	4.065392989e-11	4.126371585e-11	4.148473689e-11	4.239587407e-11	4.388461993e-11	4.557562303e-11	4.779043016e-11	5.194966478e-11	6.279054696e-11	7.914301410e-11	9.470348291e-11	1.135377458e-10	1.233000483e-10	1.176901983e-10	1.048448294e-10	9.653819112e-11	9.298633106e-11	9.431464262e-11	1.101454911e-10	1.533704389e-10	1.854812614e-10	1.777029486e-10	1.579229599e-10	1.426498260e-10	1.315349470e-10	1.245818648e-10	1.162193873e-10	1.094042831e-10	1.055888255e-10	1.021839863e-10	9.798865581e-11	9.514560034e-11	9.244112574e-11	9.238649217e-11	9.094612527e-11	8.900335563e-11	8.466560112e-11	8.511261674e-11	8.271454225e-11	8.166286492e-11	8.222299086e-11	8.353012721e-11	8.361430058e-11	8.434676716e-11	8.235403606e-11	7.444897338e-11	8.410426948e-11	7.231781213e-11	7.129100249e-11	6.900566154e-11	6.926903302e-11	6.946390530e-11	6.818645947e-11	6.752158779e-11	6.468531442e-11	6.648437894e-11	6.332083167e-11	6.600367891e-11	6.298700173e-11	6.518477826e-11	6.224451272e-11	6.217284855e-11	6.137693167e-11	6.425600762e-11	6.406671173e-11	6.133134090e-11	6.072532277e-11	6.123028764e-11	6.203351411e-11	6.162402611e-11	6.083783024e-11	6.176486768e-11	5.967115868e-11	5.856107995e-11	5.819454523e-11	5.942933921e-11	5.924298222e-11	1.563047513e-12	1.923629055e-12	1.762064410e-12	1.687838116e-12	1.855732719e-12	1.641041640e-12	1.817225474e-12	1.827247908e-12	2.004637448e-12	1.720693613e-12	1.612556828e-12	1.669451095e-12	1.216859090e-12	1.497939373e-12	1.951737084e-12	1.226881524e-12	1.538858030e-12	1.335847231e-12	1.488067652e-12	1.370134504e-12	1.701402312e-12	1.469228491e-12	1.244967118e-12	8.742124289e-13	9.828013531e-13	8.565036175e-13	8.222163444e-13	1.782184634e-12	2.006370651e-12	1.820013670e-12	1.617530367e-12	1.363879903e-12	1.643302339e-12	9.060129327e-13	1.176920068e-12	8.269638130e-13	6.303583284e-13	8.682592540e-13	9.182207091e-13	5.630648451e-13
1.377444099e-12	9.834042063e-13	1.004654780e-12	1.249865300e-12	1.294627147e-12	1.337505077e-12	1.190861048e-12	1.230046503e-12	1.075414669e-12	1.521073862e-12	1.221079062e-12	1.398694672e-12	1.820013670e-12	1.480381274e-12	1.696202703e-12	1.641569136e-12	1.542927289e-12	1.530493443e-12	1.727475711e-12	1.442853666e-12	1.834708215e-12	1.626422451e-12	1.493191904e-12	1.473674533e-12	1.410525665e-12	1.202239901e-12	1.708862620e-12	1.586106646e-12	1.370059147e-12	1.418890253e-12	1.418287400e-12	1.541796939e-12	1.790624578e-12	1.331476546e-12	1.120854725e-12	1.610371486e-12	1.032687452e-12	9.860416888e-13	1.086718165e-12	7.395501058e-13	7.788862740e-13	9.641882620e-13	1.240822503e-12	1.333360462e-12	9.740599824e-13	6.990082312e-13	9.311820519e-13	8.867216318e-13	9.849113391e-13	1.402613218e-12	1.402161078e-12	1.205555593e-12	1.260716657e-12	6.971243151e-13	9.074447089e-13	1.228539370e-12	1.031406389e-12	1.094630613e-12	1.259661664e-12	1.015656850e-12	7.858190853e-13	1.437804771e-12	1.092746697e-12	1.027563200e-12	8.192774353e-13	9.117400377e-13	9.613247095e-13	8.406787222e-13	1.149339537e-12	1.002996934e-12	1.715946144e-12	1.410450309e-12	1.244288908e-12	1.408792463e-12	1.724386088e-12	1.364030616e-12	1.432379092e-12	1.618133220e-12	1.112942278e-12	1.360714924e-12	1.114298697e-12	1.235170754e-12	1.726722144e-12	1.887910006e-12	2.745242547e-12	6.040437882e-12	7.713053956e-11	1.720271615e-10	1.394410647e-10	1.222889129e-10	1.116728195e-10	1.032868307e-10	9.621513719e-11	9.093745926e-11	8.619971169e-11	8.736691075e-11	1.413878282e-10	1.426660276e-10	1.210162898e-10	1.094172445e-10	1.022668032e-10	9.617489674e-11	9.147897211e-11	8.717196311e-11	8.337948928e-11	8.018572399e-11	7.867851575e-11	7.571684892e-11	7.300966148e-11	7.138361581e-11	6.893603201e-11	6.829165734e-11	6.604776255e-11	6.391818378e-11	6.233712603e-11	6.130391109e-11	5.997997020e-11	5.784669896e-11	5.813501349e-11	5.570626884e-11	5.583633441e-11	5.469490732e-11	5.437494301e-11	5.386718994e-11	5.284942311e-11	5.149601778e-11	5.203572206e-11	5.203632492e-11	5.168576581e-11	5.134085845e-11	5.067726784e-11	5.083529072e-11	4.956794268e-11	4.652798030e-11	4.550395886e-11	4.627124021e-11	4.670597269e-11	4.815417668e-11	4.972099203e-11	5.154786315e-11	5.587951377e-11	6.555643723e-11	8.008210860e-11	9.448291401e-11	1.124483148e-10	1.235130815e-10	1.247355924e-10	1.157237667e-10	1.045556859e-10	9.779220104e-11	9.351345078e-11	9.220940406e-11	9.868608155e-11	1.288661915e-10	1.763130707e-10	1.948130515e-10	1.820908153e-10	1.632961900e-10	1.461667959e-10	1.373620502e-10	1.287201503e-10	1.212401744e-10	1.146982381e-10	1.100482056e-10	1.065642419e-10	1.041653385e-10	1.019708023e-10	1.005861993e-10	9.826860574e-11	9.674142799e-11	9.246373273e-11	9.103399112e-11	9.084899056e-11	8.964245533e-11	8.962972006e-11	8.645095074e-11	8.916514635e-11	8.866387395e-11	9.099179140e-11	8.873410634e-11	8.954878702e-11	9.054281651e-11	7.594887202e-11	7.732737112e-11	7.555973031e-11	7.544918212e-11	7.344024934e-11	7.452101433e-11	7.461159302e-11	7.168933771e-11	7.183711209e-11	7.081693384e-11	7.005387246e-11	7.011287672e-11	6.831931323e-11	6.792670511e-11	7.054112853e-11	6.554792193e-11	6.630834582e-11	6.996562983e-11	6.771555580e-11	6.744238796e-11	6.564370022e-11	6.567286324e-11	6.562998531e-11	6.641316692e-11	6.434492846e-11	6.608009055e-11	6.243968643e-11	6.371894082e-11	6.430408516e-11	6.423505847e-11	1.187620712e-12	1.479853778e-12	1.525896688e-12	1.143386362e-12	1.025980710e-12	1.223339761e-12	6.934318395e-13	1.355892098e-12	1.597108716e-12	1.310979538e-12	1.096589886e-12	1.436222281e-12	1.038339200e-12	1.271869440e-12	9.353266673e-13	1.685803486e-12	1.573748157e-12	1.558224688e-12	2.138169421e-12	2.261528248e-12	1.742622396e-12	2.146081869e-12	1.993635378e-12	1.662819710e-12	1.584825583e-12	1.487238729e-12	1.870276551e-12	1.148661327e-12	1.404798560e-12	1.525067764e-12	1.434715148e-12	1.567418198e-12	1.257325608e-12	1.252804209e-12	1.244967118e-12	1.359358504e-12	1.468625638e-12	1.372093777e-12	1.554984352e-12
1.625141388e-12	1.598615849e-12	1.744958452e-12	1.623784968e-12	1.529739876e-12	2.048570371e-12	1.787987096e-12	1.952490650e-12	1.408340323e-12	1.758371935e-12	1.948421391e-12	1.650838004e-12	1.830638957e-12	1.309020266e-12	1.480079848e-12	1.129370026e-12	1.291688238e-12	1.208419146e-12	1.429063400e-12	1.460110337e-12	1.308869552e-12	1.027487843e-12	1.449635764e-12	1.800119516e-12	1.875099377e-12	2.243744080e-12	2.427463578e-12	2.284285954e-12	1.921142286e-12	1.807579823e-12	2.282628108e-12	1.837119628e-12	2.200564723e-12	1.889944635e-12	1.900268496e-12	1.516401750e-12	1.911647349e-12	1.443607232e-12	1.603287961e-12	1.831844663e-12	1.783691767e-12	1.802455572e-12	1.443984015e-12	1.403894281e-12	1.423336295e-12	1.444210085e-12	1.652269780e-12	1.603740101e-12	1.449108267e-12	1.522656352e-12	1.647899094e-12	1.642398059e-12	1.517230673e-12	1.743074536e-12	2.036437952e-12	1.883011824e-12	1.953696356e-12	1.726496074e-12	1.750685557e-12	2.100265029e-12	2.477500390e-12	2.251957954e-12	2.338467381e-12	2.170120638e-12	2.435903522e-12	2.014283098e-12	2.099285393e-12	1.900042426e-12	2.251807241e-12	2.466272250e-12	2.634242210e-12	2.411412613e-12	2.390011326e-12	2.300789059e-12	2.144725449e-12	2.819016701e-12	1.724687515e-12	2.189035156e-12	2.296116947e-12	2.002150679e-12	2.130935183e-12	2.728211945e-12	2.535298936e-12	3.274396902e-12	4.616272664e-12	1.345824451e-11	1.443727049e-10	1.555869793e-10	1.346967611e-10	1.218928383e-10	1.117000986e-10	1.038892318e-10	9.846815014e-11	9.197836059e-11	8.768755327e-11	8.489023928e-11	9.521907307e-11	1.621406713e-10	1.417181164e-10	1.246822399e-10	1.128335379e-10	1.045937410e-10	9.994408537e-11	9.481855250e-11	9.044402395e-11	8.643158408e-11	8.302282628e-11	8.043786732e-11	7.890533924e-11	7.579017093e-11	7.401687838e-11	7.221841671e-11	6.990496774e-11	6.807274629e-11	6.705264340e-11	6.617119673e-11	6.481289322e-11	6.307223010e-11	6.261760346e-11	6.147451853e-11	6.031915046e-11	6.079872014e-11	5.891450261e-11	5.786388028e-11	5.728227770e-11	5.611568149e-11	5.622298935e-11	5.620151271e-11	5.551478761e-11	5.523220020e-11	5.412438217e-11	5.375626496e-11	5.363373506e-11	5.346169584e-11	5.331497645e-11	5.245628749e-11	5.424774100e-11	5.708928933e-11	6.093293033e-11	6.758375703e-11	7.903050663e-11	8.920508537e-11	1.037116915e-10	1.191417933e-10	1.258731009e-10	1.242728272e-10	1.132712093e-10	1.039287940e-10	9.832278717e-11	9.349687232e-11	8.832250835e-11	8.621681764e-11	8.555503559e-11	9.081703934e-11	1.115757602e-10	1.510390551e-10	1.892953626e-10	1.930926593e-10	1.759974771e-10	1.599282002e-10	1.458117908e-10	1.356118168e-10	1.263036888e-10	1.208481692e-10	1.160585009e-10	1.126536616e-10	1.106324457e-10	1.073979878e-10	1.055590596e-10	1.036208868e-10	1.023895592e-10	9.890145084e-11	9.656758022e-11	9.623608634e-11	9.566706832e-11	9.566880152e-11	9.839505419e-11	9.703343499e-11	9.942337096e-11	9.760282979e-11	9.862941336e-11	9.914485280e-11	8.311988564e-11	1.392515427e-12	1.597108716e-12	1.855732719e-12	1.689646675e-12	1.803887348e-12	1.754830172e-12	1.842846733e-12	2.132593030e-12	2.120385253e-12	2.050454288e-12	2.080898372e-12	2.169367072e-12	1.555963989e-12	1.825439348e-12	2.129126624e-12	1.833502509e-12	1.609467206e-12	1.626648521e-12	1.437201917e-12	1.443004379e-12	1.362071343e-12	1.801023795e-12	1.908482370e-12	1.800496299e-12	1.590552688e-12	1.581283821e-12	1.786404606e-12	1.961458091e-12	1.906598454e-12	2.097401477e-12	1.843675656e-12	1.928150454e-12	1.828981110e-12	1.869899768e-12	1.448203987e-12	1.593039457e-12	2.064018483e-12	1.966506986e-12	1.448656127e-12	1.843600299e-12	1.862288747e-12	2.157988219e-12	1.959423461e-12	1.876832579e-12	1.604870451e-12	1.715720074e-12	1.884292887e-12	1.580982394e-12	1.594923374e-12	1.742471683e-12	1.775176466e-12	1.754754816e-12	1.785877110e-12	1.747520578e-12	1.701477668e-12	1.367723091e-12	1.972686231e-12	1.672314647e-12	1.390179371e-12	1.914284832e-12	1.872612607e-12	1.676459263e-12	2.094387211e-12	2.330328864e-12	1.838249978e-12	2.026114091e-12	1.835763208e-12	1.457698925e-12
2.292198402e-12	2.118275267e-12	2.053016413e-12	2.213299996e-12	1.927321531e-12	1.956785979e-12	2.070725225e-12	2.202599352e-12	2.387599913e-12	2.142690820e-12	2.322943913e-12	2.704323889e-12	2.114432078e-12	1.823103292e-12	2.251656527e-12	2.439369928e-12	2.042993980e-12	1.796427040e-12	1.946612832e-12	2.142916890e-12	1.806449474e-12	2.355950123e-12	2.505080922e-12	2.048796441e-12	2.110664246e-12	1.923026202e-12	2.169442429e-12	1.983989727e-12	2.090996162e-12	2.007199574e-12	2.183609478e-12	2.142163323e-12	2.296945871e-12	1.528157387e-12	1.733956382e-12	1.753398396e-12	1.769072578e-12	1.377142672e-12	1.945105699e-12	1.624312465e-12	1.921066930e-12	2.063641700e-12	1.838174621e-12	2.055126399e-12	1.648125164e-12	1.982934734e-12	2.021291266e-12	2.349469452e-12	2.578553650e-12	2.855037177e-12	2.602592419e-12	2.700254630e-12	2.397923774e-12	2.342084500e-12	2.405986935e-12	2.380214962e-12	2.251129031e-12	2.420078627e-12	2.343968417e-12	2.366650766e-12	2.525427216e-12	2.358436892e-12	2.682093679e-12	2.847501513e-12	2.679079413e-12	2.603722769e-12	2.291595549e-12	3.052471585e-12	3.165129768e-12	3.025569263e-12	3.027980676e-12	2.771994155e-12	3.058876900e-12	3.019842158e-12	2.682997959e-12	2.052564274e-12	2.616910182e-12	2.493099215e-12	2.912911080e-12	2.472376138e-12	2.967846074e-12	2.723539833e-12	3.535206247e-12	3.957128098e-12	5.817382216e-12	4.658592956e-11	1.740424243e-10	1.468473418e-10	1.307239588e-10	1.197904633e-10	1.104628933e-10	1.040361019e-10	9.810395148e-11	9.343387417e-11	8.843931115e-11	8.479009030e-11	8.381188570e-11	1.024165369e-10	1.693104038e-10	1.450212242e-10	1.266212417e-10	1.146523459e-10	1.084176386e-10	1.022370373e-10	9.696357938e-11	9.268392485e-11	8.910486103e-11	8.567402374e-11	8.290142673e-11	8.064652986e-11	7.801469907e-11	7.609039180e-11	7.417459984e-11	7.240311585e-11	7.085046755e-11	6.903150887e-11	6.754630477e-11	6.648415287e-11	6.645453771e-11	6.650050527e-11	6.372519542e-11	6.298398747e-11	6.403114339e-11	6.116261738e-11	6.067679309e-11	5.989850967e-11	5.934976259e-11	5.953687314e-11	6.025102805e-11	5.978766005e-11	5.970853557e-11	5.770977594e-11	5.718054623e-11	5.722432844e-11	5.826960045e-11	5.827442328e-11	6.043346649e-11	6.583096148e-11	7.185346448e-11	8.375740285e-11	9.436618657e-11	1.066006392e-10	1.154327393e-10	1.191876855e-10	1.144582272e-10	1.037748404e-10	9.786695483e-11	9.398767015e-11	8.980311570e-11	8.564666927e-11	8.330579048e-11	8.170438643e-11	8.042053529e-11	7.982469030e-11	8.505805853e-11	9.991356593e-11	1.387888529e-10	1.838509204e-10	2.029319010e-10	1.923066895e-10	1.695415980e-10	1.539764571e-10	1.416231670e-10	1.334981383e-10	1.275791000e-10	1.230610170e-10	1.194393767e-10	1.155352243e-10	1.137340498e-10	1.132473213e-10	1.102791738e-10	1.064383963e-10	1.033833626e-10	1.030569930e-10	1.030251171e-10	1.041146235e-10	1.031918814e-10	1.038430381e-10	1.052509263e-10	1.046464907e-10	1.038526838e-10	9.689990302e-11	8.892573829e-11	8.976815021e-11	8.754512921e-11	8.810261766e-11	8.608923885e-11	8.743661564e-11	8.679849558e-11	8.476070121e-11	8.289607641e-11	8.072459935e-11	8.296706236e-11	7.888469152e-11	8.075489272e-11	8.041804852e-11	8.104742721e-11	7.964353293e-11	8.131735471e-11	7.926124867e-11	8.016515162e-11	8.002438541e-11	7.571014218e-11	7.599762777e-11	7.816797448e-11	7.798387820e-11	7.817912726e-11	7.711750286e-11	7.537668902e-11	7.452342574e-11	7.308207921e-11	7.677930224e-11	7.857286573e-12	2.415632585e-12	2.234173786e-12	2.038924721e-12	2.317216808e-12	2.198906877e-12	1.930034370e-12	2.396868781e-12	2.094914708e-12	1.904789894e-12	2.205312191e-12	2.544643160e-12	2.296644444e-12	2.314277899e-12	1.987079350e-12	2.150678624e-12	2.388730263e-12	1.585579150e-12	2.320005004e-12	2.000869616e-12	1.446998281e-12	1.923629055e-12	2.024606959e-12	1.937268608e-12	1.227032237e-12	1.448505414e-12	2.140580834e-12	1.959423461e-12	2.117069561e-12	2.048947155e-12	1.652269780e-12	1.722577529e-12	1.828528970e-12	2.159193925e-12	2.289636276e-12	1.956409196e-12	1.983537588e-12	1.851663460e-12	1.697031626e-12
1.809463740e-12	1.473448463e-12	1.848121698e-12	1.781054285e-12	2.004109951e-12	1.833276439e-12	1.451067540e-12	1.783993194e-12	1.845710285e-12	2.046686455e-12	1.550689023e-12	2.145102233e-12	2.084214064e-12	1.845333502e-12	1.360865637e-12	1.823404719e-12	2.353764780e-12	2.151582904e-12	1.840209250e-12	1.875325447e-12	1.917073027e-12	1.818807963e-12	1.885347880e-12	2.297021227e-12	1.527027037e-12	1.672691430e-12	1.736217081e-12	1.707958340e-12	1.984291154e-12	2.109383183e-12	2.072835211e-12	2.266803213e-12	1.717302564e-12	1.609391849e-12	1.852417027e-12	1.667642535e-12	1.747143795e-12	1.979769755e-12	2.013077392e-12	2.376447130e-12	2.696034658e-12	2.135079799e-12	2.192275492e-12	2.135079799e-12	2.040733280e-12	2.127619491e-12	1.930712580e-12	1.945331769e-12	2.083837281e-12	1.878113642e-12	1.791980998e-12	1.402161078e-12	1.284152573e-12	1.951963154e-12	1.804113418e-12	1.692585584e-12	1.369004154e-12	1.227785803e-12	1.162979089e-12	1.540591233e-12	1.808860886e-12	1.611501835e-12	1.381061217e-12	1.849101334e-12	1.610220772e-12	1.379930868e-12	1.326578364e-12	1.588065919e-12	1.288975398e-12	1.178125775e-12	1.077147872e-12	1.444812938e-12	1.387994029e-12	1.261847006e-12	1.463049246e-12	1.644357332e-12	2.062285281e-12	1.678418535e-12	1.868241922e-12	1.811347656e-12	1.610220772e-12	1.928828664e-12	1.523334562e-12	2.224452779e-12	3.412751701e-12	6.845096129e-11	1.294147878e-10	1.168469574e-10	1.053918432e-10	9.831042868e-11	9.458720761e-11	9.030220275e-11	8.493854289e-11	8.077780114e-11	8.042626239e-11	7.785260693e-11	7.735608200e-11	7.711335825e-11	1.253775556e-10	1.672145848e-10	1.410127029e-10	1.235129308e-10	1.152546715e-10	1.082393448e-10	1.011530320e-10	9.661347241e-11	9.157640825e-11	8.871353398e-11	8.476235905e-11	8.128562956e-11	7.961798703e-11	7.751719450e-11	7.497420919e-11	7.269934281e-11	7.033193848e-11	6.910611195e-11	6.722618975e-11	6.621701357e-11	6.578740534e-11	6.427220930e-11	6.389022647e-11	6.272506204e-11	6.207661811e-11	6.094355561e-11	6.037672294e-11	6.010453474e-11	5.919294541e-11	5.858873584e-11	5.808392168e-11	5.813260207e-11	5.769726674e-11	5.668793985e-11	5.647008379e-11	5.606052043e-11	5.534953049e-11	5.541011723e-11	5.830976554e-11	5.744158165e-11	7.551429026e-11	8.920229717e-11	1.037910421e-10	1.111083983e-10	1.074270755e-10	1.000544075e-10	9.432986467e-11	8.987176560e-11	8.579632757e-11	8.128344422e-11	7.719203058e-11	7.475567492e-11	7.405862596e-11	7.389005315e-11	7.292420704e-11	7.226099322e-11	7.342962405e-11	7.568904232e-11	9.145033658e-11	1.260539569e-10	1.795481314e-10	2.003260682e-10	1.849429889e-10	1.661610236e-10	1.499511312e-10	1.371582105e-10	1.308984848e-10	1.276460920e-10	1.234903992e-10	1.202481796e-10	1.179914741e-10	1.144892741e-10	1.102356930e-10	1.052158101e-10	1.019957454e-10	9.985260240e-11	1.000080632e-10	9.877311848e-11	1.011656166e-10	1.029498358e-10	1.015274792e-10	1.001404648e-10	1.024639362e-10	8.795552149e-11	8.776743131e-11	8.820977481e-11	8.816305369e-11	8.505504426e-11	8.644642934e-11	8.341392726e-11	8.168313586e-11	8.193120993e-11	8.115270044e-11	8.124689625e-11	8.360525778e-11	7.852162321e-11	7.971376532e-11	7.846269432e-11	7.909056588e-11	8.063839135e-11	7.575437653e-11	7.636484070e-11	7.840745790e-11	7.477737763e-11	7.710619937e-11	7.274372788e-11	7.641020540e-11	7.364001980e-11	7.378025852e-11	7.454799201e-11	7.233326024e-11	7.280303356e-11	7.440066977e-11	7.055084953e-11	3.629394517e-11	1.728078564e-12	1.726797501e-12	1.619564996e-12	1.417006337e-12	1.505248967e-12	1.723557165e-12	1.575707429e-12	1.888211433e-12	1.750459487e-12	2.318874654e-12	2.048495015e-12	2.221739940e-12	2.501689873e-12	1.962060944e-12	2.307571157e-12	2.355347270e-12	2.478856810e-12	2.056407462e-12	2.441178487e-12	2.090770092e-12	2.679832980e-12	2.469663299e-12	2.142314037e-12	2.506738768e-12	2.039226148e-12	2.661973455e-12	2.562879468e-12	2.809295694e-12	2.333719913e-12	2.072759854e-12	1.908030230e-12	2.284059884e-12	2.529722544e-12	2.110362820e-12	1.967185196e-12	1.738477781e-12	1.808634816e-12	1.532302002e-12
1.301107818e-12	1.570206394e-12	1.742170256e-12	1.674952130e-12	1.382794420e-12	1.567493555e-12	6.902668605e-13	1.494623680e-12	1.251899929e-12	8.754934918e-13	1.038113130e-12	2.106971771e-12	2.017372721e-12	1.760481921e-12	1.683166004e-12	1.980598678e-12	1.804791628e-12	1.371114140e-12	1.184455733e-12	1.583996660e-12	1.813080858e-12	1.232005775e-12	1.535240911e-12	1.831392523e-12	1.385959399e-12	1.704642647e-12	1.576310282e-12	1.915791964e-12	1.784369977e-12	1.843148159e-12	1.608864353e-12	1.518285666e-12	1.957765615e-12	2.096195771e-12	1.813457642e-12	1.972460161e-12	1.978187266e-12	2.043747546e-12	1.687385976e-12	1.401106085e-12	1.650084437e-12	1.656037612e-12	1.855280579e-12	1.711274032e-12	1.872763321e-12	1.830186817e-12	1.405552127e-12	2.158440359e-12	1.815190844e-12	2.146910792e-12	1.626648521e-12	1.774648970e-12	1.652797276e-12	1.364934896e-12	1.556190058e-12	1.915867321e-12	2.350976584e-12	1.565609639e-12	1.627854227e-12	1.286413272e-12	1.553778646e-12	2.012097756e-12	1.698538759e-12	1.435091931e-12	1.914812328e-12	1.251372433e-12	2.192350848e-12	1.504193974e-12	1.714740438e-12	1.673972493e-12	1.900268496e-12	1.577289919e-12	1.405024630e-12	1.154463788e-12	1.375710896e-12	1.318364490e-12	1.042634529e-12	8.329169879e-13	1.624011038e-12	1.399372882e-12	1.232608628e-12	1.349788210e-12	1.378649805e-12	2.016091658e-12	3.998348182e-12	9.325211394e-11	7.997864393e-11	7.112612215e-11	6.483557557e-11	5.969858849e-11	5.510288819e-11	5.219427244e-11	4.906546458e-11	4.650733258e-11	4.443570307e-11	4.297853165e-11	4.177139356e-11	4.209587927e-11	5.003733922e-11	1.188890471e-10	1.324417889e-10	1.076459865e-10	9.589072684e-11	8.557312119e-11	7.935438949e-11	7.431446177e-11	7.092559812e-11	6.710546841e-11	6.385616527e-11	6.129999254e-11	5.917757266e-11	5.579737503e-11	5.402732281e-11	5.216299944e-11	5.125141011e-11	4.916990889e-11	4.811190160e-11	4.692661695e-11	4.578021632e-11	4.491640311e-11	4.419606895e-11	4.346201987e-11	4.276715626e-11	4.134163462e-11	4.045408407e-11	3.928605608e-11	3.928522716e-11	3.936668769e-11	3.945312176e-11	3.875260640e-11	3.729159178e-11	3.841448114e-11	3.810574496e-11	3.806784057e-11	3.786980331e-11	5.241077208e-11	7.130125100e-11	8.474638345e-11	9.628220460e-11	9.636494620e-11	8.882445896e-11	8.040584074e-11	7.401981729e-11	6.909209562e-11	6.545395219e-11	6.144520479e-11	5.909407750e-11	5.650504927e-11	5.438300617e-11	5.288958820e-11	5.195885829e-11	5.034592468e-11	5.034569861e-11	4.869870379e-11	5.055677257e-11	5.153701179e-11	5.346953293e-11	6.010883007e-11	7.790369873e-11	1.255592405e-10	1.774144834e-10	1.817014475e-10	1.621124879e-10	1.456461568e-10	1.343292467e-10	1.246300177e-10	1.186191950e-10	1.133828879e-10	1.093609531e-10	1.067711713e-10	1.038364068e-10	1.063521130e-10	9.617941814e-11	9.543074988e-11	9.149660556e-11	9.127626273e-11	9.766793793e-11	9.420560156e-11	9.866324849e-11	9.705069166e-11	9.751669715e-11	8.158034940e-12	1.466440295e-12	1.545489415e-12	1.146551341e-12	8.136256870e-13	8.170920926e-13	1.195909943e-12	1.149264180e-12	6.591445664e-13	1.442476882e-12	1.639459150e-12	1.534487345e-12	1.144893495e-12	1.087019592e-12	1.052581606e-12	1.370134504e-12	1.584147373e-12	1.147757047e-12	1.724009305e-12	1.355590672e-12	1.115881187e-12	1.130801802e-12	1.196588153e-12	1.088828151e-12	1.320022336e-12	1.240973216e-12	1.523259205e-12	1.809689809e-12	1.392289357e-12	1.711575459e-12	1.671937864e-12	1.351596770e-12	1.750534844e-12	2.112397449e-12	2.150151128e-12	1.891753195e-12	2.256177926e-12	1.885272524e-12	1.938700384e-12	2.307495801e-12	1.999136413e-12	1.653475486e-12	1.797482033e-12	1.853698090e-12	1.627477444e-12	1.441572603e-12	1.903734901e-12	1.843901726e-12	1.908030230e-12	1.569302115e-12	1.431776239e-12	1.535014841e-12	1.741115263e-12	1.723783235e-12	1.561766450e-12	1.308492769e-12	1.746239515e-12	1.285508993e-12	1.610898982e-12	1.748274144e-12	1.551517947e-12	1.135097131e-12	1.549784744e-12	1.341574336e-12	1.450087904e-12	1.223791901e-12	8.684099673e-13	1.336751511e-12	1.262977356e-12	1.042709885e-12
1.532075932e-12	1.641493780e-12	1.681809584e-12	1.749931991e-12	2.089187603e-12	2.062963490e-12	1.679172102e-12	1.402688574e-12	2.193104415e-12	2.300412276e-12	1.793638844e-12	1.891527125e-12	1.464330309e-12	1.823781502e-12	2.121063463e-12	1.658072241e-12	1.762215124e-12	1.946537475e-12	1.934932552e-12	2.009686343e-12	2.031313700e-12	2.058517448e-12	2.052564274e-12	1.567719625e-12	1.844127796e-12	2.143971883e-12	1.948346035e-12	2.277805283e-12	2.263788947e-12	1.969069112e-12	2.095216134e-12	1.765455459e-12	1.632752409e-12	8.828784430e-13	1.521375289e-12	1.235773608e-12	1.830111460e-12	1.808258033e-12	2.043747546e-12	1.555662562e-12	1.629286003e-12	1.401181441e-12	1.727400354e-12	2.018729140e-12	1.442024743e-12	1.794919907e-12	1.912400915e-12	1.795974900e-12	1.833201082e-12	2.240503744e-12	1.607131150e-12	1.334641525e-12	1.098850585e-12	1.349411427e-12	1.314596657e-12	1.332983679e-12	1.445491148e-12	1.493568687e-12	1.630265640e-12	1.774347543e-12	1.288975398e-12	1.411128518e-12	1.471715260e-12	1.611501835e-12	1.199150278e-12	1.156573775e-12	1.133966781e-12	1.305855287e-12	1.586182003e-12	1.998985700e-12	1.164260152e-12	1.635013108e-12	1.586332716e-12	2.358889032e-12	1.746917725e-12	1.817979040e-12	1.747595935e-12	2.302220836e-12	2.605079189e-12	2.577649370e-12	2.179163436e-12	2.514877285e-12	2.935593430e-12	3.937912154e-12	2.236758519e-11	1.070927181e-10	9.538877623e-11	8.544697417e-11	7.816254880e-11	7.191631193e-11	6.700238052e-11	6.303764140e-11	5.917048913e-11	5.589526331e-11	5.354488958e-11	5.076317441e-11	4.855401903e-11	4.667063043e-11	4.559385934e-11	4.807249008e-11	7.813700290e-11	8.941585790e-11	7.465266239e-11	6.584919779e-11	6.051326917e-11	5.769508140e-11	5.448044231e-11	5.233240117e-11	5.029196932e-11	4.795779727e-11	4.632918947e-11	4.507826918e-11	4.382629389e-11	4.254892342e-11	4.033524664e-11	3.983209033e-11	3.855268522e-11	3.820868214e-11	3.715497019e-11	3.636289650e-11	3.606018886e-11	3.561724250e-11	3.540669604e-11	3.456066700e-11	3.504483344e-11	3.509607595e-11	3.475855354e-11	3.426398789e-11	3.400408282e-11	3.360717938e-11	3.396534951e-11	3.405133144e-11	3.356000612e-11	3.449292137e-11	5.767187155e-11	8.876206366e-11	1.035134282e-10	1.153662747e-10	1.123753695e-10	1.011999038e-10	9.091108443e-11	8.338521638e-11	7.792216111e-11	7.207101912e-11	6.840310982e-11	6.577150509e-11	6.222265929e-11	6.000544075e-11	5.799718618e-11	5.579360719e-11	5.450515929e-11	5.254588654e-11	5.274332095e-11	5.156481839e-11	5.094915461e-11	5.010960624e-11	4.987102710e-11	5.056265038e-11	5.200414763e-11	5.535812115e-11	6.894967156e-11	9.819550980e-11	1.197013164e-10	1.212092029e-10	1.125988020e-10	1.050544716e-10	9.455917494e-11	8.965112134e-11	8.655614861e-11	8.390434830e-11	8.351302125e-11	7.638940697e-11	7.566507890e-11	7.405606384e-11	7.351982596e-11	7.561647387e-11	7.636084680e-11	7.834114405e-11	7.603568288e-11	7.681012311e-11	7.525589232e-11	7.516953361e-11	1.476334623e-11	2.070047015e-12	1.687536689e-12	1.888889642e-12	1.700045892e-12	2.232214513e-12	1.472092044e-12	1.342252546e-12	1.299826755e-12	1.397941106e-12	1.040976682e-12	1.924231909e-12	1.496809023e-12	1.733428886e-12	1.733202816e-12	1.375032686e-12	1.240822503e-12	1.263730923e-12	1.733127459e-12	1.577817415e-12	1.693640577e-12	1.779622508e-12	1.501933275e-12	1.852643097e-12	1.538933387e-12	1.981427601e-12	1.732147823e-12	2.230556667e-12	1.712329025e-12	1.983085448e-12	1.770730424e-12	1.906372384e-12	1.671862507e-12	2.022195546e-12	2.019633420e-12	9.002104711e-13	1.759879068e-12	1.295003930e-12	1.332832965e-12	1.466063512e-12	1.558676828e-12	1.640740213e-12	1.376991959e-12	1.659127234e-12	1.456417862e-12	1.484525890e-12	1.906070957e-12	1.685954200e-12	1.487992296e-12	1.165691928e-12	9.739846257e-13	1.454081806e-12	1.841716383e-12	2.174114541e-12	1.564479289e-12	1.305026364e-12	1.493493331e-12	1.334114028e-12	1.391234364e-12	1.799968802e-12	1.621976409e-12	1.746767012e-12	1.453102169e-12	1.226127957e-12	1.401482868e-12	1.358831007e-12	1.509845722e-12	8.852898556e-13	1.086416739e-12
2.003657812e-12	2.337864528e-12	2.375542850e-12	2.369891102e-12	2.362882934e-12	2.026641588e-12	1.895596384e-12	2.250375464e-12	2.751195722e-12	2.220006737e-12	1.712102955e-12	1.910290929e-12	2.002527462e-12	2.069670232e-12	2.040808637e-12	2.448337369e-12	2.160550345e-12	2.006898147e-12	2.007124217e-12	1.787384243e-12	1.796728467e-12	2.180670569e-12	2.164016750e-12	1.970877671e-12	2.201469002e-12	1.920011936e-12	2.099662176e-12	2.183760191e-12	1.940961084e-12	2.468382236e-12	2.425655019e-12	2.773350575e-12	2.785256925e-12	2.693020392e-12	2.315860388e-12	2.347434822e-12	1.985496860e-12	2.080521589e-12	1.988812553e-12	2.288807353e-12	2.456928026e-12	2.288430570e-12	2.672221958e-12	2.419626487e-12	2.195591184e-12	2.022647686e-12	2.115863855e-12	1.730263907e-12	2.026566231e-12	2.419701844e-12	2.314730039e-12	1.995971434e-12	2.314127185e-12	2.129503407e-12	1.926266538e-12	2.354895130e-12	1.829207180e-12	1.961533447e-12	2.031916553e-12	2.163489254e-12	2.139450484e-12	2.220609590e-12	2.624897986e-12	2.049323938e-12	2.122419883e-12	1.634334898e-12	1.467118505e-12	1.560334674e-12	1.904488468e-12	1.493719400e-12	1.786555320e-12	1.942468216e-12	1.515422114e-12	2.052564274e-12	1.879997558e-12	1.803962704e-12	1.903508831e-12	1.991826818e-12	2.300789059e-12	2.308852220e-12	2.965208591e-12	3.485470862e-12	4.297137276e-12	7.391431799e-12	1.338915754e-10	1.141470796e-10	1.005439243e-10	9.205273759e-11	8.409032850e-11	7.723897777e-11	7.302352710e-11	6.856565410e-11	6.492381820e-11	6.124339970e-11	5.891977758e-11	5.605795830e-11	5.347601360e-11	5.146534762e-11	4.980931001e-11	4.924179912e-11	5.785664604e-11	1.032590241e-10	9.361262013e-11	7.925408979e-11	7.247071076e-11	6.690539652e-11	6.261293135e-11	5.971207733e-11	5.722847306e-11	5.506046240e-11	5.333193170e-11	5.130438583e-11	5.018677144e-11	4.809050032e-11	4.741379765e-11	4.598850208e-11	4.509251158e-11	4.396660796e-11	4.352170234e-11	4.269172426e-11	4.225231967e-11	4.227620772e-11	4.109227949e-11	4.053622281e-11	4.045898225e-11	3.932840652e-11	3.994316602e-11	4.074978354e-11	3.937369586e-11	4.008430901e-11	4.005386493e-11	4.047849962e-11	4.107208391e-11	4.111172150e-11	4.242918171e-11	4.432131169e-11	1.339621092e-10	1.287875945e-10	1.148264197e-10	1.045766351e-10	9.551763609e-11	9.083911884e-11	8.416560979e-11	7.914813835e-11	7.573192025e-11	7.316527295e-11	7.086697066e-11	6.816031071e-11	6.608348160e-11	6.464680718e-11	6.287441891e-11	6.177059478e-11	6.008441451e-11	5.956724186e-11	5.844096146e-11	5.757895681e-11	5.553513390e-11	5.431624019e-11	5.600490722e-11	5.672599495e-11	6.305293880e-11	8.324113448e-11	1.146114272e-10	1.348505640e-10	1.404712654e-10	1.296560045e-10	1.207248103e-10	1.127058084e-10	1.062457847e-10	1.019931832e-10	9.587542944e-11	9.306839444e-11	8.946732649e-11	8.750006594e-11	9.032616616e-11	8.435030892e-11	9.176555342e-11	9.259907326e-11	9.504273852e-11	9.502909897e-11	9.286334902e-11	9.104235571e-11	7.369013197e-11	7.009840824e-11	7.022613775e-11	7.003073798e-11	6.734789073e-11	6.746348782e-11	6.944890933e-11	6.420695044e-11	6.430220124e-11	6.501047834e-11	6.261428777e-11	6.327109628e-11	6.401569528e-11	6.284902372e-11	6.378374753e-11	6.108032792e-11	5.918510832e-11	6.079216411e-11	5.894125422e-11	6.093715030e-11	5.829914026e-11	5.923356264e-11	6.032887147e-11	5.603376882e-11	5.914938927e-11	5.684965521e-11	5.817156146e-11	5.695161275e-11	5.703367613e-11	5.429016679e-11	4.968105300e-11	5.613195853e-11	5.503084724e-11	4.639565403e-11	1.647748381e-12	1.419191679e-12	1.563047513e-12	1.246398894e-12	1.496809023e-12	1.431399456e-12	1.394097917e-12	1.362222056e-12	1.583017024e-12	1.554532212e-12	1.418136686e-12	1.522354925e-12	1.163280516e-12	1.639308437e-12	1.575858143e-12	1.506303960e-12	1.292441804e-12	1.577591345e-12	1.553100436e-12	1.015807563e-12	1.110681578e-12	1.158533047e-12	1.500049359e-12	1.733278172e-12	1.842243880e-12	1.566739989e-12	1.650913360e-12	1.780677501e-12	1.699593752e-12	1.670882871e-12	1.886628943e-12	1.687235263e-12	1.235924321e-12	1.652194423e-12	1.104426977e-12
2.575690097e-12	2.358964389e-12	2.259342905e-12	1.761386201e-12	1.887156440e-12	2.285642374e-12	2.127167351e-12	2.818338491e-12	2.798142911e-12	2.442760977e-12	2.291746262e-12	2.564838741e-12	2.706358518e-12	3.208007698e-12	2.856393597e-12	2.724745539e-12	2.708393148e-12	3.283515056e-12	3.052923725e-12	3.235211447e-12	2.505457705e-12	3.079449264e-12	2.956467220e-12	2.774857708e-12	2.361827941e-12	2.720299497e-12	2.701234266e-12	2.265371437e-12	2.704323889e-12	2.549541342e-12	1.947291042e-12	2.315483605e-12	2.790230463e-12	2.325430682e-12	2.727383022e-12	2.064621337e-12	2.493928138e-12	2.908012898e-12	2.422942180e-12	2.642380727e-12	2.913438576e-12	3.029864592e-12	2.820222408e-12	2.856092170e-12	2.522865090e-12	2.590083216e-12	2.536203216e-12	2.639893958e-12	2.716230239e-12	2.787743694e-12	2.643209650e-12	3.672506053e-12	2.653759581e-12	2.683826882e-12	2.472752921e-12	3.000550857e-12	2.662576308e-12	3.036797403e-12	2.536278572e-12	2.505985201e-12	2.862196058e-12	2.580362209e-12	2.612765566e-12	2.437259942e-12	2.627912252e-12	2.448488082e-12	2.480137873e-12	2.829943415e-12	2.707036728e-12	3.128054299e-12	2.335603829e-12	2.513445509e-12	2.483528922e-12	3.047196620e-12	3.185476062e-12	3.009970438e-12	2.814043163e-12	3.123156117e-12	3.081257823e-12	3.182838579e-12	3.588558751e-12	4.314996801e-12	6.003437770e-12	1.551736481e-11	1.393804780e-10	1.200019894e-10	1.079710751e-10	9.912465722e-11	9.114883465e-11	8.473357282e-11	7.946214949e-11	7.332397404e-11	7.114639309e-11	6.726801269e-11	6.369196314e-11	6.115493100e-11	5.894132958e-11	5.590611466e-11	5.487169401e-11	5.334670160e-11	5.781248705e-11	1.009735325e-10	1.108886583e-10	9.246644557e-11	8.373758405e-11	7.556643705e-11	7.304214019e-11	6.774554774e-11	6.555666330e-11	6.357877746e-11	6.063338767e-11	6.180751954e-11	5.797322277e-11	5.579564182e-11	5.398482166e-11	5.304399396e-11	5.229148251e-11	5.091403842e-11	4.962498766e-11	4.823119117e-11	4.803375676e-11	4.776970708e-11	4.729767306e-11	4.743414394e-11	4.691079205e-11	4.609053498e-11	4.640891680e-11	4.586205363e-11	4.561744597e-11	4.594735736e-11	4.612595260e-11	4.571759495e-11	8.033937618e-11	1.098019401e-10	1.293710056e-10	1.435443847e-10	1.437058740e-10	1.339888608e-10	1.196686870e-10	1.091652518e-10	1.004592987e-10	9.501063659e-11	8.976129276e-11	8.608110033e-11	8.268635886e-11	7.978196309e-11	7.938317572e-11	7.640425222e-11	7.363406663e-11	7.182731573e-11	7.060864808e-11	6.902992638e-11	6.849240744e-11	6.741058746e-11	6.596155455e-11	6.426376935e-11	6.307381259e-11	6.415706435e-11	6.410883609e-11	6.406588281e-11	6.680178113e-11	7.779073912e-11	1.029157746e-10	1.319956775e-10	1.509214987e-10	1.544438943e-10	1.472256321e-10	1.367656024e-10	1.282561041e-10	1.218677446e-10	1.132632969e-10	1.063454062e-10	1.024789322e-10	1.020714034e-10	9.880604933e-11	1.005575638e-10	1.081073953e-10	1.087962304e-10	1.114410225e-10	1.102460168e-10	1.060061506e-10	1.042014343e-10	8.304920111e-11	8.345590092e-11	8.375747820e-11	8.113265558e-11	7.954052040e-11	8.190897972e-11	8.037132740e-11	7.890413354e-11	7.868989460e-11	7.406533270e-11	7.600968484e-11	7.320980872e-11	7.154827008e-11	7.184720988e-11	7.558505015e-11	7.045778408e-11	7.091632926e-11	7.136711270e-11	7.056335874e-11	6.925629774e-11	7.181307332e-11	6.612628417e-11	6.457288231e-11	6.414093802e-11	6.520708383e-11	6.587278442e-11	6.643901424e-11	6.600744674e-11	6.312693902e-11	6.535071359e-11	2.996632312e-12	2.697466434e-12	2.445323103e-12	2.989473430e-12	2.832430184e-12	2.718641651e-12	3.169575810e-12	3.291955000e-12	2.743584700e-12	2.842000478e-12	3.205144146e-12	3.118860788e-12	3.070105040e-12	2.883446632e-12	2.669735189e-12	2.930243108e-12	3.035290270e-12	3.029864592e-12	3.091355613e-12	3.493609380e-12	3.480949464e-12	2.893996562e-12	2.702213903e-12	2.980732060e-12	2.820900617e-12	3.453971785e-12	3.629402053e-12	3.667457158e-12	3.448922890e-12	3.740553103e-12	3.145989180e-12	3.008538661e-12	3.040791305e-12	3.124060397e-12	3.196628845e-12	2.880809150e-12	2.418496138e-12	2.638085399e-12	2.313901116e-12
3.263470189e-12	3.302203504e-12	3.479366974e-12	3.356008148e-12	2.956391864e-12	3.071612173e-12	3.054204788e-12	3.364297378e-12	3.301374581e-12	3.029337095e-12	3.056314774e-12	3.297531392e-12	2.648183189e-12	3.171082943e-12	2.587068951e-12	2.972066046e-12	3.060760816e-12	2.850138995e-12	3.184496425e-12	2.657602770e-12	3.252317405e-12	3.118182579e-12	3.463843505e-12	2.956165794e-12	3.102885180e-12	3.215769433e-12	3.202506663e-12	2.814118519e-12	3.215392650e-12	3.207178775e-12	2.855941457e-12	3.658414361e-12	3.843414922e-12	3.448018610e-12	3.503631813e-12	3.352918525e-12	3.283891839e-12	3.534301968e-12	3.596169772e-12	3.499035058e-12	3.233855027e-12	3.218331559e-12	3.477633771e-12	3.555703255e-12	3.737840264e-12	3.281932566e-12	3.177563614e-12	3.095877012e-12	3.190901740e-12	3.211474104e-12	3.439352596e-12	3.177186831e-12	3.389617211e-12	3.481175534e-12	3.123909684e-12	3.084950299e-12	2.852701121e-12	3.191579950e-12	3.894054587e-12	3.512523897e-12	3.779211061e-12	3.361509183e-12	3.137172453e-12	3.323680147e-12	3.548544373e-12	3.124060397e-12	3.750575536e-12	3.118936145e-12	3.379971560e-12	3.140864928e-12	2.775234491e-12	2.834088030e-12	3.442291505e-12	3.388712931e-12	3.822465775e-12	3.764742585e-12	3.971295147e-12	4.400451236e-12	4.011837022e-12	4.130373023e-12	5.203451636e-12	6.536058531e-12	9.009791089e-12	9.766703365e-11	1.369803688e-10	1.212954109e-10	1.104494798e-10	1.014668171e-10	9.466866814e-11	8.804775803e-11	8.286653660e-11	7.852260285e-11	7.444927481e-11	7.081761205e-11	6.717766007e-11	6.479397870e-11	6.204172799e-11	5.958653316e-11	5.759907703e-11	5.687015221e-11	5.695613414e-11	6.490603403e-11	1.259997001e-10	1.193845171e-10	9.948388234e-11	9.007914708e-11	8.372695876e-11	7.837362276e-11	7.462312258e-11	7.134435500e-11	7.029674693e-11	6.899895480e-11	6.444839313e-11	6.062411880e-11	5.917131806e-11	5.783758081e-11	5.626345587e-11	5.601628608e-11	5.536520467e-11	5.487403007e-11	5.381428958e-11	5.365739705e-11	5.326720034e-11	5.177498807e-11	5.209314383e-11	5.168546438e-11	5.130762617e-11	5.236111205e-11	5.201575255e-11	5.241145029e-11	5.342778535e-11	5.593346913e-11	5.786712062e-11	6.036715264e-11	6.554076305e-11	7.298735591e-11	1.380810280e-10	1.273390137e-10	1.183631331e-10	1.091551541e-10	1.043784471e-10	1.003421192e-10	9.598462122e-11	9.161024338e-11	8.826629229e-11	8.420426775e-11	8.330270086e-11	8.027321305e-11	7.841099966e-11	7.643462095e-11	7.442470854e-11	7.325773555e-11	7.247606108e-11	7.185858874e-11	7.136055667e-11	6.965101585e-11	6.865706171e-11	6.816377712e-11	6.815752251e-11	6.764592626e-11	6.809821684e-11	7.178225246e-11	7.892342484e-11	9.716161664e-11	1.237855712e-10	1.490353219e-10	1.607029418e-10	1.595309200e-10	1.515495210e-10	1.439727872e-10	1.281565579e-10	1.218793495e-10	1.175771633e-10	1.166261625e-10	1.208442506e-10	1.118038647e-10	1.113497656e-10	1.187677229e-10	1.180834093e-10	1.157163063e-10	1.112695861e-10	9.569525170e-11	9.229508456e-11	2.526632922e-12	3.123532900e-12	3.253975251e-12	3.231066832e-12	2.998064088e-12	3.476126638e-12	3.076359641e-12	3.078092844e-12	3.154579838e-12	2.970860339e-12	3.288563951e-12	3.453218219e-12	2.629570098e-12	2.893695136e-12	2.861367135e-12	3.023685347e-12	3.168219390e-12	3.359549910e-12	3.283741126e-12	2.790531890e-12	3.087437068e-12	2.874855975e-12	3.270930496e-12	3.444928988e-12	3.133027837e-12	3.304464203e-12	3.216522999e-12	3.124663250e-12	2.881261289e-12	2.494530992e-12	3.082840312e-12	2.913513933e-12	3.360529546e-12	2.978471360e-12	3.843339565e-12	3.418478806e-12	3.606192206e-12	3.533096261e-12	3.015697543e-12	3.497301855e-12	3.230840762e-12	3.462185659e-12	2.838835499e-12	3.211700174e-12	2.905526129e-12	3.065131501e-12	2.615176979e-12	3.050210886e-12	2.960536479e-12	2.691588616e-12	2.638085399e-12	2.857222520e-12	3.013738270e-12	2.524296866e-12	3.137549236e-12	3.426768036e-12	2.935216647e-12	2.996104815e-12	2.887063751e-12	3.039133459e-12	3.177186831e-12	2.990076284e-12	3.264449825e-12	2.990226997e-12	2.697315721e-12	2.993241263e-12	2.937025206e-12	3.001530493e-12
3.834447481e-12	3.640856262e-12	4.245970115e-12	3.327749406e-12	3.694133410e-12	3.893451734e-12	3.812669411e-12	3.760447257e-12	3.843640992e-12	4.059914561e-12	4.181992324e-12	4.188699066e-12	4.581608608e-12	4.237304101e-12	3.983879707e-12	3.929396853e-12	4.189301919e-12	4.259760381e-12	4.511526929e-12	3.973480490e-12	4.440013474e-12	4.747468582e-12	4.543252076e-12	3.825329327e-12	4.066621302e-12	4.110780295e-12	4.165941359e-12	4.254560772e-12	3.875893636e-12	4.290505892e-12	3.973329776e-12	3.594587283e-12	3.750198753e-12	3.582831646e-12	3.947859231e-12	3.832488209e-12	3.457287477e-12	4.103470701e-12	4.142204016e-12	4.216807094e-12	3.642137325e-12	3.747862697e-12	3.657811507e-12	3.533473045e-12	4.035122225e-12	4.034142588e-12	4.234817332e-12	4.483569614e-12	4.732397253e-12	4.355614032e-12	4.725916582e-12	4.692759658e-12	3.923745105e-12	3.997217833e-12	4.308742200e-12	4.332780969e-12	4.425921781e-12	3.869865104e-12	4.147177555e-12	3.731811732e-12	4.246346898e-12	4.281312381e-12	4.556816272e-12	4.857564639e-12	4.725313729e-12	4.545060636e-12	4.342878759e-12	4.291334815e-12	4.369856438e-12	4.106484967e-12	4.408891180e-12	4.424716075e-12	4.757340302e-12	4.496154174e-12	4.318086424e-12	5.110084754e-12	4.764725253e-12	5.016115018e-12	5.553709318e-12	6.276605605e-12	6.788654002e-12	8.826373017e-12	2.837938755e-11	1.507921114e-10	1.336006234e-10	1.209107152e-10	1.117585000e-10	1.026068124e-10	9.608831196e-11	9.003596773e-11	8.413539178e-11	8.005302093e-11	7.570855969e-11	7.238676345e-11	6.901101187e-11	6.650163562e-11	6.326808202e-11	6.168265358e-11	5.906152342e-11	5.779598394e-11	5.678288922e-11	5.845429959e-11	8.439507077e-11	1.369759228e-10	1.171862884e-10	1.005989346e-10	9.172003801e-11	8.612367683e-11	8.097953087e-11	7.738012077e-11	7.272300480e-11	7.051302050e-11	6.786016520e-11	6.639477989e-11	6.465728175e-11	6.294804235e-11	6.113337900e-11	6.055087214e-11	6.039767208e-11	5.996987241e-11	5.950703191e-11	5.932037350e-11	5.881194222e-11	5.802212923e-11	5.843206938e-11	5.773351328e-11	5.755612374e-11	5.869204980e-11	5.845309388e-11	6.013219063e-11	6.240690629e-11	6.403543872e-11	6.861222451e-11	7.462327330e-11	8.265161945e-11	9.002782921e-11	1.323087844e-10	1.225834066e-10	1.156343183e-10	1.092349567e-10	1.054254523e-10	1.009518298e-10	9.787027052e-11	9.405737504e-11	9.116692024e-11	8.827209476e-11	8.645509535e-11	8.397171714e-11	8.181983281e-11	8.023199296e-11	7.911068610e-11	7.698035377e-11	7.651261508e-11	7.555453071e-11	7.451702043e-11	7.334899244e-11	7.270213101e-11	7.139680322e-11	7.069425323e-11	7.014151224e-11	7.010918424e-11	7.191269481e-11	7.578512204e-11	8.294415394e-11	9.715227242e-11	1.187100751e-10	1.454493253e-10	1.647348991e-10	1.689422113e-10	1.663873196e-10	1.470082282e-10	1.357599680e-10	1.292487772e-10	1.243245219e-10	1.298094306e-10	1.280184292e-10	1.312819748e-10	1.341795131e-10	1.260829692e-10	1.298643656e-10	1.268734604e-10	1.023258075e-10	1.009867953e-10	1.008583122e-10	9.809445654e-11	9.658604259e-11	9.569803990e-11	9.635801339e-11	8.823554678e-11	9.257073917e-11	9.224090313e-11	8.996475570e-11	8.747678073e-11	8.731559287e-11	8.751069122e-11	8.452001209e-11	8.599157663e-11	8.528834843e-11	8.474073170e-11	8.385830539e-11	8.329373342e-11	8.059400628e-11	8.163573653e-11	8.107485703e-11	8.102406665e-11	7.825591568e-11	8.075971554e-11	8.032807269e-11	8.089460394e-11	7.608067079e-11	7.650402442e-11	7.426909707e-11	7.840421756e-11	7.369065947e-11	7.084587080e-11	7.110924227e-11	4.197967933e-12	4.135271205e-12	4.160741751e-12	3.917415147e-12	4.310023263e-12	4.303542591e-12	4.379200662e-12	4.156597135e-12	4.126454477e-12	4.177094142e-12	4.414392215e-12	4.132407652e-12	3.928718643e-12	4.116582757e-12	3.486751925e-12	4.003773861e-12	3.890588181e-12	3.342820735e-12	3.868131901e-12	4.161947457e-12	3.883203230e-12	3.865645132e-12	3.514257100e-12	3.741155956e-12	3.742210949e-12	3.744773075e-12	3.631135255e-12	3.745225215e-12	3.999629245e-12	4.483192831e-12	4.485830313e-12	4.347701585e-12	4.039417553e-12	4.118542030e-12	4.311756465e-12
5.445346463e-12	5.471796646e-12	5.764707921e-12	5.182125705e-12	5.681664900e-12	5.196443468e-12	5.108200838e-12	4.917548528e-12	4.644908189e-12	5.360494882e-12	5.210158377e-12	5.158840502e-12	5.321158714e-12	4.980471326e-12	5.470666296e-12	5.111968670e-12	4.896750094e-12	4.578895769e-12	4.760580638e-12	4.666912329e-12	4.809110317e-12	4.787784387e-12	4.541594230e-12	5.038948082e-12	4.771808778e-12	4.743248610e-12	5.047086599e-12	4.897880444e-12	5.042263774e-12	4.856283576e-12	4.688991826e-12	4.535867125e-12	5.318596588e-12	5.120936110e-12	5.152435188e-12	5.588976227e-12	5.098253760e-12	5.026137452e-12	5.392220029e-12	5.030583494e-12	5.525676646e-12	5.542707248e-12	5.409552058e-12	5.346478546e-12	5.620550661e-12	5.759432956e-12	5.585585178e-12	6.054303505e-12	5.565012814e-12	5.266148364e-12	5.167129733e-12	5.896657405e-12	5.298551721e-12	5.243239944e-12	5.289734993e-12	5.647980480e-12	5.139021705e-12	5.617611752e-12	5.871563643e-12	5.541953681e-12	5.730496005e-12	5.958148427e-12	6.201927171e-12	5.883620706e-12	5.860486216e-12	5.666668927e-12	6.132523702e-12	5.843078831e-12	5.691235193e-12	5.751369795e-12	6.179395534e-12	5.964478385e-12	6.077211925e-12	6.337192347e-12	6.702596715e-12	6.518425076e-12	6.473587873e-12	7.507028891e-12	7.668819606e-12	8.630897882e-12	1.028557907e-11	1.296880310e-11	1.581175307e-10	1.460446428e-10	1.320777409e-10	1.190524203e-10	1.105786411e-10	1.023670275e-10	9.596344600e-11	8.995277399e-11	8.521329321e-11	8.126792075e-11	7.713227276e-11	7.375938473e-11	7.007934301e-11	6.806671776e-11	6.497264931e-11	6.313650931e-11	6.122380697e-11	5.948653490e-11	5.799650797e-11	5.763419323e-11	6.304947239e-11	1.015996708e-10	1.433446142e-10	1.207738675e-10	1.056609418e-10	9.758308635e-11	8.921111390e-11	8.461383111e-11	8.047305887e-11	7.712865565e-11	7.495552074e-11	7.272194981e-11	7.083841049e-11	6.886888924e-11	6.762437426e-11	6.585273955e-11	6.455645456e-11	6.354283234e-11	6.310274954e-11	6.283455524e-11	6.259582539e-11	6.210419865e-11	6.261323278e-11	6.285882008e-11	6.386475592e-11	6.511695728e-11	6.679484832e-11	7.051060909e-11	7.508023599e-11	1.640169010e-10	1.645314362e-10	1.527585430e-10	1.410056947e-10	1.302229878e-10	1.219631461e-10	1.147653809e-10	1.105245350e-10	1.063711028e-10	1.022429905e-10	9.886535501e-11	9.482744459e-11	9.209026520e-11	8.972157981e-11	8.727369458e-11	8.566573450e-11	8.345605163e-11	8.190159477e-11	8.086883196e-11	7.847173711e-11	7.857248895e-11	7.710770650e-11	7.532740578e-11	7.411800700e-11	7.257997789e-11	7.129680495e-11	7.186748082e-11	7.055650128e-11	7.041211795e-11	6.950851643e-11	7.016389317e-11	7.159348406e-11	6.954220085e-11	7.358666730e-11	8.087192159e-11	1.060980104e-10	1.545186481e-10	1.778743096e-10	1.825926152e-10	1.735032475e-10	1.547172882e-10	1.458796871e-10	1.459858646e-10	1.358895061e-10	1.368763013e-10	1.344971413e-10	1.336046173e-10	1.314516779e-10	1.295087576e-10	1.269299025e-10	1.045223783e-10	4.926666682e-12	5.270745119e-12	4.892530122e-12	4.673016218e-12	4.676934763e-12	4.173703093e-12	4.454708019e-12	4.668419462e-12	4.532702146e-12	4.249059737e-12	4.510999433e-12	4.851686821e-12	4.953342934e-12	5.048367662e-12	4.938497675e-12	5.331105791e-12	4.929078094e-12	4.842945450e-12	5.339771805e-12	5.142940250e-12	5.360570239e-12	4.741440050e-12	4.948972248e-12	4.929153451e-12	4.865100303e-12	5.597566885e-12	5.132541034e-12	5.020711774e-12	5.284083245e-12	5.114154012e-12	5.434721177e-12	5.635245207e-12	5.042866627e-12	4.997275857e-12	5.091170236e-12	4.945882626e-12	5.045956249e-12	5.002550822e-12	4.785297617e-12	4.713030596e-12	4.425017502e-12	5.328619022e-12	5.010463270e-12	4.813857785e-12	5.200512727e-12	5.275492588e-12	5.217241902e-12	5.273533315e-12	5.218673678e-12	5.317089455e-12	4.961255381e-12	4.392764858e-12	5.106166208e-12	4.873464891e-12	4.453879096e-12	5.086724194e-12	5.152962684e-12	4.981677032e-12	4.790874009e-12	5.188078880e-12	4.973764584e-12	4.972784948e-12	4.839554401e-12	4.735637589e-12	4.874821311e-12	4.889666569e-12	5.148215216e-12	4.963968221e-12	5.215960839e-12
6.835299765e-12	6.418502166e-12	6.150533940e-12	6.529427146e-12	6.760621331e-12	6.372760683e-12	6.323703508e-12	6.109841352e-12	6.380974557e-12	6.097558219e-12	6.292279787e-12	6.224609521e-12	6.451282306e-12	6.208784625e-12	6.170729520e-12	6.381125271e-12	6.251888626e-12	6.196878276e-12	5.885278552e-12	6.198234695e-12	6.264096402e-12	6.142244709e-12	6.239379423e-12	6.538017804e-12	5.783170299e-12	6.224082024e-12	6.203434304e-12	5.868624734e-12	6.245181885e-12	6.494386307e-12	6.563488349e-12	6.623170812e-12	6.607119846e-12	6.856324269e-12	6.601769525e-12	6.654519176e-12	6.191754024e-12	6.427243537e-12	6.266357102e-12	6.602070951e-12	6.539298867e-12	5.902007727e-12	6.421441075e-12	6.341412319e-12	5.794549153e-12	6.267261381e-12	6.305768626e-12	5.802838383e-12	6.243976178e-12	6.361155760e-12	6.769739485e-12	6.627692210e-12	6.305241130e-12	5.799824118e-12	6.135839394e-12	6.102983897e-12	6.335007004e-12	6.238851926e-12	6.366958222e-12	6.208407842e-12	6.187458695e-12	6.094619310e-12	5.775634635e-12	6.239906919e-12	6.323477438e-12	6.578182895e-12	6.444048068e-12	6.206448569e-12	5.962293042e-12	6.728670113e-12	6.454899425e-12	7.228510734e-12	6.850747877e-12	6.775315876e-12	7.162422957e-12	7.336948945e-12	7.624660613e-12	8.596610609e-12	9.367358365e-12	1.030961784e-11	1.274853563e-11	6.006045110e-11	1.570271201e-10	1.416757660e-10	1.288576008e-10	1.181425642e-10	1.102894976e-10	1.034997133e-10	9.686682145e-11	9.175485278e-11	8.654326263e-11	8.233519690e-11	7.843737448e-11	7.542793154e-11	7.230168580e-11	6.954951045e-11	6.708308748e-11	6.495079588e-11	6.284405018e-11	6.089932126e-11	5.970642559e-11	5.869385836e-11	5.969949277e-11	6.622967349e-11	1.207495273e-10	1.409996662e-10	1.207245089e-10	1.090794206e-10	9.925818919e-11	9.229968132e-11	5.222592223e-12	5.460267079e-12	5.426808729e-12	5.167506516e-12	5.902459867e-12	5.320254434e-12	5.724090690e-12	5.690406270e-12	6.142320065e-12	5.882038216e-12	5.447155023e-12	6.113910610e-12	5.876913965e-12	6.003136344e-12	6.090776121e-12	5.872543279e-12	6.227925213e-12	5.790555250e-12	5.607061822e-12	6.058598834e-12	5.796056285e-12	6.110745631e-12	6.061010246e-12	6.298383675e-12	6.284819479e-12	6.164550275e-12	5.872920062e-12	6.121446275e-12	5.759809740e-12	6.223554528e-12	5.931321462e-12	5.638033403e-12	5.948578133e-12	5.471118436e-12	5.860410859e-12	5.789877041e-12	5.703744396e-12	5.821526831e-12	5.947899923e-12	5.896280622e-12	6.047069267e-12	5.813086887e-12	6.021221938e-12	6.133051198e-12	6.614881581e-12	6.127851590e-12	5.991154637e-12	5.931396818e-12	5.966588371e-12	5.354541707e-12	6.012329854e-12	5.531855891e-12	5.233142154e-12	5.600807220e-12	5.807058355e-12	5.953777742e-12	5.954079168e-12	6.015419477e-12	6.198234695e-12	6.017378749e-12	6.080527617e-12	6.003739197e-12	6.308029326e-12	6.202228597e-12	6.053173155e-12	6.175476989e-12	6.123330191e-12	6.329204543e-12	6.275324542e-12	6.133729408e-12	6.228000570e-12	6.569366168e-12	6.246689017e-12	6.367561075e-12	6.307351116e-12	6.259951787e-12	6.149705016e-12	6.213607451e-12	6.025894050e-12	5.905097349e-12	6.212477101e-12	6.011350218e-12	6.364019312e-12	6.186931199e-12	6.157692821e-12	5.905624846e-12	6.649018141e-12	6.550677720e-12	5.934787867e-12	6.612018028e-12	6.249025073e-12	6.199817185e-12	6.477129635e-12	6.589335678e-12	6.308556822e-12	6.079321911e-12	6.617594420e-12	6.123104121e-12	6.383235257e-12	6.151287506e-12	6.709830952e-12	6.638016071e-12	6.654217749e-12	6.159426024e-12	6.090776121e-12	6.441712013e-12	5.748430886e-12	6.436361691e-12	6.109615282e-12	6.614052658e-12	6.394312683e-12	6.492803817e-12	6.672077274e-12	6.399436935e-12	6.423098921e-12	6.570797944e-12	6.387153802e-12	6.341412319e-12	6.168318108e-12	6.573962923e-12	6.453693719e-12	6.279167731e-12	6.815028828e-12	6.388811648e-12	6.577730755e-12	6.541634923e-12	5.926724706e-12	6.582327511e-12	6.235837661e-12	6.606743063e-12	6.125289464e-12	6.363943956e-12	5.862445489e-12	6.635303231e-12	6.323628151e-12	6.801539988e-12	6.204866080e-12	6.770869834e-12	6.196953632e-12	6.367259648e-12	6.504333384e-12
6.798902506e-12	6.342768739e-12	6.525734671e-12	6.475019649e-12	6.362436823e-12	6.048802470e-12	5.484305849e-12	6.003739197e-12	5.954983448e-12	6.452488013e-12	6.075930862e-12	6.213004598e-12	6.340734109e-12	6.529879286e-12	6.494009524e-12	6.252340766e-12	6.106525659e-12	6.385194529e-12	6.593178867e-12	7.074933893e-12	7.017361417e-12	6.871697024e-12	6.270953857e-12	6.352414389e-12	6.868908828e-12	6.653765609e-12	6.491824181e-12	7.042756606e-12	6.887295849e-12	6.550225580e-12	6.864312073e-12	6.543142056e-12	7.180583908e-12	6.785639736e-12	6.783529750e-12	7.042003040e-12	6.664089469e-12	6.580142168e-12	6.806965667e-12	6.936729808e-12	6.577429329e-12	6.882096241e-12	6.588732825e-12	6.360477550e-12	6.095448233e-12	6.354599732e-12	6.034032568e-12	5.968170861e-12	6.311495731e-12	6.403958334e-12	6.765594869e-12	6.428373887e-12	6.544724545e-12	6.436964544e-12	6.993247291e-12	6.562885496e-12	5.766667194e-12	6.267939591e-12	6.447363761e-12	6.215189940e-12	6.221519898e-12	6.675242253e-12	6.647435651e-12	7.118716104e-12	7.089327012e-12	7.255488413e-12	7.022862452e-12	7.482764052e-12	7.181337475e-12	7.240040301e-12	7.260838735e-12	7.577864136e-12	7.257749112e-12	6.897318283e-12	7.234011769e-12	7.777107104e-12	8.141833261e-12	8.247181850e-12	8.235576927e-12	9.460348464e-12	1.091895167e-11	1.489860387e-10	1.363579230e-10	1.294065740e-10	1.227563501e-10	1.158887977e-10	1.097231171e-10	1.042409966e-10	9.907929252e-11	9.406551356e-11	8.943974596e-11	8.521291643e-11	8.203339354e-11	7.865801874e-11	7.604133463e-11	7.236596502e-11	6.895999542e-11	6.896941500e-11	6.649929956e-11	6.417936991e-11	6.302279614e-11	6.294193846e-11	6.190005750e-11	6.426000152e-11	7.636574498e-11	1.430874974e-10	1.499010190e-10	1.293010747e-10	1.149520393e-10	1.060189612e-10	9.917868794e-11	9.386129705e-11	8.978088549e-11	8.623309468e-11	8.331445649e-11	8.073266251e-11	7.943886428e-11	7.732247293e-11	7.579197949e-11	7.453872314e-11	7.360347183e-11	7.248103462e-11	7.189769883e-11	7.163500557e-11	7.132626940e-11	7.175572692e-11	7.193356860e-11	7.407512907e-11	7.664531813e-11	8.236594241e-11	8.994968437e-11	9.901636972e-11	1.081602956e-10	1.171206528e-10	1.249850982e-10	1.281796924e-10	1.289796786e-10	1.269997581e-10	1.244838258e-10	1.215427314e-10	1.180595966e-10	1.130458929e-10	1.082763449e-10	1.049647218e-10	9.919639675e-11	9.697571180e-11	9.886347109e-11	9.693419029e-11	7.618262833e-11	7.384167418e-11	7.893013158e-11	7.825599104e-11	7.664245458e-11	7.602302296e-11	7.542506799e-11	7.427241276e-11	7.032229283e-11	6.784094925e-11	6.713259680e-11	6.610940428e-11	6.624617659e-11	6.628362884e-11	6.534091723e-11	6.457348516e-11	6.496217473e-11	6.559388948e-11	6.967769210e-11	7.660085771e-11	9.956338360e-11	1.429986519e-10	1.824498897e-10	1.974329006e-10	1.834170169e-10	1.691961631e-10	1.566120557e-10	1.579661392e-10	1.474815433e-10	1.359047281e-10	1.434469485e-10	1.345651884e-10	1.294513358e-10	1.276664383e-10	1.198540643e-10	1.150082553e-10	1.201731244e-10	1.186337388e-10	1.112456981e-10	1.118230807e-10	1.090359398e-10	1.121244319e-10	1.076474183e-10	1.020831591e-10	1.028484058e-10	1.001408416e-10	1.009677300e-10	1.012363765e-10	1.007780574e-10	9.825489083e-11	9.384705465e-11	9.351947932e-11	9.356702936e-11	9.392527484e-11	9.258475550e-11	9.108259616e-11	9.289439595e-11	9.219674414e-11	9.459301007e-11	8.874126522e-11	9.253404048e-11	8.769169788e-11	8.906936805e-11	8.776780809e-11	8.410961980e-11	8.724618940e-11	8.103393837e-11	7.030164511e-11	6.959336801e-12	7.091587712e-12	7.293468161e-12	6.651957050e-12	7.095883040e-12	7.024520298e-12	6.431915649e-12	6.808623513e-12	7.013066089e-12	6.989931599e-12	6.919171710e-12	6.994302284e-12	7.206280524e-12	7.044941949e-12	6.821961639e-12	7.156168356e-12	7.074933893e-12	7.223386482e-12	7.066870732e-12	7.287590343e-12	7.540035101e-12	7.330317560e-12	7.179001419e-12	7.165814006e-12	7.623078123e-12	7.024068159e-12	6.714955204e-12	6.377056012e-12	7.048031571e-12	7.219091154e-12	7.024218872e-12	7.948166686e-12	7.229867154e-12	7.512605283e-12	7.134767069e-12
6.333273802e-12	6.395443033e-12	6.628295063e-12	6.631535399e-12	6.403882977e-12	6.162440289e-12	6.627918280e-12	6.644421385e-12	6.837635821e-12	6.738014337e-12	6.835525835e-12	6.573510783e-12	6.963104633e-12	6.617368350e-12	6.657307371e-12	6.838540101e-12	6.731156883e-12	6.582478224e-12	6.767629499e-12	6.465675425e-12	6.772904464e-12	6.311043592e-12	6.821434142e-12	6.653388826e-12	6.596193133e-12	6.778706925e-12	7.065740383e-12	6.709152743e-12	6.477355705e-12	7.006510060e-12	6.942080130e-12	6.784132604e-12	6.586547483e-12	7.211856916e-12	6.927837724e-12	6.631007903e-12	7.002214732e-12	7.254207350e-12	7.202889475e-12	6.942155486e-12	7.022334956e-12	6.472306810e-12	6.572455790e-12	6.327471340e-12	6.810356716e-12	6.741330030e-12	6.868908828e-12	6.855118562e-12	6.778706925e-12	6.936880521e-12	7.261215518e-12	7.236121755e-12	7.123840355e-12	7.150818034e-12	6.513300824e-12	7.008921473e-12	7.106131544e-12	6.296349046e-12	7.140720244e-12	7.290529252e-12	6.782550114e-12	7.042530536e-12	7.331146484e-12	7.692783019e-12	7.313739099e-12	7.448099995e-12	7.255940553e-12	7.647041536e-12	7.436796499e-12	6.906361080e-12	7.642821564e-12	7.621646347e-12	7.729557061e-12	7.570102402e-12	8.154417821e-12	8.518541126e-12	9.109412572e-12	1.065889589e-11	1.191554329e-11	8.080033277e-11	1.113119366e-10	9.793718722e-11	8.851768206e-11	8.105669608e-11	7.587555001e-11	6.797975619e-11	6.373559464e-11	5.975932595e-11	5.622005044e-11	5.327631850e-11	5.022942330e-11	4.785508616e-11	4.565693285e-11	4.459410274e-11	4.177546282e-11	4.078640687e-11	3.884213009e-11	3.791305803e-11	3.676771239e-11	3.586637157e-11	3.443956887e-11	3.414741116e-11	3.313461786e-11	3.362978637e-11	3.485960680e-11	4.295856213e-11	9.679334872e-11	1.244799073e-10	1.082809416e-10	9.343123669e-11	8.374557186e-11	7.683016798e-11	7.234727657e-11	6.889330479e-11	6.607059561e-11	6.362587536e-11	6.121288026e-11	6.024590380e-11	5.869122088e-11	5.838708146e-11	5.745220693e-11	5.750269588e-11	5.791602708e-11	5.955247196e-11	6.454658284e-11	6.929623676e-11	8.367398304e-11	1.455642442e-10	1.289609901e-10	1.163474182e-10	1.079907432e-10	9.720856383e-11	9.515720526e-11	9.135696970e-11	8.755944697e-11	8.348611893e-11	7.996575794e-11	7.802848933e-11	7.420406429e-11	7.276754058e-11	7.094707477e-11	6.932426944e-11	6.818841874e-11	6.573834817e-11	6.358375100e-11	6.296303832e-11	6.127120630e-11	6.055501676e-11	6.001508640e-11	5.880259800e-11	5.839333606e-11	5.704513034e-11	5.696902013e-11	5.595863825e-11	5.574552966e-11	5.556030302e-11	5.458518805e-11	5.449762363e-11	5.364149679e-11	5.295771060e-11	5.291882658e-11	5.240082500e-11	5.241182707e-11	5.095819741e-11	5.055255259e-11	5.108133017e-11	5.129195199e-11	5.249049941e-11	5.794097013e-11	7.118369463e-11	9.655424209e-11	1.437981105e-10	1.789932051e-10	1.569633684e-10	1.752134665e-10	1.584246091e-10	1.497081814e-10	1.402701385e-10	1.350682694e-10	1.270555220e-10	1.255811693e-10	1.210559274e-10	1.154877496e-10	1.071808853e-10	1.148627416e-10	1.177363919e-10	1.010907874e-10	1.153827025e-10	1.039057349e-10	1.073273787e-10	9.596148673e-11	9.093851425e-11	1.005458835e-10	9.476422036e-11	9.749702906e-11	9.363492569e-11	9.297404793e-11	9.698701530e-11	8.903131295e-11	8.941872145e-11	8.813140390e-11	8.485602736e-11	8.460373332e-11	8.666647074e-11	8.557884829e-11	8.449341119e-11	8.586203856e-11	8.459755407e-11	8.047019532e-11	8.247031137e-11	7.960901959e-11	7.838997515e-11	7.795019378e-11	7.664366028e-11	6.342640632e-11	6.505365770e-11	6.232446612e-12	6.469518614e-12	6.200118611e-12	6.394614110e-12	6.858509611e-12	6.345330865e-12	7.251569867e-12	7.182543181e-12	7.052251543e-12	6.691745358e-12	7.333633253e-12	7.223009699e-12	6.984279850e-12	7.102514425e-12	7.115701838e-12	6.982094508e-12	7.147125558e-12	7.139514537e-12	6.660170924e-12	6.900407906e-12	6.681421498e-12	6.953232913e-12	6.614504798e-12	6.460777243e-12	6.341110893e-12	6.423701775e-12	6.398683369e-12	6.336288067e-12	6.297856179e-12	6.407274026e-12	6.438471677e-12	6.809527793e-12	6.077814778e-12	6.650148490e-12	6.308406109e-12
6.940572997e-12	6.995357277e-12	6.836505471e-12	7.305148441e-12	6.690012155e-12	7.021732103e-12	7.417053058e-12	7.004324718e-12	7.411778093e-12	6.986239123e-12	7.253303070e-12	7.016080354e-12	7.301757392e-12	6.823393415e-12	7.540864024e-12	7.219241867e-12	7.552770374e-12	6.977799179e-12	7.310121980e-12	7.215323321e-12	7.271614735e-12	7.873412895e-12	7.123538929e-12	7.833699943e-12	8.126385149e-12	8.181018716e-12	7.636642319e-12	7.765125397e-12	7.719459271e-12	7.769119299e-12	8.206790689e-12	7.878311077e-12	7.575302011e-12	7.960600532e-12	8.013199470e-12	7.342223910e-12	7.549077898e-12	8.209352815e-12	7.567464920e-12	7.313965169e-12	7.728652781e-12	8.026537596e-12	8.150122492e-12	8.090892170e-12	8.838204010e-12	9.097732293e-12	8.672042610e-12	8.809719199e-12	8.883719423e-12	9.005194333e-12	8.978367368e-12	9.070980684e-12	9.356959148e-12	8.974298109e-12	9.467733415e-12	9.577904829e-12	9.149125524e-12	8.485459559e-12	8.986882669e-12	9.201875175e-12	9.537061528e-12	9.885887434e-12	8.952670753e-12	8.980929494e-12	8.981532347e-12	9.291926365e-12	9.140987006e-12	9.919270427e-12	9.634573025e-12	9.759438985e-12	1.140575559e-11	1.165820035e-11	1.229534077e-11	1.197499968e-11	1.316442895e-11	1.437021061e-11	1.660219906e-11	5.408466922e-11	1.444207071e-10	1.279314677e-10	1.170608196e-10	1.055953062e-10	9.763915170e-11	9.045291604e-11	8.385966181e-11	7.792834035e-11	7.274523501e-11	6.806988274e-11	6.415028225e-11	6.164693453e-11	5.734700906e-11	5.427245798e-11	5.240971709e-11	5.024027466e-11	4.721741824e-11	4.606159803e-11	4.344385892e-11	4.159166797e-11	4.078881828e-11	3.893172914e-11	3.733431900e-11	3.633388419e-11	3.568996167e-11	3.424529944e-11	3.389790531e-11	3.521928407e-11	4.212933762e-11	8.233821117e-11	9.706237194e-11	7.939922669e-11	7.027240673e-11	6.205755288e-11	5.954116847e-11	5.580498605e-11	5.370185747e-11	5.304595324e-11	5.265319441e-11	5.166775557e-11	5.134259165e-11	5.204581985e-11	5.224770030e-11	5.592894773e-11	6.071432070e-11	6.662876227e-11	7.606401698e-11	9.042526015e-11	1.002751271e-10	1.199674007e-10	1.356910167e-10	1.464186378e-10	1.516981997e-10	1.474030217e-10	1.383592447e-10	1.285287444e-10	1.191520418e-10	1.125428120e-10	1.066527860e-10	1.017579952e-10	9.672055420e-11	9.286523293e-11	9.117973087e-11	8.686985832e-11	8.346117588e-11	8.169406257e-11	7.919252342e-11	7.682368731e-11	7.784514662e-11	7.757732910e-11	7.538708824e-11	7.245639299e-11	6.502389182e-11	5.723291910e-11	5.593331841e-11	5.546482616e-11	5.445278642e-11	5.457539168e-11	5.409770592e-11	5.343419067e-11	5.257617992e-11	5.195200083e-11	5.223210148e-11	4.930924332e-11	4.983696590e-11	5.026476557e-11	4.912009814e-11	4.856276040e-11	5.106882096e-11	4.866200510e-11	5.169269862e-11	5.016439052e-11	5.669351624e-11	5.955390374e-11	7.533539358e-11	9.604181691e-11	9.374253498e-11	1.009013408e-10	1.256492917e-10	1.218253941e-10	1.224848401e-10	1.114219573e-10	1.081045317e-10	1.008737603e-10	1.077662557e-10	1.058268772e-10	9.716922766e-11	9.500181986e-11	8.982278378e-11	9.274089447e-11	9.082449965e-11	9.172252478e-11	9.233894213e-11	8.262343607e-11	8.901330271e-11	8.158125368e-11	8.037336203e-11	7.715894902e-11	7.644878800e-11	7.725646051e-11	7.604103320e-11	7.649061094e-11	7.322781896e-11	7.412305589e-11	7.598542000e-11	7.471648947e-11	7.139348753e-11	6.884356940e-11	6.947234524e-11	6.915705304e-11	7.181744401e-11	6.952697881e-11	6.274774439e-11	6.560052087e-11	6.743869549e-11	6.815654288e-11	5.679343915e-11	5.564357212e-11	3.232860320e-11	5.984372539e-11	6.428569814e-11	9.317698337e-12	9.234579958e-12	9.684006984e-12	9.289213525e-12	9.424026562e-12	8.739185380e-12	8.642126022e-12	8.511457601e-12	8.727052960e-12	8.556671587e-12	8.473327139e-12	8.895625773e-12	8.838580793e-12	8.930139116e-12	8.511834384e-12	8.276570941e-12	8.387571278e-12	8.412438971e-12	8.446349460e-12	8.709268792e-12	8.573551476e-12	8.189458660e-12	8.464058272e-12	8.294355109e-12	8.298725795e-12	8.451021572e-12	8.601508791e-12	8.353434718e-12	8.238289766e-12	8.418090719e-12	8.160069569e-12	8.333088424e-12
1.469281241e-11	1.471835831e-11	1.484420391e-11	1.478286360e-11	1.437119025e-11	1.468339283e-11	1.453094634e-11	1.419251965e-11	1.449093196e-11	1.413909179e-11	1.421211237e-11	1.453531702e-11	1.484375177e-11	1.476357230e-11	1.358295975e-11	1.376411713e-11	1.517079960e-11	1.529581627e-11	1.473079216e-11	1.491933448e-11	1.478512430e-11	1.443516804e-11	1.500870746e-11	1.469733381e-11	1.453840664e-11	1.436712099e-11	1.479198175e-11	1.476168838e-11	1.473410785e-11	1.500102108e-11	1.532889784e-11	1.528601991e-11	1.513643697e-11	1.528828061e-11	1.498429191e-11	1.376667925e-11	1.401889794e-11	1.381302359e-11	1.404301207e-11	1.401739081e-11	1.475528307e-11	1.441610281e-11	1.451361431e-11	1.440962214e-11	1.597756783e-11	1.601976755e-11	1.568375228e-11	1.577282383e-11	1.471300799e-11	1.470999372e-11	1.595156979e-11	1.655012762e-11	1.648878731e-11	1.588457774e-11	1.698787436e-11	1.700294569e-11	1.675848874e-11	1.721959604e-11	1.740007521e-11	1.769208220e-11	1.753820393e-11	1.780594609e-11	1.810021379e-11	1.801061474e-11	1.839199471e-11	1.911338387e-11	1.939951305e-11	1.979453257e-11	1.977350807e-11	2.162893936e-11	2.200353724e-11	2.340652724e-11	2.543475132e-11	2.866740064e-11	3.272829484e-11	8.427374657e-11	1.872190610e-10	1.678162323e-10	1.544759209e-10	1.419566202e-10	1.302015866e-10	1.208107923e-10	1.130152228e-10	1.059333561e-10	9.871697778e-11	8.990318932e-11	8.741747506e-11	8.144312495e-11	7.813828396e-11	7.326647692e-11	7.050307342e-11	6.691594645e-11	6.434726452e-11	6.107542974e-11	5.773042366e-11	5.676744111e-11	5.430998558e-11	5.228665969e-11	5.038428121e-11	4.597682180e-11	4.435160506e-11	4.323323710e-11	4.160236861e-11	4.350806278e-11	4.181510042e-11	4.191675653e-11	4.146597308e-11	4.098979445e-11	6.541687672e-11	1.092164944e-10	9.868623227e-11	8.566467951e-11	8.071864617e-11	7.442614032e-11	7.114797558e-11	6.932984583e-11	6.858208185e-11	6.951529853e-11	7.097744350e-11	7.495710323e-11	7.983704879e-11	8.885618411e-11	1.034860737e-10	1.192643986e-10	1.279642478e-10	1.482624642e-10	1.653373755e-10	1.752809107e-10	1.773535952e-10	1.681074857e-10	1.557005417e-10	1.461541360e-10	1.373430604e-10	1.306967551e-10	1.245361233e-10	1.181136273e-10	1.135685666e-10	1.100772933e-10	1.041555421e-10	9.871969062e-11	9.580919095e-11	9.565033914e-11	9.457108128e-11	9.127837272e-11	8.944554842e-11	8.761521089e-11	9.098734536e-11	8.838196474e-11	8.480192129e-11	6.823513986e-11	6.854470495e-11	6.606208031e-11	6.599305362e-11	6.472683593e-11	6.425585691e-11	6.309152140e-11	6.159742521e-11	6.063738157e-11	5.965051096e-11	5.947236785e-11	5.937123923e-11	5.805091547e-11	5.864434904e-11	5.777300017e-11	5.651590063e-11	5.620603411e-11	5.487817468e-11	5.485564304e-11	5.542948389e-11	5.456016964e-11	5.538675667e-11	5.570182280e-11	5.664777476e-11	7.161887925e-11	6.824131910e-11	9.749130196e-11	1.118832906e-10	1.256814690e-10	1.278823351e-10	1.390155257e-10	1.248933138e-10	1.171145489e-10	1.155857133e-10	1.057380317e-10	1.114322811e-10	1.140843075e-10	1.065229465e-10	1.000913323e-10	1.035384466e-10	9.943580481e-11	1.079838857e-10	1.032153926e-10	9.337358885e-11	9.639523957e-11	9.227142258e-11	9.418095994e-11	9.412760743e-11	8.414330422e-11	8.334957269e-11	9.330863143e-11	9.043543330e-11	8.275335092e-11	8.816938365e-11	9.305814594e-11	8.467034859e-11	9.102419476e-11	8.363751043e-11	8.097945552e-11	8.019597249e-11	8.542866250e-11	7.758215193e-11	8.328657454e-11	8.151177485e-11	7.525551554e-11	7.329036497e-11	6.286070400e-11	7.914007519e-11	6.790319384e-11	7.360437611e-11	6.803883580e-11	7.723166818e-11	1.323157172e-11	1.281997373e-11	1.350195136e-11	1.311861211e-11	1.292464411e-11	1.359418789e-11	1.352960725e-11	1.301846313e-11	1.338424428e-11	1.346585553e-11	1.338642962e-11	1.361664417e-11	1.321001972e-11	1.323466134e-11	1.312629849e-11	1.323051673e-11	1.316902571e-11	1.336254157e-11	1.416328127e-11	1.378159987e-11	1.363804546e-11	1.345605916e-11	1.338318929e-11	1.357316339e-11	1.340677592e-11	1.350293100e-11	1.358039763e-11	1.329351488e-11	1.358484367e-11	1.319427018e-11
1.882009581e-11	1.911006818e-11	1.957599831e-11	1.934887338e-11	1.951043803e-11	1.916884636e-11	1.991917246e-11	1.968556687e-11	1.911941240e-11	1.961525912e-11	2.049791149e-11	1.975994387e-11	1.987471204e-11	1.998759630e-11	1.991992603e-11	2.006837862e-11	2.177113735e-11	2.129639049e-11	2.073264744e-11	2.099843032e-11	2.076361902e-11	2.029972352e-11	2.030876631e-11	2.065178976e-11	2.092186797e-11	2.109669539e-11	2.072684498e-11	2.067349247e-11	2.104778892e-11	2.114891754e-11	2.137024000e-11	2.117544308e-11	2.132035390e-11	2.168327150e-11	2.088418965e-11	2.162615117e-11	2.194076516e-11	2.218959280e-11	2.224942597e-11	2.112789304e-11	2.148960493e-11	2.137559033e-11	2.179668325e-11	2.197655956e-11	2.193398306e-11	2.185237181e-11	2.220466412e-11	2.191235570e-11	2.215048270e-11	2.180889103e-11	2.244248969e-11	2.273231135e-11	2.292740970e-11	2.315054072e-11	2.292763577e-11	2.330132937e-11	2.370237743e-11	2.385331679e-11	2.400508507e-11	2.413402028e-11	2.428789855e-11	2.420056020e-11	2.508313722e-11	2.560814696e-11	2.620436873e-11	2.736810138e-11	2.723871402e-11	2.898065821e-11	3.115356704e-11	3.330040248e-11	3.654932884e-11	3.962998381e-11	4.564012832e-11	9.710841485e-11	2.006770794e-10	1.921518316e-10	1.769278302e-10	1.656345821e-10	1.528055655e-10	1.407286083e-10	1.313503232e-10	1.225534147e-10	1.156951311e-10	1.078950403e-10	1.014337355e-10	9.507830686e-11	9.100882200e-11	8.516928493e-11	8.013787252e-11	7.601134268e-11	7.230334365e-11	6.960776113e-11	6.636117083e-11	6.425103408e-11	6.189350147e-11	5.898797534e-11	5.680248195e-11	5.543943097e-11	5.431428091e-11	5.211092799e-11	5.098570258e-11	4.935257339e-11	4.775667038e-11	4.648110847e-11	4.498565586e-11	4.440887611e-11	4.402975683e-11	4.495754783e-11	5.101388597e-11	8.021202345e-11	1.198250520e-10	1.046914786e-10	1.001390330e-10	8.525880863e-11	1.730874295e-11	1.738093462e-11	1.767384589e-11	1.787745955e-11	1.784686475e-11	1.797037429e-11	1.746518335e-11	1.801694470e-11	1.786155929e-11	1.798672668e-11	1.805432159e-11	1.806464545e-11	1.857918062e-11	1.866455969e-11	1.832191303e-11	1.829146895e-11	1.784573440e-11	1.833186011e-11	1.827519191e-11	1.872898963e-11	1.768597831e-11	1.833125726e-11	1.850359790e-11	1.838069122e-11	1.836999057e-11	1.824188428e-11	1.837217592e-11	1.859349838e-11	1.862235997e-11	1.851068143e-11	1.820119169e-11	1.887578437e-11	1.812764361e-11	1.812312221e-11	1.796020114e-11	1.771687454e-11	1.813495320e-11	1.790662257e-11	1.795183655e-11	1.758040366e-11	1.789140053e-11	1.838943259e-11	1.878919958e-11	1.881941760e-11	1.899778678e-11	1.874180026e-11	1.875197340e-11	1.897804333e-11	1.899906784e-11	1.859297088e-11	1.887382510e-11	1.838860366e-11	1.879259063e-11	1.874451309e-11	1.887910006e-11	1.877706716e-11	1.899929391e-11	1.933659025e-11	1.980395215e-11	2.042835731e-11	2.034938354e-11	2.013928922e-11	2.020010203e-11	2.020567842e-11	2.029814103e-11	1.995021940e-11	2.027056050e-11	2.010153554e-11	1.991156144e-11	2.013559675e-11	2.004396307e-11	2.022896363e-11	2.052843093e-11	2.012662930e-11	2.027372547e-11	2.038336939e-11	2.069640089e-11	2.034132038e-11	2.052737594e-11	2.022594936e-11	1.992994846e-11	2.022172939e-11	1.987252670e-11	2.009889806e-11	1.986845744e-11	1.951842583e-11	1.924254516e-11	1.966122667e-11	1.923237201e-11	1.945979836e-11	1.929416446e-11	1.904503539e-11	1.937758426e-11	1.917419668e-11	1.930607081e-11	1.896802090e-11	1.899718392e-11	1.912069346e-11	1.963342007e-11	1.910697855e-11	1.916311925e-11	1.905505782e-11	1.903230012e-11	1.906892345e-11	1.912566700e-11	1.950810197e-11	1.945761302e-11	1.922242493e-11	1.898859326e-11	1.913983405e-11	1.895875203e-11	1.897826940e-11	1.854798297e-11	1.896613698e-11	1.858415416e-11	1.914895220e-11	1.924269587e-11	1.944638488e-11	1.820443203e-11	1.841068316e-11	1.841075852e-11	1.851746353e-11	1.900569922e-11	1.871949469e-11	1.928873878e-11	1.924028446e-11	1.932513604e-11	1.870238873e-11	1.872996926e-11	1.907472591e-11	1.877412826e-11	1.909891539e-11	1.872861284e-11	1.898897005e-11	1.842485021e-11	1.889469889e-11	1.900645279e-11
3.018719344e-11	2.993007657e-11	3.018983092e-11	3.063549012e-11	3.089072307e-11	3.040045274e-11	3.056359988e-11	3.050602740e-11	3.041801084e-11	3.094806948e-11	3.092757247e-11	3.053059367e-11	3.027091467e-11	3.016323003e-11	3.078884089e-11	3.018606309e-11	3.085244189e-11	3.085409974e-11	3.033014499e-11	3.026435864e-11	3.017920564e-11	3.017581459e-11	3.093887597e-11	3.103781924e-11	3.074023585e-11	3.078710768e-11	3.084370052e-11	3.163019782e-11	3.180472381e-11	3.185061600e-11	3.170088235e-11	3.160992688e-11	3.152281460e-11	3.227155822e-11	3.183358540e-11	3.240539162e-11	3.204488543e-11	3.227555212e-11	3.245083167e-11	3.301412259e-11	3.288390631e-11	3.293409383e-11	3.323823325e-11	3.334388326e-11	3.359278626e-11	3.372142005e-11	3.408998940e-11	3.433648098e-11	3.370001876e-11	3.357319353e-11	3.412902414e-11	3.449359958e-11	3.541287529e-11	3.550639288e-11	3.588174433e-11	3.578099249e-11	3.657788900e-11	3.670622137e-11	3.767749316e-11	3.765405724e-11	3.916277261e-11	4.000804809e-11	4.040261548e-11	4.129544100e-11	4.233031379e-11	4.264809276e-11	4.441867247e-11	4.550938454e-11	4.724115558e-11	5.179744435e-11	6.313892073e-11	1.371132226e-10	2.224898137e-10	2.259629260e-10	2.088771634e-10	1.897678488e-10	1.771516394e-10	1.657760265e-10	1.551441836e-10	1.449540814e-10	1.359732273e-10	1.276274790e-10	1.192922805e-10	1.117043940e-10	1.052327654e-10	9.971447368e-11	9.433483821e-11	8.918654763e-11	8.548623498e-11	8.041857602e-11	7.696226817e-11	7.306881644e-11	7.035718296e-11	6.827907278e-11	6.508779426e-11	6.235513627e-11	6.044092680e-11	5.849567038e-11	5.717444234e-11	5.499753961e-11	5.373946043e-11	5.179654008e-11	5.075126806e-11	5.002347359e-11	4.855432046e-11	4.782313494e-11	4.715102903e-11	4.793503956e-11	4.933215174e-11	5.471374648e-11	9.251791416e-11	1.321362930e-10	1.221649512e-10	1.101053260e-10	1.030670154e-10	9.951862176e-11	9.765188697e-11	1.004917021e-10	1.053003603e-10	1.142292183e-10	1.247347635e-10	1.377781696e-10	1.535362236e-10	1.665240165e-10	1.706684813e-10	1.820207336e-10	1.833051123e-10	1.722647610e-10	1.595923356e-10	1.495999693e-10	1.412697444e-10	1.352873311e-10	1.306268995e-10	1.024354514e-10	9.948659518e-11	9.664873932e-11	9.407583742e-11	9.207089855e-11	9.047205663e-11	8.882815143e-11	8.621651622e-11	8.516114642e-11	8.402868677e-11	8.221982588e-11	7.910804862e-11	7.892478126e-11	7.721026689e-11	7.597961753e-11	7.447399178e-11	7.344499681e-11	7.262715115e-11	7.166288753e-11	7.079048366e-11	6.943361193e-11	6.837929712e-11	6.841569438e-11	6.712777397e-11	6.586291270e-11	6.486956142e-11	6.411441249e-11	6.334848755e-11	6.107452546e-11	6.042623225e-11	5.911532807e-11	6.009466302e-11	5.968140718e-11	5.895044773e-11	5.861827564e-11	5.812536783e-11	5.781075385e-11	5.736946534e-11	5.774353572e-11	5.737368531e-11	5.685116234e-11	5.764210568e-11	6.332821662e-11	7.174118308e-11	9.204083124e-11	1.114707884e-10	1.359907854e-10	1.419889482e-10	1.318298176e-10	1.241531609e-10	1.428089038e-10	1.340318894e-10	1.388473297e-10	1.272726999e-10	1.209797419e-10	1.210777055e-10	1.208663301e-10	1.175055745e-10	1.162208191e-10	1.137621579e-10	1.106898675e-10	1.086651852e-10	1.076579682e-10	1.069792310e-10	1.091547019e-10	1.123550232e-10	1.062165464e-10	1.096014915e-10	1.024441174e-10	1.020786377e-10	1.048494261e-10	9.940114075e-11	9.262710594e-11	1.035877298e-10	9.547385388e-11	9.184467790e-11	9.838684032e-11	9.164762027e-11	1.003941906e-10	9.392843982e-11	9.740690252e-11	9.163533714e-11	9.618265848e-11	9.075743224e-11	8.786667601e-11	9.125644394e-11	8.801128541e-11	9.113896293e-11	8.675493944e-11	8.348724928e-11	5.354858205e-11	2.816183291e-11	2.824962341e-11	2.847207622e-11	2.813937663e-11	2.817652746e-11	2.857305412e-11	2.881080433e-11	2.863017446e-11	2.851548165e-11	2.861774061e-11	2.927492591e-11	2.945321973e-11	2.942925631e-11	2.912888473e-11	2.927469984e-11	2.988554079e-11	2.925314784e-11	2.924922929e-11	2.952299998e-11	2.918374437e-11	2.932752484e-11	2.952307533e-11	2.926136171e-11	2.888601027e-11	2.902421435e-11	2.897696573e-11	2.919105396e-11
4.345546385e-11	4.369004908e-11	4.381627146e-11	4.391883185e-11	4.441106145e-11	4.452944674e-11	4.435891465e-11	4.523342851e-11	4.533629033e-11	4.514963192e-11	4.597448575e-11	4.565783713e-11	4.543628859e-11	4.676166125e-11	4.569272725e-11	4.705517538e-11	4.650454438e-11	4.617184480e-11	4.688524615e-11	4.685269208e-11	4.675902377e-11	4.770814070e-11	4.796879934e-11	4.842772130e-11	4.844867045e-11	4.872364684e-11	4.907458273e-11	4.901022816e-11	4.961473916e-11	4.945656556e-11	4.916885389e-11	4.970139930e-11	4.928098458e-11	5.028285116e-11	4.996401720e-11	4.996431863e-11	5.124628586e-11	5.137574857e-11	4.995241228e-11	5.023831539e-11	5.203851026e-11	5.172012844e-11	5.215810125e-11	5.215222344e-11	5.315883749e-11	5.309817539e-11	5.333909058e-11	5.397042855e-11	5.517500450e-11	5.413071213e-11	5.447720198e-11	5.608734739e-11	5.582382521e-11	5.772831368e-11	5.696999977e-11	5.828964532e-11	5.915534245e-11	6.139177693e-11	6.272890523e-11	6.430951084e-11	6.524272752e-11	6.777991037e-11	6.827575709e-11	7.162129066e-11	7.426389746e-11	7.887044912e-11	9.622350178e-11	1.600893881e-10	2.546443430e-10	2.639542043e-10	2.479492066e-10	2.353560564e-10	2.179715800e-10	2.036697179e-10	1.933584422e-10	1.820614262e-10	1.720192491e-10	1.622183640e-10	1.537979372e-10	1.445240211e-10	1.375300202e-10	1.296218679e-10	1.211815470e-10	1.143336626e-10	1.084171864e-10	1.025334150e-10	9.682002497e-11	9.140670508e-11	8.751197229e-11	8.381173499e-11	8.054585339e-11	7.716558040e-11	7.436186110e-11	7.171269827e-11	6.899111771e-11	6.610721894e-11	6.438109965e-11	6.267336738e-11	6.078937592e-11	5.929219011e-11	5.711634237e-11	5.571727091e-11	5.446748097e-11	5.323035094e-11	5.268612526e-11	5.191243859e-11	5.045858286e-11	5.055632043e-11	5.106241565e-11	5.197641638e-11	5.658274197e-11	8.129565200e-11	1.194778840e-10	1.350576441e-10	1.256604445e-10	1.160679958e-10	1.097940277e-10	1.111970930e-10	1.185108321e-10	1.328468308e-10	1.454069749e-10	1.597581202e-10	1.741068542e-10	1.826335339e-10	1.836534107e-10	1.765408738e-10	1.675128464e-10	1.556270690e-10	1.461514985e-10	1.401546168e-10	1.335759064e-10	1.290380046e-10	1.250768073e-10	1.213997798e-10	1.178948669e-10	1.152625086e-10	1.111996552e-10	1.096684835e-10	1.064228729e-10	1.050704472e-10	1.031139626e-10	1.010113615e-10	9.871773134e-11	9.580060029e-11	9.516730305e-11	9.372369582e-11	9.425593980e-11	9.456362098e-11	9.251806487e-11	7.741523696e-11	7.715450297e-11	7.629890364e-11	7.551918844e-11	7.415161606e-11	7.378915060e-11	7.164781620e-11	7.114194705e-11	7.044572701e-11	6.957000745e-11	6.890121724e-11	6.733432653e-11	6.596735701e-11	6.463859330e-11	6.330184179e-11	6.179033822e-11	6.279303373e-11	6.382775581e-11	6.361118082e-11	6.209153873e-11	6.199131439e-11	6.117994941e-11	6.129140188e-11	6.094046599e-11	6.058154229e-11	6.055637318e-11	6.206983602e-11	6.670366678e-11	7.364612369e-11	8.686285015e-11	1.064134533e-10	1.233604090e-10	1.359812151e-10	1.260005290e-10	1.455328205e-10	1.536261240e-10	1.463334848e-10	1.513709257e-10	1.324997381e-10	1.285991275e-10	1.334608368e-10	1.249614362e-10	1.264118256e-10	1.207251118e-10	1.244252737e-10	1.198525572e-10	1.185470033e-10	1.173753582e-10	1.162783162e-10	1.134767069e-10	1.138855920e-10	1.130364734e-10	1.137621579e-10	1.086011320e-10	1.092161176e-10	1.059815090e-10	1.077627893e-10	1.093695437e-10	1.068353751e-10	1.049170964e-10	1.098757896e-10	1.084538098e-10	1.065498488e-10	1.006584664e-10	9.883634270e-11	9.482495782e-11	8.556324947e-11	9.860303853e-11	9.359121884e-11	9.607158278e-11	1.020683892e-10	9.467281275e-11	7.872244867e-11	9.003988627e-11	9.338413878e-11	7.933766031e-11	6.596049955e-11	4.212180196e-11	4.217048235e-11	4.236121002e-11	4.231629746e-11	4.226889813e-11	4.297928521e-11	4.250159944e-11	4.212232945e-11	4.283957399e-11	4.267672829e-11	4.290927889e-11	4.283392225e-11	4.223317908e-11	4.209482428e-11	4.356465562e-11	4.316888253e-11	4.279805248e-11	4.290144180e-11	4.251727363e-11	4.244877444e-11	4.262646540e-11	4.250046910e-11	4.318764633e-11	4.413834576e-11	4.392908036e-11
4.905461322e-11	4.931775862e-11	4.930781155e-11	4.978135270e-11	5.024404249e-11	5.018051684e-11	5.046574174e-11	5.104802253e-11	5.004969771e-11	5.111305531e-11	5.100951528e-11	5.418444142e-11	5.439091862e-11	5.475067124e-11	5.710639529e-11	5.662381134e-11	5.741204184e-11	5.615441481e-11	5.693774712e-11	5.612118253e-11	5.561561480e-11	5.637958046e-11	5.629503030e-11	5.684603809e-11	5.711815093e-11	5.812951245e-11	5.775303066e-11	5.714543003e-11	5.791685600e-11	5.864148549e-11	5.807555709e-11	5.789801684e-11	5.577853587e-11	5.578268048e-11	5.621929688e-11	5.692983468e-11	5.603376882e-11	5.720081717e-11	5.753781208e-11	5.934780332e-11	6.082102571e-11	6.075086867e-11	6.094543953e-11	6.198822477e-11	6.194579898e-11	6.217390354e-11	6.285113370e-11	5.989632433e-11	6.019217451e-11	6.219628447e-11	6.371999581e-11	6.390409209e-11	6.608069340e-11	6.932713299e-11	6.960911755e-11	7.527171722e-11	7.727680681e-11	8.283744894e-11	8.756607836e-11	9.954009840e-11	1.138577854e-10	1.161281304e-10	1.702342009e-10	2.036628604e-10	2.203470475e-10	2.215057312e-10	2.186541605e-10	2.064192557e-10	1.997282639e-10	1.916501070e-10	1.830303619e-10	1.766875179e-10	1.646475607e-10	1.601892356e-10	1.547548912e-10	1.482632931e-10	1.399302047e-10	1.371059884e-10	1.264273490e-10	1.213321095e-10	1.146604091e-10	1.093833340e-10	1.042661657e-10	9.654828891e-11	9.410974791e-11	8.857759059e-11	8.245704860e-11	7.817226981e-11	7.763203803e-11	7.301109325e-11	6.866911877e-11	6.717441974e-11	6.451214485e-11	7.354363866e-11	7.055898805e-11	6.815737180e-11	6.568318710e-11	6.383514076e-11	6.158303210e-11	6.051688629e-11	5.881103794e-11	5.700707524e-11	5.621311763e-11	4.647854634e-11	4.629362114e-11	4.333670178e-11	4.295486966e-11	4.478008294e-11	4.449222056e-11	4.469839634e-11	4.812192404e-11	6.929457892e-11	8.761671802e-11	1.224601985e-10	1.299630828e-10	1.227109101e-10	1.172242682e-10	1.189787969e-10	1.728240581e-10	1.724942974e-10	1.673138295e-10	1.567923842e-10	1.471428152e-10	1.374163070e-10	1.316529555e-10	1.243970903e-10	1.204872862e-10	1.184921437e-10	1.204161495e-10	1.145546083e-10	1.098806878e-10	1.041269066e-10	1.018075045e-10	1.010454981e-10	9.900333302e-11	9.474259301e-11	9.476007575e-11	9.179735393e-11	8.798460916e-11	8.754445100e-11	8.627484226e-11	8.401813684e-11	8.228365296e-11	8.667023857e-11	8.939445661e-11	7.849585124e-11	7.884128610e-11	7.889411110e-11	7.668631214e-11	7.407098445e-11	6.348834949e-11	6.205009258e-11	6.253893113e-11	6.090158196e-11	5.966045803e-11	5.787902696e-11	5.677708676e-11	5.511682917e-11	5.434871890e-11	5.329025948e-11	5.177348094e-11	4.836570278e-11	4.689971462e-11	4.683038651e-11	4.723806596e-11	4.613951680e-11	4.527495002e-11	4.544344748e-11	4.482484478e-11	4.434768651e-11	4.347407694e-11	4.347498122e-11	4.322871570e-11	4.309736907e-11	4.243649130e-11	4.409546783e-11	4.587931031e-11	5.139187490e-11	5.568931360e-11	6.967927459e-11	6.954122121e-11	4.671757762e-11	4.646581107e-11	4.639437297e-11	4.644267658e-11	4.742630685e-11	4.640627932e-11	4.732419860e-11	4.688803434e-11	4.719518803e-11	4.711960531e-11	4.697039916e-11	4.767340129e-11	4.739458171e-11	4.750919916e-11	4.792275643e-11	4.781175609e-11	4.833322407e-11	4.838770692e-11	4.842583738e-11	4.839388616e-11	4.846954424e-11	4.900917316e-11	4.929258950e-11	4.895634816e-11	5.000207231e-11	4.938384640e-11	4.999981161e-11	4.919477658e-11	4.883472253e-11	4.911218570e-11	4.759171469e-11	4.909703901e-11	4.930374229e-11	4.912311241e-11	4.868182390e-11	4.983086201e-11	4.950524595e-11	4.977230990e-11	4.951556981e-11	4.949469602e-11	4.926719431e-11	4.974721614e-11	4.939921915e-11	4.900065786e-11	4.847527134e-11	4.855409439e-11	4.964239505e-11	5.018903214e-11	4.893238474e-11	4.987140389e-11	4.961858235e-11	4.932536964e-11	4.934616808e-11	4.986575214e-11	5.005843908e-11	5.015293631e-11	5.040545642e-11	4.954435605e-11	4.979544439e-11	4.963372903e-11	4.957856797e-11	4.898603867e-11	4.962121983e-11	4.988737950e-11	4.909191476e-11	4.978783337e-11	4.932808248e-11	4.916131823e-11	4.964706716e-11	5.021246806e-11
1.316833996e-10	1.330805118e-10	1.323622876e-10	1.371075709e-10	1.459302514e-10	1.824789774e-10	1.113244458e-10	1.117423737e-10	2.116578989e-10	2.280991362e-10	2.448534050e-10	2.518946544e-10	2.535962828e-10	1.450679453e-10	1.427949629e-10	1.453322964e-10	1.460362028e-10	1.516338451e-10	1.527253861e-10	1.561280400e-10	1.554300114e-10	1.702549240e-10	1.873418170e-10	1.882140701e-10	1.862514817e-10	1.965739855e-10	2.178498037e-10	2.228119633e-10	2.128121366e-10	2.193138325e-10	2.206545780e-10	2.278690724e-10	2.381245841e-10	2.455654499e-10	2.413197058e-10	2.540086344e-10	1.905355823e-10	1.945985111e-10	2.642752989e-10	2.496323726e-10	2.498251349e-10	2.556224723e-10	2.605807887e-10	2.699281776e-10	2.753820393e-10	2.743400077e-10	2.788350315e-10	2.914045197e-10	2.956562170e-10	3.233758571e-10	3.113608430e-10	3.188894239e-10	3.044127344e-10	2.992010689e-10	2.838947780e-10	2.669702786e-10	2.714166220e-10	2.376101243e-10	2.389252485e-10	2.164725856e-10	2.115533039e-10	1.984333354e-10	1.897686777e-10	1.789435451e-10	1.713543021e-10	1.649194475e-10	1.557260123e-10	1.497785645e-10	1.445804632e-10	1.371639376e-10	1.291759073e-10	1.249006234e-10	1.176070046e-10	1.130059539e-10	1.062365912e-10	1.013590571e-10	9.555832868e-11	9.044116040e-11	8.427495228e-11	7.999981914e-11	7.530396986e-11	7.074120042e-11	6.675709464e-11	6.197428379e-11	5.888315425e-11	5.511863773e-11	5.266849180e-11	4.999611913e-11	4.737031687e-11	4.482363908e-11	4.226565779e-11	4.054277884e-11	3.882133166e-11	3.730967738e-11	3.587940827e-11	3.473677547e-11	3.341750670e-11	3.214910367e-11	3.122025767e-11	2.993346762e-11	2.949383696e-11	2.693005321e-11	2.636502909e-11	2.493393106e-11	2.439490499e-11	2.371496199e-11	2.386235958e-11	2.335520937e-11	2.372716976e-11	2.382264663e-11	2.497025296e-11	2.763825495e-11	3.234344846e-11	4.558677581e-11	1.423566886e-10	1.292797487e-10	1.535018609e-10	1.667041943e-10	1.740870354e-10	1.718652955e-10	1.613947912e-10	1.472379906e-10	1.341304559e-10	1.222584688e-10	1.195810472e-10	1.111912906e-10	1.042893002e-10	1.003012759e-10	9.564378311e-11	9.134099409e-11	8.801603288e-11	8.465135872e-11	8.152624333e-11	8.068857887e-11	7.769390583e-11	6.200932463e-11	6.083097279e-11	5.911419772e-11	5.765446417e-11	5.626428479e-11	5.485669804e-11	5.388904337e-11	5.204830662e-11	5.076694225e-11	4.980169899e-11	4.851905355e-11	4.810308487e-11	4.747830294e-11	4.690853135e-11	4.577381100e-11	4.570033828e-11	4.464775667e-11	4.360014860e-11	4.258554675e-11	4.249338557e-11	4.174456660e-11	4.147509124e-11	4.126462013e-11	4.146695272e-11	3.978099852e-11	3.949539684e-11	3.843452600e-11	3.760974753e-11	3.942539052e-11	3.976381721e-11	3.856994189e-11	3.827793490e-11	3.795766916e-11	3.766716930e-11	3.733688112e-11	3.773936096e-11	3.666409701e-11	3.600065711e-11	3.551490818e-11	3.532583836e-11	3.541656776e-11	3.745571855e-11	3.843505350e-11	4.468257144e-11	6.239786349e-11	4.764333399e-11	8.677076433e-11	8.574289971e-11	8.570868779e-11	8.543529389e-11	8.650377574e-11	8.600009194e-11	8.602262357e-11	8.654228299e-11	8.600966223e-11	8.609104740e-11	8.578155767e-11	8.659043589e-11	8.634507465e-11	8.651975135e-11	8.583521160e-11	8.672939354e-11	8.684740204e-11	8.630792383e-11	8.723496126e-11	8.645637642e-11	8.518315056e-11	8.670844439e-11	8.819101101e-11	8.786373710e-11	8.825250203e-11	8.856071070e-11	8.852265560e-11	8.873576419e-11	8.943190887e-11	8.936770501e-11	8.986415458e-11	9.055555179e-11	9.031011520e-11	9.114747823e-11	9.021019229e-11	9.095102346e-11	8.935655222e-11	9.020597232e-11	9.179479180e-11	9.235363667e-11	9.129547868e-11	9.154159348e-11	9.130979644e-11	9.228988495e-11	9.095953876e-11	9.230246951e-11	9.272710420e-11	9.235853486e-11	9.341156860e-11	9.368556536e-11	9.448261258e-11	9.371239232e-11	9.315746600e-11	9.258761905e-11	9.401148285e-11	9.494115776e-11	9.597874340e-11	9.633638603e-11	9.507107262e-11	9.271806141e-11	9.431667725e-11	9.528644191e-11	9.465774143e-11	9.488494171e-11	9.454161684e-11	9.556842647e-11	9.591981450e-11	9.829520664e-11	9.846558801e-11	1.004921542e-10
3.424355117e-10	3.331589581e-10	3.253238263e-10	3.187414235e-10	3.184849848e-10	3.303052773e-10	4.138256081e-10	4.082518540e-10	3.979759205e-10	3.964084270e-10	3.976133797e-10	3.991562317e-10	4.025753887e-10	4.095723284e-10	4.094785848e-10	4.111697386e-10	4.071552641e-10	4.025144251e-10	3.931488000e-10	3.789643435e-10	3.777205067e-10	3.694781477e-10	3.555930078e-10	3.492148968e-10	3.447730748e-10	3.392315732e-10	3.977026020e-10	3.950753679e-10	3.730703989e-10	3.876196569e-10	3.946107942e-10	3.904961708e-10	3.789042089e-10	3.828297626e-10	3.891379426e-10	3.843609342e-10	3.801380986e-10	3.741087381e-10	3.727317462e-10	3.675415573e-10	3.657611812e-10	3.555023538e-10	3.576922178e-10	3.564556907e-10	3.567455877e-10	3.520036955e-10	3.485551494e-10	3.458316096e-10	3.408922076e-10	3.028451655e-10	2.927995219e-10	2.824734763e-10	2.765618983e-10	2.586130007e-10	2.508171298e-10	2.460973924e-10	2.372582841e-10	2.296927785e-10	2.304071595e-10	2.130287116e-10	2.080859186e-10	2.019515110e-10	1.961510840e-10	1.914754303e-10	1.815854737e-10	1.792058615e-10	1.713662838e-10	1.643029548e-10	1.594230092e-10	1.522541056e-10	1.453471417e-10	1.385321129e-10	1.314971180e-10	1.271039763e-10	1.200385374e-10	1.149475932e-10	1.085810871e-10	1.020154888e-10	9.710479773e-11	9.200918145e-11	8.701687913e-11	8.259728731e-11	7.754583003e-11	7.294794438e-11	6.924167855e-11	6.553609093e-11	6.149350840e-11	5.828376750e-11	5.527628383e-11	5.227701404e-11	4.960893670e-11	4.813292611e-11	4.546401984e-11	4.379969300e-11	4.157848055e-11	3.985371768e-11	3.881696097e-11	3.776294759e-11	3.611075317e-11	3.555861504e-11	3.434341379e-11	3.311856690e-11	3.252942865e-11	3.119139608e-11	3.039728776e-11	2.983678504e-11	3.010445184e-11	2.992291769e-11	3.019744194e-11	3.067083238e-11	3.144813617e-11	3.405005038e-11	4.414919711e-11	7.224222941e-11	6.754962047e-11	1.055779742e-10	1.518354995e-10	1.760985303e-10	1.763045554e-10	1.639009271e-10	1.468508835e-10	1.335453869e-10	1.267641179e-10	1.179809996e-10	1.131866592e-10	1.048179270e-10	9.987867580e-11	9.616713501e-11	9.285332658e-11	8.942979888e-11	8.574297507e-11	8.360246959e-11	8.207355863e-11	7.970464717e-11	6.606773206e-11	6.425796689e-11	6.193057694e-11	6.088967561e-11	5.866688068e-11	5.750382623e-11	5.700225241e-11	5.580913066e-11	5.481600545e-11	5.315514501e-11	5.240285963e-11	5.191914534e-11	5.085804843e-11	5.058834700e-11	4.906049104e-11	4.798236353e-11	4.797565679e-11	4.734062635e-11	4.721493147e-11	4.658125745e-11	4.634207546e-11	4.493561905e-11	4.471150839e-11	4.617199551e-11	4.484805463e-11	4.435039935e-11	4.282216661e-11	4.258388890e-11	4.211396487e-11	4.287853338e-11	4.237281494e-11	4.093832586e-11	4.094533403e-11	4.046734684e-11	4.104141375e-11	4.075543529e-11	4.076477951e-11	3.933646968e-11	3.890912215e-11	3.825510183e-11	3.805940063e-11	3.723288896e-11	3.872758799e-11	4.239949119e-11	4.670680162e-11	4.529785844e-11	4.579249945e-11	1.807068905e-10	1.798454134e-10	1.795384104e-10	1.781568971e-10	1.788959197e-10	1.762825512e-10	1.819721286e-10	1.763713214e-10	1.796734495e-10	1.811964073e-10	1.800273997e-10	1.746923753e-10	1.764467534e-10	1.785289328e-10	1.783791238e-10	1.753512185e-10	1.776434169e-10	1.767262512e-10	1.761486425e-10	1.725959535e-10	1.714769073e-10	1.713121024e-10	1.734470314e-10	1.754475243e-10	1.747311840e-10	1.748014164e-10	1.749054839e-10	1.761411068e-10	1.752222079e-10	1.733966932e-10	1.809465247e-10	1.802662802e-10	1.804463826e-10	1.822897568e-10	1.835955368e-10	1.836907122e-10	1.805024480e-10	1.782073106e-10	1.805589654e-10	1.818887088e-10	1.816517121e-10	1.810732745e-10	1.801173002e-10	1.814537502e-10	1.843768345e-10	1.880025440e-10	1.839213789e-10	1.849141273e-10	1.850318344e-10	1.884231848e-10	1.868206504e-10	1.860898417e-10	1.852171364e-10	1.887267967e-10	1.931702766e-10	1.927078129e-10	1.939388390e-10	1.955851556e-10	1.956316507e-10	1.971514435e-10	1.972501607e-10	1.960599025e-10	1.966823484e-10	1.989047665e-10	1.998844783e-10	1.983196222e-10	1.984420767e-10	2.030873617e-10	2.006048124e-10	2.025424578e-10
4.253553254e-10	4.779575787e-10	4.914804039e-10	4.892106618e-10	4.865434133e-10	4.827198172e-10	4.785678168e-10	4.752315521e-10	4.736970648e-10	4.763568529e-10	4.648161336e-10	4.563469510e-10	4.588819485e-10	4.504161571e-10	4.419475774e-10	4.358669744e-10	4.297120698e-10	4.253208121e-10	4.221421935e-10	4.204813330e-10	4.197461536e-10	4.174350407e-10	4.154158594e-10	4.027324319e-10	3.981467541e-10	3.929228054e-10	3.877693906e-10	4.112991259e-10	3.826951756e-10	3.771948941e-10	3.721193981e-10	3.673763755e-10	3.636759122e-10	3.575341196e-10	3.530731570e-10	3.504702631e-10	3.474089748e-10	3.459199275e-10	3.456070468e-10	3.472007644e-10	3.337194608e-10	3.200970895e-10	3.163379233e-10	3.112197000e-10	3.118153943e-10	3.020726091e-10	2.958667634e-10	2.913721164e-10	2.882894268e-10	2.821764958e-10	2.768336344e-10	2.717204600e-10	2.664920653e-10	2.609467206e-10	2.565577236e-10	2.497723099e-10	2.432860621e-10	2.392944207e-10	2.312807691e-10	2.266770056e-10	2.209923264e-10	2.153861689e-10	2.094256844e-10	2.045638998e-10	1.995403245e-10	1.918034578e-10	1.848831558e-10	1.807155566e-10	1.751896538e-10	1.687024264e-10	1.615832582e-10	1.553521680e-10	1.477170328e-10	1.420766633e-10	1.357968927e-10	1.298423614e-10	1.244399683e-10	1.182579352e-10	1.129679742e-10	1.059760080e-10	1.009013408e-10	9.536240141e-11	9.128568231e-11	8.540598015e-11	8.061540757e-11	7.624020081e-11	7.206468916e-11	6.800138355e-11	6.451749518e-11	6.080934543e-11	5.829032353e-11	5.560468809e-11	5.308016515e-11	5.178930584e-11	4.941579762e-11	4.752969617e-11	4.541503802e-11	4.416343952e-11	4.243106563e-11	4.148594259e-11	4.062928826e-11	3.938560221e-11	3.877129485e-11	3.760846647e-11	3.680019110e-11	3.641195367e-11	3.603675294e-11	3.658813751e-11	3.701066221e-11	3.787741433e-11	4.010442924e-11	4.458302531e-11	6.240163132e-11	1.035688907e-10	8.430170389e-11	1.157894023e-10	1.600445508e-10	1.916672130e-10	1.900575197e-10	1.667762352e-10	1.493424002e-10	1.372673269e-10	1.276639516e-10	1.195557274e-10	1.170988747e-10	1.109411819e-10	1.068530839e-10	1.034386744e-10	9.885955255e-11	9.655416673e-11	9.298482393e-11	9.000363973e-11	8.713971046e-11	8.601825289e-11	8.409937130e-11	8.213542644e-11	8.006033053e-11	7.959070792e-11	7.711878392e-11	7.603342218e-11	7.360384861e-11	7.163138845e-11	7.067157088e-11	6.897476532e-11	6.783582500e-11	6.691820714e-11	6.578145217e-11	6.688813984e-11	5.376214278e-11	5.296660269e-11	5.210000128e-11	5.155811165e-11	5.173030158e-11	5.197875244e-11	5.148433750e-11	5.144711132e-11	5.115480289e-11	5.046024070e-11	4.979687617e-11	4.929726161e-11	4.848702698e-11	4.790640403e-11	4.637078634e-11	4.814777136e-11	4.736285656e-11	4.576695355e-11	4.568956228e-11	4.512009212e-11	4.541127019e-11	4.417052304e-11	4.381800466e-11	4.365576181e-11	4.297340739e-11	4.298606731e-11	4.308282524e-11	4.220250892e-11	4.222074523e-11	4.264357136e-11	4.535083416e-11	5.015316238e-11	3.921177704e-10	3.954920148e-10	3.973866316e-10	3.941804324e-10	3.994139514e-10	3.989457605e-10	3.934210635e-10	4.010392435e-10	4.034667824e-10	4.042727217e-10	4.029835956e-10	4.048611064e-10	4.079086044e-10	4.077590969e-10	4.105356878e-10	4.088027864e-10	4.105772093e-10	4.113352218e-10	4.107230244e-10	4.119927085e-10	4.139524334e-10	4.174051241e-10	4.170304509e-10	4.181014948e-10	4.189017824e-10	4.177646507e-10	4.220161218e-10	4.168756683e-10	4.157855591e-10	4.144959055e-10	4.214617230e-10	4.208824564e-10	4.220030851e-10	4.304685751e-10	4.319678709e-10	4.322427720e-10	4.320799263e-10	4.312622313e-10	4.313157345e-10	4.305598320e-10	4.331613695e-10	4.309819046e-10	4.320637999e-10	4.307086614e-10	4.298259337e-10	4.288752343e-10	4.310097112e-10	4.287106554e-10	4.259880198e-10	4.246562418e-10	4.243450189e-10	4.255856907e-10	4.259795799e-10	4.304795772e-10	4.291343858e-10	4.314693114e-10	4.276674180e-10	4.262782936e-10	4.244267055e-10	4.220249385e-10	4.208444013e-10	4.184333655e-10	4.167960917e-10	4.181170183e-10	4.202166051e-10	4.215758129e-10	4.241929492e-10	4.248438799e-10	4.277830151e-10	4.250621881e-10	4.255151569e-10
4.232182863e-10	4.153539162e-10	4.128382854e-10	4.089711331e-10	4.075421451e-10	4.056217564e-10	4.025484863e-10	3.947962469e-10	3.982573776e-10	3.794947789e-10	3.768971600e-10	3.707488868e-10	3.663054069e-10	3.608584026e-10	3.606338398e-10	3.544799902e-10	3.524828884e-10	4.231707363e-10	4.152743396e-10	4.109756199e-10	4.067353769e-10	4.347331584e-10	4.494918325e-10	4.441549242e-10	4.376256478e-10	4.161633220e-10	3.880669740e-10	3.801445793e-10	4.021506033e-10	3.731405560e-10	3.711188126e-10	3.671481203e-10	3.624193401e-10	4.105857246e-10	3.942795264e-10	3.508913561e-10	3.486812210e-10	3.457840595e-10	3.429999329e-10	3.416329634e-10	3.376379309e-10	3.353375940e-10	3.340725820e-10	3.303236643e-10	3.284288969e-10	3.263985628e-10	3.287730507e-10	3.052580852e-10	3.045976596e-10	3.038404007e-10	3.016207707e-10	3.056662168e-10	3.035046868e-10	2.718216640e-10	2.681611396e-10	2.616387960e-10	2.565837970e-10	2.519293938e-10	2.461998021e-10	2.416300999e-10	2.342429634e-10	2.289179615e-10	2.229454953e-10	2.177460376e-10	2.108213648e-10	2.056668950e-10	2.005243315e-10	1.938809651e-10	1.864208081e-10	1.800718601e-10	1.737679000e-10	1.672360615e-10	1.610324011e-10	1.545478112e-10	1.486160376e-10	1.420561663e-10	1.358559724e-10	1.296421388e-10	1.232944719e-10	1.169373101e-10	1.113934725e-10	1.059521953e-10	9.980520307e-11	9.477220817e-11	8.864269873e-11	8.472920213e-11	7.963524370e-11	7.549658145e-11	7.238472883e-11	6.848487178e-11	6.526842413e-11	6.303522998e-11	5.993174195e-11	5.733630841e-11	5.629065962e-11	5.355724807e-11	5.223398539e-11	5.014449637e-11	4.867451431e-11	4.734228420e-11	4.580546079e-11	4.469349815e-11	4.424271471e-11	4.234033623e-11	4.215337639e-11	4.160425253e-11	4.258765673e-11	4.318666670e-11	4.450359941e-11	4.605926197e-11	5.096271881e-11	6.008984019e-11	1.086732483e-10	1.422581221e-10	1.808704898e-10	1.812419981e-10	1.944113252e-10	1.779083708e-10	1.593667178e-10	1.426293290e-10	1.318552128e-10	1.241322871e-10	1.177007482e-10	1.121606031e-10	1.069738806e-10	1.038245758e-10	9.987762081e-11	9.624271772e-11	9.398322410e-11	9.106767554e-11	8.760330454e-11	8.576143744e-11	8.403923670e-11	8.194251343e-11	8.034344544e-11	7.845847434e-11	7.697620915e-11	7.478144689e-11	7.320310198e-11	7.161043931e-11	7.113064355e-11	7.009366077e-11	6.793627541e-11	6.767493857e-11	6.712694505e-11	6.521100237e-11	6.475426575e-11	6.311947871e-11	6.202778701e-11	6.176938908e-11	6.026248226e-11	5.974063750e-11	5.982390659e-11	5.896717691e-11	5.830652521e-11	5.856198423e-11	5.843176795e-11	5.805151832e-11	5.765047026e-11	5.638432793e-11	5.552774895e-11	5.383456052e-11	5.330751615e-11	5.426529909e-11	5.336019044e-11	5.168403261e-11	5.227708939e-11	5.202645320e-11	5.167687372e-11	5.103227299e-11	5.093302829e-11	4.977577631e-11	4.889666569e-11	4.951037020e-11	4.869305204e-11	4.886554340e-11	4.820911167e-11	4.824008325e-11	4.902168237e-11	5.026054560e-11	6.382204378e-10	6.378968563e-10	6.388890773e-10	6.369087800e-10	6.375524011e-10	6.391940456e-10	6.378300150e-10	6.387487632e-10	6.371256565e-10	6.380153170e-10	6.379915796e-10	6.384729579e-10	6.379958750e-10	6.382196089e-10	6.410888884e-10	6.409338798e-10	6.408981608e-10	6.425294060e-10	6.413464574e-10	6.397071490e-10	6.422486272e-10	6.406445103e-10	6.422343848e-10	6.420621195e-10	6.428932279e-10	6.436845480e-10	6.441879304e-10	6.449421751e-10	6.441079770e-10	6.448582278e-10	6.458693632e-10	6.465445588e-10	6.463600857e-10	6.442393990e-10	6.432503431e-10	6.424849456e-10	6.440446021e-10	6.451295117e-10	6.446879218e-10	6.430910391e-10	6.440368404e-10	6.429838820e-10	6.436351894e-10	6.466635469e-10	6.435618674e-10	6.438969031e-10	6.454409607e-10	6.451381777e-10	6.450974098e-10	6.454976289e-10	6.461751605e-10	6.445269600e-10	6.446384124e-10	6.454292051e-10	6.459293471e-10	6.457792367e-10	6.459404245e-10	6.468742441e-10	6.470785359e-10	6.478394873e-10	6.483693199e-10	6.487238729e-10	6.477038454e-10	6.478557644e-10	6.460845818e-10	6.463127617e-10	6.461187937e-10	6.480714351e-10	6.462769673e-10	6.450218271e-10	6.467573659e-10
5.527470888e-10	5.518365545e-10	5.490755624e-10	5.418638562e-10	5.334682217e-10	5.180214661e-10	5.115616685e-10	4.963462578e-10	4.860153893e-10	4.792420327e-10	4.715524900e-10	4.665226601e-10	4.667915326e-10	4.061880615e-10	4.017108972e-10	4.033361140e-10	4.060732934e-10	3.989496037e-10	3.946263931e-10	4.004613334e-10	3.927539312e-10	3.980265602e-10	4.614058686e-10	4.499257360e-10	4.389584807e-10	4.384011430e-10	4.407200930e-10	3.721744084e-10	3.672322936e-10	3.625727663e-10	3.592564711e-10	3.555856229e-10	3.526348074e-10	3.486934288e-10	4.368949144e-10	4.142695341e-10	3.380633192e-10	3.348231342e-10	3.291696527e-10	3.245841255e-10	3.197824755e-10	3.176320230e-10	3.175868090e-10	3.132300646e-10	3.081288719e-10	3.096954612e-10	3.040848576e-10	3.009174671e-10	2.993698677e-10	3.001626196e-10	2.959546293e-10	3.254459795e-10	3.164791417e-10	3.152632622e-10	2.781910336e-10	2.590975439e-10	2.511994894e-10	2.477640553e-10	2.407481257e-10	2.363312467e-10	2.320944701e-10	2.261171811e-10	2.208813261e-10	2.135173995e-10	2.093446007e-10	2.008252306e-10	1.966075946e-10	1.913536540e-10	1.838037472e-10	1.778563748e-10	1.720325872e-10	1.656537980e-10	1.595208975e-10	1.517868191e-10	1.453187322e-10	1.387342194e-10	1.332343901e-10	1.268194297e-10	1.211280437e-10	1.142566482e-10	1.078459077e-10	1.031120787e-10	9.800003466e-11	9.269492692e-11	8.613513104e-11	8.222901939e-11	7.831695457e-11	7.434256980e-11	7.017466917e-11	6.669846717e-11	6.391049741e-11	6.058945474e-11	5.740224548e-11	5.535367511e-11	5.315815928e-11	5.178817549e-11	5.043574979e-11	6.855864593e-11	5.420177344e-11	5.262900492e-11	5.139632094e-11	5.074267741e-11	5.025647634e-11	4.919764013e-11	4.922981742e-11	4.943629462e-11	4.857722888e-11	5.140928228e-11	5.519520008e-11	5.847924264e-11	7.239716267e-11	9.036188521e-11	1.577827965e-10	1.792667497e-10	1.771048429e-10	1.567608097e-10	1.500873007e-10	1.754479764e-10	1.657708269e-10	1.466147912e-10	1.356181468e-10	1.268565805e-10	1.199423823e-10	1.143990722e-10	1.081654952e-10	1.056940234e-10	1.008293752e-10	9.724217289e-11	9.412775815e-11	9.144777445e-11	8.958601320e-11	8.667483533e-11	8.346705370e-11	8.159948999e-11	7.989055201e-11	7.794763165e-11	7.583885132e-11	7.457180471e-11	7.311357829e-11	7.156673245e-11	7.104858017e-11	7.048604282e-11	6.855804308e-11	6.666048742e-11	6.577617720e-11	6.528379689e-11	6.407831665e-11	6.348262238e-11	6.194097615e-11	6.110745631e-11	6.072087673e-11	6.102064546e-11	6.025796086e-11	5.914388824e-11	5.887818071e-11	5.806093790e-11	5.670059976e-11	5.634047036e-11	5.571983304e-11	5.393433271e-11	5.294361891e-11	5.212667753e-11	5.088902001e-11	5.318099234e-11	5.155215848e-11	5.199940016e-11	5.053974196e-11	5.087402404e-11	5.008601961e-11	5.032851729e-11	4.943961032e-11	4.854844264e-11	4.774830579e-11	4.683551076e-11	4.709466226e-11	4.678652894e-11	4.694221577e-11	4.658932061e-11	4.679316033e-11	4.786721858e-11	6.573807688e-10	6.569991628e-10	6.576294458e-10	6.576788797e-10	6.569158183e-10	6.575454985e-10	6.567279542e-10	6.590198512e-10	6.575974192e-10	6.577920654e-10	6.567434023e-10	6.572681107e-10	6.574825003e-10	6.569040627e-10	6.573871741e-10	6.571183770e-10	6.567458138e-10	6.576345700e-10	6.586161657e-10	6.606427319e-10	6.591231652e-10	6.592925669e-10	6.584234034e-10	6.577045763e-10	6.576666719e-10	6.582218997e-10	6.586331963e-10	6.594478769e-10	6.575878489e-10	6.574115897e-10	6.573243267e-10	6.576616230e-10	6.563220080e-10	6.571461082e-10	6.560106343e-10	6.566480762e-10	6.572235749e-10	6.565715892e-10	6.552338580e-10	6.544232466e-10	6.558665524e-10	6.567032372e-10	6.543378675e-10	6.536473746e-10	6.546184957e-10	6.534570991e-10	6.537089410e-10	6.537164013e-10	6.538240859e-10	6.528131012e-10	6.532976444e-10	6.531631328e-10	6.548624251e-10	6.547900074e-10	6.558016704e-10	6.547678526e-10	6.561174147e-10	6.548190197e-10	6.544022221e-10	6.532996791e-10	6.533170111e-10	6.532295220e-10	6.539708807e-10	6.545765220e-10	6.545473590e-10	6.532693857e-10	6.550914340e-10	6.557095092e-10	6.554953456e-10	6.551399637e-10	6.536350915e-10
4.166560791e-10	4.099128651e-10	4.022971719e-10	3.950699423e-10	3.871302155e-10	3.840733733e-10	3.796429301e-10	3.790736106e-10	3.705704423e-10	3.645785341e-10	3.615707490e-10	3.567230560e-10	3.538647785e-10	3.508315229e-10	3.477428048e-10	3.421935415e-10	3.547181172e-10	3.514003148e-10	3.474146266e-10	4.322574665e-10	4.234654561e-10	4.403805360e-10	4.344709926e-10	4.338079295e-10	4.298962414e-10	4.275847517e-10	3.958361686e-10	3.454412621e-10	3.375623482e-10	3.309076030e-10	3.266179260e-10	3.224452025e-10	3.161730430e-10	3.152390727e-10	3.694287891e-10	3.629847410e-10	3.647094285e-10	3.661250031e-10	3.700323958e-10	3.653284834e-10	3.561332396e-10	3.327241502e-10	3.035495240e-10	2.967955341e-10	2.978502257e-10	2.950798893e-10	2.984090705e-10	2.985227083e-10	2.953505704e-10	2.982733532e-10	2.928971088e-10	2.930237080e-10	2.920449005e-10	2.880313303e-10	2.912558411e-10	2.893062893e-10	2.786834893e-10	2.750522033e-10	2.697615640e-10	2.673279212e-10	2.641659564e-10	2.593883452e-10	2.462411729e-10	2.476789023e-10	2.349587761e-10	2.287621993e-10	2.215016620e-10	2.131811581e-10	2.056176871e-10	1.988694243e-10	1.913019593e-10	1.840733733e-10	1.771003215e-10	1.702317895e-10	1.629485698e-10	1.563303726e-10	1.502626556e-10	1.446329868e-10	1.392134123e-10	1.331202247e-10	1.278313940e-10	1.231454165e-10	1.177226770e-10	1.132947206e-10	1.092585434e-10	1.053229673e-10	1.005904193e-10	9.679862369e-11	9.375421526e-11	9.059164762e-11	8.855212005e-11	8.544486418e-11	8.301770203e-11	8.074095174e-11	7.885643278e-11	7.702375920e-11	7.519598379e-11	7.333927144e-11	7.252233006e-11	7.068151795e-11	6.963760236e-11	6.840190411e-11	6.652740759e-11	4.733489924e-11	4.765343178e-11	4.930148159e-11	5.220082847e-11	5.835686345e-11	6.797056268e-11	7.690115394e-11	1.030572191e-10	1.249381510e-10	1.893810431e-10	1.815275997e-10	1.642153904e-10	1.713424711e-10	1.577430836e-10	1.482201891e-10	1.447916125e-10	1.502418571e-10	1.600702475e-10	1.627052432e-10	1.542014720e-10	1.430554708e-10	1.342079979e-10	1.281781099e-10	1.230629763e-10	1.184979462e-10	1.148969536e-10	1.109758459e-10	1.072952014e-10	1.039986496e-10	1.024686083e-10	9.918675110e-11	8.266654007e-11	8.112820953e-11	8.003229786e-11	7.860775586e-11	7.575392439e-11	7.496561853e-11	7.305171048e-11	7.176085117e-11	7.119575169e-11	6.991401053e-11	6.831456576e-11	6.721141985e-11	6.648942784e-11	6.475027185e-11	6.461576024e-11	6.345127402e-11	6.291292615e-11	6.247615904e-11	6.209161409e-11	6.168355786e-11	6.155763691e-11	5.982963370e-11	5.927357702e-11	5.834631352e-11	5.754067563e-11	5.656767064e-11	5.590980714e-11	5.401767716e-11	5.369590429e-11	5.513951152e-11	5.466551823e-11	5.506362738e-11	5.365415671e-11	5.341964683e-11	5.339289522e-11	5.206141868e-11	5.180302075e-11	5.122375422e-11	5.065729833e-11	5.014570207e-11	5.011111337e-11	4.959205681e-11	4.900841960e-11	4.906463565e-11	4.907842592e-11	4.842568667e-11	3.215152262e-10	3.244686791e-10	3.299164370e-10	3.315143747e-10	3.187655376e-10	3.258387383e-10	3.319420236e-10	3.321595029e-10	3.383469616e-10	3.418108051e-10	3.307767838e-10	3.349691000e-10	3.437490533e-10	3.508192398e-10	3.492301188e-10	3.414356797e-10	3.378842718e-10	3.455325944e-10	3.440945635e-10	3.550067331e-10	3.604303769e-10	3.572703714e-10	3.549876679e-10	3.542148101e-10	3.540972538e-10	3.461894783e-10	3.496857251e-10	3.694198970e-10	3.563262280e-10	3.603506495e-10	3.547684554e-10	3.528432439e-10	3.574812946e-10	3.566293877e-10	3.613389519e-10	3.651540327e-10	3.720672513e-10	3.681141924e-10	3.678622752e-10	3.620022411e-10	3.580276303e-10	3.611043667e-10	3.667125589e-10	3.595636247e-10	3.593903798e-10	3.667556629e-10	3.619311798e-10	3.543860958e-10	3.671240061e-10	3.654279542e-10	3.824818409e-10	3.670785661e-10	3.634075672e-10	3.702169442e-10	3.712569413e-10	3.701152881e-10	3.775933047e-10	3.720346972e-10	3.586936323e-10	3.646297766e-10	3.641428219e-10	3.702720299e-10	3.758335764e-10	3.765607680e-10	3.831877820e-10	3.795555917e-10	3.756558854e-10	3.615540951e-10	3.708684024e-10	3.614481437e-10	3.640239092e-10
4.522846251e-10	4.477238149e-10	4.525055707e-10	4.470085296e-10	4.330398192e-10	4.292143392e-10	4.264040638e-10	4.207499795e-10	4.152506776e-10	4.639715363e-10	4.623183622e-10	4.618272630e-10	4.613225242e-10	4.601325674e-10	4.582825618e-10	4.557722059e-10	4.532834020e-10	4.478456666e-10	4.403855095e-10	4.374719956e-10	4.317458703e-10	4.318329072e-10	4.645334708e-10	4.572201838e-10	4.456642424e-10	4.351370700e-10	4.282349289e-10	4.487139258e-10	4.520039969e-10	4.434795026e-10	4.322148900e-10	4.267831078e-10	3.643134294e-10	3.407801523e-10	3.300810159e-10	3.277705059e-10	3.212416062e-10	3.282971734e-10	3.365332779e-10	3.340842623e-10	3.042786749e-10	3.012513724e-10	3.017093148e-10	3.019607799e-10	2.971079627e-10	3.012357736e-10	3.011032213e-10	3.004320196e-10	2.996776996e-10	3.021571593e-10	3.006425661e-10	3.444160350e-10	3.424030330e-10	3.387131195e-10	3.380980586e-10	3.371237725e-10	2.974133078e-10	2.908390435e-10	2.833643426e-10	2.768088420e-10	2.696112275e-10	2.618457254e-10	2.541323700e-10	2.475917147e-10	2.402412769e-10	2.338364896e-10	2.261340610e-10	2.184272616e-10	2.106229508e-10	2.030233839e-10	1.964918468e-10	1.890576878e-10	1.811265517e-10	1.745216172e-10	1.659959925e-10	1.583880611e-10	1.525250128e-10	1.455845905e-10	1.380218730e-10	1.316551409e-10	1.245343148e-10	1.176717359e-10	1.110634104e-10	1.066813461e-10	1.005543988e-10	9.569261422e-11	9.086918614e-11	8.632389944e-11	8.154658962e-11	7.751199489e-11	7.461626513e-11	7.074112506e-11	6.805051608e-11	6.602726554e-11	6.288775703e-11	6.181663769e-11	5.902068012e-11	5.783321013e-11	5.660045078e-11	5.458360556e-11	5.375958066e-11	5.346998507e-11	5.335401120e-11	5.254807189e-11	5.319764616e-11	5.515857675e-11	5.946445540e-11	6.860280493e-11	8.123898380e-11	9.529171687e-11	1.214388899e-10	1.442885315e-10	1.723942991e-10	1.506502148e-10	1.390327070e-10	1.285046303e-10	1.204931640e-10	1.183832533e-10	1.313816716e-10	1.694019621e-10	1.715423923e-10	1.529326168e-10	1.383686643e-10	1.296288761e-10	1.214377596e-10	1.172221582e-10	1.125260075e-10	1.084787528e-10	1.057501641e-10	1.026671731e-10	9.924718712e-11	9.726613631e-11	9.460680033e-11	9.150142839e-11	9.002210210e-11	8.776396490e-11	8.763103578e-11	8.556890122e-11	8.334535272e-11	8.337933856e-11	8.210339987e-11	8.108789373e-11	7.893420084e-11	7.753256726e-11	7.678035724e-11	7.612859762e-11	7.490164074e-11	7.436382037e-11	7.274252217e-11	7.090555326e-11	7.095106867e-11	7.046531974e-11	6.873874831e-11	6.726831411e-11	6.627330498e-11	6.494009524e-11	6.466873596e-11	6.381291055e-11	6.233803031e-11	6.197232452e-11	6.077008462e-11	5.906838088e-11	5.858632443e-11	5.846613058e-11	5.900123811e-11	5.772326478e-11	5.887041898e-11	5.812499105e-11	5.752334360e-11	5.678424564e-11	5.651567456e-11	5.572473122e-11	5.470025764e-11	5.518314302e-11	5.453733658e-11	5.374413254e-11	5.313125696e-11	5.268529634e-11	5.279215206e-11	5.281008694e-11	9.756726146e-11	9.813771125e-11	9.817448530e-11	9.816777855e-11	9.752249961e-11	9.887402102e-11	9.963188279e-11	9.668091661e-11	9.916685694e-11	9.613797199e-11	9.718640898e-11	9.768014571e-11	9.983300968e-11	9.775474879e-11	9.780207276e-11	9.755995186e-11	9.731609776e-11	9.782746795e-11	9.980761449e-11	9.885420223e-11	9.629908449e-11	9.691829004e-11	9.933173728e-11	9.733636870e-11	9.962095608e-11	9.728987365e-11	9.832248574e-11	9.893415563e-11	9.901260189e-11	1.014480533e-10	1.015102979e-10	9.579743531e-11	9.703290749e-11	9.866091243e-11	9.969495630e-11	9.677405742e-11	9.785979595e-11	9.651226844e-11	9.374939244e-11	9.581446591e-11	9.613118989e-11	9.522736230e-11	9.243502185e-11	9.462872912e-11	9.529382686e-11	9.614822049e-11	9.390447641e-11	9.389339898e-11	9.045427246e-11	9.049353327e-11	9.050687140e-11	9.264993900e-11	9.010635083e-11	8.826908049e-11	8.994991044e-11	8.865468044e-11	8.846922774e-11	8.744309631e-11	8.813373996e-11	8.715221967e-11	8.913138657e-11	8.772967763e-11	8.551313730e-11	8.713586728e-11	8.522045209e-11	8.654974330e-11	8.856266998e-11	8.626979336e-11	8.719140512e-11	8.795687791e-11	8.945308408e-11
3.405297421e-10	3.356699922e-10	3.478995466e-10	3.474874211e-10	3.479715875e-10	3.489147513e-10	3.501423864e-10	3.603063398e-10	3.859627904e-10	3.953202770e-10	3.751109815e-10	3.438823592e-10	2.843834658e-10	2.465793735e-10	1.517958619e-10	1.632081735e-10	1.219807042e-10	1.337151654e-10	1.193238550e-10	1.396761774e-10	1.888201636e-10	2.028242163e-10	1.753206990e-10	2.175531999e-10	2.491934202e-10	3.814988889e-10	3.714526425e-10	3.719054606e-10	3.039080709e-10	2.150652249e-10	2.248023584e-10	2.338884104e-10	2.350275768e-10	2.582199404e-10	2.751697597e-10	2.909339175e-10	3.156354487e-10	3.351597523e-10	3.541971767e-10	3.710959041e-10	3.794312533e-10	3.821015913e-10	3.648649647e-10	3.722857102e-10	3.832926784e-10	3.818544215e-10	3.647530600e-10	3.717038815e-10	3.750455719e-10	3.801354611e-10	3.768442597e-10	3.775728077e-10	3.737784500e-10	3.655382763e-10	3.626474447e-10	3.534106794e-10	3.427140298e-10	3.310738397e-10	3.163257909e-10	3.032272990e-10	2.942279071e-10	2.871103967e-10	2.747913186e-10	2.670151911e-10	2.583460874e-10	2.493868607e-10	2.392580234e-10	2.314808410e-10	2.218321762e-10	2.141213830e-10	2.057206996e-10	1.969399174e-10	1.890467611e-10	1.803822541e-10	1.726799762e-10	1.650284886e-10	1.576574031e-10	1.494922093e-10	1.425213429e-10	1.350944935e-10	1.270652430e-10	1.202652855e-10	1.145316999e-10	1.077481702e-10	1.024433638e-10	9.711286089e-11	9.212289463e-11	8.797541565e-11	8.400864190e-11	7.990389014e-11	7.557834340e-11	7.158240664e-11	7.107503035e-11	6.697999959e-11	6.469563828e-11	6.143887483e-11	6.019006453e-11	5.754414204e-11	5.722817163e-11	5.400870972e-11	5.366968018e-11	5.228326864e-11	5.098389402e-11	5.175313465e-11	5.058977878e-11	5.294934602e-11	5.762085510e-11	6.781758869e-11	8.638169798e-11	9.630330446e-11	1.304639784e-10	1.397805464e-10	1.254501994e-10	1.157547382e-10	1.054009614e-10	1.056109050e-10	1.014610900e-10	1.087827415e-10	1.054339676e-10	1.039477085e-10	1.065528631e-10	1.167337718e-10	1.364316218e-10	1.502496942e-10	1.545983755e-10	1.460310032e-10	1.346380583e-10	1.270574059e-10	1.210913451e-10	1.173120586e-10	1.109123956e-10	1.002474712e-10	9.115297926e-11	8.851172888e-11	8.593272310e-11	8.474962378e-11	8.277339579e-11	8.127590856e-11	8.072166044e-11	7.838326841e-11	7.781274326e-11	7.559665507e-11	7.496976315e-11	7.430994037e-11	7.113863136e-11	7.181767008e-11	7.010941031e-11	6.978891850e-11	6.837048039e-11	6.832187536e-11	6.736386634e-11	6.647533615e-11	6.618483628e-11	6.577873933e-11	6.505426055e-11	6.467476449e-11	6.313952358e-11	6.191821845e-11	6.056149743e-11	6.068824730e-11	5.929844471e-11	5.878277920e-11	5.673616810e-11	5.898910569e-11	5.598425950e-11	5.828828890e-11	5.723450159e-11	5.676111115e-11	5.599202124e-11	5.453349339e-11	5.400727794e-11	5.265311905e-11	5.262900492e-11	5.260880934e-11	5.322839167e-11	5.203542064e-11	5.028051511e-11	4.874738418e-11	4.783519200e-11	4.891301809e-11	4.742547793e-11	4.737988716e-11	4.768591049e-11	4.850744863e-11	4.723437348e-11	4.821627055e-11	4.812086904e-11	4.872530469e-11	4.892198553e-11	4.893532365e-11	4.876320908e-11	4.836118138e-11	4.884738245e-11	4.925476047e-11	4.865183196e-11	4.834384935e-11	4.802757752e-11	4.961715057e-11	4.893992041e-11	5.017750258e-11	4.973372730e-11	4.834686362e-11	4.851958105e-11	4.933727599e-11	4.876916225e-11	4.942808075e-11	4.942310721e-11	4.866969148e-11	4.958972075e-11	4.792720247e-11	4.846713282e-11	4.795184409e-11	4.757212196e-11	4.819562283e-11	4.816216448e-11	4.831973523e-11	4.835944818e-11	4.797927391e-11	4.835590642e-11	4.906704707e-11	4.856705573e-11	4.896524024e-11	4.884851280e-11	4.960946419e-11	4.879983241e-11	4.829057221e-11	4.793880739e-11	4.829637467e-11	4.932612321e-11	4.861792147e-11	4.937729037e-11	4.941896260e-11	4.976296568e-11	4.934986055e-11	4.962913228e-11	4.956342128e-11	4.843774373e-11	4.776804924e-11	4.778997802e-11	4.777761953e-11	4.789540196e-11	4.863834312e-11	4.854309232e-11	4.896094491e-11	4.899153971e-11	4.850390687e-11	4.874798704e-11	4.946990369e-11	4.986273787e-11	5.075556339e-11	5.015527237e-11
4.242729779e-11	4.328847352e-11	4.153273907e-11	4.266821299e-11	4.178857488e-11	4.133198897e-11	4.151171457e-11	4.202700330e-11	4.199309281e-11	4.266165696e-11	4.289654362e-11	3.036168175e-10	3.331758379e-10	3.043741518e-10	2.130331577e-10	4.147207697e-11	4.083109336e-11	4.176890679e-11	4.128150002e-11	4.217733980e-11	4.094126477e-11	4.171864391e-11	4.250310658e-11	4.254266882e-11	4.228743586e-11	4.192353863e-11	4.204026607e-11	4.224802434e-11	4.324348561e-11	4.395711303e-11	4.411619090e-11	4.411279985e-11	4.379909014e-11	4.477428048e-11	4.418642329e-11	4.430036254e-11	4.502725273e-11	4.745238025e-11	4.531707438e-11	4.585866259e-11	4.663702136e-11	4.503787802e-11	4.674236995e-11	2.165188546e-10	2.780981189e-10	5.116776424e-11	5.369989819e-11	5.643308368e-11	6.263855261e-11	1.757336534e-10	6.958093417e-11	8.631478128e-11	1.035768031e-10	1.306680442e-10	1.560030987e-10	2.153845864e-10	2.448341890e-10	2.737681261e-10	2.960638964e-10	3.041067864e-10	3.042072368e-10	2.889705001e-10	2.735962376e-10	2.584720084e-10	2.461365025e-10	2.348235110e-10	2.202811858e-10	2.161760572e-10	2.116881923e-10	1.857913540e-10	1.888038112e-10	1.807628805e-10	1.731582648e-10	1.551937683e-10	1.522519956e-10	1.446751865e-10	1.278910765e-10	1.261027126e-10	1.156313794e-10	1.165734128e-10	1.094393993e-10	1.040807130e-10	9.411020005e-11	9.646321126e-11	8.910825208e-11	8.481872582e-11	7.631510531e-11	7.222293811e-11	6.884115799e-11	6.425713797e-11	6.197511271e-11	5.587401273e-11	5.468021278e-11	5.214370813e-11	4.974970291e-11	4.951858408e-11	4.632949090e-11	4.414957390e-11	4.150425426e-11	4.047638963e-11	3.808374082e-11	3.866059594e-11	3.976351578e-11	4.075558600e-11	4.183604956e-11	4.744785885e-11	6.470769535e-11	8.767127623e-11	1.125860667e-10	1.189292876e-10	1.323317682e-10	1.040361019e-10	9.416430612e-11	8.716043354e-11	8.100002788e-11	7.784801017e-11	7.941927156e-11	7.582935639e-11	7.403511469e-11	7.409238574e-11	7.837829488e-11	1.409131567e-10	1.364674162e-10	1.196655220e-10	1.080100345e-10	9.993119938e-11	9.240533133e-11	8.857208956e-11	8.498842899e-11	8.074456886e-11	7.787046645e-11	7.526953188e-11	7.300845577e-11	7.077126772e-11	6.830137835e-11	6.641098157e-11	6.463633260e-11	6.400454250e-11	6.178001436e-11	6.009149804e-11	5.757586719e-11	5.668304167e-11	5.612638214e-11	5.574696143e-11	5.495971057e-11	5.419280600e-11	5.340525371e-11	5.205998690e-11	5.172140950e-11	5.201296436e-11	5.057380317e-11	5.002023326e-11	4.896011599e-11	2.505985201e-11	2.528644944e-11	2.511923305e-11	2.477198963e-11	2.518426583e-11	2.551734220e-11	2.494839954e-11	2.504184178e-11	2.521998488e-11	2.539790192e-11	2.496007982e-11	2.450063036e-11	2.472368603e-11	2.488600424e-11	2.471886320e-11	2.522759590e-11	2.493378035e-11	2.473740093e-11	2.501373375e-11	2.538245381e-11	2.555275982e-11	2.544597946e-11	2.456701956e-11	2.550016089e-11	2.627972537e-11	2.480115266e-11	2.456129246e-11	2.450002751e-11	2.548915882e-11	2.528042091e-11	2.560799624e-11	2.543595703e-11	2.624619166e-11	2.624943200e-11	2.582683194e-11	2.606782249e-11	2.565027132e-11	2.558810209e-11	2.581160990e-11	2.681174328e-11	2.742657814e-11	2.696795760e-11	2.509820855e-11	2.581017812e-11	2.627023043e-11	2.560287199e-11	2.555645230e-11	2.594868363e-11	2.518720474e-11	2.556617331e-11	2.541478181e-11	2.594695043e-11	2.443190510e-11	2.562291686e-11	2.499640172e-11	2.523211730e-11	2.650014355e-11	2.673676342e-11	2.620037482e-11	2.741632963e-11	2.767427543e-11	2.677745600e-11	2.681784717e-11	2.665982428e-11	2.759296561e-11	2.606141717e-11	2.731256354e-11	2.802317669e-11	2.757344824e-11	2.820576584e-11	2.635018383e-11	2.801978564e-11	2.853522509e-11	2.853123118e-11	2.799943935e-11	2.864954112e-11	2.751271078e-11	2.897613681e-11	2.934297296e-11	2.783862827e-11	2.914817603e-11	2.789650217e-11	2.898939958e-11	2.866370816e-11	2.779823711e-11	2.806017680e-11	2.920763242e-11	2.912187656e-11	2.837290688e-11	2.893197782e-11	2.881849071e-11	2.877154352e-11	2.891178224e-11	2.927861838e-11	2.913951002e-11	2.860372428e-11	2.859227007e-11	2.790803174e-11
1.559490680e-11	1.555338528e-11	1.544328923e-11	1.520945756e-11	1.574132475e-11	1.580409684e-11	1.551646053e-11	1.453938628e-11	1.493289868e-11	1.516235966e-11	1.491632021e-11	1.532068397e-11	1.518270595e-11	1.537546825e-11	1.442544703e-11	1.415951344e-11	1.424655036e-11	1.445204793e-11	1.434451400e-11	1.468489996e-11	1.432876446e-11	1.455295048e-11	1.405898767e-11	1.378062023e-11	1.416162342e-11	1.430954852e-11	1.450411937e-11	1.441580138e-11	1.437782164e-11	1.421166023e-11	1.403736032e-11	1.466071048e-11	1.442446740e-11	1.426561559e-11	1.515391971e-11	1.480577202e-11	1.491164810e-11	1.457917459e-11	1.571238780e-11	1.553665611e-11	1.557463586e-11	1.524517661e-11	1.557772548e-11	1.586950641e-11	1.547576794e-11	1.593883452e-11	1.620235670e-11	1.667167788e-11	1.636166065e-11	1.667461679e-11	1.700362390e-11	1.743270463e-11	1.760037317e-11	1.803608528e-11	1.820495952e-11	1.844527186e-11	1.864368590e-11	1.886598800e-11	1.931586717e-11	2.000545582e-11	2.104824106e-11	2.130807077e-11	2.285597160e-11	2.603579591e-11	3.703575597e-11	7.916283290e-11	1.599263163e-10	1.742977326e-10	1.629619080e-10	1.541600259e-10	1.422606843e-10	1.337888642e-10	1.250720598e-10	1.180476148e-10	1.124264613e-10	1.061945422e-10	9.940747071e-11	9.322136843e-11	8.867058069e-11	8.366411132e-11	7.874377460e-11	7.393662356e-11	6.929148930e-11	6.543910693e-11	6.184836284e-11	5.803486450e-11	5.469656517e-11	5.209065706e-11	4.979160120e-11	4.716647714e-11	4.507299421e-11	4.278102188e-11	4.097751132e-11	3.908018173e-11	3.760123223e-11	3.623049487e-11	3.485734610e-11	3.383279717e-11	3.323333507e-11	3.239318384e-11	3.181429410e-11	3.259385858e-11	3.449043460e-11	3.804538429e-11	4.743557572e-11	6.858848716e-11	1.109355301e-10	1.456397515e-10	1.586861720e-10	1.488500953e-10	1.248144908e-10	1.038235208e-10	9.472156850e-11	8.729464373e-11	8.217076871e-11	7.693868155e-11	7.231434572e-11	7.032538245e-11	6.783936676e-11	6.711209979e-11	7.237395283e-11	1.002609601e-10	1.285484125e-10	1.148771348e-10	9.714835387e-11	8.852943770e-11	8.255651937e-11	7.708291416e-11	7.308509348e-11	6.994807174e-11	6.638114034e-11	6.482020281e-11	6.269054869e-11	1.344015891e-11	1.291409418e-11	1.322599533e-11	1.285313065e-11	1.365063002e-11	1.320625189e-11	1.331868400e-11	1.435039182e-11	1.329464523e-11	1.369795399e-11	1.347723438e-11	1.361656882e-11	1.323933346e-11	1.361491097e-11	1.402545397e-11	1.375891752e-11	1.363797010e-11	1.326600971e-11	1.340654985e-11	1.374339405e-11	1.323194850e-11	1.316510716e-11	1.342425866e-11	1.375077900e-11	1.320723152e-11	1.346736266e-11	1.284913675e-11	1.301936741e-11	1.319547589e-11	1.320203192e-11	1.331084691e-11	1.345997771e-11	1.382575886e-11	1.311115180e-11	1.375575254e-11	1.358160333e-11	1.396886113e-11	1.364738968e-11	1.380021296e-11	1.324588948e-11	1.357587623e-11	1.327083253e-11	1.329690593e-11	1.327053111e-11	1.260422766e-11	1.259865127e-11	1.281010201e-11	1.352124266e-11	1.257822962e-11	1.343586358e-11	1.300241217e-11	1.250890150e-11	1.308055701e-11	1.255637619e-11	1.242427599e-11	1.231681742e-11	1.214590855e-11	1.251312148e-11	1.207002441e-11	1.199263313e-11	1.263323997e-11	1.347045228e-11	1.180559794e-11	1.219353395e-11	1.201056802e-11	1.218705328e-11	1.214590855e-11	1.186264292e-11	1.201637048e-11	1.189798519e-11	1.228298228e-11	1.260053518e-11	1.213272114e-11	1.186784253e-11	1.193686922e-11	1.181147576e-11	1.179851442e-11	1.175525971e-11	1.219511644e-11	1.190371229e-11	1.226512276e-11	1.222819800e-11	1.203935425e-11	1.199527062e-11	1.241636354e-11	1.209014463e-11	1.198705674e-11	1.174177087e-11	1.168819229e-11	1.188924382e-11	1.247973848e-11	1.160816354e-11	1.154109612e-11	1.206791442e-11	1.175375257e-11	1.200853339e-11	1.175345115e-11	1.174124337e-11	1.208373932e-11	1.214967638e-11	1.213377613e-11	1.205367202e-11	1.223226726e-11	1.213837288e-11	1.241357535e-11	1.229948539e-11	1.192767571e-11	1.161584991e-11	1.172021887e-11	1.184568768e-11	1.207906721e-11	1.187259000e-11	1.198931744e-11	1.192827856e-11	1.225381926e-11	1.214945031e-11	1.250483224e-11	1.249880371e-11
1.024428363e-11	1.013094724e-11	1.009146036e-11	9.788451293e-12	1.030449359e-11	1.002793471e-11	9.774133530e-12	9.605862144e-12	1.017405124e-11	9.956496609e-12	9.824471769e-12	9.971040442e-12	1.006282483e-11	1.034209656e-11	1.024390685e-11	1.051564291e-11	1.013991468e-11	1.016530987e-11	1.019273969e-11	1.062702003e-11	1.049657768e-11	1.032205169e-11	1.042935955e-11	1.012793297e-11	1.016915306e-11	9.980535379e-12	1.017902478e-11	9.818141811e-12	1.061888151e-11	1.007993079e-11	1.011248486e-11	9.779935992e-12	1.053915418e-11	1.008904895e-11	1.081458272e-11	1.007224441e-11	9.807817950e-12	9.952728777e-12	1.004813029e-11	1.006990836e-11	1.045053477e-11	1.015091675e-11	1.028881941e-11	9.944138120e-12	1.023931009e-11	1.033591731e-11	1.071714658e-11	1.024970931e-11	9.627338788e-12	1.010969667e-11	1.014526500e-11	1.038467306e-11	1.056447401e-11	1.070102025e-11	1.077238300e-11	1.090757282e-11	1.054895055e-11	1.117373248e-11	1.102083385e-11	1.061458618e-11	1.110862434e-11	1.122911962e-11	1.123552493e-11	1.129829702e-11	1.101246926e-11	1.178947162e-11	1.186942502e-11	1.223173977e-11	1.253866738e-11	1.270626055e-11	1.277867829e-11	1.357941799e-11	1.434858326e-11	1.198949076e-10	1.606040739e-10	1.503661203e-10	1.391161268e-10	1.303168822e-10	1.209928539e-10	1.105370442e-10	1.039182441e-10	9.820892328e-11	9.150670335e-11	8.531675789e-11	7.961542490e-11	7.485115179e-11	7.132046694e-11	6.738315764e-11	6.391818378e-11	6.036097340e-11	5.827577970e-11	5.446220601e-11	5.198447955e-11	4.970690033e-11	4.816095878e-11	4.669195636e-11	4.476757373e-11	4.336352874e-11	4.280506065e-11	4.163756016e-11	4.158616693e-11	4.386080724e-11	5.012980182e-11	6.413144309e-11	9.499518848e-11	1.380061988e-10	1.830762541e-10	1.801855733e-10	1.526967505e-10	1.341416841e-10	1.234650794e-10	1.138164146e-10	1.012641831e-10	9.564536560e-11	9.009014915e-11	8.667159499e-11	8.222954689e-11	7.935205343e-11	7.655127304e-11	7.442531139e-11	7.292435775e-11	7.312126467e-11	8.301604418e-11	1.049550761e-10	1.063955937e-10	9.418148743e-11	8.609639773e-11	8.112836025e-11	7.693996261e-11	7.402275620e-11	7.065243029e-11	6.827673673e-11	6.665167069e-11	6.531740595e-11	6.352497282e-11	6.176388804e-11	6.071251214e-11	5.907802653e-11	5.754579988e-11	5.757217471e-11	5.512104915e-11	5.391067073e-11	5.325092331e-11	5.240504498e-11	5.112933235e-11	5.015587522e-11	5.024125430e-11	4.959348858e-11	4.830684924e-11	4.786676644e-11	4.756684700e-11	4.730648979e-11	4.783157489e-11	4.673099110e-11	4.582279282e-11	4.523259959e-11	4.505777217e-11	4.511157682e-11	4.313451990e-11	4.345192208e-11	4.213807899e-11	9.757705782e-12	9.814298622e-12	1.018007977e-11	9.965011910e-12	9.471953387e-12	9.950844861e-12	9.616035291e-12	9.537664381e-12	8.797134639e-12	9.272182924e-12	9.159901524e-12	9.046112991e-12	8.955458948e-12	9.080249551e-12	9.191702028e-12	9.180699958e-12	9.136088824e-12	8.853501409e-12	9.126895314e-12	8.730745435e-12	9.261934420e-12	9.408126310e-12	9.270449721e-12	9.370900128e-12	9.501719262e-12	9.724172075e-12	9.245355958e-12	9.287404966e-12	8.848678584e-12	9.195545217e-12	8.983114837e-12	8.973695256e-12	8.898112542e-12	8.196843612e-12	8.323744200e-12	9.129758866e-12	8.779049044e-12	8.641749239e-12	8.480259950e-12	8.356147557e-12	8.579429294e-12	8.960733913e-12	8.742727142e-12	8.824187674e-12	8.473327139e-12	8.755387058e-12	8.488473824e-12	8.245674717e-12	8.117191639e-12	8.482520650e-12	8.203625710e-12	8.875505549e-12	8.186670465e-12	8.740843226e-12	8.478828174e-12	8.358935753e-12	8.694724960e-12	8.726826890e-12	8.500154104e-12	8.433312761e-12	8.466545041e-12	8.453357628e-12	9.566601332e-12	9.159147957e-12	9.324254365e-12	9.597346843e-12	9.766823936e-12	9.199765189e-12	9.300215595e-12	9.343018169e-12	9.269319371e-12	9.240909916e-12	9.581748018e-12	9.843763070e-12	9.259523008e-12	9.634271599e-12	9.208657273e-12	9.516112381e-12	9.737811628e-12	9.912036189e-12	9.835097056e-12	8.595555616e-12	9.109111146e-12	9.028630250e-12	8.838053297e-12	8.806026723e-12	9.049504040e-12	9.264119763e-12	9.168416825e-12	9.861773308e-12
8.938579060e-12	8.867517745e-12	8.635419281e-12	8.593747056e-12	8.881157297e-12	9.009414306e-12	8.611003728e-12	8.657875561e-12	8.938579060e-12	8.896077913e-12	8.984395900e-12	8.936469074e-12	8.667671924e-12	9.188612405e-12	8.679804344e-12	9.001200431e-12	8.494653069e-12	8.810548122e-12	8.799244625e-12	9.172787510e-12	8.947019004e-12	9.288987455e-12	9.412723065e-12	9.185974923e-12	9.207979063e-12	9.085901299e-12	8.924035228e-12	9.403981694e-12	9.250178784e-12	9.663886760e-12	9.953030204e-12	1.022680089e-11	9.711888942e-12	1.031632459e-11	1.027970126e-11	9.923415043e-12	9.456203849e-12	9.746477642e-12	9.304661637e-12	9.520407710e-12	9.320712603e-12	9.813168272e-12	9.829972804e-12	9.906233728e-12	9.799378006e-12	9.688302313e-12	9.809249727e-12	9.522517696e-12	9.515735598e-12	9.279567875e-12	9.586947626e-12	9.670819571e-12	9.489134702e-12	9.997189197e-12	1.005777594e-11	1.016606344e-11	9.555523906e-12	1.024224900e-11	1.041587071e-11	9.806009391e-12	1.036221678e-11	1.049574875e-11	1.025031216e-11	1.022680089e-11	1.025114109e-11	1.056191189e-11	1.043629236e-11	1.027239166e-11	1.077185550e-11	1.082415301e-11	1.084819178e-11	1.098971156e-11	1.149105931e-11	1.194267168e-11	1.240121686e-11	1.305825144e-11	1.469695702e-11	1.535421767e-10	1.430252528e-10	1.327278427e-10	1.230533307e-10	1.162618131e-10	1.086099487e-10	1.023295753e-10	9.571944119e-11	8.941216543e-11	8.439492006e-11	7.988075565e-11	7.547359767e-11	7.123456037e-11	6.834922982e-11	6.522795762e-11	6.246493090e-11	5.940025154e-11	5.690263093e-11	5.587634879e-11	5.416447190e-11	5.377668661e-11	5.234882892e-11	5.297097337e-11	5.395558329e-11	6.034544993e-11	7.712074320e-11	1.110841334e-10	1.569834132e-10	2.020201609e-10	1.916999178e-10	1.625835423e-10	1.414517307e-10	1.331136687e-10	1.206779385e-10	1.145197936e-10	1.103655325e-10	1.064744168e-10	1.011402214e-10	9.910122131e-11	9.498825567e-11	9.314458001e-11	9.050272678e-11	8.828942678e-11	8.672193323e-11	8.536445864e-11	8.359870176e-11	8.151674839e-11	8.155600920e-11	8.235102180e-11	8.289713140e-11	8.932075782e-11	1.056853574e-10	1.206835149e-10	1.232453394e-10	1.163600028e-10	1.093662280e-10	1.027526275e-10	9.806001855e-11	9.351390292e-11	8.935331189e-11	8.659744405e-11	8.407608610e-11	8.097847588e-11	7.949274429e-11	7.867286400e-11	7.657938107e-11	7.529123459e-11	7.367400565e-11	7.255006130e-11	7.142054056e-11	7.399510031e-11	7.349706825e-11	7.071595594e-11	7.003096405e-11	6.487476103e-11	5.898300180e-11	5.778249510e-11	5.789357080e-11	5.689464312e-11	5.641688200e-11	5.559443958e-11	5.458744875e-11	5.390614933e-11	5.271965897e-11	5.128509453e-11	5.214167351e-11	5.182954629e-11	4.965497960e-11	4.876946368e-11	4.867361003e-11	4.835017931e-11	4.824377573e-11	4.709179871e-11	4.657598248e-11	4.666919865e-11	4.595640015e-11	4.595805800e-11	4.555648244e-11	4.593288888e-11	4.594095204e-11	4.430993283e-11	4.421618917e-11	4.375756863e-11	4.412026016e-11	8.794798583e-12	9.019964236e-12	9.142569496e-12	8.959151424e-12	9.147166251e-12	8.751694583e-12	8.883342640e-12	9.309107679e-12	9.243245972e-12	9.508878143e-12	9.027424544e-12	8.940613689e-12	8.889371171e-12	8.826297660e-12	9.045434781e-12	8.902633941e-12	8.652977379e-12	8.627280763e-12	8.991630138e-12	8.748303534e-12	9.197127706e-12	9.325309358e-12	8.816652010e-12	9.026897047e-12	9.572554507e-12	8.957041438e-12	9.477529779e-12	9.546707178e-12	9.349574197e-12	9.354773806e-12	9.045208712e-12	8.911149242e-12	8.691936764e-12	8.890652234e-12	8.961412123e-12	9.414305555e-12	9.227647147e-12	9.195394503e-12	8.583197126e-12	8.739185380e-12	9.198258056e-12	8.783419730e-12	9.147090894e-12	8.912581018e-12	9.290419232e-12	9.278965022e-12	9.497122507e-12	9.090724125e-12	8.945737941e-12	8.996000823e-12	9.427116184e-12	8.987937662e-12	8.983717690e-12	8.913259228e-12	8.400984761e-12	8.542956678e-12	8.680783980e-12	8.681236120e-12	8.921020962e-12	9.064047873e-12	9.216645077e-12	8.846041101e-12	9.179795678e-12	8.950033270e-12	9.070754614e-12	9.165779342e-12	9.362610897e-12	9.393733191e-12	9.636532298e-12	9.532615486e-12
9.019059956e-12	9.193058447e-12	9.459745611e-12	1.016116525e-11	9.539774367e-12	9.532690843e-12	9.636381585e-12	9.291097441e-12	8.839635786e-12	9.239176714e-12	9.187105272e-12	9.123881048e-12	9.681294145e-12	8.739411450e-12	9.362008044e-12	9.198258056e-12	9.211596182e-12	8.691107841e-12	9.376853302e-12	9.013257494e-12	8.770006247e-12	9.284993553e-12	9.262009777e-12	8.852898556e-12	9.026068124e-12	9.183036014e-12	9.063821803e-12	9.478434059e-12	9.399535652e-12	9.253720546e-12	9.171205021e-12	9.323425442e-12	9.144980908e-12	9.115365747e-12	9.098335146e-12	9.112878978e-12	9.234203175e-12	9.541733640e-12	9.487627569e-12	9.759212915e-12	9.392301415e-12	9.242643119e-12	9.657858229e-12	1.005604274e-11	1.005875558e-11	9.652583263e-12	9.758082565e-12	9.501794618e-12	1.048188313e-11	9.525984101e-12	9.561853864e-12	9.440605023e-12	9.784382034e-12	9.334804295e-12	9.427417611e-12	9.925675742e-12	9.217700070e-12	9.604882508e-12	9.327268631e-12	9.439776100e-12	9.854765140e-12	9.915427238e-12	9.561552437e-12	9.463739513e-12	9.616562788e-12	9.448140688e-12	9.838035965e-12	9.455525639e-12	9.583933361e-12	9.463438087e-12	9.717842117e-12	1.035407826e-11	1.086394132e-11	1.101329819e-11	1.142082692e-11	1.223656259e-11	1.223626117e-11	1.319751052e-11	6.609817614e-11	1.522727941e-10	1.408135353e-10	1.309930574e-10	1.214101037e-10	1.138190521e-10	1.064191050e-10	9.966609471e-11	9.394871076e-11	8.835385672e-11	8.403192710e-11	7.932462361e-11	7.612385015e-11	7.232022354e-11	6.968628275e-11	6.607587058e-11	6.410514362e-11	6.274020872e-11	6.112825475e-11	6.021259616e-11	6.028893245e-11	6.156645363e-11	6.563948025e-11	7.958920079e-11	1.108715523e-10	1.525708296e-10	1.974232549e-10	2.088853773e-10	1.817912726e-10	1.570748962e-10	1.416701142e-10	1.345795815e-10	1.245026650e-10	1.185508465e-10	1.142945525e-10	1.101261244e-10	1.062909234e-10	1.035679864e-10	1.008485158e-10	9.844772849e-11	9.635793803e-11	9.437779149e-11	9.265468647e-11	9.169042285e-11	8.970070602e-11	8.767300944e-11	8.714995897e-11	8.555970771e-11	8.622179118e-11	8.840396888e-11	9.825172586e-11	1.138963680e-10	1.329323606e-10	1.369214399e-10	1.299700156e-10	1.209435707e-10	1.121850186e-10	1.049125750e-10	1.016244632e-10	9.655755778e-11	9.413521846e-11	9.130195935e-11	8.848995081e-11	8.589971689e-11	8.356803160e-11	8.171908098e-11	8.051887571e-11	7.872945684e-11	7.703981016e-11	8.034020511e-11	7.869245672e-11	7.691034745e-11	6.463392119e-11	6.366302619e-11	6.282973242e-11	6.213931484e-11	6.091800971e-11	6.096149049e-11	5.972503868e-11	5.922662983e-11	5.784888431e-11	5.811323541e-11	5.687309112e-11	5.570536456e-11	5.564884708e-11	5.535397653e-11	5.408059996e-11	5.530559757e-11	5.412943106e-11	5.369386966e-11	5.266020257e-11	5.201552648e-11	5.125480116e-11	5.121282751e-11	5.006567332e-11	5.064245307e-11	5.047561346e-11	4.977434453e-11	5.012565720e-11	4.947050654e-11	4.992257105e-11	4.939846559e-11	4.973078839e-11	8.875806975e-12	8.913334584e-12	8.819364849e-12	8.710851281e-12	8.437984873e-12	9.191249888e-12	9.425759765e-12	9.052066166e-12	9.081605971e-12	9.563963850e-12	9.126443174e-12	8.886959759e-12	8.928405913e-12	9.088086642e-12	8.874525913e-12	8.960658557e-12	9.249500574e-12	9.322596519e-12	9.233751035e-12	9.463814870e-12	9.338421414e-12	9.166457552e-12	9.007605746e-12	8.697211729e-12	8.603317350e-12	8.734136484e-12	8.921699172e-12	8.603618777e-12	8.634213574e-12	8.597665602e-12	8.999768655e-12	8.934509801e-12	9.013332851e-12	8.598117742e-12	8.490809880e-12	8.819138779e-12	8.989595508e-12	9.068644628e-12	8.681914330e-12	8.759380960e-12	8.833381185e-12	8.885904766e-12	9.333297162e-12	8.660437686e-12	8.793366807e-12	8.867442388e-12	9.290343875e-12	9.316191204e-12	8.997281886e-12	8.952821466e-12	9.332166812e-12	8.864955619e-12	8.218847752e-12	9.406167037e-12	9.485894367e-12	8.743405352e-12	8.693820680e-12	8.689223925e-12	9.049051900e-12	9.085298446e-12	8.967365298e-12	8.694348176e-12	8.837902583e-12	8.174387332e-12	8.245674717e-12	8.656745211e-12	8.447479810e-12	9.110693635e-12	9.138123454e-12	9.449647821e-12
8.524795727e-12	9.146488041e-12	8.946943648e-12	8.722531561e-12	8.772191590e-12	8.943627955e-12	8.630295029e-12	8.725696540e-12	8.960432487e-12	8.661869463e-12	8.998261522e-12	8.826297660e-12	8.953725746e-12	8.780556177e-12	8.606331616e-12	8.428640649e-12	8.417412509e-12	9.118229300e-12	8.655840931e-12	7.707100781e-12	8.478602104e-12	8.479883167e-12	8.580936427e-12	9.020341019e-12	8.792613240e-12	9.112125412e-12	8.996151536e-12	8.861489213e-12	8.820796625e-12	8.393223026e-12	9.272182924e-12	8.985827676e-12	8.958021074e-12	8.323141347e-12	8.088631471e-12	8.324271697e-12	8.242735808e-12	8.430976705e-12	8.253436451e-12	8.543860958e-12	8.459762943e-12	8.479204957e-12	8.855309968e-12	8.864503479e-12	8.650867393e-12	9.382580407e-12	8.959076067e-12	8.619669742e-12	8.996452963e-12	8.667822638e-12	8.726826890e-12	8.890426164e-12	8.839108290e-12	9.204964797e-12	9.218302923e-12	9.266832602e-12	9.232545329e-12	9.096451230e-12	9.512947402e-12	9.164724349e-12	9.005269690e-12	8.994945830e-12	9.054100796e-12	9.071508180e-12	9.675114900e-12	9.515509528e-12	9.373160827e-12	9.364946953e-12	9.521613416e-12	9.174219286e-12	9.341435680e-12	9.607293920e-12	9.726131348e-12	9.965840833e-12	9.813394342e-12	1.033606803e-11	1.031722886e-11	1.143084935e-11	1.231433065e-11	1.287905334e-11	1.545515790e-10	1.426201354e-10	1.333956533e-10	1.235134583e-10	1.154292729e-10	1.079301564e-10	1.011577041e-10	9.581167772e-11	9.007748924e-11	8.541442010e-11	8.140506984e-11	7.732134258e-11	7.425101147e-11	7.143101514e-11	6.926639553e-11	6.765911367e-11	6.676267103e-11	6.573480641e-11	6.705211590e-11	7.061068271e-11	7.853895524e-11	9.908584855e-11	1.403386377e-10	1.783746778e-10	2.111973945e-10	1.961643468e-10	1.677135965e-10	1.512660293e-10	1.385377646e-10	1.319139156e-10	1.234188104e-10	1.178910237e-10	1.141082709e-10	1.115098231e-10	1.028378559e-10	9.949722047e-11	9.673426911e-11	9.334080871e-11	9.061274748e-11	8.885053236e-11	8.646263102e-11	8.398573348e-11	8.325311619e-11	8.179406084e-11	8.506559419e-11	1.005071502e-10	1.394899712e-10	1.497943894e-10	1.360269566e-10	1.235467660e-10	1.144975633e-10	1.094738373e-10	1.041262284e-10	1.002563633e-10	9.689086022e-11	9.351804754e-11	9.114830715e-11	8.807624284e-11	8.599466626e-11	8.354926780e-11	8.223271187e-11	8.040252505e-11	7.961323956e-11	7.849215876e-11	7.722895534e-11	7.594841988e-11	7.474663212e-11	7.372615245e-11	7.283129230e-11	7.207885621e-11	7.105264943e-11	6.944981361e-11	6.844892666e-11	6.769754556e-11	6.608159768e-11	6.541416388e-11	6.471357316e-11	6.333198445e-11	6.277592777e-11	6.180759489e-11	6.046089631e-11	5.972639510e-11	5.895670233e-11	5.891374905e-11	5.740563653e-11	5.788143838e-11	5.646209598e-11	5.618229677e-11	5.621296692e-11	5.506626487e-11	5.474788304e-11	5.424450066e-11	5.382981305e-11	5.346659402e-11	5.301784521e-11	5.295966988e-11	5.241047065e-11	5.229916889e-11	5.272176895e-11	5.247444845e-11	7.599566850e-12	8.152759975e-12	7.589619773e-12	7.930156448e-12	7.954496644e-12	8.279359137e-12	8.419597852e-12	7.897376308e-12	8.475135698e-12	8.203324283e-12	8.435799530e-12	8.305206466e-12	8.449589796e-12	8.664431589e-12	8.548909853e-12	8.387345208e-12	8.392469460e-12	8.131810828e-12	7.945453847e-12	7.758041873e-12	8.093906436e-12	9.173917860e-12	8.852973912e-12	8.675509015e-12	8.792311814e-12	8.766389128e-12	8.442883055e-12	8.030983638e-12	8.471443223e-12	8.260369263e-12	7.983508952e-12	8.066024477e-12	8.295862242e-12	8.367752481e-12	8.318469235e-12	8.086295415e-12	8.015008029e-12	8.035354323e-12	8.371520313e-12	7.748320866e-12	8.153814968e-12	8.018248365e-12	8.234220507e-12	8.028270799e-12	8.100613177e-12	8.015384812e-12	7.992174966e-12	8.168358800e-12	7.947262406e-12	8.430298495e-12	7.936938546e-12	7.892704196e-12	8.141155052e-12	7.966930490e-12	7.502055352e-12	7.420142680e-12	7.604540389e-12	7.908981231e-12	8.011164840e-12	8.146656087e-12	8.466771111e-12	7.670176026e-12	7.820813957e-12	7.753068334e-12	8.106566352e-12	8.189986157e-12	8.647325630e-12	7.997299218e-12	8.681085407e-12	8.236179780e-12	8.563152259e-12
9.349800267e-12	9.339627120e-12	9.518523793e-12	9.123278195e-12	9.067363565e-12	8.890802948e-12	8.992835844e-12	8.128871919e-12	8.902332514e-12	9.214233664e-12	9.270901861e-12	8.843780402e-12	8.882589073e-12	8.907758193e-12	8.898263255e-12	9.094416600e-12	8.760209883e-12	8.719592652e-12	8.722682275e-12	9.134657048e-12	8.902935367e-12	8.827051227e-12	8.771588737e-12	8.797360709e-12	8.853049269e-12	9.231339623e-12	8.796381073e-12	9.045736208e-12	8.786132569e-12	8.403848313e-12	8.910546388e-12	9.056060068e-12	8.860509577e-12	8.642804232e-12	8.745741408e-12	8.873847703e-12	8.940764403e-12	8.760209883e-12	8.898413969e-12	8.944155452e-12	9.432165079e-12	8.992911200e-12	8.918684906e-12	8.956589298e-12	8.750941016e-12	9.019210669e-12	9.421991932e-12	8.863071703e-12	8.724942974e-12	8.880705157e-12	9.089895202e-12	9.336688211e-12	8.804594947e-12	8.765710918e-12	8.639789966e-12	9.087107006e-12	8.963898892e-12	9.168718251e-12	9.023279928e-12	8.679728987e-12	8.915067787e-12	8.927200207e-12	9.059451117e-12	9.160881160e-12	9.219207203e-12	9.117475733e-12	9.218152210e-12	8.625698274e-12	9.363741246e-12	9.697721893e-12	9.868706119e-12	9.623118816e-12	9.603902871e-12	9.999902036e-12	9.372482617e-12	9.655220746e-12	9.537589024e-12	9.819875013e-12	1.052935782e-11	1.093756476e-11	1.185344941e-11	1.295847924e-11	1.501075716e-10	1.382280488e-10	1.280188060e-10	1.191154939e-10	1.114927172e-10	1.047537985e-10	9.884734477e-11	9.345685794e-11	8.952550182e-11	8.518397948e-11	8.170702392e-11	7.917730137e-11	7.728547282e-11	7.587841356e-11	7.564458189e-11	7.714900194e-11	8.274634275e-11	9.438397074e-11	1.183135484e-10	1.557455297e-10	1.886950716e-10	2.060014031e-10	1.879571040e-10	1.646684345e-10	1.480859789e-10	1.376144196e-10	1.290134384e-10	1.233787960e-10	1.177088867e-10	1.136159660e-10	1.104553576e-10	1.076419173e-10	1.050084286e-10	1.033789166e-10	1.011176897e-10	9.903076284e-11	9.668340338e-11	9.494387060e-11	9.399927507e-11	9.250985100e-11	9.093655498e-11	8.940689046e-11	8.860200614e-11	8.764964888e-11	8.600845652e-11	8.558156113e-11	8.474163598e-11	8.561682804e-11	8.837284659e-11	9.746281715e-11	1.159700322e-10	1.379294104e-10	1.478770149e-10	1.443793363e-10	9.880687825e-11	9.645288740e-11	9.370523344e-11	9.141122648e-11	8.946777863e-11	8.761724552e-11	8.524366194e-11	8.446439888e-11	8.272886001e-11	8.099301971e-11	7.979741120e-11	7.814815568e-11	7.734078460e-11	7.599596993e-11	7.505099761e-11	7.412185019e-11	7.360919894e-11	7.231404429e-11	7.083984226e-11	6.962230496e-11	6.855442596e-11	6.752301957e-11	6.717148083e-11	6.585032814e-11	6.458682329e-11	6.358254529e-11	6.255814707e-11	6.346084431e-11	6.083556954e-11	6.107226476e-11	6.023497709e-11	5.946453076e-11	5.873296846e-11	5.795227362e-11	5.788369908e-11	5.697097940e-11	5.635184921e-11	5.607144714e-11	5.538668132e-11	5.521170319e-11	5.532172389e-11	5.526693961e-11	5.491811370e-11	5.478955527e-11	5.524561368e-11	8.138894352e-12	8.624040427e-12	8.273556675e-12	8.229171612e-12	8.559158357e-12	8.723435841e-12	8.949430417e-12	8.466168258e-12	8.863975982e-12	8.488699894e-12	8.646270637e-12	8.448986943e-12	8.362703585e-12	8.773095869e-12	8.770081604e-12	8.907079983e-12	8.797963562e-12	8.568502581e-12	8.643708511e-12	8.281393766e-12	8.838128653e-12	8.705877743e-12	8.581991420e-12	8.649963113e-12	8.643331728e-12	8.396915502e-12	8.778596904e-12	8.539942412e-12	8.711228065e-12	8.638961043e-12	8.391339110e-12	8.881081941e-12	8.618840819e-12	8.809493129e-12	8.648606693e-12	8.351626159e-12	7.935431413e-12	8.391339110e-12	8.755387058e-12	8.237310130e-12	8.563529042e-12	8.011767694e-12	8.212969933e-12	8.438361656e-12	8.703767757e-12	8.725922610e-12	8.396764789e-12	8.712885911e-12	8.366923557e-12	8.702335981e-12	8.418015362e-12	8.387721991e-12	8.595103476e-12	8.401512257e-12	7.905740895e-12	8.311084284e-12	8.242208311e-12	8.343562998e-12	8.204228563e-12	8.420276062e-12	7.961881595e-12	8.219525961e-12	8.119753765e-12	8.299177934e-12	8.853049269e-12	8.440773069e-12	8.071977652e-12	8.156151024e-12	8.378227054e-12	8.008828784e-12
8.985526249e-12	8.457652957e-12	9.125312824e-12	8.787338275e-12	8.794798583e-12	9.495163234e-12	9.663962117e-12	9.357712715e-12	9.411517359e-12	9.425156911e-12	8.740541799e-12	9.573534144e-12	9.582727654e-12	9.557633892e-12	9.210089049e-12	8.441225209e-12	9.048825830e-12	9.012428571e-12	9.168341468e-12	9.007228963e-12	9.380470421e-12	9.175726419e-12	8.726826890e-12	8.844458611e-12	8.670610833e-12	9.080174194e-12	8.255697151e-12	8.415830020e-12	8.281016983e-12	8.462626496e-12	8.160521709e-12	8.126309793e-12	8.810924905e-12	9.220036126e-12	8.597816315e-12	9.112954335e-12	8.216511696e-12	8.535873154e-12	8.570687923e-12	8.625999700e-12	8.840766136e-12	9.019512096e-12	8.793592877e-12	8.761943086e-12	8.751091729e-12	9.169923958e-12	9.152893356e-12	8.894118640e-12	9.014161774e-12	9.491998255e-12	9.085373803e-12	9.268641161e-12	9.254926252e-12	9.050709747e-12	8.898640039e-12	9.216569720e-12	9.128327090e-12	8.712358414e-12	8.552225545e-12	9.011147508e-12	9.395692464e-12	8.603091280e-12	8.982738054e-12	9.228325357e-12	9.259221581e-12	9.153345496e-12	9.066534642e-12	9.735852355e-12	9.586570843e-12	9.823266062e-12	9.024862418e-12	9.260427287e-12	9.505185667e-12	9.229304993e-12	9.483709024e-12	9.883551378e-12	9.836001335e-12	9.794630538e-12	1.038753661e-11	1.043252453e-11	1.113108062e-11	1.179218446e-11	1.265343555e-11	1.466213472e-10	1.341072461e-10	1.250089863e-10	1.168712976e-10	1.096280170e-10	1.038994803e-10	9.791036026e-11	9.390101001e-11	8.937184962e-11	8.641613597e-11	8.325824044e-11	8.118826878e-11	8.017969545e-11	7.962740661e-11	8.253421380e-11	8.804353805e-11	1.016665122e-10	1.238717038e-10	1.575271868e-10	1.843475207e-10	1.890918997e-10	1.678264808e-10	1.509463664e-10	1.390111550e-10	1.299596164e-10	1.224774552e-10	1.183756423e-10	1.139923724e-10	1.104206182e-10	1.081708456e-10	1.051742886e-10	1.024671765e-10	1.005747451e-10	9.832173218e-11	9.659146827e-11	9.517853119e-11	9.442617046e-11	9.295136558e-11	9.182169412e-11	9.002451352e-11	8.875482942e-11	8.806433649e-11	8.466838932e-11	8.594380052e-11	1.018890404e-10	1.350499577e-10	1.522939693e-10	1.450696785e-10	1.331398175e-10	1.247612136e-10	1.170268337e-10	1.115916604e-10	1.070906834e-10	1.031351378e-10	9.945343826e-11	9.722732763e-11	9.455540710e-11	9.185108321e-11	8.990356610e-11	8.882498645e-11	8.677392931e-11	8.526227503e-11	8.367714802e-11	8.242065134e-11	8.126234436e-11	7.967209310e-11	7.791575579e-11	7.687364876e-11	7.593960316e-11	7.459622026e-11	7.326203088e-11	7.211924737e-11	7.092190565e-11	6.975440516e-11	6.910581052e-11	6.789611032e-11	6.652605117e-11	6.576035231e-11	6.418954306e-11	6.299498954e-11	6.186185168e-11	6.195092323e-11	6.057860339e-11	6.058832439e-11	6.000204970e-11	5.948766525e-11	5.853447906e-11	5.810961830e-11	5.775566814e-11	5.739327804e-11	5.712161733e-11	5.677105823e-11	5.620317056e-11	5.660030007e-11	5.648048301e-11	5.633527075e-11	5.654981112e-11	5.575728529e-11	9.492525751e-12	9.821382146e-12	9.795836244e-12	9.315588351e-12	9.580843738e-12	9.696742257e-12	9.506692800e-12	9.209486196e-12	9.808345447e-12	9.691241222e-12	9.184543147e-12	9.925525029e-12	9.351005974e-12	1.002107725e-11	9.743840160e-12	9.571424158e-12	9.336763568e-12	9.347539568e-12	9.451833163e-12	9.680691292e-12	9.403680268e-12	9.165025776e-12	9.457334198e-12	9.376175093e-12	9.219659343e-12	9.579110535e-12	9.389287149e-12	9.926429308e-12	9.361028407e-12	8.992383704e-12	9.167738615e-12	9.585063710e-12	9.653713613e-12	9.325007931e-12	9.289514952e-12	9.292529218e-12	9.180323175e-12	9.238573860e-12	8.933304095e-12	9.541206143e-12	9.340531400e-12	9.767878929e-12	9.362083400e-12	9.979178959e-12	9.684911264e-12	9.280773581e-12	9.146940181e-12	9.136767034e-12	9.642334760e-12	9.713094649e-12	9.774208887e-12	9.517920940e-12	9.179192825e-12	9.243698112e-12	9.549721444e-12	9.077385999e-12	9.187105272e-12	9.475344436e-12	9.129457440e-12	8.793818947e-12	8.913786724e-12	9.027349187e-12	8.682969323e-12	8.687113938e-12	8.964803172e-12	8.707234162e-12	8.971735983e-12	9.350101694e-12	9.214610448e-12	8.403245460e-12
9.104966530e-12	8.903010724e-12	9.127724237e-12	9.131793496e-12	9.112426838e-12	8.935866221e-12	9.143549132e-12	8.878444458e-12	8.527282496e-12	9.054251509e-12	9.109713999e-12	8.751317799e-12	9.159976881e-12	8.819364849e-12	9.238950644e-12	8.998713662e-12	8.997357242e-12	9.119736433e-12	9.035789131e-12	8.715900177e-12	8.860434220e-12	8.965707452e-12	8.803087814e-12	8.566920091e-12	8.696608876e-12	8.494200929e-12	8.859303870e-12	8.777541911e-12	8.648154553e-12	9.135485971e-12	8.809869912e-12	8.621629015e-12	8.946868291e-12	8.594802049e-12	9.069096768e-12	8.997432599e-12	8.894796850e-12	9.184769217e-12	8.478828174e-12	8.912882444e-12	8.944984375e-12	8.968797074e-12	8.713790191e-12	8.771287310e-12	9.049353327e-12	8.716352316e-12	8.137462576e-12	8.640618889e-12	8.557651224e-12	9.153948349e-12	8.351324732e-12	9.053648656e-12	9.132320992e-12	8.757723114e-12	9.168115398e-12	8.972263480e-12	9.410387009e-12	9.345806365e-12	9.940068861e-12	9.509179570e-12	9.267962952e-12	8.808739562e-12	9.566902759e-12	9.589208326e-12	9.404810617e-12	9.461328101e-12	9.272258280e-12	9.297879539e-12	9.812942202e-12	9.811510426e-12	9.918215434e-12	9.663208550e-12	9.516187738e-12	9.516338451e-12	9.248747007e-12	9.603375375e-12	9.217172573e-12	9.635477305e-12	9.800960496e-12	1.033712302e-11	1.070930948e-11	1.186603397e-11	1.257061860e-11	1.333526246e-11	1.452380253e-10	1.334404151e-10	1.237594224e-10	1.156411758e-10	1.091828853e-10	1.030597058e-10	9.782181620e-11	9.335030365e-11	8.975172246e-11	8.688688892e-11	8.461586574e-11	8.398641169e-11	8.487788079e-11	8.887419434e-11	9.893754667e-11	1.204754552e-10	1.484083546e-10	1.767306219e-10	1.801169987e-10	1.583892668e-10	1.442100853e-10	1.330846564e-10	1.262926867e-10	1.202815626e-10	1.153081748e-10	1.118150175e-10	1.085220075e-10	1.049715792e-10	1.033589471e-10	1.013173849e-10	9.644889350e-11	9.385654959e-11	9.301436373e-11	9.281135293e-11	9.139585373e-11	9.038622541e-11	8.942218786e-11	8.823592357e-11	8.166120708e-11	8.051540930e-11	7.956357953e-11	7.895160822e-11	7.907594669e-11	8.289539820e-11	9.687767281e-11	1.319437568e-10	1.514121458e-10	1.460962621e-10	1.344241961e-10	1.255386681e-10	1.182332936e-10	1.125058119e-10	1.078432702e-10	1.039951078e-10	1.012073642e-10	9.846099126e-11	9.564943486e-11	9.361307227e-11	9.123323409e-11	8.923658445e-11	8.804610018e-11	8.634153289e-11	8.428896862e-11	8.280338773e-11	8.056220578e-11	7.983380846e-11	7.812607619e-11	7.681637771e-11	7.554993395e-11	7.472628583e-11	7.347174842e-11	7.272157302e-11	7.162799740e-11	7.047293076e-11	6.957588527e-11	6.887499312e-11	6.747147563e-11	6.638747030e-11	6.569403846e-11	6.563043745e-11	6.454997389e-11	6.312369868e-11	6.321646271e-11	6.213517023e-11	6.145191153e-11	6.102207724e-11	6.011689323e-11	5.948796667e-11	5.911984947e-11	5.854517970e-11	5.811361220e-11	5.796900280e-11	5.788369908e-11	5.753291390e-11	5.789183759e-11	5.765619737e-11	5.762040296e-11	1.564298433e-11	8.690881771e-12	8.899996458e-12	8.586437462e-12	8.385913432e-12	8.671439757e-12	8.831723339e-12	8.053364561e-12	8.062030575e-12	8.345823697e-12	8.634816427e-12	8.529769265e-12	8.844307898e-12	8.913033158e-12	8.559459783e-12	9.144604125e-12	8.739788233e-12	8.586437462e-12	8.737000037e-12	8.578298944e-12	8.626979336e-12	8.363909292e-12	8.460441153e-12	8.342508005e-12	8.350797236e-12	8.269261347e-12	8.055851330e-12	8.248086130e-12	7.969266546e-12	8.184861905e-12	8.500304818e-12	8.720120149e-12	8.495783419e-12	8.151629625e-12	7.958867329e-12	8.370540676e-12	8.408746495e-12	7.995113875e-12	7.975973288e-12	7.875372168e-12	8.055549904e-12	8.365190355e-12	8.676262582e-12	8.270693123e-12	8.349968313e-12	8.498571615e-12	8.247106493e-12	8.511231531e-12	8.167153094e-12	8.099784254e-12	8.348461180e-12	8.094509289e-12	8.536626720e-12	8.104908506e-12	8.189081877e-12	8.200611444e-12	8.200686800e-12	8.331958075e-12	8.086295415e-12	8.155698884e-12	8.168283443e-12	8.465942188e-12	8.659533407e-12	8.866236682e-12	8.419597852e-12	8.244845794e-12	8.686435729e-12	8.411383978e-12	9.084243453e-12	8.926672710e-12
7.822999300e-12	7.741915551e-12	7.313362315e-12	7.739051998e-12	7.656536473e-12	7.313588385e-12	7.558120696e-12	7.077119236e-12	7.616672808e-12	7.524210206e-12	7.702654739e-12	8.072881932e-12	7.661886795e-12	7.680273816e-12	7.969643329e-12	8.334670914e-12	8.028722938e-12	8.306713599e-12	8.357051837e-12	8.368506047e-12	8.308446802e-12	8.487418831e-12	8.350194382e-12	8.044095694e-12	7.643349060e-12	7.585851941e-12	7.570780612e-12	7.962484448e-12	7.550132891e-12	7.630161648e-12	7.592709395e-12	7.641314431e-12	7.411627379e-12	7.667915326e-12	7.571082039e-12	7.616296025e-12	7.529560528e-12	7.307936637e-12	7.243958846e-12	7.752390124e-12	7.545536136e-12	8.178381234e-12	7.661510012e-12	7.376511183e-12	7.597607577e-12	7.587735857e-12	8.035128253e-12	7.776353537e-12	7.843797734e-12	7.889840643e-12	7.682308445e-12	7.907172671e-12	7.335592526e-12	7.536568695e-12	7.661886795e-12	7.488491157e-12	7.385629337e-12	7.534458709e-12	7.396028554e-12	7.632723773e-12	7.781101006e-12	7.531293730e-12	7.479071576e-12	7.852614461e-12	7.952537371e-12	7.830308894e-12	7.700167970e-12	7.797302684e-12	7.462342401e-12	7.690371606e-12	7.639581228e-12	7.007640410e-12	7.377114036e-12	7.210575853e-12	7.721946040e-12	8.135201877e-12	8.080417596e-12	7.912673706e-12	8.060975582e-12	8.671741183e-12	8.935263368e-12	9.195846643e-12	9.599004689e-12	1.042310495e-11	1.206158446e-11	1.198671010e-10	1.087064052e-10	1.018064495e-10	9.330606930e-11	8.902957974e-11	8.389545622e-11	8.093469367e-11	7.631909922e-11	7.412576873e-11	7.320980872e-11	7.378922596e-11	7.598828355e-11	8.187830957e-11	9.943685980e-11	1.273917634e-10	1.535981667e-10	1.606657157e-10	1.476804095e-10	1.329677029e-10	1.233839956e-10	1.154768229e-10	1.097094022e-10	1.058998224e-10	1.022386198e-10	9.826295400e-11	9.571183016e-11	9.349061772e-11	9.142983957e-11	8.993868230e-11	8.815333269e-11	8.380759037e-11	8.186195718e-11	8.038549445e-11	7.851356005e-11	7.706776748e-11	7.549055291e-11	7.476569735e-11	7.376428291e-11	7.254327920e-11	7.100208512e-11	7.066946089e-11	6.959690977e-11	7.129446890e-11	7.533320824e-11	9.009308806e-11	1.232342620e-10	1.395117492e-10	1.367679385e-10	1.264413654e-10	1.173420506e-10	1.098635819e-10	1.039865172e-10	9.950920218e-11	9.634603168e-11	9.256614241e-11	8.941879681e-11	8.703089547e-11	8.469303094e-11	8.246578997e-11	8.040455968e-11	7.871905762e-11	7.682285838e-11	7.603123684e-11	7.455236269e-11	7.211427383e-11	6.907370859e-11	6.858434255e-11	6.623916842e-11	6.452118765e-11	6.416354502e-11	6.324246076e-11	6.239884312e-11	6.247035658e-11	6.142689313e-11	6.077113961e-11	5.886974077e-11	5.878564275e-11	5.703548469e-11	5.662765453e-11	5.612336787e-11	5.672056927e-11	5.557409329e-11	5.514327936e-11	5.464208232e-11	5.519979684e-11	5.474215594e-11	5.340849405e-11	5.303306725e-11	5.301822199e-11	5.304271290e-11	5.269479127e-11	5.213436391e-11	5.216533549e-11	5.194024520e-11	5.179141582e-11	5.146022337e-11	5.180919999e-11	5.101358454e-11	5.104530969e-11	8.389304481e-12	6.978854172e-12	6.871470954e-12	6.878177695e-12	6.795511457e-12	7.094149838e-12	6.657005945e-12	6.819399513e-12	6.804403541e-12	6.840273303e-12	6.816159177e-12	7.139439181e-12	6.878026982e-12	7.116380048e-12	7.131300663e-12	7.535061563e-12	7.405372778e-12	7.152777307e-12	7.236498538e-12	7.273046511e-12	6.886617640e-12	6.927310227e-12	7.124593922e-12	7.019019263e-12	6.865969919e-12	7.142302733e-12	7.695721928e-12	6.730252603e-12	7.251569867e-12	6.787222226e-12	6.929344857e-12	7.016155711e-12	6.842534003e-12	7.102137642e-12	6.973051710e-12	6.975764550e-12	6.882246954e-12	6.759867764e-12	6.780967625e-12	6.788427932e-12	7.007037557e-12	7.031980606e-12	6.874183793e-12	7.001988662e-12	6.821434142e-12	7.337702512e-12	7.399193533e-12	7.615693172e-12	7.210952636e-12	7.496554317e-12	6.903874311e-12	7.191962762e-12	7.194826314e-12	6.959713584e-12	7.046976578e-12	6.879760185e-12	7.140494174e-12	6.824825191e-12	6.695362477e-12	6.999577249e-12	6.690464295e-12	6.618423343e-12	6.766649862e-12	6.968304242e-12	6.961446787e-12	6.741179316e-12	6.212024961e-12
3.185249992e-12	3.052848368e-12	2.527311132e-12	2.692568252e-12	3.203109517e-12	2.669433763e-12	2.872067779e-12	2.088057253e-12	2.970634269e-12	2.417968641e-12	2.669358406e-12	2.828586995e-12	2.608545594e-12	2.407569424e-12	2.436506376e-12	1.907502734e-12	2.262733954e-12	2.386243494e-12	1.863720523e-12	2.061079574e-12	1.864474090e-12	2.471923998e-12	1.584298087e-12	2.370493955e-12	2.353086570e-12	2.230632024e-12	2.725951246e-12	2.290239129e-12	2.437787438e-12	2.357683326e-12	2.621356224e-12	2.335905256e-12	2.654287077e-12	2.341481647e-12	2.519323327e-12	1.983462231e-12	2.331308500e-12	2.549616698e-12	2.299734066e-12	2.185945534e-12	2.508471971e-12	2.258287912e-12	2.211114653e-12	2.441027774e-12	2.317518234e-12	2.279764556e-12	2.336583465e-12	2.400938040e-12	2.188809086e-12	2.488276390e-12	2.605606685e-12	2.050077504e-12	2.415255802e-12	2.661295245e-12	2.742906491e-12	2.347133396e-12	2.070122372e-12	2.494983131e-12	2.472074712e-12	2.536203216e-12	2.648710685e-12	2.451351634e-12	1.830714313e-12	1.709616186e-12	2.118652050e-12	2.325053899e-12	2.042165057e-12	2.189035156e-12	2.336206682e-12	2.517213341e-12	1.880525055e-12	2.228974178e-12	2.376823913e-12	2.388956333e-12	2.169517785e-12	2.676894070e-12	2.460620502e-12	2.906053625e-12	2.561824475e-12	2.625274769e-12	2.676818714e-12	2.719319861e-12	3.035817767e-12	2.836348729e-12	2.646374630e-12	2.715250602e-12	7.944579710e-11	7.176733184e-11	6.640103450e-11	6.226033761e-11	5.777413052e-11	5.509256433e-11	5.279765309e-11	5.236065991e-11	5.209035563e-11	5.449242402e-11	6.675189503e-11	1.020980797e-10	1.604792080e-10	1.941627236e-10	1.629367389e-10	1.341330934e-10	1.179158161e-10	1.064903170e-10	9.803839120e-11	9.384976749e-11	8.732862957e-11	8.240806678e-11	7.877708224e-11	7.654373737e-11	7.360776716e-11	7.140546923e-11	6.974686950e-11	6.658565827e-11	6.636139690e-11	6.380831380e-11	6.235438270e-11	6.098485105e-11	6.047717334e-11	5.950266122e-11	5.877886065e-11	5.707557442e-11	5.623444356e-11	5.495835415e-11	5.467282783e-11	5.377533019e-11	5.262350389e-11	5.150249845e-11	5.089745995e-11	5.047335276e-11	4.939861630e-11	4.961941127e-11	4.827143162e-11	4.838122625e-11	4.829230541e-11	4.789736124e-11	5.086415232e-11	5.823418283e-11	6.210472614e-11	5.956686508e-11	5.754075099e-11	5.545804406e-11	5.313939547e-11	5.242689840e-11	5.145781196e-11	5.088849251e-11	4.991420646e-11	4.912665417e-11	4.862470357e-11	4.996718218e-11	4.762019950e-11	4.827723408e-11	4.672187294e-11	4.617870225e-11	4.538278538e-11	4.582121033e-11	4.595685229e-11	4.518007600e-11	4.411046380e-11	4.389132668e-11	4.368349305e-11	4.356925238e-11	4.390451409e-11	4.309239553e-11	4.156853348e-11	4.181540184e-11	4.009681822e-11	3.931567124e-11	3.973088635e-11	3.895825468e-11	3.773762776e-11	3.627013247e-11	3.637615927e-11	3.642544251e-11	3.702415105e-11	3.688926266e-11	3.676756168e-11	3.762820991e-11	3.742263699e-11	3.761479643e-11	3.772135072e-11	1.670988370e-11	2.211190010e-12	2.192802988e-12	1.944126063e-12	2.374111074e-12	2.361300445e-12	2.300412276e-12	2.383379941e-12	2.173888471e-12	2.588952867e-12	2.674558014e-12	2.705303525e-12	2.575765454e-12	2.397019494e-12	2.572374405e-12	2.687067217e-12	2.763177428e-12	2.772823078e-12	2.638160755e-12	2.659034546e-12	2.327691381e-12	2.679230126e-12	2.518419048e-12	2.853153261e-12	2.684957231e-12	2.128448414e-12	2.519097258e-12	2.260623968e-12	3.287810385e-12	2.790833316e-12	3.271457993e-12	3.197533125e-12	2.865587107e-12	3.380046917e-12	3.291352147e-12	3.290749294e-12	3.114113320e-12	3.347944987e-12	3.051718018e-12	3.125190747e-12	2.797389344e-12	3.036269906e-12	3.036722046e-12	2.528441481e-12	3.287358245e-12	2.937929486e-12	3.124060397e-12	2.891133010e-12	2.613745203e-12	2.862196058e-12	3.446662190e-12	2.900627947e-12	2.883597345e-12	2.737631526e-12	3.316747336e-12	2.692191469e-12	2.779379106e-12	2.497997397e-12	2.480213229e-12	2.363184361e-12	2.622561930e-12	2.477123607e-12	2.784126575e-12	3.002736200e-12	2.359341172e-12	2.387599913e-12	2.888118744e-12	3.122779334e-12	3.156614467e-12	3.277411168e-12
2.979300283e-12	3.251639195e-12	2.746749680e-12	3.151791642e-12	2.890153373e-12	3.232197181e-12	2.733260840e-12	3.029789235e-12	2.776063414e-12	3.093088816e-12	2.898894744e-12	3.210569824e-12	2.873424198e-12	3.100247697e-12	3.165883334e-12	3.153750915e-12	3.058500116e-12	3.212981237e-12	2.954131164e-12	2.753230351e-12	2.772446295e-12	2.748935022e-12	2.891886576e-12	2.592343916e-12	3.167239754e-12	2.970860339e-12	2.896784758e-12	2.842075834e-12	2.700932840e-12	2.170422065e-12	2.659260616e-12	1.961608804e-12	2.379310683e-12	2.597995664e-12	3.081709963e-12	3.010874717e-12	2.846521876e-12	2.832430184e-12	2.624897986e-12	2.773049148e-12	2.812611387e-12	2.774933064e-12	2.668755553e-12	3.209966971e-12	3.044483781e-12	3.279747224e-12	3.741306669e-12	3.786143872e-12	3.897822419e-12	3.286378608e-12	3.433625491e-12	3.551407926e-12	3.306574189e-12	3.963759483e-12	3.599786891e-12	3.766626502e-12	3.418478806e-12	3.348698553e-12	3.227977209e-12	3.505741800e-12	3.509961772e-12	3.272965126e-12	3.356912427e-12	3.286981462e-12	3.657811507e-12	3.840702083e-12	3.560450723e-12	3.505666443e-12	4.085234393e-12	3.405442106e-12	3.057219053e-12	3.700312655e-12	3.719980739e-12	3.179146104e-12	3.259099503e-12	3.426994106e-12	3.670396067e-12	3.201979167e-12	3.442592932e-12	3.479366974e-12	3.665196459e-12	3.571754220e-12	3.438222246e-12	3.492855813e-12	3.118031865e-12	3.768510418e-12	3.929321496e-12	1.006477657e-10	9.220925334e-11	8.483100896e-11	8.016922088e-11	7.590433625e-11	7.426148605e-11	7.332781723e-11	7.619634324e-11	8.226835556e-11	1.265269705e-10	1.957428771e-10	2.281293542e-10	1.850696634e-10	1.562135698e-10	1.430191489e-10	1.342469573e-10	1.267644193e-10	1.192933355e-10	1.122916483e-10	1.098267325e-10	1.059014802e-10	9.699605809e-11	9.403838517e-11	9.117701803e-11	8.854827686e-11	8.658485949e-11	8.330903082e-11	8.119158447e-11	7.988256421e-11	7.748411294e-11	7.617765480e-11	7.440993864e-11	7.342834299e-11	6.813107233e-11	6.744080547e-11	6.460694351e-11	6.265008218e-11	6.218663881e-11	6.025607695e-11	5.847004912e-11	5.765755379e-11	5.577989229e-11	5.513061944e-11	5.492361474e-11	5.457554240e-11	5.469083806e-11	5.772462120e-11	6.863121438e-11	8.789674331e-11	7.968603408e-11	7.588685351e-11	7.115973122e-11	6.715558057e-11	6.610654073e-11	6.403830228e-11	6.185748099e-11	5.929324511e-11	6.496014010e-11	6.392451374e-11	6.346755105e-11	6.374682278e-11	6.286997286e-11	6.224225202e-11	5.994643650e-11	6.079495231e-11	6.060271751e-11	5.942677708e-11	5.882693819e-11	5.813049209e-11	5.647452983e-11	5.610505620e-11	5.371308561e-11	5.155517274e-11	5.168380654e-11	5.378301657e-11	5.355219917e-11	5.286652907e-11	5.230293672e-11	5.162774119e-11	4.724582769e-11	3.536185884e-12	3.368366637e-12	3.636184151e-12	3.592552654e-12	3.773559313e-12	3.600465101e-12	2.770260953e-12	2.413447242e-12	2.677647637e-12	2.590460000e-12	2.531606460e-12	2.630097594e-12	2.617513035e-12	3.173569712e-12	2.763554211e-12	2.681264756e-12	2.617588391e-12	2.601688140e-12	2.804849652e-12	2.994446969e-12	2.592871412e-12	2.620602657e-12	2.849912925e-12	2.774782351e-12	2.758656029e-12	2.853002548e-12	2.672975525e-12	2.830847694e-12	2.325807465e-12	2.569134069e-12	3.036495976e-12	2.915096423e-12	2.728664085e-12	2.553459887e-12	2.719621288e-12	2.955186157e-12	2.745393260e-12	3.156765180e-12	2.773049148e-12	2.842754044e-12	2.492873145e-12	2.816002436e-12	2.786085848e-12	2.831902687e-12	2.913287863e-12	2.673955161e-12	2.754662127e-12	2.847124730e-12	2.833485177e-12	2.882014856e-12	2.658959189e-12	2.470869005e-12	2.629570098e-12	2.214882485e-12	2.919391751e-12	2.727458379e-12	2.849912925e-12	2.636201483e-12	2.440801704e-12	2.380667102e-12	2.273736024e-12	2.201544359e-12	1.699292326e-12	2.364314710e-12	2.251279744e-12	2.468080809e-12	2.162811044e-12	2.123927016e-12	2.257232919e-12	2.371096808e-12	2.799725400e-12	2.668981623e-12	2.705831022e-12	2.415406515e-12	3.549147227e-12	2.745543973e-12	2.533113593e-12	2.398978767e-12	2.532812167e-12	2.416461508e-12	2.627083329e-12	2.436807802e-12	2.238243045e-12	2.592419272e-12
2.762725288e-12	2.921652451e-12	2.998440871e-12	2.992563053e-12	3.097685571e-12	3.151188789e-12	3.423904484e-12	3.188867111e-12	2.990000927e-12	3.394364679e-12	2.837026939e-12	3.236567867e-12	3.166712257e-12	3.315315560e-12	3.103488033e-12	3.550126863e-12	3.646884794e-12	3.474393436e-12	3.513277464e-12	3.847710251e-12	3.983427567e-12	3.897294923e-12	3.391727197e-12	3.103789460e-12	3.037626326e-12	3.309211672e-12	2.988192367e-12	2.842904757e-12	3.017581459e-12	2.556700223e-12	3.172816146e-12	3.137699949e-12	3.193614579e-12	3.438222246e-12	3.236492510e-12	3.352391029e-12	3.342745378e-12	2.935216647e-12	3.061740452e-12	3.124286467e-12	3.051190522e-12	3.569945660e-12	2.996330885e-12	2.987062018e-12	2.503347719e-12	2.980279920e-12	3.027829962e-12	3.166034048e-12	2.811254967e-12	3.154805908e-12	3.375525518e-12	3.334832931e-12	3.531965912e-12	3.507022862e-12	3.304991699e-12	2.780434099e-12	3.145989180e-12	3.657736151e-12	2.891434436e-12	3.343800371e-12	3.197759195e-12	2.812083890e-12	3.160457656e-12	2.891735863e-12	3.163999418e-12	3.230237908e-12	2.841472981e-12	3.267916231e-12	3.120593991e-12	3.475674498e-12	3.261661629e-12	2.916754269e-12	2.901155443e-12	3.027679249e-12	2.973949962e-12	2.402143746e-12	2.934237010e-12	3.003414410e-12	2.912308227e-12	2.825195946e-12	3.194820286e-12	2.889927303e-12	3.217728706e-12	3.164376201e-12	3.758563341e-12	3.614180010e-12	3.860897663e-12	1.226018690e-10	1.095227438e-10	1.000360205e-10	9.258136445e-11	8.817963215e-11	8.538231817e-11	8.623203969e-11	9.254406291e-11	1.229470778e-10	1.708347180e-10	2.306700788e-10	2.149090860e-10	1.761916711e-10	1.561203536e-10	1.449675703e-10	1.368397533e-10	1.284438928e-10	1.208624116e-10	1.155758416e-10	1.093892118e-10	1.059845986e-10	1.022341738e-10	9.893438169e-11	9.530354787e-11	9.276448110e-11	9.140180690e-11	9.148816562e-11	8.909740072e-11	8.322003462e-11	8.076988869e-11	7.915401617e-11	7.722270074e-11	7.568301378e-11	7.389216314e-11	7.240123193e-11	7.071859342e-11	6.906157617e-11	6.744231260e-11	6.816453068e-11	6.704729308e-11	6.642386756e-11	6.538198660e-11	6.466753025e-11	6.413392986e-11	6.354848409e-11	6.408803766e-11	6.721141985e-11	8.799915299e-11	1.140287697e-10	1.167756701e-10	1.065994335e-10	9.779649637e-11	9.081930004e-11	8.644733362e-11	8.414255066e-11	8.109603225e-11	7.797747288e-11	7.696709100e-11	7.460918160e-11	7.147645519e-11	7.215112323e-11	6.956684247e-11	6.992742402e-11	6.932984583e-11	4.270543917e-11	3.846881328e-12	3.839873160e-12	4.018543763e-12	3.371456260e-12	3.657736151e-12	3.736031704e-12	3.599410108e-12	3.729551033e-12	3.825329327e-12	4.017639483e-12	3.826836460e-12	3.848313104e-12	3.621489605e-12	3.792850614e-12	3.429330162e-12	3.786068516e-12	3.473715226e-12	3.503556457e-12	3.044182354e-12	3.502802890e-12	3.097082718e-12	3.164300845e-12	3.246590300e-12	3.117956509e-12	2.975306381e-12	3.120066495e-12	2.933031304e-12	2.925043500e-12	3.522923114e-12	3.543796905e-12	3.732414585e-12	3.284494692e-12	3.225415083e-12	3.205973069e-12	3.883655370e-12	3.537316233e-12	3.576953828e-12	3.331818665e-12	3.177940397e-12	3.640253409e-12	3.747561271e-12	3.567760318e-12	3.608603619e-12	3.960745217e-12	4.290656605e-12	3.777025718e-12	4.098647876e-12	4.109725302e-12	3.887724629e-12	3.962930560e-12	3.569945660e-12	4.504669474e-12	4.021934812e-12	3.727893186e-12	3.696770892e-12	3.608754332e-12	3.352767812e-12	3.747561271e-12	3.966924462e-12	3.821184712e-12	3.723371788e-12	3.317500902e-12	3.447189687e-12	3.611391815e-12	4.085385106e-12	3.603253297e-12	3.478311981e-12	3.604383647e-12	3.736333131e-12	3.292783923e-12	3.125040033e-12	3.369572344e-12	2.885179835e-12	3.522470975e-12	3.595943703e-12	3.523676681e-12	3.228278636e-12	3.379368707e-12	3.262565909e-12	3.638218780e-12	3.667683228e-12	3.666778948e-12	3.713500067e-12	3.182763223e-12	3.639801269e-12	3.663764682e-12	3.612145381e-12	3.370928763e-12	3.384040819e-12	2.977567081e-12	3.387431868e-12	3.432721211e-12	3.693530557e-12	3.291578217e-12	3.344855364e-12	3.083744592e-12	2.870711359e-12	3.209138048e-12	2.780283386e-12
3.328578329e-12	3.760296543e-12	3.859465887e-12	4.204448604e-12	3.821636852e-12	3.458342470e-12	3.819300796e-12	3.882901804e-12	3.540330499e-12	3.397831085e-12	3.204767363e-12	3.560827506e-12	3.939042503e-12	3.682302417e-12	3.744773075e-12	3.483963729e-12	3.277712594e-12	3.306875616e-12	3.437770106e-12	3.626689213e-12	3.353747448e-12	3.652837969e-12	3.372435896e-12	3.293612846e-12	3.569267451e-12	3.120066495e-12	3.092787390e-12	3.578310248e-12	3.659996850e-12	3.329181182e-12	3.487656205e-12	3.645905158e-12	3.361433826e-12	4.104601051e-12	3.683508123e-12	3.868659398e-12	3.960895930e-12	3.963458056e-12	3.817266166e-12	3.665723955e-12	3.881470027e-12	4.294047654e-12	4.122460575e-12	4.186890506e-12	4.083651904e-12	4.455009446e-12	4.265788912e-12	4.395628410e-12	4.371589641e-12	3.729475676e-12	4.013645581e-12	4.070765917e-12	3.842585999e-12	4.060668127e-12	4.015830924e-12	3.551860066e-12	3.279822580e-12	3.720960375e-12	3.203787726e-12	3.417499169e-12	3.196854915e-12	3.198814188e-12	3.266333741e-12	3.355631364e-12	3.744773075e-12	3.316596623e-12	3.513277464e-12	3.474092009e-12	3.559395730e-12	3.540104429e-12	3.363920595e-12	3.070481823e-12	3.171309013e-12	3.254502748e-12	3.239808202e-12	3.162793712e-12	3.383890106e-12	2.841774408e-12	3.036495976e-12	3.257215587e-12	3.216372286e-12	3.433550134e-12	3.549071870e-12	3.665950025e-12	4.121330226e-12	4.343330899e-12	4.004828854e-12	5.203376279e-12	1.292015285e-10	1.180938085e-10	1.093184519e-10	1.035873530e-10	1.016825632e-10	1.047718841e-10	1.189563406e-10	1.569099405e-10	2.126549427e-10	2.305180845e-10	1.912998494e-10	1.693331615e-10	1.526460355e-10	1.400771501e-10	1.369141304e-10	1.310531920e-10	1.244953554e-10	1.184958362e-10	1.127948800e-10	1.086918614e-10	1.051455777e-10	1.013739023e-10	9.877628346e-11	9.602305310e-11	9.397840128e-11	9.265717324e-11	9.053075945e-11	8.722215063e-11	8.551434301e-11	8.346275837e-11	8.194130772e-11	8.034321937e-11	7.861559295e-11	7.581880646e-11	7.470141814e-11	7.242730533e-11	7.123471108e-11	7.009162614e-11	6.907423609e-11	6.786574159e-11	6.666960558e-11	6.597331018e-11	6.466881132e-11	6.429850877e-11	6.432269825e-11	6.446610194e-11	6.741586242e-11	3.505515730e-12	3.892547454e-12	3.420061295e-12	3.434379057e-12	3.591120877e-12	3.003565123e-12	3.117429012e-12	3.661051843e-12	3.485169436e-12	3.395721099e-12	3.569192094e-12	3.741909522e-12	3.938665720e-12	3.695941969e-12	3.861801943e-12	4.092845414e-12	4.119823093e-12	3.953284909e-12	4.001211735e-12	4.233988409e-12	3.778532851e-12	3.855095202e-12	3.702573354e-12	4.252300073e-12	3.906865216e-12	3.589161605e-12	4.013570224e-12	4.245291905e-12	3.731661019e-12	3.949517077e-12	4.194802954e-12	4.318312493e-12	3.991641441e-12	4.233611625e-12	3.853361999e-12	4.157878198e-12	4.093071484e-12	3.727893186e-12	4.089981862e-12	3.874612573e-12	3.923142251e-12	3.714253634e-12	3.458869967e-12	3.585167702e-12	3.579365241e-12	3.574542416e-12	3.725632487e-12	3.798050222e-12	3.924800098e-12	3.509584988e-12	4.132709079e-12	4.673016218e-12	4.292389808e-12	4.257499682e-12	4.399094816e-12	3.717720040e-12	4.368198592e-12	4.507156244e-12	4.816570625e-12	3.885689999e-12	3.968733021e-12	3.945598531e-12	3.457513547e-12	3.787500292e-12	4.107539960e-12	4.228487374e-12	4.410850452e-12	4.558850902e-12	4.911670710e-12	4.428709977e-12	4.378974592e-12	4.743173253e-12	4.542950650e-12	4.496681670e-12	4.414919711e-12	4.324491738e-12	3.668361438e-12	4.314393948e-12	3.917264433e-12	4.255992549e-12	4.218691010e-12	4.137984044e-12	4.219218506e-12	4.252676856e-12	4.014173078e-12	4.625014035e-12	4.763820974e-12	4.695999994e-12	4.533455713e-12	4.346646592e-12	4.221102422e-12	4.237906954e-12	4.258780745e-12	4.353202620e-12	3.731133522e-12	3.618475339e-12	4.124947345e-12	3.850498447e-12	3.813121551e-12	4.284251290e-12	3.970993721e-12	3.903172741e-12	3.776347509e-12	3.630155619e-12	3.916963007e-12	4.074232323e-12	4.195857947e-12	4.014323791e-12	4.188548352e-12	3.789534921e-12	4.134065498e-12	3.914928377e-12	3.677705661e-12	3.457438191e-12	3.494212233e-12	3.395645742e-12
4.258630031e-12	4.441822033e-12	4.305727934e-12	4.366465389e-12	4.584622874e-12	5.154017677e-12	4.977607773e-12	4.849727548e-12	4.775727323e-12	4.547999545e-12	4.579875405e-12	4.237153388e-12	4.328485640e-12	4.709036693e-12	4.805041058e-12	4.938648388e-12	5.084990991e-12	4.740234344e-12	5.300887777e-12	4.681757588e-12	4.855153226e-12	4.799163240e-12	4.691629309e-12	4.612881615e-12	4.528632887e-12	4.634659686e-12	4.712804526e-12	5.032392053e-12	4.839328331e-12	4.436396355e-12	4.343104829e-12	4.455763012e-12	4.537072831e-12	4.670303378e-12	4.960351102e-12	4.529687880e-12	4.689293253e-12	4.523357922e-12	4.526598258e-12	4.943621927e-12	4.755230316e-12	4.816043128e-12	4.561789811e-12	5.111968670e-12	4.846185786e-12	5.063062208e-12	4.827949478e-12	5.295914238e-12	5.195614545e-12	5.051231215e-12	5.476242688e-12	5.243164587e-12	5.163211188e-12	5.077304613e-12	4.641517140e-12	4.688916469e-12	4.901648276e-12	5.053567270e-12	4.841890457e-12	5.163361901e-12	4.923953843e-12	5.134198880e-12	4.820413813e-12	5.077078543e-12	4.841815100e-12	5.460945289e-12	5.474584841e-12	5.223647216e-12	5.671341039e-12	5.666216788e-12	5.491389373e-12	5.577522017e-12	5.677595641e-12	5.338641455e-12	5.054772977e-12	5.268409063e-12	5.302922406e-12	5.520929178e-12	5.095993061e-12	5.119052194e-12	5.436228310e-12	5.276999720e-12	5.450847498e-12	5.133746740e-12	5.334346127e-12	5.695530522e-12	5.744512341e-12	5.901404874e-12	6.699642734e-11	1.306372233e-10	1.185619239e-10	1.122018232e-10	1.102085646e-10	1.185457223e-10	1.473966163e-10	1.843855005e-10	2.323708783e-10	2.038070177e-10	1.753468478e-10	1.576060852e-10	1.446279379e-10	1.353732377e-10	1.336663343e-10	1.289383831e-10	1.223418886e-10	1.177140863e-10	1.131504880e-10	1.090464144e-10	1.057368260e-10	1.021711756e-10	9.972487289e-11	9.717065944e-11	9.559163632e-11	9.398940335e-11	9.073844236e-11	8.803788631e-11	8.541449545e-11	8.358596648e-11	8.171908098e-11	8.020961204e-11	7.918491239e-11	7.753595831e-11	7.623665905e-11	7.474859140e-11	6.579019354e-11	4.427881054e-12	4.081994057e-12	4.589973196e-12	4.475054313e-12	4.579347909e-12	4.667665896e-12	4.251245080e-12	4.740309701e-12	4.624787965e-12	4.507909810e-12	4.819660247e-12	4.310626116e-12	4.314469305e-12	4.455763012e-12	4.581533251e-12	4.487940299e-12	4.435341362e-12	4.551541307e-12	4.249361164e-12	4.370157865e-12	4.733301533e-12	4.159762114e-12	4.059688491e-12	4.245291905e-12	4.129393387e-12	4.210024996e-12	4.368424662e-12	4.172874170e-12	4.034594728e-12	4.472040048e-12	3.932787902e-12	4.600221699e-12	4.495174537e-12	4.431724243e-12	4.240167653e-12	4.420420746e-12	4.445815935e-12	4.483268188e-12	4.239338730e-12	4.054790309e-12	4.297137276e-12	3.945523175e-12	4.218691010e-12	4.047254644e-12	3.984934700e-12	4.135647988e-12	3.858034111e-12	3.784335313e-12	3.658489717e-12	3.964588406e-12	4.038663987e-12	3.955018112e-12	4.445213082e-12	4.611901979e-12	4.507005530e-12	4.562091237e-12	4.008144546e-12	4.892680835e-12	4.577840776e-12	4.281010955e-12	4.235721611e-12	4.644757476e-12	4.732397253e-12	4.415371851e-12	4.318915347e-12	4.492461698e-12	4.325320661e-12	4.522981139e-12	4.381009221e-12	4.788085813e-12	4.820865953e-12	4.592007825e-12	4.798409673e-12	4.494647041e-12	4.517856887e-12	4.631494707e-12	4.311907179e-12	4.296911207e-12	4.855153226e-12	4.217334590e-12	4.197139010e-12	4.323059962e-12	4.391935935e-12	4.450488047e-12	4.458325138e-12	4.445213082e-12	4.291259458e-12	4.456441222e-12	4.055242449e-12	4.334664885e-12	3.409662078e-12	3.633019171e-12	3.713876851e-12	3.990285021e-12	4.440465614e-12	4.040924686e-12	4.191336548e-12	4.092091848e-12	4.443932019e-12	4.570229755e-12	4.345666955e-12	4.408062257e-12	4.390730228e-12	4.453276243e-12	4.215299961e-12	4.022537665e-12	3.737463480e-12	4.446494145e-12	4.046501078e-12	3.767756851e-12	3.839270307e-12	4.453803740e-12	4.134819065e-12	4.182896604e-12	4.793963631e-12	4.042205749e-12	4.115000268e-12	4.036629358e-12	4.183499457e-12	4.534812132e-12	3.526917017e-12	4.918000668e-12	4.427956411e-12	4.237304101e-12	4.331876689e-12	3.860596237e-12
4.473245754e-12	4.642195350e-12	4.411151879e-12	4.376939963e-12	4.220725639e-12	4.096010393e-12	4.429162117e-12	3.842133859e-12	3.908523063e-12	3.948462084e-12	4.251094367e-12	4.131051233e-12	4.303617948e-12	4.105128547e-12	4.421249669e-12	3.991942868e-12	4.518459740e-12	4.290882675e-12	4.460585838e-12	4.204523961e-12	4.206558590e-12	4.457194789e-12	4.445363796e-12	4.295554787e-12	4.046425721e-12	4.294575151e-12	4.786352610e-12	4.435718145e-12	4.375809613e-12	4.270084241e-12	4.450714117e-12	4.665480553e-12	4.270234954e-12	4.414166145e-12	4.413111152e-12	4.216957807e-12	4.311455039e-12	4.433080663e-12	4.411302592e-12	4.302713668e-12	4.400300522e-12	4.326903151e-12	4.608510930e-12	4.159762114e-12	4.089831148e-12	4.446192719e-12	4.120124519e-12	4.557193055e-12	4.538127824e-12	4.652142427e-12	4.690725029e-12	4.995768724e-12	5.019958207e-12	4.830511604e-12	4.619663713e-12	4.105882114e-12	4.429011404e-12	4.673242287e-12	4.473321110e-12	4.616800161e-12	4.440013474e-12	4.171291681e-12	4.367445025e-12	4.427428914e-12	4.792456498e-12	4.724258736e-12	5.165170460e-12	5.075948194e-12	5.319199441e-12	5.447682519e-12	5.410230267e-12	5.597642241e-12	4.989212696e-12	4.892756192e-12	5.237136056e-12	5.038194515e-12	4.852365031e-12	5.034049900e-12	5.324022266e-12	5.182351775e-12	5.164492251e-12	5.336757539e-12	5.410607051e-12	5.394556085e-12	5.561320339e-12	6.154000345e-12	5.963875532e-12	6.172312010e-12	7.772359635e-12	1.411059944e-10	1.272730767e-10	1.204276037e-10	1.201168329e-10	1.366310908e-10	1.704189754e-10	2.125147040e-10	2.161110998e-10	1.858378491e-10	1.647522311e-10	1.503530836e-10	1.389000794e-10	1.309803975e-10	1.290050738e-10	1.260690282e-10	1.188690023e-10	1.134754258e-10	1.095297519e-10	1.063020762e-10	1.025217347e-10	9.985335597e-11	9.751217575e-11	9.561484616e-11	9.354615557e-11	9.183397726e-11	9.080618799e-11	8.896997264e-11	8.763133721e-11	8.664740551e-11	8.521321786e-11	8.387194495e-11	8.320956005e-11	8.201922649e-11	8.079829815e-11	7.960690960e-11	7.871898226e-11	7.775599971e-11	7.014482793e-11	6.920505523e-11	6.758624380e-11	6.758134561e-11	6.629922767e-11	6.606064853e-11	6.533971152e-11	6.418622737e-11	6.486511537e-11	6.567346610e-11	7.064805960e-11	8.655441541e-11	1.166810221e-10	1.352025549e-10	1.319908547e-10	1.223462593e-10	1.131006019e-10	1.062662064e-10	1.010629055e-10	9.718851896e-11	9.344336911e-11	9.038283436e-11	8.814089884e-11	5.019355354e-12	4.979491689e-12	4.232933416e-12	4.750558204e-12	4.765629533e-12	4.908731800e-12	4.928324528e-12	5.135479943e-12	4.819057394e-12	5.088382040e-12	4.856585003e-12	4.538956748e-12	5.092828082e-12	5.060575438e-12	4.868566709e-12	5.168034013e-12	5.076551047e-12	5.156052307e-12	5.409627414e-12	5.081750655e-12	5.177755020e-12	4.900970066e-12	5.000214766e-12	5.397419638e-12	4.401129445e-12	4.426901418e-12	4.522152216e-12	4.947540472e-12	4.940984444e-12	4.752668190e-12	4.871957758e-12	4.867511716e-12	5.169993286e-12	4.413487935e-12	4.258630031e-12	4.417029697e-12	3.782978893e-12	4.471437194e-12	4.572264384e-12	4.796450401e-12	4.188096212e-12	4.065038812e-12	3.995936770e-12	3.827590027e-12	3.954565972e-12	4.291937668e-12	4.023065162e-12	4.485905670e-12	3.947633161e-12	4.258705388e-12	4.150568604e-12	4.453803740e-12	4.687333980e-12	4.570531181e-12	4.509416943e-12	4.090961498e-12	4.510848719e-12	4.273098507e-12	4.385982760e-12	4.311831822e-12	4.486809950e-12	4.918754234e-12	4.608737000e-12	4.811446373e-12	4.532852859e-12	4.242729779e-12	4.538655321e-12	4.334890955e-12	4.340241277e-12	4.355387962e-12	4.343104829e-12	4.667816609e-12	4.577991489e-12	4.556590202e-12	5.063815774e-12	4.776933030e-12	4.986575214e-12	5.150928055e-12	4.881603409e-12	4.789668303e-12	4.830662317e-12	5.005791158e-12	5.087025621e-12	5.015512165e-12	4.842267240e-12	4.910088220e-12	4.865175660e-12	5.038722012e-12	4.889289786e-12	4.551541307e-12	5.089663103e-12	4.872334541e-12	4.555987349e-12	4.541066734e-12	4.318011067e-12	4.407308690e-12	4.176868072e-12	4.190206198e-12	4.487638873e-12	4.229994507e-12	4.190884408e-12	4.433683516e-12
4.820112387e-12	4.262699290e-12	4.276564913e-12	4.112287428e-12	4.479349642e-12	4.007466336e-12	4.568119769e-12	4.521323293e-12	4.101360715e-12	4.149815037e-12	4.834806933e-12	3.952531343e-12	4.140169387e-12	4.463600103e-12	4.436697781e-12	4.104902477e-12	4.510321223e-12	4.859448555e-12	4.274530283e-12	4.579121839e-12	4.020653749e-12	4.086138673e-12	4.331499906e-12	3.991641441e-12	4.406329054e-12	4.306858284e-12	4.318237137e-12	4.253279710e-12	4.143334366e-12	4.270988521e-12	4.200831485e-12	4.513712272e-12	4.388846312e-12	3.995258560e-12	4.324567095e-12	4.573922230e-12	4.294801220e-12	4.621999769e-12	4.231200213e-12	3.895184937e-12	4.558097335e-12	4.270913164e-12	4.573922230e-12	4.253505779e-12	4.255238982e-12	3.993223931e-12	4.044843232e-12	4.287265556e-12	3.929999706e-12	3.938816433e-12	3.938741077e-12	3.899630979e-12	3.978830812e-12	4.259232884e-12	4.320121053e-12	4.302864381e-12	4.537600328e-12	4.500750929e-12	4.204222534e-12	3.948311371e-12	4.301357249e-12	3.804681607e-12	3.938062867e-12	4.285833780e-12	3.708225102e-12	3.659393997e-12	4.048234281e-12	4.136627624e-12	4.391483795e-12	4.531119657e-12	3.922765468e-12	3.736031704e-12	4.145971848e-12	4.069484854e-12	3.998498896e-12	4.533681782e-12	4.456968719e-12	4.222534199e-12	4.978512053e-12	4.989890906e-12	4.687710763e-12	4.994713731e-12	4.679798315e-12	4.422530732e-12	4.579423265e-12	4.693890008e-12	4.984992724e-12	5.344745344e-12	5.860109433e-12	1.836200277e-11	1.363281571e-10	1.260308977e-10	1.230299701e-10	1.376575990e-10	1.755592782e-10	1.986528493e-10	1.684427474e-10	1.460460746e-10	1.356336703e-10	1.281139061e-10	1.209838111e-10	1.146628205e-10	1.127639084e-10	1.099344171e-10	1.065833071e-10	1.040159063e-10	9.885812077e-11	9.645024992e-11	9.332309990e-11	9.139894335e-11	8.947923284e-11	8.792530348e-11	8.554953456e-11	8.400540156e-11	8.289554891e-11	8.232223556e-11	8.148125541e-11	8.004548527e-11	7.933924280e-11	7.847866993e-11	7.755404390e-11	7.688653475e-11	7.542227979e-11	7.435613399e-11	7.338538970e-11	7.197622046e-11	7.125972948e-11	7.044354167e-11	7.004249361e-11	6.961770821e-11	6.821667748e-11	6.872857516e-11	6.792700654e-11	6.211919462e-11	6.177421190e-11	6.198747120e-11	6.300358019e-11	6.552689742e-11	7.294395048e-11	9.664685540e-11	1.216673713e-10	1.301718207e-10	1.252391255e-10	1.165011458e-10	1.086878675e-10	1.028667928e-10	9.852881224e-11	9.390839496e-11	9.103090150e-11	8.867894528e-11	8.376629493e-11	8.101570206e-11	8.018655291e-11	7.806895585e-11	7.555061216e-11	7.421039424e-11	7.251690438e-11	7.108339494e-11	6.976887364e-11	6.805179714e-11	6.702061682e-11	6.534754861e-11	6.414470586e-11	6.321774378e-11	6.208566091e-11	6.003920053e-11	6.088756563e-11	6.131785206e-11	5.980001854e-11	6.121988843e-11	6.008916198e-11	5.908171901e-11	5.834608745e-11	5.799922081e-11	5.687633146e-11	5.709825677e-11	5.661476855e-11	5.670723115e-11	5.660527361e-11	5.613090353e-11	5.571086560e-11	5.279215206e-11	3.899404909e-12	3.501823254e-12	4.247703318e-12	4.077095876e-12	3.733394222e-12	3.942358196e-12	4.200228632e-12	4.067148798e-12	3.881168601e-12	3.812066558e-12	3.721638585e-12	3.890588181e-12	3.963081273e-12	3.769188627e-12	4.321778899e-12	4.325697445e-12	4.333609892e-12	4.582437531e-12	4.479349642e-12	3.648015144e-12	4.052529610e-12	4.329691347e-12	4.253957919e-12	4.288019123e-12	4.149664324e-12	4.085686533e-12	4.528783601e-12	3.892246027e-12	4.316805361e-12	3.912818391e-12	4.233913052e-12	3.896089216e-12	4.106861750e-12	4.078000155e-12	4.147855764e-12	4.404671208e-12	3.885614643e-12	4.053433889e-12	3.538898723e-12	3.706190473e-12	3.918470140e-12	4.008898113e-12	3.900836685e-12	4.005280994e-12	3.957052741e-12	4.093825051e-12	4.009953106e-12	3.887498559e-12	3.815683677e-12	3.573110639e-12	4.284929500e-12	4.402259795e-12	4.828552331e-12	4.571058678e-12	3.956675958e-12	4.314393948e-12	3.923820461e-12	4.065114169e-12	4.140847596e-12	3.959916294e-12	4.273173864e-12	3.848840600e-12	4.199324352e-12	4.401355515e-12	4.356819739e-12	4.223137052e-12	4.664500917e-12	4.578368272e-12	4.512280496e-12
3.571904933e-12	3.261134133e-12	3.428199813e-12	3.679740291e-12	3.263922328e-12	3.135665320e-12	3.160533013e-12	3.536110527e-12	3.763009383e-12	3.278616874e-12	3.304916343e-12	3.103638746e-12	3.039736312e-12	3.389014358e-12	3.180427167e-12	3.542515842e-12	3.435434051e-12	3.112832257e-12	3.624127087e-12	3.395118246e-12	3.135439250e-12	3.319083392e-12	3.548393660e-12	3.401975700e-12	3.797070586e-12	3.516367086e-12	3.834899621e-12	4.276489556e-12	4.143409722e-12	4.224945611e-12	3.817567593e-12	3.657208654e-12	3.108386215e-12	3.618550696e-12	4.093749694e-12	3.939268573e-12	3.770092907e-12	4.085535820e-12	3.494438303e-12	3.524354891e-12	3.374922665e-12	3.276054748e-12	3.141241712e-12	3.260154496e-12	3.294743196e-12	3.443421855e-12	3.374018386e-12	3.606644346e-12	3.325262637e-12	3.617269633e-12	3.444702918e-12	3.440407589e-12	3.460678526e-12	2.995803388e-12	3.131068565e-12	3.255783811e-12	3.891793888e-12	3.514935310e-12	2.769205960e-12	3.168897600e-12	3.139056369e-12	2.746448253e-12	3.223380454e-12	2.770034883e-12	2.891961933e-12	2.798368981e-12	3.046216983e-12	3.041846298e-12	3.354953155e-12	2.922330660e-12	3.479593044e-12	3.194895642e-12	3.714630417e-12	3.266936594e-12	3.787123509e-12	3.756528711e-12	3.541762275e-12	3.394590749e-12	3.645302304e-12	3.517497436e-12	3.008237235e-12	3.608226836e-12	3.708451172e-12	3.936857161e-12	3.199492398e-12	3.566629968e-12	3.372059113e-12	3.918846923e-12	4.503086985e-12	5.190565650e-12	1.111522558e-10	1.329973181e-10	1.334349894e-10	1.805646172e-10	2.352982578e-10	1.835155080e-10	1.580790989e-10	1.439600519e-10	1.336080837e-10	1.258959340e-10	1.180544723e-10	1.132550076e-10	1.070733514e-10	1.034952672e-10	1.007843120e-10	9.712748008e-11	9.180926028e-11	8.786411388e-11	8.409326741e-11	8.146324517e-11	7.920699189e-11	7.623251443e-11	7.563493624e-11	7.208533688e-11	6.869112291e-11	6.780945018e-11	6.710049487e-11	6.726552592e-11	6.279514372e-11	6.238558036e-11	6.140481363e-11	5.975585954e-11	5.794918400e-11	5.673518846e-11	5.545495444e-11	5.341135760e-11	5.214619490e-11	5.155728273e-11	5.099625251e-11	4.963772293e-11	5.000621692e-11	4.892017697e-11	4.779691083e-11	4.803443497e-11	4.747709723e-11	4.712638741e-11	4.783127346e-11	4.847195565e-11	5.348181606e-11	6.384327928e-11	8.803773559e-11	1.064137547e-10	1.101263505e-10	1.059129344e-10	9.905118449e-11	9.248091405e-11	8.887645504e-11	8.320526472e-11	7.973516661e-11	7.285789319e-11	6.915765590e-11	6.753108273e-11	6.690366331e-11	6.528673580e-11	6.281420895e-11	6.222062466e-11	6.149252877e-11	5.992970732e-11	5.812958781e-11	5.766448660e-11	5.563663930e-11	5.433839504e-11	5.335348370e-11	5.345001556e-11	5.223104649e-11	5.065307836e-11	5.133656312e-11	5.035715281e-11	4.946832120e-11	5.139586880e-11	4.943169787e-11	4.857044678e-11	4.766548884e-11	4.656000687e-11	4.650092726e-11	4.616438449e-11	4.529514560e-11	4.511624893e-11	4.490720960e-11	4.446878464e-11	4.467352864e-11	4.657198858e-11	3.345006078e-12	3.608980402e-12	3.576577045e-12	3.111400481e-12	3.668888934e-12	3.318103756e-12	3.410264931e-12	3.778306781e-12	3.402277127e-12	2.974100675e-12	3.510639981e-12	3.459246750e-12	2.980656703e-12	3.537466947e-12	3.537994443e-12	2.821654184e-12	3.384492959e-12	2.893242996e-12	3.600465101e-12	3.069276117e-12	3.273266552e-12	3.618324626e-12	3.743341299e-12	3.110646914e-12	3.368818777e-12	3.810408712e-12	3.519607422e-12	3.398358582e-12	3.425562330e-12	3.334606861e-12	3.712972571e-12	3.247946720e-12	3.545982247e-12	3.884559650e-12	3.679589578e-12	3.348397127e-12	3.442969715e-12	3.535658387e-12	3.541385492e-12	3.645980514e-12	3.220969041e-12	3.847258111e-12	3.916812293e-12	4.125098058e-12	3.829323230e-12	3.831583929e-12	3.977399035e-12	3.232197181e-12	3.482381240e-12	3.358871700e-12	3.464371002e-12	3.375902302e-12	3.625257437e-12	3.808750866e-12	3.506118583e-12	3.759015481e-12	3.717569326e-12	3.449525743e-12	3.720885019e-12	3.431515505e-12	3.790815984e-12	3.411093854e-12	3.528198079e-12	3.425713043e-12	3.201150244e-12	3.291653573e-12	3.510866051e-12	3.107632648e-12	3.356987784e-12
1.581811318e-12	2.049550008e-12	1.850382397e-12	2.113226372e-12	1.674047850e-12	2.069896302e-12	2.120008470e-12	2.332062067e-12	2.106745701e-12	2.078788386e-12	2.206970037e-12	2.238695185e-12	2.264467157e-12	1.908859153e-12	2.166503520e-12	2.108780330e-12	1.905317391e-12	2.200866149e-12	1.641267710e-12	1.930561867e-12	1.972761587e-12	2.607415244e-12	2.304858318e-12	2.103656078e-12	1.715117221e-12	2.273886737e-12	2.614423412e-12	2.433039970e-12	2.388052053e-12	2.439746711e-12	2.383681368e-12	2.426257872e-12	2.001773895e-12	2.083159071e-12	1.946989615e-12	1.860028048e-12	2.064998120e-12	2.059195658e-12	2.255575073e-12	2.299432640e-12	2.599728867e-12	2.835519806e-12	2.757676393e-12	2.596789958e-12	2.634618993e-12	2.881562716e-12	2.734767973e-12	3.076811781e-12	3.244178888e-12	2.718490938e-12	3.102131613e-12	3.314335923e-12	3.275979391e-12	3.290749294e-12	2.874253121e-12	2.733260840e-12	2.300336920e-12	2.790531890e-12	2.120309897e-12	2.724594826e-12	2.007274930e-12	2.318497871e-12	2.331082430e-12	2.405986935e-12	2.452255914e-12	3.092259893e-12	2.415406515e-12	2.330027437e-12	2.370418599e-12	2.614423412e-12	3.004318689e-12	2.347434822e-12	2.284436668e-12	2.850741848e-12	2.773425932e-12	2.653910294e-12	2.192426205e-12	2.133949449e-12	2.376597843e-12	2.353689424e-12	2.388504193e-12	2.779228393e-12	2.769432029e-12	2.321361423e-12	2.666118070e-12	2.812837456e-12	2.675763721e-12	3.402955337e-12	3.196402775e-12	3.889683901e-12	6.262664626e-12	1.132278039e-10	1.455119467e-10	2.276414953e-10	2.032423703e-10	1.644778576e-10	1.463780959e-10	1.350987888e-10	1.249909007e-10	1.166810975e-10	1.109528622e-10	1.065545209e-10	1.000590796e-10	9.664022402e-11	9.340086796e-11	8.925775966e-11	8.576166351e-11	8.297482410e-11	8.044706083e-11	7.832878556e-11	7.589838307e-11	7.415922708e-11	7.234185089e-11	7.072221054e-11	6.784765599e-11	6.614331477e-11	6.504898559e-11	6.353122742e-11	6.198686835e-11	6.058093944e-11	5.894833775e-11	5.721355244e-11	5.596007002e-11	5.472934531e-11	5.400773008e-11	5.284264101e-11	5.200542869e-11	5.055843041e-11	4.886629697e-11	4.843013271e-11	4.685487742e-11	4.638073342e-11	4.537080367e-11	4.504880473e-11	4.431121390e-11	4.426878811e-11	4.385734083e-11	4.279096896e-11	4.297061920e-11	4.368085557e-11	4.730332481e-11	5.904735638e-11	7.937450971e-11	9.158266285e-11	8.840509923e-11	8.205306163e-11	7.590727516e-11	7.140049570e-11	6.862639155e-11	6.609953256e-11	6.504310777e-11	6.320968062e-11	6.173351931e-11	6.165288770e-11	5.994930005e-11	5.842732191e-11	5.798912302e-11	5.689170421e-11	5.591018392e-11	5.476340651e-11	5.395874827e-11	5.209947378e-11	5.169081470e-11	5.129609660e-11	5.041095746e-11	4.971699812e-11	4.904225473e-11	4.793956096e-11	4.763142764e-11	4.725901510e-11	4.637794522e-11	4.573462555e-11	4.482763298e-11	4.479960031e-11	4.501459281e-11	4.470186274e-11	4.535897268e-11	4.540825592e-11	4.549084681e-11	4.544299534e-11	4.561043780e-11	4.582633459e-11	4.589362807e-11	4.746044341e-11	4.764001830e-11	5.110529358e-11	5.177280273e-11	5.543732098e-11	5.893062893e-11	6.282468352e-11	6.966179185e-11	7.222241061e-11	7.253114678e-11	7.448446636e-11	7.319149706e-11	7.303739272e-11	7.238035814e-11	7.213258549e-11	7.024128444e-11	6.987392080e-11	6.802353840e-11	6.794102288e-11	6.630653726e-11	6.518447683e-11	6.319370501e-11	6.223901168e-11	6.002314956e-11	5.958359426e-11	5.880101551e-11	5.776003882e-11	5.678567741e-11	5.570634420e-11	5.592269313e-11	4.056425548e-11	3.621210785e-11	3.439540988e-11	3.221029327e-11	3.171000050e-11	1.926567965e-12	1.824610425e-12	2.212018933e-12	1.752644830e-12	1.703587654e-12	2.147513645e-12	1.994313588e-12	1.835537138e-12	2.104786428e-12	2.194762261e-12	1.573296017e-12	2.288279856e-12	2.009761700e-12	2.543588167e-12	2.346304472e-12	2.227768471e-12	2.470190795e-12	2.305385815e-12	2.056558176e-12	1.894616747e-12	2.003431742e-12	2.553384531e-12	2.138470848e-12	2.472150068e-12	1.957690259e-12	1.715569361e-12	2.319326794e-12	1.834858929e-12	1.973515154e-12	1.600122982e-12	2.209306093e-12	1.911873419e-12	2.254369367e-12
2.194084051e-12	2.519172614e-12	2.397773060e-12	2.651951021e-12	2.735747609e-12	2.324526402e-12	2.288731996e-12	2.445624529e-12	2.243518010e-12	2.675613007e-12	2.650820672e-12	2.673578378e-12	2.933935584e-12	2.740796505e-12	3.043353431e-12	3.337997910e-12	2.645847133e-12	2.832882324e-12	2.883220562e-12	2.244422290e-12	2.458811942e-12	2.734994043e-12	2.653006014e-12	2.726855525e-12	2.592343916e-12	2.641476448e-12	2.479308949e-12	2.305988668e-12	2.855640030e-12	2.437862795e-12	2.455119467e-12	3.194292789e-12	3.084121375e-12	2.794149009e-12	2.862723555e-12	2.538313202e-12	2.928886688e-12	2.955035444e-12	2.842754044e-12	2.882919136e-12	2.959858269e-12	3.278240091e-12	3.066713991e-12	2.909746101e-12	2.648409259e-12	3.007257598e-12	3.321645518e-12	3.445155058e-12	2.437109229e-12	2.549692055e-12	2.447433089e-12	2.397245564e-12	2.370192529e-12	2.857599303e-12	2.425956445e-12	2.468683663e-12	2.532284670e-12	2.624144420e-12	2.764985987e-12	3.197834551e-12	2.700254630e-12	2.814495303e-12	3.149907726e-12	2.666118070e-12	2.513144083e-12	2.689101847e-12	2.836725513e-12	2.731602994e-12	2.403801592e-12	2.940943752e-12	2.863778548e-12	2.819016701e-12	2.729493008e-12	2.762499218e-12	2.835143023e-12	2.324752472e-12	2.375844277e-12	2.237338765e-12	3.008463305e-12	2.488201033e-12	2.521584027e-12	2.760389232e-12	2.971011053e-12	2.732205847e-12	2.671995889e-12	2.431080697e-12	2.456099103e-12	2.910424311e-12	3.441010442e-12	3.989682168e-12	4.305803291e-12	2.056867138e-11	2.036150843e-10	2.587129989e-10	1.946110957e-10	1.714888890e-10	1.566863574e-10	1.471642164e-10	1.374657410e-10	1.254595437e-10	1.240984519e-10	1.186682522e-10	1.092886860e-10	1.061482732e-10	1.017831643e-10	9.749604943e-11	9.450559636e-11	9.509541282e-11	9.248814828e-11	9.018675637e-11	8.737022644e-11	8.542090077e-11	8.370141286e-11	8.180958431e-11	7.520027912e-11	7.740009028e-11	7.568859018e-11	7.370618294e-11	7.192090868e-11	6.993337719e-11	6.872390305e-11	6.778774746e-11	6.577444400e-11	6.243086970e-11	6.343281164e-11	6.201957313e-11	6.089525200e-11	5.782281091e-11	5.687738645e-11	5.550408697e-11	5.484381205e-11	5.422927862e-11	5.309388006e-11	5.234558858e-11	5.190565650e-11	5.114282119e-11	4.933652243e-11	4.923132455e-11	5.107567842e-11	4.899289613e-11	4.878144539e-11	5.033205905e-11	5.071132904e-11	5.978916718e-11	8.957312722e-11	1.110812699e-10	1.067966418e-10	9.415413297e-11	9.349069308e-11	8.800796972e-11	8.038963906e-11	7.616959163e-11	7.410572386e-11	7.261908799e-11	6.971439078e-11	6.906489187e-11	6.767712391e-11	6.675588893e-11	6.586630375e-11	6.472125954e-11	6.547557955e-11	6.211700928e-11	6.172425045e-11	6.003347342e-11	5.869431050e-11	5.803177488e-11	5.743834131e-11	5.680240659e-11	5.629729100e-11	5.577680266e-11	5.383124482e-11	5.416861652e-11	5.254068694e-11	5.201756111e-11	5.406485042e-11	5.176255423e-11	5.198252027e-11	5.265289298e-11	5.417336399e-11	5.210165913e-11	5.641710807e-11	5.773939110e-11	6.085418263e-11	6.544347762e-11	7.337318193e-11	8.100477535e-11	8.622631258e-11	8.953997029e-11	8.876673577e-11	9.359287669e-11	9.307449833e-11	9.262446845e-11	9.196389211e-11	9.067446457e-11	8.843456368e-11	8.673632635e-11	8.541773579e-11	8.436538025e-11	8.265222231e-11	8.100560427e-11	8.051653965e-11	7.827272022e-11	7.808764430e-11	7.578881451e-11	7.488543906e-11	7.330340167e-11	7.201555663e-11	7.064489463e-11	6.966804645e-11	7.014505400e-11	6.749589118e-11	6.665777458e-11	6.744118226e-11	5.643587187e-11	5.737436352e-11	4.460465267e-11	5.240451748e-11	4.004346571e-11	2.663857371e-12	2.601311356e-12	2.326937815e-12	2.615176979e-12	2.585109678e-12	2.959180059e-12	2.494907775e-12	2.488427103e-12	2.475767187e-12	2.953528311e-12	2.694376812e-12	3.139357796e-12	2.971312479e-12	2.583225762e-12	3.228956846e-12	2.926399919e-12	2.806582855e-12	2.738761875e-12	2.686313651e-12	3.471982023e-12	3.043956284e-12	2.915171779e-12	3.003941906e-12	2.786085848e-12	3.238602496e-12	2.863929261e-12	3.113058327e-12	3.013738270e-12	3.003565123e-12	3.262339839e-12	3.148702019e-12	3.167917964e-12	3.620962108e-12
3.563917129e-12	3.354274945e-12	3.033255641e-12	2.813515666e-12	3.622996738e-12	3.214337657e-12	3.746506278e-12	3.337696483e-12	3.345985714e-12	3.002510130e-12	2.893016926e-12	3.124361823e-12	3.388788288e-12	3.010573291e-12	3.290071084e-12	3.409360652e-12	3.169726523e-12	3.834372125e-12	3.439503309e-12	3.485395506e-12	3.134459614e-12	3.062192592e-12	3.352466385e-12	3.537994443e-12	3.619756402e-12	3.253899895e-12	4.119747736e-12	3.786972795e-12	3.764365802e-12	3.437845463e-12	3.707320823e-12	3.753589802e-12	3.512674611e-12	3.618324626e-12	3.341464315e-12	3.456986051e-12	3.099117348e-12	3.533397688e-12	3.618023199e-12	3.375902302e-12	3.316219839e-12	3.057746550e-12	2.939059835e-12	3.565574975e-12	3.488861911e-12	3.388712931e-12	3.076962494e-12	3.244555671e-12	2.803719303e-12	3.354199588e-12	3.464069575e-12	3.761879033e-12	3.491800820e-12	3.660298277e-12	3.039887025e-12	3.630230976e-12	3.259174860e-12	3.479216261e-12	3.440633659e-12	2.876137038e-12	3.185249992e-12	3.283288986e-12	3.132274271e-12	3.427521603e-12	3.263168762e-12	3.540707282e-12	3.765571509e-12	3.350205686e-12	3.101604117e-12	3.439201883e-12	3.688933801e-12	3.671903200e-12	3.372285183e-12	3.645453018e-12	3.668813577e-12	3.518326359e-12	3.599786891e-12	3.381101910e-12	3.566479255e-12	3.882675734e-12	3.887950699e-12	3.846655258e-12	3.919751203e-12	3.998800322e-12	3.548845800e-12	3.936932517e-12	3.773860739e-12	3.830981076e-12	3.994429637e-12	4.605119881e-12	4.722299463e-12	7.295352078e-12	1.468896922e-10	2.302436356e-10	1.932089346e-10	1.738615683e-10	1.603428878e-10	1.523758820e-10	1.430942041e-10	1.356634361e-10	1.292999443e-10	1.241359042e-10	1.192751746e-10	1.158756103e-10	1.108814994e-10	1.077627893e-10	1.039939775e-10	1.015641779e-10	9.875194326e-11	9.619675017e-11	9.414848122e-11	9.125644394e-11	8.954343670e-11	8.658485949e-11	8.469325701e-11	8.339124491e-11	8.204055242e-11	7.945694988e-11	7.822155306e-11	7.611126559e-11	7.475853847e-11	7.325344022e-11	7.175271265e-11	7.030330296e-11	6.866542630e-11	6.759310125e-11	6.601000887e-11	6.494732947e-11	6.397545483e-11	6.316642590e-11	6.218204206e-11	6.148597274e-11	5.946927823e-11	5.899852527e-11	5.840109780e-11	5.764451709e-11	5.684626416e-11	5.608418241e-11	5.517523057e-11	5.510326498e-11	5.528668305e-11	5.479837200e-11	5.640550315e-11	5.783042193e-11	6.578559678e-11	8.740225301e-11	1.149100656e-10	1.244848808e-10	1.179990852e-10	1.086899021e-10	1.009292981e-10	9.525607318e-11	9.022963430e-11	8.620144489e-11	8.454781869e-11	8.141057088e-11	7.889350825e-11	7.740626952e-11	7.591066621e-11	7.431257785e-11	7.275525744e-11	7.096870212e-11	6.882638809e-11	6.822722741e-11	6.698595277e-11	6.585876808e-11	6.491040472e-11	6.368020750e-11	6.302769432e-11	6.251082310e-11	6.203080127e-11	6.089080596e-11	6.065282968e-11	6.054039757e-11	5.998660159e-11	6.036270660e-11	6.021809720e-11	6.018132316e-11	6.025306268e-11	6.021500758e-11	7.903525410e-11	9.029157746e-11	9.725686744e-11	1.094470103e-10	1.202295665e-10	1.133491281e-10	1.102453386e-10	1.198307038e-10	1.117587261e-10	1.102283834e-10	1.096930498e-10	1.076370191e-10	1.062863266e-10	1.030007769e-10	1.022588154e-10	9.912269795e-11	9.878683339e-11	9.666328315e-11	9.425458338e-11	9.293825352e-11	9.231075874e-11	9.046776130e-11	8.943025102e-11	8.815521660e-11	8.655758039e-11	8.429567536e-11	8.358039009e-11	8.227528837e-11	8.101856562e-11	8.019574642e-11	7.963456549e-11	7.881016380e-11	7.714078806e-11	7.643477167e-11	3.791494194e-12	4.074383036e-12	4.299096549e-12	3.819150083e-12	3.811237635e-12	3.931205412e-12	3.786972795e-12	3.915455874e-12	3.507851786e-12	3.433324064e-12	3.994731063e-12	3.769791481e-12	3.740628459e-12	3.907242000e-12	4.103847484e-12	4.131352659e-12	4.122159149e-12	4.054036742e-12	3.996539623e-12	4.078075512e-12	3.754946222e-12	3.696394109e-12	3.294893909e-12	3.978001888e-12	3.481853743e-12	3.833919985e-12	3.909502699e-12	3.542289772e-12	4.002266728e-12	3.740100963e-12	3.616968206e-12	3.232197181e-12	3.488485128e-12	3.506495366e-12	3.416745603e-12	3.458794610e-12	3.486977995e-12
3.967376602e-12	3.970315511e-12	4.060818840e-12	3.749369830e-12	3.578837744e-12	3.897520992e-12	3.992395007e-12	3.692324850e-12	4.128715177e-12	4.046501078e-12	4.562543377e-12	4.553726650e-12	4.780625505e-12	4.589671769e-12	4.643250343e-12	4.562618734e-12	4.605647378e-12	4.697657840e-12	4.388921669e-12	5.113400446e-12	4.464881166e-12	4.526146118e-12	4.293444801e-12	4.190733695e-12	4.317031431e-12	4.637221812e-12	4.171140967e-12	3.633923451e-12	3.672430696e-12	4.364355403e-12	4.181163401e-12	3.976268686e-12	3.802119481e-12	3.748842334e-12	3.791569551e-12	3.994429637e-12	3.988702532e-12	4.121179512e-12	3.480045184e-12	4.014474504e-12	4.281915234e-12	4.067224155e-12	3.961950923e-12	3.768811844e-12	4.053659959e-12	3.960067007e-12	4.092619344e-12	4.462771180e-12	4.800368946e-12	4.573545447e-12	4.412282229e-12	4.353127263e-12	4.401732299e-12	4.093448267e-12	4.083727260e-12	4.364506116e-12	4.429463544e-12	4.324717808e-12	4.349434787e-12	4.093674337e-12	4.079959428e-12	4.135346561e-12	4.757566372e-12	4.292314451e-12	4.700973532e-12	4.513561558e-12	4.328410284e-12	4.484172467e-12	4.896825451e-12	4.499620579e-12	4.254862199e-12	4.240243010e-12	4.494420971e-12	4.375960326e-12	4.584999657e-12	4.604290958e-12	4.764649897e-12	4.597584217e-12	4.491482062e-12	4.331349193e-12	4.800670373e-12	4.407610117e-12	4.620266567e-12	4.637900021e-12	4.468875068e-12	4.951986514e-12	4.959748249e-12	4.925762402e-12	5.666066074e-12	5.706005096e-12	6.440581663e-12	8.077629401e-12	2.561349728e-11	2.245319034e-10	1.905452279e-10	1.728558586e-10	1.608238139e-10	1.519828217e-10	1.432975163e-10	1.369300306e-10	1.305210987e-10	1.255660980e-10	1.207610569e-10	1.174301425e-10	1.124177953e-10	1.086357207e-10	1.051523598e-10	1.024005613e-10	9.964800912e-11	9.693396422e-11	9.530128717e-11	9.324427685e-11	9.043792007e-11	8.944841197e-11	8.805951366e-11	8.540680908e-11	8.227498694e-11	8.016115772e-11	7.909109337e-11	7.770543540e-11	7.591277619e-11	7.475092745e-11	7.296218679e-11	7.164450051e-11	7.044949485e-11	6.896218076e-11	6.839052526e-11	6.650088205e-11	6.530753423e-11	6.381155413e-11	6.307742971e-11	6.241579837e-11	6.173841750e-11	6.112328121e-11	6.027484075e-11	5.953476315e-11	5.889973271e-11	5.843696756e-11	5.783057264e-11	5.699644995e-11	5.688657996e-11	5.695183882e-11	5.694656385e-11	5.738521488e-11	6.033467393e-11	6.768978382e-11	9.058682480e-11	1.165162171e-10	1.288325824e-10	1.240627329e-10	1.145995209e-10	1.062035097e-10	9.947830595e-11	9.486256078e-11	9.021079514e-11	8.659269658e-11	8.357210086e-11	8.133544031e-11	7.893631083e-11	7.728795959e-11	7.601993334e-11	7.429479368e-11	7.306022578e-11	7.150380966e-11	6.984068852e-11	6.857349119e-11	6.712845218e-11	6.694993229e-11	6.609840221e-11	6.543714766e-11	6.479397870e-11	6.381328734e-11	6.428245780e-11	6.435284091e-11	6.490430083e-11	6.618144523e-11	6.945817819e-11	7.974127050e-11	8.861112430e-11	9.785052708e-11	1.069934734e-10	1.162230044e-10	1.242801368e-10	1.185069890e-10	1.412140558e-10	1.248116272e-10	1.237892636e-10	1.222878579e-10	1.182851390e-10	1.177098664e-10	1.101304951e-10	1.155112609e-10	1.128740044e-10	1.091026305e-10	1.054510736e-10	1.020062199e-10	9.993602221e-11	1.004578670e-10	1.015521962e-10	9.689711482e-11	9.597964768e-11	9.372610723e-11	9.181182240e-11	9.169494425e-11	8.933982305e-11	8.871730181e-11	8.763322113e-11	8.617642648e-11	8.464826910e-11	8.384662512e-11	8.255991042e-11	8.184854370e-11	8.067757680e-11	3.746129494e-12	3.420739505e-12	3.957957021e-12	4.104450337e-12	3.827288600e-12	3.971898000e-12	4.229994507e-12	3.823219341e-12	3.763084739e-12	3.793227397e-12	4.139189750e-12	3.978077245e-12	3.962252350e-12	4.076869806e-12	4.067299512e-12	3.970918364e-12	4.257650395e-12	4.169407765e-12	4.089379009e-12	4.106108184e-12	4.300377612e-12	4.291937668e-12	4.174833443e-12	3.565801045e-12	4.730965477e-12	4.513034062e-12	4.217409947e-12	4.153055373e-12	3.784335313e-12	4.075287316e-12	4.072875903e-12	4.040849330e-12	3.983879707e-12	4.322457109e-12	4.299548689e-12	4.285456997e-12	4.238961947e-12	4.228713444e-12
4.018016266e-12	4.171140967e-12	4.635865392e-12	4.488467796e-12	4.983485591e-12	5.142111327e-12	4.770904498e-12	5.155374097e-12	4.844678653e-12	4.956206486e-12	5.087553117e-12	4.808884247e-12	4.764047044e-12	4.779495156e-12	4.604290958e-12	4.804890345e-12	4.253807206e-12	4.827874121e-12	4.557569839e-12	4.889515856e-12	5.083107075e-12	4.946862262e-12	4.424866788e-12	4.489824216e-12	4.336850228e-12	4.333082396e-12	4.722902316e-12	4.858694989e-12	4.644079266e-12	4.685073281e-12	4.737521505e-12	4.198796856e-12	4.039492910e-12	4.661938791e-12	4.654629196e-12	4.480555348e-12	4.725012302e-12	4.801951436e-12	4.660054875e-12	4.569777615e-12	5.005941871e-12	4.533832496e-12	4.451241614e-12	4.457646929e-12	5.036536669e-12	4.607908077e-12	4.824332359e-12	5.141960614e-12	4.536394622e-12	4.411453306e-12	4.412432942e-12	4.989061983e-12	4.810768163e-12	4.682586511e-12	4.385530620e-12	4.428785334e-12	5.337812532e-12	4.997803354e-12	5.158011579e-12	4.932695213e-12	4.732623323e-12	4.655608833e-12	5.008805424e-12	5.057711886e-12	4.946259409e-12	4.454029810e-12	4.658020245e-12	4.179204128e-12	4.403314788e-12	4.678743322e-12	4.401883012e-12	4.202263261e-12	4.444007376e-12	4.467895432e-12	4.636920385e-12	4.721621253e-12	4.290204465e-12	3.993374644e-12	4.602482399e-12	4.754853533e-12	4.770150932e-12	4.712503099e-12	5.166979020e-12	4.907902877e-12	5.269011916e-12	4.892982262e-12	5.292297119e-12	5.160347635e-12	5.937199280e-12	5.331557931e-12	6.268165661e-12	8.126611219e-12	1.725599330e-11	2.137888341e-10	1.864766474e-10	1.710225821e-10	1.591068881e-10	1.506355203e-10	1.422529225e-10	1.358262065e-10	1.290916585e-10	1.234258939e-10	1.192035858e-10	1.169174913e-10	1.116079375e-10	1.082942798e-10	1.047271223e-10	1.021352305e-10	9.959691731e-11	9.710924377e-11	9.465932392e-11	9.256727276e-11	8.965277919e-11	8.715146610e-11	8.591320572e-11	8.412416364e-11	8.242306275e-11	8.042159028e-11	7.898589550e-11	7.775080010e-11	7.632761452e-11	7.495755537e-11	7.323271714e-11	7.249972306e-11	7.083253267e-11	6.938711688e-11	6.835247015e-11	6.708120357e-11	6.588981502e-11	6.487732315e-11	6.389203503e-11	6.267766271e-11	6.199998041e-11	6.158808099e-11	6.066420853e-11	6.002058744e-11	5.909927710e-11	5.881864896e-11	5.799025337e-11	5.745785868e-11	5.712613873e-11	5.696118304e-11	5.676171400e-11	5.683074069e-11	5.780849315e-11	5.914524466e-11	6.523805541e-11	7.996967649e-11	1.055796320e-10	1.229597377e-10	1.254118429e-10	1.180886842e-10	1.096406769e-10	1.025712441e-10	9.650367778e-11	9.271135466e-11	8.896786265e-11	8.579851291e-11	8.255719758e-11	8.038881014e-11	7.908122165e-11	7.701268177e-11	7.595068058e-11	7.413744901e-11	7.275510673e-11	7.206845699e-11	7.033065742e-11	6.969781232e-11	6.899857802e-11	6.859112465e-11	6.850649913e-11	6.837688571e-11	6.851606943e-11	7.639543550e-11	8.140966660e-11	8.701680378e-11	9.755565653e-11	1.155412529e-10	1.280462358e-10	1.408200913e-10	1.344773979e-10	1.402115864e-10	1.488496431e-10	1.461172866e-10	1.261932913e-10	1.320497083e-10	1.267233499e-10	1.175064788e-10	1.223990089e-10	1.183015667e-10	1.152211378e-10	1.141234930e-10	1.163860762e-10	1.116993451e-10	1.093900407e-10	1.082502715e-10	1.047516886e-10	1.063959705e-10	1.011333639e-10	9.780990985e-11	9.890077263e-11	9.770207449e-11	9.686388254e-11	9.413333454e-11	9.240194028e-11	9.141484360e-11	8.923123412e-11	8.833366113e-11	8.700436993e-11	8.547387649e-11	8.483168717e-11	8.386915675e-11	8.300240463e-11	8.191417933e-11	4.504594118e-12	4.413563292e-12	4.364129333e-12	4.557645195e-12	4.318086424e-12	4.676030483e-12	4.401581585e-12	3.923292965e-12	4.409795459e-12	4.326074228e-12	4.500223432e-12	4.408514397e-12	3.982297217e-12	3.828569663e-12	4.161118534e-12	4.001588518e-12	4.003171008e-12	4.506251964e-12	3.938665720e-12	4.031806532e-12	3.856828405e-12	4.412583655e-12	4.339864494e-12	4.521398649e-12	4.141224380e-12	4.256293975e-12	4.490954565e-12	4.287642339e-12	4.065038812e-12	4.179656268e-12	4.203695038e-12	4.393895208e-12	4.457722285e-12	4.194350814e-12	4.337528438e-12	4.435266005e-12	3.917415147e-12
4.720867687e-12	4.759073505e-12	4.203393611e-12	4.472944327e-12	4.121631652e-12	3.911311258e-12	3.718398249e-12	4.036026504e-12	3.947783874e-12	4.286210563e-12	3.825404684e-12	4.543930286e-12	4.077020519e-12	4.254183989e-12	4.105731400e-12	3.883127873e-12	3.556381464e-12	4.628103658e-12	4.293369444e-12	4.014399148e-12	4.123289498e-12	3.850272377e-12	3.834974978e-12	3.916134084e-12	4.096688603e-12	3.960895930e-12	3.680870641e-12	3.693153774e-12	3.926684014e-12	3.818471873e-12	4.196460800e-12	3.801893411e-12	4.346119095e-12	4.115150981e-12	4.050570337e-12	4.077548015e-12	3.688933801e-12	3.950722783e-12	3.738292403e-12	3.621338892e-12	4.204147178e-12	4.411905445e-12	4.280106675e-12	3.784109243e-12	3.996690336e-12	3.806264096e-12	3.856376265e-12	4.044391092e-12	4.094503260e-12	3.894054587e-12	4.162324240e-12	3.929848993e-12	3.722467508e-12	3.851779509e-12	4.297061920e-12	4.163379233e-12	3.882901804e-12	3.883052517e-12	3.483360876e-12	3.639123060e-12	3.957881664e-12	3.407552092e-12	3.756905494e-12	3.935877524e-12	3.714253634e-12	3.619605689e-12	4.140998310e-12	4.322381752e-12	4.434286369e-12	4.386660970e-12	4.137381191e-12	4.297137276e-12	4.367143599e-12	3.795864880e-12	4.142882226e-12	4.183047317e-12	4.596906007e-12	4.537901755e-12	4.582814314e-12	4.580402902e-12	4.817474904e-12	4.563146230e-12	4.598940636e-12	4.419817893e-12	4.912876416e-12	4.437149921e-12	4.633378623e-12	4.564050510e-12	4.876102374e-12	5.494629709e-12	6.562056573e-12	7.703709732e-12	1.386712966e-11	2.121997132e-10	1.875814511e-10	1.701268177e-10	1.595013048e-10	1.486552984e-10	1.412843636e-10	1.343884017e-10	1.288559430e-10	1.229874689e-10	1.198445694e-10	1.161018309e-10	1.116257970e-10	1.079388978e-10	1.048565096e-10	1.020161670e-10	9.935035037e-11	9.699839415e-11	9.539616118e-11	9.284179701e-11	8.969814389e-11	8.752244686e-11	8.587778810e-11	8.435859816e-11	8.268100854e-11	8.083514754e-11	7.875952414e-11	7.751742057e-11	7.582061502e-11	7.457210614e-11	7.325577628e-11	7.219166510e-11	7.099274089e-11	6.959020303e-11	6.776679831e-11	6.715686164e-11	6.567972070e-11	6.471214139e-11	6.369083279e-11	6.257532839e-11	6.183035260e-11	6.098590605e-11	6.023866956e-11	5.993897619e-11	5.968321574e-11	5.896303229e-11	5.826869617e-11	5.803433701e-11	5.754632738e-11	5.691800368e-11	5.584620613e-11	5.554071030e-11	5.566964551e-11	5.582457878e-11	5.705914668e-11	5.874246339e-11	6.627963494e-11	8.433199726e-11	1.088100206e-10	1.226710464e-10	1.221490509e-10	1.151597975e-10	1.073884929e-10	1.007338984e-10	9.536209998e-11	9.168597681e-11	8.811324295e-11	8.486024734e-11	8.219978101e-11	8.039672259e-11	7.941331838e-11	7.867806361e-11	7.743739182e-11	7.460089237e-11	7.361402176e-11	7.383240532e-11	7.409999676e-11	7.442719531e-11	7.558060410e-11	7.750543887e-11	9.812414706e-11	1.060072056e-10	1.206107957e-10	1.489931976e-10	1.622315514e-10	1.641875838e-10	1.562051298e-10	1.565388090e-10	1.437605829e-10	1.412118705e-10	1.410020776e-10	1.351522920e-10	1.395050425e-10	1.318493349e-10	1.300312052e-10	1.277601820e-10	1.239952887e-10	1.211302291e-10	1.200735029e-10	1.174999981e-10	1.149069006e-10	1.133704540e-10	1.120447046e-10	1.104656815e-10	1.088170288e-10	1.052455760e-10	1.038109362e-10	1.032695741e-10	1.013139184e-10	9.855835204e-11	9.771420691e-11	9.685725116e-11	9.462729734e-11	9.306515411e-11	9.118304656e-11	8.998419771e-11	8.886763832e-11	8.714694470e-11	8.645313608e-11	8.550793769e-11	8.423373220e-11	8.363050226e-11	8.252185531e-11	3.941981413e-12	4.371891067e-12	4.615669811e-12	4.878137003e-12	4.415597921e-12	4.947917255e-12	4.872334541e-12	4.862688891e-12	4.347174088e-12	4.292013025e-12	4.491482062e-12	4.157652128e-12	3.737011340e-12	3.898425272e-12	4.459756915e-12	4.466162229e-12	4.251395793e-12	4.235194115e-12	3.790213131e-12	4.307461137e-12	4.650786007e-12	4.065189526e-12	4.145368995e-12	4.220198143e-12	4.326224941e-12	4.425017502e-12	4.071820910e-12	3.996991763e-12	3.885388573e-12	4.381988858e-12	4.092393274e-12	3.995333917e-12	4.050193554e-12	4.650786007e-12	4.138436184e-12	4.389223096e-12
5.160649062e-12	4.617704441e-12	4.718456274e-12	5.072481788e-12	4.893283688e-12	4.878589143e-12	5.189962796e-12	4.817399548e-12	4.895845814e-12	4.749804638e-12	5.434495107e-12	5.021992837e-12	5.034577396e-12	5.330578294e-12	5.381519386e-12	5.550318269e-12	5.489279387e-12	4.967133200e-12	5.103830152e-12	5.323796196e-12	5.529369122e-12	5.064644697e-12	5.032015270e-12	5.654461151e-12	4.860051408e-12	4.922898850e-12	5.334195413e-12	5.061027578e-12	4.763670260e-12	5.597491528e-12	4.676708693e-12	4.751085701e-12	4.618834790e-12	4.723354456e-12	5.087402404e-12	4.445966649e-12	4.873841674e-12	4.591631042e-12	4.264507850e-12	4.908581087e-12	4.772939128e-12	5.455444254e-12	5.081449229e-12	4.833375156e-12	5.254769510e-12	5.056129396e-12	4.445740579e-12	4.951006878e-12	4.720566260e-12	4.586130007e-12	4.383495991e-12	4.998933703e-12	5.075345341e-12	4.938723745e-12	4.898483297e-12	4.796902540e-12	4.699767826e-12	4.787106177e-12	4.768342372e-12	4.749051071e-12	4.867059576e-12	4.948520109e-12	5.086573481e-12	4.994261592e-12	5.219804028e-12	5.419197708e-12	5.118750768e-12	4.881528052e-12	5.005941871e-12	5.125608222e-12	4.802780359e-12	4.882356975e-12	5.069241452e-12	4.928098458e-12	5.107824054e-12	5.133445313e-12	5.330427581e-12	5.857245880e-12	4.769020582e-12	5.149496279e-12	5.372702659e-12	4.673845141e-12	4.800745729e-12	4.854701087e-12	4.964118934e-12	5.101343383e-12	5.369160896e-12	5.270669762e-12	5.980453994e-12	6.397854446e-12	7.380731155e-12	8.942572962e-12	1.364166258e-11	2.083624022e-10	1.838098511e-10	1.673702717e-10	1.558636889e-10	1.466944431e-10	1.387606696e-10	1.320289852e-10	1.256261572e-10	1.198852620e-10	1.174985663e-10	1.143072878e-10	1.100485824e-10	1.068105828e-10	1.033452321e-10	9.987151692e-11	9.777238224e-11	9.509119284e-11	9.333349912e-11	9.183977972e-11	8.884307205e-11	8.644778576e-11	8.433975899e-11	8.315432363e-11	8.195886582e-11	8.172375309e-11	7.814137359e-11	7.610779919e-11	7.471068700e-11	7.335095172e-11	7.179649486e-11	7.075129821e-11	6.925674988e-11	6.845909980e-11	6.735060357e-11	6.650781486e-11	6.506797546e-11	6.391162776e-11	6.362836213e-11	6.233659854e-11	6.184949319e-11	6.092660037e-11	6.038380646e-11	5.915767850e-11	5.869348157e-11	5.856635492e-11	5.716200850e-11	5.644762751e-11	5.672237783e-11	5.647151557e-11	5.543355315e-11	5.545879762e-11	5.507025877e-11	5.539896445e-11	5.564937458e-11	5.716833845e-11	6.169388172e-11	7.164329480e-11	9.216682755e-11	1.106108937e-10	1.168713730e-10	1.144540826e-10	1.088172549e-10	1.018831625e-10	9.691150794e-11	9.296538191e-11	8.941005544e-11	8.569941892e-11	8.380879608e-11	8.188200205e-11	8.073703319e-11	7.921256828e-11	7.785833403e-11	7.705616255e-11	7.484602754e-11	7.505634793e-11	7.624509899e-11	8.000260734e-11	8.485210882e-11	8.817533683e-11	1.126087491e-10	1.360760138e-10	1.590129937e-10	1.703895863e-10	1.658284747e-10	1.681214267e-10	1.510847966e-10	1.512532187e-10	1.451668132e-10	1.402183685e-10	1.343856135e-10	1.338985082e-10	1.301362523e-10	1.280261156e-10	1.243318315e-10	1.221009734e-10	1.203389090e-10	1.185837020e-10	1.159255717e-10	1.145756328e-10	1.129157520e-10	1.117976855e-10	1.093002156e-10	1.082291716e-10	1.057362985e-10	1.040806376e-10	1.026750102e-10	1.008774528e-10	1.000272791e-10	9.858970040e-11	9.715475919e-11	9.633126178e-11	9.440356346e-11	9.314661464e-11	9.135161938e-11	9.030702558e-11	8.935421617e-11	8.816689688e-11	8.626444304e-11	8.581705065e-11	8.582805272e-11	8.426606020e-11	8.325884329e-11	8.042565954e-11	2.916626162e-11	4.606551657e-12	4.883110541e-12	4.545286706e-12	4.995467298e-12	4.921617787e-12	4.940155521e-12	5.032467410e-12	4.869546345e-12	4.635488609e-12	4.667213756e-12	4.385605977e-12	4.685600777e-12	4.978436696e-12	4.220047429e-12	4.597885643e-12	4.732924750e-12	4.958768612e-12	5.340751441e-12	5.202245929e-12	5.583550549e-12	5.650542606e-12	5.506686772e-12	5.020937844e-12	4.885974094e-12	4.688615043e-12	5.101418740e-12	5.110536893e-12	4.796299687e-12	4.996823717e-12	5.008428641e-12	5.464110268e-12	5.334798266e-12	5.224551496e-12	5.188983160e-12
5.331105791e-12	5.075420697e-12	5.349040672e-12	4.975347074e-12	4.618081224e-12	4.975573144e-12	5.386342211e-12	4.899387577e-12	4.896825451e-12	4.719285197e-12	5.025534599e-12	4.408439040e-12	4.278674899e-12	4.599844916e-12	4.704666008e-12	4.215526031e-12	4.261418227e-12	4.287491626e-12	4.646038539e-12	4.213114618e-12	4.396381977e-12	4.367671095e-12	3.946201385e-12	4.385455263e-12	4.492612411e-12	4.582738958e-12	4.775802680e-12	4.458927991e-12	4.909334654e-12	4.934202346e-12	4.745132526e-12	4.451467684e-12	4.660356301e-12	4.480027852e-12	4.746941085e-12	4.919658514e-12	4.836163352e-12	5.025233172e-12	4.386811683e-12	4.306632214e-12	4.692684302e-12	4.962385731e-12	4.756511379e-12	4.916192108e-12	3.980111874e-12	4.166167429e-12	3.930527203e-12	3.820807929e-12	4.102264995e-12	3.829926083e-12	3.745375928e-12	3.721563228e-12	3.964588406e-12	4.629007937e-12	4.243709416e-12	4.192542254e-12	4.011686308e-12	4.287943766e-12	3.857657328e-12	4.399396243e-12	4.067751652e-12	3.726838193e-12	4.200303989e-12	4.205352884e-12	4.407459403e-12	4.398642676e-12	4.167222422e-12	4.176717359e-12	4.081994057e-12	4.313791095e-12	4.182519821e-12	4.533380356e-12	4.688464330e-12	4.633755406e-12	5.104282292e-12	4.703987798e-12	4.461942257e-12	4.434286369e-12	4.285456997e-12	4.348304438e-12	4.725313729e-12	4.529235740e-12	4.135949415e-12	4.504368048e-12	4.834128723e-12	4.933448780e-12	4.304748298e-12	4.795093981e-12	5.102775159e-12	5.643534438e-12	6.087460428e-12	7.821642880e-12	1.869854554e-11	8.765620490e-11	1.867146990e-10	1.711156476e-10	1.583555070e-10	1.492983920e-10	1.409036618e-10	1.344395689e-10	1.282364360e-10	1.227040526e-10	1.196268640e-10	1.160915071e-10	1.123459804e-10	1.092517613e-10	1.055846809e-10	1.029112532e-10	1.009656200e-10	9.824449162e-11	9.577294440e-11	9.388978187e-11	9.040702384e-11	8.811949755e-11	8.595563152e-11	8.460802865e-11	8.316329107e-11	8.165615818e-11	8.012091727e-11	7.783670667e-11	7.666325301e-11	7.502605456e-11	7.313151317e-11	7.259263781e-11	7.110517301e-11	6.979562525e-11	6.817334741e-11	6.727034874e-11	6.657661548e-11	6.521130380e-11	6.343371592e-11	6.349000733e-11	6.246560911e-11	6.165906695e-11	6.058078873e-11	6.021741899e-11	5.925745070e-11	5.868466485e-11	5.813870596e-11	5.865391934e-11	5.785988638e-11	5.623014823e-11	5.636292664e-11	5.561697122e-11	5.565284098e-11	5.503634828e-11	5.718167658e-11	5.579601861e-11	5.749591379e-11	6.175703059e-11	6.993284969e-11	8.448135413e-11	9.935027501e-11	1.081628578e-10	1.084422802e-10	1.055375830e-10	1.012947025e-10	9.707201759e-11	9.227300506e-11	8.922565773e-11	8.682313720e-11	8.655027079e-11	8.375084682e-11	8.278047931e-11	8.257181677e-11	8.159715393e-11	8.220467920e-11	9.385873493e-11	1.105593498e-10	1.285026710e-10	1.406464696e-10	1.578999761e-10	1.643276718e-10	1.658725584e-10	1.654851498e-10	1.559363327e-10	1.504618986e-10	1.447660666e-10	1.399721783e-10	1.341827534e-10	1.289229350e-10	1.249809536e-10	1.182698416e-10	1.245952029e-10	1.199024433e-10	1.168498210e-10	1.195441224e-10	1.147125558e-10	1.136497257e-10	1.067576071e-10	1.096528093e-10	1.103179824e-10	1.072608387e-10	1.057472252e-10	1.035578886e-10	1.011135451e-10	1.013802323e-10	1.004464128e-10	1.002486769e-10	9.715619096e-11	9.743079057e-11	9.394675149e-11	9.462081667e-11	9.212681318e-11	9.252236020e-11	8.871315719e-11	8.737015108e-11	8.797323031e-11	8.648659443e-11	8.599798195e-11	8.595359689e-11	8.372409521e-11	8.284279926e-11	8.206022051e-11	8.088488293e-11	8.084162822e-11	5.439235040e-11	4.523810062e-12	4.827120555e-12	4.855756080e-12	5.043469480e-12	4.959898962e-12	4.734959379e-12	4.900141143e-12	4.553651293e-12	4.618156581e-12	4.372493921e-12	4.870450625e-12	4.422907516e-12	4.424942145e-12	4.635563965e-12	4.969921395e-12	5.117168278e-12	4.846185786e-12	4.623657616e-12	4.607682007e-12	4.369253585e-12	5.092451299e-12	5.175268251e-12	4.705118148e-12	4.790723296e-12	4.685600777e-12	4.378221026e-12	4.793888275e-12	4.810466736e-12	4.627500804e-12	4.463976887e-12	4.362170060e-12	4.369931795e-12	4.623054762e-12	4.293068018e-12
3.956751315e-12	4.071519484e-12	3.713273998e-12	4.077171232e-12	3.945447818e-12	4.368198592e-12	4.424866788e-12	4.341296270e-12	4.586130007e-12	4.932167717e-12	4.725238372e-12	4.289601612e-12	3.891266391e-12	3.550051506e-12	3.543872261e-12	4.074533750e-12	4.133085862e-12	4.133311932e-12	4.496380244e-12	4.360587571e-12	4.245141192e-12	4.100004295e-12	4.910088220e-12	4.265939626e-12	4.096763960e-12	4.340090564e-12	4.269029248e-12	3.981166867e-12	4.109725302e-12	4.544156356e-12	4.498339516e-12	4.400601949e-12	4.187644072e-12	4.433231376e-12	4.361717920e-12	4.009953106e-12	4.171668464e-12	4.642873560e-12	4.397889110e-12	4.331725976e-12	4.811747799e-12	4.960878598e-12	4.775049114e-12	4.613785895e-12	4.050344267e-12	4.315599654e-12	4.341974480e-12	4.326903151e-12	4.500148076e-12	4.490276355e-12	4.725690512e-12	4.651388861e-12	4.833902653e-12	4.642948916e-12	4.358025445e-12	4.847165422e-12	4.713030596e-12	4.877157367e-12	4.428408551e-12	4.450337334e-12	4.424414648e-12	4.712955239e-12	4.427730341e-12	4.299473332e-12	4.241900856e-12	4.548527041e-12	4.483418901e-12	4.681305448e-12	4.703008162e-12	4.813254932e-12	4.518911880e-12	4.885748024e-12	4.788236526e-12	4.228185947e-12	4.649881728e-12	4.019071260e-12	4.591480329e-12	4.170538114e-12	4.320874619e-12	4.613936608e-12	4.053810672e-12	4.292992661e-12	4.237530171e-12	4.088700799e-12	4.032786169e-12	4.134442282e-12	4.727273001e-12	4.745358596e-12	5.364488784e-12	5.513996366e-12	5.829665349e-12	8.733081491e-12	1.662940281e-11	8.131946470e-11	1.956050498e-10	1.746238761e-10	1.602304557e-10	1.513025773e-10	1.414416329e-10	1.343382142e-10	1.279396062e-10	1.218452129e-10	1.189186623e-10	1.144060804e-10	1.104945430e-10	1.065928021e-10	1.030180336e-10	9.952020425e-11	9.687646710e-11	9.354306595e-11	9.175327029e-11	9.010582334e-11	8.740752798e-11	8.499445752e-11	8.379628688e-11	8.148916786e-11	7.914331553e-11	7.817852441e-11	7.671524910e-11	7.566846995e-11	7.301199753e-11	7.116673939e-11	7.011061602e-11	6.866859128e-11	6.764472055e-11	6.626546789e-11	6.511658050e-11	6.395118999e-11	6.315451955e-11	6.198325123e-11	6.108929536e-11	6.001908030e-11	5.941750821e-11	5.855663391e-11	5.729780117e-11	5.695123596e-11	5.606903573e-11	5.578049514e-11	5.487387935e-11	5.333464454e-11	5.384917971e-11	5.331339397e-11	5.286570014e-11	5.214536598e-11	5.200218836e-11	5.198885023e-11	5.184356262e-11	5.177099417e-11	5.200007837e-11	5.197732066e-11	5.332635531e-11	5.891842116e-11	6.757335781e-11	8.336773364e-11	9.682386816e-11	1.145790992e-10	1.048247845e-10	1.021111917e-10	1.010310296e-10	9.664127901e-11	9.314797106e-11	9.156744081e-11	9.180247818e-11	9.398134019e-11	9.693238173e-11	9.797117307e-11	1.041712163e-10	1.057852803e-10	1.841005770e-10	1.846536194e-10	1.902955714e-10	1.830766309e-10	1.760327440e-10	1.639057499e-10	1.550890979e-10	1.460373332e-10	1.392577220e-10	1.343917928e-10	1.299363312e-10	1.294261667e-10	1.286012375e-10	1.320840709e-10	1.229310268e-10	1.179453559e-10	1.179737653e-10	1.206684436e-10	1.178486733e-10	1.167540427e-10	1.084579544e-10	1.102463936e-10	1.081939047e-10	1.127084459e-10	1.086717412e-10	1.064289767e-10	1.063765285e-10	1.073688248e-10	1.037252557e-10	1.025778001e-10	9.822896815e-11	1.006159652e-10	1.008841595e-10	9.718603219e-11	9.971032906e-11	9.455405068e-11	9.504771206e-11	9.558523100e-11	9.490664442e-11	9.157625753e-11	8.903251865e-11	8.929566405e-11	8.754339601e-11	8.623821893e-11	8.468670098e-11	8.049883084e-11	8.404835485e-11	8.257603674e-11	4.304597584e-12	4.159988184e-12	4.334062032e-12	4.392388075e-12	4.145444352e-12	4.152377163e-12	4.199927205e-12	4.517027964e-12	4.421701809e-12	4.270234954e-12	4.456968719e-12	4.229316297e-12	4.542046370e-12	4.556439489e-12	4.312811458e-12	4.566235853e-12	3.897973132e-12	4.521398649e-12	4.644380693e-12	4.416426844e-12	4.496003460e-12	4.824709142e-12	4.250190087e-12	4.970373535e-12	4.358326872e-12	4.643551770e-12	4.689971462e-12	3.755398362e-12	4.827346625e-12	4.345742312e-12	3.937233944e-12	4.360662927e-12	4.364355403e-12	4.066922729e-12	4.430744607e-12
3.914250167e-12	4.398265893e-12	4.324190312e-12	4.418913613e-12	4.476486090e-12	4.776480890e-12	4.815741702e-12	5.017320725e-12	5.150551272e-12	4.913328556e-12	5.184838545e-12	4.704439938e-12	4.458852635e-12	4.702179239e-12	4.625842958e-12	4.903306122e-12	4.674749420e-12	4.499243796e-12	4.175813079e-12	4.546643125e-12	4.545889559e-12	5.158765146e-12	5.164115467e-12	5.090265956e-12	5.043243410e-12	5.291844979e-12	4.645209616e-12	4.861257115e-12	4.444308802e-12	4.749126428e-12	4.854475017e-12	5.272402965e-12	5.452203918e-12	5.480538016e-12	5.532534101e-12	5.454012478e-12	5.145728446e-12	5.769380033e-12	5.369989819e-12	5.095239495e-12	5.028925648e-12	4.809788527e-12	4.706248498e-12	4.796977897e-12	4.892002625e-12	4.912951773e-12	4.935483409e-12	4.749277141e-12	4.850631828e-12	4.890269423e-12	4.710995966e-12	4.442650956e-12	4.643551770e-12	4.447925921e-12	4.715140582e-12	4.793360778e-12	4.756134596e-12	4.437526705e-12	4.899387577e-12	4.592083182e-12	4.953569004e-12	4.706474568e-12	4.636242175e-12	4.483871041e-12	4.850104331e-12	4.767513449e-12	4.689519323e-12	4.399471599e-12	4.493592048e-12	4.408891180e-12	4.364430760e-12	4.456893362e-12	4.596755294e-12	4.432251739e-12	4.576484356e-12	4.176114506e-12	4.355161892e-12	4.227281667e-12	4.153808939e-12	4.128413750e-12	4.662466287e-12	3.764290446e-12	4.228788800e-12	4.341597696e-12	4.244161556e-12	4.465936159e-12	4.365033613e-12	4.655081336e-12	5.459362799e-12	6.333424515e-12	8.149519639e-12	1.115866115e-11	2.335792221e-11	1.156430597e-10	2.168288718e-10	1.843331276e-10	1.671576906e-10	1.545810434e-10	1.446712679e-10	1.361390873e-10	1.296582652e-10	1.233161746e-10	1.197570803e-10	1.160787718e-10	1.112530077e-10	1.069443408e-10	1.035005422e-10	1.005675109e-10	9.749446694e-11	9.589652930e-11	9.344156055e-11	9.097008869e-11	8.737791282e-11	8.540680908e-11	8.328054600e-11	8.115541328e-11	7.960103178e-11	7.800075809e-11	7.668714107e-11	7.483803973e-11	7.310069230e-11	7.129454425e-11	7.010353249e-11	6.880558965e-11	6.769762092e-11	6.636719936e-11	6.493881417e-11	6.340726574e-11	6.263651798e-11	6.139087265e-11	6.026248226e-11	5.974432998e-11	5.896423800e-11	5.778988005e-11	5.803983804e-11	5.711438310e-11	5.632178191e-11	5.551825402e-11	5.498992858e-11	5.426303839e-11	5.387321847e-11	5.312017953e-11	5.306622417e-11	5.212290970e-11	5.189789476e-11	5.188078880e-11	5.159413213e-11	5.114576010e-11	5.090077565e-11	5.115254219e-11	5.111335674e-11	5.195154869e-11	5.345709909e-11	5.695598343e-11	6.836626042e-11	8.972610121e-11	1.100645580e-10	1.192870056e-10	1.154915928e-10	1.110458523e-10	1.090034611e-10	1.093513074e-10	1.151670318e-10	1.238282230e-10	1.357392449e-10	1.462935458e-10	1.489843808e-10	1.551958029e-10	1.523435540e-10	1.888886628e-10	1.761353044e-10	1.625552835e-10	1.585247580e-10	1.497751735e-10	1.423871327e-10	1.369277699e-10	1.337026562e-10	1.317888989e-10	1.297516320e-10	1.275633504e-10	1.253912705e-10	1.163251880e-10	1.194986070e-10	1.208856214e-10	1.151812742e-10	1.170697117e-10	1.138962173e-10	1.139244007e-10	1.131405409e-10	1.089944937e-10	1.107006435e-10	1.071227100e-10	1.080496721e-10	1.097067647e-10	1.057156507e-10	1.047138595e-10	1.060160977e-10	1.035154628e-10	1.032207430e-10	9.960580939e-11	9.980686092e-11	1.015992187e-10	1.017574677e-10	9.816386001e-11	9.716975516e-11	9.503655928e-11	9.604000835e-11	9.054545400e-11	8.882212290e-11	9.274843013e-11	8.872039143e-11	8.729735656e-11	8.610717373e-11	8.576754133e-11	4.921617787e-12	4.894715465e-12	4.771205925e-12	4.937291969e-12	4.994638375e-12	4.845658289e-12	4.642722847e-12	4.815364918e-12	4.631494707e-12	4.577313279e-12	4.266316409e-12	4.313263598e-12	4.518384384e-12	4.237906954e-12	4.374905333e-12	4.362772914e-12	4.491105279e-12	4.311831822e-12	4.599920273e-12	4.337227011e-12	5.070221089e-12	4.736165085e-12	4.286436633e-12	4.374603907e-12	4.321854256e-12	4.682511155e-12	3.943488545e-12	4.519364020e-12	3.860671593e-12	3.859465887e-12	3.919525133e-12	4.101134645e-12	3.720658949e-12	4.261719654e-12	3.554497548e-12	4.262699290e-12	4.197440436e-12
4.701953169e-12	4.659301308e-12	4.705419574e-12	4.740761841e-12	5.013025396e-12	5.308800224e-12	5.174062545e-12	5.088984893e-12	4.911896779e-12	5.647000843e-12	5.392747526e-12	5.279486490e-12	5.216412979e-12	5.168260083e-12	5.183482125e-12	5.627257402e-12	5.744663054e-12	5.651296172e-12	5.690255557e-12	5.075269984e-12	5.182050349e-12	5.389657903e-12	5.390938966e-12	4.939401955e-12	5.599526157e-12	5.280993623e-12	4.820338457e-12	5.166300810e-12	5.055149760e-12	4.840006541e-12	4.758772079e-12	5.331784001e-12	4.878137003e-12	4.975271717e-12	5.132993173e-12	5.193504559e-12	5.617310325e-12	4.965852137e-12	5.479181597e-12	5.353034574e-12	5.306765595e-12	5.404653876e-12	5.456047107e-12	4.931112724e-12	5.110687607e-12	4.996220864e-12	5.319274798e-12	5.438413652e-12	5.315280896e-12	5.479332310e-12	5.949105630e-12	5.295612812e-12	5.541501541e-12	5.502391443e-12	5.203753062e-12	4.988157703e-12	4.794415771e-12	4.922597423e-12	5.132842460e-12	5.254317371e-12	4.800821086e-12	4.796450401e-12	4.770301645e-12	5.245500643e-12	5.250097398e-12	5.550544339e-12	5.498623611e-12	5.325152616e-12	5.339470378e-12	4.879191996e-12	5.160649062e-12	5.619721738e-12	5.438564366e-12	5.645795137e-12	5.351828868e-12	5.664257515e-12	5.389883973e-12	5.227791832e-12	5.382348309e-12	5.532910884e-12	5.900123811e-12	6.058674190e-12	5.937576063e-12	5.977439728e-12	6.562734783e-12	5.993038553e-12	6.383838110e-12	6.127550163e-12	6.531612489e-12	7.559251045e-12	9.415661974e-12	1.380872826e-11	4.971368243e-11	1.271609460e-10	2.425459845e-10	1.964569567e-10	1.734309051e-10	1.583777372e-10	1.479042187e-10	1.387207305e-10	1.314056350e-10	1.242535359e-10	1.212053597e-10	1.168574320e-10	1.113934725e-10	1.072330321e-10	1.039119141e-10	1.007052628e-10	9.707118867e-11	9.605289434e-11	9.335196150e-11	9.136638928e-11	8.751980938e-11	8.562474049e-11	8.384541941e-11	8.161614380e-11	8.003591498e-11	7.865206556e-11	7.622731482e-11	7.507925635e-11	7.316301225e-11	7.203243651e-11	7.074331040e-11	6.997866653e-11	6.862880297e-11	6.799829393e-11	6.634820949e-11	6.517113871e-11	6.380303883e-11	6.315919166e-11	6.161083870e-11	6.093677351e-11	5.989964002e-11	5.918247084e-11	5.822725002e-11	5.800291329e-11	5.745265907e-11	5.653232838e-11	5.648477833e-11	5.595358935e-11	5.530695399e-11	5.512564590e-11	5.502926475e-11	5.384156868e-11	5.368324437e-11	5.277075077e-11	5.227791832e-11	5.226081236e-11	5.193233275e-11	5.165682886e-11	5.155019921e-11	5.198455490e-11	5.279900951e-11	5.399921478e-11	5.660836323e-11	6.303138680e-11	7.944074820e-11	1.072471238e-10	1.318216037e-10	1.461324333e-10	1.599121492e-10	1.729262417e-10	1.838017126e-10	1.869498871e-10	1.915252411e-10	1.940368780e-10	1.911783745e-10	1.866832753e-10	1.838023154e-10	1.798354663e-10	1.562808633e-10	1.479977363e-10	1.494427753e-10	1.386807915e-10	1.344388907e-10	1.304836465e-10	1.276223547e-10	1.264427218e-10	1.256300757e-10	1.214312789e-10	1.216554649e-10	1.180123479e-10	1.179498773e-10	1.166621829e-10	1.138572579e-10	1.139095554e-10	1.126101808e-10	1.104264960e-10	1.139522827e-10	1.119186329e-10	1.043056526e-10	1.074913547e-10	1.022066686e-10	1.082411533e-10	1.032898450e-10	1.071211275e-10	1.052348754e-10	1.059749530e-10	1.016434531e-10	9.815647506e-11	9.789061682e-11	9.854117073e-11	9.932186556e-11	9.557988068e-11	9.969495630e-11	9.176404629e-11	9.441109913e-11	9.363718639e-11	9.199411012e-11	9.069865405e-11	9.030423738e-11	8.957177080e-11	8.993423626e-11	8.519046015e-11	8.579745792e-11	8.990183290e-11	6.318127116e-12	5.478352674e-12	6.086631505e-12	5.549037206e-12	5.917079056e-12	5.638410186e-12	5.710225068e-12	5.442633624e-12	5.354541707e-12	5.751520509e-12	5.847977013e-12	5.422664114e-12	5.380389036e-12	5.564862101e-12	5.176624670e-12	5.679178130e-12	5.304354182e-12	5.706005096e-12	5.730043865e-12	5.342710714e-12	5.562450688e-12	5.771037880e-12	5.700654774e-12	5.891834580e-12	5.742628425e-12	5.925519000e-12	5.761995082e-12	5.762070439e-12	5.934712511e-12	5.708115082e-12	5.659208620e-12	5.415203806e-12	5.397570351e-12	5.316637315e-12	5.500281457e-12
6.141566499e-12	6.020769798e-12	6.301322584e-12	5.883394636e-12	6.125666247e-12	6.080527617e-12	5.640670885e-12	6.146540037e-12	6.240132989e-12	5.749485879e-12	6.408102949e-12	5.732681348e-12	6.205770360e-12	6.178189828e-12	6.241338696e-12	6.329053830e-12	6.339453046e-12	6.541182783e-12	6.383536683e-12	6.401245495e-12	6.625280798e-12	6.744570365e-12	6.507423006e-12	6.389791285e-12	6.917061724e-12	6.809527793e-12	7.022410312e-12	7.361816638e-12	6.498304852e-12	6.365978585e-12	6.431991005e-12	6.579237888e-12	6.024085491e-12	6.514732601e-12	6.263041409e-12	6.524378251e-12	6.360703620e-12	6.824599121e-12	6.514958671e-12	6.255128962e-12	6.462736516e-12	6.557384461e-12	6.226493437e-12	6.497928069e-12	6.783152967e-12	6.378563145e-12	6.653991679e-12	6.701767792e-12	6.524302895e-12	6.667781945e-12	6.445329131e-12	6.127324093e-12	6.303583284e-12	6.249853997e-12	6.345481578e-12	6.301548654e-12	6.824749835e-12	6.585341776e-12	6.344049802e-12	6.417597886e-12	6.145032904e-12	6.670193358e-12	6.562508713e-12	6.599960965e-12	6.339603760e-12	6.301171871e-12	6.560323370e-12	6.226116654e-12	6.420838222e-12	6.498832349e-12	6.231693045e-12	6.179169464e-12	5.920545462e-12	5.931020035e-12	5.926649350e-12	5.632833794e-12	5.822280398e-12	6.463414726e-12	6.324909214e-12	6.444876992e-12	6.213004598e-12	6.354298305e-12	6.163344569e-12	6.330184179e-12	6.336061997e-12	6.504710167e-12	7.110652943e-12	7.341997840e-12	7.853594097e-12	8.545066664e-12	1.107810490e-11	1.463456172e-11	7.332623474e-11	1.099503927e-10	1.615819771e-10	2.061864791e-10	1.782996225e-10	1.622140686e-10	1.502184966e-10	1.404838499e-10	1.327285209e-10	1.256703162e-10	1.224865733e-10	1.180152115e-10	1.129477786e-10	1.086027145e-10	1.054707417e-10	1.018818815e-10	9.890876044e-11	9.627730642e-11	9.457831552e-11	9.258302230e-11	8.910011356e-11	8.682758324e-11	8.490930451e-11	8.251740927e-11	8.099595862e-11	7.961685668e-11	7.769262477e-11	7.618609474e-11	7.495861036e-11	7.275887456e-11	7.163809520e-11	7.023472841e-11	6.851411015e-11	6.716010197e-11	6.611498067e-11	6.546631068e-11	6.465027358e-11	6.320402887e-11	6.252054411e-11	6.169742348e-11	6.094302812e-11	6.022608500e-11	5.947801960e-11	5.884630485e-11	5.810012336e-11	5.776538915e-11	5.698831143e-11	5.622630505e-11	5.542021502e-11	5.482045149e-11	5.460598648e-11	5.397035319e-11	5.358437646e-11	5.328701914e-11	5.341294009e-11	5.340547978e-11	5.330412510e-11	5.304791251e-11	5.290375525e-11	5.333132885e-11	5.368776577e-11	5.503167617e-11	5.758611569e-11	6.290335586e-11	7.500028259e-11	1.018205412e-10	1.331031188e-10	1.611012017e-10	1.814885650e-10	1.952899083e-10	2.002601311e-10	1.996361781e-10	1.962386485e-10	1.905719795e-10	1.858787677e-10	1.788637424e-10	1.767361982e-10	1.773502042e-10	1.506468238e-10	1.445461759e-10	1.463563932e-10	1.362462444e-10	1.329675522e-10	1.275206986e-10	1.265711295e-10	1.248761325e-10	1.220541769e-10	1.211329419e-10	1.206343824e-10	1.141779758e-10	1.139219893e-10	1.130831945e-10	1.109656728e-10	1.109924998e-10	1.096354773e-10	1.109921230e-10	1.064122476e-10	1.077166711e-10	1.049996119e-10	1.044531255e-10	1.040938251e-10	1.061038882e-10	1.030536019e-10	1.001400880e-10	1.053604949e-10	1.013575499e-10	9.981055340e-11	9.795421782e-11	1.010158829e-10	9.959021057e-11	9.391480027e-11	9.395647250e-11	9.817847920e-11	9.584151895e-11	9.606367034e-11	9.474598406e-11	9.343711450e-11	9.391615669e-11	8.936348503e-11	9.172621725e-11	8.915964531e-11	8.577040488e-11	8.007397008e-11	6.203283590e-12	6.632062896e-12	6.873731653e-12	7.271840805e-12	7.249987378e-12	6.773884100e-12	6.599056686e-12	6.775843373e-12	6.747735344e-12	5.880380370e-12	6.489488125e-12	6.719702673e-12	6.589184965e-12	6.569516881e-12	6.642989609e-12	6.644722812e-12	6.696492826e-12	6.633117889e-12	6.437265971e-12	6.321668878e-12	6.457989048e-12	6.549095230e-12	6.578861105e-12	6.310968235e-12	6.287230892e-12	6.365375732e-12	6.781947261e-12	6.581800014e-12	6.649319567e-12	6.553767342e-12	6.644647455e-12	6.652183120e-12	6.840273303e-12	6.677804379e-12	6.426866754e-12	7.260989448e-12
7.017286061e-12	6.727690477e-12	7.236121755e-12	7.468672359e-12	7.969567973e-12	7.686302347e-12	8.155849597e-12	7.804612279e-12	7.417429841e-12	7.218111517e-12	7.372592638e-12	7.077496019e-12	7.023013166e-12	7.009072186e-12	6.996261557e-12	7.451038904e-12	7.336496805e-12	7.108618313e-12	6.994226927e-12	7.118263964e-12	7.278547546e-12	7.282918231e-12	6.999351179e-12	6.822715205e-12	6.976216690e-12	6.802519625e-12	7.258728748e-12	7.563546374e-12	7.807475831e-12	7.673114935e-12	7.151646957e-12	7.631291997e-12	7.586228724e-12	7.371160862e-12	7.024294229e-12	7.306957001e-12	6.901839682e-12	7.278547546e-12	7.470782345e-12	7.306203434e-12	7.401755659e-12	7.286535350e-12	7.499417870e-12	7.614788892e-12	7.418183408e-12	6.858057471e-12	7.107864747e-12	6.883603374e-12	6.688580379e-12	6.377432795e-12	6.777576576e-12	6.778179429e-12	6.652710616e-12	6.646305301e-12	7.119695740e-12	7.153907656e-12	7.354130260e-12	6.270577074e-12	6.911259262e-12	6.786317946e-12	7.089553082e-12	6.469820041e-12	6.531763202e-12	6.787599009e-12	6.850295737e-12	6.676975456e-12	6.644195315e-12	7.069809642e-12	6.836204045e-12	6.886014786e-12	6.694458197e-12	6.408479732e-12	6.882171598e-12	6.491070614e-12	6.427620320e-12	6.265528178e-12	6.473512516e-12	7.304620945e-12	7.177418929e-12	7.422478736e-12	7.066192523e-12	6.965063906e-12	7.152249810e-12	7.059184355e-12	7.733324893e-12	7.619234934e-12	7.539055465e-12	8.446650887e-12	8.707761659e-12	9.643465109e-12	1.380699506e-11	2.409061486e-11	8.339343026e-11	9.413280704e-11	9.478140168e-11	2.105748732e-10	1.912887719e-10	1.690770996e-10	1.554486245e-10	1.447396164e-10	1.358125669e-10	1.295720572e-10	1.266379709e-10	1.194435967e-10	1.144659136e-10	1.099372053e-10	1.061133831e-10	1.028387601e-10	9.910144738e-11	9.765135947e-11	9.485487441e-11	9.305882415e-11	8.895015384e-11	8.713888154e-11	8.500116426e-11	8.294227003e-11	8.182631349e-11	7.969552901e-11	7.768938443e-11	7.632934772e-11	7.461196980e-11	7.329194746e-11	7.152174454e-11	7.054783527e-11	6.931424700e-11	6.857175799e-11	6.688550236e-11	6.569449060e-11	6.499096097e-11	6.328752403e-11	6.282445745e-11	6.221625398e-11	6.119863785e-11	6.064883578e-11	5.983227118e-11	5.922459520e-11	5.853425299e-11	5.786410635e-11	5.757451077e-11	5.711709594e-11	5.700059456e-11	5.597770348e-11	5.564673709e-11	5.519241189e-11	5.517605950e-11	5.457049350e-11	5.435429529e-11	5.449634257e-11	5.416409512e-11	5.418127644e-11	5.431126665e-11	5.536286862e-11	5.620686303e-11	5.901480231e-11	6.373348465e-11	7.253898388e-11	9.193766800e-11	1.198349237e-10	1.715446530e-10	1.925596617e-10	2.062779620e-10	2.059022338e-10	1.982107318e-10	1.874359374e-10	1.811927148e-10	1.724180365e-10	1.648676021e-10	1.594066569e-10	1.569639712e-10	1.605917154e-10	1.629863235e-10	1.363283078e-10	1.347500382e-10	1.367968001e-10	1.268379674e-10	1.228152037e-10	1.213520037e-10	1.196945343e-10	1.177261434e-10	1.167791365e-10	1.137526629e-10	1.147526456e-10	1.113846557e-10	1.105341053e-10	1.113710915e-10	1.085111562e-10	1.068186459e-10	1.062113468e-10	1.054155806e-10	1.050429420e-10	1.054286173e-10	1.008134750e-10	1.016693757e-10	9.874207154e-11	1.026387636e-10	9.934613040e-11	9.943723658e-11	9.698076070e-11	9.630684623e-11	9.502261830e-11	9.655597529e-11	9.747351779e-11	9.674677832e-11	9.539917545e-11	9.619177663e-11	9.274827942e-11	9.321647025e-11	9.161220265e-11	9.253396512e-11	8.989173511e-11	9.010499441e-11	8.965375883e-11	8.827314975e-11	8.608064819e-11	8.029838217e-11	6.556932321e-12	7.248404888e-12	7.004852214e-12	6.971167794e-12	6.496797719e-12	6.885788717e-12	7.106583684e-12	7.209294790e-12	7.077948159e-12	7.035145585e-12	7.457594932e-12	7.298893840e-12	7.215398678e-12	7.287439630e-12	6.847959681e-12	7.180809978e-12	7.047805501e-12	7.269806175e-12	6.504559454e-12	7.129718174e-12	6.819851653e-12	6.996261557e-12	7.076893166e-12	7.293468161e-12	7.181940328e-12	7.470254849e-12	7.323384749e-12	7.514790625e-12	7.513735632e-12	7.325946875e-12	7.488039017e-12	7.188873139e-12	7.594894738e-12	7.824129650e-12	7.318561924e-12	7.737544865e-12
7.848620559e-12	7.348327798e-12	6.979457025e-12	6.832511569e-12	7.204999461e-12	7.013141445e-12	6.927008801e-12	7.403790288e-12	7.159710118e-12	6.802444268e-12	7.208616580e-12	7.397234260e-12	7.604314319e-12	6.955568969e-12	7.048483711e-12	7.161669391e-12	6.943587263e-12	6.945621892e-12	6.802368911e-12	6.948937584e-12	6.912691039e-12	7.334010036e-12	6.810582786e-12	7.118339320e-12	6.414056124e-12	7.223386482e-12	7.134842425e-12	6.831004436e-12	7.060163991e-12	7.138007405e-12	6.781796548e-12	7.164532943e-12	6.912389612e-12	6.809075653e-12	6.850747877e-12	6.844342562e-12	6.967776745e-12	6.827161247e-12	7.356089533e-12	7.120298593e-12	7.296030287e-12	7.174480020e-12	7.231525000e-12	7.114722201e-12	7.271087238e-12	7.405523491e-12	7.269052609e-12	7.229264301e-12	6.967852102e-12	6.942984409e-12	7.023691375e-12	7.090683432e-12	7.219015797e-12	7.133636719e-12	6.869963821e-12	6.764012380e-12	6.776823009e-12	7.097540887e-12	7.123991069e-12	7.244109560e-12	7.184502454e-12	7.010503963e-12	7.110125446e-12	7.451114261e-12	7.244184916e-12	7.284274651e-12	7.149687684e-12	6.958281808e-12	7.631518067e-12	7.156695852e-12	7.292940665e-12	7.280205392e-12	7.381032582e-12	7.265962986e-12	7.204848748e-12	7.681253452e-12	7.263024077e-12	7.275759350e-12	7.394219995e-12	7.145769139e-12	6.846829332e-12	7.119243600e-12	7.386232190e-12	7.302360245e-12	7.272669728e-12	7.889388503e-12	7.622324557e-12	7.963765511e-12	8.852521772e-12	1.023599440e-11	1.327053111e-11	3.354576371e-11	8.814511881e-11	7.886231060e-11	7.570366150e-11	1.024242986e-10	2.230505425e-10	1.867154526e-10	1.655776124e-10	1.522799529e-10	1.428243520e-10	1.340266898e-10	1.275593565e-10	1.222013484e-10	1.175291611e-10	1.127823708e-10	1.090336791e-10	1.054717966e-10	1.018671116e-10	9.917755759e-11	9.740411432e-11	9.538613875e-11	9.141446682e-11	8.963597466e-11	8.786027070e-11	8.531057864e-11	8.346614942e-11	8.161403382e-11	8.026228634e-11	7.839012587e-11	7.683431259e-11	7.582656819e-11	7.470315134e-11	7.340822277e-11	7.167147819e-11	7.033337026e-11	6.917762541e-11	6.900664118e-11	6.816264677e-11	6.697095680e-11	6.575876982e-11	6.559637625e-11	6.457092304e-11	6.347184638e-11	6.281842892e-11	6.168378393e-11	6.132448345e-11	6.039548674e-11	6.047657049e-11	5.997092741e-11	5.983370296e-11	5.934230228e-11	5.954026419e-11	5.910070888e-11	5.875203369e-11	5.859559329e-11	5.849649931e-11	5.870923111e-11	5.954840270e-11	6.119102683e-11	6.423430491e-11	7.251464368e-11	8.896175876e-11	1.036572087e-10	1.314880752e-10	1.527542477e-10	1.665942489e-10	1.651151487e-10	1.572570332e-10	1.468144109e-10	1.459137483e-10	1.492720925e-10	1.501979996e-10	1.507570705e-10	1.498606279e-10	1.465530741e-10	1.429067921e-10	1.388259284e-10	1.376447884e-10	1.373238444e-10	1.328469062e-10	1.264563613e-10	1.266756492e-10	1.270658459e-10	1.196447989e-10	1.160156983e-10	1.135566603e-10	1.127926946e-10	1.111311560e-10	1.101317762e-10	1.077547262e-10	1.081829780e-10	1.054243220e-10	1.060246883e-10	1.051524352e-10	1.031085369e-10	1.036176464e-10	1.038141765e-10	9.756002722e-11	1.024339442e-10	9.887032855e-11	9.995282674e-11	9.797471483e-11	9.947566847e-11	9.811171321e-11	9.805512037e-11	9.638958782e-11	9.517099553e-11	9.508177326e-11	9.271451964e-11	9.446565734e-11	9.307992401e-11	9.202342386e-11	9.308105436e-11	9.386800379e-11	9.269861939e-11	9.159735739e-11	9.204211231e-11	8.964132498e-11	8.985910568e-11	8.876967468e-11	8.734950336e-11	8.813268496e-11	8.516951100e-11	4.257032470e-11	7.224215405e-12	7.331221840e-12	7.329337924e-12	7.734907383e-12	7.114797558e-12	7.058958285e-12	7.013216802e-12	7.209370147e-12	7.317431574e-12	7.130321027e-12	7.555106430e-12	7.155716216e-12	7.386533617e-12	7.763618264e-12	7.778086740e-12	7.588112640e-12	7.690446963e-12	7.003119012e-12	6.980436662e-12	7.480201926e-12	7.010202536e-12	7.343655686e-12	6.497928069e-12	6.961220717e-12	6.577956825e-12	6.784660100e-12	6.892118675e-12	7.007489697e-12	7.369578372e-12	7.527375185e-12	7.020224970e-12	7.157298705e-12	7.036200578e-12	7.011408242e-12	7.350663854e-12	7.002440802e-12
6.747584631e-12	6.584964993e-12	6.564694056e-12	6.421139649e-12	6.008411309e-12	6.138100093e-12	6.661301274e-12	6.789482925e-12	6.887823346e-12	6.486775286e-12	7.141699880e-12	6.990006955e-12	7.410270960e-12	6.896414003e-12	6.886617640e-12	6.697924603e-12	6.865517779e-12	7.201533056e-12	7.537322262e-12	7.504843548e-12	6.914951738e-12	6.888802982e-12	6.415186474e-12	6.656177022e-12	6.511869048e-12	6.327245270e-12	6.916760297e-12	6.972298144e-12	6.663034476e-12	6.524981104e-12	6.720004099e-12	6.643592462e-12	6.680441861e-12	6.647586364e-12	6.603125944e-12	7.003269725e-12	6.829195877e-12	6.883377304e-12	7.060239348e-12	6.423777131e-12	6.634625022e-12	6.767704855e-12	6.611867315e-12	6.534476041e-12	6.266884598e-12	6.716537694e-12	6.734321862e-12	7.184050314e-12	7.695345145e-12	7.075612103e-12	6.728594757e-12	6.940497640e-12	6.800108212e-12	6.343371592e-12	6.466202922e-12	7.062424690e-12	6.505539090e-12	6.888049416e-12	6.903572885e-12	7.240341727e-12	7.064911460e-12	7.011257529e-12	7.218412944e-12	6.500339482e-12	6.910581052e-12	6.722038729e-12	6.823996268e-12	7.420368750e-12	7.134993139e-12	7.038611991e-12	6.777501219e-12	7.068151795e-12	7.320069057e-12	6.834395485e-12	7.025349222e-12	6.970564941e-12	7.182693895e-12	6.821283429e-12	7.385177197e-12	7.124593922e-12	7.287514987e-12	6.745700715e-12	7.047428718e-12	6.998296186e-12	7.422478736e-12	7.726467439e-12	7.452018541e-12	7.900541287e-12	8.207770325e-12	9.011298222e-12	1.227393949e-11	5.948434956e-11	7.393722641e-11	6.815872822e-11	6.659575606e-11	7.728080071e-11	2.144992965e-10	2.025806636e-10	1.718187251e-10	1.582643255e-10	1.467991135e-10	1.399143798e-10	1.336767336e-10	1.242911389e-10	1.189983896e-10	1.150567096e-10	1.110100579e-10	1.070236914e-10	1.041605157e-10	1.018595006e-10	9.969405202e-11	9.804012440e-11	9.350923081e-11	9.169049821e-11	9.006618574e-11	8.783412194e-11	8.609398631e-11	8.426606020e-11	8.260489833e-11	8.129595342e-11	7.992649713e-11	7.846179004e-11	7.744515355e-11	7.540442027e-11	7.438265953e-11	7.325946875e-11	7.209664037e-11	7.069515751e-11	7.022704203e-11	6.937445696e-11	6.857409404e-11	6.764781017e-11	6.665295176e-11	6.582237083e-11	6.479985652e-11	6.385465813e-11	6.347862848e-11	6.398683369e-11	6.413121702e-11	6.335798249e-11	6.309981063e-11	6.307313438e-11	6.307803256e-11	6.224270416e-11	6.254691893e-11	6.218400133e-11	6.236154159e-11	6.280365902e-11	6.490934972e-11	6.883980157e-11	7.420994210e-11	9.538018557e-11	1.126470302e-10	1.319084145e-10	1.439195101e-10	1.505446401e-10	1.447295940e-10	1.345203512e-10	1.255816968e-10	1.212929241e-10	1.196781819e-10	1.212698650e-10	1.267562808e-10	1.307967533e-10	1.330458477e-10	1.328080222e-10	1.319697549e-10	1.285760684e-10	1.272950808e-10	1.271995286e-10	1.232758588e-10	1.200952056e-10	1.194591202e-10	1.163341555e-10	1.144577750e-10	1.100574745e-10	1.098975677e-10	1.074389818e-10	1.071439606e-10	1.060563381e-10	1.031158465e-10	1.034590207e-10	1.032641484e-10	1.023080233e-10	1.005166452e-10	9.981831513e-11	9.752355460e-11	9.877658488e-11	9.804781078e-11	9.590481853e-11	9.701331477e-11	9.552110250e-11	9.516722770e-11	9.418502920e-11	9.445164100e-11	9.363432284e-11	9.405707362e-11	9.197120170e-11	9.229093995e-11	9.263697766e-11	8.926280856e-11	9.072020606e-11	8.989761293e-11	8.893214360e-11	8.938601667e-11	8.804549733e-11	8.838535579e-11	8.893787071e-11	8.751762404e-11	8.730564580e-11	8.662223639e-11	8.740677441e-11	8.666549110e-11	8.369485683e-11	6.858584968e-12	6.780063345e-12	7.283671798e-12	7.111557222e-12	6.863935290e-12	7.229565727e-12	7.397083547e-12	7.254810203e-12	7.286535350e-12	7.608308221e-12	7.154887293e-12	7.245842762e-12	6.796566450e-12	6.958960018e-12	6.816385247e-12	7.481407632e-12	7.731742404e-12	7.042982676e-12	7.135143852e-12	7.062952187e-12	7.369503015e-12	7.279150399e-12	7.740483775e-12	8.069264813e-12	7.746436949e-12	8.152232478e-12	7.336798232e-12	7.453148890e-12	7.290152469e-12	7.520894514e-12	7.225345755e-12	7.650131158e-12	6.491145971e-12	6.885110507e-12	6.718195540e-12	7.068980718e-12	6.719175176e-12
5.874351839e-12	6.242845829e-12	6.247668654e-12	5.925142217e-12	5.984673966e-12	5.375792281e-12	5.977967224e-12	6.030716875e-12	5.761015446e-12	5.832001405e-12	5.543385458e-12	6.104264960e-12	5.977138301e-12	6.050158889e-12	5.919716538e-12	5.653481515e-12	6.487754922e-12	5.847901657e-12	6.577956825e-12	6.213079954e-12	6.382180264e-12	5.957922357e-12	6.494838447e-12	6.283312347e-12	6.373891033e-12	5.914592287e-12	6.004718833e-12	5.887840678e-12	6.055885994e-12	6.356182221e-12	5.974952959e-12	5.594552619e-12	5.868474020e-12	5.480538016e-12	5.631100591e-12	5.869981153e-12	6.036670050e-12	5.927855056e-12	6.266206388e-12	6.291903004e-12	6.236063731e-12	6.036443980e-12	5.832152118e-12	5.768174327e-12	6.022879784e-12	5.770962523e-12	6.141340429e-12	6.279243088e-12	6.211271395e-12	6.202454667e-12	6.291676934e-12	6.613600518e-12	6.350907256e-12	6.513225468e-12	6.245181885e-12	6.251210416e-12	6.215340653e-12	6.661150560e-12	6.718195540e-12	6.415563257e-12	6.688505022e-12	6.563563706e-12	6.644722812e-12	6.216094220e-12	6.231919115e-12	6.125741604e-12	5.769078607e-12	5.912783727e-12	5.399228197e-12	5.783245656e-12	6.555123762e-12	5.962293042e-12	6.493406670e-12	6.345406221e-12	5.779327110e-12	6.088138638e-12	6.136140820e-12	6.196049353e-12	5.895074916e-12	6.119637715e-12	6.060708820e-12	6.057920624e-12	6.269748151e-12	6.129810862e-12	6.160782443e-12	6.122501268e-12	7.114119348e-12	7.101836215e-12	7.233258203e-12	8.374459222e-12	2.656736168e-11	6.265595999e-11	5.546166118e-11	5.301023419e-11	5.165072497e-11	5.485187521e-11	9.565041450e-11	2.259070868e-10	1.881538602e-10	1.626816566e-10	1.504004075e-10	1.409363666e-10	1.308275742e-10	1.219566654e-10	1.173238143e-10	1.129630006e-10	1.088695524e-10	1.051675065e-10	1.019795437e-10	9.957114534e-11	9.767170577e-11	9.405729969e-11	9.165349809e-11	8.906153096e-11	8.753812104e-11	8.498955934e-11	8.402401466e-11	8.243504446e-11	8.049905691e-11	7.935016951e-11	7.828982617e-11	7.619204791e-11	7.524202670e-11	7.395666842e-11	7.280687675e-11	7.233793235e-11	7.064768282e-11	7.036313613e-11	6.870227570e-11	6.848072716e-11	6.786061734e-11	6.672273201e-11	6.593367259e-11	6.514001641e-11	6.411305607e-11	6.253599222e-11	6.267751199e-11	6.045840954e-11	6.001440819e-11	5.998697837e-11	5.881751861e-11	5.923235694e-11	5.956083655e-11	6.074348372e-11	6.431870435e-11	7.197931008e-11	8.333186388e-11	9.780757379e-11	1.115610656e-10	1.235281529e-10	1.305801783e-10	1.213369324e-10	1.158627243e-10	1.080437189e-10	1.070762903e-10	9.824976658e-11	9.522675945e-11	9.221482974e-11	8.903869790e-11	8.742870320e-11	8.751340406e-11	8.816275227e-11	8.848588156e-11	9.136021003e-11	9.767547360e-11	1.032015270e-10	1.078889364e-10	1.066295761e-10	1.059009527e-10	1.052017184e-10	1.014761613e-10	9.855782454e-11	9.804818756e-11	9.722838263e-11	9.382678371e-11	9.161408657e-11	8.962233511e-11	9.342400245e-11	8.661274145e-11	8.551434301e-11	8.799937906e-11	8.662849099e-11	8.229179148e-11	8.163799723e-11	8.172043740e-11	8.053500203e-11	8.146060769e-11	8.029031901e-11	7.881265057e-11	7.890978529e-11	7.820301532e-11	8.110424612e-11	7.737002298e-11	7.766451674e-11	7.830776106e-11	7.554375471e-11	7.477602121e-11	7.500465327e-11	7.578647846e-11	7.776489179e-11	7.493185875e-11	7.545581350e-11	7.344537359e-11	7.434362479e-11	7.485913959e-11	7.416872202e-11	7.350362428e-11	7.746376664e-11	7.468137327e-11	7.421016817e-11	7.195285990e-11	7.345878707e-11	7.179129525e-11	6.934823285e-11	5.809243698e-12	5.664257515e-12	5.370668029e-12	5.506159275e-12	5.446326100e-12	5.641349095e-12	5.893793853e-12	5.275869371e-12	5.489806884e-12	5.227641119e-12	5.634039500e-12	6.111423841e-12	6.545553468e-12	6.358668991e-12	5.264791944e-12	5.243164587e-12	5.599978297e-12	5.236834629e-12	5.325077259e-12	5.258989482e-12	5.886333545e-12	5.159367999e-12	5.092903439e-12	5.672923529e-12	6.343296235e-12	5.424246603e-12	5.810976901e-12	5.689125207e-12	6.422119285e-12	5.846394524e-12	5.216714405e-12	5.155298740e-12	5.054697620e-12	5.138870992e-12	5.581741989e-12	5.308348084e-12	5.563430325e-12
5.403975666e-12	5.257331636e-12	5.252207384e-12	5.737579530e-12	5.311286994e-12	5.232690014e-12	5.597416171e-12	5.105789425e-12	5.770736453e-12	6.643215679e-12	5.009709704e-12	5.308875581e-12	7.090909502e-12	6.142772205e-12	6.363793242e-12	6.012631281e-12	7.084730257e-12	6.771171261e-12	6.232295898e-12	6.501017691e-12	6.563563706e-12	6.092057184e-12	9.188009552e-12	9.072939957e-12	9.489436129e-12	9.408201666e-12	9.240909916e-12	9.148070531e-12	9.587927263e-12	9.515434171e-12	9.747306565e-12	9.497273220e-12	9.190345608e-12	9.149351594e-12	9.048599761e-12	9.095094810e-12	9.003008991e-12	8.910772458e-12	9.233977105e-12	9.114762894e-12	8.713262694e-12	8.998713662e-12	8.908511759e-12	9.008283956e-12	8.936695144e-12	8.494125573e-12	9.212575818e-12	8.661040540e-12	9.263516910e-12	9.283712490e-12	9.410236296e-12	9.270675791e-12	9.283411064e-12	8.979573074e-12	9.560572801e-12	9.074371733e-12	9.473686590e-12	9.428547960e-12	8.771362667e-12	9.073241383e-12	8.851918919e-12	9.156133692e-12	9.321993666e-12	9.117777160e-12	9.105343314e-12	9.325686141e-12	9.251384490e-12	8.921247032e-12	8.904065717e-12	8.625321490e-12	8.408520425e-12	8.626301127e-12	8.749057100e-12	8.618087252e-12	8.786735422e-12	8.925240934e-12	9.100897272e-12	8.957267508e-12	9.495690730e-12	1.004948671e-11	9.285897833e-12	9.425232268e-12	1.007767009e-11	1.011173130e-11	1.002220760e-11	1.042687278e-11	1.064103636e-11	1.187575498e-11	1.331973899e-11	1.621539340e-11	7.812871367e-11	7.056049518e-11	6.487031498e-11	6.068847337e-11	5.802981561e-11	5.710066819e-11	5.831790406e-11	7.739730208e-11	2.212581847e-10	2.000194420e-10	1.684546538e-10	1.499481923e-10	1.428920222e-10	1.348171057e-10	1.272999036e-10	1.216782226e-10	1.169714466e-10	1.122537439e-10	1.087965318e-10	1.059603338e-10	1.034679881e-10	9.856671663e-11	9.598838905e-11	9.374095249e-11	9.147015538e-11	8.900998702e-11	8.742380501e-11	8.664589838e-11	8.468391279e-11	8.256322611e-11	8.116340109e-11	7.963283229e-11	7.804092318e-11	7.687779338e-11	7.550087677e-11	7.374582053e-11	7.283016195e-11	7.178745206e-11	7.089786688e-11	7.010149786e-11	6.855593309e-11	6.828886915e-11	6.705497945e-11	6.700260659e-11	6.570963729e-11	6.496338044e-11	6.474198262e-11	6.410996644e-11	6.395789674e-11	6.358028459e-11	6.406437567e-11	6.440197344e-11	6.629689161e-11	7.008612511e-11	7.752382589e-11	9.538350127e-11	1.128229126e-10	1.329432873e-10	1.443192771e-10	1.490393158e-10	1.442499489e-10	1.346862112e-10	1.235181304e-10	1.202129880e-10	1.120661059e-10	1.085937471e-10	1.070368034e-10	1.049739153e-10	1.002281799e-10	9.965479121e-11	9.798963545e-11	9.880348720e-11	9.608092701e-11	9.620677260e-11	9.617369104e-11	9.760750190e-11	1.011081948e-10	1.013041974e-10	1.007992326e-10	9.927823406e-11	1.256447703e-10	1.216911086e-10	1.194909960e-10	1.192714821e-10	1.157748585e-10	1.120302361e-10	1.096363062e-10	1.082248009e-10	1.054819698e-10	1.041861369e-10	1.029560151e-10	1.013828698e-10	1.013104520e-10	1.005235780e-10	9.860725850e-11	9.744329978e-11	9.919059429e-11	9.664866396e-11	9.808262555e-11	9.504221102e-11	9.505811128e-11	9.279771338e-11	9.343945056e-11	9.357569537e-11	9.179049647e-11	9.362588290e-11	8.971962053e-11	9.134137087e-11	9.026844297e-11	8.878595171e-11	8.884917594e-11	8.923387161e-11	9.012285394e-11	9.079119201e-11	8.891812727e-11	8.764045537e-11	8.666225077e-11	8.692818436e-11	8.553838178e-11	8.774663288e-11	8.664152769e-11	8.673918990e-11	8.490523525e-11	9.261708350e-12	9.276704322e-12	9.140610223e-12	9.358014141e-12	9.070302474e-12	9.443016436e-12	9.268189022e-12	9.222975035e-12	9.360576267e-12	9.173390363e-12	9.160805804e-12	9.387930729e-12	9.276101469e-12	9.481749751e-12	9.945117756e-12	9.314005861e-12	9.409256659e-12	9.376401163e-12	9.347690281e-12	9.190270252e-12	9.713923572e-12	9.200066615e-12	9.489662199e-12	9.636984438e-12	9.941802064e-12	9.905103378e-12	9.666373529e-12	9.957024106e-12	1.011625269e-11	1.003464145e-11	9.857553336e-12	9.476926926e-12	9.666750313e-12	9.154023706e-12	8.827051227e-12	9.256207315e-12	9.269997581e-12	9.134054195e-12
9.060204684e-12	8.966385662e-12	8.749283170e-12	9.149954447e-12	9.012353215e-12	9.024711704e-12	8.796682499e-12	8.674152596e-12	8.512361881e-12	8.435874887e-12	8.517410776e-12	8.641523169e-12	8.840540066e-12	8.798114275e-12	9.101198698e-12	9.021245299e-12	8.439718076e-12	8.795928933e-12	8.783796513e-12	8.520952538e-12	9.151913720e-12	8.941593326e-12	8.893440430e-12	8.659005910e-12	8.617182973e-12	8.752598862e-12	8.297746158e-12	8.898640039e-12	8.927727703e-12	8.606557686e-12	9.362535540e-12	8.939257270e-12	9.134581692e-12	8.589677798e-12	8.519746832e-12	8.662999812e-12	8.651922386e-12	8.472121433e-12	7.963840868e-12	8.172880199e-12	8.289381571e-12	8.430223139e-12	8.516581853e-12	7.925785763e-12	8.532708175e-12	8.238666549e-12	8.781837240e-12	8.860735647e-12	8.364210718e-12	8.341453012e-12	8.353434718e-12	8.148464646e-12	8.520952538e-12	8.005287022e-12	8.756442051e-12	8.671213687e-12	8.755160988e-12	8.929460906e-12	8.817933073e-12	8.382974523e-12	8.433237404e-12	8.452001209e-12	8.506634776e-12	8.978668795e-12	8.941216543e-12	8.269261347e-12	8.406033656e-12	8.585081042e-12	8.748378890e-12	8.768725184e-12	8.837902583e-12	8.644236008e-12	8.641071029e-12	9.010620012e-12	8.775356569e-12	8.357880760e-12	8.670610833e-12	8.916198137e-12	9.047469411e-12	9.242718476e-12	9.300215595e-12	9.265024043e-12	9.742031600e-12	1.012763155e-11	1.053071424e-11	1.053425600e-11	1.072332582e-11	1.081322630e-11	1.284883533e-11	2.077597751e-11	6.975990620e-11	6.392669909e-11	5.999157513e-11	5.545382409e-11	5.460048545e-11	5.292764330e-11	5.483371426e-11	7.109643164e-11	2.202405686e-10	2.098347956e-10	1.722774210e-10	1.526066240e-10	1.438236564e-10	1.360324576e-10	1.285965654e-10	1.219067040e-10	1.171857609e-10	8.248312200e-12	8.464661125e-12	8.639036400e-12	8.342809431e-12	8.146053233e-12	8.412212901e-12	8.314249263e-12	8.374459222e-12	8.255546437e-12	8.511382244e-12	8.292923333e-12	7.983810379e-12	7.911694070e-12	7.918250098e-12	7.607102514e-12	7.473796611e-12	7.607856081e-12	7.732119187e-12	8.333992704e-12	7.901370210e-12	8.111012394e-12	8.373781012e-12	8.384330942e-12	8.224725570e-12	8.528563559e-12	8.768348401e-12	8.232261234e-12	8.043718911e-12	8.363080369e-12	7.969869399e-12	8.170318073e-12	8.302192200e-12	7.714636446e-12	7.682459159e-12	7.978007917e-12	7.847942349e-12	7.482537982e-12	7.558572836e-12	7.694742292e-12	7.850956615e-12	7.416977701e-12	7.547872192e-12	7.791123439e-12	7.841461678e-12	8.128419779e-12	8.181696926e-12	8.222766297e-12	8.631048595e-12	8.190513653e-12	8.401512257e-12	7.978309344e-12	8.013350183e-12	7.840406685e-12	7.837995272e-12	7.624509899e-12	7.766331104e-12	7.664448921e-12	8.291190130e-12	7.806345482e-12	8.397970495e-12	8.388400201e-12	7.725487802e-12	8.431127418e-12	8.525097154e-12	8.936393717e-12	8.492090943e-12	8.600830581e-12	9.111748628e-12	9.159298671e-12	8.666466218e-12	9.190119538e-12	8.852672486e-12	9.162991146e-12	8.881684794e-12	8.697663869e-12	9.199840545e-12	8.716201603e-12	8.344693347e-12	8.962014976e-12	8.594877406e-12	8.432333125e-12	8.515150077e-12	9.049579397e-12	8.372952089e-12	8.491337377e-12	8.667445854e-12	8.419899278e-12	8.186745821e-12	8.354414355e-12	8.078156897e-12	8.792990024e-12	8.653203449e-12	8.507539055e-12	8.683346106e-12	8.418316789e-12	8.440396286e-12	8.199405738e-12	8.676940792e-12	8.057659890e-12	8.564584035e-12	8.263760312e-12	8.220204171e-12	9.217549357e-12	8.083205792e-12	8.328039529e-12	8.583573909e-12	8.769177324e-12	8.167153094e-12	8.491714160e-12	8.216285626e-12	8.187800814e-12	7.947563833e-12	8.516129713e-12	8.226684843e-12	8.679427561e-12	8.034450043e-12	7.826616419e-12	7.996319581e-12	8.274611668e-12	8.385913432e-12	8.389681264e-12	7.816066489e-12	8.187122605e-12	8.300308284e-12	8.137387219e-12	8.983943760e-12	8.741069296e-12	8.581313210e-12	8.546498440e-12	8.737904317e-12	8.530598189e-12	7.721569257e-12	7.856909790e-12	8.102647806e-12	8.115759862e-12	8.333691277e-12	8.616354050e-12	8.420803558e-12	8.576641098e-12	8.290964060e-12	8.101442100e-12	8.426832090e-12	8.732252568e-12	8.474909629e-12
8.998261522e-12	8.885377269e-12	8.388550914e-12	9.271429357e-12	8.180566576e-12	8.900373241e-12	7.264079070e-12	6.735753638e-12	7.063479683e-12	6.638166784e-12	6.956925389e-12	7.124367852e-12	7.257523042e-12	7.323309393e-12	7.074557110e-12	7.099424803e-12	7.431370820e-12	7.417053058e-12	7.002214732e-12	7.127909614e-12	7.239663518e-12	7.038461278e-12	7.155791573e-12	6.589034252e-12	7.342299267e-12	7.064911460e-12	6.908697136e-12	7.213740832e-12	7.252097364e-12	7.308011994e-12	7.138987041e-12	7.029569194e-12	7.488265087e-12	7.348327798e-12	7.276437560e-12	7.494971828e-12	7.282767518e-12	6.557761245e-12	6.802745695e-12	6.818947373e-12	7.050292271e-12	7.086614173e-12	7.191435265e-12	6.712920575e-12	6.905908941e-12	6.300041522e-12	6.113835254e-12	6.686847176e-12	5.872844706e-12	6.087083645e-12	6.182861940e-12	6.072087673e-12	6.641482476e-12	6.967173892e-12	6.903723598e-12	6.307426473e-12	7.066720019e-12	6.862428157e-12	6.595138140e-12	6.906737864e-12	7.113290425e-12	6.842081863e-12	6.884055514e-12	7.061821837e-12	6.509005496e-12	7.426397282e-12	7.667689256e-12	7.206205168e-12	7.473721254e-12	7.029870620e-12	6.576751119e-12	7.294372441e-12	6.988349109e-12	7.019019263e-12	7.037255571e-12	7.110200803e-12	7.181412832e-12	7.207034091e-12	7.373346204e-12	6.950294004e-12	7.831966741e-12	7.882907832e-12	7.918852951e-12	8.098653904e-12	8.547930217e-12	8.484932062e-12	9.777675293e-12	1.122098110e-11	2.247202950e-11	5.972782687e-11	5.406063045e-11	4.932197859e-11	4.711998210e-11	4.444067661e-11	4.241388431e-11	4.130478522e-11	4.071851053e-11	4.435657860e-11	6.096329905e-11	2.189867093e-10	2.030251171e-10	1.641036365e-10	1.493808321e-10	1.387984232e-10	1.290756829e-10	1.214913381e-10	1.154003359e-10	1.114435846e-10	1.082722003e-10	1.040526803e-10	9.869700827e-11	9.649764925e-11	9.271097788e-11	9.064002659e-11	8.800555831e-11	8.589255800e-11	8.360759384e-11	8.174779186e-11	7.838439876e-11	7.493238625e-11	7.488679548e-11	7.514865982e-11	7.315999798e-11	7.214479327e-11	6.917295329e-11	6.750335149e-11	6.762565532e-11	6.663222868e-11	6.531032243e-11	6.333974618e-11	6.233124821e-11	6.227013398e-11	6.166599976e-11	6.110640132e-11	5.966407515e-11	5.978992075e-11	5.905195313e-11	6.012352461e-11	6.322723871e-11	7.252127506e-11	8.817066471e-11	1.053406761e-10	1.152453273e-10	1.147670387e-10	1.048618600e-10	9.599954183e-11	9.034364890e-11	8.251650499e-11	8.143589071e-11	7.815373208e-11	7.663062358e-11	7.378711597e-11	6.988168253e-11	6.999901283e-11	6.921605730e-11	6.517355012e-11	6.398186015e-11	6.472939806e-11	6.559961659e-11	6.659206359e-11	6.294970019e-11	6.140127187e-11	6.030453127e-11	5.976098380e-11	5.947229249e-11	5.689690382e-11	5.868458949e-11	6.475765680e-11	7.189807562e-11	7.510352119e-11	8.121049899e-11	8.727052960e-11	8.306788955e-11	8.212623293e-11	8.576972667e-11	7.974586725e-11	7.994390451e-11	7.814740212e-11	7.744748961e-11	7.580968830e-11	7.890202355e-11	7.647780031e-11	7.660997586e-11	7.625971818e-11	7.509704052e-11	7.488634334e-11	7.608903538e-11	7.283792368e-11	7.052861932e-11	6.963519095e-11	7.193002683e-11	7.138776042e-11	7.040224623e-11	6.882631273e-11	6.943941439e-11	6.750463255e-11	6.752957560e-11	6.766649862e-11	6.527053412e-11	6.582425474e-11	6.302015866e-11	6.403280124e-11	6.427416857e-11	6.615574862e-11	6.397628376e-11	6.569577166e-11	6.531220634e-11	6.431832756e-11	6.623894235e-11	6.386694127e-11	6.273877695e-11	6.356973466e-11	6.100150487e-11	7.497428455e-11	6.256598416e-11	7.041174117e-12	7.227154315e-12	7.168978985e-12	7.619234934e-12	7.707929704e-12	7.185708160e-12	7.066720019e-12	7.262873364e-12	7.627147382e-12	7.699715830e-12	7.471686625e-12	7.815765062e-12	7.877030014e-12	7.130697810e-12	7.503713199e-12	7.143508440e-12	7.564827437e-12	7.377490820e-12	7.586605507e-12	7.169054342e-12	7.713430739e-12	7.247123825e-12	7.588866207e-12	7.234840692e-12	7.361741281e-12	7.029795264e-12	7.967608700e-12	7.306052721e-12	7.317733001e-12	7.784718125e-12	7.826993202e-12	8.261801039e-12	7.617049591e-12	7.721267830e-12	7.374777980e-12	7.601149340e-12
8.780932960e-12	8.352530438e-12	8.268884563e-12	8.774452289e-12	8.394127306e-12	8.614017994e-12	8.844307898e-12	8.380337040e-12	8.452453349e-12	8.309803221e-12	8.361497879e-12	8.602789854e-12	8.354112928e-12	8.818234499e-12	8.978970221e-12	9.022978502e-12	8.776863702e-12	8.472422859e-12	8.463304705e-12	8.386214858e-12	8.803539954e-12	8.453659055e-12	8.718236233e-12	8.670384763e-12	8.397518355e-12	8.637453910e-12	8.544313098e-12	8.488850608e-12	8.834963674e-12	8.639488539e-12	8.520877181e-12	8.816350583e-12	8.421481768e-12	8.674077239e-12	8.348837963e-12	8.680407197e-12	8.626753267e-12	8.587793881e-12	7.977329707e-12	8.409500061e-12	7.940329595e-12	7.527375185e-12	8.202947500e-12	7.947413119e-12	8.174311975e-12	8.405355446e-12	8.494050216e-12	8.366320704e-12	8.101517457e-12	8.037765736e-12	7.930307161e-12	8.023674043e-12	8.784926863e-12	8.425400313e-12	8.585081042e-12	8.483048146e-12	8.597364175e-12	8.616806189e-12	8.732780065e-12	8.225780563e-12	8.612134078e-12	8.495105209e-12	8.657423421e-12	8.747323897e-12	8.437608090e-12	8.394730159e-12	8.704672037e-12	8.841971842e-12	8.671138330e-12	9.101274055e-12	9.235258168e-12	9.048298334e-12	9.186427063e-12	9.218378280e-12	9.018683173e-12	9.877748916e-12	9.470672324e-12	1.011451949e-11	1.006109163e-11	9.822211069e-12	1.065075737e-11	1.010939524e-11	1.080094316e-11	1.063553533e-11	1.167070955e-11	1.378092166e-11	1.737422788e-11	3.146094680e-11	7.356903384e-11	6.036330945e-11	5.428511789e-11	5.252245063e-11	5.046174784e-11	4.576220608e-11	4.499801435e-11	4.172158282e-11	4.061519657e-11	4.126364049e-11	4.533523534e-11	8.235147394e-11	2.091561337e-10	1.622779711e-10	1.493838464e-10	1.309085072e-10	1.229131673e-10	1.150465365e-10	1.067395968e-10	1.017811296e-10	1.031277529e-10	9.336107965e-11	9.106247593e-11	9.234685458e-11	8.928714875e-11	8.041284891e-11	8.577756376e-11	8.074389065e-11	7.578112813e-11	7.554375471e-11	7.550102749e-11	7.574141518e-11	7.201744054e-11	7.136643449e-11	6.899164521e-11	6.754283837e-11	6.177549296e-11	6.530060142e-11	6.910226876e-11	6.566871863e-11	6.627752496e-11	6.445140740e-11	6.186290667e-11	6.068319841e-11	5.838240935e-11	5.446032209e-11	5.581960524e-11	5.507990442e-11	6.019209916e-11	6.303658640e-11	7.258562964e-11	8.801475182e-11	1.028147214e-10	1.129944997e-10	1.048424933e-10	9.320554354e-11	8.777481626e-11	8.227400731e-11	7.815177280e-11	7.542476656e-11	7.183816709e-11	6.926225092e-11	6.796641807e-11	6.575462520e-11	6.413912946e-11	6.259559932e-11	6.154294236e-11	5.998351197e-11	6.171822191e-11	5.803931055e-11	5.780035463e-11	5.895007095e-11	6.045230565e-11	5.422468186e-11	5.422588757e-11	5.330811900e-11	5.345649623e-11	5.276788722e-11	5.303668437e-11	5.332416997e-11	5.537778923e-11	5.772251121e-11	6.460407996e-11	7.325298808e-11	7.725992692e-11	7.329579065e-11	7.008213121e-11	7.402026943e-11	6.882359989e-11	7.282277700e-11	7.536003521e-11	7.551300919e-11	7.249708558e-11	6.983202250e-11	6.964935800e-11	7.011355493e-11	6.790703703e-11	6.663878471e-11	6.521793518e-11	6.465019823e-11	6.399316365e-11	6.465539783e-11	6.466300886e-11	6.319325287e-11	5.839017108e-11	6.173668429e-11	5.952835784e-11	5.913024868e-11	5.843636471e-11	5.487455756e-11	5.439468645e-11	5.667723920e-11	5.891322155e-11	5.691468799e-11	5.856627956e-11	5.708439115e-11	5.603015170e-11	5.748724777e-11	5.479626201e-11	5.355513808e-11	5.423176539e-11	5.433357221e-11	5.484720310e-11	5.352356365e-11	5.473439420e-11	7.004415146e-11	6.931507593e-11	8.248387556e-12	8.459687586e-12	8.355469348e-12	8.284784815e-12	8.506333349e-12	8.746947114e-12	8.483198859e-12	8.441828062e-12	8.736397184e-12	8.230301962e-12	8.354188285e-12	8.410027558e-12	8.880253017e-12	8.486137769e-12	8.194658269e-12	8.138668282e-12	8.442958411e-12	8.210407808e-12	8.080869736e-12	8.360442886e-12	8.682291113e-12	8.575209322e-12	8.770835170e-12	8.055474547e-12	8.809116345e-12	8.560891560e-12	8.993890837e-12	8.772869800e-12	8.414775027e-12	8.407616145e-12	8.505579783e-12	7.918626881e-12	8.305733962e-12	8.307617879e-12	8.526679643e-12	8.642954945e-12
1.462951283e-11	1.508760587e-11	1.393645777e-11	1.377180350e-11	1.436372994e-11	1.392198929e-11	1.470803445e-11	1.412198583e-11	1.420774169e-11	1.387933743e-11	1.434391115e-11	1.457736603e-11	1.444217621e-11	1.393992418e-11	1.400714230e-11	1.412017727e-11	1.430133464e-11	1.421979875e-11	1.444971187e-11	1.478052754e-11	1.470291020e-11	1.469341526e-11	1.493734472e-11	1.482702259e-11	1.508504374e-11	1.455867758e-11	1.534080419e-11	1.468278997e-11	1.537396111e-11	1.514540441e-11	1.517554707e-11	1.507321275e-11	1.514223943e-11	1.538624425e-11	1.525512369e-11	1.509883401e-11	1.553477219e-11	1.535165555e-11	1.554260928e-11	1.552685975e-11	1.537283076e-11	1.586001147e-11	1.558239759e-11	1.568149158e-11	1.565059536e-11	1.599603021e-11	1.573582372e-11	1.615518344e-11	1.602647430e-11	1.601878792e-11	1.559219396e-11	1.615375167e-11	1.580258971e-11	1.588269382e-11	1.581615390e-11	1.570025538e-11	1.781898279e-11	1.764317574e-11	1.777399487e-11	1.730859224e-11	1.728658810e-11	1.720060617e-11	1.761951375e-11	1.751431588e-11	1.789403801e-11	1.824248713e-11	1.833932042e-11	1.832168696e-11	1.836840808e-11	1.776525350e-11	1.752388617e-11	1.821769480e-11	1.877013435e-11	1.886237089e-11	1.910931461e-11	1.923900339e-11	1.968481330e-11	2.048909476e-11	2.247270771e-11	2.285778016e-11	2.454697469e-11	2.596955742e-11	2.785045926e-11	3.312519828e-11	4.222519127e-11	1.122391247e-10	9.968742064e-11	9.077461355e-11	8.245689788e-11	7.508272276e-11	6.876082781e-11	6.335353645e-11	5.966950083e-11	5.597717598e-11	5.212569790e-11	4.968881474e-11	4.648555451e-11	4.442417351e-11	4.300008365e-11	4.203988929e-11	4.633559479e-11	1.089195138e-10	1.699079820e-10	1.408978593e-10	1.203295647e-10	1.080877272e-10	1.030405652e-10	9.762302537e-11	9.268656233e-11	8.655336042e-11	8.264860519e-11	8.058255207e-11	7.789066203e-11	7.507774922e-11	7.305472475e-11	7.080389714e-11	6.706311797e-11	6.685008474e-11	6.630691405e-11	6.329830003e-11	6.178905716e-11	6.024944556e-11	5.792446702e-11	5.672750209e-11	5.544937804e-11	5.400788080e-11	5.343645137e-11	5.216548620e-11	5.145924374e-11	4.975414895e-11	4.896011599e-11	4.888973288e-11	4.976914492e-11	5.104433005e-11	5.718363585e-11	7.348463440e-11	9.591529310e-11	1.180461831e-10	1.318495610e-10	1.311256097e-10	1.122767277e-10	1.052964417e-10	9.643337003e-11	8.973634971e-11	8.357594405e-11	8.067539146e-11	7.771214214e-11	7.368485701e-11	7.129070107e-11	6.954973652e-11	6.786385767e-11	6.615461827e-11	6.472563023e-11	6.349754300e-11	6.257917157e-11	6.141920675e-11	5.987771124e-11	5.869204980e-11	5.874193590e-11	6.061801491e-11	6.220216228e-11	5.510379247e-11	5.409039632e-11	5.291528481e-11	5.110092289e-11	5.059980121e-11	5.065835332e-11	4.986514929e-11	5.016506873e-11	4.829788180e-11	4.946485479e-11	5.037463556e-11	5.439446038e-11	6.234240100e-11	6.976736650e-11	8.027585053e-11	8.360133924e-11	8.061585971e-11	7.849577588e-11	7.553863045e-11	7.449727699e-11	7.034444768e-11	6.957121316e-11	6.871177063e-11	6.844764559e-11	6.893444952e-11	6.523805541e-11	6.232687753e-11	5.832370652e-11	5.758536212e-11	5.947033322e-11	5.631273912e-11	5.810125371e-11	5.951351258e-11	5.733917197e-11	5.801406607e-11	5.708484329e-11	5.677429856e-11	5.761211373e-11	5.732199065e-11	5.712176805e-11	5.696721157e-11	5.469347555e-11	5.546467544e-11	5.220045169e-11	5.446243208e-11	5.619382633e-11	5.341437187e-11	5.362484298e-11	5.239856431e-11	5.327564029e-11	5.195147334e-11	5.201748576e-11	1.195503017e-11	1.150145853e-11	1.188396885e-11	1.227755661e-11	1.185578547e-11	1.200898553e-11	1.153567044e-11	1.147621405e-11	1.108827805e-11	1.131811581e-11	1.154034256e-11	1.131299156e-11	1.143160292e-11	1.186588326e-11	1.206030340e-11	1.239865473e-11	1.252065714e-11	1.276134626e-11	1.249021306e-11	1.269880025e-11	1.261892220e-11	1.231478279e-11	1.230008824e-11	1.195020734e-11	1.177394815e-11	1.181788108e-11	1.213701646e-11	1.222021020e-11	1.197326648e-11	1.260837227e-11	1.224869501e-11	1.179632908e-11	1.188374278e-11	1.185427834e-11	1.199798346e-11	1.138744393e-11	1.212360298e-11	1.138269646e-11
2.053430875e-11	1.988179557e-11	1.895664205e-11	1.902318196e-11	1.948233000e-11	1.915422717e-11	1.931925822e-11	1.983665694e-11	1.994999333e-11	1.984230869e-11	2.026709409e-11	2.009935020e-11	1.970508424e-11	1.966710449e-11	2.021140553e-11	2.020108167e-11	2.024343210e-11	1.974675646e-11	2.044116794e-11	2.030944452e-11	2.123746160e-11	2.053913157e-11	2.156616728e-11	2.161936907e-11	2.165177243e-11	2.169510250e-11	2.218469461e-11	2.233789467e-11	2.229697601e-11	2.230850558e-11	2.295514094e-11	2.310291532e-11	2.303569720e-11	2.363983141e-11	2.345761905e-11	2.408345598e-11	2.367615331e-11	2.399182230e-11	2.409905480e-11	2.407682459e-11	2.475940507e-11	2.480665369e-11	2.478449884e-11	2.433107791e-11	2.516226169e-11	2.518682796e-11	2.539940905e-11	2.532729274e-11	2.564145459e-11	2.629969488e-11	2.618055603e-11	2.676351503e-11	2.638537539e-11	2.690307553e-11	2.695537304e-11	2.712537763e-11	2.780750597e-11	2.778301506e-11	2.771624908e-11	2.858970794e-11	3.090436262e-11	3.116856302e-11	3.125718243e-11	3.182718009e-11	3.198196263e-11	3.245806591e-11	3.293311420e-11	3.329995034e-11	3.434002274e-11	3.515681341e-11	3.576855865e-11	3.492343388e-11	3.577692323e-11	3.610442321e-11	3.751871671e-11	3.834598195e-11	4.016305671e-11	4.299722009e-11	4.516771752e-11	4.760799172e-11	5.249954221e-11	5.858994155e-11	6.484929048e-11	9.747721027e-11	1.272878466e-10	1.145388588e-10	1.048927562e-10	9.679093731e-11	8.842137627e-11	8.290406421e-11	7.601624086e-11	7.174751304e-11	6.707947036e-11	6.280946148e-11	5.941569965e-11	5.598644485e-11	5.323720840e-11	4.998745312e-11	4.817844152e-11	4.808906854e-11	4.792441427e-11	5.078012966e-11	1.069931719e-10	2.166079262e-10	1.738131894e-10	1.488645638e-10	1.349608861e-10	1.246132132e-10	1.143082675e-10	1.068506725e-10	1.024041030e-10	1.013194948e-10	9.824810874e-11	9.420454657e-11	9.063972516e-11	8.806267864e-11	8.504441897e-11	8.290828418e-11	8.073092931e-11	7.820444710e-11	7.716874538e-11	7.523132606e-11	7.258080681e-11	7.152837592e-11	6.989268460e-11	6.815277505e-11	6.674624328e-11	6.568748243e-11	6.228045784e-11	6.071341642e-11	5.974033608e-11	5.991561563e-11	6.245136671e-11	7.368161667e-11	9.956278075e-11	1.301084457e-10	1.454715555e-10	1.408199406e-10	1.260433316e-10	1.151036568e-10	1.042560679e-10	9.850507489e-11	9.260510180e-11	8.798513666e-11	8.300217856e-11	8.028150228e-11	7.836653924e-11	7.479101719e-11	7.414362826e-11	7.498521126e-11	7.287130668e-11	7.186951545e-11	7.067948332e-11	6.931130809e-11	6.782211009e-11	6.737079915e-11	6.617609491e-11	6.466594776e-11	6.508530749e-11	5.940319045e-11	6.015291370e-11	5.987560125e-11	5.899769635e-11	5.793192733e-11	5.753223569e-11	5.694000782e-11	5.581425491e-11	5.478232103e-11	5.430780024e-11	5.374496147e-11	5.334127592e-11	5.409951448e-11	5.449980897e-11	5.506309989e-11	5.733306808e-11	6.235724626e-11	7.391981902e-11	8.070787017e-11	9.129894508e-11	8.397028537e-11	9.148771348e-11	9.523602831e-11	8.917260665e-11	8.860260900e-11	8.949317382e-11	8.748725531e-11	8.539075811e-11	8.171237424e-11	7.851732788e-11	8.227513766e-11	7.747906404e-11	7.771967781e-11	7.533026933e-11	7.324093102e-11	7.256083730e-11	7.100758615e-11	7.106116473e-11	6.916662334e-11	7.133101687e-11	6.892555743e-11	6.876768526e-11	7.237078785e-11	6.763771238e-11	7.079636148e-11	6.537090917e-11	6.957746776e-11	6.762949851e-11	6.616034537e-11	6.536066067e-11	6.608958549e-11	6.291330293e-11	6.787674366e-11	2.361458694e-11	2.324413367e-11	2.315589104e-11	2.366952193e-11	2.346334615e-11	2.367231013e-11	2.360373558e-11	2.383395013e-11	2.404728479e-11	2.403643343e-11	2.399197301e-11	2.393538017e-11	2.414253559e-11	2.403530308e-11	2.428789855e-11	2.373184187e-11	2.373568506e-11	2.342340713e-11	2.430123668e-11	2.531546175e-11	2.602939060e-11	2.574755675e-11	2.415451729e-11	2.374970140e-11	2.372377871e-11	2.455594214e-11	2.600113186e-11	2.597347597e-11	2.600150864e-11	2.574823496e-11	2.540588972e-11	2.530792609e-11	2.560792089e-11	2.521749811e-11	2.545095300e-11	2.554951949e-11	2.581899485e-11	2.567717364e-11	2.538953733e-11
3.825585540e-11	3.862706223e-11	3.876421132e-11	3.879970430e-11	3.906036293e-11	3.893105093e-11	3.906503504e-11	3.860129026e-11	3.930135348e-11	3.944076327e-11	3.907694139e-11	3.756762317e-11	3.761230966e-11	3.829526692e-11	3.863911929e-11	3.921213121e-11	3.913880920e-11	3.883263515e-11	3.868244936e-11	3.944377754e-11	3.974934873e-11	3.984346918e-11	3.971167041e-11	4.036229967e-11	4.001181592e-11	4.024677794e-11	4.013148227e-11	3.917746716e-11	3.938334151e-11	3.934882817e-11	3.995484630e-11	3.975093122e-11	4.036832821e-11	4.016448848e-11	4.040728759e-11	4.052612502e-11	4.032808776e-11	4.041919394e-11	4.073576720e-11	4.122475647e-11	4.047269716e-11	4.049236524e-11	4.035476401e-11	4.145564922e-11	4.123477890e-11	4.180884582e-11	4.266384230e-11	4.267062440e-11	4.312969707e-11	4.328493176e-11	4.356390206e-11	4.309382731e-11	4.313293741e-11	4.410164707e-11	4.447149748e-11	4.551262488e-11	4.469199102e-11	4.554178790e-11	4.639037907e-11	4.649617979e-11	4.686135809e-11	4.790225942e-11	4.881204018e-11	4.864715985e-11	4.944028853e-11	5.022188764e-11	5.019355354e-11	5.139843092e-11	5.156459232e-11	5.281475905e-11	5.446235672e-11	5.615878549e-11	5.684837414e-11	5.829228280e-11	6.074808048e-11	6.391102490e-11	6.740862819e-11	7.180184518e-11	7.577879208e-11	8.211229195e-11	9.035156135e-11	1.084966123e-10	1.527194329e-10	1.356324645e-10	1.258387383e-10	1.149345565e-10	1.047238820e-10	9.769431276e-11	9.058222804e-11	8.397601247e-11	7.806096805e-11	7.349028615e-11	6.930573170e-11	6.475697859e-11	6.065825536e-11	5.762967183e-11	5.427893865e-11	5.218003004e-11	4.948587930e-11	4.786345075e-11	4.702096346e-11	4.831287777e-11	6.964212376e-11	1.742065511e-10	2.208243565e-10	1.759880575e-10	1.547319074e-10	1.416469044e-10	1.269041305e-10	1.191279277e-10	1.129570475e-10	1.074517171e-10	1.042634529e-10	1.000721163e-10	9.600737892e-11	9.254579612e-11	8.945715334e-11	8.681341620e-11	8.478473998e-11	8.208267679e-11	8.006733870e-11	7.840165543e-11	7.618812937e-11	7.466554837e-11	7.299082231e-11	7.092190565e-11	6.952961629e-11	6.805435927e-11	6.742837163e-11	6.623592809e-11	6.639101206e-11	6.830627653e-11	7.863096570e-11	9.552268499e-11	1.339379197e-10	1.495372725e-10	1.436427251e-10	1.310206379e-10	1.172229117e-10	1.118194636e-10	1.024519545e-10	9.631920472e-11	9.192124025e-11	8.836169381e-11	8.547387649e-11	8.310571859e-11	8.019303358e-11	7.808327361e-11	7.651902039e-11	7.534488852e-11	7.432410742e-11	7.211502740e-11	7.116877402e-11	6.912924644e-11	6.831765538e-11	6.737991730e-11	6.675438180e-11	6.520550134e-11	6.509713848e-11	6.305753555e-11	6.208573627e-11	6.123593939e-11	6.055358498e-11	5.981531594e-11	5.873741450e-11	5.808603167e-11	5.800532470e-11	5.732138780e-11	5.679811126e-11	5.595818611e-11	5.556211158e-11	5.534124126e-11	5.507681480e-11	5.502165373e-11	5.503205295e-11	5.633534611e-11	6.085011337e-11	7.042070861e-11	8.160732708e-11	8.674016954e-11	9.310825811e-11	9.305241884e-11	1.016271760e-10	9.117000986e-11	8.915188358e-11	9.536714887e-11	9.493241639e-11	9.356469330e-11	9.140369082e-11	8.953484604e-11	9.025729019e-11	8.915565141e-11	8.644974503e-11	8.904095860e-11	8.316720961e-11	8.388837270e-11	8.625796237e-11	7.937239972e-11	7.875861986e-11	7.846186539e-11	7.531549943e-11	7.983832986e-11	7.868333857e-11	7.306994679e-11	7.502959632e-11	7.598986604e-11	7.515220158e-11	7.648850095e-11	7.121104909e-11	7.153696658e-11	7.123772534e-11	7.321086372e-11	3.854725954e-11	3.845871549e-11	3.847642430e-11	3.827348885e-11	3.827205708e-11	3.820815464e-11	3.864288712e-11	3.827755811e-11	3.849511274e-11	3.827446849e-11	3.856104981e-11	3.885607107e-11	3.832111425e-11	3.854499884e-11	3.812669411e-11	3.841817361e-11	3.839971123e-11	3.833219168e-11	3.828999196e-11	3.873919292e-11	3.878086514e-11	3.882698341e-11	3.877076735e-11	3.893790839e-11	3.909133451e-11	3.869284858e-11	3.868305222e-11	3.876021742e-11	3.948183264e-11	3.917475432e-11	3.907437927e-11	3.973254420e-11	3.905749938e-11	3.919894380e-11	3.920052629e-11	3.921265871e-11	3.930534738e-11	3.939878962e-11	3.916269726e-11
6.323620615e-11	6.259575004e-11	6.332994982e-11	6.282046355e-11	6.267886841e-11	6.243539110e-11	6.344592370e-11	6.388713685e-11	6.408396840e-11	6.484559800e-11	6.470061182e-11	6.527091090e-11	6.447808365e-11	6.513157647e-11	6.545221899e-11	6.566404652e-11	6.563149245e-11	6.601792132e-11	6.613291556e-11	6.616516820e-11	6.617127209e-11	6.708308748e-11	6.741548564e-11	6.759973263e-11	6.730267674e-11	6.747780558e-11	6.730787635e-11	6.778382892e-11	6.751857353e-11	6.769739485e-11	6.764117879e-11	6.789829566e-11	6.959623156e-11	6.942479520e-11	6.987859291e-11	6.995274385e-11	6.911010585e-11	6.960753506e-11	7.017775879e-11	7.020089328e-11	7.006570346e-11	7.070269317e-11	7.204110253e-11	7.144789503e-11	7.220078326e-11	7.196627338e-11	7.315087983e-11	7.326172945e-11	7.336768089e-11	7.362735989e-11	7.451136868e-11	7.543810469e-11	7.546063633e-11	7.603583359e-11	7.610252422e-11	7.680025139e-11	7.787657034e-11	7.890277712e-11	7.987962530e-11	8.035444751e-11	8.081932265e-11	8.140356271e-11	8.282637151e-11	8.378098948e-11	8.605125910e-11	8.696397877e-11	8.914351899e-11	9.147573177e-11	9.396438494e-11	9.575071419e-11	1.026438125e-10	1.074426743e-10	1.115288883e-10	1.184100803e-10	1.262311957e-10	1.317384100e-10	1.460261050e-10	1.905596964e-10	1.977151112e-10	1.945619631e-10	1.670206922e-10	1.527610298e-10	1.380952704e-10	1.287881220e-10	1.202066581e-10	1.116471983e-10	1.044233597e-10	9.665386357e-11	9.076315934e-11	8.447163312e-11	7.945355883e-11	7.506516466e-11	7.044715879e-11	6.640517911e-11	6.300810159e-11	5.929286832e-11	5.635885738e-11	5.410117232e-11	5.105141358e-11	5.012166330e-11	4.830345819e-11	4.844143621e-11	5.510891673e-11	1.005024781e-10	2.288998759e-10	2.253748428e-10	1.884149710e-10	1.648441662e-10	1.529946354e-10	1.310372917e-10	1.233150443e-10	1.173336860e-10	1.114835236e-10	1.068719985e-10	1.028348416e-10	9.967581572e-11	9.607557669e-11	9.331465996e-11	9.065133008e-11	8.814368703e-11	8.639156970e-11	8.423003972e-11	8.227543908e-11	8.024992785e-11	7.777913420e-11	7.608330828e-11	7.485092572e-11	7.351176280e-11	7.210236748e-11	7.215398678e-11	7.208857721e-11	7.832938841e-11	1.000443097e-10	1.327706453e-10	1.501472846e-10	1.461909854e-10	1.309216193e-10	1.208631651e-10	1.112452459e-10	1.055166338e-10	1.004245593e-10	9.671588209e-11	9.268904910e-11	8.990688179e-11	8.595035655e-11	8.429740856e-11	8.165126000e-11	8.021074239e-11	7.838040486e-11	7.761221923e-11	7.680831455e-11	7.560524573e-11	7.388342176e-11	7.254169672e-11	7.094451264e-11	7.013977904e-11	6.936345489e-11	6.840702836e-11	6.806362814e-11	6.483173238e-11	6.318323043e-11	6.256801879e-11	6.183291473e-11	6.109675567e-11	6.012164069e-11	5.987914301e-11	6.084099522e-11	6.052916943e-11	6.016067544e-11	5.906129736e-11	5.851179671e-11	5.875278725e-11	5.891050871e-11	5.908578826e-11	5.891593439e-11	5.885798513e-11	6.075704792e-11	6.392428767e-11	6.859044644e-11	7.853955809e-11	8.752508434e-11	9.215198229e-11	9.342068676e-11	9.266779852e-11	9.620466262e-11	9.394547043e-11	1.027472018e-10	9.686712288e-11	9.699357132e-11	9.878479876e-11	9.755105978e-11	9.595071073e-11	9.381525414e-11	9.297148580e-11	9.294496026e-11	9.324864754e-11	8.707776730e-11	8.583860265e-11	8.808814919e-11	8.838015618e-11	8.472151575e-11	8.363427009e-11	8.692381368e-11	8.913673689e-11	8.604734055e-11	8.323796950e-11	8.165985066e-11	8.120296332e-11	8.300956351e-11	8.028798295e-11	8.061540757e-11	9.625914547e-11	9.619531839e-11	9.601642172e-11	9.591649881e-11	7.267545476e-11	7.327514293e-11	7.333881930e-11	7.339013717e-11	7.357091776e-11	7.326918976e-11	7.351959989e-11	7.371386932e-11	7.407234087e-11	7.346104777e-11	7.369111161e-11	7.419434328e-11	7.379623413e-11	7.412682372e-11	7.310182265e-11	7.391492084e-11	7.349774646e-11	7.386073941e-11	7.327981504e-11	7.335223278e-11	7.297002388e-11	7.345140212e-11	7.344243468e-11	7.305947222e-11	7.319940951e-11	7.363323771e-11	7.476923912e-11	7.492650843e-11	7.452907749e-11	7.387709181e-11	7.499659011e-11	7.497955951e-11	7.476358737e-11	7.407987654e-11	7.568060237e-11	7.595158486e-11
1.107378697e-10	1.115459189e-10	1.137255345e-10	1.139913928e-10	1.141004338e-10	1.132281053e-10	1.132730179e-10	1.148733669e-10	1.142069881e-10	1.139876249e-10	1.136718806e-10	1.148086356e-10	1.154353768e-10	1.143953044e-10	1.141421061e-10	1.152410320e-10	1.153650690e-10	1.147491038e-10	1.173154497e-10	1.165940605e-10	1.147215986e-10	1.137764756e-10	1.143772188e-10	1.139033762e-10	1.147995174e-10	1.161043931e-10	1.176064771e-10	1.174091180e-10	1.180107655e-10	1.356204828e-10	1.698110734e-10	2.072644559e-10	1.199649139e-10	2.249841186e-10	1.079236758e-10	2.287861627e-10	2.280301849e-10	2.226204067e-10	2.259146978e-10	2.256948825e-10	2.320978612e-10	2.209621838e-10	2.251588706e-10	2.269118169e-10	2.218722660e-10	2.212802642e-10	2.305746019e-10	2.374008589e-10	2.420434310e-10	2.431261553e-10	2.446457974e-10	2.468110199e-10	2.527672090e-10	2.182315604e-10	2.538160981e-10	2.546940784e-10	2.539374977e-10	2.574016426e-10	2.583853483e-10	2.592842023e-10	2.587998852e-10	2.588646165e-10	2.387581828e-10	2.607667689e-10	2.612881615e-10	2.624784197e-10	2.630429164e-10	2.389886988e-10	2.611269737e-10	2.635317549e-10	2.638742509e-10	2.632453997e-10	2.596117776e-10	2.521685758e-10	2.408959001e-10	2.232834698e-10	2.059367471e-10	1.859908984e-10	1.706168620e-10	1.598120756e-10	1.508449364e-10	1.421495332e-10	1.344251758e-10	1.263649537e-10	1.184989258e-10	1.121484707e-10	1.056005058e-10	9.974725382e-11	9.337856239e-11	8.791317106e-11	8.246254963e-11	7.818847149e-11	7.405606384e-11	6.960384259e-11	6.636275332e-11	6.266696206e-11	5.957794251e-11	5.733721269e-11	5.465760578e-11	5.253586411e-11	5.078661033e-11	4.994510268e-11	5.103573940e-11	5.678062852e-11	9.794705894e-11	2.233693011e-10	2.196593428e-10	1.753832451e-10	1.550574481e-10	1.434532785e-10	1.331569234e-10	1.266149871e-10	1.197655203e-10	1.145350156e-10	1.106035841e-10	1.067430632e-10	1.029172818e-10	9.956225325e-11	9.682643029e-11	9.432873432e-11	9.198793088e-11	8.937117141e-11	8.725086151e-11	8.553182575e-11	8.302056558e-11	8.144402923e-11	7.956312739e-11	7.825109286e-11	7.737989470e-11	7.903457589e-11	8.728243595e-11	1.079150851e-10	1.370053119e-10	1.406830176e-10	1.300764945e-10	1.202249697e-10	1.111398220e-10	1.051933538e-10	1.006510814e-10	9.770305413e-11	9.429587882e-11	9.248121547e-11	9.020989086e-11	8.849944575e-11	8.680527768e-11	8.516092035e-11	8.328265599e-11	8.131577222e-11	7.995837299e-11	7.842870847e-11	7.821326382e-11	7.641661071e-11	7.528852175e-11	7.439953942e-11	7.313957633e-11	7.197652188e-11	7.111187975e-11	7.051746654e-11	6.989743207e-11	6.890370401e-11	6.791728553e-11	6.707947036e-11	6.627383248e-11	6.521152987e-11	6.527271946e-11	6.424402591e-11	6.351698501e-11	6.212703171e-11	6.223833347e-11	6.149667338e-11	6.090489765e-11	6.148054706e-11	6.065260361e-11	6.069653653e-11	6.017943924e-11	6.061854241e-11	6.111273128e-11	6.350440045e-11	6.491937216e-11	6.899322770e-11	7.388809388e-11	8.370827032e-11	8.899257963e-11	9.152237753e-11	9.805790857e-11	9.289326560e-11	9.664233401e-11	9.718648433e-11	9.890197834e-11	9.973090142e-11	1.022736607e-10	1.011879221e-10	9.860771064e-11	9.751262789e-11	9.627858748e-11	9.551409433e-11	9.374004821e-11	9.365911518e-11	9.246418487e-11	9.496188084e-11	9.371427624e-11	9.156992757e-11	8.978329690e-11	9.180481423e-11	8.632729048e-11	8.885949980e-11	8.758913749e-11	8.788913229e-11	8.277912289e-11	8.795401436e-11	8.811392116e-11	8.741559114e-11	8.506423777e-11	1.002858278e-10	9.919926030e-11	9.943279054e-11	9.960407619e-11	1.003962252e-10	1.005166452e-10	9.951553213e-11	9.841555120e-11	9.912691792e-11	9.822527567e-11	9.861306096e-11	9.817629385e-11	9.831268938e-11	9.770802767e-11	9.763967919e-11	9.777366331e-11	9.945893929e-11	9.894704161e-11	1.005416636e-10	9.817983562e-11	9.790734599e-11	9.933143585e-11	9.910024167e-11	9.966089510e-11	9.941267032e-11	9.869504899e-11	9.917823580e-11	9.783327041e-11	9.883875411e-11	9.822934493e-11	9.826272793e-11	9.890107406e-11	9.904884844e-11	9.877424883e-11	9.953542629e-11	9.917348833e-11	9.959752016e-11	9.685657295e-11
2.454802969e-10	2.000714381e-10	2.305384308e-10	2.253242031e-10	2.207765804e-10	2.242787804e-10	2.480651051e-10	2.452194122e-10	2.444055604e-10	2.276084137e-10	1.242808904e-10	2.214137208e-10	2.460188708e-10	2.472235975e-10	2.563437107e-10	1.896809626e-10	2.386503474e-10	1.256522306e-10	2.445136218e-10	2.439820561e-10	2.463098228e-10	2.504121632e-10	2.507087669e-10	2.455754723e-10	2.502324376e-10	2.468171237e-10	2.472725039e-10	2.531971940e-10	2.518887766e-10	2.549448653e-10	2.543359836e-10	2.630348532e-10	2.632045564e-10	2.833537927e-10	2.846366642e-10	2.843405879e-10	2.859008472e-10	2.789724067e-10	2.845962730e-10	1.809793802e-10	2.727676159e-10	2.821335425e-10	2.875488217e-10	2.867645851e-10	2.849716998e-10	2.876256101e-10	2.857793723e-10	2.871696271e-10	2.850001093e-10	2.893346234e-10	2.842257444e-10	2.854959560e-10	2.829008992e-10	2.830481461e-10	2.850124678e-10	2.840670433e-10	2.828328522e-10	2.829205673e-10	2.849133738e-10	2.857010014e-10	2.584212934e-10	2.873197375e-10	2.858285049e-10	2.850759934e-10	2.854488581e-10	2.870898244e-10	2.848056891e-10	2.837271095e-10	2.817728856e-10	2.748961397e-10	2.668022333e-10	2.538711085e-10	2.357672022e-10	2.181053380e-10	2.021163914e-10	1.926783485e-10	1.827253936e-10	1.732432671e-10	1.644713769e-10	1.567828139e-10	1.490423301e-10	1.410484219e-10	1.331567727e-10	1.258081435e-10	1.199756146e-10	1.132333803e-10	1.072743276e-10	1.013874665e-10	9.625477479e-11	9.028796034e-11	8.550989696e-11	8.083311292e-11	7.672708009e-11	7.318644816e-11	6.969200986e-11	6.624602588e-11	6.353085063e-11	6.046353379e-11	5.865082971e-11	5.577846051e-11	5.460500685e-11	5.412325182e-11	5.338144101e-11	5.482632931e-11	6.524076825e-11	1.359798587e-10	2.341912687e-10	2.038208833e-10	1.746739130e-10	1.571174727e-10	1.444732307e-10	1.363105236e-10	1.294535965e-10	1.243722226e-10	1.187941731e-10	1.149608560e-10	1.102003507e-10	1.072702583e-10	1.039560731e-10	1.021269413e-10	9.903882600e-11	9.689394984e-11	9.513542719e-11	9.319974107e-11	9.039677534e-11	8.919981040e-11	8.768868362e-11	8.672509821e-11	8.872129571e-11	9.660586139e-11	1.139198040e-10	1.250551045e-10	1.153022216e-10	1.076095893e-10	1.000984158e-10	9.675868466e-11	9.309281000e-11	9.041749842e-11	8.807616748e-11	8.558239006e-11	8.447464739e-11	8.306464922e-11	8.178109950e-11	8.037275918e-11	7.983094490e-11	7.845621365e-11	7.763625800e-11	7.622015594e-11	7.587313860e-11	7.475484600e-11	7.381627899e-11	7.321259692e-11	7.231005039e-11	7.151790135e-11	7.139469323e-11	7.069297216e-11	6.958990161e-11	6.881387889e-11	6.817914987e-11	6.792873974e-11	6.677480345e-11	6.626463897e-11	6.557994850e-11	6.506872903e-11	6.472540416e-11	6.457996583e-11	6.382217942e-11	6.369301813e-11	6.386257058e-11	6.250818562e-11	6.187699836e-11	6.208249593e-11	6.136472390e-11	6.182228944e-11	6.081077721e-11	5.993317373e-11	6.118529973e-11	6.068402733e-11	6.193351585e-11	6.369580633e-11	6.804087043e-11	7.415576068e-11	7.851280648e-11	8.399974982e-11	9.123813227e-11	8.837435372e-11	9.141190469e-11	9.252838873e-11	9.446294450e-11	1.047393301e-10	1.034075521e-10	1.015045708e-10	1.013115824e-10	1.002509376e-10	9.937137487e-11	9.845232524e-11	9.670714072e-11	9.696154475e-11	9.519925427e-11	9.448969611e-11	9.359913129e-11	9.371955121e-11	9.358616995e-11	9.180217675e-11	9.211686610e-11	8.937878243e-11	9.021102121e-11	9.124129725e-11	8.849394472e-11	8.762342476e-11	8.898135149e-11	8.695116814e-11	8.580770642e-11	1.078947388e-10	1.490762406e-10	1.471689639e-10	1.456512811e-10	1.471715260e-10	1.482586963e-10	1.498280738e-10	1.488344211e-10	1.488237205e-10	1.483160428e-10	1.498811249e-10	1.479794246e-10	1.455946883e-10	1.494338832e-10	1.498582165e-10	1.503000325e-10	1.494853518e-10	1.492820396e-10	1.520605144e-10	1.503348472e-10	1.502811180e-10	1.509569163e-10	1.509129834e-10	1.492326810e-10	1.527197343e-10	1.512863756e-10	1.508769629e-10	1.509241362e-10	1.514367121e-10	1.495833154e-10	1.499065201e-10	1.501215879e-10	1.487724026e-10	1.506890235e-10	1.493985409e-10	1.496152667e-10	1.477576500e-10	1.487962906e-10
3.112337164e-10	3.111724514e-10	3.188283850e-10	3.181296029e-10	3.214424317e-10	3.204510397e-10	3.142222855e-10	3.105281521e-10	3.062082571e-10	2.963601234e-10	2.901934631e-10	2.904169709e-10	2.772001691e-10	2.783237367e-10	2.830465636e-10	3.529774540e-10	3.511004708e-10	3.515711484e-10	3.569793440e-10	3.519055811e-10	3.549267044e-10	3.569523663e-10	3.469202116e-10	3.518259292e-10	3.542302583e-10	3.547121640e-10	3.547723740e-10	3.495171523e-10	3.552334813e-10	3.445314060e-10	3.335819349e-10	3.433497385e-10	3.410835381e-10	3.547741072e-10	3.530328412e-10	3.509370222e-10	3.536861079e-10	3.475227634e-10	3.467269972e-10	3.406613148e-10	3.451655322e-10	3.458250535e-10	3.439112208e-10	3.354810730e-10	3.306849994e-10	3.315413523e-10	3.222556806e-10	3.176370719e-10	3.167935296e-10	3.117621172e-10	3.071916613e-10	3.001111511e-10	2.908570537e-10	2.868559173e-10	2.756056225e-10	2.934194810e-10	2.783596064e-10	2.724050751e-10	2.698767090e-10	2.596046188e-10	2.560032494e-10	2.489011871e-10	2.545387684e-10	2.363294381e-10	2.291921090e-10	2.250600781e-10	2.128677498e-10	2.066530120e-10	2.041584811e-10	1.933144339e-10	1.853598619e-10	1.830051175e-10	1.756044168e-10	1.698417435e-10	1.662290706e-10	1.604354258e-10	1.571106906e-10	1.531699149e-10	1.448272562e-10	1.389335377e-10	1.359922925e-10	1.286739567e-10	1.232432294e-10	1.187828696e-10	1.143357726e-10	1.091550033e-10	1.025397450e-10	9.791156596e-11	9.258166588e-11	8.869311233e-11	8.349576458e-11	7.877745902e-11	7.559220903e-11	7.018212947e-11	6.781231373e-11	6.406663637e-11	6.146653072e-11	5.845625886e-11	5.734278909e-11	5.492180618e-11	5.357133976e-11	5.238386976e-11	5.140423339e-11	5.199676268e-11	5.611944932e-11	7.479139397e-11	1.836861155e-10	2.374193213e-10	2.007603485e-10	1.721879726e-10	1.526180782e-10	1.396555297e-10	1.309006701e-10	1.244028928e-10	1.187877678e-10	1.135878579e-10	1.100521242e-10	1.055322327e-10	1.021905423e-10	1.002744489e-10	9.729891645e-11	9.520294675e-11	9.351593755e-11	9.152584394e-11	8.944095166e-11	8.727949704e-11	9.017937142e-11	1.013087942e-10	1.213727268e-10	1.230231126e-10	1.115664913e-10	1.027505929e-10	9.746439964e-11	9.174279572e-11	8.875528156e-11	8.727550314e-11	8.377496095e-11	7.978927268e-11	7.832546987e-11	7.633138235e-11	7.520819157e-11	7.307122785e-11	7.347204984e-11	7.162784669e-11	6.755286080e-11	6.797161767e-11	6.474153048e-11	6.368955173e-11	6.303862103e-11	6.267886841e-11	6.126510241e-11	6.135063220e-11	5.931931850e-11	5.844503072e-11	5.756328263e-11	5.778633829e-11	5.576896557e-11	5.496792444e-11	5.485044344e-11	5.582751768e-11	5.408572421e-11	5.204310701e-11	5.064177486e-11	5.094214644e-11	5.046852994e-11	4.972875376e-11	4.984103516e-11	5.114621224e-11	4.957088159e-11	4.885130099e-11	4.968391656e-11	4.837602664e-11	4.824965355e-11	5.437599800e-11	5.459219622e-11	5.498495505e-11	5.551863080e-11	5.524697010e-11	5.523189877e-11	5.710104497e-11	5.864254048e-11	6.600993351e-11	7.163990375e-11	7.491806849e-11	8.058940953e-11	8.260452155e-11	8.469061953e-11	8.781437850e-11	8.982881231e-11	9.317065341e-11	9.710449630e-11	9.680028153e-11	9.871434029e-11	1.018769833e-10	9.828571170e-11	9.901433509e-11	9.805617536e-11	9.818360345e-11	9.691753647e-11	9.661799381e-11	9.442443726e-11	9.428306819e-11	9.382678371e-11	9.293953458e-11	9.233200932e-11	9.212688853e-11	8.958179323e-11	8.972271016e-11	8.993024235e-11	8.703119690e-11	8.777044558e-11	8.883862601e-11	8.655901216e-11	8.826463445e-11	2.600902923e-10	2.640172024e-10	2.688483169e-10	2.677974685e-10	2.662669750e-10	2.735299991e-10	2.686719070e-10	2.739290125e-10	2.710832442e-10	2.685188576e-10	2.727792209e-10	2.717022237e-10	2.736517754e-10	2.735916408e-10	2.704100833e-10	2.720551942e-10	2.729038607e-10	2.720561739e-10	2.715688424e-10	2.742937387e-10	2.748870969e-10	2.732769515e-10	2.752959821e-10	2.756564129e-10	2.720115627e-10	2.724596333e-10	2.710758593e-10	2.719983000e-10	2.714111210e-10	2.690979734e-10	2.683308428e-10	2.698116762e-10	2.673778827e-10	2.666544589e-10	2.706383386e-10	2.679823937e-10	2.681760602e-10
4.333044717e-10	4.286998040e-10	4.234273257e-10	4.139329914e-10	4.003318707e-10	3.945379997e-10	4.164034836e-10	4.251505814e-10	4.210924001e-10	4.172743803e-10	4.099736026e-10	4.075070289e-10	4.030193147e-10	3.973240102e-10	3.972885172e-10	3.918125006e-10	3.872872588e-10	4.275265010e-10	4.279678649e-10	4.257592370e-10	4.240463052e-10	4.210779316e-10	4.166352053e-10	4.099233397e-10	4.047283280e-10	3.968112082e-10	3.916748240e-10	3.837002072e-10	3.811976884e-10	3.735796591e-10	3.683327267e-10	3.646827523e-10	3.628114961e-10	3.575362296e-10	3.541075776e-10	3.524130328e-10	3.592967115e-10	3.708797059e-10	3.352760276e-10	3.289487070e-10	3.373383129e-10	3.410302610e-10	3.479255446e-10	3.500520338e-10	3.513282739e-10	3.521605880e-10	3.561969913e-10	3.850260320e-10	2.878293745e-10	2.847664283e-10	2.802010214e-10	2.748091028e-10	2.676256553e-10	2.667099214e-10	2.563275844e-10	2.481500321e-10	2.460575288e-10	2.413835329e-10	2.361641810e-10	2.311580884e-10	2.254851649e-10	2.205547304e-10	2.152032030e-10	2.100023888e-10	2.032624152e-10	2.000788230e-10	1.952123663e-10	1.881975670e-10	1.845356863e-10	1.774264651e-10	1.704946335e-10	1.632885037e-10	1.608222314e-10	1.554503577e-10	1.499564815e-10	1.437971309e-10	1.386380643e-10	1.319795512e-10	1.276463181e-10	1.222431714e-10	1.147997435e-10	1.099548388e-10	1.045020320e-10	9.905472626e-11	9.347223070e-11	8.873568883e-11	8.399492699e-11	7.927202467e-11	7.436382037e-11	7.018981585e-11	6.632326644e-11	6.273229628e-11	5.905775559e-11	5.507214268e-11	5.312183738e-11	5.015775913e-11	4.770806535e-11	4.517713710e-11	4.368251342e-11	4.145753314e-11	3.988318213e-11	3.812789982e-11	3.692603670e-11	3.695859077e-11	3.699837908e-11	4.026350711e-11	6.861493734e-11	1.839946256e-10	1.862980521e-10	1.505595608e-10	1.336944424e-10	1.194813504e-10	1.107233258e-10	1.025646127e-10	9.803326694e-11	9.311232737e-11	8.825755092e-11	8.532052572e-11	8.133544031e-11	7.886464666e-11	7.581436041e-11	7.418869153e-11	7.203914326e-11	7.042914855e-11	6.866587844e-11	6.980120164e-11	7.860979049e-11	9.987754545e-11	1.121849433e-10	1.046850733e-10	9.329770471e-11	8.507252700e-11	8.046755783e-11	7.753535545e-11	7.460661948e-11	7.188647069e-11	6.937927979e-11	6.740463428e-11	6.516043806e-11	6.307207938e-11	6.255648922e-11	6.125477855e-11	6.052306554e-11	5.919912466e-11	5.780314282e-11	5.716637918e-11	5.638545828e-11	5.537959779e-11	5.453793943e-11	5.382672343e-11	5.327089282e-11	5.202675462e-11	5.141207048e-11	5.115578253e-11	5.052534884e-11	5.043213268e-11	5.023846610e-11	4.911437104e-11	4.917329994e-11	4.944111745e-11	4.838853584e-11	4.702345023e-11	4.679014606e-11	4.622278589e-11	4.537547578e-11	4.594313738e-11	4.552920334e-11	4.464888702e-11	4.347535800e-11	4.371574570e-11	4.307189853e-11	4.291530742e-11	4.325139805e-11	4.205488526e-11	4.279051682e-11	4.235344828e-11	4.256082977e-11	4.219550076e-11	4.320776656e-11	4.272977936e-11	4.214704643e-11	4.419358218e-11	4.693663938e-11	5.262282568e-11	5.356855156e-11	6.095109128e-11	6.287404212e-11	6.589915925e-11	7.185045022e-11	7.124767242e-11	7.369374909e-11	7.643349060e-11	7.653831169e-11	7.900488537e-11	8.200076412e-11	8.065474374e-11	7.780890007e-11	7.560999320e-11	7.599114710e-11	7.505747828e-11	7.344160576e-11	7.348425762e-11	7.274990712e-11	7.075898458e-11	7.116560904e-11	6.949645937e-11	6.849293494e-11	6.769664128e-11	6.853845035e-11	6.624052484e-11	6.680449397e-11	6.465245892e-11	6.604708434e-11	6.880468537e-11	6.869941214e-11	4.860689679e-10	4.794941007e-10	4.802752477e-10	4.815119256e-10	4.876978771e-10	4.898792259e-10	4.923390928e-10	4.806567030e-10	4.880672000e-10	4.886032872e-10	4.843753273e-10	4.929588259e-10	4.939299470e-10	4.875401557e-10	4.873214707e-10	4.882601884e-10	4.956401660e-10	4.975125525e-10	4.859419166e-10	4.925060832e-10	4.991923275e-10	4.922188990e-10	4.938768205e-10	4.942197686e-10	4.972735213e-10	5.022680089e-10	5.006706741e-10	5.257276626e-10	5.253675332e-10	5.247086147e-10	5.249867561e-10	5.247118550e-10	5.251841905e-10	5.263803265e-10	5.264974307e-10	5.255189247e-10
4.253820770e-10	4.315424827e-10	4.121033320e-10	4.123995590e-10	4.067885033e-10	3.943187119e-10	3.881350210e-10	4.794573267e-10	4.648265328e-10	4.515911932e-10	4.396805481e-10	4.212371602e-10	4.146050973e-10	4.114870654e-10	4.087245662e-10	4.053362300e-10	4.033315926e-10	4.009788828e-10	4.130744531e-10	4.213929977e-10	4.234806028e-10	4.278581456e-10	4.306669138e-10	3.956864350e-10	3.943684473e-10	4.062130800e-10	4.144621457e-10	4.146929631e-10	4.140422585e-10	3.652498110e-10	3.626271738e-10	3.592218070e-10	3.552747767e-10	3.520198972e-10	3.487009645e-10	3.450657600e-10	3.421426004e-10	3.379866061e-10	3.343992531e-10	3.304694041e-10	3.279379483e-10	3.253222438e-10	3.232780442e-10	3.214404724e-10	3.197178195e-10	3.178932091e-10	3.006041342e-10	2.962674347e-10	2.916416671e-10	2.875558299e-10	2.823963111e-10	2.776704699e-10	2.735935248e-10	2.687936079e-10	2.642471155e-10	2.588798386e-10	2.537282323e-10	2.493733718e-10	2.436111507e-10	2.383059676e-10	2.331913614e-10	2.274882199e-10	2.226094800e-10	2.117942191e-10	2.070017626e-10	2.021236256e-10	1.969179133e-10	1.911122867e-10	1.870877897e-10	1.805592669e-10	1.760215158e-10	1.702665289e-10	1.641860767e-10	1.601052883e-10	1.553367199e-10	1.491054036e-10	1.438697747e-10	1.387434129e-10	1.322588983e-10	1.258578789e-10	1.196684609e-10	1.148041142e-10	1.095267377e-10	1.034771063e-10	9.845134561e-11	9.303651858e-11	8.815355876e-11	8.315794074e-11	7.833895871e-11	7.403526540e-11	6.966239470e-11	6.544121692e-11	6.209281979e-11	5.805287474e-11	5.533152025e-11	5.237030556e-11	4.966311812e-11	4.838522015e-11	4.538218252e-11	4.349585501e-11	4.199776492e-11	4.026727495e-11	3.896594106e-11	3.784870345e-11	3.718903139e-11	3.654058747e-11	3.960700003e-11	6.306763334e-11	1.644945868e-10	1.991893132e-10	1.610697026e-10	1.375351445e-10	1.252244309e-10	1.159126104e-10	1.089883898e-10	1.041672978e-10	9.858819327e-11	9.527091844e-11	9.176442307e-11	8.839786500e-11	8.611734687e-11	8.323487988e-11	8.087056517e-11	7.956177097e-11	7.857407144e-11	8.322500816e-11	1.036099600e-10	1.198933251e-10	1.161230815e-10	1.046826619e-10	9.529164152e-11	8.989716079e-11	8.655320970e-11	8.372997303e-11	8.149210677e-11	7.915974327e-11	7.679723712e-11	7.425078540e-11	7.193854214e-11	7.098301989e-11	7.007233484e-11	6.856994943e-11	6.717396760e-11	6.575206308e-11	6.480294614e-11	6.328096800e-11	6.198362802e-11	6.140104580e-11	6.109178213e-11	5.976595733e-11	5.960431733e-11	5.883944739e-11	5.833433181e-11	5.771083094e-11	5.666578499e-11	5.614145346e-11	5.548358996e-11	5.494245390e-11	5.455941608e-11	5.493228075e-11	5.501863947e-11	5.489784277e-11	5.515111645e-11	5.107469878e-11	5.041193710e-11	5.029249681e-11	4.930253658e-11	4.889817283e-11	4.841491067e-11	4.739541063e-11	4.781394143e-11	4.769028118e-11	4.632135238e-11	4.612165727e-11	4.588496205e-11	4.586823288e-11	4.558994079e-11	4.544005643e-11	4.540102169e-11	4.475227634e-11	4.471866727e-11	4.515249547e-11	4.488837044e-11	4.558557011e-11	4.711410428e-11	4.943117037e-11	5.201025152e-11	5.472693390e-11	5.716811238e-11	6.200736536e-11	6.513737893e-11	6.504559454e-11	6.606321066e-11	6.992358083e-11	7.047986357e-11	7.167208104e-11	7.366601785e-11	7.339330215e-11	7.782751316e-11	7.454527917e-11	7.435266759e-11	7.392283329e-11	7.422222524e-11	7.370354545e-11	7.265782130e-11	7.198737324e-11	7.149099903e-11	7.080502749e-11	6.989780885e-11	6.880310289e-11	6.879654686e-11	6.891628856e-11	6.803657510e-11	6.487754169e-10	6.498855709e-10	6.496312423e-10	6.492546851e-10	6.487705940e-10	6.499250578e-10	6.498878316e-10	6.486509277e-10	6.486148318e-10	6.488408264e-10	6.485135525e-10	6.490290673e-10	6.368391505e-10	6.359653902e-10	6.347999997e-10	6.381148631e-10	6.352819808e-10	6.342342220e-10	6.341554743e-10	6.483100142e-10	6.481816819e-10	6.469243562e-10	6.479642026e-10	6.480789707e-10	6.472313592e-10	6.463952772e-10	6.474541135e-10	6.476672220e-10	6.470826052e-10	6.477724199e-10	6.480523699e-10	6.463659635e-10	6.481625413e-10	6.477266031e-10	6.470633893e-10	6.460654412e-10	6.467842682e-10	6.470684382e-10
4.050003655e-10	3.976195590e-10	3.920207864e-10	3.824532054e-10	3.769857041e-10	3.703675822e-10	3.658516092e-10	3.587472862e-10	3.621567976e-10	3.608874149e-10	3.571311876e-10	3.621375063e-10	3.456373401e-10	3.418215811e-10	3.361165556e-10	4.414353783e-10	4.039240465e-10	4.012645598e-10	3.986278309e-10	3.963671315e-10	3.923313311e-10	3.893997316e-10	3.858981344e-10	3.833397763e-10	3.803337244e-10	3.970611662e-10	4.282319900e-10	4.238237016e-10	4.196010921e-10	4.121798190e-10	4.065413335e-10	4.031777897e-10	4.020863994e-10	3.504178903e-10	3.469823055e-10	3.432782250e-10	3.393935900e-10	3.355378920e-10	3.312078238e-10	3.273962848e-10	3.231812109e-10	3.191481233e-10	3.157385366e-10	3.118110990e-10	3.084335388e-10	3.058563416e-10	3.028151735e-10	2.997303739e-10	2.964042824e-10	2.940077904e-10	2.911394151e-10	2.891602482e-10	2.851722238e-10	2.830323212e-10	2.807952839e-10	2.786259168e-10	2.697218511e-10	2.676468305e-10	2.641164471e-10	2.753466217e-10	2.576627534e-10	2.632973204e-10	2.189904772e-10	2.132993173e-10	2.089725649e-10	2.019161687e-10	1.974163975e-10	1.921395484e-10	1.865923952e-10	1.810482561e-10	1.754583756e-10	1.707318562e-10	1.644381446e-10	1.603113887e-10	1.543508289e-10	1.488853622e-10	1.424844935e-10	1.370717764e-10	1.309504055e-10	1.258183166e-10	1.194760000e-10	1.144632007e-10	1.098130929e-10	1.043984166e-10	9.884606371e-11	9.357147540e-11	8.829093392e-11	8.377337846e-11	7.854016095e-11	7.384815485e-11	6.970406692e-11	6.593329581e-11	6.174346639e-11	5.857652806e-11	5.561448445e-11	5.307888409e-11	4.982279885e-11	4.737016615e-11	4.520419013e-11	4.358658441e-11	4.159136654e-11	4.043147707e-11	3.916691723e-11	3.803694435e-11	3.707275609e-11	3.712264218e-11	3.775571335e-11	4.239082518e-11	7.197622046e-11	2.002721882e-10	2.225529625e-10	1.808056077e-10	1.570205641e-10	1.421412440e-10	1.309239553e-10	1.221668351e-10	1.163384508e-10	1.109737359e-10	1.056393145e-10	1.016841456e-10	9.800719355e-11	9.456339491e-11	9.186525026e-11	9.068433629e-11	9.443016436e-11	1.117684471e-10	1.263490535e-10	1.204190884e-10	1.100528024e-10	1.009230435e-10	9.602237489e-11	9.161288086e-11	8.911412990e-11	8.590114866e-11	8.349305174e-11	8.167718269e-11	7.940397416e-11	7.801869297e-11	7.629483438e-11	7.503788555e-11	7.314357023e-11	7.173289385e-11	7.051445227e-11	6.985274558e-11	6.868614937e-11	6.715580664e-11	6.660743634e-11	6.569961485e-11	6.502291219e-11	6.407371990e-11	6.311292268e-11	6.282762243e-11	6.149049414e-11	6.078440238e-11	5.965699163e-11	5.961999151e-11	5.892399755e-11	5.836243984e-11	5.821911150e-11	5.748001353e-11	5.760299558e-11	5.814601556e-11	5.830742949e-11	5.612246359e-11	5.348580997e-11	5.328920448e-11	5.240135250e-11	5.181673566e-11	5.185456469e-11	5.077274471e-11	5.095126460e-11	5.026551914e-11	4.987773384e-11	4.978640159e-11	4.928452634e-11	4.843352376e-11	4.851995783e-11	4.774777830e-11	4.836811419e-11	4.705359289e-11	4.749684067e-11	4.804822524e-11	4.751221343e-11	4.844769081e-11	4.817761260e-11	4.868657137e-11	5.079196065e-11	5.208455317e-11	5.594303942e-11	5.776350523e-11	6.009714979e-11	6.367892644e-11	6.855193919e-11	6.939050793e-11	6.961703000e-11	7.181442974e-11	7.275013319e-11	7.395734663e-11	7.555520891e-11	7.855153980e-11	7.728366426e-11	8.061653792e-11	7.743807003e-11	7.915002227e-11	7.791183725e-11	7.710604865e-11	7.612023303e-11	7.517262323e-11	7.496720102e-11	7.415365069e-11	7.329722243e-11	7.257394936e-11	7.261788228e-11	7.337898439e-11	6.364471452e-11	4.364011023e-10	4.390659393e-10	4.373982214e-10	4.256289454e-10	4.269107619e-10	4.231938708e-10	4.535277836e-10	4.508381543e-10	4.552896220e-10	4.588126204e-10	4.562549406e-10	4.565492836e-10	4.578207009e-10	4.565599089e-10	4.622157265e-10	4.523478493e-10	4.245063575e-10	4.373053820e-10	4.381844173e-10	4.293710056e-10	4.382450040e-10	4.350703040e-10	4.346550889e-10	4.369643932e-10	4.344223122e-10	4.345550152e-10	4.340680606e-10	4.370898620e-10	4.406709605e-10	4.508964803e-10	4.373426082e-10	4.354654742e-10	4.353841644e-10	4.379982110e-10	4.385157605e-10	4.374805862e-10
4.010741336e-10	3.936639380e-10	3.803760749e-10	3.693738541e-10	3.642122254e-10	3.567081354e-10	3.494981624e-10	3.440930564e-10	3.391401656e-10	3.342193768e-10	3.277004242e-10	3.242973935e-10	3.216477032e-10	3.235338046e-10	4.284447971e-10	4.271680295e-10	4.166402542e-10	4.128583303e-10	4.067079470e-10	3.980606214e-10	4.092428692e-10	4.071199972e-10	4.020038085e-10	3.992287247e-10	3.676976963e-10	3.585698213e-10	3.589364314e-10	3.628634922e-10	3.869393371e-10	3.824477044e-10	3.775888587e-10	3.719852633e-10	3.669684700e-10	3.624870104e-10	3.581023087e-10	3.506389867e-10	3.411217439e-10	3.331731251e-10	3.290117051e-10	3.252089828e-10	3.198334920e-10	3.154190997e-10	3.122398029e-10	3.076199131e-10	2.687116953e-10	3.040168859e-10	2.956778443e-10	2.940787763e-10	3.008322388e-10	2.938442665e-10	2.575237204e-10	2.553198400e-10	2.532879234e-10	2.478336849e-10	2.499587422e-10	2.463468983e-10	2.431116868e-10	2.406902518e-10	2.364413428e-10	2.320033639e-10	2.295875053e-10	2.249822347e-10	2.211621050e-10	2.126867432e-10	2.120104927e-10	2.063552026e-10	2.001098700e-10	1.965813705e-10	1.908293978e-10	1.852751610e-10	1.791562015e-10	1.743611829e-10	1.690900610e-10	1.627844431e-10	1.593221821e-10	1.530867212e-10	1.470046864e-10	1.423985116e-10	1.370636379e-10	1.315057840e-10	1.257388154e-10	1.205091396e-10	1.154736580e-10	1.105521909e-10	1.066527860e-10	1.012194966e-10	9.687963208e-11	9.216245687e-11	8.878738349e-11	8.561321092e-11	8.217197441e-11	7.922635855e-11	7.574322374e-11	7.228593626e-11	6.987776399e-11	6.760146584e-11	6.504521775e-11	6.338458339e-11	6.126969917e-11	5.998938978e-11	5.854412471e-11	5.709878427e-11	5.759093851e-11	5.939414765e-11	6.676116390e-11	1.062234038e-10	2.018556574e-10	2.256034748e-10	2.080645927e-10	1.896912111e-10	1.890428425e-10	2.002553837e-10	1.810793784e-10	1.567411416e-10	1.420137405e-10	1.314925212e-10	1.237292797e-10	1.181827293e-10	1.119077062e-10	1.063347056e-10	1.025560974e-10	9.850243741e-11	9.729492254e-11	1.004594495e-10	1.161742487e-10	1.246295656e-10	1.158881195e-10	1.068939272e-10	9.994672285e-11	9.530256823e-11	9.185598140e-11	8.970628241e-11	8.698221508e-11	8.428783827e-11	8.212389687e-11	8.114328086e-11	7.969673472e-11	7.789706735e-11	7.664772954e-11	7.504022161e-11	7.402418798e-11	7.250876586e-11	7.133832646e-11	7.045017306e-11	6.930497814e-11	6.833069208e-11	6.775202841e-11	6.657676619e-11	6.579305709e-11	6.518982715e-11	6.444161103e-11	6.373936247e-11	6.289838232e-11	6.238068217e-11	6.146351646e-11	6.081235970e-11	6.011086469e-11	5.966565764e-11	5.936408035e-11	5.944863051e-11	6.005736148e-11	5.938555699e-11	5.981561736e-11	5.732636134e-11	5.537462425e-11	5.444811431e-11	5.410011733e-11	5.310623855e-11	5.227302014e-11	5.187317778e-11	5.193210668e-11	5.137145325e-11	5.055669721e-11	5.045978856e-11	4.994608232e-11	4.969883717e-11	4.973131589e-11	4.898438083e-11	4.912657882e-11	4.895612209e-11	4.844090871e-11	4.841415710e-11	4.813955749e-11	4.798040426e-11	4.843894944e-11	4.856826144e-11	4.869094206e-11	4.894097540e-11	5.114161548e-11	5.209065706e-11	5.348905030e-11	5.861571352e-11	6.187843014e-11	6.270690109e-11	6.295165947e-11	6.479744511e-11	6.505471269e-11	6.939111078e-11	6.991838122e-11	7.308509348e-11	7.373926450e-11	7.464738742e-11	7.580554369e-11	7.574578587e-11	7.601209625e-11	7.513358849e-11	7.576040506e-11	7.533697607e-11	7.534353210e-11	7.579175342e-11	7.399276426e-11	7.307130321e-11	7.283852654e-11	7.292496061e-11	1.788998382e-10	1.777348245e-10	1.603957128e-10	1.546713960e-10	1.561499688e-10	1.550189409e-10	1.548823193e-10	1.537157231e-10	1.554425206e-10	1.548332621e-10	1.564819901e-10	1.576797086e-10	1.547393677e-10	1.564886215e-10	1.560942048e-10	1.561382131e-10	1.557361854e-10	1.584277740e-10	1.573947852e-10	1.573928259e-10	1.559486158e-10	1.555101909e-10	1.566990173e-10	1.581102965e-10	1.584570878e-10	1.573514551e-10	1.593795285e-10	1.574711215e-10	1.576775987e-10	1.583575417e-10	1.573445223e-10	1.602005391e-10	1.600777831e-10	1.588928753e-10	1.602163640e-10	1.587294267e-10	1.588219647e-10
2.160382299e-10	2.325687648e-10	2.462988207e-10	2.507502131e-10	2.377689008e-10	2.432076912e-10	2.584555806e-10	2.591348454e-10	2.453330500e-10	2.350624669e-10	2.308923809e-10	2.275953770e-10	2.241628065e-10	2.210911190e-10	2.183637360e-10	2.242949067e-10	2.289363485e-10	2.332034185e-10	2.442999858e-10	2.507866857e-10	2.645248048e-10	2.711579227e-10	2.757570894e-10	2.787866525e-10	2.794021656e-10	2.773658030e-10	2.753350168e-10	3.257661698e-10	2.686236034e-10	2.805521080e-10	2.853940738e-10	2.960399330e-10	3.078716043e-10	3.119948185e-10	3.215312018e-10	3.298498217e-10	3.372335672e-10	3.424135075e-10	2.856342354e-10	2.780651127e-10	2.724570712e-10	2.671875318e-10	2.657418899e-10	2.614278728e-10	2.559367095e-10	2.510814809e-10	2.669325249e-10	2.615693925e-10	2.443788088e-10	2.411116461e-10	2.399675816e-10	2.380355879e-10	2.362858820e-10	2.338438746e-10	2.330273854e-10	2.299444697e-10	2.313251541e-10	2.283562531e-10	2.262909535e-10	2.244160802e-10	2.228007352e-10	2.196454771e-10	2.166776311e-10	2.139740607e-10	2.093441485e-10	2.057311742e-10	2.018338793e-10	1.968002815e-10	1.927031408e-10	1.881470781e-10	1.829831887e-10	1.761976243e-10	1.728370948e-10	1.667301170e-10	1.599617339e-10	1.553894695e-10	1.500824025e-10	1.433685776e-10	1.368922769e-10	1.330300982e-10	1.271522046e-10	1.209794404e-10	1.164044632e-10	1.109545200e-10	1.060707313e-10	1.021316134e-10	9.710894235e-11	9.227390934e-11	8.878436922e-11	8.512753735e-11	8.105330503e-11	7.740182348e-11	7.452621394e-11	7.138979505e-11	7.150810498e-11	6.698519920e-11	6.436550082e-11	6.275912324e-11	6.067822487e-11	5.880809903e-11	5.760955161e-11	5.651394136e-11	5.585133038e-11	5.644710001e-11	5.801798462e-11	6.750146757e-11	1.061033607e-10	2.052721015e-10	2.260364741e-10	2.132826635e-10	1.941092958e-10	2.018056206e-10	2.215675991e-10	1.773189312e-10	1.525261431e-10	1.393154452e-10	1.300487633e-10	1.222327722e-10	1.165942866e-10	1.113946028e-10	1.072010809e-10	1.034192324e-10	1.030364206e-10	1.103955998e-10	1.229713426e-10	1.184124917e-10	1.085361746e-10	1.028979905e-10	9.876181498e-11	9.506715407e-11	9.198235449e-11	8.938322847e-11	8.694212534e-11	8.533378849e-11	8.338092105e-11	8.191161721e-11	8.055828723e-11	7.888928828e-11	7.742201906e-11	7.594879667e-11	7.472274407e-11	7.378447849e-11	7.283619048e-11	7.123305323e-11	7.071196204e-11	6.963240275e-11	6.952614989e-11	6.774223205e-11	6.731495988e-11	6.617797883e-11	6.535832461e-11	6.475667716e-11	6.385217136e-11	6.347011318e-11	6.307343580e-11	6.276658355e-11	6.219937409e-11	6.171912619e-11	6.154821733e-11	6.207043887e-11	6.148499310e-11	6.179757246e-11	6.155914404e-11	5.944621909e-11	5.728559339e-11	5.628960463e-11	5.565095707e-11	5.545495444e-11	5.530047332e-11	5.465903756e-11	5.411963470e-11	5.380878854e-11	5.366515878e-11	5.317820415e-11	5.307338305e-11	5.208583423e-11	5.180731608e-11	5.196059149e-11	5.152721543e-11	5.142879965e-11	5.103852759e-11	5.090009744e-11	5.106746454e-11	5.029189396e-11	5.025557206e-11	5.067161609e-11	5.021585911e-11	5.096814449e-11	5.158991216e-11	5.390283364e-11	5.378799011e-11	5.556301586e-11	5.914569680e-11	5.957636002e-11	6.113985967e-11	6.356001365e-11	6.463716153e-11	6.710629733e-11	6.890852683e-11	6.952765702e-11	7.160765111e-11	7.332857079e-11	7.373037242e-11	7.507933171e-11	7.690070180e-11	7.669339567e-11	7.552393591e-11	7.552928623e-11	7.539273999e-11	7.485499498e-11	7.537420226e-11	7.475891526e-11	7.373263312e-11	7.390060308e-11	7.252074757e-11	9.908042287e-11	9.833951635e-11	9.861863736e-11	9.904492989e-11	9.817410851e-11	9.804720792e-11	9.729454576e-11	9.821269111e-11	9.777223153e-11	9.824388876e-11	9.585824812e-11	9.789634392e-11	9.773485463e-11	9.686230005e-11	9.675936287e-11	9.665333608e-11	9.646358805e-11	9.709696064e-11	9.743327734e-11	9.675996573e-11	9.656735415e-11	9.618032242e-11	9.612915526e-11	9.695227588e-11	9.692017395e-11	9.807230169e-11	9.808654409e-11	9.772407863e-11	9.743116736e-11	9.809068871e-11	9.696712114e-11	9.726131348e-11	9.732657234e-11	9.838141464e-11	9.723689793e-11	9.701979544e-11
8.535277836e-11	8.458466809e-11	8.635615208e-11	8.828226790e-11	1.025922686e-10	1.281620590e-10	1.450977112e-10	1.674570825e-10	1.924139220e-10	1.950963171e-10	2.094266640e-10	2.216691045e-10	1.964903397e-10	1.745763261e-10	1.570115213e-10	1.409380244e-10	1.287185678e-10	1.043400152e-10	9.295468127e-11	9.241995052e-11	9.390575747e-11	9.569314172e-11	9.359453453e-11	9.528900403e-11	9.474040766e-11	9.570881590e-11	9.800455606e-11	9.993459043e-11	1.003159704e-10	9.915871842e-11	9.973790959e-11	1.008600454e-10	1.026542117e-10	1.114551895e-10	1.176950965e-10	1.277600313e-10	1.466948199e-10	2.130159010e-10	1.950238240e-10	2.080773280e-10	2.245053025e-10	2.312684859e-10	2.392586263e-10	2.485526626e-10	2.601489198e-10	2.690777025e-10	2.757542258e-10	2.754703573e-10	2.719111877e-10	2.660384183e-10	2.687599989e-10	2.584274726e-10	2.863326408e-10	2.764129182e-10	2.739107762e-10	2.721878973e-10	2.771872078e-10	2.748073696e-10	2.690924724e-10	2.603703176e-10	2.551081632e-10	2.456126985e-10	2.362341120e-10	2.284146545e-10	2.212260074e-10	2.137604246e-10	2.053711955e-10	1.980273138e-10	1.905425904e-10	1.815315936e-10	1.753023874e-10	1.665921389e-10	1.611259940e-10	1.527455063e-10	1.474061866e-10	1.419846529e-10	1.351390292e-10	1.290819375e-10	1.227720997e-10	1.165480176e-10	1.113509713e-10	1.069784020e-10	1.014230349e-10	9.536692280e-11	9.003054205e-11	8.556920264e-11	8.042950273e-11	7.568429485e-11	7.166740893e-11	6.718210611e-11	6.375247452e-11	6.018290565e-11	5.692832754e-11	5.419129887e-11	5.148501571e-11	4.862786854e-11	4.563598370e-11	4.410714811e-11	4.223174730e-11	4.012681016e-11	3.861168947e-11	3.683990406e-11	3.651730226e-11	3.568702276e-11	3.481831136e-11	3.398584652e-11	3.369625093e-11	3.393385043e-11	3.524339819e-11	3.963254593e-11	5.861887850e-11	1.367197856e-10	2.325036567e-10	2.061703527e-10	1.691179429e-10	1.510556335e-10	1.384007662e-10	1.292162984e-10	1.217550110e-10	1.177246363e-10	1.117896223e-10	1.084283392e-10	1.118014533e-10	1.165886349e-10	1.175767865e-10	1.083544897e-10	1.033801976e-10	9.926316273e-11	9.537867844e-11	9.290675444e-11	8.971841483e-11	8.817737145e-11	8.677724501e-11	8.456319144e-11	8.272290684e-11	8.108374911e-11	7.978354558e-11	7.892025986e-11	7.727612860e-11	7.612784405e-11	7.485514569e-11	7.382095111e-11	7.302156783e-11	7.280974030e-11	7.252127506e-11	7.182143791e-11	7.112973927e-11	7.030933149e-11	6.940271570e-11	6.923632823e-11	6.817741667e-11	6.766476542e-11	6.702551501e-11	6.697020323e-11	6.625054728e-11	6.524551571e-11	6.442231973e-11	6.446580052e-11	6.408020057e-11	6.411915995e-11	6.516269876e-11	6.441666799e-11	6.412179744e-11	6.038667001e-11	6.004025552e-11	5.974063750e-11	5.897998754e-11	5.944410911e-11	5.895534591e-11	5.817239038e-11	5.767872900e-11	5.769719138e-11	5.672524139e-11	5.638862326e-11	5.638560899e-11	5.559986526e-11	5.548818672e-11	5.514245043e-11	5.474027202e-11	5.461397429e-11	5.421948225e-11	5.310111430e-11	5.266186042e-11	5.288099754e-11	5.268182993e-11	5.221695479e-11	5.257165852e-11	5.261966070e-11	5.314173153e-11	5.374028935e-11	5.437486765e-11	5.570754991e-11	5.672810494e-11	6.085018873e-11	6.175808558e-11	6.260177857e-11	6.325474389e-11	6.747991557e-11	6.534634290e-11	6.936827772e-11	7.018665087e-11	7.124985776e-11	7.044617915e-11	7.387859894e-11	7.451325260e-11	7.386993293e-11	7.428560017e-11	7.489696863e-11	7.476645092e-11	7.615474638e-11	7.983313025e-11	7.775818505e-11	7.772887132e-11	7.609996210e-11	7.537171549e-11	7.447791033e-11	6.834953124e-11	6.823687306e-11	6.844093885e-11	6.830145371e-11	6.944988896e-11	6.839052526e-11	6.898546596e-11	6.381125271e-11	6.293462886e-11	6.320417958e-11	6.261948738e-11	6.345579542e-11	6.355609511e-11	6.350485259e-11	6.350997684e-11	6.342753667e-11	6.345835754e-11	6.338767301e-11	6.308752750e-11	6.315775989e-11	6.294163703e-11	6.387394943e-11	6.337305382e-11	6.382263156e-11	6.344223122e-11	6.468282765e-11	6.435382054e-11	6.471877277e-11	6.505139700e-11	6.442593685e-11	6.477920880e-11	6.495968796e-11	6.457906155e-11	6.407680952e-11	6.408969551e-11
6.369648454e-11	6.306846226e-11	6.760086298e-11	6.568115247e-11	6.745075255e-11	6.602304557e-11	6.541160176e-11	6.466873596e-11	6.380951950e-11	6.096292227e-11	6.499977770e-11	6.355119693e-11	6.179583926e-11	6.161769615e-11	1.199334902e-10	1.478909559e-10	1.655167243e-10	1.404091715e-10	1.042747564e-10	6.191249134e-11	6.259032436e-11	6.403197232e-11	6.525742206e-11	6.322859513e-11	6.510655806e-11	6.720207562e-11	5.898262502e-11	6.099977167e-11	5.972910794e-11	5.516588635e-11	5.499181250e-11	5.422460651e-11	5.497711796e-11	5.549843522e-11	5.566957016e-11	5.515902889e-11	5.516641385e-11	5.613647993e-11	5.479498095e-11	5.556527656e-11	5.518879477e-11	5.961336013e-11	6.018705026e-11	5.675606225e-11	5.740767116e-11	5.794081941e-11	5.830667592e-11	5.877102356e-11	1.006770794e-10	5.805046333e-11	5.808753880e-11	5.824721953e-11	5.896725226e-11	5.941818642e-11	6.049111432e-11	6.149117235e-11	6.276266500e-11	6.566849256e-11	6.679733509e-11	6.888991374e-11	7.469335498e-11	8.853576765e-11	1.038332418e-10	1.274350934e-10	1.686980557e-10	1.957700809e-10	2.159639283e-10	2.231630499e-10	2.176866565e-10	2.083428848e-10	1.971956778e-10	1.864646656e-10	1.763816452e-10	1.670717840e-10	1.577314787e-10	1.486357810e-10	1.399142291e-10	1.336170511e-10	1.266900423e-10	1.209146337e-10	1.141882997e-10	1.076501312e-10	1.016549073e-10	9.647504226e-11	9.026761405e-11	8.581810564e-11	8.083725753e-11	7.601398016e-11	7.175256194e-11	6.753620698e-11	6.361879184e-11	5.960755767e-11	5.699403854e-11	5.361331341e-11	5.091788160e-11	4.805508269e-11	4.590726762e-11	4.340648203e-11	4.189414954e-11	4.005069995e-11	3.865893809e-11	3.731419877e-11	3.616561280e-11	3.596998696e-11	3.474649648e-11	3.390702347e-11	3.315986234e-11	3.348902016e-11	3.382217188e-11	3.511318191e-11	4.066523338e-11	6.373024431e-11	1.612638967e-10	2.346214045e-10	2.005038345e-10	1.672506807e-10	1.500619808e-10	1.382188553e-10	1.293052193e-10	1.241996559e-10	1.182042813e-10	1.173596840e-10	1.216322551e-10	1.177340559e-10	1.095366094e-10	1.045208712e-10	1.005099384e-10	9.720547421e-11	9.460356000e-11	9.250954957e-11	9.007741388e-11	8.835988525e-11	8.638395868e-11	8.502135984e-11	8.343887031e-11	8.181335214e-11	8.108141306e-11	7.940148739e-11	7.837565739e-11	7.730710018e-11	7.609174822e-11	7.512808746e-11	7.476705377e-11	7.414181970e-11	7.317024648e-11	7.217410700e-11	7.166183254e-11	7.113621994e-11	6.979675560e-11	6.909262311e-11	6.894356767e-11	6.805609247e-11	6.786709801e-11	6.747840844e-11	6.757132318e-11	6.671029816e-11	6.570828087e-11	6.519186178e-11	6.528703723e-11	6.536020853e-11	6.563315029e-11	6.494363700e-11	6.529140791e-11	6.342098065e-11	6.287743317e-11	6.197157095e-11	6.038644394e-11	6.048553793e-11	5.914690250e-11	5.943220276e-11	5.893597926e-11	5.830599771e-11	5.811760610e-11	5.711189633e-11	5.660595182e-11	5.681777935e-11	5.663707411e-11	5.642539730e-11	5.636066594e-11	5.598305380e-11	5.547982213e-11	5.504102039e-11	5.449822648e-11	5.463627985e-11	5.426364125e-11	5.463303952e-11	5.416371834e-11	5.438933613e-11	5.417637825e-11	5.484238028e-11	5.559112389e-11	5.455082542e-11	5.494674923e-11	5.781896772e-11	5.911163559e-11	5.928812085e-11	5.886469187e-11	6.205514147e-11	6.415548186e-11	6.708029929e-11	6.670992138e-11	7.007881551e-11	6.880054076e-11	6.999886211e-11	6.994159107e-11	7.169687338e-11	7.282368128e-11	7.442907922e-11	7.409781142e-11	7.801258908e-11	7.910330115e-11	7.817000911e-11	7.876487446e-11	7.814581963e-11	7.612776870e-11	7.652896747e-11	4.440940360e-11	4.418597115e-11	4.391566687e-11	4.151081029e-11	4.171758892e-11	4.180515334e-11	4.213574294e-11	4.183793348e-11	4.234071301e-11	4.305479257e-11	4.253098854e-11	4.240853399e-11	4.224531150e-11	4.101767641e-11	4.041467254e-11	4.110200049e-11	4.054044278e-11	4.006690163e-11	4.038317346e-11	4.005944132e-11	4.057148972e-11	3.989162207e-11	4.077012983e-11	4.044828160e-11	4.105234046e-11	4.210605242e-11	4.194968738e-11	4.220868817e-11	4.214147004e-11	4.197628828e-11	4.113078673e-11	4.240378652e-11	4.227198775e-11	4.241674786e-11	4.248049958e-11
6.250682920e-11	6.190683960e-11	6.329016151e-11	6.251406343e-11	6.265663820e-11	6.158363495e-11	6.122923265e-11	6.075169760e-11	6.133970549e-11	6.171573515e-11	6.093699958e-11	6.172304474e-11	6.061462386e-11	6.038749894e-11	6.362738249e-11	6.359347200e-11	5.820976728e-11	8.520523005e-11	1.215703873e-10	1.450323770e-10	6.236139087e-11	6.066390711e-11	6.166027266e-11	6.243034220e-11	6.089231309e-11	6.264081331e-11	5.983347689e-11	6.201949778e-11	6.053610224e-11	6.145462437e-11	6.152191786e-11	6.081371611e-11	6.071447141e-11	6.136879316e-11	6.149750230e-11	6.207518634e-11	6.216584038e-11	6.109773531e-11	6.190314712e-11	5.929324511e-11	6.012563460e-11	6.062622878e-11	6.442186759e-11	6.298617281e-11	6.179568854e-11	6.248437292e-11	6.150044121e-11	6.049405323e-11	6.226764721e-11	6.833920738e-11	7.396767049e-11	6.100022381e-11	5.991214922e-11	5.929053227e-11	6.143201738e-11	5.911140952e-11	6.086277329e-11	5.923733048e-11	6.093089570e-11	6.013882201e-11	5.842777405e-11	5.860034076e-11	5.938307023e-11	5.926189674e-11	6.147768351e-11	6.278391558e-11	6.767772676e-11	7.413759973e-11	9.155432875e-11	1.226355534e-10	1.520894514e-10	1.905653482e-10	1.983539095e-10	1.824447655e-10	1.701537200e-10	1.580932659e-10	1.485140800e-10	1.390821410e-10	1.321793217e-10	1.238191049e-10	1.164078543e-10	1.090045915e-10	1.030169786e-10	9.720622777e-11	9.097219867e-11	8.587778810e-11	8.060124052e-11	7.562943521e-11	7.050337485e-11	6.611189105e-11	6.284050842e-11	5.925933462e-11	5.592163813e-11	5.298830540e-11	5.072300932e-11	4.825967598e-11	4.613288541e-11	4.402350223e-11	4.238984554e-11	4.108037314e-11	3.894499191e-11	3.753936443e-11	3.679273080e-11	3.589018427e-11	3.458809682e-11	3.397085054e-11	3.360197977e-11	3.425645222e-11	3.420980646e-11	3.518477072e-11	3.742843945e-11	4.622828692e-11	8.365981599e-11	2.061891165e-10	2.362090182e-10	1.943671662e-10	1.661252292e-10	1.496124785e-10	1.395981079e-10	1.324561820e-10	1.244992739e-10	1.219192885e-10	1.190688481e-10	1.112341685e-10	1.064475145e-10	1.024060623e-10	1.003531212e-10	9.771104193e-11	9.519910356e-11	9.279582946e-11	9.118658833e-11	8.952768716e-11	8.741785184e-11	8.632781798e-11	8.424593997e-11	8.319885940e-11	8.209179494e-11	8.121818537e-11	7.900383038e-11	7.869260744e-11	7.742480726e-11	7.688570582e-11	7.515890832e-11	7.466961763e-11	7.401898837e-11	7.314884520e-11	7.258095753e-11	7.157833738e-11	7.035748438e-11	6.972931140e-11	6.926978658e-11	6.809693577e-11	6.804124721e-11	6.793627541e-11	6.692257783e-11	6.716047876e-11	6.672032060e-11	6.636614437e-11	6.625062263e-11	6.607458951e-11	6.649816921e-11	6.614489726e-11	6.529570324e-11	6.251752984e-11	6.115116317e-11	6.062155667e-11	6.045893703e-11	6.022570822e-11	5.958585496e-11	5.921336706e-11	5.848760722e-11	5.845753992e-11	5.804910691e-11	5.717640161e-11	5.691514013e-11	5.636563948e-11	5.522647309e-11	5.584733648e-11	5.535118834e-11	5.409197881e-11	5.392898239e-11	5.604439411e-11	5.496046414e-11	5.518789049e-11	5.472987281e-11	5.388942015e-11	5.456604746e-11	5.450764606e-11	5.416650653e-11	5.288830714e-11	5.417185686e-11	5.510025071e-11	5.535917614e-11	5.700865772e-11	5.780789029e-11	5.894818703e-11	6.357659212e-11	6.437755789e-11	6.531469311e-11	6.627533961e-11	6.810522500e-11	7.088754302e-11	7.057503902e-11	7.236460860e-11	6.982817932e-11	7.073811079e-11	7.382592464e-11	7.411672593e-11	7.452561109e-11	7.439765550e-11	7.802494757e-11	7.817980547e-11	7.920533404e-11	7.999680488e-11	7.824672217e-11	7.681351416e-11	7.630749429e-11	2.879045804e-11	2.893476601e-11	2.912858330e-11	2.685831368e-11	2.672847419e-11	2.667451883e-11	2.722808874e-11	2.654076079e-11	2.675914434e-11	2.686471900e-11	2.697074580e-11	2.712274015e-11	2.703788857e-11	2.656133315e-11	2.656638204e-11	2.720638602e-11	2.643021259e-11	2.667044957e-11	2.712123302e-11	2.643330221e-11	2.635839771e-11	2.589706433e-11	2.624754808e-11	2.594325795e-11	2.633790070e-11	2.586044100e-11	2.616118937e-11	2.554477202e-11	2.567762578e-11	2.587023737e-11	2.630934053e-11	2.593926405e-11	2.630745662e-11	2.587686875e-11
1.570658534e-11	1.517434136e-11	1.500365857e-11	1.478271288e-11	1.421241380e-11	1.468278997e-11	1.454714801e-11	1.436719635e-11	1.455521118e-11	1.403042751e-11	1.401580832e-11	1.427179484e-11	1.378333307e-11	1.434647327e-11	1.337120758e-11	1.313210095e-11	1.410759271e-11	1.425129783e-11	1.363887438e-11	1.313828020e-11	1.352749726e-11	1.336239086e-11	1.373397447e-11	1.332109541e-11	1.322554319e-11	1.302471773e-11	1.301017390e-11	1.346321805e-11	1.263497317e-11	1.314785049e-11	1.243836768e-11	1.303956299e-11	1.277830151e-11	1.338763533e-11	1.360021642e-11	1.341423623e-11	1.213430363e-11	1.181238004e-11	1.222081305e-11	1.273361502e-11	1.291115527e-11	1.286345451e-11	1.353676613e-11	1.365688462e-11	1.252939851e-11	1.331514224e-11	1.296518598e-11	1.334611382e-11	1.350541777e-11	1.333707102e-11	1.371641637e-11	1.344995528e-11	1.332900786e-11	1.294190078e-11	1.362289877e-11	1.377240636e-11	1.378484020e-11	1.861030291e-11	1.891097592e-11	1.883252965e-11	1.790436187e-11	1.872514644e-11	1.907826767e-11	1.910667713e-11	2.040047535e-11	2.038751401e-11	2.079624844e-11	2.076904470e-11	2.058427020e-11	2.041343669e-11	2.080883300e-11	2.172509444e-11	2.251317423e-11	2.366168484e-11	2.448570974e-11	2.438473184e-11	2.644083788e-11	2.858993401e-11	1.149232530e-10	1.155711695e-10	1.071107283e-10	9.904251848e-11	9.103655325e-11	8.356584626e-11	7.795268055e-11	7.295834360e-11	6.832451284e-11	6.547346956e-11	5.942361210e-11	5.526739175e-11	5.200776475e-11	4.889764533e-11	4.549725212e-11	4.318289886e-11	4.119408631e-11	3.904770302e-11	3.799225786e-11	3.479148440e-11	3.370672551e-11	3.269626826e-11	3.086721180e-11	2.959164988e-11	2.904425922e-11	2.821518542e-11	2.770547308e-11	2.683676168e-11	2.669426227e-11	2.608756593e-11	2.645319637e-11	2.620323838e-11	2.792302771e-11	3.046111484e-11	4.513983556e-11	1.027812630e-10	2.090189846e-10	2.139869467e-10	1.723753092e-10	1.501252051e-10	1.374954315e-10	1.313033761e-10	1.261973606e-10	1.173945742e-10	1.106130037e-10	1.050867996e-10	1.013622221e-10	9.703524355e-11	9.372113370e-11	8.961977298e-11	8.738484563e-11	8.519430334e-11	8.415619021e-11	8.174982649e-11	8.108842123e-11	7.737559937e-11	7.727462146e-11	7.520035448e-11	7.316760900e-11	7.268668290e-11	7.014942469e-11	6.928312471e-11	6.933007190e-11	6.878192767e-11	6.607986448e-11	6.629621340e-11	6.535154251e-11	6.439624633e-11	6.296273689e-11	6.189636502e-11	6.071115572e-11	5.883590563e-11	5.785589248e-11	5.742741460e-11	5.687128256e-11	5.641718342e-11	5.477455930e-11	5.316094747e-11	5.115043221e-11	5.196970964e-11	4.990214940e-11	5.117477240e-11	5.011480585e-11	5.035760495e-11	4.922672780e-11	4.903969261e-11	4.526191332e-11	4.567207953e-11	4.390993977e-11	4.399351029e-11	4.273904823e-11	4.246881930e-11	4.244131413e-11	4.237695956e-11	4.172617958e-11	4.210122959e-11	4.034662549e-11	4.069462247e-11	3.977964210e-11	3.896571499e-11	3.877973479e-11	3.972086392e-11	4.601314371e-11	4.398348785e-11	4.406592802e-11	4.377022855e-11	4.383345277e-11	4.273588325e-11	4.327619039e-11	4.274108286e-11	4.199309281e-11	4.117878891e-11	4.173778450e-11	4.184818198e-11	4.187666679e-11	4.311470110e-11	4.383420634e-11	4.697145415e-11	4.556462096e-11	4.735667731e-11	5.026295701e-11	5.096000597e-11	5.339884840e-11	5.420689770e-11	5.704882282e-11	5.457780310e-11	5.834073712e-11	5.931894172e-11	5.790336716e-11	5.952353501e-11	5.931223498e-11	6.012352461e-11	6.120768065e-11	6.357922960e-11	6.186132418e-11	6.510821591e-11	6.194934074e-11	1.343495930e-11	1.309638190e-11	1.281952159e-11	1.298040803e-11	1.310753468e-11	1.286774984e-11	1.283655219e-11	1.271198766e-11	1.319894229e-11	1.265238055e-11	1.269864953e-11	1.281884338e-11	1.287724478e-11	1.277023835e-11	1.352787405e-11	1.336374727e-11	1.334422990e-11	1.367519629e-11	1.389433341e-11	1.367775841e-11	1.438776871e-11	1.406132373e-11	1.432160558e-11	1.396102404e-11	1.449492586e-11	1.489401465e-11	1.474729526e-11	1.482694723e-11	1.522174069e-11	1.469997129e-11	1.462732748e-11	1.415868451e-11	1.422228552e-11	1.420894740e-11	1.376554890e-11	1.425792921e-11
5.972842973e-12	5.960333770e-12	5.918284762e-12	5.541953681e-12	5.455444254e-12	5.172856838e-12	5.224551496e-12	5.203300922e-12	5.248514909e-12	5.485360842e-12	5.374737288e-12	5.435550100e-12	5.774956425e-12	5.771037880e-12	5.617536395e-12	5.525525933e-12	6.141189716e-12	6.238851926e-12	5.976610805e-12	5.566670661e-12	5.482045149e-12	5.647151557e-12	5.356274910e-12	5.927553629e-12	6.093639673e-12	5.917154413e-12	6.320387815e-12	6.195747926e-12	5.566218521e-12	5.630497738e-12	6.328601690e-12	5.326132252e-12	5.978042581e-12	6.061387029e-12	5.788746691e-12	5.467425960e-12	4.532174650e-12	4.649580301e-12	5.041736277e-12	5.175042181e-12	4.940607661e-12	4.866381366e-12	4.902703269e-12	4.891550486e-12	4.675804413e-12	4.607682007e-12	5.092602012e-12	5.011668976e-12	5.037139522e-12	4.876102374e-12	4.883864108e-12	5.296743161e-12	5.141282404e-12	5.454313904e-12	5.206993398e-12	4.886878374e-12	5.526430213e-12	5.706532592e-12	5.880305014e-12	5.484230492e-12	5.288453930e-12	5.158915859e-12	5.072557145e-12	5.573151332e-12	5.902987363e-12	5.475413764e-12	5.717308592e-12	5.776463558e-12	5.429446212e-12	5.290714630e-12	5.220557594e-12	5.786184565e-12	5.750616229e-12	6.340734109e-12	5.926724706e-12	6.177285548e-12	5.727406383e-12	5.824013600e-12	6.176079842e-12	6.524001468e-12	7.006434704e-12	7.490299716e-12	4.032853990e-11	5.697783686e-11	5.405784225e-11	4.968791046e-11	4.754039681e-11	4.432146240e-11	4.261320263e-11	3.981181939e-11	3.749897327e-11	3.560443187e-11	3.473798118e-11	3.253756717e-11	3.111355267e-11	2.986022096e-11	2.960709799e-11	2.791534133e-11	2.573647932e-11	2.566730192e-11	2.432896792e-11	2.299507996e-11	2.249945932e-11	2.219675168e-11	2.180067715e-11	2.100061566e-11	2.092058691e-11	2.050868749e-11	2.016762332e-11	1.986310712e-11	2.000801795e-11	1.964954639e-11	2.175305176e-11	3.195603995e-11	6.904371665e-11	1.329282914e-10	1.197599439e-10	9.643193826e-11	8.710316249e-11	9.018087855e-11	8.576799347e-11	7.352668341e-11	6.619621514e-11	6.207473420e-11	5.823659424e-11	5.488751891e-11	5.240293499e-11	5.054004339e-11	4.806932510e-11	4.675608486e-11	4.478354934e-11	4.305599828e-11	4.188962814e-11	4.140214601e-11	4.005077531e-11	3.911175616e-11	3.846557294e-11	3.790085025e-11	3.643335496e-11	3.572967462e-11	3.526577912e-11	3.433889239e-11	3.343807907e-11	3.345390396e-11	3.287817920e-11	3.289234625e-11	3.256386664e-11	3.147963524e-11	3.106592727e-11	3.090195121e-11	3.023391456e-11	2.999179366e-11	2.961727114e-11	2.875232758e-11	2.934643936e-11	2.888035852e-11	2.833176215e-11	2.833100858e-11	2.886061508e-11	2.816334005e-11	2.928931902e-11	2.908683572e-11	2.981010879e-11	2.873476948e-11	2.676449466e-11	2.663917656e-11	2.747684102e-11	2.684844196e-11	2.556745437e-11	2.553708564e-11	2.650986456e-11	2.610316475e-11	2.683728918e-11	2.650293175e-11	2.628793924e-11	2.580392352e-11	2.622222825e-11	2.724263257e-11	2.594551865e-11	2.550151731e-11	2.514538181e-11	2.455006432e-11	2.497296580e-11	2.414969447e-11	2.461547388e-11	2.362513687e-11	2.449889716e-11	2.446732272e-11	2.326854923e-11	2.412889603e-11	2.475865151e-11	2.373711684e-11	2.304353429e-11	2.324963471e-11	2.302642833e-11	2.294006961e-11	2.283984528e-11	2.382144092e-11	2.511019025e-11	2.460236183e-11	2.472285710e-11	2.580437566e-11	2.853635544e-11	2.897643824e-11	3.060097677e-11	2.965268876e-11	3.088642774e-11	3.075982858e-11	3.108619820e-11	3.277388561e-11	3.239574597e-11	3.278458625e-11	3.511875830e-11	3.567413677e-11	3.657246333e-11	2.201649858e-11	4.676934763e-12	4.840986177e-12	4.444610229e-12	4.837519772e-12	4.550410957e-12	4.653498847e-12	4.523960775e-12	4.305049724e-12	4.454632663e-12	4.079808715e-12	4.370233221e-12	4.721093756e-12	5.023499969e-12	4.544985279e-12	4.848747912e-12	4.620718706e-12	4.750256778e-12	4.327279934e-12	3.992018224e-12	4.040246477e-12	3.827062530e-12	3.873708293e-12	4.089981862e-12	4.302261528e-12	4.257424325e-12	4.660657728e-12	4.482665334e-12	4.522981139e-12	4.589671769e-12	3.796995229e-12	4.599317420e-12	4.190658338e-12	4.130222310e-12	4.414844355e-12	4.318915347e-12
4.579423265e-12	4.955829703e-12	4.572038314e-12	4.592309252e-12	5.124251803e-12	5.202999496e-12	5.545947583e-12	5.471269149e-12	5.206691971e-12	5.026815662e-12	5.478051247e-12	5.365091637e-12	5.354993847e-12	4.944752276e-12	4.589219629e-12	4.580101475e-12	4.008069189e-12	4.438054201e-12	4.403390145e-12	4.026305497e-12	4.339261641e-12	4.309872549e-12	4.357196522e-12	4.093975764e-12	4.287793053e-12	4.225247038e-12	4.107916743e-12	4.498867013e-12	4.903607549e-12	4.710468470e-12	4.061497050e-12	4.238509807e-12	4.372117137e-12	4.304522228e-12	4.177094142e-12	3.495041156e-12	3.823219341e-12	4.225020968e-12	3.708300459e-12	4.173401667e-12	4.165489219e-12	4.337453081e-12	4.143711149e-12	4.479575712e-12	4.270084241e-12	4.412206872e-12	4.400828019e-12	3.964965189e-12	3.877250055e-12	4.156597135e-12	3.892848881e-12	3.973480490e-12	4.433457446e-12	3.676273885e-12	4.138360827e-12	3.936555734e-12	3.950873497e-12	4.325622088e-12	4.256218619e-12	3.868659398e-12	4.155165359e-12	4.456818005e-12	4.237228744e-12	4.629610790e-12	4.280408101e-12	4.817625618e-12	5.098404474e-12	4.585602510e-12	4.421249669e-12	4.486659237e-12	4.304823654e-12	4.843020807e-12	4.694869644e-12	4.721696610e-12	4.822825226e-12	4.905943605e-12	5.048895159e-12	5.125306796e-12	4.582060748e-12	5.047011242e-12	4.844075800e-12	4.953719717e-12	4.995015158e-12	4.924179912e-12	5.742025572e-12	5.494554352e-12	6.126570527e-12	6.833129494e-11	6.376068840e-11	5.974757031e-11	5.540974045e-11	5.257821454e-11	5.013387108e-11	4.661750399e-11	4.377776421e-11	4.265909483e-11	3.929118033e-11	3.765669472e-11	3.614617079e-11	3.394191359e-11	3.279717081e-11	3.132590769e-11	2.992382197e-11	2.900010022e-11	2.758874564e-11	2.700510843e-11	2.638537539e-11	2.567280296e-11	2.533972659e-11	2.449543075e-11	2.413733598e-11	2.393387304e-11	2.390282610e-11	2.504236927e-11	2.778761182e-11	4.433103269e-11	1.117910541e-10	1.381437247e-10	1.229588334e-10	1.114475032e-10	9.464892470e-11	8.282192547e-11	7.778523809e-11	7.316120369e-11	6.902337036e-11	6.485064690e-11	6.109622817e-11	6.002111493e-11	5.741256934e-11	5.687761252e-11	5.402558961e-11	5.287067368e-11	5.223285504e-11	4.990832864e-11	4.785697008e-11	4.645345258e-11	4.588383170e-11	4.571842387e-11	4.388597635e-11	4.305886183e-11	4.242790065e-11	4.335237596e-11	4.073162259e-11	4.079710751e-11	4.028837481e-11	3.960029329e-11	3.927301938e-11	3.736453701e-11	3.853731247e-11	3.726016806e-11	3.560465794e-11	3.694683513e-11	3.686884101e-11	3.613200374e-11	3.648384391e-11	3.528296043e-11	3.605363283e-11	3.531837805e-11	3.452864042e-11	3.521235126e-11	3.518220860e-11	3.573404530e-11	3.648791317e-11	3.387816187e-11	3.389014358e-11	3.342104847e-11	3.405743533e-11	3.171700867e-11	3.208753729e-11	3.187653869e-11	3.171700867e-11	3.272384880e-11	3.207548023e-11	3.155227905e-11	3.220825864e-11	3.162635463e-11	3.222950921e-11	3.006775316e-11	3.073684480e-11	3.006127249e-11	3.117315977e-11	3.035862981e-11	3.009812189e-11	2.961425687e-11	2.863296265e-11	2.983000295e-11	2.976037341e-11	2.954899802e-11	2.899339348e-11	2.901441799e-11	2.882873922e-11	2.796334351e-11	2.806605462e-11	2.878623807e-11	2.843198648e-11	2.763275392e-11	2.753200208e-11	2.803983051e-11	2.734232941e-11	2.692236683e-11	2.690058876e-11	2.752160287e-11	2.733630088e-11	2.993098085e-11	2.880688579e-11	3.067316844e-11	3.094874769e-11	3.185498669e-11	3.315737557e-11	4.342049836e-12	4.446720215e-12	4.631720777e-12	4.671509085e-12	4.607003797e-12	4.324190312e-12	4.474150034e-12	4.125098058e-12	4.380783151e-12	4.413714005e-12	4.688916469e-12	4.116055261e-12	5.101720166e-12	4.446569502e-12	4.011460238e-12	4.050419623e-12	3.898575985e-12	4.290053752e-12	4.338357361e-12	3.918319426e-12	4.274002787e-12	4.090660071e-12	4.135045135e-12	4.189452632e-12	4.253430423e-12	4.396457333e-12	4.338884857e-12	4.055996015e-12	4.101963568e-12	4.099100016e-12	4.635865392e-12	4.363451123e-12	4.234817332e-12	4.537977111e-12	4.004376714e-12	4.077095876e-12	3.604459003e-12	4.040623260e-12	3.726612124e-12	4.039568267e-12	4.208970003e-12	3.864665496e-12
4.781906568e-12	4.475732523e-12	4.260212521e-12	4.967660696e-12	4.920261367e-12	4.736692582e-12	4.872937394e-12	4.902627912e-12	5.093054152e-12	4.966379633e-12	4.757641729e-12	4.551315237e-12	4.852138961e-12	4.754778176e-12	4.448076635e-12	4.235043402e-12	4.712503099e-12	4.402636578e-12	4.635639322e-12	4.822071660e-12	5.401112113e-12	5.142864894e-12	5.115887215e-12	4.949650458e-12	5.243315300e-12	5.029528501e-12	5.008654711e-12	4.840232611e-12	5.005414375e-12	5.513921010e-12	5.123422880e-12	5.584982325e-12	5.350698518e-12	5.180618573e-12	5.284535385e-12	5.123196810e-12	4.900970066e-12	5.079640669e-12	4.448302705e-12	4.709112050e-12	4.913705339e-12	5.393350379e-12	5.711053991e-12	5.479784450e-12	5.281973259e-12	5.190867076e-12	5.321384784e-12	5.356802407e-12	4.762765981e-12	5.202471999e-12	5.878421097e-12	5.326885819e-12	5.119956474e-12	5.482421932e-12	4.925084192e-12	5.038797368e-12	5.209404811e-12	5.546249010e-12	5.478277317e-12	5.126889285e-12	4.907224668e-12	5.194785622e-12	5.039550935e-12	5.411963470e-12	5.225003636e-12	4.832847660e-12	4.679346176e-12	5.033597760e-12	4.692835015e-12	4.548753111e-12	4.194501527e-12	4.337528438e-12	4.923878486e-12	4.409267963e-12	4.736767938e-12	4.662164861e-12	4.901497563e-12	4.509266230e-12	4.571887601e-12	4.741440050e-12	4.734130456e-12	4.914609619e-12	5.338038602e-12	5.936747140e-12	5.416635582e-12	6.070505183e-12	6.530256069e-12	7.482613338e-12	9.089887666e-11	8.252976776e-11	7.570682648e-11	6.983631783e-11	6.491221328e-11	6.097837038e-11	5.693247216e-11	5.402460997e-11	5.045036898e-11	4.763285942e-11	4.540313167e-11	4.331190944e-11	4.122709252e-11	3.980292730e-11	3.824357227e-11	3.632521818e-11	3.544814219e-11	3.425275975e-11	3.286777999e-11	3.181512302e-11	3.120993381e-11	3.075251898e-11	2.966384155e-11	2.947469637e-11	2.975042633e-11	2.977589688e-11	3.066367350e-11	3.920271163e-11	6.470483179e-11	1.880620004e-10	2.114727476e-10	1.727609845e-10	1.434470239e-10	1.282133015e-10	1.190472961e-10	1.093242544e-10	1.018436757e-10	9.719575320e-11	9.407696777e-11	8.963077505e-11	8.666119577e-11	8.303623976e-11	8.023312331e-11	7.798674175e-11	7.590531588e-11	7.369389980e-11	7.158979159e-11	6.956284857e-11	6.840642551e-11	6.715241559e-11	6.588657469e-11	6.424168986e-11	6.267321667e-11	6.176501839e-11	6.098831746e-11	6.045079852e-11	5.902286547e-11	5.829228280e-11	5.763343966e-11	5.721686813e-11	5.623384071e-11	5.630060670e-11	5.527326957e-11	5.387510239e-11	5.422083867e-11	5.287165332e-11	5.221070019e-11	5.191959747e-11	5.092029302e-11	5.092398549e-11	5.113513481e-11	5.077379970e-11	4.972174559e-11	4.993470347e-11	5.036174957e-11	4.794724733e-11	4.690318103e-11	4.602512541e-11	4.586423898e-11	4.571382712e-11	4.522122073e-11	4.384083772e-11	4.478030901e-11	4.321914541e-11	4.320656085e-11	4.315893545e-11	4.269858171e-11	4.186845292e-11	4.207266943e-11	4.143869398e-11	4.103214488e-11	4.080162891e-11	4.044240379e-11	4.012228876e-11	4.037631601e-11	4.019380222e-11	3.943850257e-11	3.972282319e-11	3.904212662e-11	3.928409681e-11	3.868433328e-11	3.877777552e-11	3.874070005e-11	3.835057870e-11	3.752188169e-11	3.663395435e-11	3.735187710e-11	3.723936963e-11	3.710877656e-11	3.685422182e-11	3.694442372e-11	3.625460900e-11	3.685942143e-11	3.738639044e-11	3.701849930e-11	4.033283523e-11	3.994994812e-11	4.116801291e-11	4.240665007e-11	4.421626453e-11	4.335410916e-11	4.494277793e-11	4.591141224e-11	4.755750277e-11	4.890065960e-11	5.220670629e-11	5.056807606e-12	4.897503660e-12	5.255598433e-12	5.298325651e-12	5.444592897e-12	5.349869595e-12	5.122292530e-12	5.114681509e-12	5.079489956e-12	4.902175772e-12	5.327111889e-12	4.641969280e-12	5.216337622e-12	5.223948643e-12	5.075420697e-12	4.523659349e-12	4.721545896e-12	4.254183989e-12	4.755757813e-12	4.902703269e-12	4.739857561e-12	4.997200501e-12	5.367126267e-12	5.038797368e-12	5.686713795e-12	5.327940812e-12	4.942416220e-12	4.690875742e-12	5.043394124e-12	4.880397702e-12	5.304655609e-12	5.533513737e-12	5.690933767e-12	5.886861042e-12	5.600882577e-12	5.484079779e-12	5.394857512e-12
6.146012541e-12	5.909241965e-12	5.983769686e-12	5.657249347e-12	5.782190663e-12	5.452957485e-12	5.275191161e-12	5.378806547e-12	5.908186972e-12	5.604273626e-12	5.817005432e-12	5.664031445e-12	5.838331363e-12	6.107128512e-12	5.951140259e-12	5.918134049e-12	6.042547868e-12	5.719795361e-12	5.816553293e-12	5.893944566e-12	5.860260146e-12	5.723939977e-12	5.844510608e-12	5.545194017e-12	5.746396257e-12	5.136459579e-12	5.390185400e-12	5.721151781e-12	6.165153128e-12	6.162591003e-12	6.083089743e-12	6.131393352e-12	6.234104458e-12	6.096126442e-12	5.991983560e-12	6.512999398e-12	6.562960853e-12	6.226267367e-12	6.503579817e-12	6.725881918e-12	6.240359059e-12	5.896732762e-12	5.910221601e-12	6.328074193e-12	5.865459755e-12	6.284819479e-12	6.191904737e-12	6.297479396e-12	6.237646220e-12	5.969753350e-12	6.313379648e-12	5.995299253e-12	6.303583284e-12	6.284518053e-12	5.938555699e-12	6.245181885e-12	5.992963197e-12	6.015042693e-12	5.311513063e-12	5.506385345e-12	5.815498300e-12	5.892663503e-12	5.853553405e-12	5.669607836e-12	6.180902667e-12	5.977590441e-12	6.164927059e-12	6.652409190e-12	6.515034027e-12	6.545704181e-12	6.512471901e-12	6.633419315e-12	5.705326886e-12	5.908865182e-12	5.865158328e-12	6.380296348e-12	6.395593746e-12	6.041568232e-12	5.648507976e-12	5.759357600e-12	5.824164314e-12	5.310081287e-12	5.688597711e-12	6.080602974e-12	6.296575116e-12	6.138401520e-12	6.545779538e-12	6.915856018e-12	7.795343412e-12	9.287284395e-11	8.472701679e-11	7.772246600e-11	7.125189239e-11	6.649176390e-11	6.109261105e-11	5.752108291e-11	5.416168371e-11	5.117416955e-11	4.872718860e-11	4.603997067e-11	4.438837910e-11	4.199354495e-11	4.032605313e-11	3.893858660e-11	3.752444381e-11	3.617751915e-11	3.540940888e-11	3.454318426e-11	3.374967879e-11	3.295805725e-11	3.200728247e-11	3.174571955e-11	3.150736649e-11	3.175762590e-11	3.280289792e-11	3.544211366e-11	4.936395224e-11	1.245481050e-10	2.410357620e-10	1.966834034e-10	1.607828952e-10	1.424995648e-10	1.308969023e-10	1.221456599e-10	1.131746021e-10	1.069355241e-10	1.016752536e-10	9.706681798e-11	9.297578113e-11	8.934720800e-11	8.626790945e-11	8.427065695e-11	8.162458375e-11	7.932349326e-11	7.745321671e-11	7.537194156e-11	7.410444280e-11	7.264501067e-11	7.083765692e-11	6.901236829e-11	6.734585610e-11	6.669598040e-11	6.585273955e-11	6.454628141e-11	6.385737097e-11	6.285460011e-11	6.212062639e-11	6.104016283e-11	5.986309205e-11	5.942097462e-11	5.871164253e-11	5.798641018e-11	5.649238936e-11	5.665169330e-11	5.592487847e-11	5.513280478e-11	5.405422513e-11	5.355672057e-11	5.316313282e-11	5.251303105e-11	5.244475793e-11	5.262847743e-11	5.282470613e-11	4.951119913e-11	4.941504405e-11	4.834422614e-11	4.830828102e-11	4.765297964e-11	4.681433555e-11	4.629211400e-11	4.617794869e-11	4.645390472e-11	4.563492871e-11	4.561955595e-11	4.505106543e-11	4.457918212e-11	4.500328932e-11	4.403307252e-11	4.406344125e-11	4.388710670e-11	4.340354312e-11	4.330919660e-11	4.268388717e-11	4.281010955e-11	4.281199346e-11	4.209776319e-11	4.179573376e-11	4.164547261e-11	4.100335865e-11	4.091865778e-11	4.065136776e-11	4.063004183e-11	4.035694935e-11	4.067909901e-11	4.031587998e-11	3.996049805e-11	3.949645183e-11	3.948258621e-11	3.902464388e-11	3.930836165e-11	3.908681311e-11	3.910738548e-11	3.903330990e-11	4.046810040e-11	4.238102881e-11	4.265502557e-11	4.474074677e-11	4.483577150e-11	4.953139471e-11	4.698283300e-11	5.038699405e-11	4.900276785e-11	5.118072558e-11	5.478578744e-11	9.684006984e-12	5.451224282e-12	5.395611078e-12	5.589428367e-12	5.319199441e-12	5.558456786e-12	5.969225854e-12	5.734414550e-12	5.888669601e-12	5.365694491e-12	5.338490742e-12	5.455896394e-12	5.497116478e-12	5.480688730e-12	5.331557931e-12	5.019279997e-12	5.225983272e-12	5.233443580e-12	5.736750606e-12	5.424095890e-12	5.581214493e-12	5.733811697e-12	5.569760283e-12	5.245651356e-12	5.887539251e-12	5.817156146e-12	5.412415610e-12	5.715575389e-12	5.622886717e-12	5.622208507e-12	5.262983385e-12	5.588825514e-12	5.651070102e-12	5.508796758e-12	5.294181035e-12	5.383930798e-12	6.056112064e-12
5.884449629e-12	5.878270384e-12	5.897561685e-12	5.831850691e-12	5.802235530e-12	5.906378412e-12	5.505028926e-12	5.890628874e-12	5.664106801e-12	5.424321960e-12	5.426205876e-12	5.316712672e-12	5.446778240e-12	5.579782717e-12	5.666141431e-12	5.428391219e-12	5.358987749e-12	5.523566660e-12	5.366824840e-12	5.420328058e-12	5.182351775e-12	5.078962460e-12	5.231484307e-12	5.227716475e-12	5.571342773e-12	5.370969456e-12	5.352205651e-12	5.419122351e-12	5.191545286e-12	4.774220191e-12	5.382875805e-12	5.522436310e-12	5.312869483e-12	5.440975778e-12	5.376018351e-12	5.671943892e-12	5.637656619e-12	5.263360168e-12	5.817306859e-12	5.459212086e-12	5.640821598e-12	5.746471614e-12	5.628839892e-12	5.853854831e-12	5.904494496e-12	5.801029824e-12	5.522134884e-12	5.587770521e-12	5.589051584e-12	5.313999833e-12	5.422362687e-12	5.495835415e-12	5.316335889e-12	5.645493710e-12	5.535096227e-12	5.816553293e-12	5.382122239e-12	5.828158216e-12	5.790781320e-12	5.716102886e-12	5.854683755e-12	5.457328170e-12	5.404051022e-12	5.444291470e-12	5.921977238e-12	5.753027642e-12	5.562224619e-12	6.045788204e-12	5.862370132e-12	5.785129572e-12	6.046391057e-12	5.592367276e-12	5.802913740e-12	5.837125656e-12	5.883696063e-12	6.265754248e-12	5.723111054e-12	5.973521182e-12	6.847055401e-12	6.493105244e-12	6.435155984e-12	5.934938581e-12	6.682476491e-12	6.979004885e-12	7.126402481e-12	7.228209308e-12	7.075762816e-12	7.287062847e-12	7.355260610e-12	8.586889602e-12	9.140248511e-11	8.257980457e-11	7.575038262e-11	6.996947302e-11	6.508251929e-11	6.075486258e-11	5.745793404e-11	5.380291073e-11	5.105352356e-11	4.867119862e-11	4.632820984e-11	4.390873406e-11	4.188533281e-11	4.062220474e-11	3.882607913e-11	3.747342736e-11	3.634119378e-11	3.506570723e-11	3.398351046e-11	3.323612326e-11	3.276800779e-11	3.199145757e-11	3.187947760e-11	3.165627122e-11	3.267027022e-11	3.436880898e-11	4.106221218e-11	7.027218066e-11	2.074567660e-10	2.175755808e-10	1.747762473e-10	1.534993742e-10	1.394250137e-10	1.300483111e-10	1.208725847e-10	1.139307307e-10	1.088143160e-10	1.040299980e-10	9.987716867e-11	9.588515045e-11	9.234625172e-11	8.929136873e-11	8.661952355e-11	8.496039632e-11	8.219608854e-11	8.003410642e-11	7.850979222e-11	7.714221984e-11	7.567834167e-11	7.399095570e-11	7.207742443e-11	7.068905362e-11	6.942607626e-11	6.819173443e-11	6.828864308e-11	6.674616793e-11	6.525297602e-11	6.473241232e-11	6.337508845e-11	6.254187004e-11	6.155891797e-11	6.076804999e-11	5.993905155e-11	5.974847459e-11	5.947786888e-11	5.849318361e-11	5.766463731e-11	5.713910008e-11	5.615629872e-11	5.667693778e-11	5.573641150e-11	5.535088691e-11	5.523830408e-11	5.397359352e-11	5.249660330e-11	5.234686965e-11	5.160716883e-11	5.131101722e-11	5.093446007e-11	4.968112836e-11	4.938964886e-11	4.929243879e-11	4.911301462e-11	4.868220069e-11	4.773052163e-11	4.775998607e-11	4.694945001e-11	4.678200755e-11	4.657259143e-11	4.572995344e-11	4.538828641e-11	4.551646806e-11	4.447662173e-11	4.430089004e-11	4.402629043e-11	4.324303347e-11	4.279179788e-11	4.248238350e-11	4.187840000e-11	4.169897583e-11	4.141292201e-11	4.116695792e-11	4.145549851e-11	4.075611350e-11	4.095671288e-11	4.118180318e-11	4.094819758e-11	4.050585408e-11	4.043388849e-11	4.057254471e-11	3.979802912e-11	3.948597726e-11	3.993517821e-11	4.032974560e-11	4.116469722e-11	4.111277649e-11	4.447194962e-11	4.364430760e-11	4.494323007e-11	4.568511623e-11	4.780301472e-11	4.719511267e-11	4.943478749e-11	5.371474345e-11	4.926365255e-12	5.363885931e-12	5.330126155e-12	5.494931135e-12	5.576467024e-12	5.163437258e-12	5.611733934e-12	5.767948257e-12	5.573829542e-12	5.729591725e-12	5.250172755e-12	5.553031108e-12	5.064569341e-12	5.211439440e-12	5.589353010e-12	5.147913789e-12	5.391767889e-12	5.380765819e-12	4.970448892e-12	5.759432956e-12	5.196970964e-12	5.409099918e-12	5.656043641e-12	5.096219131e-12	5.121765033e-12	5.041660921e-12	5.985804315e-12	5.949633126e-12	5.872844706e-12	5.627483472e-12	5.260044475e-12	4.928475241e-12	5.249042405e-12	5.027644585e-12	5.089738460e-12	4.849501478e-12	5.597943668e-12
4.006938840e-12	4.413789362e-12	4.387489893e-12	4.479651069e-12	4.626445811e-12	4.376638536e-12	4.428483907e-12	4.229391653e-12	4.710167043e-12	4.876479157e-12	4.959220752e-12	4.605647378e-12	4.039794337e-12	4.305501864e-12	4.405424774e-12	3.933692182e-12	4.143485079e-12	4.095935037e-12	4.759827072e-12	4.028114057e-12	4.285532353e-12	4.203544324e-12	4.011837022e-12	3.624579227e-12	3.926608657e-12	4.258931458e-12	4.416050061e-12	3.797824152e-12	3.897520992e-12	3.727817830e-12	3.884785720e-12	4.570983321e-12	4.178601275e-12	4.142806869e-12	3.995635343e-12	3.819828292e-12	4.178751988e-12	4.198043289e-12	3.792775257e-12	4.275434563e-12	4.357874732e-12	3.781622474e-12	4.368952158e-12	4.111533862e-12	4.314318591e-12	4.598789923e-12	4.398190536e-12	4.270234954e-12	4.543628859e-12	4.300603682e-12	4.440314900e-12	4.547773475e-12	4.034217945e-12	4.153055373e-12	4.277469192e-12	3.851478083e-12	4.064134533e-12	4.149965750e-12	4.218691010e-12	4.552822370e-12	4.132256939e-12	4.404746564e-12	4.112061358e-12	4.082596911e-12	4.554254146e-12	4.099250729e-12	3.770168264e-12	4.252601500e-12	4.634056832e-12	4.648449952e-12	4.872635968e-12	4.408439040e-12	4.721470540e-12	4.553575937e-12	4.221102422e-12	4.856057506e-12	4.337453081e-12	4.225699178e-12	4.497359880e-12	4.263151430e-12	4.678140469e-12	4.515897614e-12	4.423133585e-12	4.680627239e-12	4.876102374e-12	4.556213419e-12	5.265846937e-12	4.925913115e-12	5.893417070e-12	6.401999061e-12	7.215398678e-12	8.897524760e-11	8.117221781e-11	7.409185824e-11	6.826965320e-11	6.317554406e-11	5.893522569e-11	5.433907325e-11	5.077832110e-11	4.801514367e-11	4.539378745e-11	4.239240767e-11	4.140041280e-11	3.954792042e-11	3.729166714e-11	3.530594421e-11	3.404063080e-11	3.257155302e-11	3.126471809e-11	3.065561034e-11	2.959353380e-11	2.944033374e-11	3.239212885e-11	3.149681656e-11	3.216063324e-11	3.509351383e-11	4.478234364e-11	6.214519266e-11	9.916595266e-11	2.287768185e-10	2.033260162e-10	1.682632479e-10	1.487391703e-10	1.346782234e-10	1.250343061e-10	1.184933494e-10	1.121861490e-10	1.065299546e-10	1.021926523e-10	9.870853783e-11	9.494711094e-11	9.243909111e-11	9.028253467e-11	8.773337011e-11	8.556679123e-11	8.336924077e-11	8.139670526e-11	7.943170540e-11	7.764228653e-11	7.593003286e-11	7.463751570e-11	7.363994445e-11	7.130486811e-11	7.089824366e-11	6.972961283e-11	6.887687704e-11	6.757124782e-11	6.679869151e-11	6.610360182e-11	6.521424271e-11	6.409150407e-11	6.268293767e-11	6.222303607e-11	6.158559422e-11	6.086631505e-11	5.964802419e-11	5.900018312e-11	5.825445377e-11	5.792326131e-11	5.726758315e-11	5.649510219e-11	5.657219204e-11	5.557431936e-11	5.428609753e-11	5.411127011e-11	5.298257830e-11	5.245508179e-11	5.252983558e-11	5.196255076e-11	5.048684160e-11	4.996695611e-11	5.023447220e-11	4.880955341e-11	4.847587419e-11	4.822440907e-11	4.715607793e-11	4.684756783e-11	4.667907037e-11	4.627983087e-11	4.569943400e-11	4.401295230e-11	4.474541888e-11	4.426147851e-11	4.402817434e-11	4.362840734e-11	4.259270563e-11	4.158752335e-11	4.265585450e-11	4.203890965e-11	4.076018275e-11	4.056847545e-11	4.072310729e-11	4.063848177e-11	4.149280005e-11	4.066772015e-11	4.028196949e-11	3.998815394e-11	4.065423131e-11	4.005725598e-11	4.045483763e-11	4.046546292e-11	4.084262292e-11	4.115135909e-11	4.079062684e-11	4.047390286e-11	4.074006253e-11	4.268245539e-11	4.340294027e-11	4.526809257e-11	4.444655443e-11	4.742344330e-11	4.677447188e-11	4.712925096e-11	5.205207446e-11	5.310058680e-11	4.370986788e-12	4.488015656e-12	4.402711935e-12	4.355840102e-12	4.166770282e-12	4.348605864e-12	4.289676969e-12	4.234591262e-12	4.164208156e-12	4.171367037e-12	3.853135929e-12	4.028716910e-12	3.946879594e-12	3.583811283e-12	4.061798477e-12	4.181238758e-12	4.101360715e-12	3.741909522e-12	3.908296993e-12	3.971219790e-12	3.774840376e-12	3.666402165e-12	3.862404796e-12	3.997293189e-12	3.985537553e-12	3.959916294e-12	3.897445636e-12	3.948160657e-12	3.709882949e-12	3.866700125e-12	4.091715064e-12	4.091865778e-12	3.813799761e-12	4.353579403e-12	4.482665334e-12	4.398491963e-12
3.735805634e-12	3.670848207e-12	3.509886415e-12	4.075211959e-12	3.510263198e-12	3.808374082e-12	3.632868458e-12	3.711691508e-12	3.898726699e-12	3.845449551e-12	3.926457944e-12	3.958258448e-12	4.216807094e-12	4.148006478e-12	4.295253360e-12	4.427127488e-12	3.846353831e-12	3.619530332e-12	3.656002948e-12	3.967301245e-12	3.751931956e-12	3.714856487e-12	3.913948741e-12	4.063380966e-12	4.104977834e-12	3.547037240e-12	3.906940573e-12	3.687878808e-12	3.580194164e-12	4.394799487e-12	3.932561832e-12	3.945899958e-12	3.882675734e-12	3.574090276e-12	3.612446808e-12	3.903549524e-12	3.776799649e-12	3.476277352e-12	3.573035283e-12	3.913571958e-12	3.558340737e-12	3.758789411e-12	4.203242898e-12	3.826535034e-12	3.856074838e-12	3.402578554e-12	3.841380293e-12	4.063682393e-12	3.486299785e-12	3.339957182e-12	3.795714166e-12	3.836029971e-12	3.804078754e-12	3.601294024e-12	3.816512600e-12	3.541762275e-12	3.933466112e-12	3.937460014e-12	4.416276131e-12	4.093146841e-12	3.818547229e-12	3.955922392e-12	3.753740515e-12	3.678233158e-12	4.063380966e-12	3.957730951e-12	3.834146055e-12	4.706549924e-12	4.169859904e-12	4.026380854e-12	4.115603121e-12	4.022839092e-12	4.357271878e-12	3.763461523e-12	4.074609106e-12	3.702950137e-12	4.174833443e-12	4.209798926e-12	3.783204963e-12	4.540991377e-12	4.310324689e-12	4.575806147e-12	4.843623660e-12	4.320422479e-12	4.452145893e-12	4.944375493e-12	4.760806708e-12	4.442123460e-12	4.892379409e-12	4.999310487e-12	5.526806996e-12	5.910447671e-12	7.507835207e-11	6.728790684e-11	6.061530207e-11	5.515857675e-11	5.084960848e-11	4.808070395e-11	4.427104881e-11	4.191140621e-11	3.955666179e-11	3.799994424e-11	3.591663445e-11	3.366949932e-11	3.194948392e-11	3.186033701e-11	2.988659579e-11	2.956761111e-11	2.835565020e-11	2.817004679e-11	2.717111911e-11	2.652131877e-11	2.651046741e-11	2.617083502e-11	2.762966429e-11	3.659024749e-11	4.869177098e-11	4.444406766e-11	5.393862804e-11	1.554538241e-10	2.191072046e-10	1.851152542e-10	1.573730825e-10	1.390604383e-10	1.283876014e-10	1.200094497e-10	1.140592137e-10	1.080208858e-10	1.004024045e-10	9.594634004e-11	9.356944077e-11	8.917388772e-11	8.716276960e-11	8.350887664e-11	7.963245550e-11	7.759571613e-11	7.569770833e-11	7.361665924e-11	7.213394191e-11	6.908734815e-11	6.789513068e-11	6.610277290e-11	6.516503482e-11	6.323673365e-11	6.266492744e-11	5.992209630e-11	6.036624836e-11	5.907094301e-11	6.020890369e-11	5.911208773e-11	5.861134283e-11	5.613919276e-11	5.598810269e-11	5.262531245e-11	4.991556288e-11	5.029942963e-11	4.918166452e-11	4.990305368e-11	4.717762993e-11	4.790482154e-11	4.681056771e-11	4.651758108e-11	4.557321162e-11	4.500102862e-11	4.491806095e-11	4.575971931e-11	4.621200989e-11	4.189113527e-11	4.238449522e-11	4.058716390e-11	4.141646377e-11	3.990940624e-11	4.007767763e-11	3.944528467e-11	3.890550503e-11	3.859744707e-11	3.867205015e-11	3.818667800e-11	3.963864982e-11	3.857242866e-11	3.879367577e-11	3.855856304e-11	3.945696495e-11	4.062830863e-11	4.029673939e-11	4.101119574e-11	3.883022374e-11	3.879488148e-11	3.752708129e-11	3.943533759e-11	3.885305680e-11	3.770635475e-11	3.653033896e-11	3.662574047e-11	3.775390479e-11	3.700124263e-11	3.751931956e-11	3.701601253e-11	3.774297808e-11	3.534603394e-11	3.654797242e-11	3.409451080e-11	3.408486515e-11	3.601000133e-11	3.566524469e-11	3.521604373e-11	3.491898784e-11	3.557971490e-11	3.670034355e-11	3.798072829e-11	3.734592392e-11	3.873708293e-11	3.385698665e-12	2.484885341e-12	2.640120028e-12	2.610580224e-12	2.527311132e-12	3.121121488e-12	3.208535195e-12	3.046819837e-12	3.011929710e-12	3.256009881e-12	2.794149009e-12	3.297832818e-12	3.481401603e-12	3.341388959e-12	3.073420732e-12	3.098589851e-12	3.692852347e-12	3.217276566e-12	3.220290831e-12	3.136795670e-12	3.515764233e-12	3.463165296e-12	2.937326633e-12	2.674934798e-12	3.163547278e-12	2.749688589e-12	3.067618270e-12	3.215618719e-12	3.523450611e-12	3.796919873e-12	4.056222085e-12	3.751329103e-12	3.791795621e-12	3.734675284e-12	3.888478195e-12	4.237605528e-12	4.067374868e-12	4.026757637e-12	3.582680933e-12
3.523827394e-12	3.833995341e-12	2.362129368e-12	3.174624705e-12	2.513520866e-12	2.819544198e-12	2.767774183e-12	2.555343803e-12	2.997838018e-12	3.387657938e-12	3.575220625e-12	3.129486075e-12	3.215015866e-12	3.228580062e-12	2.693547889e-12	2.831676618e-12	2.914870353e-12	3.130616425e-12	3.057294410e-12	2.716380952e-12	2.878849877e-12	2.722936980e-12	3.263620902e-12	2.936497710e-12	3.072817879e-12	3.185099279e-12	3.431063365e-12	3.641760542e-12	3.548544373e-12	3.576350975e-12	3.222928314e-12	3.218256202e-12	3.472810946e-12	3.982447930e-12	4.117788463e-12	4.135346561e-12	3.848689887e-12	3.599410108e-12	3.339580399e-12	3.475297715e-12	3.481627673e-12	2.937251276e-12	3.583057716e-12	3.402427840e-12	2.617588391e-12	3.183968929e-12	3.045237347e-12	3.533925184e-12	3.460000316e-12	3.103111250e-12	3.777251788e-12	3.726461410e-12	3.663312542e-12	3.560450723e-12	3.905056657e-12	3.805510530e-12	3.843867062e-12	3.775820012e-12	3.483963729e-12	3.370551980e-12	3.706039760e-12	3.462863869e-12	2.915849989e-12	3.585393772e-12	3.557285744e-12	3.081107110e-12	3.259099503e-12	3.633697381e-12	3.354651728e-12	4.249285807e-12	3.500692904e-12	3.623222808e-12	3.581098444e-12	3.588031255e-12	3.317953042e-12	3.261812342e-12	3.181406803e-12	2.820749904e-12	2.681641539e-12	3.101604117e-12	2.424826096e-12	2.517288698e-12	3.116298662e-12	2.837253009e-12	3.097760928e-12	2.960235052e-12	2.939511975e-12	2.683600812e-12	3.033406354e-12	3.143954551e-12	3.135665320e-12	3.559169660e-12	8.044917081e-11	7.236950678e-11	6.399723290e-11	5.885368980e-11	5.510010000e-11	5.280338020e-11	4.930668120e-11	4.639768866e-11	4.387263823e-11	4.154871468e-11	4.058919853e-11	3.908907381e-11	3.763160096e-11	3.622996738e-11	3.492885956e-11	3.438681922e-11	3.267765517e-11	3.227208571e-11	3.226982501e-11	3.198203799e-11	3.154790836e-11	3.178837141e-11	3.444047315e-11	4.065475881e-11	4.181668291e-11	3.899329552e-11	4.056907831e-11	8.094757966e-11	1.830688692e-10	1.956354185e-10	1.611431000e-10	1.388020404e-10	1.251919522e-10	1.155228658e-10	1.065911442e-10	1.030172047e-10	9.639516421e-11	9.242462263e-11	8.789704474e-11	8.503530082e-11	8.111140500e-11	7.973275520e-11	7.762932519e-11	7.393398607e-11	7.319466204e-11	7.319096956e-11	7.220372217e-11	6.845435234e-11	6.919804706e-11	6.753191165e-11	6.753417235e-11	6.478734732e-11	6.546563247e-11	6.217669174e-11	6.145387081e-11	5.970326061e-11	6.115952775e-11	5.967002833e-11	5.890395268e-11	5.871947962e-11	5.802077281e-11	5.704226679e-11	5.583904725e-11	5.515473357e-11	5.512557054e-11	5.485338235e-11	5.267874031e-11	5.227369835e-11	5.192909241e-11	5.154884279e-11	5.044840971e-11	5.035428926e-11	5.065277693e-11	4.969047258e-11	4.907985770e-11	4.972792484e-11	4.752125623e-11	4.752125623e-11	4.675849627e-11	4.663272603e-11	4.637553381e-11	4.600168950e-11	4.547261050e-11	4.572543204e-11	4.475024171e-11	4.323647744e-11	4.367437490e-11	4.290234608e-11	4.354235006e-11	4.262262222e-11	4.241576823e-11	4.216234383e-11	4.129318030e-11	4.027194706e-11	4.061376480e-11	3.985010056e-11	4.029478012e-11	3.971114291e-11	3.852894788e-11	3.816844169e-11	3.887656808e-11	3.895991253e-11	3.910934475e-11	3.859654279e-11	3.873610329e-11	3.845630407e-11	3.859955705e-11	3.816557814e-11	3.873482223e-11	3.818999369e-11	3.768630988e-11	3.838456455e-11	3.824666189e-11	3.798999716e-11	3.798841467e-11	3.851583582e-11	3.841380293e-11	3.913933670e-11	3.938552685e-11	1.984366511e-12	2.532812167e-12	2.378331046e-12	2.489406740e-12	2.410809760e-12	2.441103131e-12	3.018108955e-12	2.750894295e-12	3.218632985e-12	3.061363669e-12	2.803794659e-12	2.843507611e-12	2.897387611e-12	2.806130715e-12	2.856242884e-12	3.506947506e-12	2.986534521e-12	2.864758184e-12	2.883220562e-12	2.618191245e-12	2.893469066e-12	2.198153310e-12	2.724519470e-12	2.527085062e-12	2.355422626e-12	2.080898372e-12	2.675462294e-12	2.966640367e-12	2.918864255e-12	3.234307167e-12	2.886460898e-12	2.801458603e-12	2.706207805e-12	2.696938938e-12	2.595207468e-12	2.964153598e-12	2.775460561e-12	2.910424311e-12	3.307327755e-12	2.775460561e-12
2.484508558e-12	2.716682379e-12	2.569812279e-12	2.679380840e-12	2.780961596e-12	2.702967469e-12	2.679908336e-12	2.421435047e-12	2.583677902e-12	2.222267436e-12	2.135305869e-12	2.413748669e-12	2.342988780e-12	2.840568702e-12	2.572449762e-12	2.799725400e-12	2.005089588e-12	2.174642037e-12	2.761821008e-12	2.475541117e-12	2.452481984e-12	2.266727856e-12	2.481192866e-12	2.631604727e-12	2.907862185e-12	2.727006239e-12	2.426936082e-12	1.930863293e-12	1.787534956e-12	1.990847182e-12	2.715928812e-12	2.911856087e-12	2.728814798e-12	2.622561930e-12	2.535449649e-12	2.598673874e-12	2.427011438e-12	2.246306206e-12	2.900100450e-12	2.603722769e-12	2.530174684e-12	2.914945709e-12	2.726855525e-12	2.506512698e-12	2.833108394e-12	2.342159857e-12	2.979224927e-12	2.413974739e-12	2.368308613e-12	2.164694960e-12	2.734466547e-12	2.581944699e-12	3.162190859e-12	2.621130154e-12	2.433341396e-12	2.314503969e-12	2.261226821e-12	2.657828839e-12	2.280065982e-12	2.354518347e-12	2.549164559e-12	2.291595549e-12	2.568531216e-12	2.701083553e-12	2.517816195e-12	2.309907213e-12	2.170045282e-12	2.513520866e-12	2.470944362e-12	2.564311244e-12	2.800629680e-12	3.011552927e-12	2.621883720e-12	2.933483444e-12	2.705906378e-12	3.006579389e-12	2.283984528e-12	2.608620951e-12	2.328369591e-12	2.613443776e-12	2.347284109e-12	3.138905656e-12	3.269875503e-12	2.204558625e-12	2.942074101e-12	2.537785705e-12	2.571017985e-12	2.017146651e-12	2.601612783e-12	2.871992422e-12	2.759409596e-12	3.204767363e-12	8.715071253e-11	7.591405725e-11	6.798601079e-11	6.224910947e-11	5.747812962e-11	5.303691044e-11	4.956636019e-11	4.634531579e-11	4.442982526e-11	4.214116862e-11	3.944852501e-11	3.823354983e-11	3.656560587e-11	3.547632558e-11	3.357620780e-11	3.232604107e-11	3.155438903e-11	2.998779976e-11	2.932420915e-11	2.919587679e-11	2.934432937e-11	3.045975842e-11	3.675919709e-11	4.326579117e-11	3.837235677e-11	3.546969420e-11	3.739332325e-11	5.217324794e-11	1.360832480e-10	2.177593757e-10	1.914543305e-10	1.607412984e-10	1.395213949e-10	1.280273213e-10	1.195176723e-10	1.117321252e-10	1.056693818e-10	1.011161826e-10	9.616494967e-11	9.257526056e-11	8.911284884e-11	8.736043008e-11	8.444239474e-11	8.127681284e-11	7.972446597e-11	7.806450981e-11	7.549605395e-11	7.396699228e-11	7.220131075e-11	7.167125212e-11	7.028770413e-11	6.861395771e-11	6.683245128e-11	6.541800707e-11	6.497588964e-11	6.337938378e-11	6.250042388e-11	6.132840199e-11	6.005660791e-11	5.916732415e-11	5.811323541e-11	5.830607307e-11	5.709456430e-11	5.626232552e-11	5.541968753e-11	5.467621887e-11	5.378324264e-11	5.371670272e-11	5.298958647e-11	5.128878701e-11	5.057244675e-11	5.069173632e-11	5.017260439e-11	4.922160354e-11	4.786661573e-11	4.723196207e-11	4.571525889e-11	4.563003053e-11	4.489801609e-11	4.449704338e-11	4.208706255e-11	4.324559559e-11	4.233784946e-11	4.212722764e-11	4.109235484e-11	4.122731859e-11	4.039394946e-11	4.036388216e-11	3.906104114e-11	3.916541009e-11	3.882298950e-11	3.944860036e-11	3.876526631e-11	3.778932242e-11	3.756732174e-11	3.730138814e-11	3.682106489e-11	3.677019916e-11	3.603969185e-11	3.638829169e-11	3.653712106e-11	3.600254103e-11	3.543510550e-11	3.546148032e-11	3.526525162e-11	3.532214589e-11	3.554587976e-11	3.525658561e-11	3.413053127e-11	3.385826772e-11	3.379692741e-11	3.365367443e-11	3.351027073e-11	3.591075663e-11	3.614338259e-11	3.561181683e-11	3.555243579e-11	3.599922533e-11	3.617239490e-11	2.746975749e-12	2.636201483e-12	2.717134518e-12	2.420304697e-12	2.346756612e-12	2.594378545e-12	2.142540107e-12	2.181198065e-12	2.270947828e-12	2.452180558e-12	1.944653559e-12	2.226713478e-12	2.543211384e-12	2.363862571e-12	2.163866037e-12	1.552874366e-12	1.599369416e-12	2.019030567e-12	1.905166678e-12	1.494849750e-12	1.844730649e-12	2.108102120e-12	2.155350736e-12	2.010515266e-12	1.874722593e-12	2.028600861e-12	2.306742234e-12	1.961608804e-12	2.482398572e-12	2.278558849e-12	1.881580048e-12	1.938926454e-12	2.232591296e-12	1.997026427e-12	2.040205784e-12	2.505834488e-12	2.138018708e-12	2.482549285e-12	2.372905368e-12	2.363033647e-12
1.410977805e-12	1.735689585e-12	1.567794982e-12	1.485505526e-12	1.706752634e-12	1.220702279e-12	1.238863230e-12	1.445114365e-12	1.159588040e-12	1.384904406e-12	1.409018532e-12	1.102467704e-12	1.310602755e-12	1.449409694e-12	1.573371373e-12	1.616023234e-12	1.534939485e-12	1.805394481e-12	2.071328078e-12	1.529664520e-12	1.699367682e-12	1.826720411e-12	1.763119403e-12	1.674650703e-12	1.644206619e-12	1.783164271e-12	2.163564610e-12	2.285793087e-12	2.076226260e-12	2.468156166e-12	2.343064137e-12	2.464011551e-12	2.526331495e-12	2.351880864e-12	2.215108555e-12	2.177128806e-12	1.998759630e-12	2.597844951e-12	2.212546429e-12	2.327917451e-12	2.102601085e-12	2.248265478e-12	1.980900105e-12	2.263035381e-12	2.173436331e-12	1.740813837e-12	1.625668884e-12	2.292876612e-12	2.275846010e-12	1.864398733e-12	2.055955323e-12	1.597184073e-12	1.746616298e-12	2.026792301e-12	2.061305644e-12	1.888362146e-12	1.752343403e-12	1.855732719e-12	1.901022062e-12	2.111719239e-12	1.538481247e-12	1.871934398e-12	2.457681593e-12	2.081350512e-12	1.935987545e-12	1.493568687e-12	1.558224688e-12	1.651742283e-12	1.320775902e-12	1.196512796e-12	1.754754816e-12	9.412798422e-13	1.230800069e-12	1.540666590e-12	1.494322254e-12	1.756035879e-12	1.545866198e-12	1.956936692e-12	1.713459375e-12	2.142916890e-12	1.941337867e-12	2.189110513e-12	2.336206682e-12	2.023401252e-12	2.065676330e-12	2.068389169e-12	2.577649370e-12	1.768545082e-12	2.957296143e-12	2.254067940e-12	2.371473592e-12	2.711633483e-12	3.095726299e-12	6.970708119e-11	6.125651176e-11	5.478156746e-11	4.882289154e-11	4.484910962e-11	4.128391143e-11	3.838501669e-11	3.543751691e-11	3.426896143e-11	3.256597663e-11	3.121302344e-11	2.999013582e-11	2.879799370e-11	2.824894520e-11	2.658913975e-11	2.568817571e-11	2.556519367e-11	2.509926354e-11	2.490913873e-11	2.532578561e-11	2.857335555e-11	3.506231618e-11	4.222074523e-11	3.596636984e-11	3.264909500e-11	3.343468802e-11	4.100893504e-11	9.945991893e-11	2.088563650e-10	2.031860036e-10	1.705191244e-10	1.461114841e-10	1.314013397e-10	1.209604506e-10	1.121070999e-10	1.032560099e-10	9.738565194e-11	9.406468464e-11	8.879808413e-11	8.475776230e-11	8.325145834e-11	7.719700412e-11	7.475145495e-11	7.147924339e-11	6.934182753e-11	6.782414472e-11	6.584701245e-11	6.400484393e-11	6.156381615e-11	6.089495058e-11	5.868240415e-11	5.792250775e-11	5.655855249e-11	5.496340305e-11	5.310427928e-11	5.276125583e-11	5.179751971e-11	5.019249855e-11	4.890163923e-11	4.817120728e-11	4.873103179e-11	4.731312117e-11	4.680566953e-11	4.443992305e-11	4.418762900e-11	4.354061685e-11	4.272714188e-11	4.165835860e-11	4.183733063e-11	4.078309117e-11	4.058505391e-11	3.962387992e-11	3.853512712e-11	3.818878799e-11	3.720229416e-11	3.717056901e-11	3.622378813e-11	3.662935759e-11	3.543925011e-11	3.478982655e-11	3.336098922e-11	3.364839946e-11	3.439186811e-11	3.393580970e-11	3.309189065e-11	3.305293126e-11	3.308382748e-11	3.269265114e-11	3.415019936e-11	3.254600712e-11	3.232046468e-11	3.186448163e-11	3.210969215e-11	3.179500280e-11	3.235588230e-11	3.076872066e-11	3.117986651e-11	3.107708005e-11	3.091506327e-11	3.074912794e-11	3.053375865e-11	2.941086929e-11	2.996481598e-11	2.925314784e-11	2.887960495e-11	2.894893306e-11	2.885986151e-11	2.813138883e-11	2.817147857e-11	2.785942670e-11	2.806417070e-11	2.833470106e-11	2.791006637e-11	2.706388661e-11	2.700563592e-11	2.702861970e-11	2.124303799e-12	1.421678449e-12	1.239692153e-12	1.170288684e-12	1.959423461e-12	1.600273695e-12	1.452047176e-12	1.373676266e-12	1.206233803e-12	9.983248218e-13	1.128164320e-12	1.064261885e-12	1.209850922e-12	1.558827541e-12	1.714212941e-12	1.186791789e-12	1.266895902e-12	1.158306977e-12	1.037434920e-12	1.383547987e-12	8.464811838e-13	1.487012659e-12	1.156347705e-12	1.103371984e-12	1.679473528e-12	1.562218590e-12	1.445415792e-12	1.159512684e-12	1.700347319e-12	1.362146700e-12	2.256479353e-12	1.771785417e-12	1.929356160e-12	1.688667039e-12	1.593642311e-12	2.281799185e-12	1.744430956e-12	1.957765615e-12	1.546242981e-12	1.366065245e-12	1.584222730e-12	1.530192016e-12
1.967561979e-12	2.183760191e-12	1.987003993e-12	2.434396390e-12	1.866810146e-12	2.026566231e-12	1.853245950e-12	1.556039345e-12	2.182705198e-12	1.528157387e-12	1.594546590e-12	1.246624964e-12	1.480833414e-12	1.868920132e-12	1.456643932e-12	1.527705247e-12	1.327934783e-12	1.365387035e-12	1.346849301e-12	1.325221944e-12	1.688064186e-12	1.139317103e-12	1.668697528e-12	1.428083763e-12	1.766435096e-12	1.816622621e-12	1.772237557e-12	1.560108604e-12	1.445039008e-12	1.442476882e-12	1.532528072e-12	1.381287287e-12	1.258003818e-12	9.807667237e-13	1.018218976e-12	1.557923261e-12	1.626497807e-12	1.276541552e-12	1.464857806e-12	1.495377247e-12	1.189655341e-12	1.885649307e-12	1.832673586e-12	1.675705696e-12	1.397262896e-12	2.444192753e-12	1.886402873e-12	1.692284158e-12	1.818280467e-12	1.883539321e-12	1.997026427e-12	1.954223853e-12	1.809162313e-12	1.537953751e-12	1.835084999e-12	2.173059548e-12	1.586031290e-12	1.116031900e-12	1.970048748e-12	1.913757335e-12	1.278199398e-12	1.721070396e-12	1.414142784e-12	1.751137697e-12	1.805319124e-12	1.898761363e-12	1.939755377e-12	1.657243318e-12	1.589573052e-12	2.173963827e-12	1.833577866e-12	1.382719064e-12	1.751363767e-12	1.552346870e-12	1.874948663e-12	1.436297638e-12	1.309321692e-12	1.738251711e-12	1.563424296e-12	1.429816966e-12	1.917600524e-12	1.690174172e-12	2.143821170e-12	1.682789221e-12	1.926115825e-12	1.655434759e-12	1.871934398e-12	1.907125950e-12	2.113226372e-12	2.019482707e-12	2.114582792e-12	2.288355213e-12	2.617513035e-12	7.376337863e-11	6.416859391e-11	5.833659251e-11	5.355310345e-11	5.008647175e-11	4.686331737e-11	4.401641871e-11	4.155692855e-11	3.990435735e-11	3.787748969e-11	3.643923278e-11	3.470625603e-11	3.397107661e-11	3.222868029e-11	3.143231127e-11	3.084143982e-11	3.023512027e-11	2.975442023e-11	2.958426493e-11	3.205279788e-11	4.093418125e-11	5.093204865e-11	4.576830997e-11	3.927241653e-11	3.682000990e-11	3.549207512e-11	3.578038964e-11	4.171894534e-11	8.070146486e-11	1.704060141e-10	1.800047927e-10	1.488659955e-10	1.227295232e-10	1.100235640e-10	1.022126218e-10	9.574792600e-11	8.829085856e-11	8.374195474e-11	7.991617327e-11	7.651397150e-11	7.325570092e-11	7.096591393e-11	6.914770882e-11	6.743033090e-11	6.579132389e-11	6.343846339e-11	6.265693963e-11	5.974267213e-11	5.858202910e-11	5.802695206e-11	5.795792537e-11	5.591771959e-11	5.513235264e-11	5.402415783e-11	5.299546428e-11	5.184989258e-11	5.175305929e-11	5.084327853e-11	5.068337173e-11	4.925476047e-11	4.848868482e-11	4.821272879e-11	4.754461679e-11	4.738689533e-11	4.668600318e-11	4.501142784e-11	4.476410733e-11	4.485453530e-11	4.348168796e-11	4.336857764e-11	4.326368119e-11	4.321816577e-11	4.186785007e-11	4.190545303e-11	4.148383261e-11	4.013758616e-11	3.969381088e-11	4.065830057e-11	3.998770180e-11	3.916744472e-11	3.928063040e-11	3.898364987e-11	3.895554184e-11	3.899706335e-11	3.801946161e-11	3.775586407e-11	3.743966759e-11	3.843460136e-11	3.727727402e-11	3.743898938e-11	3.761562535e-11	3.734871212e-11	3.685384504e-11	3.666869376e-11	3.646703938e-11	3.605755138e-11	3.499863981e-11	3.480210968e-11	3.506992720e-11	3.523299898e-11	3.502727534e-11	3.502900854e-11	3.387085228e-11	3.385811700e-11	3.380054453e-11	3.332459196e-11	3.350386542e-11	3.389383605e-11	3.313793356e-11	3.305828158e-11	3.320726167e-11	3.391259986e-11	3.321630446e-11	3.370966441e-11	3.393603577e-11	3.437837927e-11	3.374515739e-11	3.290259476e-11	1.168555481e-12	1.570959961e-12	1.610898982e-12	1.463576743e-12	1.445491148e-12	1.543078002e-12	1.840209250e-12	1.608035430e-12	1.324845161e-12	1.054842305e-12	1.268478391e-12	1.130123592e-12	7.304319518e-13	1.352350336e-12	1.570809247e-12	1.246022111e-12	1.159286614e-12	1.114901550e-12	1.027337130e-12	1.335244378e-12	1.566513919e-12	1.540817303e-12	1.207439509e-12	1.481586981e-12	1.839304971e-12	1.520923149e-12	1.246851034e-12	9.708950033e-13	1.290407175e-12	1.054465522e-12	1.239767510e-12	1.275109776e-12	1.536295904e-12	1.413766001e-12	1.524389555e-12	1.317761636e-12	1.186641076e-12	1.819787600e-12	1.840209250e-12	1.817526900e-12
1.666060046e-12	1.630868493e-12	1.393495064e-12	1.793864914e-12	1.692359514e-12	2.271249255e-12	2.183157338e-12	1.904036328e-12	1.502083988e-12	2.101018596e-12	1.841565670e-12	1.620619989e-12	1.715644718e-12	1.880675768e-12	2.254896863e-12	1.885498593e-12	2.354593703e-12	1.998081420e-12	2.153316107e-12	2.295740164e-12	2.484433201e-12	2.192124779e-12	1.863946593e-12	1.681884941e-12	1.504646114e-12	2.123776302e-12	1.866734789e-12	1.952566007e-12	2.022044833e-12	2.156179659e-12	1.781807851e-12	1.590552688e-12	1.510222506e-12	1.215879453e-12	1.292743231e-12	1.176317215e-12	1.365160966e-12	1.046327004e-12	1.258832741e-12	1.042709885e-12	1.478798785e-12	1.430118393e-12	1.374354476e-12	1.765907599e-12	1.191916041e-12	1.115655117e-12	1.124622557e-12	1.776758956e-12	1.459959624e-12	1.284077216e-12	1.650536577e-12	1.340820769e-12	1.733127459e-12	2.062360637e-12	1.623031402e-12	1.809539096e-12	1.555662562e-12	1.935384692e-12	2.048042875e-12	2.167407799e-12	2.534243943e-12	2.154521813e-12	2.057161029e-12	1.611275765e-12	1.809991236e-12	1.506077890e-12	1.872235824e-12	2.166955659e-12	1.658524381e-12	1.345342168e-12	1.589422339e-12	1.560862170e-12	1.607131150e-12	1.741492046e-12	1.830412887e-12	1.774648970e-12	1.421150952e-12	1.834406789e-12	1.823856859e-12	1.927396888e-12	1.587010926e-12	1.660709724e-12	1.838249978e-12	2.082782288e-12	2.049625364e-12	2.077808749e-12	2.346756612e-12	2.574333678e-12	2.265220723e-12	2.566270517e-12	2.855187890e-12	3.170404733e-12	3.212378384e-12	3.544173688e-12	8.763789324e-11	7.646725038e-11	6.832775317e-11	6.264473185e-11	5.779357253e-11	5.442814480e-11	5.130521476e-11	4.847677847e-11	4.623537045e-11	4.407994436e-11	4.226821992e-11	4.090923820e-11	3.930881379e-11	3.818275945e-11	3.779128169e-11	3.687569846e-11	3.684254154e-11	3.721276873e-11	4.610191383e-11	6.402805377e-11	5.746886075e-11	4.880457988e-11	4.573681089e-11	4.324740415e-11	4.116921862e-11	4.089469436e-11	4.098941767e-11	4.599912737e-11	7.931384761e-11	1.891980772e-10	2.160194661e-10	1.805043319e-10	1.529563542e-10	1.372353004e-10	1.281321424e-10	1.158173596e-10	1.088497336e-10	1.027910594e-10	9.902895428e-11	9.522404661e-11	9.101590553e-11	8.824865884e-11	8.514321153e-11	8.213399466e-11	8.032852483e-11	7.786820575e-11	7.610041424e-11	7.447821176e-11	7.330423060e-11	7.236882857e-11	7.093968982e-11	6.941439598e-11	6.840748050e-11	6.669447327e-11	6.548967124e-11	6.587610011e-11	6.307207938e-11	6.242423831e-11	6.162500575e-11	6.164633168e-11	6.090534979e-11	5.924848326e-11	5.861910457e-11	5.807525567e-11	5.681318259e-11	5.592924915e-11	5.490379594e-11	5.583595763e-11	5.343682815e-11	5.290134384e-11	5.343976706e-11	5.226706696e-11	5.210889337e-11	5.186865638e-11	5.078148608e-11	4.999152238e-11	4.978225698e-11	5.008481390e-11	4.857029607e-11	4.871076085e-11	4.814995671e-11	4.791077472e-11	4.761771273e-11	4.738862853e-11	4.615918488e-11	4.589151808e-11	4.560930745e-11	4.563425050e-11	4.480909525e-11	4.503923444e-11	4.526334510e-11	4.417768192e-11	4.394897451e-11	4.378906771e-11	4.350165747e-11	4.310724079e-11	4.274364499e-11	4.270988521e-11	4.312276426e-11	4.269752672e-11	4.176498825e-11	4.116560150e-11	4.142226623e-11	4.116032654e-11	4.145188139e-11	4.141548413e-11	4.048226745e-11	4.081255562e-11	4.040140977e-11	4.041331612e-11	4.133515395e-11	4.180417370e-11	4.178608811e-11	4.253656493e-11	4.224154367e-11	4.154856397e-11	4.096470069e-11	4.097231171e-11	1.903960971e-12	2.213450709e-12	1.943523209e-12	2.149171491e-12	2.356402263e-12	2.264994653e-12	2.522337593e-12	2.141786540e-12	2.355874766e-12	2.753757847e-12	2.736350463e-12	3.113359753e-12	2.697993931e-12	2.088358680e-12	2.590233930e-12	2.112322092e-12	2.235680919e-12	2.362732221e-12	2.613971273e-12	2.126037002e-12	2.393025592e-12	2.068615239e-12	1.722652885e-12	1.557772548e-12	1.749027711e-12	1.514291764e-12	1.709239403e-12	1.913531265e-12	2.222192080e-12	2.400711970e-12	2.049399295e-12	2.015036665e-12	2.282326682e-12	2.194762261e-12	2.030710847e-12	2.506060558e-12	2.682018322e-12	2.711633483e-12	2.508019831e-12
2.448262012e-12	2.128674484e-12	2.404479802e-12	2.005617084e-12	2.157234652e-12	1.837421054e-12	1.917449811e-12	2.233269506e-12	2.067484889e-12	2.027545868e-12	1.792131711e-12	1.835612495e-12	1.881278621e-12	2.002979602e-12	2.092352582e-12	1.713233305e-12	2.106142848e-12	2.146232582e-12	2.132668386e-12	2.331835997e-12	1.710595822e-12	2.621431580e-12	2.656397063e-12	2.076452330e-12	2.517062628e-12	2.112548162e-12	2.113829225e-12	2.731527637e-12	2.611484503e-12	2.706433875e-12	2.585561818e-12	2.186699100e-12	2.375241424e-12	2.490235663e-12	2.396265928e-12	2.332514207e-12	2.304632248e-12	2.303275829e-12	2.385037788e-12	2.421962543e-12	2.089262959e-12	1.986099713e-12	2.435149956e-12	2.522563663e-12	2.428593928e-12	2.157611436e-12	2.667248420e-12	2.551274545e-12	2.155124666e-12	2.480891439e-12	2.144951519e-12	2.143595100e-12	2.346455186e-12	2.711784197e-12	2.698672141e-12	2.280668835e-12	2.220232807e-12	2.253540444e-12	2.539292838e-12	2.648409259e-12	2.622335860e-12	2.829792701e-12	2.926625989e-12	2.283080248e-12	2.260021115e-12	2.464991187e-12	2.867018884e-12	2.463333341e-12	2.743886127e-12	2.649464252e-12	2.952096535e-12	2.396491998e-12	2.479761089e-12	2.522865090e-12	2.337412388e-12	2.174340611e-12	2.083234428e-12	2.795505428e-12	2.729417651e-12	2.472451495e-12	2.543588167e-12	2.745770043e-12	2.529647188e-12	2.491818152e-12	2.750894295e-12	2.580814349e-12	2.727156952e-12	2.637708615e-12	2.567626936e-12	2.552103468e-12	2.486769257e-12	2.530928251e-12	3.024966410e-12	2.839212282e-12	3.605815423e-12	8.943529992e-11	7.775924004e-11	7.053736069e-11	6.492886710e-11	6.077453066e-11	5.660210863e-11	5.321821852e-11	5.128532060e-11	4.878415822e-11	4.652798030e-11	4.537276294e-11	4.334785456e-11	4.216068599e-11	4.141096273e-11	4.005228244e-11	4.069959601e-11	4.241169897e-11	6.112313050e-11	7.228201772e-11	5.884185881e-11	5.149194852e-11	4.816291805e-11	4.555474924e-11	4.439870296e-11	4.337882614e-11	4.326933294e-11	4.526786650e-11	5.822649645e-11	1.202371021e-10	2.166113926e-10	2.169052835e-10	1.877283966e-10	1.590890286e-10	1.462573746e-10	1.329378617e-10	1.245527772e-10	1.170967647e-10	1.109688378e-10	1.064801439e-10	1.017913781e-10	9.814215729e-11	9.576744337e-11	9.245536814e-11	8.973845970e-11	8.802515103e-11	8.649217082e-11	8.446145997e-11	8.240211360e-11	8.053470060e-11	7.768576732e-11	7.772676133e-11	7.674885816e-11	7.506245182e-11	7.368267166e-11	7.295382220e-11	7.121564585e-11	7.067413300e-11	6.974114239e-11	6.856377018e-11	6.701782863e-11	6.641912009e-11	6.495094659e-11	6.361916862e-11	6.208415378e-11	6.049088825e-11	6.214790550e-11	5.890598731e-11	5.807638602e-11	5.939226374e-11	5.880636583e-11	5.803147346e-11	5.682878142e-11	5.654039154e-11	5.580943209e-11	5.495059242e-11	5.528035309e-11	5.426771051e-11	5.462150995e-11	5.409793199e-11	5.371165383e-11	5.317451167e-11	5.298702434e-11	5.290013813e-11	5.192110461e-11	5.103099193e-11	5.047048921e-11	5.033612831e-11	5.010516020e-11	4.932446536e-11	4.916983353e-11	4.905574357e-11	4.887466155e-11	4.801077299e-11	4.773994121e-11	4.828409153e-11	4.734364062e-11	4.724748554e-11	4.688713006e-11	4.654591518e-11	4.614961459e-11	4.630017716e-11	4.623190404e-11	4.589475842e-11	4.616619305e-11	4.629098365e-11	4.568571909e-11	4.501512031e-11	4.530795623e-11	4.637915093e-11	4.651343647e-11	4.642783132e-11	4.597388289e-11	4.614810746e-11	4.619867176e-11	4.622904049e-11	2.376899270e-12	2.378180333e-12	2.328218878e-12	2.507266264e-12	3.174549348e-12	3.425713043e-12	2.853906828e-12	2.964530381e-12	3.275527252e-12	2.597844951e-12	2.720374854e-12	2.816153149e-12	2.758806743e-12	2.713743469e-12	2.930544535e-12	2.379159969e-12	2.646600699e-12	2.902888646e-12	2.298151577e-12	2.455571607e-12	2.228597394e-12	2.500484166e-12	2.832957680e-12	2.448940222e-12	2.619698377e-12	2.580512923e-12	2.158214289e-12	2.254444723e-12	2.183684834e-12	2.683902238e-12	2.568079076e-12	2.478630740e-12	2.223548499e-12	2.011494902e-12	2.176902736e-12	2.615855189e-12	1.853472020e-12	2.627083329e-12	2.851947555e-12	2.635598629e-12	2.705077455e-12
2.511184810e-12	2.692568252e-12	2.829189848e-12	3.247419223e-12	3.403558190e-12	2.924666716e-12	3.643116962e-12	3.290297154e-12	3.522094191e-12	3.261058776e-12	3.681322780e-12	3.915681944e-12	3.567082108e-12	3.373340176e-12	3.035742410e-12	3.120593991e-12	3.401674274e-12	3.520813128e-12	4.122385219e-12	3.934822531e-12	3.846203118e-12	3.584866276e-12	3.826685747e-12	3.917565860e-12	3.450128596e-12	3.726612124e-12	3.225490440e-12	3.789384208e-12	3.884408936e-12	3.498206135e-12	3.889909971e-12	3.662709689e-12	2.916302129e-12	3.244329601e-12	3.548242947e-12	3.464144932e-12	3.395721099e-12	3.092938103e-12	3.261661629e-12	3.358042777e-12	3.208384482e-12	3.168897600e-12	3.385321882e-12	3.403558190e-12	3.296401042e-12	3.666100738e-12	3.914928377e-12	3.708225102e-12	3.621715675e-12	3.065583641e-12	3.219235838e-12	3.545077968e-12	3.446888260e-12	3.535055534e-12	3.778909635e-12	3.339957182e-12	3.531739842e-12	3.342896091e-12	3.529479142e-12	3.737840264e-12	3.377032651e-12	3.849518810e-12	3.670697494e-12	3.560450723e-12	3.695414473e-12	3.959991650e-12	3.649899060e-12	3.740176319e-12	3.317199476e-12	3.820581859e-12	3.238903923e-12	3.504536093e-12	3.504762163e-12	3.916812293e-12	3.801667341e-12	3.398584652e-12	3.500918974e-12	3.844093132e-12	3.978454028e-12	3.621037465e-12	3.730832096e-12	3.124286467e-12	2.944410157e-12	2.539142125e-12	3.226093293e-12	2.823688813e-12	3.503179674e-12	2.758580673e-12	3.120141851e-12	3.166410831e-12	3.332496875e-12	3.442140792e-12	3.877250055e-12	3.953209553e-12	4.390504159e-12	9.982087726e-11	8.567033126e-11	7.592287398e-11	6.864319609e-11	6.364252918e-11	5.962504041e-11	5.582774375e-11	5.341648185e-11	5.087515439e-11	4.865002340e-11	4.725592548e-11	4.553169011e-11	4.363217518e-11	4.283995078e-11	4.255238982e-11	4.374114088e-11	5.494592030e-11	7.435470222e-11	6.948010698e-11	5.767880436e-11	5.268333706e-11	4.928467706e-11	4.673144324e-11	4.523222280e-11	4.423510369e-11	4.389599879e-11	4.415401994e-11	4.843827123e-11	6.975983084e-11	1.533711925e-10	2.274895763e-10	2.097387913e-10	1.791467066e-10	1.610268247e-10	1.467524677e-10	1.339124491e-10	1.260161278e-10	1.198626550e-10	1.136192063e-10	1.094341244e-10	1.048564343e-10	1.016441313e-10	9.868623227e-11	9.551183363e-11	9.305483025e-11	9.074876622e-11	8.881865650e-11	8.730383724e-11	8.538796991e-11	8.375212788e-11	8.091999913e-11	7.964044331e-11	7.846887356e-11	7.736527551e-11	7.592227113e-11	7.421212745e-11	7.358598909e-11	7.235360653e-11	7.121006946e-11	6.984438099e-11	6.895208297e-11	6.786883121e-11	6.621422538e-11	6.461749344e-11	6.318782719e-11	6.250615099e-11	6.195973996e-11	6.062419415e-11	5.952421322e-11	5.836959872e-11	6.088944954e-11	5.982006341e-11	5.902165976e-11	5.824623989e-11	5.734497443e-11	5.615773050e-11	5.712297375e-11	5.587913699e-11	5.515465821e-11	5.522677452e-11	5.407962032e-11	5.361255984e-11	5.306200420e-11	5.346471011e-11	5.254528369e-11	5.221785907e-11	5.221891407e-11	5.181153605e-11	5.089007500e-11	5.121757498e-11	5.048955444e-11	4.992611281e-11	4.974472937e-11	4.929937160e-11	4.947721328e-11	4.875816018e-11	4.869636773e-11	4.832184521e-11	4.789675838e-11	4.780851575e-11	4.838333623e-11	4.784521444e-11	4.800519659e-11	4.852560958e-11	4.831852952e-11	4.835522821e-11	4.853088454e-11	4.891490200e-11	4.883012578e-11	4.901429742e-11	4.954887745e-11	4.958813826e-11	4.919078268e-11	4.852945277e-11	4.833367621e-11	4.804061422e-11	3.259747570e-11	3.210343754e-12	2.736576533e-12	3.249529209e-12	3.213131950e-12	2.825572729e-12	3.200999531e-12	2.806356785e-12	2.806658212e-12	2.945465150e-12	2.724218043e-12	2.727985875e-12	3.530157352e-12	3.113284397e-12	3.396851449e-12	3.137624593e-12	3.237020006e-12	3.267162664e-12	3.525409884e-12	3.250282776e-12	3.082463529e-12	2.876363107e-12	3.034687417e-12	3.304012063e-12	3.462034946e-12	3.529855926e-12	3.422020568e-12	3.113887250e-12	3.481552317e-12	3.565122835e-12	3.444100065e-12	3.781773187e-12	3.814402614e-12	3.482531953e-12	3.621263535e-12	3.424582694e-12	3.455177491e-12	3.558265380e-12	3.453368932e-12	3.340560036e-12
3.544927254e-12	3.205144146e-12	3.105522662e-12	3.013964340e-12	3.932938615e-12	3.629100626e-12	4.046802505e-12	3.518175646e-12	3.921333692e-12	3.306574189e-12	3.448546107e-12	3.393535756e-12	3.574240989e-12	3.225641153e-12	3.543495478e-12	3.093164173e-12	3.195498496e-12	2.898744031e-12	2.622411217e-12	2.977265654e-12	3.201753097e-12	2.999571221e-12	3.256160594e-12	3.022856424e-12	3.238301069e-12	3.140864928e-12	3.169952593e-12	2.903717569e-12	3.187661405e-12	2.918713542e-12	3.523224541e-12	2.964379668e-12	3.201150244e-12	3.185174635e-12	2.901080087e-12	2.986986661e-12	2.677647637e-12	3.096329152e-12	2.902361150e-12	3.296099615e-12	2.844562604e-12	3.164526915e-12	2.946520143e-12	3.017204675e-12	2.385037788e-12	2.330781004e-12	2.871163499e-12	2.289560919e-12	2.665439860e-12	2.945691220e-12	2.708619218e-12	2.927982409e-12	2.904998632e-12	2.612991636e-12	2.732733344e-12	2.484809984e-12	2.391895242e-12	2.692869679e-12	2.821503471e-12	2.553610601e-12	3.294517126e-12	2.860914995e-12	2.598523160e-12	2.415406515e-12	2.750517512e-12	2.790155107e-12	2.598297091e-12	2.979526353e-12	2.627158685e-12	2.916000702e-12	2.948404059e-12	2.318422514e-12	2.780057316e-12	2.786236561e-12	2.733863693e-12	2.875082045e-12	2.773953428e-12	2.765061344e-12	3.526238807e-12	3.345835001e-12	2.910348954e-12	3.099117348e-12	3.142974915e-12	3.054882998e-12	2.945163724e-12	3.238074999e-12	3.092109180e-12	3.142070635e-12	3.040113095e-12	3.077037851e-12	2.720826994e-12	2.961516115e-12	3.340861462e-12	3.504008597e-12	3.623072094e-12	1.045576452e-10	8.771897699e-11	7.694817648e-11	6.972614642e-11	6.366415654e-11	5.903605288e-11	5.510123035e-11	5.314783542e-11	5.027802834e-11	4.819351285e-11	4.627252128e-11	4.471497480e-11	4.347920119e-11	4.203144934e-11	4.184584593e-11	4.458362817e-11	6.453610827e-11	7.744146107e-11	6.187594337e-11	5.444525076e-11	5.059143662e-11	4.793436135e-11	4.573123450e-11	4.449500875e-11	4.279096896e-11	4.240868470e-11	4.250303122e-11	4.443329166e-11	5.268567312e-11	8.848573084e-11	1.849002617e-10	2.268148329e-10	1.997296957e-10	1.733574324e-10	1.557721306e-10	1.435118306e-10	1.337040880e-10	1.258200498e-10	1.191075060e-10	1.144968851e-10	1.097713453e-10	1.048789659e-10	1.020603260e-10	9.863039299e-11	9.569095637e-11	9.319672681e-11	9.148771348e-11	8.965880772e-11	8.725621184e-11	8.560062636e-11	8.344746097e-11	8.188878414e-11	8.016763839e-11	7.835734573e-11	7.730167450e-11	7.566146178e-11	7.447188180e-11	7.337551798e-11	7.209965464e-11	7.107058431e-11	6.964973478e-11	6.865201281e-11	6.704058633e-11	6.600187035e-11	6.421312969e-11	6.279408872e-11	6.225114410e-11	6.087287108e-11	6.283915200e-11	6.237126259e-11	6.157323573e-11	6.075689721e-11	6.040136456e-11	5.914012040e-11	5.816168974e-11	5.738009062e-11	5.801293572e-11	5.723728978e-11	5.703910181e-11	5.650708390e-11	5.624484278e-11	5.595170543e-11	5.575479852e-11	5.445436891e-11	5.492180618e-11	5.350336807e-11	5.357751900e-11	5.339221702e-11	5.325845897e-11	5.307654803e-11	5.242667233e-11	5.241054601e-11	5.207912749e-11	5.190090903e-11	5.155833772e-11	5.132548569e-11	5.126934499e-11	5.073853279e-11	5.046408389e-11	5.055707399e-11	3.300764192e-11	3.402427840e-12	3.172966859e-12	2.925797066e-12	3.224661517e-12	2.784277288e-12	3.124135753e-12	3.102885180e-12	2.648333902e-12	2.603345986e-12	3.132726411e-12	2.665967357e-12	3.336038637e-12	3.370702693e-12	2.975909234e-12	3.211021964e-12	2.721128421e-12	3.239582132e-12	3.242294972e-12	2.889324450e-12	3.210946608e-12	3.185852845e-12	3.027980676e-12	3.543344765e-12	3.124135753e-12	2.978320647e-12	3.231594328e-12	2.743207917e-12	3.656455088e-12	3.709129382e-12	3.577029185e-12	3.772278250e-12	3.662408263e-12	3.400091784e-12	3.265052678e-12	2.957296143e-12	3.295496762e-12	3.467611338e-12	3.329482609e-12	2.934990577e-12	3.139659222e-12	3.266785881e-12	2.679832980e-12	2.956542577e-12	3.134158187e-12	3.248775643e-12	3.483737659e-12	3.090375977e-12	3.572583143e-12	3.280877573e-12	3.098514494e-12	3.561957856e-12	3.242747111e-12	2.865662464e-12	3.235211447e-12	3.276205461e-12
2.961742185e-12	3.304690273e-12	3.449902526e-12	3.307779895e-12	3.751931956e-12	3.353144595e-12	3.661277913e-12	3.384040819e-12	3.204089153e-12	3.583886639e-12	2.879000590e-12	3.285625042e-12	3.525485240e-12	3.364975588e-12	3.342519308e-12	3.011251501e-12	3.454499281e-12	2.992110913e-12	3.265956958e-12	3.038455249e-12	3.416218106e-12	3.142824201e-12	3.292105713e-12	3.323001937e-12	3.178166467e-12	3.447340400e-12	3.315918413e-12	3.270478356e-12	3.105221236e-12	2.846295806e-12	3.293838916e-12	3.032878857e-12	3.163019782e-12	3.599334752e-12	2.672824812e-12	2.484357845e-12	2.977416367e-12	2.930921318e-12	2.699199637e-12	2.767472757e-12	2.817208142e-12	2.649690322e-12	3.240411055e-12	3.211775531e-12	3.675520319e-12	3.240034272e-12	3.459397463e-12	3.056842270e-12	3.563917129e-12	3.399715001e-12	3.398132512e-12	3.302128147e-12	4.197214366e-12	3.471379170e-12	3.411169211e-12	3.078695697e-12	3.724728207e-12	3.293311420e-12	3.435207981e-12	3.452540009e-12	3.266258384e-12	3.448998246e-12	2.956391864e-12	3.462637799e-12	3.814628684e-12	3.381101910e-12	3.604082220e-12	3.498582918e-12	3.683055983e-12	3.578762388e-12	4.059085638e-12	4.142430086e-12	3.949818504e-12	4.144087932e-12	3.910557692e-12	3.629929549e-12	3.695715899e-12	3.867076908e-12	4.097216099e-12	3.759919760e-12	3.832337495e-12	3.489238694e-12	4.145971848e-12	3.636184151e-12	3.772655033e-12	3.791268124e-12	3.566554611e-12	3.593381577e-12	3.311397014e-12	3.637691283e-12	4.080712994e-12	3.706039760e-12	3.826535034e-12	3.880415034e-12	4.380707795e-12	4.935483409e-12	8.863214880e-11	7.692195237e-11	6.849926490e-11	6.291805040e-11	5.846786378e-11	5.439566609e-11	5.276547581e-11	4.993477882e-11	4.707484347e-11	4.520313514e-11	4.348538043e-11	4.235917539e-11	4.173281096e-11	4.192157935e-11	5.008647175e-11	7.400323883e-11	7.069184181e-11	5.774813247e-11	5.260029404e-11	4.976869278e-11	4.692443160e-11	4.518828988e-11	4.323625137e-11	4.265562843e-11	4.167463563e-11	4.168978232e-11	4.263965282e-11	4.602188508e-11	6.069826974e-11	1.157062839e-10	2.098310278e-10	2.205908262e-10	1.903593984e-10	1.686329476e-10	1.506375549e-10	1.392805550e-10	1.310296807e-10	1.245231620e-10	1.187980917e-10	1.137509297e-10	1.098516755e-10	1.051865717e-10	1.023044815e-10	9.988869824e-11	9.657926050e-11	9.439572637e-11	9.312890583e-11	9.108832326e-11	8.885987658e-11	8.713044160e-11	8.546242228e-11	8.324972514e-11	8.171644350e-11	8.074441814e-11	7.892885052e-11	7.749315573e-11	7.665285379e-11	7.547472802e-11	7.426540459e-11	7.263875607e-11	7.092371421e-11	6.969909338e-11	6.823853091e-11	6.686025789e-11	6.501206083e-11	6.388887005e-11	6.299099563e-11	6.225121946e-11	6.249620391e-11	6.391660129e-11	6.314811424e-11	6.236741940e-11	6.129886219e-11	6.026926436e-11	5.991109423e-11	5.992043846e-11	5.954697093e-11	5.921050351e-11	5.859890899e-11	5.780902064e-11	5.733171166e-11	5.640505101e-11	5.615381195e-11	5.582812054e-11	5.573000619e-11	5.535721687e-11	5.556655763e-11	5.462166066e-11	5.446220601e-11	5.362680225e-11	5.373350726e-11	5.283623569e-11	5.232705085e-11	5.275937192e-11	5.273774456e-11	5.263834915e-11	5.268695418e-11	5.243805119e-11	5.276668151e-11	5.364360678e-11	5.324858725e-11	5.253850159e-11	5.346629260e-11	5.341716006e-11	5.241521812e-11	5.309335256e-11	5.410689943e-11	5.355619307e-11	5.359236426e-11	5.367955190e-11	5.359914636e-11	5.339229237e-11	5.338415385e-11	5.301528308e-11	5.309802468e-11	3.807545159e-12	3.242822468e-12	3.074174298e-12	2.772973792e-12	2.724670183e-12	2.766869904e-12	2.817509568e-12	2.788421904e-12	3.348246413e-12	3.346513210e-12	3.175453628e-12	3.323529434e-12	2.951569038e-12	3.098966634e-12	3.358871700e-12	3.742361662e-12	3.873482223e-12	3.240712482e-12	3.822541132e-12	3.817341523e-12	2.972292116e-12	3.449977883e-12	3.212981237e-12	3.783732460e-12	3.222024034e-12	2.963701458e-12	2.859784646e-12	3.117730439e-12	2.994446969e-12	3.199190971e-12	2.603345986e-12	2.915096423e-12	3.126321096e-12	3.289618944e-12	2.840041205e-12	3.247796007e-12	3.486676569e-12	3.414258833e-12	2.993919472e-12	2.567476223e-12
3.222250104e-12	3.726009270e-12	3.219235838e-12	3.379594777e-12	3.190524957e-12	3.069050047e-12	3.119689711e-12	3.568815311e-12	2.958275780e-12	3.424356624e-12	3.280124007e-12	3.207404845e-12	3.425562330e-12	2.944937654e-12	3.146742747e-12	2.867320310e-12	3.237622860e-12	3.014039696e-12	3.144406691e-12	3.183742859e-12	3.091883110e-12	3.105296592e-12	3.711314725e-12	3.611467171e-12	3.588181968e-12	3.826384320e-12	3.304765630e-12	3.495719366e-12	3.837612460e-12	3.613727871e-12	3.260154496e-12	3.067166131e-12	3.513202107e-12	3.169651167e-12	3.140864928e-12	2.814269233e-12	3.158121600e-12	3.654119032e-12	3.187812118e-12	3.382081546e-12	3.504385380e-12	3.494212233e-12	3.181858943e-12	3.625709577e-12	3.733544935e-12	3.189696034e-12	3.357138497e-12	3.487505492e-12	3.538069800e-12	3.230087195e-12	3.460301743e-12	3.387657938e-12	3.713198641e-12	3.487430135e-12	3.398735365e-12	3.545530108e-12	3.641685186e-12	3.612296094e-12	3.802571621e-12	4.016132350e-12	3.923745105e-12	3.712445074e-12	3.796618446e-12	3.858410894e-12	3.614707507e-12	3.253824538e-12	3.047045907e-12	3.358720987e-12	3.678986724e-12	3.463316009e-12	3.274773685e-12	3.263922328e-12	3.359399197e-12	3.555552541e-12	3.607548626e-12	3.604082220e-12	3.255859167e-12	3.259777713e-12	3.807168376e-12	3.375977658e-12	3.299264595e-12	3.049457319e-12	3.344327868e-12	3.463089939e-12	3.321946944e-12	3.406949239e-12	2.970257486e-12	2.954206521e-12	3.050286242e-12	3.350582469e-12	3.789158138e-12	3.782677467e-12	3.519230639e-12	3.677856375e-12	3.752082669e-12	4.766081673e-12	9.753734487e-11	7.946847945e-11	6.995598418e-11	6.321292095e-11	5.821790579e-11	5.473258564e-11	5.132525962e-11	4.875145344e-11	4.632240737e-11	4.459606201e-11	4.299006121e-11	4.198804391e-11	4.122875037e-11	4.512107175e-11	6.427447000e-11	7.896336386e-11	6.231466975e-11	5.483062464e-11	5.086181626e-11	4.813631716e-11	4.613582432e-11	4.442379672e-11	4.299857651e-11	4.215141712e-11	4.174298411e-11	4.176189863e-11	4.086666169e-11	4.270340454e-11	4.768108767e-11	6.470460572e-11	1.260826677e-10	2.121766541e-10	2.190995182e-10	1.918276473e-10	1.688710746e-10	1.524033871e-10	1.392929135e-10	1.312801662e-10	1.244967872e-10	1.186375820e-10	1.140735315e-10	1.101198698e-10	1.057081904e-10	1.025194740e-10	1.001215503e-10	9.653231331e-11	9.471199821e-11	9.317502410e-11	9.125855392e-11	8.878467065e-11	8.697844725e-11	8.481684191e-11	8.326012435e-11	8.202615931e-11	8.010222882e-11	7.905205863e-11	7.731689654e-11	7.645504260e-11	7.519779235e-11	7.412720051e-11	7.305005264e-11	7.144616182e-11	6.940942244e-11	6.932668085e-11	6.648716714e-11	6.876519849e-11	6.762648424e-11	6.646131981e-11	6.563850061e-11	6.530195784e-11	6.415314580e-11	6.314736067e-11	6.250939132e-11	6.208724340e-11	6.174376782e-11	6.090813799e-11	6.063301088e-11	5.992081524e-11	5.926521243e-11	5.883334351e-11	5.856115531e-11	5.810803581e-11	5.763524822e-11	5.748340458e-11	5.725718394e-11	5.704769247e-11	5.646518561e-11	5.601681357e-11	5.521780708e-11	5.508435046e-11	5.501261093e-11	5.531546929e-11	5.420071845e-11	5.459310050e-11	5.517417558e-11	5.496717088e-11	5.485963695e-11	5.498171471e-11	5.536731466e-11	5.568547041e-11	5.617106863e-11	5.688349034e-11	5.636669447e-11	5.650655640e-11	5.677105823e-11	5.646292491e-11	5.579564182e-11	5.592276848e-11	5.563151505e-11	5.545156339e-11	5.583324479e-11	5.508970078e-11	5.450613893e-11	5.470108657e-11	5.344677523e-11	3.548996513e-12	3.518853856e-12	3.479593044e-12	4.077548015e-12	3.902117748e-12	3.546057604e-12	3.849142027e-12	3.962779846e-12	3.489540121e-12	3.883278587e-12	3.201300957e-12	3.924950811e-12	3.841832432e-12	3.988551819e-12	3.949893860e-12	3.574240989e-12	4.021482672e-12	4.262171794e-12	3.652687256e-12	3.769791481e-12	3.617194276e-12	3.855471985e-12	3.622619955e-12	4.060366701e-12	4.142806869e-12	3.926156517e-12	3.446210051e-12	3.723296431e-12	3.988777889e-12	3.757357634e-12	4.123666282e-12	3.840023873e-12	3.516593156e-12	3.446285407e-12	3.518703142e-12	3.388185435e-12	3.082237459e-12	3.208535195e-12	3.334531504e-12	3.862178726e-12
3.067618270e-12	3.292331783e-12	3.482456596e-12	3.169500453e-12	3.291804287e-12	3.619831759e-12	3.416820959e-12	3.491650107e-12	3.303484567e-12	3.243123895e-12	3.579214528e-12	3.412902414e-12	2.909369318e-12	3.290749294e-12	2.829717345e-12	3.227525069e-12	3.106502299e-12	3.365352371e-12	3.556456821e-12	3.441161155e-12	3.645151591e-12	3.571980290e-12	3.533171618e-12	3.552161492e-12	3.948763511e-12	3.579666667e-12	3.062117235e-12	3.577255255e-12	3.646131228e-12	3.622243171e-12	3.502501464e-12	3.469570610e-12	2.886762324e-12	3.133027837e-12	3.120066495e-12	3.253899895e-12	3.377786218e-12	3.099720201e-12	3.116072593e-12	3.212152314e-12	3.406195673e-12	3.296325685e-12	3.502727534e-12	3.215543363e-12	2.939964115e-12	3.169048313e-12	3.273492622e-12	3.433550134e-12	2.921426381e-12	3.106351585e-12	3.413957407e-12	3.485169436e-12	3.297908175e-12	3.261661629e-12	3.468967757e-12	3.444552204e-12	3.420588792e-12	3.375751588e-12	3.545228681e-12	3.478311981e-12	3.391651840e-12	3.354501015e-12	3.232875391e-12	3.408833155e-12	2.840493345e-12	3.022705710e-12	3.191127810e-12	3.006654745e-12	3.572357073e-12	3.089170271e-12	3.203561656e-12	3.346588567e-12	3.281405070e-12	3.052471585e-12	3.481100177e-12	3.061288312e-12	3.169575810e-12	3.016978605e-12	2.820674547e-12	2.768000253e-12	3.004996899e-12	3.117353656e-12	2.857900730e-12	3.170178663e-12	3.095952369e-12	2.888043387e-12	3.161060509e-12	2.703419609e-12	3.029638522e-12	3.265730888e-12	3.245535307e-12	3.309663811e-12	3.427596960e-12	3.243048538e-12	3.970014084e-12	3.882298950e-12	5.344067134e-12	8.249472692e-11	7.025364293e-11	6.208852446e-11	5.675907652e-11	5.276253690e-11	4.985120831e-11	4.699722612e-11	4.488633581e-11	4.278026831e-11	4.139656961e-11	4.054616989e-11	4.163771088e-11	5.700843165e-11	8.276412692e-11	6.507754575e-11	5.625426236e-11	5.126926964e-11	4.881008091e-11	4.658796419e-11	4.502664988e-11	4.292615878e-11	4.153266371e-11	4.117502108e-11	4.029440334e-11	3.991777083e-11	3.929080355e-11	3.946103421e-11	4.100155009e-11	4.367512846e-11	5.798369734e-11	1.070451680e-10	2.028914344e-10	2.258510214e-10	2.003317199e-10	1.710195679e-10	1.546064386e-10	1.428114660e-10	1.349291610e-10	1.276596562e-10	1.202872143e-10	1.149774345e-10	1.108350797e-10	1.073785458e-10	1.039984235e-10	1.011788793e-10	9.874244832e-11	9.629215168e-11	9.401713459e-11	9.261248675e-11	9.056075140e-11	8.867932206e-11	8.724528512e-11	8.524283302e-11	8.362552872e-11	8.214424317e-11	8.120590223e-11	7.920073729e-11	7.781831965e-11	7.662060115e-11	7.540901703e-11	7.383843385e-11	7.189212244e-11	7.001981126e-11	7.187041973e-11	6.745135540e-11	6.554151661e-11	6.500603230e-11	6.849602456e-11	6.780259272e-11	6.710923624e-11	6.658181509e-11	6.541506816e-11	6.424749232e-11	6.487672030e-11	6.377997970e-11	6.321066025e-11	6.284578338e-11	6.226455758e-11	6.213358774e-11	6.127256272e-11	6.073632484e-11	6.059005760e-11	6.004470156e-11	5.929053227e-11	5.932399062e-11	5.924622256e-11	5.902648259e-11	5.911382094e-11	5.851940773e-11	5.896114837e-11	5.949309093e-11	5.900681450e-11	5.871985640e-11	5.930289076e-11	5.954847806e-11	5.998087448e-11	6.044318750e-11	6.016489541e-11	6.083421312e-11	6.151106650e-11	6.003972802e-11	6.052231197e-11	6.004688690e-11	6.065162397e-11	5.968924427e-11	6.023113390e-11	5.929784186e-11	5.881736790e-11	5.868745304e-11	5.868752840e-11	5.790253824e-11	5.766380839e-11	5.747624570e-11	3.661654696e-12	3.913873384e-12	4.263904996e-12	3.798050222e-12	3.677856375e-12	3.507625716e-12	3.529027003e-12	3.638369493e-12	3.764215089e-12	3.517648149e-12	3.726687480e-12	3.888478195e-12	3.366332008e-12	3.986441833e-12	3.569870304e-12	3.674691396e-12	3.454423925e-12	3.458191757e-12	3.713424711e-12	3.648391927e-12	4.092845414e-12	3.686070249e-12	4.249662591e-12	3.905132014e-12	3.814930110e-12	3.272211559e-12	3.596245129e-12	2.701912476e-12	3.243651391e-12	3.585695199e-12	3.505591086e-12	3.121648984e-12	3.021273934e-12	3.410717071e-12	3.108989068e-12	3.778683565e-12	3.826082894e-12	3.647110864e-12	3.648919423e-12	3.377936931e-12	3.582304150e-12
3.696469466e-12	3.774162166e-12	3.181708230e-12	3.389466498e-12	3.186229628e-12	3.418328092e-12	3.322323728e-12	3.159553376e-12	3.229635055e-12	3.371531616e-12	3.251413125e-12	3.476578778e-12	3.195875279e-12	3.424733407e-12	3.106502299e-12	3.795638810e-12	3.452313939e-12	3.119463642e-12	3.384417602e-12	3.177488258e-12	3.685467396e-12	3.419609155e-12	3.509961772e-12	3.733092795e-12	3.004620116e-12	3.601595451e-12	3.384643672e-12	3.474242722e-12	3.571302080e-12	3.355706721e-12	3.637992710e-12	3.665347172e-12	3.487731562e-12	3.404085687e-12	3.526992373e-12	2.996556955e-12	3.477558415e-12	3.286830748e-12	3.665196459e-12	3.367236288e-12	3.357289211e-12	3.584790919e-12	3.103789460e-12	3.327674049e-12	3.411772064e-12	3.414635617e-12	3.106879082e-12	3.195347782e-12	3.080730326e-12	3.459548177e-12	3.385849379e-12	3.330763672e-12	3.728722110e-12	3.741909522e-12	3.653968319e-12	3.789384208e-12	3.391576484e-12	3.498959702e-12	3.647563004e-12	3.431440148e-12	3.368215924e-12	3.234834664e-12	3.298360315e-12	3.486601212e-12	3.469796680e-12	3.039208816e-12	3.382458330e-12	3.073948228e-12	3.552010779e-12	3.628723843e-12	3.394967533e-12	3.514859953e-12	3.655475451e-12	3.603177940e-12	3.559697157e-12	3.473715226e-12	3.648768710e-12	3.605664710e-12	3.142447418e-12	3.868282615e-12	3.535959814e-12	3.593683003e-12	3.655852235e-12	4.011912378e-12	4.011309525e-12	3.643870528e-12	4.237454814e-12	4.020879819e-12	3.718925746e-12	3.401900344e-12	3.506269296e-12	3.507399646e-12	3.816060460e-12	3.791569551e-12	4.272043514e-12	4.786955463e-12	5.236759272e-12	1.730806474e-11	7.435123581e-11	6.415299509e-11	5.759983060e-11	5.361459447e-11	5.001646543e-11	4.735177913e-11	4.462077899e-11	4.257235933e-11	4.152904660e-11	4.108625095e-11	4.693181655e-11	7.279647753e-11	7.716753967e-11	6.015125586e-11	5.449777434e-11	5.089497318e-11	4.879252281e-11	4.631404279e-11	4.442130995e-11	4.327483397e-11	4.192142864e-11	4.086236636e-11	4.024617509e-11	3.958522196e-11	3.937279158e-11	3.915998442e-11	3.970918364e-11	4.106839143e-11	4.509560121e-11	6.264601292e-11	1.234993666e-10	2.112141236e-10	2.252920258e-10	1.961551533e-10	1.699502571e-10	1.546152553e-10	1.430862916e-10	1.337351350e-10	1.269544688e-10	1.212106346e-10	1.155873711e-10	1.114025153e-10	1.078897653e-10	1.037530623e-10	1.007763995e-10	9.823876451e-11	9.608959302e-11	9.383793649e-11	9.198958873e-11	9.022111900e-11	8.856952743e-11	8.648222374e-11	8.452053958e-11	8.299780788e-11	8.174251690e-11	8.070945266e-11	7.960495033e-11	7.866660940e-11	7.696362459e-11	7.419524756e-11	7.275322282e-11	7.460978446e-11	7.314454987e-11	7.266241806e-11	7.178059461e-11	7.060292097e-11	7.021061428e-11	6.895238440e-11	6.833709740e-11	6.786114483e-11	6.735670746e-11	6.554166733e-11	6.566570436e-11	6.494687733e-11	6.436406905e-11	6.401637349e-11	6.291948218e-11	6.248000223e-11	6.185491887e-11	6.127143237e-11	6.129645078e-11	6.105297346e-11	6.089329273e-11	6.041251734e-11	6.037468831e-11	6.045064780e-11	6.017710319e-11	6.010867935e-11	5.998313518e-11	6.081567539e-11	6.122523875e-11	6.281978534e-11	6.182123445e-11	6.263546299e-11	6.313281684e-11	6.320945455e-11	6.403121875e-11	6.323711043e-11	6.288278349e-11	6.328624297e-11	6.355910937e-11	6.270569538e-11	6.327546697e-11	6.207036351e-11	6.191113492e-11	6.187127126e-11	6.138815981e-11	6.060693748e-11	6.050083533e-11	5.944870586e-11	5.988065015e-11	5.897418507e-11	5.923604941e-11	5.883364493e-11	3.418629519e-12	3.278014021e-12	3.063925795e-12	3.531513772e-12	3.748239480e-12	3.720583592e-12	3.566780681e-12	3.778532851e-12	3.407627449e-12	3.591346947e-12	3.767681495e-12	3.458191757e-12	3.514181744e-12	3.872879370e-12	3.669793214e-12	3.654043675e-12	3.350883896e-12	3.411696708e-12	3.368818777e-12	3.539124793e-12	3.468440261e-12	3.597902975e-12	3.932335762e-12	4.270536381e-12	3.900309188e-12	3.613426444e-12	3.724577494e-12	3.605287926e-12	4.119973806e-12	3.580118807e-12	3.470098107e-12	3.758337271e-12	3.258195223e-12	3.740854529e-12	3.560978220e-12	3.425486973e-12	3.134459614e-12	3.059329040e-12	3.355556008e-12
3.004318689e-12	3.105974802e-12	3.339128259e-12	3.304840986e-12	3.297983532e-12	3.233402888e-12	3.271834776e-12	3.046819837e-12	3.911914112e-12	3.337696483e-12	3.439126526e-12	3.288790021e-12	3.193313153e-12	3.491499394e-12	3.053375865e-12	3.165581908e-12	2.943958017e-12	3.084046019e-12	3.277411168e-12	2.999571221e-12	2.891811220e-12	3.309287028e-12	3.582756290e-12	3.549297940e-12	3.197533125e-12	3.221496538e-12	3.261284846e-12	3.690817718e-12	3.948914224e-12	3.585243059e-12	3.943036406e-12	3.800009495e-12	3.943488545e-12	3.095274159e-12	3.582153437e-12	3.342293238e-12	3.063096872e-12	3.064980788e-12	3.227977209e-12	3.483586946e-12	3.020520368e-12	3.212227671e-12	2.806658212e-12	3.141919922e-12	3.178241824e-12	2.787668337e-12	2.902737933e-12	2.815927079e-12	2.760992085e-12	3.229710412e-12	2.948780843e-12	2.998365514e-12	3.266183028e-12	3.338525406e-12	3.532794835e-12	3.732716012e-12	3.508303925e-12	3.475448429e-12	3.056917627e-12	3.143879194e-12	3.336340063e-12	2.879528087e-12	3.329256539e-12	3.465425995e-12	3.173343642e-12	3.272588342e-12	3.015622186e-12	3.118484005e-12	3.566856038e-12	3.354727085e-12	3.082614243e-12	3.569192094e-12	3.754644795e-12	3.589086248e-12	3.688632375e-12	3.854341635e-12	3.902946671e-12	3.364297378e-12	3.064453291e-12	3.638896990e-12	3.230162552e-12	3.843565635e-12	3.492252960e-12	3.727893186e-12	3.872427230e-12	3.725029634e-12	3.950044573e-12	3.700840151e-12	4.200605415e-12	4.036629358e-12	3.994203567e-12	3.999403175e-12	4.080712994e-12	4.093674337e-12	4.460435124e-12	4.468046145e-12	4.981526319e-12	6.704706701e-12	9.013807598e-11	7.556447778e-11	6.648535858e-11	5.942647565e-11	5.574643394e-11	5.268409063e-11	5.032723623e-11	4.851415537e-11	4.694176363e-11	4.955264528e-11	8.333691277e-11	1.032792197e-10	7.806692122e-11	6.869406182e-11	6.189855036e-11	5.789703720e-11	5.559903634e-11	5.345280376e-11	5.077636183e-11	4.849350765e-11	4.691697130e-11	4.561706918e-11	4.405560416e-11	4.342622547e-11	4.249255665e-11	4.264342065e-11	4.167501242e-11	4.175669902e-11	4.258426568e-11	4.688622579e-11	6.036443980e-11	1.093837108e-10	1.978073477e-10	2.229651634e-10	1.998038467e-10	1.783307448e-10	1.563319551e-10	1.450235603e-10	1.360335126e-10	1.282605501e-10	1.224645692e-10	1.178718078e-10	1.128792794e-10	1.089145403e-10	1.056371291e-10	1.024368078e-10	1.001841716e-10	9.794660680e-11	9.561137976e-11	9.339770298e-11	9.094469350e-11	8.862536670e-11	8.753894997e-11	8.586422391e-11	8.415061382e-11	8.225765492e-11	8.048255381e-11	7.993764991e-11	7.810829202e-11	7.583606313e-11	7.354077510e-11	7.600260131e-11	7.384122204e-11	7.352962232e-11	7.220635965e-11	7.122988825e-11	7.064805960e-11	6.932796191e-11	6.861275200e-11	6.761992822e-11	6.699039881e-11	6.639395097e-11	6.562682033e-11	6.519118357e-11	6.463150978e-11	6.382873545e-11	6.322897192e-11	6.285060621e-11	6.267148346e-11	6.216802572e-11	6.239281459e-11	6.144090946e-11	6.097904859e-11	6.103571679e-11	6.142704384e-11	6.199560972e-11	6.175492060e-11	6.367312398e-11	6.365669623e-11	6.393732437e-11	6.430694871e-11	6.559615018e-11	6.472397238e-11	6.566457401e-11	6.581468445e-11	6.598295583e-11	6.593713899e-11	6.520097994e-11	6.489797087e-11	6.526216953e-11	6.589388428e-11	6.403807621e-11	6.472924735e-11	6.455539957e-11	6.461259526e-11	6.372858647e-11	6.369060672e-11	6.310214668e-11	6.238226466e-11	6.146359181e-11	6.115493100e-11	6.068515768e-11	5.991614313e-11	2.902436506e-12	2.914493569e-12	2.780584813e-12	2.815927079e-12	2.779379106e-12	2.979752423e-12	3.284645406e-12	2.822483107e-12	3.010045794e-12	3.036043836e-12	2.485186768e-12	3.306649546e-12	3.038907389e-12	2.854886464e-12	2.778173400e-12	2.723163050e-12	2.598447804e-12	2.891283723e-12	2.653458154e-12	2.941546605e-12	2.525201146e-12	3.032502074e-12	3.042750578e-12	2.816906715e-12	3.118936145e-12	3.013813626e-12	2.869882436e-12	2.819845624e-12	3.451108232e-12	3.004770829e-12	3.381930833e-12	3.063699725e-12	3.029713878e-12	3.389014358e-12	3.137172453e-12	3.475448429e-12	3.341841098e-12	2.848255079e-12	2.521659383e-12	2.590007860e-12
3.534000541e-12	3.536788737e-12	3.171610439e-12	3.428199813e-12	3.211172677e-12	3.029412452e-12	2.938456982e-12	2.682169036e-12	2.727383022e-12	2.921200311e-12	2.863703191e-12	2.840191918e-12	2.645696420e-12	3.192333516e-12	3.607247199e-12	3.001681207e-12	3.250207419e-12	3.038003109e-12	3.597601549e-12	3.032049934e-12	2.791059386e-12	2.858126800e-12	2.790908673e-12	2.395889144e-12	2.955864367e-12	2.526180782e-12	2.637331832e-12	2.620527301e-12	2.988267724e-12	3.068371837e-12	3.291728930e-12	2.928133122e-12	2.944937654e-12	3.108461572e-12	2.662651665e-12	2.858202156e-12	2.805678575e-12	3.282233993e-12	2.958501850e-12	2.506361985e-12	3.041695585e-12	2.556926293e-12	2.065299546e-12	2.572977258e-12	2.660466322e-12	2.102375015e-12	2.502066656e-12	2.361451158e-12	2.815701009e-12	2.582170769e-12	2.518192978e-12	2.700028560e-12	2.695808588e-12	2.770411666e-12	2.957748283e-12	2.679380840e-12	2.340803437e-12	3.005373682e-12	2.716380952e-12	2.364390067e-12	2.775535918e-12	3.361283113e-12	2.946143360e-12	2.900627947e-12	3.119614355e-12	2.808014631e-12	2.947650493e-12	2.764910631e-12	2.952171892e-12	3.571528150e-12	3.203335586e-12	3.250282776e-12	3.136192817e-12	3.051944088e-12	3.401598917e-12	3.504008597e-12	3.571000653e-12	2.996481598e-12	3.485546219e-12	3.083970662e-12	3.122854691e-12	3.343272875e-12	3.224736873e-12	3.556833604e-12	3.389843281e-12	3.297305322e-12	2.959406129e-12	3.540556569e-12	3.295195336e-12	2.952322605e-12	3.217351922e-12	3.579892737e-12	3.684186333e-12	3.418855589e-12	3.482908736e-12	4.058784211e-12	4.409418676e-12	4.991548752e-12	2.962118969e-11	8.365092391e-11	7.036517076e-11	6.238316894e-11	5.870757327e-11	5.457320634e-11	5.147514399e-11	4.925852830e-11	4.817942116e-11	5.343517030e-11	8.856771887e-11	9.208250347e-11	7.110916691e-11	6.365353125e-11	5.910492885e-11	5.597785419e-11	5.319839973e-11	5.144658382e-11	4.890284494e-11	4.706926707e-11	4.576213072e-11	4.478814610e-11	4.324250597e-11	4.283226440e-11	4.162361918e-11	4.120237554e-11	4.121443261e-11	4.084390399e-11	4.138134757e-11	4.199354495e-11	4.677439653e-11	6.302709147e-11	1.583711812e-10	2.191365184e-10	2.113182665e-10	1.841628216e-10	1.625816583e-10	1.487681073e-10	1.500393738e-10	1.358078948e-10	1.281747943e-10	1.230076645e-10	1.178394044e-10	1.129727970e-10	1.092927553e-10	1.063792414e-10	1.034512589e-10	1.003924574e-10	9.798345620e-11	9.602169668e-11	9.350764832e-11	9.150760763e-11	8.983717690e-11	8.777459019e-11	8.646330923e-11	8.445068397e-11	8.292320480e-11	8.196557256e-11	7.970479788e-11	7.789819770e-11	7.507797529e-11	7.363572448e-11	7.577999778e-11	7.003910256e-11	6.887303385e-11	7.392991681e-11	7.291192391e-11	7.168783058e-11	7.126003091e-11	7.013299694e-11	6.921884549e-11	6.807334914e-11	6.828449846e-11	6.733794365e-11	6.674978505e-11	6.656734661e-11	6.581400624e-11	6.541461602e-11	6.469021260e-11	6.425578155e-11	6.451764589e-11	6.411343285e-11	6.394425718e-11	6.446760908e-11	6.522464192e-11	6.459496181e-11	6.704329917e-11	6.662989262e-11	6.895698115e-11	6.729009218e-11	6.892759206e-11	6.944710077e-11	7.010835532e-11	6.953474054e-11	6.963662273e-11	6.919789634e-11	6.866678272e-11	6.843897958e-11	6.842413432e-11	6.755602578e-11	6.764976945e-11	6.694978158e-11	6.669613111e-11	6.603005374e-11	6.570413625e-11	6.544475868e-11	6.546337177e-11	6.418946770e-11	6.387492907e-11	6.357734568e-11	6.307162724e-11	6.265060967e-11	3.115469739e-12	3.125040033e-12	3.003414410e-12	3.377108008e-12	3.263620902e-12	3.055787277e-12	3.018787165e-12	2.868752086e-12	2.800855750e-12	2.902436506e-12	2.805226435e-12	2.810199974e-12	2.656095637e-12	2.888872310e-12	2.863175695e-12	2.648107832e-12	3.217879419e-12	3.243877461e-12	3.405517463e-12	2.980581346e-12	2.737254742e-12	3.232423251e-12	3.089773124e-12	3.036043836e-12	3.133329264e-12	3.675972459e-12	2.975683164e-12	3.413806694e-12	3.429028736e-12	2.686765791e-12	2.390463466e-12	3.002886913e-12	3.107105152e-12	3.099644844e-12	2.924440646e-12	3.394590749e-12	3.098966634e-12	3.248851000e-12	2.897462968e-12	2.947725850e-12	3.296325685e-12
3.407099952e-12	3.155408761e-12	3.054355501e-12	3.095500229e-12	3.636787004e-12	3.086005292e-12	2.852475051e-12	3.410340288e-12	3.552990415e-12	3.409511365e-12	2.766493120e-12	2.746749680e-12	2.681641539e-12	3.047573403e-12	2.815474939e-12	2.609902014e-12	2.456475886e-12	3.003791193e-12	3.067542914e-12	3.228881489e-12	2.933483444e-12	2.637256476e-12	3.109290495e-12	2.814646016e-12	2.905224702e-12	2.786688701e-12	2.819242771e-12	3.056465487e-12	2.572449762e-12	2.829641988e-12	2.908841821e-12	2.539820335e-12	3.174775418e-12	2.667022350e-12	3.096705935e-12	3.209816258e-12	3.585243059e-12	3.021273934e-12	2.941320535e-12	2.867923163e-12	3.507701072e-12	3.142070635e-12	3.067919697e-12	3.270252287e-12	2.925721709e-12	2.912232870e-12	3.046518410e-12	3.076208928e-12	2.496867048e-12	3.241842832e-12	2.540799971e-12	2.575388671e-12	3.115695809e-12	3.038832032e-12	3.460904596e-12	3.617420346e-12	2.908012898e-12	3.012231137e-12	2.989247360e-12	3.303861350e-12	3.094369879e-12	3.215995503e-12	3.585318416e-12	2.899346884e-12	2.787216197e-12	3.201451670e-12	2.908465038e-12	3.183215363e-12	3.487053352e-12	3.716891116e-12	3.186907838e-12	3.018108955e-12	3.394289323e-12	2.896407975e-12	3.149304873e-12	3.109667278e-12	3.305745266e-12	3.708752599e-12	3.662483619e-12	3.422774134e-12	3.433474778e-12	3.532644121e-12	3.652084402e-12	3.291804287e-12	3.062494019e-12	3.115319026e-12	3.351486749e-12	2.870485289e-12	3.338751476e-12	3.540857996e-12	3.811162278e-12	3.606342919e-12	3.070632536e-12	3.352692455e-12	3.577632038e-12	4.148760044e-12	3.418026666e-12	4.370836074e-12	7.402886009e-12	8.415965661e-11	6.920279453e-11	6.040219348e-11	5.621794046e-11	5.267105393e-11	4.917450564e-11	4.748063899e-11	4.784461159e-11	6.121461346e-11	1.002134854e-10	8.100462464e-11	6.668603332e-11	6.093436210e-11	5.757285292e-11	5.461178894e-11	5.170241963e-11	4.997456713e-11	4.745200347e-11	4.592618214e-11	4.473916428e-11	4.320934905e-11	4.238306344e-11	4.137720296e-11	4.162829130e-11	4.095641146e-11	4.052891321e-11	4.047405358e-11	4.006569592e-11	4.053147534e-11	4.376728964e-11	5.181055641e-11	7.688178728e-11	1.472671536e-10	2.191915287e-10	2.156376340e-10	1.870220034e-10	1.656107694e-10	1.516964665e-10	1.444315585e-10	1.333527000e-10	1.265775348e-10	1.212097304e-10	1.156049292e-10	1.120669348e-10	1.087300672e-10	1.051940321e-10	1.023420845e-10	9.996134204e-11	9.754706588e-11	9.558696420e-11	9.321338063e-11	9.120603034e-11	8.933726092e-11	8.815890908e-11	8.608584780e-11	8.473794350e-11	8.312840094e-11	8.149316176e-11	7.836013392e-11	7.629604008e-11	7.404536319e-11	7.665292915e-11	7.581511398e-11	7.519040740e-11	7.489508471e-11	7.398605751e-11	7.273272581e-11	7.225074471e-11	7.099183661e-11	7.090577933e-11	6.932050160e-11	6.949578116e-11	6.841901007e-11	6.822752884e-11	6.830612582e-11	6.724367249e-11	6.671647741e-11	6.642876574e-11	6.600857709e-11	6.565274302e-11	6.566706078e-11	6.553292596e-11	6.575349485e-11	6.597082341e-11	6.648867427e-11	6.868305975e-11	6.797048732e-11	7.006525132e-11	7.049983309e-11	7.113735029e-11	7.192211439e-11	7.241457006e-11	7.191397587e-11	7.139740607e-11	7.105008730e-11	7.127284154e-11	7.132717368e-11	7.018650016e-11	7.020910715e-11	6.967648639e-11	6.963865736e-11	6.949721293e-11	6.877220666e-11	6.792135479e-11	6.814757544e-11	6.775963943e-11	6.669507612e-11	6.614022515e-11	6.505953552e-11	6.492638033e-11	6.405684001e-11	6.337855486e-11	6.309212425e-11	2.715476672e-12	2.868676730e-12	3.225038300e-12	3.209891615e-12	3.490745827e-12	3.183366076e-12	3.756151928e-12	3.436790470e-12	2.990905207e-12	2.404404445e-12	3.291879643e-12	3.151414859e-12	2.684429735e-12	3.056766914e-12	2.766191694e-12	3.398433938e-12	3.102206970e-12	3.209288761e-12	3.353370665e-12	3.567534248e-12	3.600389745e-12	3.257893797e-12	3.019616088e-12	3.631210612e-12	3.310417378e-12	3.304313490e-12	3.184722495e-12	2.769432029e-12	3.023082494e-12	2.608394881e-12	3.205973069e-12	3.235437517e-12	2.966263584e-12	3.335511140e-12	3.314938776e-12	3.653666892e-12	3.337847196e-12	3.511694974e-12	3.371983756e-12
3.483737659e-12	3.564218555e-12	3.165807978e-12	3.566931395e-12	3.267614804e-12	3.107708005e-12	3.125868956e-12	2.955487584e-12	3.437317967e-12	3.015772899e-12	2.863100338e-12	3.430912652e-12	3.384191532e-12	3.055033711e-12	2.966338941e-12	2.793018659e-12	3.016978605e-12	3.034838130e-12	3.005298326e-12	3.215543363e-12	3.401071421e-12	3.250433489e-12	2.951192255e-12	2.768452393e-12	3.301148511e-12	3.016300396e-12	3.076510354e-12	3.098589851e-12	3.133555334e-12	3.302957070e-12	3.392405407e-12	2.977491724e-12	3.401222134e-12	3.176207195e-12	3.105296592e-12	3.031447081e-12	2.515555495e-12	2.465744753e-12	3.092335250e-12	3.004092619e-12	2.911177877e-12	2.696637511e-12	3.379820847e-12	3.104995166e-12	2.925495639e-12	3.310492734e-12	3.405592819e-12	3.583057716e-12	2.895654408e-12	3.452615365e-12	2.964002885e-12	3.367160931e-12	2.941320535e-12	3.533322331e-12	2.925118856e-12	2.988493794e-12	2.783373009e-12	3.076585711e-12	2.992789123e-12	2.715778099e-12	2.862648198e-12	3.064528648e-12	3.073420732e-12	2.799876114e-12	3.989003958e-12	3.010422577e-12	3.333928651e-12	3.656605801e-12	3.532041268e-12	3.307629182e-12	3.503405744e-12	3.469269184e-12	3.499411841e-12	3.241616762e-12	2.890680870e-12	3.046141627e-12	3.016149682e-12	2.315332892e-12	3.065432928e-12	3.067919697e-12	3.396022526e-12	3.062418662e-12	3.178693964e-12	3.143200984e-12	3.298887811e-12	3.128355726e-12	3.190901740e-12	2.646223916e-12	3.088492061e-12	3.111099054e-12	3.021726074e-12	3.150962719e-12	3.468892401e-12	3.807093019e-12	3.616365353e-12	3.363468455e-12	3.547338667e-12	4.178827345e-12	6.037800400e-12	5.655779892e-11	7.317891250e-11	6.251308380e-11	5.792228168e-11	5.324459335e-11	4.959552321e-11	4.775335469e-11	5.075707053e-11	8.652630738e-11	9.484326948e-11	7.206084597e-11	6.420468975e-11	5.894517277e-11	5.603120669e-11	5.293367184e-11	5.094139288e-11	4.895702637e-11	4.746119698e-11	4.579362980e-11	4.519273592e-11	4.382101893e-11	4.288252728e-11	4.158202232e-11	4.119107205e-11	4.061941654e-11	4.009418073e-11	3.960413648e-11	3.975047908e-11	4.006622342e-11	4.113108816e-11	4.391355689e-11	5.369989819e-11	8.281823299e-11	1.528321664e-10	2.190672656e-10	2.163963247e-10	1.866705400e-10	1.678929453e-10	1.533595122e-10	1.440008952e-10	1.334484029e-10	1.269423363e-10	1.215217069e-10	1.163869805e-10	1.134049674e-10	1.088950229e-10	1.065980770e-10	1.038953356e-10	1.014823405e-10	9.846588944e-11	9.636261014e-11	9.413499239e-11	9.253291013e-11	9.071387610e-11	8.915158215e-11	8.775507282e-11	8.608079890e-11	8.416304766e-11	8.098955331e-11	7.931663581e-11	7.785418941e-11	7.845945398e-11	7.812931652e-11	7.686769559e-11	7.565995465e-11	7.629950649e-11	7.534345674e-11	7.443036029e-11	7.387219362e-11	7.278426975e-11	7.142144484e-11	7.144051007e-11	7.072929407e-11	7.013691549e-11	6.954302977e-11	6.954235156e-11	6.887876096e-11	6.853212039e-11	6.870159749e-11	6.857228548e-11	6.914680454e-11	6.973330530e-11	7.064481927e-11	7.101007292e-11	7.208880328e-11	7.115995729e-11	7.466811050e-11	7.346285633e-11	7.449607128e-11	7.488257551e-11	7.563229876e-11	7.509658838e-11	7.459139744e-11	7.425930071e-11	7.364250657e-11	7.293709303e-11	7.270190494e-11	7.264817565e-11	7.256596155e-11	7.239045593e-11	7.181789615e-11	7.130072350e-11	7.114767415e-11	7.069447930e-11	6.980805909e-11	6.932781120e-11	6.851968655e-11	6.776370869e-11	6.691338432e-11	6.634218096e-11	6.578989211e-11	2.768678463e-12	3.103186606e-12	3.218406915e-12	3.741758809e-12	3.706642613e-12	3.495794722e-12	3.673108906e-12	3.657962221e-12	3.562786779e-12	3.729174249e-12	3.572507786e-12	3.810484068e-12	3.728722110e-12	3.947633161e-12	3.708677242e-12	3.574165632e-12	3.554120765e-12	4.254786842e-12	3.817416880e-12	3.815231537e-12	3.851176656e-12	3.666025382e-12	3.787123509e-12	3.665573242e-12	3.556230751e-12	3.663764682e-12	3.355179224e-12	3.955922392e-12	3.883806083e-12	3.646734081e-12	3.459020680e-12	3.014717906e-12	3.589236961e-12	3.291352147e-12	3.497753995e-12	3.530006639e-12	3.486450499e-12	3.776950362e-12	3.471002387e-12	2.990980563e-12	3.455478918e-12
2.610655580e-12	2.285793087e-12	2.593022125e-12	2.865059611e-12	3.042524508e-12	3.217050496e-12	3.090225264e-12	3.178844677e-12	2.789401540e-12	2.844110464e-12	3.177111474e-12	2.349092668e-12	2.670488756e-12	2.653910294e-12	2.555494517e-12	2.749462519e-12	3.006730102e-12	2.894297989e-12	3.328729042e-12	3.171158299e-12	3.007483668e-12	3.194594216e-12	3.244932454e-12	3.329407252e-12	3.065960424e-12	2.711181344e-12	2.726478742e-12	3.209364118e-12	2.593851049e-12	3.088115278e-12	2.835369093e-12	3.458191757e-12	3.291955000e-12	3.454649995e-12	3.535356961e-12	2.965359304e-12	3.316521266e-12	3.261134133e-12	2.884426268e-12	2.688122210e-12	2.916076059e-12	3.095575585e-12	3.053149795e-12	2.932202381e-12	3.481175534e-12	2.908540395e-12	3.463692792e-12	3.117429012e-12	3.086306718e-12	3.475147002e-12	3.169349740e-12	3.170404733e-12	3.110496201e-12	2.905375415e-12	3.273266552e-12	3.588935535e-12	3.230237908e-12	3.274020119e-12	3.150585936e-12	2.984575249e-12	3.000626214e-12	3.279521154e-12	2.785106211e-12	2.950137262e-12	2.870937429e-12	2.913363220e-12	2.959858269e-12	3.069878970e-12	2.776289484e-12	2.982163836e-12	3.191730663e-12	2.906505765e-12	2.361375801e-12	2.659863469e-12	3.333250441e-12	3.176885404e-12	2.771617372e-12	3.023609990e-12	2.867998520e-12	3.079223194e-12	2.945163724e-12	3.522094191e-12	3.421794498e-12	3.428651953e-12	2.941848031e-12	2.933784870e-12	3.089622410e-12	2.925344926e-12	3.159327306e-12	3.150585936e-12	3.229408985e-12	3.443798638e-12	3.439277239e-12	3.213659447e-12	2.872444562e-12	3.149907726e-12	3.564821409e-12	3.881319314e-12	4.676181197e-12	1.079144823e-11	8.709931930e-11	7.019682402e-11	6.435547839e-11	5.886295867e-11	5.501848875e-11	5.389122871e-11	7.138534901e-11	1.148478210e-10	8.814308418e-11	7.420210501e-11	6.772052934e-11	6.317795547e-11	5.940243688e-11	5.668696021e-11	5.462354458e-11	5.246028140e-11	5.033311405e-11	4.898807330e-11	4.784423480e-11	4.654116771e-11	4.541775086e-11	4.407783437e-11	4.345847811e-11	4.233491055e-11	4.210401779e-11	4.207312157e-11	4.157282881e-11	4.154441935e-11	4.219919323e-11	4.328184214e-11	4.553410152e-11	5.403719453e-11	8.369689146e-11	1.555248100e-10	2.151243046e-10	2.117386812e-10	1.866889270e-10	1.678881225e-10	1.531721756e-10	1.416735806e-10	1.327772013e-10	1.263805526e-10	1.209323425e-10	1.156744834e-10	1.122824548e-10	1.088032385e-10	1.057029155e-10	1.025817186e-10	9.962359356e-11	9.730388999e-11	9.465231575e-11	9.260585536e-11	9.089804774e-11	8.889084816e-11	8.764279142e-11	8.632352265e-11	8.355763238e-11	8.049302838e-11	7.868763390e-11	7.601217161e-11	7.425628644e-11	7.282096844e-11	7.145445105e-11	7.475575028e-11	7.358568766e-11	7.495115006e-11	7.381688185e-11	7.294357370e-11	7.214660183e-11	7.141812915e-11	7.131496590e-11	7.057760114e-11	6.990346060e-11	6.989200639e-11	7.010993781e-11	6.943255693e-11	6.959917047e-11	7.072680730e-11	7.119748490e-11	7.193861749e-11	7.289986684e-11	7.441483682e-11	7.537231834e-11	7.696867349e-11	7.716573111e-11	7.766813386e-11	7.707364529e-11	7.840014830e-11	7.859509594e-11	7.832599736e-11	7.776745392e-11	7.645994078e-11	7.607592333e-11	7.496546782e-11	7.528339750e-11	7.515838083e-11	7.498521126e-11	7.441513825e-11	7.380927083e-11	7.376232364e-11	7.281388491e-11	7.239769017e-11	7.140720244e-11	7.078422906e-11	6.998213294e-11	6.944016795e-11	6.834229701e-11	6.768149459e-11	6.670246107e-11	6.629169201e-11	3.072591809e-12	3.077640704e-12	3.107180509e-12	3.378539784e-12	3.107406578e-12	3.677102808e-12	3.339731112e-12	3.034762774e-12	3.107557292e-12	2.905375415e-12	2.410885117e-12	2.373056081e-12	2.756998183e-12	2.491516726e-12	2.710804560e-12	3.018711808e-12	2.596036391e-12	2.660918462e-12	2.297096584e-12	2.610429510e-12	2.631529371e-12	2.720826994e-12	2.699048924e-12	2.381872809e-12	2.728287302e-12	2.407192641e-12	2.858051443e-12	2.747804673e-12	2.124982009e-12	2.819393485e-12	2.312017199e-12	2.267029283e-12	2.865436394e-12	2.278709563e-12	2.546074936e-12	2.859633932e-12	2.928359192e-12	2.489934236e-12	2.635447916e-12	2.227994541e-12	2.070725225e-12
2.495359915e-12	2.121289533e-12	2.497319187e-12	2.656170993e-12	2.249772611e-12	2.485563551e-12	2.449995215e-12	2.364239354e-12	2.431758907e-12	2.821202044e-12	2.127242708e-12	2.430176417e-12	1.976680133e-12	2.130709114e-12	2.035609029e-12	2.316915381e-12	1.993560021e-12	1.977056916e-12	2.303125115e-12	2.691136476e-12	2.384284221e-12	2.337939885e-12	1.833125726e-12	2.332212780e-12	2.667625203e-12	2.269591409e-12	1.919409083e-12	1.959649531e-12	2.157460722e-12	2.527537202e-12	2.036965448e-12	2.077808749e-12	2.128599128e-12	2.164694960e-12	2.510958740e-12	2.537408922e-12	2.579382573e-12	2.121063463e-12	2.434999243e-12	2.704173176e-12	1.888211433e-12	2.454968753e-12	2.286622010e-12	2.582472195e-12	2.314202542e-12	2.012399182e-12	2.284361311e-12	2.516987272e-12	2.545547440e-12	2.486015691e-12	2.881638073e-12	2.474260054e-12	2.386846347e-12	2.401842319e-12	2.482624642e-12	2.476897537e-12	2.618718741e-12	2.688875777e-12	2.731753707e-12	2.340200584e-12	2.446227383e-12	2.825949513e-12	2.393100949e-12	2.922782800e-12	2.753079638e-12	2.902285793e-12	2.470416865e-12	2.522940446e-12	3.161512649e-12	2.677120140e-12	2.551274545e-12	2.245552639e-12	2.367404333e-12	2.540573901e-12	2.158515715e-12	2.700706770e-12	2.920446744e-12	2.797464701e-12	2.729342295e-12	2.681641539e-12	2.445925956e-12	2.438465648e-12	2.852173625e-12	2.727458379e-12	3.336113994e-12	2.725348393e-12	3.087889208e-12	2.379310683e-12	2.249169758e-12	2.178635939e-12	2.861743919e-12	2.307345087e-12	2.652553874e-12	3.025644620e-12	3.054506214e-12	3.704381914e-12	3.578687031e-12	3.414484903e-12	4.365335039e-12	9.852052301e-12	7.037730318e-11	8.188961307e-11	7.104835410e-11	6.450378027e-11	6.065275432e-11	6.363974098e-11	1.166808714e-10	1.171284899e-10	8.825438595e-11	7.837618489e-11	7.163199131e-11	6.728135081e-11	6.350666115e-11	6.006203359e-11	5.777066411e-11	5.626029089e-11	5.439845428e-11	5.207031076e-11	5.073906029e-11	4.968504691e-11	4.817595475e-11	4.649467266e-11	4.596868329e-11	4.493998974e-11	4.496847455e-11	4.420940707e-11	4.375621221e-11	4.267371402e-11	4.242805136e-11	4.290023609e-11	4.384068701e-11	4.613695467e-11	5.347066328e-11	7.461212051e-11	1.381598510e-10	2.107237780e-10	2.148700512e-10	1.949645183e-10	1.773194587e-10	1.575953092e-10	1.442156617e-10	1.363965056e-10	1.283075727e-10	1.227032990e-10	1.186167836e-10	1.145714882e-10	1.108602488e-10	1.068857887e-10	1.047962243e-10	1.018910750e-10	9.910943518e-11	9.686350576e-11	9.523678188e-11	9.341699428e-11	9.165379952e-11	8.946702506e-11	8.707950051e-11	8.382755988e-11	8.138201071e-11	7.940924912e-11	7.678804361e-11	7.476931447e-11	7.368342523e-11	7.684976070e-11	7.796616939e-11	7.762849627e-11	7.693039231e-11	7.556809490e-11	7.486049601e-11	7.462756863e-11	7.356858171e-11	7.247591036e-11	7.264742209e-11	7.310423406e-11	7.327785577e-11	7.354574864e-11	7.403225114e-11	7.581549076e-11	7.658706744e-11	7.936968689e-11	8.067659717e-11	8.170370823e-11	8.149677888e-11	8.239970219e-11	8.213753643e-11	8.130703085e-11	8.063439744e-11	8.087237373e-11	8.219548568e-11	8.127809390e-11	8.065512052e-11	8.004005959e-11	7.996379867e-11	7.910021153e-11	7.741734695e-11	7.772337028e-11	7.704372871e-11	7.670319203e-11	7.648563740e-11	7.574307303e-11	7.526591476e-11	7.392901253e-11	7.309308128e-11	7.283701940e-11	7.213469548e-11	7.094978761e-11	6.994882530e-11	6.887416420e-11	6.859112465e-11	6.775353555e-11	6.736371563e-11	6.661135489e-11	2.607716671e-12	2.659411329e-12	2.455646963e-12	2.781639806e-12	2.635900056e-12	2.670262686e-12	2.531305034e-12	2.563406964e-12	2.502970936e-12	2.950815472e-12	2.464237621e-12	2.259493618e-12	2.450522711e-12	2.538237845e-12	2.796409708e-12	2.667474490e-12	2.943581234e-12	3.214789796e-12	2.984349179e-12	3.099720201e-12	3.165958691e-12	3.124060397e-12	3.107632648e-12	2.874780618e-12	3.166184761e-12	2.866717457e-12	2.436204949e-12	2.382626375e-12	2.761670295e-12	2.864230688e-12	2.440123494e-12	2.644490713e-12	2.044651826e-12	2.880583080e-12	2.526331495e-12	2.712160980e-12	2.486091047e-12	3.033029571e-12	2.395587718e-12
2.994070186e-12	3.097836285e-12	3.224134020e-12	3.517346723e-12	3.097534858e-12	3.152394495e-12	2.973573178e-12	3.221797964e-12	3.646583367e-12	3.601595451e-12	3.710937942e-12	3.690440934e-12	3.814930110e-12	3.761200823e-12	3.075681431e-12	3.756151928e-12	3.894129943e-12	3.566102471e-12	3.255105601e-12	3.175378272e-12	3.168897600e-12	3.720809662e-12	3.471228456e-12	3.381930833e-12	3.038832032e-12	3.089773124e-12	3.039058102e-12	2.846220450e-12	2.912157513e-12	2.674558014e-12	2.781036953e-12	3.342670022e-12	2.653985651e-12	2.945917290e-12	2.565441594e-12	2.657602770e-12	2.832806967e-12	2.902361150e-12	3.133932117e-12	2.907711471e-12	2.979300283e-12	3.053300508e-12	3.029261738e-12	3.685165969e-12	3.136418886e-12	3.042373795e-12	3.178091111e-12	2.586842881e-12	3.122025767e-12	2.988493794e-12	2.579834713e-12	2.805603219e-12	3.041997011e-12	3.384869742e-12	3.217879419e-12	3.300545657e-12	3.499261128e-12	2.798821121e-12	2.823085960e-12	3.327674049e-12	3.348095700e-12	3.245007811e-12	3.831056432e-12	3.201074887e-12	3.071687529e-12	2.954055808e-12	2.793470799e-12	2.838458715e-12	2.163112471e-12	2.968674997e-12	2.695205735e-12	3.025343193e-12	2.687971497e-12	2.997988731e-12	2.650067105e-12	2.847350799e-12	3.001153710e-12	3.555251115e-12	3.040188452e-12	3.214639083e-12	3.132274271e-12	3.175152202e-12	3.211172677e-12	3.095424872e-12	3.258572007e-12	2.558810209e-12	2.456023746e-12	3.201677740e-12	2.574785818e-12	2.815248869e-12	2.885104478e-12	2.921426381e-12	2.962420395e-12	3.198286691e-12	2.883220562e-12	3.088341348e-12	3.250659559e-12	3.676273885e-12	4.155466785e-12	5.784903502e-12	1.358100048e-11	9.547008605e-11	8.031126815e-11	7.007632874e-11	6.620096261e-11	7.970103005e-11	1.448982422e-10	1.072509670e-10	9.084379095e-11	8.236888132e-11	7.515551727e-11	7.085777714e-11	6.691293218e-11	6.464846502e-11	6.198709442e-11	5.946113971e-11	5.753698316e-11	5.588403517e-11	5.389899045e-11	5.298114652e-11	5.137815999e-11	4.998240422e-11	4.867511716e-11	4.816058199e-11	4.694877180e-11	4.629671076e-11	4.551752306e-11	4.535671198e-11	4.467669362e-11	4.471512551e-11	4.461264047e-11	4.527088076e-11	4.755358423e-11	5.344948806e-11	7.122905933e-11	1.392424999e-10	2.104411905e-10	2.169995546e-10	1.974552815e-10	1.710741261e-10	1.572478397e-10	1.450277049e-10	1.361324559e-10	1.304582513e-10	1.241550448e-10	1.194768290e-10	1.151807467e-10	1.118378506e-10	1.086496617e-10	1.054381122e-10	1.027958069e-10	1.003321721e-10	9.781473268e-11	9.600692678e-11	9.378812575e-11	9.177482229e-11	8.885603339e-11	8.603633848e-11	8.271356261e-11	8.102414201e-11	7.873691714e-11	7.658495746e-11	7.568293843e-11	8.214379103e-11	8.039958614e-11	7.921030758e-11	7.825795031e-11	7.758343299e-11	7.679286644e-11	7.638571449e-11	7.576206290e-11	7.559884041e-11	7.573531129e-11	7.604103320e-11	7.756798488e-11	7.825433320e-11	7.924218344e-11	8.147469938e-11	8.272011864e-11	8.413358322e-11	8.536958289e-11	8.582390810e-11	8.576648634e-11	8.698764076e-11	8.623852036e-11	8.685154666e-11	8.680972372e-11	8.506981416e-11	8.387676777e-11	8.477449147e-11	8.404307989e-11	8.275606376e-11	8.259148485e-11	8.225215388e-11	8.156256523e-11	8.019114966e-11	7.983418524e-11	7.904851687e-11	7.849547446e-11	7.749285431e-11	7.686973022e-11	7.634276120e-11	7.472854653e-11	7.419366507e-11	7.364966545e-11	7.259180888e-11	7.189008781e-11	7.122988825e-11	7.017112740e-11	6.978273926e-11	6.902050680e-11	6.861908196e-11	3.840325300e-12	3.429405519e-12	3.512297828e-12	3.145687754e-12	3.163773348e-12	3.245761377e-12	3.339731112e-12	3.688783088e-12	3.508454639e-12	3.090149907e-12	3.258647363e-12	3.097534858e-12	3.245233881e-12	3.493835450e-12	2.973045682e-12	3.138076733e-12	3.811086922e-12	3.097233432e-12	2.718717008e-12	3.287433601e-12	3.477633771e-12	3.515387450e-12	3.674766752e-12	2.776967694e-12	3.019013235e-12	3.199643111e-12	3.229635055e-12	3.200999531e-12	2.980882773e-12	2.726478742e-12	3.235437517e-12	3.387431868e-12	3.167390467e-12	3.098740564e-12	2.711407413e-12	3.144557404e-12	3.242445685e-12	3.151264145e-12	3.268745154e-12
3.532191982e-12	3.019088592e-12	2.741625428e-12	3.047121263e-12	2.998516228e-12	2.693773959e-12	3.001605850e-12	2.969353206e-12	3.259702356e-12	3.439126526e-12	2.679230126e-12	3.286001825e-12	2.894222632e-12	2.949006912e-12	3.023007137e-12	2.603270629e-12	2.851269345e-12	2.781790519e-12	2.508622684e-12	2.587671804e-12	2.223397786e-12	2.822332394e-12	2.982163836e-12	2.748332169e-12	2.904923276e-12	2.631303301e-12	2.809446407e-12	3.215769433e-12	2.958200423e-12	3.134384257e-12	3.112229404e-12	2.811481037e-12	3.038304536e-12	2.718415581e-12	2.913287863e-12	2.874705261e-12	2.966866437e-12	2.854811107e-12	3.012833990e-12	3.122327194e-12	2.828586995e-12	3.309588455e-12	3.629854192e-12	3.612070024e-12	3.727139620e-12	3.891567818e-12	3.399865714e-12	3.705286193e-12	3.332120091e-12	3.500391478e-12	3.313959140e-12	3.431138722e-12	3.342217882e-12	2.699124280e-12	2.860387499e-12	3.076585711e-12	2.894071919e-12	3.039208816e-12	2.451653061e-12	2.683977595e-12	2.506512698e-12	2.791511526e-12	3.136720313e-12	2.926701346e-12	2.767924897e-12	3.217954775e-12	3.059555109e-12	3.155936257e-12	3.195347782e-12	2.949534409e-12	2.933483444e-12	3.141090998e-12	3.425486973e-12	3.012683277e-12	3.054204788e-12	3.293838916e-12	3.374470525e-12	3.470248820e-12	3.415087757e-12	2.986760591e-12	3.291879643e-12	3.390973630e-12	2.907410045e-12	3.154429124e-12	3.229936482e-12	3.152545208e-12	3.292859280e-12	3.189168537e-12	3.176056481e-12	3.038379892e-12	3.328201546e-12	3.461432093e-12	3.365804511e-12	3.437242610e-12	3.168746887e-12	3.093540956e-12	3.965869469e-12	3.944995678e-12	4.615066958e-12	6.006301323e-12	1.172428812e-11	8.447871665e-11	8.085549384e-11	7.045348875e-11	6.691496681e-11	1.056244692e-10	1.323259657e-10	9.988342327e-11	8.813811064e-11	8.093250833e-11	7.566033143e-11	7.082582593e-11	6.746303568e-11	6.436783688e-11	6.278112738e-11	5.998192948e-11	5.753856565e-11	5.627611579e-11	5.527100887e-11	5.301452951e-11	5.206277510e-11	5.133309671e-11	5.001571186e-11	4.862854675e-11	4.809630278e-11	4.756842948e-11	4.653581739e-11	4.625722388e-11	4.513817771e-11	4.475408490e-11	4.557034806e-11	4.540659808e-11	4.651841000e-11	4.828296118e-11	5.378588012e-11	7.182641145e-11	1.345323329e-10	2.102707338e-10	2.222259147e-10	1.987924098e-10	1.760405057e-10	1.604991775e-10	1.476467250e-10	1.396626132e-10	1.320442826e-10	1.268317881e-10	1.217510171e-10	1.177068521e-10	1.142456461e-10	1.102867848e-10	1.075526197e-10	1.047657049e-10	1.016993677e-10	9.983828464e-11	9.770056736e-11	9.551861573e-11	9.325746426e-11	8.927109779e-11	8.765341671e-11	8.412891110e-11	8.271439154e-11	8.056589825e-11	8.622661401e-11	8.415792341e-11	8.376697314e-11	8.272516754e-11	8.161810308e-11	8.102240881e-11	8.107297311e-11	8.065210626e-11	8.059393093e-11	8.131720400e-11	8.191252149e-11	8.345122880e-11	8.419002534e-11	8.519098765e-11	8.709871645e-11	8.824466494e-11	8.948104140e-11	9.061515889e-11	8.920681857e-11	9.086481546e-11	9.097008869e-11	9.119804254e-11	9.071380074e-11	8.935986791e-11	8.858241342e-11	8.939927944e-11	8.830366919e-11	8.772123769e-11	8.794851333e-11	8.650317289e-11	8.536023867e-11	8.461458468e-11	8.343902103e-11	8.273473783e-11	8.188290632e-11	8.118894699e-11	8.067885786e-11	8.022777299e-11	7.889313147e-11	7.814092145e-11	7.616718022e-11	7.602000870e-11	7.532499437e-11	7.455944622e-11	7.405538563e-11	7.328516537e-11	7.235518902e-11	7.225059400e-11	7.124156853e-11	7.029719907e-11	2.429550957e-11	3.938967147e-12	3.685316683e-12	3.761050110e-12	3.702648711e-12	3.941303203e-12	3.822767201e-12	3.966547679e-12	3.795864880e-12	3.762783313e-12	3.308684175e-12	3.126095026e-12	3.394741463e-12	3.639876626e-12	3.397906442e-12	3.783506390e-12	3.306875616e-12	4.173024884e-12	3.634526304e-12	3.617646416e-12	3.378615141e-12	3.910934475e-12	4.193597247e-12	4.106409610e-12	4.168051345e-12	3.968205525e-12	3.660976486e-12	3.644850165e-12	4.019221973e-12	3.889457832e-12	3.484415869e-12	3.551935422e-12	3.708827956e-12	3.238903923e-12	3.838592097e-12	4.251772577e-12	3.703703704e-12	3.589010891e-12	3.942132126e-12
3.511318191e-12	3.544022975e-12	3.518778499e-12	3.381704763e-12	3.360228120e-12	2.911102520e-12	3.216372286e-12	3.187284621e-12	3.661730053e-12	3.374545882e-12	3.580495591e-12	3.711992935e-12	3.538823366e-12	3.487279422e-12	3.513428177e-12	3.840852796e-12	2.989096647e-12	3.360906329e-12	3.597450835e-12	3.058952256e-12	3.536185884e-12	3.163471922e-12	3.632943815e-12	3.347191420e-12	3.411696708e-12	3.321871588e-12	2.966188227e-12	2.887139108e-12	3.295572119e-12	3.081182466e-12	3.233930384e-12	3.447415757e-12	3.673561046e-12	3.500617548e-12	3.599334752e-12	3.851854866e-12	2.833635890e-12	3.025418550e-12	3.107255865e-12	3.049758746e-12	3.140789572e-12	3.324961210e-12	3.459246750e-12	3.957429525e-12	3.425863757e-12	3.190449600e-12	3.374922665e-12	3.145838467e-12	2.928359192e-12	3.321645518e-12	3.232197181e-12	3.365050945e-12	3.514181744e-12	3.535281604e-12	4.003698504e-12	3.419910582e-12	3.723145718e-12	3.532267338e-12	3.218030132e-12	3.280726860e-12	3.127752872e-12	3.196402775e-12	3.494212233e-12	3.407476736e-12	3.271382636e-12	3.366407364e-12	3.552764345e-12	3.145084901e-12	3.238301069e-12	3.266409098e-12	3.162040145e-12	3.316445909e-12	3.654495815e-12	3.369421630e-12	2.794676505e-12	3.071386103e-12	3.250282776e-12	3.089320984e-12	3.113133683e-12	3.316445909e-12	3.349527476e-12	3.186983195e-12	3.406572456e-12	3.457965687e-12	3.216146216e-12	3.244178888e-12	2.887817317e-12	3.424507337e-12	3.082312816e-12	3.632416318e-12	3.355932791e-12	3.460301743e-12	4.108971736e-12	3.964060909e-12	3.690290221e-12	3.546585101e-12	3.359248483e-12	4.140470813e-12	4.272118871e-12	5.246254210e-12	8.740089659e-12	1.623905539e-11	8.266058689e-11	6.945064253e-11	6.780907339e-11	1.303201226e-10	1.100485071e-10	9.116654346e-11	8.181651712e-11	7.559446973e-11	7.082951840e-11	6.747124956e-11	6.413091559e-11	6.167451506e-11	5.953687314e-11	5.715326712e-11	5.551787723e-11	5.353185288e-11	5.249893936e-11	5.106324457e-11	5.010026202e-11	4.911467247e-11	4.826856807e-11	4.743082825e-11	4.647319602e-11	4.553176546e-11	4.496832383e-11	4.477337620e-11	4.414889569e-11	4.440985574e-11	4.444180696e-11	4.405929664e-11	4.475966129e-11	4.630688390e-11	4.860089087e-11	5.717165415e-11	8.430162853e-11	1.502845844e-10	2.161795990e-10	2.203087663e-10	1.972942443e-10	1.753590556e-10	1.593232371e-10	1.464338599e-10	1.383298556e-10	1.322659065e-10	1.271075935e-10	1.222563588e-10	1.186438366e-10	1.151548993e-10	1.113069630e-10	1.088452875e-10	1.057664411e-10	1.034067985e-10	1.012405211e-10	9.915736201e-11	9.629735129e-11	9.266749710e-11	9.506572230e-11	9.302996256e-11	9.140188226e-11	8.990718322e-11	8.912596089e-11	8.803555025e-11	8.661892070e-11	8.600921009e-11	8.560959381e-11	8.506913595e-11	8.579120332e-11	8.709758610e-11	8.711619919e-11	8.768046974e-11	8.910764923e-11	9.175236601e-11	9.314646393e-11	9.509511139e-11	4.458716993e-11	3.372435896e-12	3.312225937e-12	2.766191694e-12	2.581793985e-12	2.523467943e-12	2.932880591e-12	2.833635890e-12	3.237321433e-12	2.782694799e-12	2.731376924e-12	3.022856424e-12	3.335737210e-12	2.959707556e-12	3.311472371e-12	3.234985377e-12	2.887741961e-12	2.821051331e-12	2.988795221e-12	3.170404733e-12	2.762951358e-12	2.774028785e-12	2.869957793e-12	2.974854241e-12	3.070557179e-12	2.513596223e-12	2.879528087e-12	2.767623470e-12	2.808542128e-12	3.072591809e-12	3.297832818e-12	3.262641265e-12	3.343197518e-12	3.264073042e-12	3.595114779e-12	3.443798638e-12	3.286981462e-12	3.265278748e-12	3.616063927e-12	3.504611450e-12	2.808466771e-12	2.939436619e-12	3.372059113e-12	2.942676954e-12	3.296627112e-12	3.234457881e-12	3.266333741e-12	3.891492461e-12	3.315993770e-12	3.439126526e-12	3.215241936e-12	3.155107334e-12	3.310492734e-12	3.327598693e-12	2.886310185e-12	2.852927191e-12	3.110270131e-12	3.114339390e-12	3.018787165e-12	2.700706770e-12	2.280668835e-12	2.773425932e-12	3.023760703e-12	2.650368532e-12	2.694150742e-12	2.579759356e-12	3.206349852e-12	2.854811107e-12	2.750592868e-12	3.014039696e-12	3.245384594e-12	3.393535756e-12	3.074626438e-12	3.248851000e-12	2.801307890e-12
2.768150966e-12	2.839287639e-12	3.013813626e-12	2.520830460e-12	2.860161429e-12	3.136418886e-12	2.917884618e-12	3.127752872e-12	3.208083055e-12	3.195423139e-12	2.784126575e-12	3.161286579e-12	3.061665095e-12	2.507567691e-12	3.193916006e-12	3.075681431e-12	3.268820510e-12	3.379293351e-12	2.547808139e-12	2.759258882e-12	3.294517126e-12	2.975231025e-12	2.755566407e-12	2.967017150e-12	3.010950074e-12	3.179447530e-12	2.943204451e-12	2.768150966e-12	2.794299722e-12	2.817057429e-12	2.714798462e-12	3.008387948e-12	2.844261177e-12	2.710277064e-12	2.941772675e-12	2.697240364e-12	2.336357395e-12	2.755943190e-12	2.850365065e-12	2.759409596e-12	2.793094016e-12	2.885255192e-12	2.639969315e-12	2.852475051e-12	2.961591472e-12	2.632433650e-12	2.270571045e-12	2.227467045e-12	2.307119018e-12	2.381269955e-12	2.701987833e-12	2.850440422e-12	2.499278460e-12	2.551651328e-12	2.404479802e-12	2.545622796e-12	2.931750241e-12	2.677873707e-12	2.843281541e-12	3.152545208e-12	3.071762886e-12	3.264374468e-12	3.410641715e-12	3.519607422e-12	3.156765180e-12	3.177714327e-12	3.107481935e-12	2.854358967e-12	2.668001986e-12	3.189771391e-12	3.245309237e-12	2.888118744e-12	3.185249992e-12	2.800328254e-12	2.864230688e-12	3.131596061e-12	3.147647026e-12	2.793244729e-12	3.101604117e-12	2.959406129e-12	2.853982184e-12	3.138378159e-12	2.994145542e-12	2.802965736e-12	2.993542689e-12	3.434379057e-12	3.060760816e-12	3.323906217e-12	3.570322444e-12	3.259250216e-12	3.191127810e-12	3.488937268e-12	3.250282776e-12	3.284419336e-12	3.372586609e-12	3.101001264e-12	3.323604791e-12	3.297003895e-12	3.117579725e-12	3.489916904e-12	5.361248449e-12	1.126363296e-11	7.007075235e-11	7.309737661e-11	7.783210992e-11	1.382285009e-10	1.002012022e-10	8.680934694e-11	7.843865555e-11	7.310762511e-11	6.914401634e-11	6.531529597e-11	6.361411973e-11	6.084122129e-11	5.937410278e-11	5.743442276e-11	5.512037094e-11	5.370050105e-11	5.274497880e-11	5.099256004e-11	4.966017921e-11	4.877737613e-11	4.819923995e-11	4.789397019e-11	4.695472497e-11	4.628766796e-11	4.573326913e-11	4.469598492e-11	4.467247365e-11	4.373126916e-11	4.362471487e-11	4.428988797e-11	4.419102005e-11	4.375681507e-11	4.532513754e-11	4.790723296e-11	5.474155309e-11	7.551918844e-11	1.293675392e-10	2.050055651e-10	2.255109369e-10	2.036848645e-10	1.783602846e-10	1.611755034e-10	1.498618336e-10	1.418563959e-10	1.344031716e-10	1.288358981e-10	1.238829319e-10	1.201134419e-10	1.161393585e-10	1.129623224e-10	1.102910801e-10	1.075756788e-10	1.047755766e-10	1.021731349e-10	1.001843977e-10	9.853589576e-11	9.650232136e-11	9.549224090e-11	9.394170259e-11	9.273931198e-11	9.213562990e-11	9.128025663e-11	9.015774406e-11	9.008705953e-11	8.947554036e-11	8.964094820e-11	9.065743397e-11	9.236599516e-11	9.312061660e-11	9.438713572e-11	9.530249287e-11	9.536556638e-11	9.599396544e-11	9.797509161e-11	9.732883303e-11	9.740125077e-11	9.555184801e-11	9.512932330e-11	9.517174910e-11	9.443905644e-11	9.504823956e-11	9.451072061e-11	9.289786236e-11	9.106081809e-11	9.122773305e-11	9.054454972e-11	8.927584526e-11	8.900343099e-11	8.788513839e-11	8.705493424e-11	8.595013048e-11	8.525662328e-11	8.465595547e-11	8.383773303e-11	8.243805872e-11	8.212344473e-11	8.106008713e-11	8.022204589e-11	7.939854848e-11	7.901716850e-11	7.818176475e-11	7.786556827e-11	7.741440804e-11	7.627335773e-11	7.561263068e-11	7.532770721e-11	7.457677825e-11	7.395056453e-11	7.320483518e-11	7.250409375e-11	7.203899254e-11	2.972518185e-12	3.362639532e-12	3.178769321e-12	2.924063863e-12	2.832806967e-12	2.710955274e-12	2.611183077e-12	2.835896590e-12	2.463107271e-12	2.450974851e-12	2.622637287e-12	2.936874493e-12	1.986099713e-12	2.558207356e-12	2.247059772e-12	2.229049534e-12	2.612614853e-12	2.917131052e-12	2.387223130e-12	2.006370651e-12	1.802003432e-12	2.254746150e-12	2.284285954e-12	1.920388720e-12	1.762591907e-12	2.443137760e-12	2.748633596e-12	2.685635441e-12	2.486015691e-12	2.665515217e-12	2.792943302e-12	2.477425033e-12	3.173192929e-12	2.738008309e-12	2.517966908e-12	2.928133122e-12	2.847200086e-12	3.166561544e-12
2.189185869e-12	2.649841035e-12	2.274866374e-12	2.624069063e-12	2.131311967e-12	2.428518571e-12	2.164167464e-12	2.095366847e-12	2.113829225e-12	2.497243831e-12	2.304481535e-12	2.299432640e-12	1.990847182e-12	2.203729702e-12	2.146458652e-12	2.377878906e-12	2.242312304e-12	1.969144468e-12	1.828001474e-12	2.609374517e-12	2.439671355e-12	1.777135739e-12	2.228672751e-12	2.075698763e-12	2.588123944e-12	2.494380278e-12	2.225733842e-12	2.548712419e-12	2.272002821e-12	2.419475774e-12	2.400636613e-12	2.551726684e-12	2.578930433e-12	2.307721871e-12	2.621054797e-12	2.549842768e-12	1.832748943e-12	2.272002821e-12	2.405911578e-12	2.314428612e-12	2.020462343e-12	2.484433201e-12	2.120762037e-12	2.705378882e-12	2.530099328e-12	2.441027774e-12	2.655116000e-12	1.832975012e-12	2.511410880e-12	2.607641314e-12	2.686615078e-12	2.593172839e-12	2.353463354e-12	2.806281428e-12	2.924516003e-12	2.221363156e-12	2.284135241e-12	2.435451383e-12	2.091071519e-12	2.326485675e-12	2.107649980e-12	1.872160467e-12	2.055804609e-12	1.871331544e-12	2.289334850e-12	1.978790119e-12	1.791980998e-12	1.891979265e-12	1.650385864e-12	1.882107544e-12	1.772237557e-12	1.709540829e-12	2.026340161e-12	2.096346484e-12	1.981126175e-12	2.400938040e-12	2.131613393e-12	1.945708552e-12	1.995142511e-12	2.278558849e-12	2.406363718e-12	1.924985475e-12	2.322114990e-12	2.128146988e-12	2.065827043e-12	2.282477395e-12	2.170798848e-12	2.509753034e-12	2.251279744e-12	2.270043549e-12	2.293178038e-12	2.657828839e-12	2.511863020e-12	2.830621624e-12	2.828813065e-12	3.226093293e-12	3.404914610e-12	2.636427552e-12	2.859633932e-12	3.405065323e-12	4.479048215e-12	9.487100073e-12	1.824994744e-11	7.569213194e-11	9.258626263e-11	1.246790749e-10	9.019188062e-11	8.056424041e-11	7.436706071e-11	6.919103889e-11	6.546721496e-11	6.285738830e-11	5.942798279e-11	5.733698662e-11	5.587883556e-11	5.440259890e-11	5.323939374e-11	5.172336877e-11	5.043024876e-11	4.895453960e-11	4.832169450e-11	4.714831619e-11	4.645797398e-11	4.623084905e-11	4.533470784e-11	4.512845670e-11	4.424580433e-11	4.411023773e-11	4.354393255e-11	4.312442211e-11	4.277552085e-11	4.270551452e-11	4.267996862e-11	4.314348734e-11	4.332396650e-11	4.484202610e-11	4.773805729e-11	5.595253436e-11	7.552521697e-11	1.276016316e-10	1.694320294e-10	2.263228294e-10	1.950450746e-10	1.720087745e-10	1.563943504e-10	1.457377905e-10	1.378114019e-10	1.306470197e-10	1.249499067e-10	1.204619664e-10	1.172562947e-10	1.136946383e-10	1.109196299e-10	1.076068764e-10	1.050800175e-10	1.023089276e-10	1.009669765e-10	9.877929772e-11	9.666727706e-11	9.505539844e-11	9.400485146e-11	9.294465883e-11	9.225733088e-11	9.158733496e-11	9.141891286e-11	9.264564367e-11	9.306447590e-11	9.431735546e-11	9.587203839e-11	9.674135264e-11	9.782950258e-11	9.690352013e-11	9.732137273e-11	9.677880489e-11	9.681392109e-11	9.789091824e-11	9.833680351e-11	9.719077966e-11	9.643608287e-11	9.505607665e-11	9.359988486e-11	9.396672100e-11	9.367524150e-11	9.266131785e-11	9.187444377e-11	9.038637612e-11	8.988653550e-11	8.853147233e-11	8.694242677e-11	8.640731924e-11	8.582044170e-11	8.520372292e-11	8.425204386e-11	8.342364827e-11	8.220158957e-11	8.169006867e-11	7.998399425e-11	8.014472997e-11	7.942688258e-11	7.882757119e-11	7.830625392e-11	7.780174119e-11	7.695141682e-11	7.655926084e-11	7.586281474e-11	7.527043616e-11	7.462598614e-11	7.332095977e-11	7.355848391e-11	7.280092357e-11	7.262466438e-11	7.191834655e-11	1.961834874e-12	1.861459824e-12	1.829056467e-12	1.720241473e-12	1.718809697e-12	1.314822727e-12	1.984366511e-12	1.402763931e-12	2.095969701e-12	1.608713639e-12	2.013981672e-12	2.228145254e-12	2.054372833e-12	2.636352196e-12	1.587689136e-12	1.749479851e-12	1.682939934e-12	2.323245339e-12	1.704642647e-12	1.841038173e-12	2.180595212e-12	2.140354764e-12	2.071780218e-12	2.191295855e-12	2.259493618e-12	2.344345200e-12	2.015639518e-12	1.778040019e-12	2.074342344e-12	2.113226372e-12	2.412090823e-12	2.367102906e-12	2.577121874e-12	2.984349179e-12	2.544341733e-12	2.251957954e-12	2.751798575e-12	2.096647910e-12	2.924591360e-12
1.802530928e-12	2.191672639e-12	2.666796280e-12	2.471547215e-12	2.523920083e-12	2.311037563e-12	2.148945421e-12	2.374035718e-12	1.911421279e-12	2.272454961e-12	2.346455186e-12	2.297699437e-12	2.117220274e-12	2.424524669e-12	2.309002934e-12	2.411864753e-12	2.772747722e-12	2.541478181e-12	2.804472869e-12	2.684505091e-12	2.443891327e-12	2.355573340e-12	2.645545706e-12	2.446980949e-12	2.538689985e-12	2.048193588e-12	2.365897200e-12	2.175621673e-12	2.597242098e-12	2.639592532e-12	2.479987159e-12	2.581115776e-12	2.437787438e-12	2.265597507e-12	2.250149395e-12	2.225658485e-12	2.434094963e-12	1.989566119e-12	2.051283211e-12	2.547582069e-12	2.729719078e-12	2.556248083e-12	2.421736473e-12	2.862798912e-12	2.879302017e-12	2.548260279e-12	2.472526851e-12	2.312770766e-12	2.597844951e-12	2.413597956e-12	2.283909171e-12	2.203955772e-12	2.492044222e-12	2.124605225e-12	2.320833927e-12	2.900477234e-12	2.248792975e-12	2.489029957e-12	2.267255353e-12	2.515932278e-12	2.019331993e-12	2.125735575e-12	2.522337593e-12	2.270872472e-12	2.287300220e-12	2.247662625e-12	2.116089925e-12	2.281497759e-12	2.439520641e-12	2.714647749e-12	2.547958852e-12	2.668830909e-12	2.660390965e-12	2.568983356e-12	1.996046790e-12	2.174943464e-12	2.035382959e-12	2.132894456e-12	2.659411329e-12	3.096404508e-12	2.212998569e-12	2.330328864e-12	2.374261787e-12	2.370192529e-12	2.917583192e-12	2.567702293e-12	1.918730874e-12	2.400335186e-12	2.350072305e-12	2.633639357e-12	2.481569649e-12	2.698973567e-12	3.064905431e-12	2.839212282e-12	3.091204900e-12	2.710804560e-12	3.089697767e-12	2.975080311e-12	2.942450884e-12	3.401523561e-12	4.723354456e-12	7.560079968e-12	1.609994702e-11	6.862556263e-11	1.130783717e-10	1.029964062e-10	8.473734065e-11	7.564224584e-11	6.945486250e-11	6.614753475e-11	6.213637593e-11	5.940499901e-11	5.703518326e-11	5.553294856e-11	5.415249020e-11	5.259976655e-11	5.075948194e-11	4.946621121e-11	4.901655812e-11	4.788357097e-11	4.709812867e-11	4.642918774e-11	4.522016574e-11	4.450307191e-11	4.447888243e-11	4.363586765e-11	4.310400046e-11	4.301726496e-11	4.235126294e-11	4.187161790e-11	4.182700677e-11	4.137185264e-11	4.115520228e-11	4.080328676e-11	4.096040536e-11	4.313904130e-11	4.422892444e-11	4.790022479e-11	5.753894243e-11	8.430049818e-11	1.417689822e-10	1.921702940e-10	2.169459761e-10	1.873863528e-10	1.660524347e-10	1.497642467e-10	1.412320661e-10	1.333379301e-10	1.258997772e-10	1.219012783e-10	1.170382880e-10	1.127203522e-10	1.099599630e-10	1.067816458e-10	1.042911841e-10	1.024579830e-10	1.025202276e-10	9.898637778e-11	9.776642907e-11	9.585651492e-11	9.446053309e-11	9.500882803e-11	9.413393739e-11	9.454206898e-11	9.525207928e-11	9.626886648e-11	9.696832685e-11	9.808081699e-11	9.930573924e-11	1.001839456e-10	1.004856736e-10	9.774887097e-11	9.806182711e-11	9.907318863e-11	9.785286314e-11	9.838005822e-11	9.806732815e-11	9.681791499e-11	9.619667481e-11	9.437718864e-11	9.270494935e-11	9.264210191e-11	9.144573983e-11	9.018909243e-11	8.905467351e-11	8.873907988e-11	8.813735708e-11	8.698899718e-11	8.564440857e-11	8.497840655e-11	8.431941270e-11	8.397397784e-11	8.286231663e-11	8.149843673e-11	8.009770742e-11	8.039657188e-11	7.994563772e-11	7.983403453e-11	7.818402545e-11	7.794032206e-11	7.684915785e-11	7.664448921e-11	7.582641748e-11	7.573516058e-11	7.529907168e-11	7.414197041e-11	7.283671798e-11	7.226408284e-11	7.181706722e-11	7.158760624e-11	7.158587304e-11	7.096154324e-11	7.004211683e-11	2.194310121e-12	1.898459936e-12	2.283381675e-12	2.178183799e-12	2.348489815e-12	2.225432415e-12	2.039829001e-12	2.465820110e-12	2.187151240e-12	2.092955435e-12	2.237112695e-12	2.260548611e-12	2.127091995e-12	2.291444836e-12	2.291143409e-12	2.268461059e-12	2.452105201e-12	2.403650879e-12	2.389408473e-12	2.216012835e-12	2.231913087e-12	2.088057253e-12	2.233947716e-12	2.444644893e-12	2.198906877e-12	1.940961084e-12	2.248340835e-12	1.898535293e-12	1.727852494e-12	1.847066705e-12	1.882559684e-12	1.916470174e-12	2.633940783e-12	2.448412725e-12	2.031464413e-12	2.160248918e-12	2.640044671e-12	2.503875215e-12
1.786781390e-12	1.497487233e-12	1.782184634e-12	2.113226372e-12	2.146986149e-12	1.661614004e-12	2.056407462e-12	2.318121088e-12	1.625668884e-12	2.484131775e-12	1.762516550e-12	1.996649644e-12	2.083234428e-12	2.262733954e-12	1.964623070e-12	2.276599577e-12	2.062285281e-12	2.073890204e-12	1.906673810e-12	1.998307490e-12	2.399581620e-12	2.520378320e-12	2.042089700e-12	2.904245066e-12	2.331760640e-12	2.212923212e-12	2.250902961e-12	2.566119804e-12	1.908708440e-12	2.180293785e-12	2.505909845e-12	2.230104527e-12	2.358436892e-12	2.172758121e-12	2.458058376e-12	2.345249479e-12	2.507416978e-12	2.521056530e-12	2.368760752e-12	2.490235663e-12	2.385037788e-12	2.808918911e-12	2.515856922e-12	2.640421455e-12	2.218650317e-12	2.165448527e-12	2.108704973e-12	2.282703465e-12	2.168764219e-12	2.357758682e-12	2.565592307e-12	2.483981061e-12	2.398451270e-12	2.372453228e-12	2.667399133e-12	2.616985538e-12	2.257232919e-12	2.697692504e-12	2.288204500e-12	2.391518459e-12	2.669735189e-12	2.230933450e-12	2.052338204e-12	2.074191630e-12	1.860706258e-12	2.572600475e-12	2.719998071e-12	2.291520192e-12	2.715024532e-12	2.161831408e-12	2.201996499e-12	2.146910792e-12	2.334699549e-12	1.956333839e-12	2.004788161e-12	1.959423461e-12	1.987983630e-12	2.175169534e-12	1.728832130e-12	1.990771825e-12	1.742697753e-12	2.260021115e-12	2.114206008e-12	1.905844887e-12	2.142238680e-12	2.635447916e-12	2.200037226e-12	2.618718741e-12	2.347284109e-12	2.844788674e-12	2.447809872e-12	2.621280867e-12	2.698898211e-12	2.568154433e-12	2.896483331e-12	2.609525231e-12	2.888344814e-12	2.742002211e-12	3.304313490e-12	3.214940510e-12	3.787274222e-12	5.544817234e-12	1.060094663e-11	1.933289777e-11	1.362919105e-10	9.573428644e-11	8.316931960e-11	7.616725558e-11	7.045567409e-11	6.671866275e-11	6.278218237e-11	6.036074733e-11	5.832837863e-11	5.642080054e-11	5.436228310e-11	5.267323927e-11	5.172148486e-11	5.039023438e-11	4.947939862e-11	4.817700974e-11	4.719443446e-11	4.597199898e-11	4.512167461e-11	4.490381855e-11	4.357422592e-11	4.321613114e-11	4.284658216e-11	4.255555480e-11	4.179746696e-11	4.161186355e-11	4.179520626e-11	4.100757862e-11	4.046840183e-11	4.088866583e-11	4.063742678e-11	4.099250729e-11	4.191374226e-11	4.301696353e-11	4.604162852e-11	5.199314556e-11	6.792354013e-11	1.130219295e-10	1.660017950e-10	2.124850134e-10	1.978613784e-10	1.720754652e-10	1.538944690e-10	1.435446861e-10	1.343957867e-10	1.271135466e-10	1.225725553e-10	1.174810082e-10	1.143651617e-10	1.102238620e-10	1.073989675e-10	1.056795549e-10	1.037397995e-10	1.038232947e-10	9.879369084e-11	9.783718896e-11	9.764804378e-11	9.796552132e-11	9.834072205e-11	9.984265533e-11	1.009604958e-10	9.992818512e-11	9.998854579e-11	9.926745806e-11	1.005834111e-10	1.012649366e-10	1.022883552e-10	9.981032733e-11	9.906369370e-11	9.685016763e-11	9.728919544e-11	9.702356327e-11	9.547234675e-11	9.398020984e-11	9.318693045e-11	9.178755756e-11	9.073678452e-11	8.926657639e-11	8.827488295e-11	8.708575511e-11	8.619451208e-11	8.542391503e-11	8.471895363e-11	8.294324966e-11	8.273466247e-11	8.157756120e-11	8.101984668e-11	8.018519649e-11	7.894686076e-11	7.879049572e-11	7.839645583e-11	7.717974745e-11	7.576070648e-11	7.568180808e-11	7.449064560e-11	7.463306966e-11	7.392871111e-11	7.403767681e-11	7.269949353e-11	7.262323260e-11	7.211758952e-11	7.201947517e-11	7.109025239e-11	7.083810906e-11	7.027368780e-11	6.997233658e-11	6.877725556e-11	6.869443860e-11	6.829565124e-11	1.970651601e-12	1.554758282e-12	1.619263570e-12	1.177221495e-12	1.668170032e-12	1.456568575e-12	1.622202479e-12	1.435242645e-12	1.176166502e-12	1.371716994e-12	1.990319685e-12	1.977358343e-12	2.072307714e-12	1.999437839e-12	2.312695409e-12	2.043446120e-12	1.894541391e-12	1.823178649e-12	1.542249079e-12	1.780978928e-12	1.685275990e-12	1.577515989e-12	1.752192690e-12	1.605473304e-12	1.571412101e-12	1.982105811e-12	1.934103629e-12	2.095442204e-12	2.234023073e-12	1.634636325e-12	1.579852045e-12	2.081651938e-12	2.074417700e-12	2.318874654e-12	2.070875938e-12	2.198077953e-12	2.208477170e-12	1.904865251e-12
1.725893221e-12	1.390028658e-12	1.357851371e-12	1.009100822e-12	1.598314423e-12	1.865453726e-12	1.470057414e-12	1.776306816e-12	1.557923261e-12	1.806976970e-12	2.376823913e-12	2.034101896e-12	1.758899431e-12	1.898158510e-12	1.491684771e-12	1.506605387e-12	1.279329748e-12	1.800722369e-12	1.521676715e-12	9.519804856e-13	9.944062763e-13	8.981004851e-13	1.445491148e-12	1.330421553e-12	1.298771762e-12	1.411203875e-12	1.511051429e-12	1.547222618e-12	1.544811205e-12	1.582866311e-12	1.572693164e-12	1.256647398e-12	1.420322029e-12	1.587990562e-12	1.600725835e-12	1.572919234e-12	1.410450309e-12	1.677363542e-12	1.920991573e-12	2.135984079e-12	1.384301553e-12	1.966883769e-12	1.602232968e-12	1.808031963e-12	1.546544408e-12	1.850533111e-12	1.699216969e-12	1.842469950e-12	1.542851932e-12	1.958820608e-12	1.930411153e-12	1.926191181e-12	2.219479240e-12	2.018955210e-12	1.997855350e-12	1.701854452e-12	1.749178424e-12	1.647597668e-12	1.687235263e-12	1.769374005e-12	2.154747883e-12	1.602685108e-12	1.684070284e-12	1.500124715e-12	1.803133781e-12	1.250543510e-12	1.789418872e-12	1.466214225e-12	1.726722144e-12	1.872160467e-12	2.528592195e-12	1.915189111e-12	1.603287961e-12	1.099001298e-12	1.250920293e-12	1.504269331e-12	1.456719288e-12	1.142557439e-12	1.299299259e-12	9.482126534e-13	1.406079623e-12	1.216934447e-12	1.594998730e-12	1.762215124e-12	1.717603990e-12	1.960327741e-12	1.620921416e-12	1.171192963e-12	1.405778197e-12	1.647974451e-12	1.268176965e-12	1.188298922e-12	1.508790729e-12	1.104728403e-12	1.958217755e-12	1.593491597e-12	1.208569859e-12	9.496444297e-13	1.759652998e-12	1.825665418e-12	2.567551580e-12	7.108166173e-12	1.233505373e-11	1.719050838e-11	1.245191681e-10	1.013069856e-10	8.879461773e-11	8.169293222e-11	7.596266229e-11	7.079817004e-11	6.822692598e-11	6.445909378e-11	6.171671478e-11	5.953988740e-11	5.706329129e-11	5.634702639e-11	5.354006675e-11	5.307926087e-11	5.199209057e-11	5.026333379e-11	4.895951314e-11	4.816939872e-11	4.744929063e-11	4.660702942e-11	4.537773648e-11	4.468031074e-11	4.392614145e-11	4.349917070e-11	4.299217120e-11	4.243234669e-11	4.172037711e-11	4.127675255e-11	4.055913123e-11	4.013977150e-11	3.970511438e-11	4.029515690e-11	4.008468580e-11	4.048219209e-11	4.179422663e-11	4.362810592e-11	4.826178597e-11	6.017115001e-11	8.911443132e-11	1.231647831e-10	1.812567680e-10	1.946254888e-10	1.717374906e-10	1.528482174e-10	1.405306464e-10	1.307042154e-10	1.235230286e-10	1.183515282e-10	1.130178603e-10	1.090027829e-10	1.058198690e-10	1.039455985e-10	1.025901586e-10	1.033739430e-10	1.025050056e-10	1.025502196e-10	1.046051199e-10	1.046446068e-10	1.062553550e-10	1.035012958e-10	1.029875142e-10	1.025332643e-10	1.018904721e-10	1.014071346e-10	1.008011918e-10	1.026102034e-10	1.028614425e-10	1.016590519e-10	9.821012899e-11	9.727977586e-11	9.625469943e-11	9.530415072e-11	9.283169922e-11	9.091492762e-11	8.977350053e-11	8.853878192e-11	8.747836322e-11	8.651764137e-11	8.518006093e-11	8.435061035e-11	8.266005940e-11	8.279072782e-11	8.100206251e-11	7.975385506e-11	7.934014708e-11	7.846894892e-11	7.803542214e-11	7.758365906e-11	7.638880411e-11	7.556703991e-11	7.505265546e-11	7.431498927e-11	7.403300470e-11	1.764174396e-12	1.562896800e-12	1.683316717e-12	1.464857806e-12	1.625141388e-12	1.598540493e-12	1.418965609e-12	1.317912350e-12	1.455664295e-12	1.274808349e-12	2.021969476e-12	1.240445719e-12	1.233663622e-12	1.560711457e-12	1.083327116e-12	1.308191343e-12	1.432529805e-12	1.961684161e-12	1.599595486e-12	1.651139430e-12	1.727701781e-12	1.581208464e-12	2.040883994e-12	2.293253395e-12	1.835461782e-12	1.716548997e-12	2.141259044e-12	1.924834762e-12	2.385489927e-12	1.902001699e-12	1.791604215e-12	2.208100387e-12	2.120762037e-12	2.155727519e-12	1.753323040e-12	1.839304971e-12	1.930185083e-12	2.320758570e-12	2.178711296e-12	2.221438513e-12	1.913079125e-12	2.087152973e-12	2.237790905e-12	2.209080023e-12	2.090694736e-12	2.045405392e-12	1.882785754e-12	2.045932889e-12	1.598163709e-12	1.630642423e-12	1.786781390e-12	2.028224078e-12	1.825966845e-12	1.834482145e-12
3.077263921e-12	3.017732172e-12	2.979903137e-12	2.745770043e-12	2.472752921e-12	2.266501786e-12	2.970860339e-12	2.580512923e-12	1.971631238e-12	2.267933563e-12	2.243065870e-12	2.294986598e-12	2.634995776e-12	2.409377984e-12	2.598899944e-12	2.605003832e-12	2.760690659e-12	2.342235214e-12	2.040431854e-12	2.251882597e-12	2.283683101e-12	2.525653286e-12	2.668981623e-12	2.249923325e-12	2.205613618e-12	2.176902736e-12	1.649707654e-12	2.124529869e-12	2.003959238e-12	1.870125838e-12	1.278048685e-12	1.593868381e-12	1.739231347e-12	1.720919683e-12	1.574275653e-12	1.889869279e-12	1.673143570e-12	2.181273422e-12	1.979392972e-12	2.014283098e-12	1.635992745e-12	2.191446569e-12	1.575481359e-12	2.047213952e-12	2.036965448e-12	2.108328190e-12	1.840435320e-12	2.263788947e-12	2.197249030e-12	2.124831295e-12	2.051509281e-12	1.644357332e-12	1.513914981e-12	1.507283596e-12	1.664628269e-12	2.078185533e-12	1.618133220e-12	1.376615175e-12	1.799064523e-12	1.742923823e-12	1.642850199e-12	2.027319798e-12	1.654078339e-12	2.064998120e-12	1.688893109e-12	1.851814174e-12	1.927321531e-12	2.230556667e-12	2.094010428e-12	2.202750065e-12	2.138772274e-12	1.871256188e-12	2.228069898e-12	1.893863181e-12	2.069218092e-12	1.889040356e-12	2.067258819e-12	2.075020554e-12	2.364314710e-12	2.367630403e-12	2.396718067e-12	1.554607569e-12	2.364088641e-12	2.219253170e-12	2.501991299e-12	1.958895965e-12	2.363259717e-12	1.629813500e-12	1.701628382e-12	1.586182003e-12	2.042466483e-12	2.180067715e-12	2.301090486e-12	2.360245452e-12	2.229652387e-12	2.342159857e-12	1.853019880e-12	1.827323264e-12	2.721279134e-12	3.003640479e-12	5.184687831e-12	8.580861070e-12	1.891218163e-11	2.510981347e-11	1.201465235e-10	1.162372468e-10	1.035466605e-10	9.477966848e-11	8.729863763e-11	8.207084580e-11	7.709625229e-11	7.341508022e-11	6.958960018e-11	6.798179082e-11	6.556156148e-11	6.279981583e-11	6.119012255e-11	5.916687201e-11	5.774911211e-11	5.662192743e-11	5.530861183e-11	5.348505640e-11	5.241906131e-11	5.140815193e-11	4.998119852e-11	4.872620897e-11	4.790090300e-11	4.646098824e-11	4.562761911e-11	4.515385189e-11	4.433804086e-11	4.388537350e-11	4.305976611e-11	4.284040292e-11	4.248991916e-11	4.233016308e-11	4.245578261e-11	4.256271368e-11	4.287062093e-11	4.276685483e-11	4.485302817e-11	5.015941698e-11	6.267849163e-11	9.309514605e-11	1.384933042e-10	1.851785538e-10	1.906722792e-10	1.743939630e-10	1.568713579e-10	1.419591070e-10	1.328525579e-10	1.253442480e-10	1.204964797e-10	1.158079400e-10	1.121937600e-10	1.097417302e-10	1.092987838e-10	1.091074533e-10	1.097704411e-10	1.112092255e-10	1.117577465e-10	1.135443772e-10	1.156682288e-10	1.154921203e-10	1.102966565e-10	1.093482931e-10	1.093414357e-10	1.096125689e-10	1.074943690e-10	1.083753635e-10	1.065145819e-10	1.054793323e-10	1.029625711e-10	1.016081861e-10	9.995086747e-11	9.771759796e-11	9.654143146e-11	9.435714377e-11	9.316266561e-11	9.162162223e-11	9.062081064e-11	9.004523659e-11	8.871587003e-11	8.761257341e-11	8.617883790e-11	8.529618552e-11	8.419077891e-11	8.216707623e-11	8.187665172e-11	8.162322733e-11	8.140883768e-11	7.915469438e-11	7.891928022e-11	7.851491647e-11	7.710800792e-11	7.740611881e-11	7.601307588e-11	7.485183000e-11	7.479222289e-11	7.511595504e-11	7.320385555e-11	7.238367383e-11	7.286007854e-11	7.179415881e-11	7.104579197e-11	7.072469731e-11	6.993006150e-11	6.971220544e-11	6.948764264e-11	6.833747418e-11	6.913979637e-11	6.716560301e-11	6.727080088e-11	2.315785032e-12	2.816906715e-12	2.571093342e-12	2.409302627e-12	2.277729926e-12	2.501765229e-12	2.723615190e-12	2.489934236e-12	2.339220948e-12	2.208401814e-12	2.609675944e-12	2.512013733e-12	2.357984752e-12	2.211491436e-12	1.982557951e-12	2.425052166e-12	2.560995552e-12	2.578930433e-12	2.257760416e-12	2.235906989e-12	2.093332218e-12	1.820390453e-12	2.351278011e-12	2.341858430e-12	2.109006400e-12	1.913455908e-12	2.726328029e-12	2.055578539e-12	2.109232470e-12	2.127845561e-12	2.348866598e-12	1.823932215e-12	1.586935569e-12	2.348866598e-12	2.491215299e-12	2.258589339e-12	2.671995889e-12	2.631981510e-12
2.077658036e-12	2.786236561e-12	2.719772001e-12	2.532058600e-12	2.298528360e-12	2.449467718e-12	2.319402151e-12	2.462353704e-12	2.329349228e-12	2.003582455e-12	2.794827219e-12	2.710201707e-12	2.064244553e-12	1.942317503e-12	2.591288923e-12	2.417742571e-12	2.302145479e-12	2.662048812e-12	2.277880640e-12	2.603572056e-12	2.492044222e-12	2.281799185e-12	2.375768920e-12	2.185493394e-12	2.409453340e-12	1.708033696e-12	2.553535244e-12	2.679380840e-12	2.541101398e-12	2.565592307e-12	2.585260391e-12	2.220458877e-12	1.840812103e-12	2.371850375e-12	2.006370651e-12	2.498524894e-12	2.091599015e-12	2.603044559e-12	2.161228554e-12	2.470341509e-12	1.926944748e-12	2.132366960e-12	2.039150791e-12	1.455362869e-12	1.307588489e-12	1.170137970e-12	1.740210984e-12	1.705245501e-12	1.987230063e-12	1.521149219e-12	1.117915816e-12	1.453102169e-12	1.990771825e-12	1.513764268e-12	1.675328913e-12	1.627628157e-12	1.234869328e-12	1.635992745e-12	1.918052664e-12	2.014358455e-12	2.060250651e-12	2.310962206e-12	2.100717169e-12	2.136360862e-12	1.807127684e-12	2.144574736e-12	1.934329699e-12	2.265446793e-12	2.207723604e-12	2.141409757e-12	2.621054797e-12	2.453310907e-12	2.324074262e-12	2.274263521e-12	1.990093616e-12	2.346681256e-12	1.387089749e-12	1.585277723e-12	1.956258482e-12	1.881353978e-12	2.075472693e-12	2.201242932e-12	2.025963378e-12	1.800044159e-12	2.173285618e-12	1.746842368e-12	2.166352806e-12	2.024380889e-12	2.216389618e-12	1.887382510e-12	1.865152300e-12	2.066279183e-12	2.075924833e-12	1.858973055e-12	2.127845561e-12	2.362807578e-12	2.324224976e-12	2.482699998e-12	2.728739442e-12	3.081559250e-12	3.508982135e-12	5.198628811e-12	8.677317575e-12	1.261839471e-11	1.151291274e-10	1.337845689e-10	1.170764184e-10	1.062524161e-10	9.925977168e-11	9.335806538e-11	8.841715630e-11	8.432664694e-11	8.046891425e-11	7.774130516e-11	7.531911655e-11	7.302360245e-11	7.071987449e-11	6.878501729e-11	6.702611786e-11	6.570488982e-11	6.435841730e-11	6.224285487e-11	6.115575992e-11	6.018283029e-11	5.967439901e-11	5.846816521e-11	5.738431060e-11	5.678710919e-11	5.602397246e-11	5.513514084e-11	5.401240220e-11	5.409906234e-11	5.256645891e-11	5.242576805e-11	5.195923507e-11	5.156511982e-11	5.130709867e-11	5.145170807e-11	5.127831243e-11	5.158893252e-11	5.192027568e-11	5.337277500e-11	5.594183371e-11	6.335640000e-11	8.033997904e-11	1.206717593e-10	1.771118511e-10	2.155014646e-10	2.084217078e-10	1.842696020e-10	1.670569387e-10	1.557150102e-10	1.476447658e-10	1.409283788e-10	1.362817374e-10	1.335698778e-10	1.326041071e-10	1.347795027e-10	1.340438711e-10	1.350098680e-10	1.352054184e-10	1.333242905e-10	1.320982379e-10	1.316119615e-10	1.291561638e-10	1.275411202e-10	1.266296063e-10	1.247737228e-10	1.230163305e-10	1.216217805e-10	1.189182102e-10	1.177474693e-10	1.143816648e-10	1.115437336e-10	1.093948635e-10	1.081401001e-10	1.017950706e-10	9.944560117e-11	1.015225056e-10	9.997272089e-11	9.966526579e-11	9.844011747e-11	9.828917811e-11	9.681030397e-11	9.543195559e-11	9.458321370e-11	9.376687518e-11	9.227843074e-11	9.099465495e-11	9.103451862e-11	9.006513075e-11	8.894623530e-11	8.682961787e-11	8.625321490e-11	8.628380970e-11	8.652495096e-11	8.641379991e-11	8.559602961e-11	8.426839625e-11	8.340202091e-11	8.394164984e-11	8.178418912e-11	8.255667008e-11	8.163129049e-11	8.061480472e-11	8.033500550e-11	8.026108063e-11	7.842908525e-11	7.918574132e-11	7.864573561e-11	7.846352324e-11	2.734994043e-12	3.250659559e-12	2.766342407e-12	3.657962221e-12	3.148249880e-12	2.589555720e-12	2.787140841e-12	3.296853182e-12	3.175604341e-12	2.855187890e-12	2.861819275e-12	2.849084002e-12	2.730698714e-12	2.755038910e-12	2.518268334e-12	3.087587781e-12	2.166804946e-12	2.418722208e-12	2.260171828e-12	2.519624754e-12	2.135305869e-12	2.651800308e-12	2.772069512e-12	2.851193988e-12	2.902135080e-12	2.547883496e-12	2.488427103e-12	2.130784470e-12	1.893411041e-12	2.673955161e-12	2.212395716e-12	2.427538935e-12	2.632132224e-12	2.423017536e-12	2.614121986e-12	2.543060670e-12	2.505834488e-12	2.198379380e-12	2.193104415e-12	2.448940222e-12
